Odiya,Kannada
ପରିତ୍ୟାଗ ଅଙ୍ଗ |,ಸ್ಥಗಿತಗೊಂಡ ಅಂಗ
ପରିତ୍ୟାଗ,ಸ್ಥಗಿತಗೊಂಡ ಬೀಜ
ଗର୍ଭପାତ,ಗರ್ಭಪಾತ
ସଂପୂର୍ଣ୍ଣ ତୃଣ,ಸಂಪೂರ್ಣ ಕಳೆ
ଅବଶୋଷିତ କେସନ,ಹೀರಿಕೊಳ್ಳುವ ಕ್ಯಾಷನ್
ଶୋଷଣ,ಹೀರುವಿಕೆ
Abayssinian mystard |,ಪ್ರಪಾತದ ಸಾಸಿವೆ
ଅରିକାଇଡ୍ |,ಉಜ್ಜೆ
ଉଚ୍ଚାରଣ,ಉಪನಾಮದ
ଉଚ୍ଚାରଣ (ସେଲ୍),ಎದ್ದು ಕಾಣುವುದು (ಕೋಶ)
ଗ୍ରହଣ କରାଯାଇଥିବା ସହନଶୀଳତା |,ಅಂಗೀಕರಿಸಿದ ಸಹಿಷ್ಣುತೆ
ଆନୁଷଙ୍ଗିକ,ಪರಿಕರ
ସୁକମ୍ଲାଇଜେସନ୍,ಒಗ್ಗೂಡಿಸುವಿಕೆ
ଜମା,ಸಂಗ್ರಹಣೆ
ସଠିକତା,ನಿಖರತೆ
Acervulus,ಕಸಚೂಕು
ଯୁକ୍ତିଯୁକ୍ତିକ,ಸಮಗ್ರೀಕರಣ
ଅମ୍ଳଗତ,ಆಮ್ಲೀಕರಣ
ଏସିଡିମିଟର,ಆಚಿಮೀಟರ್ ಚೀಟಿ
ଅମ୍ଳତା,ಅಚ್ಚುಕಟ್ಟಾಗಿತ್ವ
ଏସିଡୋଫିଲିକ୍ |,ಸಿಹಿನೀರಿನ
ACIDUCED ROX FHSHATE |,ಆಮ್ಲೀಯ
ଅସିଡିଆରି |,ಸಂಚೇಮದ
ଜଳଜଳ |,ಜಲಚರಗಳು
ଅଧିଗ୍ରହଣ,ಸ್ವಾಧೀನಪಡಿಸಿಕೊಳ್ಳುವುದು
ଏକର,ಎಕರೆ
ଏକରାଗେଜ୍,ಎಕರೆ
ଆକ୍ରୋଣ୍ଟ୍ରିକ୍ କ୍ରୋମୋଜୋମ୍ |,ಅಕ್ರೊಸೆಂಟ್ರಿಕ್ ವರ್ಣತಂತು
ଆଖୋପ୍ଟାଲ୍ |,ಖುಷಿಯ
ଆନୋକୋମ୍,ಸುಣ್ಣ
ଆକ୍ଟିନୋମିସେସିସ୍ |,ಅಂಧ
ସକ୍ରିୟ ମୂଳ କ୍ଷେତ୍ର,ಸಕ್ರಿಯ ಮೂಲ ವಲಯ
ତୀବ୍ର,ತೀವ್ರ
ଅନୁକେତ,ಹೊಂದಿಕೊಳ್ಳುವಿಕೆ
ଆଡାପ୍ଟେସନ୍,ರೂಪಾಂತರ
ଆଡେସନ୍,ಅಂಟಿಕೊಳ್ಳುವಿಕೆ
ଆଦିବ,ಅಡಿ
ଆଡଜଷ୍ଟମେଣ୍ଟ ସମୀକରଣ |,ಹೊಂದಾಣಿಕೆ ಸಮೀಕರಣ
ଆଡୋବ ମାଟି |,ಮಣ್ಣು
ବ୍ୟଭିଚାର,ವ್ಯಭಿಚಾರಮಾಡುವ
ବିଶ୍ୱସ୍ତତା,ಸಾಹಸದ
Aechidispor,ಅಕ್ಸಿಯೊಸ್ಪೋರ್
ଏଓଲ୍ସିଆସ୍ ପ୍ରକ୍ରିୟା |,ಅಯೋಲಿಯನ್ ಪ್ರಕ್ರಿಯೆ
ଆଦାମୀ,ಅಯೋಲಿಯನ್
ଆରେଟ୍,ಗಾಳಿಗೊಡ್ಡು
ବାୟୁ,ವೈಮಾನಿಕ
ଏରୋମିଟର |,ವಾಯುಮಾಪಕ
ଏରୋସୋଲ୍ |,ವಾಯುಪಾವತಿ
ବାୟେ,ಅಸ್ವಸ್ಥತೆ
ଆୟନୋଜି (ଇଟିଓଲୋଜି),ಏಟಿಯಾಲಜಿ (ಎಟಿಯಾಲಜಿ)
ଆଗ ଶତ୍ରୁମାନଙ୍କର,ಸಂಯಮ
ଆଗ୍ରିଲେସନ୍,ಆಂದೋಲನ
Awarmark,ಅಣಕೇಡು
କୃଷି,ಕೃಷಿ
କୃଷି କ୍ଲିନିକ୍ |,ಕೃಷಿ ಚಿಕಿತ್ಸಾಲಯ
କୃଷି ଶ୍ରମ,ಕೃಷಿ ದುಡಿಮೆ
କୃଷି ମାର୍କେଟିଂ |,ಕೃಷಿ ಮಾರಾಟ
କୃଷି ପ୍ରଯୁକ୍ତିବିଦ୍ୟା |,ಕೃಷಿ ತಂತ್ರಜ್ಞಾನ
କୃଷି,ಕೃಷಿ
ଯୁକ୍ତିଯୁକ୍ତ,ಕೃಪಣಸಾಮರಿ
Agrobizioditicity |,ಕೃಷಿ -ವೈವಿಧ್ಯತೆ
Agrobiofogic ତ୍ରୁଟିଗୁଡିକ |,ಕೃಷಿ ಜೀವವಿಜ್ಞಾನದ ದೋಷಗಳು
Agrobiogioly |,ಕೃಷಿ ಜೀವವಿಜ್ಞಾನ
ଭୟଙ୍କର ବିବିଧତା |,ಕೃಷಿ -ವೈವಿಧ್ಯತೆ
ଭୟଙ୍କର ଜୋନିଂ |,ಕೃಷಿ ವಲಯ
Agroftry,ಕೃಚಾರಕ
ସହଯୋଗୀ,ಕೃಷಿ ಶಾಸ್ತ್ರ
କିରେନୋନୋମ୍ବନ,ಕೃಷಿ ವಿಜ್ಞಾನ
Agronastoal,ಅಬ್ವಿಶರ
ସହପ୍ରଗୋକ୍ତ,ಕೃಷಿಪ್ರೊಸೆಸಿಂಗ್
ଦୁର୍ଗସ୍,Agrostology
Agrotype,ಕೃಪೆ
ବାୟୁ ପ୍ଲାଣ୍ଟ |,ಗಾಳಿ ಸಸ್ಯ
ଆକିଓଚି ମାଟି |,ಅಕೋಚಿ ಮಣ್ಣು
ଆଲବିନିମ୍,ಆಲ್ಬೋ
Altfisolles,ಆಲ್ಫಿಸೋಲ್ಸ್
ଆଲିଜି |,ಪಾಚಿ
Alegal ରୋଗ,ಪಾಚಿಯ ಕಾಯಿಲೆ
ଆଲକାଲି ପାଣି |,ಕ್ಷಾರ ನೀರು
କ୍ଷାରିକ |,ಕ್ಷಾರೀಯ
ଆହେଲେ |,ಇಳಿಜಾರು
ଆଲଲେଇଚିକ୍,ಆಲಿನೋಕೆಮಿಕಲ್ಸ್
ଆଲୋଲେମୋର୍ଫେଫେଫେଫ |,ಅನನುಕಣ
ଆଲୋଲୋପାଥି |,ಅಲಲೋಪತಿ
ଆଲି କ୍ରପ୍ କରିବା |,ಅಲ್ಲೆ ಕ್ರಾಪಿಂಗ್
Alloarcy,ನಿಯೋಜಕ
ଆଲଗଲାମି |,ಅಲೋಗಮಿ
Allomitry,ಮಾಪಕ
ଆଲୋପୋଲିଆପ୍ଲଏଡ୍ |,ಸೂತ್ರ
Allosynapp ଗୁଡିକ (ଆଲିଷ୍ଟିଣ୍ଡେସ୍),ಅಲೋಸೈನಾಪ್ಸಿಸ್ (ಅಲೋಸಿಂಡೆಸಿಸ್)
ବିକଳ୍ପ ନୋଟିଂ |,ಪರ್ಯಾಯ ಬೇರಿಂಗ್
ବିକଳ୍ପ ଭୂମି ବ୍ୟବହାର |,ಪರ್ಯಾಯ ಭೂ ಬಳಕೆ
ପରିବେଶ,ಸುತ್ತುವರಿಯುವ
ଅମୃତାରା,ಅಚಲ
ଅମିତୋସାଇସ୍ |,ಅಮೀಟಾಸಿ
ଅମୃତନ,ಕಸಚುಗಾರ
ଆମୋନିଫିକେଟ୍,ಅಮೋನೀಕರಣ
ଆମୋନିଫାୟର୍,ಅಮೋನಿಗೆ ಮಾಡುವವ
ଅମୋରଫ,ಅಬ್ಬರಿಸು
ଆମ୍ଫିମିକ୍ସିସ୍ |,ಉಭಯಮತ್ರ
ଆମ୍ଫୋଷ୍ଟିକ୍ |,ಉದ್ದವಾದ
ଆନାବୋଲିଜିମ୍ |,ಅನಾಬಾಲಿಸಂ
ଆନାରୋବେ |,ಬಯೆರೋಲೆ
ଆନୁପ୍ଲଏଡ୍ |,ಅನೆಲಾಯ್ಡ್
କୋଣ ବୃକ୍ଷ,ಕೋನ ನೆಡುವುದು
ପଶୁ କୁମ୍ଭାରୀ,ಪಶುಸಂಗೋಪನೆ
ପଶୁ ମନା କରେ |,ಪ್ರಾಣಿಗಳ ನಿರಾಕರಣೆ
ଆନିମେଟ୍ ଶକ୍ତିମାନ |,ಅನಿಮೇಟ್ ಎನರ್ಜಿ
Aningoploid,ಹದಮೆರಗಿ
ବାର୍ଷିକ ଉଦ୍ଭିଦ |,ವಾರ್ಷಿಕ ಸಸ್ಯ
ବାର୍ଷିକ,ವಾರ್ಷಿಕ
ଆନେସିଟି,ಸ ೦ ಗೀತ
ଆନ୍ଥ୍ରାକ୍ସ |,ಆಂಥ್ರಾಕ್ಸ್
ଆନ୍ଥ୍ରୋପେନିକ୍ କାରକ |,ಮಾನವಜನ್ಯದ ಅಂಶ
ଆଣ୍ଟିବାସିସ୍,ಪ್ರತಿಜೀವಕ
ଆଣ୍ଟିବାୟୋଟିକ୍ |,ಪ್ರತಿಜೀವಕ
ପ୍ରତିକାର,ಪ್ರತಿವಿಷ
ଆଣ୍ଟିଅକ୍ସିଡାଣ୍ଟ |,ಆವರಣಕಾರಕ
ଆଣ୍ଟିଟୋକ୍ସିନ୍ |,ಪ್ರತಿಚರಣ
ବ୍ରହ୍ମାଣ୍ଡ,ಉಚ್ಚಾರಣಾ
ଆପିଡ୍ |,ಮುನಸು
ଆପିକାଲ୍ ଗୁଣ୍ଡ |,ಸುಲಿಯ ಮೊಗ್ಗು
ଆପିକାଲ୍ ପ୍ରାଧାନ୍ୟ |,ಅಪಿಕಲ್ ಪ್ರಾಬಲ್ಯ
ଆପିକାଲ୍ଟର୍ (ମହୁମାଛି ରଖିବା),ಅಪಿಕಲ್ಚರ್ (ಬೀ ಕೀಪಿಂಗ್)
ଆପୋମିକ୍ସସ୍ |,ತಿಕ್ಕಲು
ଆପୋଟୋଏସ୍,ಅಪಶೂನ್ಯತೆ
ଅନୁକ୍ରମଣିକା,ಅನುಬಂಧ
ଭୋକକାରୀ,ಜೀರ್ಣಕಾರಕವಾಗಿ
ପ୍ରୟୋଗ କରାଯାଏ |,ಅನ್ವಯಿಕ
ଜଳୀୟ ତୃଣ,ಜಲಚರಗಳು
ଅର୍ବ୍ରାଲ୍ |,ಆಕ್ಷರ
ସ୍ଥାପନ |,ಗುಂಡಿನ ಕವಚ
ପ୍ରତ୍ନତାତ୍ତ-ବଟାନିକାଲ୍ ରେକର୍ଡଗୁଡିକ |,ಪುರಾತತ್ವ-ಬೊಟಾನಿಕಲ್ ದಾಖಲೆಗಳು
କ୍ଷେତ୍ର ପରିସଂଖ୍ୟାନ,ಪ್ರದೇಶದ ಅಂಕಿಅಂಶಗಳು
କ୍ଷେତ୍ର,ಪ್ರದೇಶ
ARID ECOSYSem |,ಶುಷ್ಕ ಪರಿಸರ ವ್ಯವಸ್ಥೆ
ଅରିଲ୍,ಹದಮೆರಗಿ
ସୁଗନ୍ଧ,ಸುವಾಸನೆ
ସୁଗନ୍ଧିତ ଉଦ୍ଭିଦ |,ಆರ್ಯ ಸಸ್ಯ
ସୁଗନ୍ଧିତ ଚାଉଳ |,ಆರೊಮ್ಯಾಟಿಕ್ ಅಕ್ಕಿ
ତୀର,ಬಾಣ
ଆସେସିସ୍,ಕಸ ರೋಗಿಗಳು
ଅଭିଯୁକ୍ତ,ಅಸೆಪ್ಟ್
ଶ୍ୱେକାର ପ୍ରଚାର,ಅಲೈಂಗಿಕ ಪ್ರಸಾರ
ଆମ୍ପେ,ಪರಾಕ್ರಮ
ସମ୍ପତ୍ତି,ಸ್ವಸಮಾನಗಳು
ଆସିମେଇର |,ಏಕೀಕರಣ
ସଙ୍ଗଠନ,ಸಂಘ
Astringent,ತಗ್ಗು
ଆସନାପାସୀ |,ಕಸ ರೋಗ
ସଂଲଗ୍ନବାଦ,ಅಟಾವ್ ವಾದ
ପରମାଣିଜର,ವ್ಯಭಿಚಾರಿ
ଆଟ୍ରୋଫି |,ಕ್ಷೀಣತೆ
ଅଟୋଗାମି |,ಸ್ವಯಂಚಾಲಿತ
ଅଟଲିସିସ୍ |,ಆಟೊಲಿಸಿಸ್
AroutDation,ದಾಟುವಿಕೆ
ଅଟୋପୋଲାପ୍ଲୋଡ୍ |,ಸ್ವಯಂಚಾಲನ ಫಲಕ
Auxins,ಸಮಶೀತ
Awn (ବ୍ରଷ୍ଟଲ୍),AWN (ಬಿರುಗೂದಲುಗಳು)
ବାଦାମ |,ಬಾದು
ଆଲୋ,ಅಡೆ
ଅମରାନ୍ତିନ |,ಹುಳಿ
ଆମି,ಅಮ್ಮ
ଅଜାନର ଘାସ |,ಅಂಜಾನ್ ಹುಲ್ಲು
ଆଠର୍ିୟମ୍ |,ಆಧಿವಾತ
"ଆଲୋଲା, ଭାରତୀୟ ଗୋଲାକାର |","ಅಯಾನ್ಲಾ, ಭಾರತೀಯ ಗೂಸ್ಬೆರ್ರಿ"
ଆପଲ୍,ಸೇಬು
ଆପ୍ରିକେଟ୍ |,ಏಪ್ರಲಿ
ଆର୍ବିଆନ୍ ଜସ୍ମିନ୍ |,ಆರ್ಬಿಯಾನ್ ಜಾಸ್ಮಿನ್
Areca but,ಅರೆನಗವ
ଅର୍ଜନୁନ୍,ಹಳ್ಳ
ଆସଫୋଏଡା,ಅಸ್ಫೊಟಿಡಾ
ପାଉଁଶ ଗୁଣ୍ଡ |,ಬೂದಿ ಸೋರೆಕಾಯಿ
ଅଶୋକା ଗଛ |,ಅಶೋಕ ಮರ
ଅଶମ୍ମା ତୃଣକ (ଇଫୋରିୟା),ಆಶ್ಥಮಾ ವೀಡ್ (ಯುಫೋರ್ಬಿಯಾ)
ଅସରପା,ಶತಾವರಿ
ଆଭୋକାଡୋ |,ಆವಕಾಡು
ଆଲଫାଲଫା (ଲୁସେର୍ନ),ಅಲ್ಫಾಲ್ಫಾ (ಲುಸೆರ್ನ್)
ପିମ୍ପୁଡ଼ି,ಇರುವೆಗಳು
ଆପିଡସ୍ |,ಗಿಡಹೇನುಗಳು
ସେନା ପୋକ,ಸೈನ್ಯದ ಹುಳು
କୃଷି ଅର୍ଥନୀତିଜ୍ଞ,ಕೃಷಿ ಅರ್ಥಶಾಸ್ತ್ರಜ್ಞ
କୃଷି ବିସ୍ତାରବାଦୀ |,ಕೃಷಿ ವಿಸ್ತರಣಾವಾದಿ
କୃଷି ବ scientist ଜ୍ଞାନିକ |,ಕೃಷಿ ವಿಜ್ಞಾನಿ
କୃଷି ଅଞ୍ଜିନକାରୀ |,ಕೃಷಿ ಎಂಜಿನಿಯರ್
Agrobiooglist,ಕೃಷಿ ವಿಜ್ಞಾನಿ
ସହଯୋଗୀ,ಕೃಷಿವಾದಿ
Agropsicsicst,ಕೃಷಿ ಭೌತ
ପଶୁ ପ୍ରଜନକ |,ಪ್ರಾಣಿ ತಳಿಗಾರ
ବାକିଲସ୍ ଭାଇରସ୍ |,ಬ್ಯಾಸಿಲಸ್ ವೈರಸ್
ବାଣ୍ଡିଲସ୍ |,ಗಾಡಿ
ଜୀବାଣୁ,ಬ್ಯಾಕ್ಟೀರಿಯಾ
ବିରାଇଓଟୋକ୍ସିନ୍ |,ಬ್ಯಾಕ್ಟೀರಿಯೊಕ್ಸಿನ್
ବାଗାସେସ୍ |,ಬಜಾಸ್ಸೆ
ତୂଳନା ପତ୍ର,ಸಮತೋಲನ
ସନ୍ତୁଳିତ ଫର୍ଟିଲାଇଜେସନ୍ |,ಸಮತೋಲನೀಕರಣ
ବାର୍ ଚିତ୍ର |,ಗಿರಣಿ ರೇಖೆ
ଭୁକିବା |,ತೊಗಟೆ
ବାରୋମିଟର |,ಮಾಪಕ
ବନ୍ଧ୍ୟା,ಬಂಜೆ
ଆଧାର,ಬೇನೆ
ବାସନ,ಜಲಾನಯನ ಪ್ರದೇಶ
ପରଫିପାଲ୍ |,ಸ್ವಲ್ಪ
ଆଧାର ତୁଲମ୍ |,ಬಾಸದ
ବାଇ ମ so ସୁମୀ |,ಕೊಂಬೆ ಮಾನ್ಸುನ್
ଉଦ୍ଭିଦ ବହନ,ಹೊಳಪಿನ
ଶଯ୍ୟା,ಹಾಸಿಗೆ
ଶଯ୍ୟା,ದಟ್ಟಕಾರ
ଶଯ୍ୟା,ಹಾಸಿಗೆ
ବିଟ୍ ଗୁଣ୍ଡ |,ಬೀಟ್ ಮೊಲಾಸಸ್
ଘଣ୍ଟି,ಬೆನ್ನೆಲುಬು
ବେଲ୍ଟ,ಪಟ್ಟಿಗೆ
ଲାଭ-ମୂଲ୍ୟ ବିଶ୍ଳେଷଣ |,ಲಾಭ-ವೆಚ್ಚ ವಿಶ್ಲೇಷಣೆ
ପକ୍ଷପାତ (ନମୁନା),ಪಕ್ಷಪಾತ (ಮಾದರಿ)
ବିଏନୋନିଆଲ୍,ದ್ವೈವಾರ್ಷಿಕ
Binomial,ದ್ವಿಪದೀಯ
ବାୟୋଲାଇଜେଣ୍ଟ |,ಜೈವಿಕ ವ್ಯಾಪ್ತಿಯ
ବାୟୋସେଡିକ୍ |,ಜೈ ಜೈವಿಕ ಗ್ರಂಥಾಲಯ
ବାୟୋହୀ,ಜೈವಿಕ ಕರ್ತವ್ಯ
ବାୟୋନୋମିକ୍ସ |,ಜೈವಿಕಶಾಸ್ತ್ರ
ବାୟୋରାକ୍ଟର,ಜೈವಿಕ ರಿಯಾಯಿತಿ
ବାୟୋସଫିର୍,ಜೀವಗೋಳ
ବାୟୋଟିକ୍ |,ಜೈವಿಕ
ବାୟୋଟାଇପ୍ |,ಬಯೋಟೈತನ
ବିସେକ୍ସୁଆଲ୍,ದ್ವಿಲಿಂಗಿ
ଖାଲି,ಚಿರತೆ
ବିସ୍ଫୋରଣ,ಹರಡು
ମିଶ୍ରଣ,ಮಿಶ್ರಣ
ଶୁକ୍ର,ಗದ್ದಲ
ଫୁଲା,ಗುಳ್ಳೆ
ବ୍ଲୁ ବିପ୍ଳବ,ನೀಲಿ ಕ್ರಾಂತಿ
ତଳ ଉତ୍ତାପ ଚାମ୍ବର |,ಕೆಳಗಿನ ಶಾಖ ಕೊಠಡಿ
ତଳ ଉତ୍ତାପ ଟେକ୍ନିକ୍ |,ಕೆಳಗಿನ ಶಾಖ ತಂತ್ರ
ଶାଖା,ಹೊಟ್ಟು
ଶାଖା,ಕವಲೊಡೆ
ଶାଖା,ಸಣ್ಣ ಕೊಂಬೆ
ପ୍ରଜାତି,ತಳಿ
ପ୍ରଜନନ,ತಳಿ
ଉଜ୍ଜ୍ୱଳ,ಕಂಗುರು
Etod,ಸಂಸಾರ
ବଡିଙ୍ଗ,ಮೊಳಕೆಯ
ବଜେଟ୍,ಬಜೆ
ବଫର୍,ಬಫಲು
ବଲ୍ବ,ಬಟಗು
ବଣ୍ଟନ,ಚೂರುಚೂರಾಗಿ
ଉତ୍ପାଦ ଦ୍ୱାରା,ಉಪ-ಉತ್ಪನ್ನ
ବାବୁଲ ଆକାସିଆ |,ಬಾಬುಲ್ ಅಕೇಶಿಯ
ଶିଶୁ ମକା |,ಬೇಬಿ ಕಾರ್ನ್
ବାଥ୍,ಬುದ್ದಿ
ବିଲ୍,ಬಾಯಿ
ବାଲସାମ,ಕಸಕ
ବାଉଁଶ,ಬಿದಿರು
କଦଳୀ,ಬಾಳೆಹಣ್ಣು
ବାନିଆନ୍ ଗଛ |,ಆಲದ ಮರ
ବାର୍ଲି,ಬಾರ್ಲಿ
ବରଗାର୍ଡ ମିଲେଟ୍ |,ಬಾರ್ನ್ಯಾರ್ಡ್ ರಾಗಿ
ବେସନ,ತುಳಸಿ
ବଷ୍ଟାର୍ଡ ​​ଏରସ,ಬಾಸ್ಟರ್ಡ್ ಸೀಡರ್
ବଷ୍ଟାର୍ଡ ​​ମିରୋବଲାନ୍ |,ಬಾಸ್ಟರ್ಡ್ ಮೈರೋಬಾಲನ್
ବାହୁଏସିଆ,ಮಾಟ
ଦୁ very ଖଦ,ಕೊಲ್ಲಿ ಬೆರ್ರಿ
ବିନ୍,ಹುರುಳಿ
ବିଲାତି,ಬೀಟ್
ବେଲାଣ୍ଡୋନା,ಬೆಲ್ಲ
ହେ,ಗಡಿ
Berseim,ಗಡಿ
Beelt,ಬಿಲ್ಲೆ
ବିଲିମ୍ବି,ಬಿಲಿಂಬಿ
ତିକ୍ତ ଗୁଣ୍ଡ |,ಹಾಗಲಕಾಯಿ
କଳା ଗ୍ରାମ,ಕಪ್ಪು ಗ್ರಾಂ
କଳା ନାଇଟ୍ଶେଡ୍ |,ಕಪ್ಪು ನೈಟ್ಶೇಡ್
ବଗିନିଭିଆ |,ಬಾಗ್‌ನ್ವಿಲ್ಲಾ
ବୋତଲ ବ୍ରଶ |,ಬಾಟಲಿ ಕುಂಚ
ବୋତଲ ଗୋବଲଙ୍କ |,ಬಾಟಲಿ ಸೋರೆ
ବାକ୍ସ ଗଛ,ಬಾಕ್ಸ್ ಮರ
ରୁଟି ଫଳ,ಬ್ರೆಡ್ ಹಣ್ಣು
Bridal creper,ವಧುವಿನ
ବ୍ରିନଜାଲ୍ |,ಬಿಲ್ಲಾ
ବ୍ରଡ୍ ବିନ୍ |,ವಿಶಾಲ ಹುರುಳಿ
ବ୍ରୋକୋଲି,ಕೋಸುಗಡ್ಡೆ
ବ୍ରସେଲର ସ୍ପ୍ରୁଟ୍ |,ಬ್ರಸೆಲ್ ಮೊಳಕೆ
ବାଲକ୍ୟୁଟ,ಒಂದು ಬಗೆಯ ಉಣ್ಣೆಯೆಟ್
ବଟି,ದೆವ್ವ
ବ୍ୟାଣ୍ଡିକୋଟ୍ |,ದಳ
ଭାଲୁ,ಕರಾರು
ପୋକ,ಜೀರುಂಡೆ
ବ୍ଲିଷ୍ଟର ବିଟଲ୍ |,ಗುಳ್ಳೆ ಜೀರುಂಡೆ
ନୀଳ ଷଣ୍। |,ನೀಲಿ ಬುಲ್
ବୋଲ୍ ପୋକ,ಬಾಲ್ ಹುಳು
ପ୍ରଜାପତି,ಚಿಟ್ಟೆ
ଜୀବାଣୁ ବିଶେଷଜ୍ଞ |,ಬ್ಯಾಕ್ಟೀರಿಯವಿಜ್ಞಾನಿ
ବାୟୋକେମିଷ୍ଟ |,ಜೈವಿಕ ರಸಾಯನಶಾಸ್ತ್ರಜ್ಞ
ଜୀବବିଜ୍ଞାନୀ |,ಜೀವಶಾಸ್ತ್ರಜ್ಞ
ବାୟୋଟଚନୋଲୋଜିଷ୍ଟ,ಜೈವಿಕ ತಂತ್ರಜ್ಞಾನಶಾಸ್ತ್ರಜ್ಞ
ଉଦ୍ଭିଦଦାତା,ಸಸ್ಯಶಾಸ್ತ್ರಜ್ಞ
C ଆର୍ଦ୍ରତା ଚରିତ୍ରିକ ବକ୍ର |,ಸಿ ತೇವಾಂಶ ವಿಶಿಷ್ಟ ವಕ್ರರೇಖೆ
ପିଠା,ಕೇಕು
ସହଭାଗୀ,ಕ್ಯಾಲ್ಕೇರಿಯ
କାଲସିଫିକେସନ୍ |,ಲೆಕ್ಕಪರಿಶೋಧನೆ
ଫସଫେଟର କାଲକେଣ୍ଟ |,ಫಾಸ್ಫೇಟ್ನ ಲೆಕ್ಕಾಚಾರ
ଚତୁରତା,ಗಲಾಟೆ
କୁଲସ୍,ನಮ್ಮನ್ನು ಕರೆ ಮಾಡಿ
କାଲିକ୍ସ,ಕಣಿವೆ
କାଲିକ୍ସ-ଏଣ୍ଡ |,ಕ್ಯಾಲಿಕ್ಸ್ ಅಂತ್ಯ
କାମ୍ବିୟମ୍,ಕ್ಯಾಂಬಿಯಂ
କାକର,ಗೋಪುರ
କ୍ୟାନିଂ,ಡಬ್ಬಿ
ଛାତ,ಮೇಲಾವರಣ
ପୁଞ୍ଜି,ಬಂಡವಾಳ
କାଗଶ,ರಭಸ
Capsule,ಬಿರಡೆ
କାର୍ବନ୍ରେଟେଡ୍ |,ಇಂಗಾಲದ
କାର୍ବୋନିଅନାଇଜେସନ୍ |,ಇಂಗಾಲೀಕರಣ
କାର୍ପେଲ,ಗಡಿ
କାର୍ପସ୍ |,ಗಾಡಿ
କାଷ୍ଟିଂ,ಬಿಂಚು
କାଟାବୋଲିଜିମ୍ |,ಕಟಾಬೋಲಿಸಂ
କାଟାଲିସିସ୍ |,ವೇಗವರ್ಧನೆ
କୀଟପତଙ୍ଗ,ಮರಿಹುಳು
C- DNA ଲାଇବ୍ରେରୀ |,ಸಿ-ಡಿಎನ್‌ಎ ಗ್ರಂಥಾಲಯ
ଛାତ,ಚಾವಣಿಯ
କକ୍ଷ,ಕೋಶ
କେନ୍ଦ୍ରୀୟ ନେତା ବ୍ୟବସ୍ଥା |,ಕೇಂದ್ರ ನಾಯಕ ವ್ಯವಸ್ಥೆ
ସେଣ୍ଟ୍ରିକ୍ |,ಕೇಂದ್ರೀಯ
ଶତକଡ଼ା,ಕೇಂದ್ರೀಕರಣ
ସେଣ୍ଟ୍ରିଫେଜ୍ |,ಕೇಂದ್ರಾಪಗಾಮಿ
ସେଣ୍ଟ୍ରିଓନ୍ |,ಕೇಂದ್ರ
ସେଣ୍ଟ୍ରୋଜେନିକ୍ |,ಮಧ್ಯಭಾಗದ
ସେଣ୍ଟ୍ରୋଜେନସ୍ |,ಮಧ್ಯಮ ಜನಕ
କୀପତି,ಸರ್ಕಸ್
ଶସ୍ୟ,ಏಕದಳ
ପ୍ରମାଣପତ୍ର,ಪ್ರಮಾಣೀಕರಣ
ସାର୍ଟିଫାଏଡ୍ ବିହନ |,ಬೀಜ
ଚାଉଳ,ಚಾವಟಿ
ଚେଲାଜା |,ದನಗಳು
କେମୋଟ୍ରୋପିମ୍ |,ರಾಸಾಯನಿಕತೆ
ଚିୟମା,ಚಿರತೆ
ଥଣ୍ଡା ଘଣ୍ଟା |,ತಣ್ಣಗಾಗುವ ಸಮಯ
ଚିଲିଂ ଆଘାତ |,ತಣ್ಣಗಾಗುವುದು
ଚିମେରା |,ಚಿಮಿಯ
ଚୋରାନେଣ୍ଟି |,ಕ್ಲೋರಾಂಥಿ
କ୍ଲୋରୋଫିଲେଲ୍ |,ಚೂರು
ଚୋରୋରୋସାଇସ୍,ಕ್ಲೋರೋಸಿಸ್
ଚୋରୋରୋଲୋଜି |,ಕ್ಲೋರಸ್ ಶಾಸ್ತ್ರ
କ୍ରୋମାମାସିଡ୍ |,ವರ್ಣರಂಜಿತ
ଚ୍ରୋମାଟିନ୍ |,ಕ್ರೊಮ್ಯಾಟಿನ್
ଚ୍ରୋମାଟୋଗ୍ରାଫି,ವರ್ಣರೇಖನ
ଚୋରମାଟୋଲିଆସିସ୍,ವರ್ಣರಂಗೀಕರಣ
କ୍ରୋମେଣ୍ଟ୍ରେ |,ವರ್ಣಚಿತ್ರ
ଚେରମୋଲେନ୍ସେସ୍,ವರ್ಣಗುವನ
କ୍ରୋମ୍ରୋପ୍ରୋଇଟେନ୍ |,ವರ್ಣರಂಜಿತ
କ୍ରୋମୋଜୋମ୍,ವರ್ಣತಂತು
କ୍ରନିକ୍,ದೀರ್ಘಕಾಲದ
କୃଷି,ನಲಿದ
କ୍ଲାନ୍ତ,ಕ್ಲಾಡೋಡ್
ବର୍ଗୀକରଣ,ವರ್ಗೀಕರಣ
ମାଟି,ಮಣ್ಣಿನ
ସଫା କରିବା,ಸ್ವಚ್ aning ಗೊಳಿಸುವುದು
କ୍ଲିସିଷ୍ଟଗାମି |,ಕ್ಲಿಸ್ಟೊಗಮಿ
ଜଳମୟ ଫଳ |,ಕ್ಲೈಮ್ಯಾಕ್ಟರಿಕ್ ಹಣ್ಣು
ଜଳବାୟୁ,ವಶ
କମ୍ପନୋଲୋଜି,ಹವಾಮಾನಶಾಸ್ತ್ರ
କ୍ଲିପର୍,ಹಸುರು
କ୍ଲାନ୍ତ,ಹೆಪ್ಪುಗಟ್ಟಿಸು
କ୍ଲୋନ,ತದ್ರೂಪಿ
ମେଘ,ಮೋಡ
Ump ୁଲା |,ಕಡು
କ୍ଲଷ୍ଟର,ಚೂರು
କଠିନ,ಒರಟಾದ
କୋଟ୍ (ବିହନ),ಕೋಟ್ (ಬೀಜ)
ନଡିଆ,ಕೋಕೂನ್
ସହଯୋଗୀ,ಒಂದು ಬಗೆಯ ಉಣ್ಣೆಯಂಥ
ଘନିଷ୍ଠ,ಒಗ್ಗಟ್ಟು
କୋର,ಗುಣ
କୁଲେରରିଜା,ಕೋಲೀರರಿ iz ಾ
କଲର,ಕತ್ತುಪಟ್ಟಿ
କୋଲଏଡ୍ (ମାଟି),ಕೊಲಾಯ್ಡ್ (ಮಣ್ಣು)
କୋନିଲେଲା,ಕೊಲ್ಯುಮೆಲ್ಲಾ
ସ୍ତମ୍ଭ,ಕಾಲಮ್
ପ୍ରଶଂସା,ಆರಂಭದ ಆರಂಭ
ବାଣିଜ୍ୟିକ ବ୍ୟାଙ୍କ,ವಾಣಿಜ್ಯ ಬ್ಯಾಂಕ್
ଦ୍ରବ୍ୟ,ಸರಕು
ସମ୍ପ୍ରଦାୟ,ಸಮುದಾಯ
ସଙ୍କୋଚନ (ମାଟିର),ಸಂಕೋಚನ (ಮಣ್ಣಿನ)
ସୁସଙ୍ଗତତା,ಹೊಂದಿಕೊಳ್ಳುವಿಕೆ
ସୁସଙ୍ଗତତା,ಹೊಂದಿಕೊಳ್ಳುವಿಕೆ
କ୍ଷତିପୂରଣ,ಪರಿಹಾರ
ପ୍ରତିଯୋଗିତାମୂଳକ ପାରସ୍ପରିକ କ୍ରିୟା |,ಸ್ಪರ್ಧಾತ್ಮಕ ಸಂವಹನ
ସମ୍ପୃକ୍ତ ଫସଲ,ಪೂರಕ ಬೆಳೆ
ଜଟିଳ,ಸಂಕೀರ್ಣ
ଉପାଦାନ,ಅಂಶ
ରଚନା,ಸಂಯೋಜನೆ
କମ୍ପୋଷ୍ଟ,ಕಾಂಪೋಸ್ಟ್
ଯ ound ଗିକ ଆଗ୍ରହ |,ಚಕ್ರಬಡ್ಡಿ
ଗଣନା,ಗಣನೆ
କମ୍ପ୍ୟୁଟର,ಕಂಪ್ಯೂಟರ್
ଏକାଗ୍ରତା,ಏಕಾಗ್ರತೆ
କଣ୍ଡିସନର,ಷರತ್ತು
ଆଚରଣ,ಹೋರಾಡುವಿಕೆ
ବିନ୍ୟାସ,ಸಂರಚನೆ
ଅନୁକୂଳ,ಅನುರೂಪತೆ
ଦ୍ୱନ୍ଦ୍ୱ,ಗೊಂದಲಕ್ಕೊಳಗಾಗುವ
ମିଳିତତା,ಸಂಯೋಗ
ସଂଯୋଗ,ಸಂಯೋಜಕ
ସଂରକ୍ଷଣ,ಸಂರಕ್ಷಣಾ
ସଂସ୍ଥାଗୁଡ଼ିକ,ಬಲವರ್ಧನೆ
ନିରନ୍ତର,ಸಂಕುಚಿತತೆಗಳು
ଗ୍ରାହକ,ಗ್ರಾಹಕ
ବ୍ୟବହାର,ಸೇವನೆ
ପ୍ରଦୂଷଣ,ಮಾಲಿನ್ಯ
ବିଷୟବସ୍ତୁ ବୃକ୍ଷ,ಬಾಹ್ಯರೇಖೆ ನೆಡುವಿಕೆ
ବିଷୟବସ୍ତୁ,ಬಾಹ್ಯರೇಖೆ
ଚୁକ୍ତିନାମା ଚାଷ,ಒಪ್ಪಂದದ ಕೃಷಿ
ନିୟନ୍ତ୍ରିତ ଷ୍ଟୋରେଜ୍ |,ನಿಯಂತ್ರಿತ ಸಂಗ್ರಹಣೆ
ସହ-ଅପରେଟିଭ୍ ବ୍ୟାଙ୍କ |,ಸಹಕಾರ ಬ್ಯಾಂಕ್
ସହଯୋଗ,ಸಹಕಾರ
ସହଯୋଗୀ,ತಗ್ಗಿಸು
କରମ୍,ಗಂಡಿ
କରୋଲଲା,ಹುಲ್ಲುಗಾವಲು
କର୍ଟେକ୍ସ,ಕಂದುಬಣ್ಣ
ମୂଲ୍ୟ,ಬೆಲೆ
କୋଟିଲିଡନ୍ (ବିହନ),ಕೋಟಿಲೆಡಾನ್ (ಬೀಜ)
କ୍ରେଡିଟ୍ ସମାଜ |,ಕ್ರೆಡಿಟ್ ಸೊಸೈಟಿ
କ୍ରେଡିଟ୍,ಮನ್ನಣೆ
କ୍ରେସର୍ମର,ಸಾಲದಾತ
କ୍ରେଷ୍ଟଷ୍ଟ,ಕ್ರೆಸ್ಟ್
ଚୂର୍ଣ୍ଣ କରନ୍ତୁ |,ಸುಕ್ಕುಗಟ್ಟುವುದು
ସଙ୍କଟ,ಬಿಕ್ಕಟ್ಟು
ମାନଦଣ୍ଡ,ಮಾನದಂಡ
ଗୁରୁତର,ನಿರ್ಣಾಯಕ
କ୍ରପ୍ ବୀମା |,ಬೆಳೆ ವಿಮೆ
ଫସଲ loan ଣ,ಬೆಳೆ ಸಾಲ
ଫସଲ,ಬೆಳೆ
କ୍ରପ୍ ଏରିଆ |,ಬೆಳೆ ಪ್ರದೇಶ
କ୍ରସ୍-ଅସଙ୍ଗତ |,ಶಿಲುಬೆಯಿಲ್ಲದ
ମୁକୁଟ (ଉଦ୍ଭିଦ),ಕಿರೀಟ (ಸಸ್ಯ)
ଖଣ୍ଡ,ತುಂಡು
ଭୂତଳ,ಪಟ್ಟು
କ୍ରିପ୍ଟୋଗାମ୍ |,ಪಡಗಳ್ಳ
CULE (ଫଳ),ಕಲ್ (ಹಣ್ಣುಗಳು)
କୁଲମ୍,ಕಸ
ଚାଷ ଜ,ತಳಿ
ଚାଷ,ಕೃಷಿ
ପତ୍ରିକା,ಕೃಷಿ
ସଂସ୍କୃତି,ಸಂಸ್ಕೃತಿ
କ୍ୟୁସିଂ,ನಿರಾಸಕ್ತಿ
କୁଞ୍ଚଳ,ಕನ್ನಡಿ
ମୁଦ୍ରା |,ಕರೆನ್ಸಿ
କୁମଲେ,ಹೊರಚರ್ಮ
କାଟିବା,ಕತ್ತರಿಸುವುದು
Cyst,ಸಿಸ್ಟ್
ସାଇଟୋଚ୍ରୋମ୍ |,ಸೈಟೋಕ್ರೋಮ್
ସାଇଟୋଗାମି |,ಸೈಟೊಗಮಿ
ସାଇଟୋଜେନେସୀ |,ಸೈಟೊಜೆನಿಸ್
ସାଇଟୋଜେନେଟିକ୍ସ,ಸೈಟೊಜೆನೆಟಿಕ್ಸ್
ସାଇଟୋୋକାଇନ୍ସିସ୍,ಸೈಟೊಕಿನಿಸ್
ସାଇଟୋଲୋଜି,ಸೈದ್ಧಾಂತಿಕ ವಿಜ್ಞಾನ
CYTOYLISISISTS,ಸೈಟೊಲಿಸಿಸ್
ସାଇଟୋମେରେ,ಸೈಟೊಮಿಯರ್
ସାଇଟୋପ୍ଲାଜମ୍,ಸೈಟೋಪ್ಲಾಸಂ
ବନ୍ଧାକୋବି,ಎಲೆಕೋಸು
କାକଟସ୍ |,ಕಳ್ಳಿ
କ୍ୟାଲେଣ୍ଡୋୁଲା |,ಕ್ಯಾಲೆರುಲಾ
କାନାରି ଘାସ (ଫାର୍ଲିସ୍),ಕ್ಯಾನರಿ ಹುಲ್ಲು (ಫಲಾರಿಸ್)
କାନନା |,ಚಾಚು
କ୍ୟାପିଟିସ୍,ಗಾಡಿ
Capsicum,ದೊಣ್ಣೆ ಮೆಣಸಿನ ಕಾಯಿ
କାରାମୋବୋଲା |,ಹಳ್ಳಿಯ
କାରାସା |,ಗಡ
କାର୍ଡାମୋମ |,ಏಲಕ್ಕಿ
କାର୍ନେସନ୍ |,ಕುರಚನೆ
ଗାଜର,ಗಡಿ
କାଜୁ ବାଦାମ |,ಗೋಡಂಬಿ ಕಾಯಿ
କ୍ୟାସିୟା,ಕಸ
କାଷ୍ଟର |,ಕಾಸ್ಟಾರಿ
ଫୁଲକୋବି |,ಹೂಕೋಸು
ସେଲରି,ಕೋಲಾಹಲ
ଚମ୍ପାକ୍,ಚಕ್ಷಾಕ್
ଚେନୋପୋଡିୟମ୍,ಚೆನೊಪೋಡಿಯಂ
ଚେରି ଟମାଟୋ |,ಚೆರ್ರಿ ಟೊಮೆಟೊ
ଚେରି,ಚೆರ್ರಿ
"ଛେନା, ଗ୍ରାମ |","ಕಡಲೆ, ಗ್ರಾಂ"
ଚିଲିସ,ಚಿಲ್ಲರೆ
ଚୀନ୍ ଟର୍ପେଣ୍ଟାଇନ୍ ଗଛ |,ಚೀನಾ ಟರ್ಪಂಟೈನ್ ಮರ
ଚୋ-ଚାଉ,ಚೌ ಚೌ
ChrysSanthemumum,ಕ್ರೈಸಾಂಥೆಮಮ್
"ଚୁଫା, ପୃଥିବୀ ବାଦାମ |","ಚುಫಾ, ಭೂಮಿಯ ಬಾದಾಮಿ"
ସୋହୋରୀ,ನಾಚಿಕೆಗೇಡಿನ
ଚିନାବାଦାମ |,ದಾಲ್ಚಿನ್ನಿ
ଆରଟନ୍ |,ಸಿಟ್ರಾನ್
ସାଇଟ୍ରନେଲିଲା ଘାସ |,ಸಿಟ್ರೊನೆಲ್ಲಾ ಹುಲ್ಲು
ଜସ୍ମିନ୍ ଚ cl େ |,ಜಾಸ್ಮಿನ್
ଲବଙ୍ଗ,ಲವಂಗ
କ୍ଲଷ୍ଟର ବିନ୍ |,ಚೂರು ಹುರುಳಿ
କୋକୋ,ಕೋಕಾ
ନଡ଼ିଆ |,ತೆಂಗಿನ ಕಾಯಿ
କଫି,ಕಾಫಿ
କୋଲସ,ಕೊಲಿಯಸ್
କୋଲୋସିସିଆ,ಕೊಲೊಕಾಸಿಯಾ
"ଉପନିବେଶ, ତିକ୍ତ ଆପଲ୍ |","ಕೊಲೊಸಿಂತ್, ಕಹಿ ಸೇಬು"
ସାଧାରଣ ପର୍ସଲେନ |,ಸಾಮಾನ್ಯ ಪರ್ಸ್ಲೇನ್
ଧନିଆ,ಕೊತ್ತದ
କପା,ಹತ್ತಿ
ଗା cow ାସ,ಹಸುರು
କ୍ୟୁବ୍,ಘನ
କାକୁଡି,ಸೌತೆಕಾಯಿ
କ୍ୟୁକୁଭର୍ଟସ୍ |,ಕಸಾಯಿಟಿಗಳು
ଜିର୍ତିକ |,ಜೀರಿಗೆ
ତରକାରୀ ପତ୍ର |,ಕರಿ ಎಲೆ
କଷ୍ଟାର୍ଡ ​​ଆପଲ୍ |,ಸೀತಾಫಲ
କ୍ୟାପସୁଲ୍ ବୋରର୍ |,ಕ್ಯಾಪ್ಸುಲ್ ಕೊಳೆತ
କ୍ୟାଟପିଲର୍,ಕ್ಯಾಟರ್ಪಣಿ
ସାଇଟ୍ରସ୍ ସିଲେଲା |,ಸಿಟ್ರಸ್ ಸೈಲಾ
କ୍ରିକେଟ୍,ಕ್ರಿಕೆಟ
କାଉ,ಕಾಗೆ
କଟା ପୋକ,ಕತ್ತರಿಸಿದ ಹುಳು
ଦୁଗ୍ଧ,ಡೈರಿ
ଦୁର୍ଗର,ಹೈನುಗಾರಿಕೆ
ବନ୍ଧ,ಅಣೆಕಟ್ಟು
ଦିନ-ନିରପେକ୍ଷ |,ಹದಿಮಾರದ
ଫୁଲର ଦିନ ପରେ |,ಹೂಬಿಡುವ ದಿನಗಳ ನಂತರ
ପୂର୍ଣ୍ଣ ଫୁଲ ପରେ ଦିନ |,ಪೂರ್ಣ ಹೂವಿನ ನಂತರ ದಿನಗಳ ನಂತರ
Deblossome,ಸ ೦ ಗೀತ
ହ୍ରାସ,ಕ್ಯಾಲ್ಸಿಫಿಕೇಶನ್
କ୍ଷୟ,ಕುಶಲ
କ୍ଷୟ,ಕೊಳೆ
ନିର୍ଣ୍ଣୟ,ಪತನಶೀಲ
ଦଶମିକ,ದಶಮಾನ
ଅଭାବ |,ಕೊರತೆ
ଡିଫ୍ଲୋକେସନ୍ (ମାଟି),ಡಿಫ್ಲೋಕ್ಯುಲೇಷನ್ (ಮಣ್ಣು)
ପରିଶୋଧନ,ವಿಲೋಮೀಕರಣ
ଗଭୀରତା,ವಿರೂಪಗೊಳಿಸುವಿಕೆ
ଜଙ୍ଗଲ |,ಅರಣ್ಯ ಪರೀಕ್ಷೆ
ଅବଶ୍ୟ ନିରନ୍ତର,ಅವನತಿ
ଭିକେସନ୍,ಅವನತಿ
ଡିଗ୍ରୀ ଦିନ,ಪದವಿ ದಿನಗಳು
ଡିଗ୍ରୀ,ಪದ
ଡିଫିସେନ୍ସ |,ಬಿರಡೆ
ଦେହୁଙ୍ଗିଂ,ಕಂಠಪಾಯೀಯ
ଦେହକ୍କକ୍ କରିବା,ಕಂಠಪಾಯ
ଡିହାଇଡିଂ,ನಿರ್ಜಲೀಕರಣ
ଘୋଡେନକର୍,ನಿರ್ಜಲೀಕರಣಕಾರ
ଚାହିଦା,ಬೇಡಿಕೆ
ନିନ୍ଦା,ಅನುಗ್ರಹಿಸುವ
ନିନ୍ଦା,ಕೈಬಿಡುವುದು
ଜମା,ಠೇವಣಿ
ଚିହ୍ନ,ಶೇಖರಣೆ
ଅବନତି କରାଲିନାଇଜେସନ୍ |,ಸವಕಳಿ ಡಸಲೀಕರಣ
ମାନସ,ನಿರ್ದಯತೆ
ଡିଜାଇନ୍,ವಿನ್ಯಾಸ
ଡେସିକର୍ତ୍ତା,ಸೊಬಗು
ଆକ୍ରମଣ,ಹಣೆ ಹಾಕುವುದು
ନିଷ୍କ୍ରିୟ |,ಹದಗೆಟ್ಟ
Desynapp ଗୁଡିକ,ಒಂದು ಬಗೆಯ ಉಳ್ಳ
ଡିଟସେଲ |,ಬಂಧಿಸು
ଡିଟସେସିଂ |,ಬಂಧಿಸುವ
ନିର୍ଣ୍ଣୟ,ನಿರ್ಣಾಯಕ
ମୂଲ୍ୟ ହ୍ରାସ,ಅಪಮೌಲ್ಯೀಕರಣ
ବିଘ୍ନନା,ವಾಗ್ದಾನ
ବ୍ୟତିକ୍ରମ,ವಿಚಲನ
Digd,ಭಗ್ನಾವಸ್ಥೆ
ନିରାକରଣ,ರೋಗನರಣೆ
ଡିକୋଗାମି |,ದ್ವಂದ್ವ
ଡିକଟୋଟୋମି |,ದ್ವಂದ್ವಾರ್ಥತೆ
ଡିକୋଟିଡିନ୍ (ବିହନ),ಡೈಕೋಟೈಲೆಡಾನ್ (ಬೀಜ)
ବ୍ୟାକ୍ ବ୍ୟାକ୍ (ରୋଗ),ಡೈ ಬ್ಯಾಕ್ (ರೋಗ)
ପରିଭାଷାନ,ಪ್ರಸರಣ
ହଜମ୍ବତି |,ಜೀರ್ಣವಾಗುವಿಕೆ
ଡିହାଇବଏଡ୍,ಹಿಂಸಾತ್ಮಕ
ଡିକି (DYKE),ಡೈಕ್ (ಡೈಕ್)
ମିଶ୍ରିତ,ತನೂಸಿಗೊಳಿಸು
ଡାଇଓକାରୀ,ದೈವಭಕ್ತ
ଡିପ୍ଲାଇଡ୍,ಪದಗಳ
ଡିପ୍ଲାଇଡ୍,ಪದಗಳ
ଡିପ୍ଲୋନେମା,ರಾಜಗೀತೆ
ଅଦୃଶ୍ୟତା,ಮೊಂಡುತನ
ଡିସ୍କ,ಪಳಗಾಗಿಸುವುದು
ରିହାତି,ರಿಯಾಯಿತಿ
ଅସଂଗୁକ୍ଷା,ಸೋಂಕುಗಳೆತ
ବିଚ୍ଛେଦ,ಪ್ರಸರಣ
ବିସ୍ତାର,ಪ್ರಸಾರ
ବିବିଧତା,ವೈವಿಧ್ಯೀಕರಣ
ବିବିଧ ଚାଷ,ವೈವಿಧ್ಯಮಯ ಕೃಷಿ
DNA ସିଡ଼ି |,ಡಿಎನ್‌ಎ
DNA RESPTOTER |,ಡಿಎನ್‌ಎ ಗ್ರಾಹಕ
ଡୋଗେଜ,ಗಲಾಟೆ
ପ୍ରାଧାନ୍ୟ,ಪ್ರಬಲ
Gormancy,ಸುಸ್ತಾಗುವಿಕೆ
ମାତ୍ରା,ಪ್ರಮಾಣ
ଡବଲ୍ ସିଗମାଇଡ୍ ବକ୍ର |,ಡಬಲ್ ಸಿಗ್ಮೋಯಿಡ್ ಕರ್ವ್
ଡ୍ରାଫ୍ଟ (ଡ୍ରାଫ୍ଟ),ಕರಡು (ಕರಡು)
ନାଳି,ಹರಿಸುತ್ತವೆ
ଜଳ ନିଷ୍କାସନ,ಚರಂಡ
ଡ୍ର,ಸೆರೆ
ଶୁଖିବା,ತೇವಗೊಳಿಸುವಿಕೆ
ପୋଷାକ (ବିହନ),ಡ್ರೆಸ್ಸಿಂಗ್ (ಬೀಜ)
ଡ୍ରିଲ୍ (n।),ಡ್ರಿಲ್ (ಎನ್.)
ଡ୍ରିଲିଂ (ଏଜେ। Engg),ಕೊರೆಯುವ (ಎಜಿ. ಎಂಜಿನ್)
ଡ୍ରିଲିଂ (ଆଗ୍ରୋନ୍ରୋଣ),ಕೊರೆಯುವಿಕೆ (ಕೃಷಿ ವಿಜ್ಞಾನ)
ଜଳସେଚନ,ಹನಿ ನೀರಾವರಿ
ଡ୍ରାଏଲାଣ୍ଡ ଫାର୍ମିଂ |,ಒಣಭೂಮಿ ಕೃಷಿ
ଧୂଳି,ಧೂಳು
ଡଷ୍ଟର୍,ಡಸ್ಟರ್
ଧୂଳି,ಧೂಳು
ବଧୂ |,ಕುಬ್ಜ
ବଧୂ ପିରାମିଡ୍ |,ಕುಬ್ಜ ಪಿರಮಿಡ್
ବଧୂ |,ಕುಬ್ಜ
Daissy,ಜಿಗಿಯದ
ତାରିଖ,ದಿನಾಂಕಗಳು
ଦିନ ଜସ୍ମିନ୍ |,ಹಗಲಿನ ಮಲ್ಲಿಗೆ
ଡିଲ୍,ಸಬ್ಬರ್
ଦିନନାଥ ଘାସ |,ದನಾಣ ಹುಲ್ಲು
ଚାଳକ,ಗಡೀಪಾರು
"ଡୋବ ଘାସ, ବରମୁଣ୍ଡା ଘାସ |","ಡೂಬ್ ಹುಲ್ಲು, ಬರ್ಮುಡಾ ಹುಲ್ಲು"
ଡଣ୍ଠି,ಜಿಗಿ
ଶୁଖିଲା ଅଦା,ಒಣ ಶುಂಠಿ
ଡିଫୋଲିଂ ପୋକ,ಜೀರುಂಡೆ
ଡ୍ରୋନ୍,ಡ್ರೋನ್
ବତକ,ಬಾತುಕೋಳಿ
ପରିବେଶ,ಪರಿಸರ ವಿಜ್ಞಾನ
ଇକୋନୋମଟ୍ରିକ୍ସ |,ಅರ್ಥಮಾಪಕ
ଅର୍ଥନ aff ତିକ ଦକ୍ଷତା |,ಆರ್ಥಿಕತೆ
ଇକୋଟେପ୍ |,ಜೀವರ ರೂಪ
Ectorrophic,ಮೇಲ್ನೋಟದ
ଏଡଫାଲିକ୍ |,ಎದೆಗುಂದಿದ
ଏଡିବାଫୋଲୋଜି,ಹದುದೋಲನಶಾಸ್ತ್ರ
Eding,ಅಂಚು
ସମ୍ପୁର୍ଣ୍ଣ ଅଂଶ,ಖಾದ್ಯ ಭಾಗ
ଚାହିଦା ଚାହିଦା |,ಬೇಡಿಕೆಯ ಸ್ಥಿತಿಸ್ಥಾಪಕತ್ವ
ଉତ୍ପାଦନର ଇଲଷ୍ଟିକ୍ |,ಉತ್ಪಾದನೆಯ ಸ್ಥಿತಿಸ್ಥಾಪಕತ್ವ
ଇଲେକ୍ଟ୍ରୋଲାଇସିସ୍,ವಿದ್ಯುದ್ವಿಚ್ysisೇದನ
ଇଲେକ୍ଟ୍ରୋଫୋରସସ୍,ವಿದ್ಯುನ್ಮವತೆ
ବିଲିୟନଟେସନ୍,ಎಲುಮೆ
ଇମାସକୋଲେଟର |,ಇಂಗಲ
ଜବରଦଖଲ,ಕಳೆಯುವುದು
ଭ୍ରୁଣ,ಭ್ರೂಣ
ଭ୍ରୁଣବିଶ୍ୱାସ,ಭ್ರೂಣಶಾಸ್ತ್ರ
ଉଦତର |,ಹೊರಹೊಮ್ಮುವಿಕೆ
ଏମୁଲେସିଫାୟର୍ |,ಎಮಲ್ ಆಗಿಸುವಿಕೆ
ଇବଗେନୋଜ,ಅಂತರ್ವರ್ಧಕ
ଏଣ୍ଡୋରିଟୋସିସ୍ |,ಎಂಡೋಮಿತಾಪರಿ
ଏଣ୍ଡୋ ପଯାତ୍ରାଟ୍ |,ಎಂಡೋಪರಾಸೈಟ್
ଏଣ୍ଡୋରମ୍,ಎಂಡೋಸ್ಪರೆ
ଉଦ୍ୟମ୍,ಉದ್ಯಮ
ପ୍ରବେଶ,ಕೀಟಶಾಸ್ತ್ರ
ପରିବେଶ,ವಾತಾವರಣ
ଏନଜାଇମ୍,ಕಿಣ್ವ
ଏପିକୋଟିସ୍ ଗ୍ରାଫ୍ଟିଙ୍ଗ୍ |,ಮಹಾಕಾವ್ಯ ಕಸಿ ಮಾಡುವಿಕೆ
EpipheeTee,ವಿಪತ್ತಿನ
ଇକ୍ୱିଟି |,ಸಮಾನತೆ
ବିଲାତି,ನಿರ್ಮೂಲನೆ
ଅତ୍ୟାବଶ୍ୟକ ପୁଷ୍ଟିକର |,ಅಗತ್ಯ ಪೋಷಕಾಂಶಗಳು
ଆକଳନ,ಅಂದಾಜು
ଇଥିଓପିଏମ |,ವಿವರ್ಣೀಕರಣ
ଇଉଜେନିକ୍,ಸುಳ್ಳೆ
ମୂଲ୍ୟାଙ୍କନ,ಮೌಲ್ಯಮಾಪನ
Evaporimer,ಆವಿಯಾಗುವಿಕೆ
ବାଷ୍ପ-ଟ୍ରାନ୍ସପେରେସନ୍ |,ಕಂದವ್ಯ-ಹರಡುವಿಕೆ
ଚିର ସବୁଜ ବିପ୍ଳବ |,ನಿತ್ಯಹರಿದ್ವರ್ಣ ಕ್ರಾಂತಿ
ଚିର ସବୁଜ |,ನಿತ್ಯಹರಿದ್ವರ್ಣದ
ବିବର୍ତ୍ତନ,ವಿಕಸನ
ଏକ୍ସ,ಅಚ್ಚಿಕೆ
ନିଷ୍କାସନ (ପ୍ରଜନନ),ಬಳಲಿಕೆ (ಫಲವತ್ತತೆ)
ଶୋଷଣ,ಶೋಷಣೆ
ଅନୁସନ୍ଧାନ,ಪರಿಶೋಧನೆ
ବହିଷ୍କାର,ಹೊರಹಾಕುವುದು
ଆଖି (ସାଲେଡେନ୍ / ଆଳୁ),ಕಣ್ಣು (ಸಕ್ಕರೆಕೇನ್/ಆಲೂಗಡ್ಡೆ)
ଖାଇବା ପାଇନ୍,ಖಾದ್ಯ ಪೈನ್
"ହାତୀ ପାଦ, ୟାମ","ಆನೆ ಕಾಲು, ಯಾಮ್"
ଇଉକ୍ଲିପଟସ୍,ನೀಲಗಿರುವ
ପୃଥିବୀ କୀଟ,ಎರೆಹುಳು
Entomologist-,ಕೀಟಶಾಸ್ತ್ರಜ್ಞ
ପରିବେଶଗତବାଦୀ,ಪರಿಸರವಾದಿ
କାରକ,ಅಂಶ
କାରକ ଉତ୍ପାଦନ,ಅಂಶ ಉತ್ಪಾದಕತೆ
ଭାସ୍ଟାଉଣ୍ଡ,ಅಂಶ
ଫ୍ୟାକ୍ଟୋରିଆଲ୍ ବ୍ଲକ୍ ଡିଜାଇନ୍ |,ಅಪವರ್ತನೀಯ ಬ್ಲಾಕ್ ವಿನ್ಯಾಸ
ଅଧ୍ୟାପକ,ಬೋಧನಕಾರಿ
ପତଳା |,ಪಾಳುಕಾಯಿ
ପରିବାର,ಕುಟುಂಬ
ଫାର୍ମ ମୂଲ୍ୟାଙ୍କନ |,ಕೃಷಿ ಮೌಲ್ಯಮಾಪನ
ଫାର୍ମ ବଜେଟ୍,ಕೃಷಿ ಬಜೆಟ್
ଚାଷ ବ୍ୟବସାୟ,ಕೃಷಿ ವ್ಯಾಪಾರ
ଫାର୍ମ ଯୋଜନା,ಕೃಷಿ ಯೋಜನೆ
କୃଷକ,ರೈತ
ଚାଷ,ಕೃಷಿ
ବନ୍ଧକ,ಸ ೦ ಭವಿಸೆ
ଫେବୃଆଣ୍ଡେସନ୍,ಫಲೀಕರಣ
ମୁଖ,ಹುದುಗುವುದು
ପ୍ରଜନନ,ಫಲವತ್ತತೆ
ସାର,ಗೊಬ್ಬರ
ଫର୍ଟିଲାଇଜର ବ୍ୟବହାର ଦକ୍ଷତା ବ୍ୟବହାର କରନ୍ତୁ |,ರಸಗೊಬ್ಬರ ಬಳಕೆಯ ದಕ್ಷತೆ
ଫାଇବ୍ରସ୍,ನಾರಿನ
କ୍ଷେତ୍ର,ಹೊಲತು
କ୍ଷେତ୍ର ଦକ୍ଷତା,ಕ್ಷೇತ್ರ ಸಾಮರ್ಥ್ಯ
କ୍ଷେତ୍ର ପ୍ରଦର୍ଶନ,ಕ್ಷೇತ್ರ ಪ್ರದರ್ಶನ
ଫିକ୍ସସନ୍,ಸ್ಥಿರೀಕರಣ
ବନ୍ୟା ପରିସ୍ଥିତି,ಪ್ರವಾಹ
ପ୍ରବାହ ଚିତ୍ର |,ನಿರ್ವಹಣಾ ಚಿತ್ರ
ଖାଦ୍ୟ ମୂଲ୍ୟ,ಆಹಾರ ಮೌಲ್ಯ
ଚାରା (ଖାଇବାକୁ),ಮೇವು (ಮೇವು)
ପୂର୍ବାନୁମାନ,ಮುನ್ಸೂಚನೆ
ଜଙ୍ଗଲ,ಅರಣ್ಯ
ରକ୍ତ ବନ୍ଧୁମାନେ,ಅರಣ್ಯೀಕರಣ
ବରଣ୍ଡ,ಚೂರು
ବରଫ ପ୍ରତିରୋଧକ |,ಫ್ರಾಸ್ಟ್ ರೆಸಿರೆಂಟ್
ବରଫ,ಮುನಗಳ
ଫ୍ରିଜ୍ (ଫଳ ଏବଂ ପନିପରିବା),ಹೆಪ್ಪುಗಟ್ಟಿದ (ಹಣ್ಣು ಮತ್ತು ತರಕಾರಿ)
ଫଳ,ಜಡನಾಗಿಸುವಿಕೆ
ଫଳ ଡ୍ରପ୍,ಹಣ್ಣಿನ ಹನಿ
ଫଳ-ସେଟ୍ (ଫଳ ସେଟିଂ),ಹಣ್ಣು-ಸೆಟ್ (ಹಣ್ಣಿನ ಸೆಟ್ಟಿಂಗ್)
ଫ୍ୟାଜିଜ୍,ಹೊಗಳಿಕೆ
ଫଙ୍ଗିସାଇଡ୍ |,ಶಿಲೀಂಧ್ರನಾಶಕ
ଫଙ୍ଗିଷ୍ଟାଟିକ୍ |,ಶಿಲೀಂಧ್ರ ರೋಗದ
କବକ,ಶಿಲೀಂಧ್ರ
ଫ୍ରୁ,ಗಡಿ
ଫ୍ୟୁଜନ୍ |,ಸಮ್ಮಿಳನ
ଫୁଜ୍,ಗುಟ್ಟು
ଅସ୍ପଷ୍ଟ,ಅಸ್ಪಷ್ಟ
"ଫେନେଲ, ଆଣ୍ଠୁଏ |","ಫೆನ್ನೆಲ್, ಅನೈಸ್"
FenugRek,ಮೆಂತ್ಯದ
ଡିମ୍ବିରି,ಅಂಜೂರ
ଆଙ୍ଗୁଠି ମିଲେଟ୍ |,ಬೆರಳು ರಾಗಿ
ଅଗ୍ନି-ଅଗ୍ନି ବୁଦା,ಬೆಂಕಿ ಜ್ವಾಲೆಯ ಬುಷ್
ଜଙ୍ଗଲର ନିଆଁ,ಅರಣ್ಯದ ಜ್ವಾಲೆ
ଫରାସୀ ବିନ୍,ಫ್ರೆಂಚ್ ಹುರುಳಿ
ପୋକ,ಅಲ್ಪಬೆಲೆಯ
ଠେକୁଆ,ನರಿ
ଫଳ ଉଡ଼ିଠି,ಹಣ್ಣು ನೊಣ
ଗଲ୍ (ହୋର୍ଟ),ಗಾಲ್ (ಹಾರ್ಟ್)
ଖେଳ,ಗಮೀಟು
ଉଦ୍ୟାନ,ತೋಟ
ଗେଜ୍ (ପାଣି),ಗೇಜ್ (ನೀರು)
ଜିନ୍ ବ୍ୟାଙ୍କ |,ಜೀನ್ ಬ್ಯಾಂಕ್
ଜିନ୍ ଟ୍ୟାଗ୍ କରିବା |,ಜೀನ್ ಟ್ಯಾಗಿಂಗ್
ବଂଶଧରୋଗ ବିଜ୍ଞାନ,ವಂಶದ ಶಾಸ್ತ್ರ
ଜେନେଟିକ୍ ମାନଚିତ୍ର |,ಆನುವಂಶಿಕ ನಕ್ಷೆ
Gegnetics,ಆನುವಂಶಿಕ
ଜିଦ୍,ಜಿನೋಮ್
ଜେନୋମିକ୍ ଲାଇବ୍ରେରୀ |,ಜೀನಾಮಿಕ್ ಗ್ರಂಥಾಲಯ
ଜେନୋମିଟର,ಜೀನೊಮಿಕ್ಸ್
ଜେନେଟାଇପ୍,ಜೀನೋಟೈ
ଜେନେଟାଇପ୍,ಜೀನೋಟೈ
ଜେନସ୍,ಕುಲ
ଜେନସ୍,ಕುಲ
ଜୀବାଣୁ,ಸೂಕ್ಷ್ಮಾಣು
ଜୀବାଣୁ,ರೋಗಾಣು
ଅଦମାରଣ,ಮೊಳಕೆ
Germplasm,ನೆಲಮಾಳಿಗೆ
ଗିବବର୍ଗିକ୍ ଏସିଡ୍ |,ಗಿಬ್ಬರ್ಸೆಲ್ ಆಮ್ಲ
ଗିନିଂ,ಗಿಲು
ଲ୍ୟୁମର,ಹಲ್ಲು
ଗ୍ଲାଉଟିନିୟସ୍ |,ಅಂಟಂಟಾದ
ଗ୍ଲାଇକୋଲିସିସ୍ |,ಗ್ಲೈಕೋಲಿಸಂ
Gneass,ಗ್ನಿಸ್
ସୁବର୍ଣ୍ଣ ବିପ୍ଳବ,ಸುವರ್ಣ ಕ್ರಾಂತಿ
ଗ୍ରେଡିଂ,ಶ್ರೇಣಗೀತೆ
ଗ୍ରାଫ୍ଟିତ ଉଦ୍ଭିଦ |,ಕಸಿಮಾಡಿದ ಸಸ್ಯ
ଗ୍ରାଫ୍ଟ-ଅସଙ୍ଗତ |,ನಾಟಿ-ಸಂಯೋಜನೀಯ
ଗ୍ରାନା |,ಗಾರ್ಟರಿ
ଗ୍ରାନୁଲେସନ୍,ಹರಳಾಗುವಿಕೆ
ସବୁଜ ଖତ,ಹಸಿರು ಗೊಬ್ಬರ
ସବୁଜ ବିପ୍ଳବ,ಹಸಿರು ಕ್ರಾಂತಿ
ଅଭିବୃଦ୍ଧି ଏବଂ ବିକାଶ |,ಬೆಳವಣಿಗೆ ಮತ್ತು ಅಭಿವೃದ್ಧಿ
ଗୁମ୍ବୋସ୍,ಗುರು ರಾಶಿ
ନଦୂତର,ವೇಷಭೂಷಣವಾದ
ଗଲ୍ ବାଦାମ |,ಗೋಲು ಕಾಯಿ
ରସୁଣ |,ಬೆಳ್ಳುಳ್ಳಿ
ଅହବେରା |,ಕಸ
ଘର୍ନ୍କିନ୍ |,ಗೆರ್ಕಿನ್
ଅଦା,ಶುಂಠಿ
ଗୁଗାଓସସ୍ |,ಹೊಳಪು
ଛେଳି ତୃଣକ (ଏଗ୍ରାଟମ୍),ಮೇಕೆ ಕಳೆ (ಅಗರಟಮ್)
ଅଙ୍ଗୁର ଫଳ,ದ್ರಾಕ್ಷಿಹಣ್ಣು
ଅଙ୍ଗୁର,ದ್ರಾಕ್ಷಿ
ସବୁଜ ଗ୍ରାମ,ಹಸಿರು ಗ್ರಾಂ
Grewia,ದಹನ
ଭୂମିରେ,ನೆಲಗಡಲೆ
ଗୁଆବା,ಸೀಬೆಹಣ್ಣು
ଗିନି ଘାସ,ಗಿನಿಯಾ ಹುಲ್ಲು
ଗାଲ୍ ମିଜ୍ |,ಗಾಲ್ ಮಿಡ್ಜ್
ଘାସ ହପର୍ |,ಹುಲ್ಲು ಹಾಪರ್
ଗୁଣ୍ଡିନ୍ ବଗ୍ |,ಗುಂಡಿ ದೋಷ
ଅଭ୍ୟାସ,ಅಭ್ಯಾಸ
କୁଆପଥର,ಆಲಿಕಲ್ಲು
ହେୟାରସିଭେଚ୍ |,ಕೂದಲು
ହାଲଫିଟେଟ୍,ಮೆರುಗು
ହାରୋ,ಕುಣಿಸು
ଅମଳ ସୂଚକାଙ୍କ |,ಕೊಯ್ಲಿಗೆ ಸೂಚಿಸುವ ಸೂಚ್ಯಂಕ
ଅମଳ,ಕೊಯ್ದು
ଅମଳ,ಕೊಯ್ಲು
ହ୍ୟାଚ୍,ಮೊಲ
ଘାସ,ಹುಳು
ହେଲିଜ୍ |,ಹುಲಿಗೆ
ହେସ୍ଟକ୍,ಹುಲ್ಲುಗಾವಲು
କୁହୁଡି,ಮಬ್ಬು
ଦୁର୍ବଳ,ಮಸುಕಾದ
ମୁଣ୍ଡ (ଆଗ୍ରୋ),ತಲೆ (ಕೃಷಿ)
ମୁଣ୍ଡ (ଚ୍ୟାନେଲର),ತಲೆ (ಚಾನಲ್)
ହେଡିଙ୍ଗ୍,ಹಿಂದಿರುಗುವುದು
ହେଜ୍,ತುತ್ತೂರಿ
ହେଡିଙ୍ଗ୍,ಹೆಡ್ಜಿಂಗ್
ହେଲିକ୍ସ |,ಹೆಲಿಕ್ಸ್
ହେମାଟାଇଟ୍,ರಕ್ತನಾಳ
B ଷଧ,ಸಸ್ಯ
ହର୍ବରିୟମ୍ |,ಗಿಡದಂತಿ
B ଷଧୀୟ,ಸಸ್ಯನಾಶಕ
ବଂଶାନୁକ୍ରମିକ,ಅನರ್ಹತೆ
ପରବର୍ତ୍ତୀ ସମୟରେ ଚୟନର ଯୋଗ୍ୟତା |,ಪತ್ನಣೀಯತೆ
His ହେମାଫ୍ରୋଡାଇଟ୍ |,ಹರ್ಮ್ರೋಡೈಟ್
ହେଟେରକୋମେଟିକ୍ |,ಭಿನ್ನ ವಾಚ್
ହେଟେରୋଫର୍ଟିଲାଇଜେସନ୍ |,ಭಿನ್ನಾಭಿಪ್ರಾಯ
ହେଟେରୋସିସ୍ |,ಭಿನ್ನತೆ
ହେଟେରୋସ୍କୋମ୍,ಭಿನ್ನಾಭಿಪ್ರಾಯ
ହେଟେରୋଟ୍ରୋଫ୍ |,ಭಿನ್ನತೆ
Hexaploid,ರಕ್ತಸಂಬಂಧಿ
ହାଇବରନେଟ୍ |,ಹೈಬರ್ನೇಟ್ ಮಾಡು
ଉଚ୍ଚ ଘନତା ଲଗାଇବା |,ಹೆಚ್ಚಿನ ಸಾಂದ್ರತೆಯ ನೆಡುವಿಕೆ
ପାହାଡ (ଚାଉଳ),ಬೆಟ್ಟದ
ହିଷ୍ଟୋଗ୍ରାମ୍,ಹಂದಿಯ ಕುರಿತ
ହାଇଟେକ୍ ହଳିକତା |,ಚೈತನ್ಯದ ತೋಟಗಾರಿಕೆ
ଗୁପ୍ତ,ಜೇನುಗೂಡು
ହୋଙ୍ଗ,ಹಂದಿಯ
ଧରି ରଖିବା,ಹಿಡಿದು
ଘର ଫାର୍ମ |,ತೋಟ
ହୋମେଓଷ୍ଟାସାସାସୀ,ಹೋಮಿಯೋಸ್ಟಾಸಿಸ್
ହୋମଷ୍ଟେଡ୍ |,ಗೃಹ ಹೋಳು
ସମଲିଙ୍ଗୀତା |,ಏಕರೂಪತೆ
ସମଲିଙ୍ଗୀ,ಏಕರೂಪದ
ସମ୍ବାଦ,ಮಾಮೋಲಿಕಸ್
ସୋମବରଗୋଟେଗୋଟ୍ |,ಅಖಂಡ
ହପର୍,ಕುಳಿ
ରାଶି,ದಿಗಂತಿ
ଉଦ୍ୟାନ କୃଷି ଫସଲ |,ತೋಟಗಾರಿಕಾ ಬೆಳೆಗಳು
ଉଦ୍ୟାନ କୃଷି,ತೋಟಗಾರಿಕೆ
ହୋର୍ଟି-ସିଲଭି ପେଷ୍ଟୁରାଲ୍ ଚାଷ ​​|,ಹೊರ್ಟಿ-ಸಿಲ್ವಿ ಗ್ರಾಮೀಣ ಕೃಷಿ
ହୋଷ୍ଟ,ಅತಿಥೆಯ
ଗରମ ପାଣି ଚିକିତ୍ସା |,ಬಿಸಿನೀರಿನ ಚಿಕಿತ್ಸೆ
ହଲ୍,ಹಲ್
ଆର୍ଦ୍ରତା,ಆರ್ದ್ರತೆ
ହ୍ୟୁମସ୍,ಸಜ್ಜು
ହସ୍,ಹೊಟ್ಟು
ହ୍ୱକର୍,ಹಸ್ಕರ್
ହସିଂ,ಹೊಳಪುಳ್ಳ
ହାଇବ୍ରିଡ୍ |,ಸಂಕರಜದ
ହାଇବ୍ରିଡାଇଜେସନ୍ |,ಸಂಕರಜತೆ
ହାଇଡ୍ରେସନ୍,ಜಲಸಂಚಯ
ହାଇଡ୍ରୋଲୋଜି,ಜಲವಿಜ್ಞಾನ
ହାଇଡ୍ରୋଲାଇସିସ୍,ಜಲವಿಚ್ysisೇದನೆ
ହାଇଡ୍ରୋମିଟର |,ಜಲಮಾಪಕ
ହାଇଡ୍ରୋଫିଲୋସ୍,ಜಲಪಕ್ಷದ
ହାଇଡ୍ରୋପୋନିକ୍ସ |,ಜಲಸಂಪರ್ಕ
ହାଇଡ୍ରୋସଫେରର୍ |,ಜಲಾವರಣ
ହାଇଡ୍ରୋସ୍କୋପିଟି |,ಜಲಸಮತಿ
ହାଇପରପେରାସାଇଟ୍ |,ಅತ್ಯಲ್ಪ
ହାଇପରପ୍ସିଆ,ಒಂದು ದೊಡ್ಡ ಕಣ್ಣು
ହାଇଫା,ಜರಡಿ
କପଟୋଟଲ୍,ಬಲಿಷ್ಠಿ
ଶୁଳୋପାସିସ୍ |,ಕಲ್ಪನಾಶಕ್ತಿ
ହିଷ୍ଟେରେସିସ୍ (ଜଳ),ಗರ್ಭಕಂಠ (ನೀರು)
ହାଜେଲ ବାଦାମ,ಹಜೆಲ್ ಕಾಯಿ
ହେମ୍ପ,ಸೆಣಬಿನ
ହେନବାନ୍ |,ಕೋಳಿ
ହେନ୍ନା,ಗೋರಂಟಿ
ହାଇବିସ୍କସ୍ |,ದಾಸವಾಳಿ
ହପ୍,ಹಾಪ್
ଘୋଡା ଗ୍ରାମ |,ಕುದುರೆ ಗ್ರಾಂ
ଘୋଡା ଚକ୍ଷୁ-ବିନ୍ |,ಕುದುರೆ ಕಣ್ಣಿನ ಹುಳಿ
ମହୁ ମାଛି,ಜೇನು ನೊಣ
ହପର୍,ಕುಳಿ
ହାର୍ଟିସୁରିଷ୍ଟ |,ತೋಟಗಾರಿಕೆ
ଜଳ,ಜಲವಿಜ್ಞಾನಿ
ପରିସ୍ଥିତି ଗ୍ରାଫ୍ଟିଙ୍ଗ୍ ରେ |,ಸಿತು ಕಸಿ ಮಾಡುವಲ್ಲಿ
ଭିଟ୍ରୋରେ |,ವಿಂಟ್ರೊದಲ್ಲಿ
ଭିଭୋରେ,ವಿವೋದಲ್ಲಿ
ଅଜ୍ଞାତ,ತಗ್ಗಿಸದ
କୀଟ,ಕೀಟ
କୀଟପତଙ୍ଗ ପୋକ,ಕೀಟ ಕೀಟ
କୀଟରୀ,ಕೀಟಸಾಮಾನ್ಯ
କୀଟନାଶକ,ಕೀಟನಾಶಕ
କୀଟନାଶକ,ಕೀಟಭಾರಿಯ
ନିନ୍ଦା,ಬಿಸಿಲು
ଅପିସ୍ମରଣୀ,ಬಿಡಿಸಲಾಗದ
ଇନଷ୍ଟାର (କୀଟ),ಇನ್ಸ್ಟಾರ್ (ಕೀಟ)
ଇନସୁଲେଟର |,ನಿರಂಕುಶಾಧಿಕಾರಿ
ଇଣ୍ଟିଗ୍ରେଟେଡ୍ ରୋଗ ପରିଚାଳନା,ಸಂಯೋಜಿತ ರೋಗ ನಿರ್ವಹಣೆ
ଇଣ୍ଟିଗ୍ରେଟେଡ୍ ପୁଷ୍ଟିକର ପରିଚାଳନା,ಸಂಯೋಜಿತ ಪೋಷಕಾಂಶಗಳ ನಿರ್ವಹಣೆ
ଇଣ୍ଟିଗ୍ରେଟେଡ୍ ପେଷ୍ଟ ପରିଚାଳନା,ಸಂಯೋಜಿತ ಕೀಟ ನಿರ್ವಹಣೆ
ତୀବ୍ରତା,ತೀವ್ರಗೊಳಿಸುವಿಕೆ
ତୀବ୍ର,ತೀವ್ರ
ଇଣ୍ଟରକ୍ରପ୍,ಅಂತರ್ರೋಗ
ଇଣ୍ଟରକେଟିଭେସନ୍ (ଇଣ୍ଟରକଲ୍ଟର),ಅಂತರಸಂಪರ್ಕ (ಅಂತರಸಂಪರ್ಕ)
ଆଗ୍ରହ,ಆಸಕ್ತಿ
ଆଭେଜର |,ಅಂತರಪರ್ -ಆವರಣ
ଇଣ୍ଟରଫାଜ୍ (କକ୍ଷ ବିଭାଗ),ಇಂಟರ್ಫೇಸ್ (ಕೋಶ ವಿಭಾಗ)
ଇଣ୍ଟରପୋଲେସନ୍,ರಾಕ್ಷಸ
ଇଣ୍ଟର-ଷ୍ଟେରାଇଲ୍ |,ಅಂತರ್ರೋಗದ
ଭଣ୍ଡାର,ದಾಸ್ತಾನು
ଓଲଟା |,ವಿಪರ್ಯ
ଜଡିତ,ಆಕ್ರೋಶ
ଆୟନ,ಅಯಾನು
ବିକଶିତତା |,ವಿಕಿರಣ
ଜଳସେଚନ,ನೀರಾವರಿ
ISO ସା elles େଲାଲ |,ಐಸೊ ಆಲೀಲ್ಸ್
ISO ଉତ୍ପାଦ ବକ୍ର |,ಐಎಸ್ಒ ಉತ್ಪನ್ನ ಕರ್ವ್
ଆଇସୋ ବାର୍ |,ಐಸೋಬಾರ್
ଆଇସୋଗାମି |,ಐಸೊಗಾಮಿ
ବିଚ୍ଛିନ୍ନତା ଦୂରତା |,ಪ್ರತ್ಯೇಕತೆ
Isploid,ಸಮೋಪ್ಸುಯು
Isoquat,ಲೋಕದ
ଇସୋଟୋପ୍,ಐಸೋಟೋಪ್
ଭାରତୀୟ ବିରଞ୍ଚ |,ಭಾರತೀಯ ಬರ್ಚ್
ଭାରତୀୟ ନୀଳ ପାଇନ୍ |,ಭಾರತೀಯ ನೀಲಿ ಪೈನ್
ଭାରତୀୟ ଚେରି |,ಭಾರತೀಯ ಚೆರ್ರಿ
ଭାରତୀୟ ଜୁନିପର |,ಭಾರತೀಯ ಜುನಿಪರ್
ଭାରତୀୟ କୋନୋ ଗଛ |,ಭಾರತೀಯ ಕಿನೋ ಮರ
ଇଣ୍ଡିଆନ୍ ଆର୍ଥିକ ଗଛ |,ಭಾರತೀಯ ಲೌರಲ್ ಮರ
ଭାରତୀୟ ମାଡଡରର,ಭಾರತೀಯ ಹುಚ್ಚು
ଭାରତୀୟ ମାଡଲର |,ಭಾರತೀಯ ಹುಚ್ಚು
ଇଣ୍ଡିଆନ୍ ପୋଡା ଫାଇଲମ୍ |,ಭಾರತೀಯ ಪೊಡೊ ಫೈಲಮ್
ଇଗିଗୋ |,ಇಂಡಿಗೊ
ଇଟାଲୀ ମିଲେଟ |,ಇಟಲಿಯ ರಾಗಿ
ହାତୀ ଦାନ୍ତ,ದಂತ ಮರ
ଆଇଭି ଗୋଡ / ଛୋଟ ଗୋରୁକ |,ಐವಿ ಗೌರ್ಡ್/ಲಿಟಲ್ ಸೋರೆಕಾಯಿ
ଜାଗର,ನುಗ್ಗಿ
ଜାପିକା ଚାଉଳ,ಜಪೋನಿಕಾ ಅಕ್ಕಿ
ଜାସିଡ୍ |,ಜಲಾರತಿ
ଜାନବାନୀ ଚାଉଳ |,ಜಾವಾನಿಕಾ ಅಕ್ಕಿ
ଅଳଙ୍କାର,ಕವಣೆ
Jhum ଚାଷ,ಜಮ್ ಕೃಷಿ
ଜମ୍ପ୍ ଜିନ୍,ಜಿಗಿಯುವ ಜೀನ್
ଜଙ୍କ ଡିନା |,ಜಲ್ಲಿಕ
ନାବାଳକ ଚେଜ୍ |,ಬಾಲಕಿಯ ಹಂತ
ଜାକରଣ୍ଡା |,ಸ ೦ ಗಂಗಲ
Jackfruit,ಜಕ್ಕೆ
ଜାମୁନ୍ |,ಜಾಮಿನ
ଜସ୍ମିନ୍ |,ಮಲ್ಲಿಗೆ
ଜାଟୀ ଖାଟ୍ଟି |,ಜಟ್ಟಿ ಖಟ್ಟಿ
ଜାଟ୍ରୋଫା |,ಜಾಟ್ರೋಫಾ
ଜଟ୍ର,ದಣಿಸು
Jassids,ಜಸ್ಸಿಡ್ಸ್
କୋଲିନ୍ |,ಕವಣೆ
କୋଲିନାଇଟ୍,ಕ್ವಾಲಿನೈಟ್
କୋଲିନାଇଟ୍,ಕ್ವಾಲಿನೈಟ್
କରୀଚିମା |,ಕರಿಚೈಮಾ
ନିକ୍,ಕಸಪೋಕ್ತಿ
Karogamy,ಕಟೋಗಮಿ
Karogargram (idigromm),ಕ್ಯಾರೋಗ್ರಾಮ್ (ಇಡಿಯೋಗ್ರಾಮ್)
କାରୁକୋକିନାସ୍,ಕರಿಯೊಕಿನಿಸ್
ଖାରିଓଲୋଜି |,ಸ್ವಾರಸ್ಯ
କାରିଓଲାଇସିସ୍,ಕಸಪಂಕ್ತಿ
କିଲୋନ,ಕರಿಯಾನ್
କାରିଓଟାଇପ୍,ಬಾವ್ಯ
Kelp (algae),ಕೆಲ್ಪ್ (ಪಾಚಿ)
କେଲଭିନ ଚକ୍ର |,ಕೆಲ್ವಿನ್ ಚಕ್ರ
କିରାଟିନ୍ |,ಕಸ
କର୍ଣ୍ଣଲ |,ಪಟಲ
KHARA ରୋଗ,ಖೈರಾ ಕಾಯಿಲೆ
ଖାରିଫ୍ |,ಖಾರಿಫ್
ମଜା କରିବା,ತಮಾಷೆ
ଗା intore ାଓକୋର,ಧನಸಹಾಯ
ରୋଷେଇ ଘର ବଗିଚା |,ಅಡಿಗೆಮನೆ
କ୍ଲିନଫିଲ୍ଟର ସିଣ୍ଡ୍ରୋମ |,ಕ್ಲೈನ್‌ಫಿಲ್ಟರ್ ಸಿಂಡ್ರೋಮ್
Klenow frogment,ಕ್ಲೆನೋ ತುಣುಕು
ଗଣ୍ଠି ଦେଉଥିବା,ಗಲಾಟೆ
କୋଚ୍ ର ପୋଷ୍ଟଲେଟ୍ |,ಕೋಚ್ ಅವರ ಪೋಸ್ಟ್ಯುಲೇಟ್
କୋପେନଙ୍କ ବର୍ଗୀକରଣ (ଜଳବାୟୁ),ಕೊಪ್ಪೆನ್ಸ್ ವರ್ಗೀಕರಣ (ಹವಾಮಾನ)
କର୍ଗଗୁଡିକ ଚକ୍ର,ಕ್ರೆಬ್ಸ್ ಚಕ್ರ
କୁର୍ଟୋସିସ୍,ಕರ್ಟಿಸಿಸ್
Kvk (krishi vigyan kendra),ಕೆವಿಕೆ (ಕೃಷಿ ವ್ಯರ್ಥಾದ ಕೇಂದ್ರ)
କାଟାମ |,ಕಾದಮ್
କଲାଲ,ಕಾಲ್ನಡಸು
କାନ୍ସ ଘାସ,ಕಾನ್ಸ್ ಹುಲ್ಲು
Karonda,ಕರೋಂಡ
"କିଡନୀ ବିନ୍, ରାଜ୍ମା |","ಕಿಡ್ನಿ ಬೀನ್, ರಾಜ್ಮಾ"
Kiwifriut,ಕಿವಿಫ್ರೂಟ್
ଗଣ୍ଠିର,ನಾಲ್ ಖೋಲ್
କାଦୋମ୍ପୁଲୀ |,ಕಾದು
କୋଡୋ ମିଲେଟ୍ |,ಕಾದೋ ರಾಗಿ
କୋକାମ ବଟର ଗଛ (ଆମାଙ୍ଗୋସୋଟେନ୍),ಕೊಕಾಮ್ ಬೆಣ್ಣೆ ಮರ (ಮ್ಯಾಂಗೋಸ್ಟೀನ್)
ଖାପ୍ରା ବାଇଟଲ୍ |,ಖಮ್ರ ಜೀರುಂಡೆ
L.d.50 (ସାଂଘାତିକ ମାତ୍ରା 50),ಎಲ್.ಡಿ.50 (ಮಾರಕ ಡೋಸ್ 50)
ଲ୍ୟାବ ରୁ ଲ୍ୟାଣ୍ଡ,ಲ್ಯಾಂಡ್ ಟು ಲ್ಯಾಂಡ್
ଲାବାଇଲ୍,ಹದಗೆಟ್ಟ
ଶ୍ରମ,ದುಡಿಮೆ
ଲାକ୍ ଓପନ୍ ମଡେଲ୍ |,ಲ್ಯಾಕ್ ಒಪೆರಾನ್ ಮಾದರಿ
ସ୍ତନ୍ୟପାନ,ಪಾದಚಾರಿ
ଲାକ୍ଟୋଜେନିକ୍ ହରମୋନ୍ (ପ୍ରୋଲାକ୍ଟିନ୍),ಲ್ಯಾಕ್ಟೋಜೆನಿಕ್ ಹಾರ್ಮೋನ್ (ಪ್ರೊಲ್ಯಾಕ್ಟಿನ್)
ଲାକ୍ଟୋଜ୍,ಕ್ಷೀರ
ଲେଗିଂ ଷ୍ଟାଣ୍ଡିଂ |,ಹಿಂದುಳಿಯುವ ಎಳ
ଲମ୍ବଡା କ୍ଲୋନିଂ ଭେକ୍ଟର |,ಲ್ಯಾಂಬ್ಡಾ ಕ್ಲೋನಿಂಗ್ ವೆಕ್ಟರ್
ଲାମିନାର ଏୟାର ପ୍ରବାହ |,ಲ್ಯಾಮಿನಾರ್ ಗಾಳಿಯ ಹರಿವು
ଲ୍ୟାମ୍ପ ବ୍ରଶ୍ କ୍ରୋମୋଜୋମ୍ |,ದೀಪದ ಕ್ರೋಮೋಸೋಮ್
ଜମି,ನೆಲ
ଜମି ସାମର୍ଥ୍ୟ ବର୍ଗୀକରଣ |,ಭೂ ಸಾಮರ್ಥ್ಯ ವರ್ಗೀಕರಣ
ଜମି କ୍ଷମତା ମାନଚିତ୍ର,ಭೂ ಸಾಮರ್ಥ್ಯದ ನಕ್ಷೆ
ଜମି ଡିଗାଡ୍ |,ಭೂ ಅವನತಿ
ଜମି ସମାନ ଅନୁପାତ |,ಭೂ ಸಮಾನ ಅನುಪಾತ
ଭୂମି ସ୍ତର,ಭೂ ಸ್ಥಾನ
ଭୂମି ପୁନରୁଦ୍ଧାର,ಭೂ ಸುಧಾರಣೆ
ଲ୍ୟାଣ୍ଡସ୍କାପ୍,ಭೂದೃಶ್ಯ
ଭୂମି ଉପଯୁକ୍ତତା |,ಭೂ ಸೂಕ್ತತೆ
ଜମି ବ୍ୟବହାର pattern ାଞ୍ଚା |,ಭೂ ಬಳಕೆಯ ಮಾದರಿ
ଲେଗେନହସ୍ ସେଲ୍ |,ಲ್ಯಾಂಗರ್‌ಹ್ಯಾನ್ಸ್ ಕೋಶಗಳು
ଲାପ୍ ଲାପ୍ ହାର |,ಕಳೆದುಹೋಗುವ ದರ
ଲାର୍ଭା |,ಲಾರ್ವಾಗಳು
ବିଳମ୍ବ,ಸುಪ್ತತೆ
ବର୍ଷା,ಸುಪ್ತ
ଲୁକ୍କାୟିତ ସଂକ୍ରମଣ |,ಸುಪ್ತ ಸೋಂಕು
ପାର୍ଶ୍ୱରେ |,ಪಾರ್ಶ್ವದ
ଜୁଏଇଟ ମାଟି |,ಲ್ಯಾಟೈಟ್ ಮಣ್ಣು
ଲାଟେକ୍ସ,ಜರಡಿ
ଲେଟିରିମ୍ |,ತತ್ತ್ವ
ଲାଟିନ୍ ବର୍ଗ ଡିଜାଇନ୍ (lsd),ಲ್ಯಾಟಿನ್ ಸ್ಕ್ವೇರ್ ವಿನ್ಯಾಸ (ಎಲ್ಎಸ್ಡಿ)
ଲାଟାଇସ୍,ಚೂರುಪಟ್ಟು
ଅସାଧାରଣ ଲାଭର ନିୟମ |,ಕನ್ವರ್ಸಿಟಿವ್ ಬೆನಿಫೇಜ್ ಕಾನೂನು
କ୍ରମାଗତ ରିଟର୍ନର ନିୟମ |,ನಿರಂತರ ಆದಾಯದ ಕಾನೂನು
ରିଟର୍ନ ହ୍ରାସ କରିବାର ନିୟମ |,ರಿಟರ್ನ್ಸ್ ಕಡಿಮೆಯಾಗುವ ಕಾನೂನು
ରିଡ୍ୟୁନ୍ ବ increasing ୁଥିବା ନିୟମ |,ಹೆಚ್ಚುತ್ತಿರುವ ಮರುಪರಿಶೀಲಿಸುವ ಕಾನೂನು
ଅଧ୍ୟାପକଙ୍କ ସୀମିତତାର ନିୟମ |,ಅಂಶಗಳನ್ನು ಸೀಮಿತಗೊಳಿಸುವ ಕಾನೂನು
ସର୍ବନିମ୍ନ ନିୟମ,ಕನಿಷ್ಠ ಕಾನೂನು
ପ୍ରତିସ୍ଥାପନର ନିୟମ,ಬದಲಿ ಕಾನೂನು
ଭେରିଏବଲ୍ ଅନୁପାତର ନିୟମ |,ವೇರಿಯಬಲ್ ಅನುಪಾತಗಳ ಕಾನೂನು
ସ୍ତର,ಹರಿ
ଲେଆଉଟ୍ |,ಲೆಔಟ್
ଲିଚେଟ୍ |,ಚೂರು
ଲେକିଂ ଦକ୍ଷତା |,ಸೋರಿಕೆ ದಕ್ಷತೆ
ଲେଚିଂ ଆବଶ୍ୟକତା,ಲೀಚಿಂಗ್ ಅವಶ್ಯಕತೆ
ଅଗ୍ରଣୀ ଷ୍ଟ୍ରାଣ୍ଡ |,ಪ್ರಮುಖ ಎಳೆಯ
ପତ୍ର କ୍ଷେତ୍ର ଅବଧି |,ಎಲೆ ಪ್ರದೇಶದ ಅವಧಿ
ପତ୍ର କ୍ଷେତ୍ର ସୂଚକାଙ୍କ |,ಎಲೆ ಪ್ರದೇಶದ ಸೂಚ್ಯಂಕ
ପତ୍ର କ୍ଷେତ୍ର ଅନୁପାତ |,ಎಲೆ ಪ್ರದೇಶ ಅನುಪಾತ
ପତ୍ର ଖଣି,ಎಲೆಗಾರ
ପତ୍ର ପରୀକ୍ଷା,ಪಟ ಪರೀಕ್ಷೆ
ପତ୍ର,ಎಲೆ
ଲିଫଲେଟ୍ |,ಕರಪತ್ರ
ଲିଜ୍,ಗುತ್ತಿಗೆ
ଲେମ୍ବୁ,ದ್ವಿಮತಿ
ଲେସା - (ନିମ୍ନ ଶକ୍ତି ଇନପୁଟ୍ ଇନପୁଟ୍ କୃଷି କୃଷି),ಲೀಸಾ - (ಕಡಿಮೆ ಶಕ್ತಿಯ ಇನ್ಪುಟ್ ಸುಸ್ಥಿರ ಕೃಷಿ)
ଅବଶ୍ୟ,ಮೊಲಕಡೆ
ଲେନୋ କ୍ୟାପିଲାରୀ ପଏଣ୍ଟ |,ಲೆಂಟೊ ಕ್ಯಾಪಿಲ್ಲರಿ ಪಾಯಿಂಟ್
ରେପୋନମା |,ಕುಣಿಕೆ
ଲିପଟୋସପିରୋସିସ୍ |,ಕುಡಲುಬೀಜ
ଲେରୋ-ମର୍ଫିକ୍ |,ಲೆಯೋ
କ୍ଷତ,ಉಂಗುರ
ସାଂଘାତିକ ଗଣିତ |,ಬೇಸರ
ବିନ୍ଦୁ,ಪಡಗ
ସ୍ତରୀୟ ଟେରସ୍ |,ತೋಟ
ଲିଭର୍ (ଲିଭର୍),ಲೆವೆಲರ್ (ಲೆವೆಲರ್)
ସ୍ତର (ଜମିର),ಲೆವೆಲಿಂಗ್ (ಭೂಮಿಯ)
Ley ଚାଷ,ಲೆಯ ಕೃಷಿ
Liebig ର ସର୍ବନିମ୍ନ ନିୟମ |,ಕನಿಷ್ಠ ಲೈಬಿಗ್ ಕಾನೂನು
ଲସେକ୍ସ,ಬಂಧನ
ହାଲୁକା କ୍ଷତିପୂରଣ ବିନ୍ଦୁ |,ಲಘು ಪರಿಹಾರ ಬಿಂದು
ହାଲୁକା ଶନିବାର ତୀବ୍ରତା |,ಬೆಳಕಿನ ಶುದ್ಧತ್ವ ತೀವ್ರತೆ
ହାଲୁକା ଟ୍ରାନ୍ସମିସନ ଅନୁପାତ |,ಬೆಳಕಿನ ಪ್ರಸರಣ ಅನುಪಾತ
ହାଲୁକା ଜାଲ |,ಲಘು ಬಲೆ
ଅଙ୍ଗ,ಮಿತಿಗೊಳಿಸುವುದು
ସୀମା,ಮಿತಿಯ
ସୀମା ସୀମିତ କରିବା |,ಸೀಮಿತಗೊಳಿಸುವ ಅಂಶ
ଲିମୋନାଇଟ୍ |,ಲಿಮೊನೈಟ್
ରେଖା,ರೇಖೆ
ରେଖା ପ୍ରତିକ୍ରିୟା |,ರೇಖೀಯ ಪ್ರತಿಕ್ರಿಯೆ
ଲିଙ୍କ୍,ಸಂಬಂಧ
ଲିଙ୍କ୍ ଗୋଷ୍ଠୀ,ಸಂಪರ್ಕದ ಗುಂಪು
ଲିନର,ಕೊಂಡಿ
ଲିନଟ୍ ଇଣ୍ଡେକ୍ସ |,ಲಿಂಟ್ ಸೂಚ್ಯಂಕ
ଲିନବାସୀ |,ಕುರಿಮರಿ
ଲିପିଡ୍,ನಿಶರ
ଲିପୋଲୋଜି,ಲಿಪೊಲಿಸಿಸ್
ବାତିଲ,ದ್ರವೀಕರಣ
ତାଲିକା,ಕವಣೆ
ତାଲିକା,ಕವಣೆ
ତାଲିକା,ಪಟ್ಟಿ
ଲିଥୋସେଫର୍ |,ಅಶ್ಮರೀಗೋಪಿ
ଲିଟର,ಕಸ
ଲାଇଭ୍ ମଲେଚ୍ |,ಹಸಿಗೊಬ್ಬರಗಳು
ଲିଭରୱର୍ଟ |,ಲಿವರ್ ವರ್ಟ್
ପଶୁପଲ,ಜಾನುವಾರು
ଲୋକାଲ୍ ନିୟନ୍ତ୍ରଣ,ಸ್ಥಳೀಯ ನಿಯಂತ್ರಣ
ଲାକ୍ସ,ಸ್ಥಳ
ପଙ୍ଗପାଳ |,ಮಿಡತೆ
ଲଜିଂ (କ୍ରପ୍ ଲଜିଂ),ವಸತಿ (ಕ್ರಾಪ್ ಲಾಡ್ಜಿಂಗ್)
Ladiicule,ಕಸಾಯಿಖಾನೆ
ପ୍ରେମୀଶା,ಸ ೦ ಗಂಗಲ
ଲୋଗୀବସିମିକ୍ ରୂପାନ୍ତର |,ಲಾಗಾರ್ಥಿಮಿಕ್ ರೂಪಾಂತರ
ଲମ୍ବା - ଦିନ ଉଦ୍ଭିଦ |,ಲಾಂಗ್ - ಡೇ ಪ್ಲಾಂಟ್
ଲମ୍ବା ତରଙ୍ଗ ବିକିରଣ |,ಉದ್ದನೆಯ ತರಂಗ ವಿಕಿರಣ
ଲୁପ୍ |,ಕುಣಿಕೆ
ଚାପି ଚାଇବା |,ಕಳೆದುಹೋಗುವ
କାଠ,ಚೂರು
ଲକ୍ସ,ಲಡ್ಸ್
ବିଳାସପୂର୍ଣ୍ଣ ବ୍ୟବହାର (ପୁଷ୍ଟିକର),ಐಷಾರಾಮಿ ಬಳಕೆ (ಪೋಷಕಾಂಶ)
ବିଳାସପୂର୍ଣ୍ଣ ଜିନ୍ |,ಐಷಾರಾಮಿ ಜೀನ್‌ಗಳು
ଲାଇକୋଲିଅନ୍ |,ಹಳ್ಳಿಗೋಳು
ଲିସାନ,ದುಗ್ಧರಸ
ଲିଆସିମିଟର |,ಲೈಸಿಮೀಟರ್
କକ୍ଷର ଲସିସିସ୍ |,ಜೀವಕೋಶದ ಲೈಸಿಸ್
ଲିସୋଜେନି,ಭಾಷೆಯ
ଲାଇସୋମ୍,ಲೈಸೋಸೋಮ್
ଲିଆଜାଇମ୍,ಸಣ್ಣ
ଲାକ ଗଛ,ಉಕ್ಕಿನ
ଲକ୍ଷ,ಪಟ
"ଲେଡିଙ୍କ ଆଙ୍ଗୁଠି, ଓକ୍ରା |","ಲೇಡಿ ಫಿಂಗರ್, ಓಕ್ರಾ"
ଜମି କାଲ୍ଟ୍ରୋପ୍ |,ಲ್ಯಾಂಡ್ ಕ್ಯಾಲ್ಟ್ರಾಪ್ಸ್
ଲାଣ୍ଟାନା,ಲಾಂಧನ
ଲେଟିନସ୍,ಚೂರುಪಾರು
ଲେକ,ಕೀಲು
ଲେମ୍ବୁ ଘାସ |,ನಿಂಬೆ ಹುಲ್ಲು
ଲେମ୍ବୁ |,ನಿಂಬೆ
ମ ents ଼ିଦିଅ,ಮಸೂರ
Lequeorice,ಮರಳು
ଲେଥୁସ୍ |,ಕೊಂಚು
ଲିଲି,ಲಿಲ್ಲಿ
ଚୂନ,ಸುಣ್ಣ
ଲିନ୍ସେଡ୍ |,ಹಳ್ಳದ
ଲିଚି |,ಪಂಥದ
ଲିଟିଲ୍ ମିଲେଟ୍ |,ಸ್ವಲ್ಪ ರಾಗಿ
ଲମ୍ବା ତରଭୁଜ |,ಲಾಂಗ್ ಕಲ್ಲಂಗಡಿ
ଲମ୍ବା ହଳଦୀ |,ಉದ್ದನೆಯ ಮೆಣಸು
ଲୋୟାଟ୍ |,ಗಡಿನ
ଲୋଟସ୍,ಕಮಲ
Lourerne,ಕಣ್ಣುಹಾಯ
ଲାକ୍ କୀଟ,ಲಾವಿನ ಕೀಟ
ଲେଡି ପକ୍ଷୀ ବିଟଲ୍ |,ಲೇಡಿ ಬರ್ಡ್ ಜೀರುಂಡೆ
ପତ୍ର ଖଣି,ಎಲೆಗಾರ
ପତ୍ର ରୋଲର୍ |,ಎಲೆಯ ರೋಲರು
ପତ୍ର ୱେବର |,ಎಲೆಗಳು
ପଙ୍ଗପାଳ |,ಮಿಡತೆ
ମାକ୍ରୋ ବିବର୍ତ୍ତନ |,ಬೃಹತ್ ವಿಕಸನ
ମାକ୍ରୋକ୍ଲିଅମ୍ |,ಸಣ್ಣಕಾಯಿ
ମାକ୍ରୋମୋଲେକ୍ |,ಸ್ಥೂಲಕಾಯ
ମାକମରୁଟେସନ୍ |,ಬೃಹತ್ ಪ್ರಮಾಣ
ମାକ୍ରୋନ୍ରିଏଣ୍ଟ୍ |,ಸಣ್ಣ
ମାକ୍ରୋପୋରସ୍,ಸಣ್ಣ
ମାଗଟ୍,ಚಾಚು
ମ୍ୟାଗମା |,ಶಿಲಾಪವ
ମ୍ୟାନ୍ସେସିଆ |,ಮೆಗ್ನೀಷರೆ
ମ୍ୟାଗ୍ନେସିୟମ୍,ಮೆಗ್ನಾಲ
ଚୁମ୍ବକୀୟ ଷ୍ଟିରର୍ |,ಕಾಂತೀಯ ಸ್ಟಿರರ್
ତିକ୍ତ,ಪ್ರಮಾಣ
Mahoha cake,ಮಹುವಾ ಕೇಕ್
ମେନିନାଇନର୍ ଲାଇନ୍ |,ನಿರ್ವಹಣಕಾರ
ରକ୍ଷଣାବେକ୍ଷଣ,ನಿರ್ವಹಣೆ
ମାଟର,ಮೆಕ್ಕೆ ಜೋಳದ ಶೆಲ್ಲೆಗಾರ
ପୁରୁଷ ନିର୍ଜଳ |,ಬರಡಾದ
ଅସମ୍ମାନ,ವಿರೂಪತೆ
ଅସମ୍ମାନ,ಕೆಡುಮಾಡುವಿಕೆ
ପୁଷ୍ପ,ಅಪೌಷ್ಟಿಕತೆ
ଦୁଷ୍କର୍ମ,ದುರುಪಯೋಗ
ମାଲଂ,ಗದ್ದಲ
ହାଲୁକା,ಗಲ್ಲಿಗೇರಿಸು
ମାଙ୍ଗ୍ରୋଭସ୍ |,ಮ್ಯಾಂಡ್ರೋವ್
ମନୋମିଟର |,ಕುರಿಮರಿ
ମନୋମିଟର |,ಕುರಿಮರಿ
ମାନିସାସା (ଲୋଗାରିଥମ୍ ର),ಮಾಂಟಿಸ್ಸಾ (ಲಾಗರಿಥಮ್ನ)
ଖତ,ಗೊಬ್ಬರ
ସ୍ନାୟୁ,ಗೊಬ್ಬರ
ମାର୍ଜିନାଲ୍,ಅಂಚಿನ
ମାର୍ଜିନାଲ୍ ମୂଲ୍ୟ,ಸ್ವಲ್ಪ ವೆಚ್ಚ
ମାର୍ଜିନାଲ୍ ଜମି |,ಸಮಗ್ರ ಭೂಮಿ
ମାର୍ଜିନାଲ୍ ଉତ୍ପାଦ |,ಕನಿಷ್ಠ ಉತ್ಪನ್ನ
ମାର୍ଜିନାଲ୍ ରିଟର୍ନ |,ಅಂಚು
ସାମୁଦ୍ରିକ,ಸಮುದ್ರ
ମାର୍କର (ଜେନେଟିକ୍),ಗುರುತು (ಆನುವಂಶಿಕ)
ବଜାର,ಮಾರುಕಟ್ಟೆ
ମାର୍କେଟେବଲ୍ |,ಮಾರಾಟವಾಗಬಲ್ಲ
ମାର୍କେଟେବଲ୍ ସରପ୍ଲସ୍ |,ಮಾರುಕಟ್ಟೆ ಮಾಡಬಹುದಾದ ಹೆಚ್ಚುವರಿ
ମାର୍କେଟେଡ୍ ସରପ୍ଲସ୍ |,ಮಾರುಕಟ್ಟೆ ಹೆಚ್ಚುವರಿ
ମାର୍କେଟିଂ |,ಮಾರಾಟ
ମାର୍ଶ,ಜವಳು
ଜନ ପ୍ରବାହ,ಸಾಮೂಹಿಕ ಹರಿ
ଜନ ଚୟନ,ಸಾಮೂಹಿಕ ಆಯ್ಕೆ
ଜନ-ସ୍ପେକ୍ଟ୍ରୋମିଟର |,ಸಾಮೂಹಿಕ ಮಾಪಕ
ମାଷ୍ଟ,ಮಾಸ್ಟಿ
ମାନବର ଉତ୍ତରାଧିକାରୀ,ತಾಯಿಯ ಆನುವಂಶಿಕತೆ
ମିଳନ,ಸಂಯಮ
ମାଟ୍ରିକ୍ ସମ୍ଭାବନା,ಮೆಟ್ರಿಕ್ ಸಾಮರ್ಥ್ಯ
ଚିକିତ୍ସା,ಪಕ್ವವಾಗುವಿಕೆ
ପରିପକ୍ୱତା (ଫସଲ),ಪ್ರಬುದ್ಧತೆ (ಬೆಳೆ)
ସର୍ବାଧିକ ଉପଲବ୍ଧ ଜଳ |,ಲಭ್ಯವಿರುವ ಗರಿಷ್ಠ ನೀರು
ସର୍ବାଧିକ କ୍ରପ୍ |,ಗರಿಷ್ಠ ಬೆಳೆ
ସର୍ବାଧିକ ଅବଶିଷ୍ଟ ସୀମା |,ಗರಿಷ್ಠ ಶೇಷ ಮಿತಿ
ସର୍ବାଧିକ ସ୍ଥାୟୀ ଅମଳ |,ಗರಿಷ್ಠ ಸುಸ್ಥಿರ ಇಳುವರಿ
ସର୍ବାଧିକ ଥର୍ମୋମିଟର |,ಗರಿಷ್ಠ ಥರ್ಮಮೀಟರ್
ସର୍ବାଧିକ ଜଳ ଶୋ '|,ಗರಿಷ್ಠ ನೀರು ಹಿಡುವಳಿ ಸಾಮರ್ಥ್ಯ
ମଟର ବଗିଚା |,ಹುಲ್ಲುಗಾವಲು
ମିଆଦେଖା |,ಅಕ್ಕ
ଅର୍ଥ ବିଚ୍ୟୁତି |,ಸರಾಸರಿ ವಿಚಲನ
ଅର୍ଥ ହେଉଛି ଜୀବନ (ପରମାଣୁ),ಸರಾಸರಿ ಜೀವನ (ಪರಮಾಣು)
ଅର୍ଥ ସମୁଦ୍ର ପତ୍ତନ |,ಸರಾಸರಿ ಸಮುದ್ರ ಮಟ್ಟ
ହାରାହାରି ବର୍ଗ |,ಸರಾಸರಿ ಚದರ
ମାପ,ಅಳತೆ
ମାପ,ಅಳತೆ
ଯାନ୍ତ୍ରିକ,ಯಂತ್ರದ
ଯାନ୍ତ୍ରିକ ବିଶ୍ଳେଷଣ (ମାଟି),ಯಾಂತ್ರಿಕ ವಿಶ್ಲೇಷಣೆ (ಮಣ್ಣು)
ଯାନ୍ତ୍ରିକ ପ୍ରତିରୋପଣ |,ಯಾಂತ್ರಿಕ ಪ್ರತಿರೋಧ
ଯାନ୍ତ୍ରିକ ଚାଷ,ಯಾಂತ್ರಿಕೃತ ಕೃಷಿ
ମଧ୍ୟମ,ಮಧ್ಯಮ
Medic ଷଧୀୟ ଉଦ୍ଭିଦ |,Plantಷಧಿ
ଭୂମଧ୍ୟସାଗରୀୟ ଜଳବାୟୁ |,ಮೆಡಿಟರೇನಿಯನ್ ಹವಾಮಾನ
MegaGaGamescesiesis,ಮೆಗಾಗಮೆಟೋಜೆನೆಸಿಸ್
MeasgPorangia,ಮೆಗಾಸ್ಪೊರಾಂಜಿಯ
ମେଗାସପୋର (ମାକ୍ରୋସପୋର),ಮೆಗಾಸ್ಪೋರ್ (ಮ್ಯಾಕ್ರೋಸ್ಪೋರ್)
Megasporogeresis,ಮಹಾಗಶೂಲೆ
ମିଆଏସୋଇସ୍,ಮೈಯಾಸೆ
ମେଲୋ ମାଟି |,ಕರಗಿದ ಮಣ್ಣು
DNA ର ତରଳିବା |,ಡಿಎನ್‌ಎ ಕರಗುವಿಕೆ
ମେମ୍ବ୍ରେନ୍ ଫିଲ୍ଟର୍ |,ಪೊರೆಯ ಫಿಲ್ಟರ್
ମେଣ୍ଡେଲିଆନ୍ ଉତ୍ତରାଧିକାରୀ |,ಮೆಂಡೆಲಿಯನ್ ಆನುವಂಶಿಕತೆ
ମେଣ୍ଡେଲିଜିମ୍ |,ಮೆಂಡೆಲಲೀಕರಣ
ମେଣ୍ଡେଲଙ୍କ ଉତ୍ତରାଧିକାରର ନିୟମ |,ಮೆಂಡೆಲ್ ಅವರ ಆನುವಂಶಿಕ ನಿಯಮ
ବାଣିଜ୍ୟ,ಸರಕು
ମର୍କୁରୀ,ಪಾದರಸ
ମେରିସମରଣ,ವರ್ಧನೋತಕ
ମିଆଁଲାକରଣ,ಮಣ್ಣು
ମେସୋଡର୍ମ,ಮಾಸು
ମେସୋଫିଲ୍ |,ಹಠಾತ್ತ
ମେସୋଫାଇଟ୍ |,ಮಸಿ
ମେସୋସ୍-ପୋରସ୍ |,ಕೊಳೆತ ರಂಧ್ರಗಳು
ମେସୋସସେର୍ |,ಪಥ
ମେସେଞ୍ଜର rna (m-rna),ಮೆಸೆಂಜರ್ ಆರ್ಎನ್ಎ (ಎಂ-ಆರ್ಎನ್ಎ)
ମେଟାବୋଲିଜିମ୍ |,ಚಯಾಪಚಯ
ମେଟାବୋଲାଇଟ୍ |,ಚಯಾಪಚಯಿಗಳು
ଧାତୁ ଡ୍ୟାମ୍,ಲೋಹದ ಅಣೆಕಟ್ಟು
ମେଟାମୋର୍ଫିକ୍ ପଥର |,ರೂಪಾಂತರದ ಬಂಡೆಗಳು
ମେଟାମୋର୍ଫୋସିସ୍ |,ರೂಪಾಂತರ
Metatafse,ರೂಪಕ
ମେଟାଷ୍ଟ୍ରସ୍,ಸಮನಗೈ
ମେଟାକ୍ସେନିଆ |,ಮೆಟಾಕ್ಸೇನಿಯಾ
ପାଣିପାଗ ବିଜ୍ଞାନ,ಹವಾಮಾನಶಾಸ್ತ್ರ
Methamemoblabinemia,ಮೆಥೆಮೊಗ್ಲೋಬಿನೆಮಿಯಾ
ପଦ୍ଧତି ପ୍ରଦର୍ଶନ,ವಿಧಾನ ಪ್ರದರ್ಶನ
ମିକା,ಮೈಕಾ
ମାଇକ୍ରୋ ବେସନ |,ಸೂಕ್ಷ್ಮ ಜಲಾನಯನ
ମାଇକ୍ରୋ ଫୁନା |,ಮೈಕ್ರೋ ಪ್ರಾಣಿಗಳು
ମାଇକ୍ରୋବେକ୍ |,ಸೂಕ್ಷ್ಮಜೀವಿ
ମାଇକ୍ରୋବିଆଲ୍ ବାୟୋମାସ୍ କାର୍ବନ |,ಸೂಕ್ಷ್ಮಜೀವಿಯ ಜೀವರಾಶಿ ಇಂಗಾಲ
ମାଇକ୍ରୋବାୟଲ୍ ଅବନତି |,ಸೂಕ್ಷ್ಮಜೀವಿಯ ಅವನತಿ
ମାଇକ୍ରୋବିଆଲ୍ କୀଟନାଶକ |,ಸೂಕ್ಷ್ಮಜೀವಿಯ ಕೀಟನಾಶಕ
ମାଇକ୍ରୋବାୟୋଲୋଜି |,ಸೂಕ್ಷ್ಮ ಜೀವವಿಜ್ಞಾನ
ମାଇକ୍ରୋବାୟୋଟିକ୍ |,ಸೂಕ್ಷ್ಮಜೀವಿ
ମାଇକ୍ରୋକମେଣ୍ଟ |,ಮೈಕ್ರೋ ಗಲಿimateೇದ
ମାଇକ୍ରୋନିଭ୍ରଏନସନ୍ |,ಸೂಕ್ಷ್ಮ ಪರಿಸರ
ମାଇକ୍ରୋଫ୍ଲୋରା |,ಮೈಕ್ರೋಫ್ಲೋರಾ
ମାଇକ୍ରୋଗମେତିଟେଜେଞ୍ଜେସିସ୍ |,ಮೈಕ್ರೋಜೀಟಜನಿಸ್
ମାଇକ୍ରୋରିଣ୍ଡେସନ୍ |,ಮೈಕ್ರೋ ಇರಿಗೇಷನ್
ମାଇକ୍ରୋମେଟ୍ରାକୋଲୋଜି |,ಮೈಕ್ರೋಮೀಟ ವಿಜ್ಞಾನ
ମାଇକ୍ରୋନ୍ୟୁଟ୍ରାଇନ୍ଏଣ୍ଟ୍ |,ಸೂಕ್ಷ್ಮ ಉಪಕಾರದ
ମାଇକ୍ରୋପ୍ଲଟ୍ |,ಮೈಕ್ರೋಪ್ಲಾಟ್
ମାଇକ୍ରୋପୋର,ಸೂಕ್ಷ್ಮ
ମାଇକ୍ରୋପାଇଲ୍ |,ಮೈಕ್ರೋ ಪಲಾಯನ
ମାଇକ୍ରୋସ୍କୋପି |,ಸೂಕ್ಷ್ಮ ದಹೆ
ମାଇକ୍ରୋସପୋରାଙ୍ଗସିୟମ୍ |,ಸೂಕ್ಷ್ಮ ಪ್ರಮಾಣದ
ମାଇକ୍ରୋସପୋର ସଂସ୍କୃତି |,ಮೈಕ್ರೋಸ್ಪೋರ್ ಸಂಸ್ಕೃತಿ
ମାଇକ୍ରୋସପୋର ମାତା କକ୍ଷ |,ಮೈಕ್ರೋಸ್ಪೋರ್ ಮದರ್ ಸೆಲ್
ମାଇକ୍ରୋସପୋର |,ಸೂಕ್ಷ್ಮ ಪಾಲನ
ମାଇକ୍ରୋଟୋମେ |,ಮೈಕ್ರೋ ಚಿತ್ರ
ମାଇକ୍ରୋଟୋପୋଗ୍ରାଫି |,ಸೂಕ್ಷ್ಮ ಸಂಯೋಜನೆ
ମଧ୍ୟମ ସିଜନ୍ ସଂଶୋଧନ |,ಮಧ್ಯ season ತುವಿನ ತಿದ್ದುಪಡಿ
ସ୍ଥାନାନ୍ତରଣ,ವಲಸೆ
କ୍ଷୀର ଶସ୍ୟ ପର୍ଯ୍ୟାୟ |,ಹಾಲಿನ ಧಾನ್ಯದ ಹಂತ
ମିଲଲେପେଡେ |,ಹಣ್ಣಿನಲ್ಲಿ
ମିଲେଟ୍ |,ರಾಗೆಗಳು
ମିଲିଂ ପୁନରୁଦ୍ଧାର,ಮಿಲ್ಲಿಂಗ್ ಚೇತರಿಕೆ
ମିଲ୍ କରିବା,ಗಿರಣಿ
ମିନେରାଲ୍ ପୁଷ୍ଟିକର |,ಖನಿಜ ಪೋಷಣೆ
ଖଣିଜ ମାଟି |,ಖನಿಜ ಮಣ್ಣು
ଖଜୁରୀ,ಖನಿಜೀಕರಣ
ଖଣିଜ ପଦାର୍ଥ,ಖನಿಜಗಳು
ସର୍ବନିମ୍ନ ଥର୍ମୋମିଟର |,ಕನಿಷ್ಠ ಥರ್ಮಮಮೀಟರ್
ସର୍ବନିମ୍ନ ଟିଲଗ୍ |,ಕನಿಷ್ಠ ಬೇಸಾಯ
ଛୋଟ ଫସଲ,ಸಣ್ಣ ಬೆಳೆಗಳು
ମାଇଟୋିକ୍ ଇଣ୍ଡେକ୍ସ |,ಮಿಯೋಟಿಕ್ ಸೂಚಿಕೆ
ମିସିସନ୍ ମ୍ୟୁଟେସନ୍ |,ಮಿಸ್ಸನ್ಸ್ ರೂಪಾಂತರ
କୁହୁଡି ଜଳସେଚନ |,ಮಂಜು ನೀರಾವರಿ
କୁହୁଡି,ಮಂಜು
Mitochonrial,ಮೈಟೊಕಾಂಡ್ರಿಯ
ମିଟୋସାଇସ୍ |,ಮೈತ್ರಿ
ମିଟର୍ଲିଚଙ୍କ ନିୟମ |,ಮಿಟ್ಸ್ಕರ್ಲಿಚ್ ಕಾನೂನು
ମିଶ୍ରିତ କ୍ରପ୍ |,ಮಿಶ್ರಿತ
ମିଶ୍ରିତ ଚାଷ,ಮಿಶ್ರ ಕೃಷಿ
ମିଶ୍ରିତ ସାର,ಮಿಶ್ರ ಗೊಬ್ಬರ
ମିଶ୍ରିତ ଚରିବା |,ಮಿಶ್ರ ಮೇಯಿಸುವ
ମିଶ୍ରିତ ସୁଇପ୍ |,ಮಿಶ್ರ ಸ್ವಾರ್ಡ್
ମଡେଲ୍,ಮಾದರಿ
ମଡେଲିଂ,ರೂಪಾಂತರ
ପରିବର୍ତ୍ତିତ ବାତାବରଣ ପ୍ୟାକେଜିଂ |,ಮಾರ್ಪಡಿಸಿದ ವಾತಾವರಣ ಪ್ಯಾಕೇಜಿಂಗ್
ଆର୍ଦ୍ରତା ଉପଲବ୍ଧତା ସୂଚକାଙ୍କ |,ತೇವಾಂಶ ಲಭ್ಯತೆ ಸೂಚ್ಯಂಕ
ଆର୍ଦ୍ରତା ଅଭାବ ସୂଚକାଙ୍କ |,ತೇವಾಂಶದ ಕೊರತೆ ಸೂಚ್ಯಂಕ
ଆର୍ଦ୍ରତା ସମାନ |,ತೇವಾಂಶ ಸಮಾನ
ଆର୍ଦ୍ର ଶାସନ |,ತೇವಾಂಶದ ಆಡಳಿತ
ଆର୍ଦ୍ରତା ରିଲିଜ୍ ବକ୍ର |,ತೇವಾಂಶ
ଆର୍ଦ୍ରତା ଧାରଣ,ತೇವಾಂಶ
ଆର୍ଦ୍ରତା ଚାପ |,ತೇವಾಂಶ
ଆର୍ଦ୍ରତା ଟେନସନ |,ತೇವಾಂಶ
ଆର୍ଦ୍ରତା,ತೇವಾಂಶ
ମୋଲାର ସମାଧାନ,ಮೊಲಾರ್ ಪರಿಹಾರ
ଗୁଣ୍ଡ,ಸಕಲಿಗಳು
ମଲେ ଡ୍ରେନେଜ୍ |,ಮೋಲ್ ಒಳಚರಂಡಿ
ମଲିକୁଲାର୍ ଜୀବବିଜ୍ଞାନ |,ಅಣು ಜೀವಶಾಸ್ತ್ರ
ମଲିକୁଲାର୍ ପ୍ରଜନନ |,ಆಣ್ವಿಕ ಸಂತಾನೋತ್ಪತ್ತಿ
ମଲିକୁଲାର ହାଇବ୍ରିଡାଇଜେସନ୍ |,ಆಣ್ವಿಕ ಬೆರಗುಗೊಳಿಸುವಿಕೆ
ମଲୁସିସିଏସ୍ |,ಮೃದ್ವಂಗಿ
ମୁଦ୍ରା ସୁବିଧା ସୂଚକାଙ୍କ (MAI),ವಿತ್ತೀಯ ಪ್ರಯೋಜನ ಸೂಚ್ಯಂಕ (ಮಾಯ್)
ମୋନୋକ୍ଲୋନାଲ୍ ଆଣ୍ଟିବଡି |,ಮೊನೊಕ್ಲೋನಲ್ ಪ್ರತಿಕಾಯ
Monocotyledlondon,ಏಕಕಾಲ
ମୋନୋକ୍ରୋପ୍ (ମନୋବୃତ୍ତି),ಮೊನೊಕ್ರಾಪ್ (ಏಕಸಂಸ್ಕೃತ)
ମୋନୋମିୟର୍ |,ಏಕವ್ಯಕ್ತಿ
ମୋନୋଗେସିସ୍,ಏಕತೆ
ମୋନୋହାଇବ୍ରାଇଡ୍ |,ಏಕಮಾತ್ರ
ମୋନୋଜି ଗ୍ଲାଜିଟିକ୍ |,ಏಕವ್ಯಕ್ತಿಗೆ ಸಂಬಂಧಿಸಿದ
ମ so ସୁମୀ |,ಮಾನ್ಸೂತಿ
ମଣ୍ଟମୋରିଲିୟନାଇଟ୍ |,ಮಂತ್ರವಾದ
ମୋର୍,ಮೂರ್
ମଦିନ ସକାଳ,ಮಾಮಿನ
ମୋର୍ଗାନ୍ ୟୁନିଟ୍ |,ಮೊರ್ಗನೆ ಘಟಕ
Morphogenesis,ಕೈಚಳಕ
Morphological ଆଡାପ୍ଟେସନ୍ |,ರೂಪವಿಜ್ಞಾನದ ರೂಪಾಂತರ
Morphology,ರೂಪನಶಾಸ್ತ್ರ
ବନ୍ଧକ,ಅಡಮಾನ
ମୋଟର,ಮಣ್ಣಾದ
ଚଟାଣିବା,ಚಾಚಿಕೊಂಡಿರುವ
ଛାଞ୍ଚ,ಅಚ್ಚು
ମୁକାବିଲା,ಗಡಿಬಿಟ್ಟ
ମୁଣ୍ଡ ସଂସ୍କୃତି |,ದಿಬ್ಬದ ಸಂಸ್ಕೃತಿ
ମାଉଣ୍ଡ ଲେଜର |,ದಿಬ್ಬದ ಲೇಯರಿಂಗ್
ମରୁଡ଼ି,ಮೊವರ್
କାଟିବା,ಮೊಣಕಾಲ
ମୁକିଲଜ୍ |,ಲಂಬಕಟ್ಟೆ
ମକ୍ ମୃତ୍ତିକା |,ಮಣ್ಣು ಮಣ್ಣು
କାଦୁଅ,ಮಣ್ಣಿನ
ମଫଲ,ಮಫಿಲ್
ମଲଚ ଚାଷ,ಹಸಿಮಿ ಕೃಷಿ
ମଲଚ୍ ଟିଲଗେଜ୍ |,ಹಸಿಗೊಬ್ಬರ
ମଲଚ,ಹಸಿಗ
ମଲଚିଂ |,ಮರ್ಸಿ
ମୁଲ୍,ಮಡಿ
ମଲ୍ଟି ଷ୍ଟୋରୀ କ୍ରପ୍ |,ಬಹುಮಹಡಿ ಬೆಳೆ
ଏକାଧିକ ସମ୍ପର୍କ |,ಬಹು ಪರಸ್ಪರ ಸಂಬಂಧ
ଏକାଧିକ ଫସଲ,ಬಹು ಕ್ರಾಪಿಂಗ್
ଏକାଧିକ କ୍ରପ୍ ଇଣ୍ଡେକ୍ସ |,ಬಹು ಕ್ರಾಪಿಂಗ್ ಸೂಚ್ಯಂಕ
ଏକାଧିକ କ୍ରସ୍ |,ಬಹು ಅಡ್ಡ
ଏକାଧିକ ପ୍ରତିରୋଧ,ಬಹು ಪ್ರತಿರೋಧ
ମଲ୍ଟିଭାରୀ,ಮಲ್ಟಿವೇರಿಯ
ବହୁମୁଖୀ |,ಬೃಹತ್ಕಂತ್‌ನ
ମମିଫିକେସନ୍ |,ಮುಮ್ಮಿಡನೆ
ମୂଖ୍ୟ ଫଳ |,ಮಮ್ಮಿ ಮಾಡಿದ ಹಣ್ಣು
ମୁସ୍କୋଭାଇଟ୍ |,ಮಸ್ಕೋವೈಟ್
ମୂଷା,ಅಣಬೆ
ମୁଟାଗେନ୍ |,ರೂಪಾಂತರ
ମୁଟିଆଣ୍ଟ |,ರೂಪಾಂತರದ
ମୁଟିସନ୍ |,ರೂಪಾಂತರ
ମ୍ୟୁଚୁଆଲ୍ ପ୍ରତିବନ୍ଧକ |,ಪರಸ್ಪರ ಪ್ರತಿಬಂಧ
ମ୍ୟୁଚୁଆଲଜ,ಪರಸ್ಪರವಾದ
ମାଇସେଲିୟମ୍,ಕವಕ
ମାଇକୋଲୋଜି |,ಸಂಚಾರಿ
MyCoplaSma,ಮೈಕೋಪ್ಲಾಸ್ಮಾ
Mycorrihiza,ಮೈಕೋರೈಜ್
ମାସ୍,ಜರಡಿ
ମାଦର |,ಮಡಿ
ମାଡାହାକା |,ಮಧುಕ
ମେକାଇଜ୍,ಮೆಕ್ಕೆ ಜೋಳ
ମାକାନାରୁ ମାକାନା |,ಮಂತ್ರಮತಿ
ମାଣ୍ଡାରିନ୍ |,ಮಚ್ಚೆ
ଆମ୍ବ ରୋଟିର୍ |,ಮಾವಿನಕಾಯಿ
ଆମ୍ବ,ಮಾವು
"ମାର୍ଗୋସା, ନେମେ |","ಮಾರ್ಗಸಾ, ಬೇವಿನ"
ମାରିଗୋଲ୍ଡ |,ಮಡಿಚಾದ
ମାଷ୍ଟିକ୍ ଗଛ |,ಸಣ್ಣ ಮರ
ମେରିଲ୍,ಮೆರಿಲ್
ମେସ୍ତା |,ಮನ್ನೆ
ମେଣ୍ଟ,ಒಂದು ಬಗೆಯ ಉಣ್ಣೆಯಂಥ
ମୋଲୋକା ବିନ୍ |,ಮೊಲಕಾ ಹುರುಳಿ
ମାଙ୍କଡ଼ ଜ୍ୟାକ |,ಮಂಕಿ ಜಾಕ್
ମୋରିଙ୍ଗା,ಮರಿಹುಳು
ସକାଳ ଗ glory ରବ (convolvulus),ಬೆಳಿಗ್ಗೆ ವೈಭವ (ಕನ್ವೋಲ್ವುಲಸ್)
ମସବବି,ನಾರುಬಟ್ಟೆ
ପୋକ ବିନ୍,ಚಿಟ್ಟೆ ಹುರುಳಿ
ମୁଲବେରୀ |,ಮಡುಕು
ମୂଷା,ಅಣಬೆ
ମୁସ୍କର ମେଲନ୍ |,ಕಸ್ತೂರಿ
ମୂଷା,ಕಣ್ಗಾವಲು
ସୋରିଷ |,ಸಾಸಿವೆ
ମିରଟ,ಮೈರ್ಟಲ್
ମାନଚିତ୍ର ଗ୍ରୀନ୍ ଘାସ |,ಮಪಿಯರ್ ಹುಲ್ಲು
Mealy ବଗ୍ |,ಬಗೆಗಿನ
ମିଡଜ,ಮಧ್ಯಮ
ମାଇଟ୍,ಹಬ್ಬರು
ମାଙ୍କଡ଼,ಕೋತಿ
ମଶା,ಸೊಳ್ಳೆ
ପୋକ,ಪತಂಗ
ପାଣିପାଗ ବିଜ୍ଞାନୀ |,ಪದ್ಯಶಾಸ್ತ್ರಜ್ಞ
ମାଇକ୍ରୋବିଡିଓଲୋଜିଷ୍ଟ |,ಸೂಕ್ಷ್ಮ ಜೀವಶಾಸ್ತ್ರಜ್ಞ
MyCoogistist,ದೈಹಿಕ ರೋಗಶಾಸ್ತ್ರಜ್ಞ
ନାନୋଟେକ୍ନୋଲୋଜି |,ನ್ಯಾನೊಣಸ ತಂತ್ರಜ್ಞಾನ
Nappiform,ನಾರಿನ ನರಿ -ನರಿ -ನರಿ
ନାର୍କୋଟିକ୍ |,ಮಾದಕ ವಸ್ತುವಿನ
ନାସ୍ତିକ୍ ଆନ୍ଦୋଳନ |,ನಾಸ್ಟಿಕ್ ಚಲನೆ
ଜାତୀୟ ପ୍ରଦର୍ଶନ,ರಾಷ್ಟ್ರೀಯ ಪ್ರದರ್ಶನ
ଜାତୀୟକରଣ (ଜମିର),ರಾಷ್ಟ್ರೀಕರಣ (ಭೂಮಿಯ)
ପ୍ରାକୃତିକ,ನೈಸರ್ಗಿಕ
ପ୍ରାକୃତିକ କ୍ଷୟ |,ನೈಸರ್ಗಿಕ ಇಯುತು
ପ୍ରାକୃତିକ ଚାଷ,ನೈಸರ್ಗಿಕ ಕೃಷಿ
ପ୍ରାକୃତିକ ସମ୍ପଦ,ನೈಸರ್ಗಿಕ ಸಂಪನ್ಮೂಲಗಳ
ପ୍ରାକୃତିକ ଚୟନ,ನೈಸರ್ಗಿಕ ಆಯ್ಕೆ
ପ୍ରାକୃତିକ ଉଦ୍ଭିଦ |,ನೈಸರ್ಗಿಕ ಸಸ್ಯವರ್ಗ
ବେକ (ହୋର୍ଟ),ಕುತ್ತಿಗೆ (ಹಾರ್ಟ್)
ନୋକ୍ରୋସାଇସ୍,Necrತಕ
ଅମୃତଭଣ୍ଡା,ಮಕರಂದ
ନକାରାତ୍ମକ ଆଲୋଲୋପାଥି |,ನಕಾರಾತ್ಮಕ ಅಲ್ಲೆಲೋಪತಿ
ନୋଟିସାଇଡ୍ |,ನೇತ್ರಾಯ
ନେମାଟୋଡ୍ ପ୍ରତିରୋଧକ ମୂଳ ଅଟେ |,ನೆಮಟೋಡ್ ನಿರೋಧಕ ಬೇರುಕಾಂಡ
ନେମାଟୋଲୋଜି,ಪ್ರಾಚೀನ ಶಾಸ್ತ್ರ
ନୋମୋନି,ಪುನರ್ವಸತಿ
ନିଟ୍ ଆସିମିସନ୍ ହାର (ନରୀ),ನಿವ್ವಳ ಸಂಯೋಜನೆ ದರ (ಎನ್ಎಆರ್)
ନିଟ୍ ଲାଭ,ನಿವ್ವಳ ಲಾಭ
ନିଟ୍ ଆୟ (ଫାର୍ମ ଆୟ),ನಿವ್ವಳ ಆದಾಯ (ಕೃಷಿ ಆದಾಯ)
ନିଟ୍ ଜଳସେଚନ ଆବଶ୍ୟକତା |,ನಿವ್ವಳ ನೀರಾವರಿ ಅವಶ್ಯಕತೆ
ନିଟ୍ ଉତ୍ପାଦକତା |,ನಿವ್ವಳ ಉತ್ಪಾದಕತೆ
ନେଟ୍ ରିଟର୍ନ,ನಿವ್ವಳ
ଜାଲ,ಬಲೆ
ନୂର୍ନ,ನರಕೋಶ
ନିରପେକ୍ଷ |,ತಟಸ್ಥ
ନିରପେକ୍ଷବାଦ,ತಟಸ್ಥತೆ
ନିରପେୟାରକରଣ,ತಟಸ್ಥಗೊಳಿಸುವಿಕೆ
ନିରପେକ୍ଷ ମାଟି |,ತಟಸ್ಥ ಮಣ್ಣು
ନ୍ୟୁଟ୍ରନ୍ ଆର୍ଦ୍ରତା ମିଟର |,ನ್ಯೂಟ್ರಾನ್ ತೇವಾಂಶ ಮೀಟರ್
ନାଚେ,ಗೂಡು
ନିକୋଟିନ୍ |,ನುಗ್ಗು
ରାତି ମାଟି |,ರಾತ್ರಿ ಮಣ್ಣು
ନାଇଟ୍ରେଟ୍ ଆସିମିଟ୍ |,ನೈಟ್ರೇಟ್ ಒಟ್ಟುಗೂಡಿಸುವಿಕೆ
ନାଇଟ୍ରେଟ୍ ହ୍ରାସ,ನೈಟ್ರೇಟ್ ಕಡಿತ
ବିଷାକ୍ତତା,ನೈಟ್ರೇಟ್ ವಿಷತ್ವ
ନାଇଟ୍ରସ୍,ನಿಟ್ರೇಟಿ
ନାଇଟ୍ରିକ୍ ଇନହିବିଟର୍ |,ನೈಟ್ರೀಕರಣ ಪ್ರತಿರೋಧಕ
ନାଇଟ୍ରୋଜେନ୍ ଆସିମିଗ୍ନାସନ୍ |,ಸಾರಜನಕ ಸಂಯೋಜನೆ
ନାଇଟ୍ରୋଜେନ୍ ଚକ୍ର |,ಸಾರಜನಕ ಚಕ್ರ
ନାଇଟ୍ରୋଜେନ ଅଭାବ |,ಸಾರಜನಕ ಕೊರತೆ
ନାଇଟ୍ରୋଜେନ୍ ଫିକ୍ସନ୍ |,ಸಾರಜನಕ ಸ್ಥಿರೀಕರಣ
ନଟ୍ରୋଜେନସ୍,ಸಾರಜನಕ
ନୋବାଇଲାଇଜେସନ୍,ಶ್ರೇಷ್ಠೀಕರಣ
ସମ୍ଭ୍ରାନ୍ତ କଏନ |,ಉದಾತ್ತ ಕಬ್ಬಿನ
ରାତିସାରା,ರಾತ್ರಿಯ
ନୋଡ୍,ತಪಾಸಣೆ
ନୋଡୁଲେଟେଡ୍ ଉଦ୍ଭିଦ |,ಮೆಲುಕು
ନୋବୁସନ,ತಿರಸ್ಕಾರ
ନୋଡଲ୍ କରନ୍ତୁ |,ಗಂಟು
ନାମାଦ୍),ಅಲೆಮಾರಿ
ସମ୍ଭ୍ରାନ୍ତ,ನಾಮಕರಣ
ଅଣ ଆଲେଲେକ୍ସ |,ಅಲ್ಲ
ଅଣ କ୍ୟାପିଟିଲାରି pour ାଳି |,ಕ್ಯಾಪಿಲ್ಲರಿ ರಂಧ್ರವಿಲ್ಲದ
ଅଣ ଦକ୍ଷ ଫସଲ |,ಸ್ಪರ್ಧಾತ್ಮಕವಲ್ಲದ ಬೆಳೆ
ନିର୍ବିଶେଷ ପରିବର୍ତ୍ତନ |,ಅಸಂಬದ್ಧ ರೂಪಾಂತರ
ଗୁରୁତ୍ୱପୂର୍ଣ୍ଣ ନୁହେଁ |,ಗಮನಾರ್ಹವಲ್ಲದ
ଅଣ-ଏସିଡ୍ ଜଟିଳ ଗଠନ |,ಆಮ್ಲೀಯವಲ್ಲದ ಗೊಬ್ಬರ
ଅଣ-ସଂଯୋଜନ,ಬಂಧನಕ್ಕೊಳಗಾಗುವುದು
ଅଣ-ବର୍ଣ୍ଣିତ (ପଶୁ),ವಿವರಣೆಯಿಲ್ಲದ (ಪ್ರಾಣಿ)
ଅଣ-ଜରୁରୀ ଉପାଦାନ |,ಅನಿವಾರ್ಯವಲ್ಲದ
ଅଣ-ହୋମୋଜେନସ୍ |,ಆಸ್ಪತ್ರೆಯಿಲ್ಲದ
ଅଣ-ହୋମୋଲୋଜସ୍ |,ಹಗ್ಗದ
ଅଣ-ପୋଲାର ଯ ound ଗିକ |,ಧ್ರುವೀಯ-ಸಂಯುಕ್ತ
ଅଣ-ନବୀକରଣ ଯୋଗ୍ୟ ଶକ୍ତି |,ನವೀಕರಿಸಲಾಗದ ಶಕ್ತಿ
ଅଣ-ସିଲେକ୍ଟିଭ୍ ଯୋଗାଯୋଗ ହରବିକାଇଡ୍ |,ಆಯ್ದ ಸಂಪರ್ಕ ಸಸ್ಯನಾಶಕ
ଅଣ-ସିଲେକ୍ଟିଭ୍ ହରବାଇସିଡ୍ |,ಆಯಾಸವಿಲ್ಲದ ಸಸ್ಯನಾಶಕ
ଅଣ-ସିମ୍ବାଜ୍ିକ୍ ନାଇଟ୍ରୋଜେନ୍ ଫିକ୍ସିସନ୍ |,ಸಿಂಬಿಯೋಟಿಕ್ ಅಲ್ಲದ ಸಾರಜನಕ ಸ್ಥಿರೀಕರಣ
ସାଧାରଣ ବଣ୍ଟନ,ಸಾಮಾನ್ಯ ವಿತರಣೆ
ସାଧାରଣ ବିହନ,ಸಾಮಾನ್ಯ ಮೊಳಕೆ
ସାଧାରଣ ସମାଧାନ,ಸಾಮಾನ್ಯ ಪರಿಹಾರ
ନର୍ମିଜ୍ କରିବା,ಸಾಮಾನ್ಯೀಕರಣ
ଉତ୍ତର ବ୍ଲୋଟିଂ |,ಉತ್ತರದ ಬಡಿತ
ଉଲ୍ଲେଖନୀୟ ରୋଗ,ರೋಗ
ନା-ରୋପଣ କରିବା ପର୍ଯ୍ୟନ୍ତ |,ನೆಡುವುದರವರೆಗೆ ಇಲ್ಲ
ବିଷାକ୍ତ ତୃଣକ |,ಹಾನಿಕಾರಕ ಕಳೆಗಳು
ପରମାଣୁ ଚୁମ୍ବକୀୟ |,ಪರಮಾಣು ಕಾಂತೀಯ
ନ୍ୟୁକ୍ଲିୟ ଏସିଡ୍ |,ನ್ಯೂಕ್ಲಿಯಸ್ ಆಮ್ಲ
ନ୍ୟୁଲିଭାକ୍ଟର୍,ನ್ಯೂಕ್ಲಿಯಬ್ಯಾಕ್ಟರ
ନ୍ୟୁକ୍ଲାଇଲସସ୍,ನ್ಯೂಕ್ಲಿಯೊಲಸ್
ନ୍ୟୁକଲିଟାଇଡ୍ |,ನ್ಯೂಕ್ಲಿಯೊಟೈಡ್
ନ୍ୟୁକ୍ଲିୟସ୍,ನ್ಯೂಕ್ಲಿಯಸ್
ନଲ୍ ହାଇପୋଥେସିସ୍ |,ಶೂನ್ಯ ಕಲ್ಪನೆ
Nullisomic,ಬಹಿಷ್ಕಾರದ
েLL- ମ୍ୟୁଟେସନ୍ |,ಶೂನ್ಯ ರೂಪ
ନର୍ସ ସେଲ୍ |,ದಾದಿ ಕೋಶ
ନର୍ସ କ୍ରପ୍ |,ದಾದಿ ಬೆಳೆ
ନର୍ସରୀ,ನರ್ಸರಿ
ବାଦାମ |,ಕಾಯಿ
ପୁଷ୍ଟିକର ସାଇକେଲ ଚଲାଇବା |,ಪೌಷ್ಟಿಕ ಸೈಕ್ಲಿಂಗ್
ପୁଷ୍ଟିକର ଅଭାବ ଲକ୍ଷଣ |,ಪೋಷಕಾಂಶಗಳ ಕೊರತೆಯ ಲಕ್ಷಣಗಳು
ପୁଷ୍ଟିକର,ಪೋಷಣೆ
ପୁଷ୍ଟିକର ମୂଲ୍ୟ |,ಪೌಷ್ಠಿಕಾಂಶದ ಮೌಲ್ಯ
ପୁଷ୍ଟିକର ମୂଲ୍ୟ ସୂଚକାଙ୍କ |,ಪೌಷ್ಠಿಕ ಮೌಲ್ಯ ಸೂಚ್ಯಂಕ
କୃଷି ସହିତ ଜଡିତ ଗୁରୁତ୍ୱପୂର୍ଣ୍ଣ ଉଦ୍ଭିଦଗୁଡିକର ନାମ |,ಕೃಷಿಗೆ ಸಂಬಂಧಿಸಿದ ಪ್ರಮುಖ ಸಸ್ಯಗಳ ಹೆಸರುಗಳು
ନାଗାଇ କ୍ୟାମ୍ପେଫୋର |,ನಾಗೈ ಕರ್ಪೂರ
ନରସିସସ୍ |,ನಾರ್ಸಸ್
ନିଗେଲା |,ನಾರುಬಟ್ಟೆ
ନାଇଜର,ನೈಜರ್
ନାଇଟ୍ ଜସ୍ମିନ୍ |,ರಾತ್ರಿ ಮಲ್ಲಿಗೆ
ନିପା ପଦ୍ମ,ನಾಪಾ ಅಂಗೈ
ବାଦାମ ଘାସ |,ಕಾಯಿ ಹುಲ್ಲು
ବାଦାମ ସେଜ୍ |,ಕಾಯಿ ಸೆಡ್ಜ್
Nutmegg,ಜಾಯಿಕಾಯಿ
ନେମୋଡେଡ୍ |,ನದಿಮೋಡಿ
Nut ୱେବଭିଲ୍ |,ಅಡಿಕೆ
ନେମୁଟୋଲୋଜିଷ୍ଟ,ವೇಶ್ಯಾಗೃಹ
ଏରୋବ ଲଗାନ୍ତୁ |,ಏರೋಬ್‌ಗಳನ್ನು ಕಡ್ಡಾಯ
AnaRobobes ବାଧ୍ୟତାମୂଳକ |,ಆಮ್ಲಜನಕಾಂಗ
ପର୍ସାଇଟ୍ ପ୍ୟସ୍ତ ହୁଅନ୍ତୁ |,ಪರಾವಲಂಬಿ
ବାଧ୍ୟତାମୂଳକ,ಕಡು
ଅଫ୍ ଷ୍ଟାଟଗୁଡିକ,ಆಫ್-ಮಾದರಿಯ ಸಸ್ಯಗಳು
ତେଲ କେକ୍,ಎಣ್ಣೆ ಕೇಕು
ଓକାଜାକି ଖଣ୍ଡ |,ಒಕಜಾಕಿ ತುಣುಕು
ଓଲେରିକାଲ୍ଟର,ಓಲೆರಿಕ್ರುಲ್ಚರ್
ଅଲିଗୋଜି |,ಆಲಿಗೋಜಿನ್
ଓଲିଗୋନୁଲିଟିଡ୍ |,ಆಲಿಗೊನೆಕ್ಲಿಯೊಟೈಡ್
ଓଲିଭ୍ ତେଲ,ಆಲಿವ್ ಎಣ್ಣೆ
ଓମେଗା -3 ଫ୍ୟାଟି ଏସିଡ୍ |,ಒಮೆಗಾ -3-ಕೊಬ್ಬಿನಾಮ್ಲ
Omnivours,ಸರ್ವಭಕ್ಷಕ
ଅଯୋଜନ |,ಬಾಗುವುದು
OncOpenentic ଜୀବାଣୁ |,ಚುಚ್ಚುವ ವೈರು
ଅଙ୍କୋଲୋଜି |,ಆವರ ಶಾಸ್ತ್ರ
ଅନ୍-ଫାର୍ମ ଅନୁସନ୍ଧାନ |,ಆನ್-ಫಾರ್ಮ್ ರಿಸರ್ಚ್
Oocyte,ಒಸೈಟ್
ପରିଚାଳନା ମୂଲ୍ୟ,ನಿರ್ವಹಣಾ ವೆಚ್ಚ
ଓପନ୍ |,ಒಂದು ಬಗೆಯ operಷಧ
ସୁଯୋଗ କ୍ରପ୍ କରିବା |,ಅವಕಾಶ ಬೆಳೆ
Optimum doe,ಗರಿಷ್ಠ ಪ್ರಮಾಣ
ସର୍ବୋତ୍କୃଷ୍ଟ ଅର୍ଥନ dooe ତିକ ମାତ୍ରା |,ಗರಿಷ್ಠ ಆರ್ಥಿಕ ಪ್ರಮಾಣ
ବଗିଚା ଦକ୍ଷତା |,ಹಣ್ಣಿನ ದಕ್ಷತೆ
ଜ organici େଇ କୃଷି,ಸಾವಯವ ಕೃಷಿ
ଜ organic ବିକ କୋଷଲଏଡ୍ |,ಸಾವಯವ ಕೊಲಾಯ್ಡ್‌ಗಳು
ଜ Organ ବିକ ଚାଷ |,ಸಾವಯವ ಕೃಷಿ
ଜ organic ବ ଖର |,ಸಾವಯವ
ଜଜିକ୍ ବିଷୟ |,ಸಾವಯವ ವಿಷಯ
ଜ organic ବିକ ନଟ୍ରୋଜେନ (ମାଟି),ಸಾವಯವ ಸಾರಜನಕ (ಮಣ್ಣು)
ଜ Organ ବିକ ଫସଫରସ୍ |,ಸಾವಯವ ರಂಜಕ
ଜ organic ବ ମାଟି |,ಸಾವಯವ ಮಣ್ಣು
ଜ organic ବିକ ବସ୍,ಸಾವಯವ ತ್ಯಾಜ್ಯ
ଜ organic ବ୍ |,ಸಾವಯವ
ସଂଗଠିତ ମାର୍କେଟିଂ |,ಸಂಘಟಿತ ಮಾರ್ಕೆಟಿಂಗ್
ସଂଗଠନ,ಅಂಗವಾಸನ
ସଂଗଠନ ମୂଲ୍ୟାଙ୍କନ |,ಆರ್ಗನೊಲೆಪ್ಟಿಕ್ ಮೌಲ್ಯಮಾಪನ
ଅର୍ନଲାଇନ୍,ಪಾರ ವಿಜ್ಞಾನ
ଓଡ଼ିଆ ବିହନ |,ಸಾಂಪ್ರದಾಯಿಕ ಬೀಜ
ଅର୍ଥୋଗୋନାଲ୍ ପଲିନୋମିଆଲ୍ ସମୀକରଣ |,ಆರ್ಥೋಗೋನಲ್ ಬಹುಪದೀಯ ಸಮೀಕರಣ
ଓସମୋସିସ୍ |,ಆಸಾಮಿಗಳು
ଓସମୋଟିକ୍ ପ୍ରଭାବ,ಆಸ್ಮೋಟಿಕ್ ಪರಿಣಾಮ
ଓସମୋଟିକ୍ ସମ୍ଭାବନା |,ಆಸ್ಮೋಟಿಕ್ ಸಾಮರ್ಥ್ಯ
ବ୍ରେକ୍ ଆଉଟ୍,ಸ್ಫೋಟ
ପ୍ରଜାତି,Out ಟ್ ಸಂತಾನೋತ್ಪತ್ತಿ
ଚୁଲି,ಒಲೆ
ଓଭରୱିନ୍ୱର୍ |,ಅತಿಕ್ರಮಣ
ଓଭରଲିପ୍ ପି generation ଼ି |,ಅತಿಕ್ರಮಣ ಉತ್ಪಾದನೆ
ଓଭମ୍ |,ಅಂಡಾಕಾರ
ଅକ୍ସିଡେସନ୍,ಉತ್ಕರ್ಷಣ
ଅକ୍ସିଲୋଫାଇଟ୍ |,ಉತ್ಕರ್ಷಣ
ଓଟସ୍ |,ಓಟ್ಸ್
ତେଲ ଖଜୁରୀ |,ಎಣ್ಣೆ ಅಂಗೈ
ଓଲେଣ୍ଡର୍,ಪಟಲಾದ
ଅଲିଭ୍,ಆಲಿವ್
ପିଆଜ |,ಈರುಸು
ଓଫିୟମ୍ ପପି |,ಅಫೀಮು ಗಸಗಸೆ
"ଓରିଏଣ୍ଟାଲ୍ ପ୍ଲେନ, ୟୁରୋପୀୟ ବିମାନ ଗଛ |","ಓರಿಯಂಟಲ್ ಪ್ಲೇನ್, ಯುರೋಪಿಯನ್ ಪ್ಲೇನ್ ಮರ"
ପ୍ୟାକିଂ,ಚಿರತೆ
ପ୍ୟାଡକ୍ |,ಕಸಾಯಿಖಾನೆ
ଯୋଡି ହୋଇଥିବା ଧାଡି ରୋପଣ |,ಜೋಡಿಯಾಗಿರುವ ಸಾಲು ನೆಡುವಿಕೆ
ସ୍ଥନତା,ರುಚನೀಯತೆ
ପାନିକଲ,ಚೂರು
ପାରାସୀଙ୍କ ବିସର୍ଜନ |,ಪ್ಯಾರಾಸೆಂಟ್ರಿಕ್ ವಿಲೋಮ
ପାରାମିଟର,ನಿಯತಾಂಕ
ପରଜୀବୀ,ಪರಾವಲಂಬಿ
ପାର୍ ବିମାନ,ಪಾರಾಗಲಿ
ପେଣ୍ଟିମା,ಕಪಟ
ପିତାମାତା ପଥର |,ಪೋಷಕ ಬಂಡೆ
ନାବିକ ମରୁଡ଼ି,ಪೂರ್ತಿ ಬರಗಾಲ
18 ପାର୍ଟନେନେସିସ୍,ಪಾಕಾಹಾರಿಕೆ
ଆଂଶିକ କାରକ ଉତ୍ପାଦନ |,ಭಾಗಶಃ ಅಂಶ ಉತ್ಪಾದಕತೆ
ଅଂଶଗ୍ରହଣକାରୀ ଗ୍ରାମାଞ୍ଚଳ ମୂଲ୍ୟାଙ୍କନ |,ಭಾಗವಹಿಸುವ ಗ್ರಾಮೀಣ ಮೌಲ್ಯಮಾಪನ
କଣିକା ଘନତା |,ಕಣಗಳ ಸಾಂದ್ರತೆ
ନିଷ୍କ୍ରିୟ ଅବଶୋଷଣ |,ನಿಷ್ಕ್ರಿಯ ಹೀರಿಕೊಳ್ಳುವಿಕೆ
ଚାରଣଭୂମି,ಹುಲ್ಲೆ
ପେସ୍ୟୁନାଇଜେସନ୍,ಹುಲ್ಲುಗಾವಲು
PCR (ପଲିମେରୀ ଶୃଙ୍ଖଳା ପ୍ରତିକ୍ରିୟା),ಪಿಸಿಆರ್ (ಪಾಲಿಮರೇಸ್ ಚೈನ್ ರಿಯಾಕ್ಷನ್)
କୃଷକ ଚାଷ,ರೈತ ಕೃಷಿ
ପିଟ୍ (ମାଟି),ಪೀಟ್ (ಮಣ್ಣು)
ପେଡଗୁଡିକ,ಗಡ
ପେଡିକେଲ୍ |,ಬೆಕ್ಕುಗಳು
Pedigree,ರೋಗಿಯ
ପେଡୋଜେନିସ୍ |,ಪೆಟ್ಟಿಗೆ
ମିଥ୍ୟାବାଦୀ |,ಶಿಶುಕಾಮ
ଚୋପା,ಸಿಪ್ಪೆಸುರು
ପିଲିଂ,ಸಿಪ್ಪೆ
ପେଲେଟିଂ,ಉಂಡೆ
PerColation |,ನಡುಗುವಿಕೆ
ଚିରସ୍ଥାୟୀ |,ದೀರ್ಘಕಾಲಿಕದ
Pericantricାଂଶ ବିସର୍ଜନ |,ಪೆರಿಸೆಂಟ್ರಿಕ್ ವಿಲೋಮ
ପେରି-ସହରୀ,ಪೆರಿ ನಗರ
Permly,ಪ್ರವೇಶಸಾಧ್ಯತೆ
ଗମ୍ଭୀରତା,ಪರ್ಮ್ಯಾಲಕ
ସ୍ଥାୟୀ ୱିଲିଙ୍ଗ୍ ପଏଣ୍ଟ (pwp),ಶಾಶ್ವತ ವಿಲ್ಟಿಂಗ್ ಪಾಯಿಂಟ್ (ಪಿಡಬ್ಲ್ಯೂಪಿ)
ନିର୍ଦ୍ଦିଷ୍ଟତା ତୃପ୍ତି |,ಪ್ರವೇಶಸಾಧ್ಯತೆಯ ಗುಣಾಂಕ
Permyion ହାର,ಪ್ರವೇಶಸಾಧ್ಯತೆ ದರ
ପରୀମେୟର,ಪರ್ಮಿಯೀಟರ್
କ୍ରମାଗତ ହରବିକାଇଡ୍ |,ನಿರಂತರ ಸಸ್ಯನಾಶಕ
କୀଟନାଶସ୍ତ୍ର,ಕೀಟನಾಶಕ
ପେଟ୍ରୋଫାଇଟ୍ |,ಪೆಟ್ರೋಫೈಟ್
ଫଜ୍,ಪಾರ
ଚାପରେ ପ୍ଲାଣ୍ଟିଂ |,ಹವ್ಯಾಸಿ
ଫାସମିଡ୍ |,ನೂಡು
Phellogen,ಹೆಣಗಾಟಕ
ପର୍ଯ୍ୟାଖିକ୍ ଯ ounds ଗିକ |,ಫೆನಾಲಿಕ್ ಸಂಯುಕ್ತಗಳು
ଫେନୋଜି,ವಿದ್ಯಮಾನಶಾಸ್ತ್ರ
ଫେନୋଟାଇପ୍ |,ಹರಿಯುವರ
ଫେରୋମୋନିଅନ୍,ಶಿರೋಕ್ತಿ
ଭୋର୍ଥ,ಪೃಷ್ಠ
ଫସଫେଟ୍ ଫିକ୍ସିଂ |,ಫಾಸ್ಫೇಟ್ ಸ್ಥಿರೀಕರಣ
ଫସଫେଟ୍ ପଥର |,ಪಟ್ಟು
ଫସଫେଟ୍ ଦ୍ରବ୍ୟୁଟାଇଜେସନ୍ |,ಫಾಸ್ಫೇಟ್ ಕರಗುವಿಕೆ
ଫସଫେଟ୍ ସୋଜିଲିଜ୍ |,ಫಾಸ್ಫೇಟ್ ಕರಗುವಿಕೆ
ଫସପ୍ୟାଟାଇଡ୍ |,ಪೋಫಟೈಡ್
ଫସଫୋ-ଜିପସମ୍ |,ತುಂಡು
ଫସଫୋଲିପିଡ୍ |,ಫಾಸ್ಫಾಲಿಪಿಡ್
ଫସଫୋରୀ,ಫಾಸ್ಫರಿಲೀಕರಣ
ଫଟୋ ସ୍ପେକ୍ଟ୍ରୋୋମିଟର |,ಫೋಟೋ ವರ್ಣಪಟಲ ಮಾಪಕ
ଫଟୋଆଉଡ଼ିଓଫ୍ରଫ,Photoತುಕಂಡ
ଫୋଟୋମେକ୍ିକାଲ୍ ପ୍ରତିକ୍ରିୟା |,ದ್ಯುತಿರಗುಣುಗ
ଫୋଟୋଡିଂମାସୀକରଣ,ದಷಾಯ
ଫଟୋଗ୍ରାଟ୍ରି,ಕಲಬೆರಕೆ
ଫଟୋ ବର୍ର୍ଫୋର୍ଫେର୍ଜ୍ସ୍,ದೃೃರಿವೀಕರಣ
ଫୋଟିନ୍,ಗಾಡಿ
ଫଟୋ-ଅକ୍ସିଡେସନ୍ |,ಆಕ್ಟಿವಾರ
ଫଟୋ,ಭೂಕಾಯದ
ଫୋର୍ସିଓବାଦୀତା,ದಿಯಮಂಡಲ
ଫଟଫେଫୋସଫୋର୍ଡ,ದಾಟು
ଫୋଟୋଆରେକ୍ଟିଭେସନ୍,ದುಗಿಲನ
ଫୋଟୋଲେସ୍ପର୍ |,ದೃಶಿ
ଫଟୋଗ୍ରାସ୍ପିରେସନ୍,ದ್ಯುತಿ ಮಾಡಿ
ଫଟୋସ nthesis,ದ್ಯಂತಾಧನೆ
ଫଟୋସାଇନ୍ଥେଟିକ୍ ଦକ୍ଷତା |,ದ್ಯುತಿಸಾನಥನ ದಕ್ಷತೆ
ଫଟୋଶ୍ୟାଣ୍ଟେଟିକ୍ କୋଟିସେଣ୍ଟ୍ |,ದಶ್ಯಕಾರದ
ଫଟୋସ nat ରୀୟ ଭାବରେ |,ದ್ಯುತಿಸಂಶಕ್ತಿಯಿಂದ
ଫଟୋଟ୍ରୋପିଜିମ୍ |,ವ್ಯತಿರಿಕ್ತತೆ
ଫୁଲା,ಜಗಳ
Phillotixky,ಪಿತೋಷ್ಟವಾದ
ଶାରୀରିକ ପାଣିପାଗ,ದೈಹಿಕ ಹವಾಮಾನ
ଶାରୀରିକ ବ୍ୟାଘାତ,ಶಾರೀರಿಕ ಕಾಯಿಲೆ
ଶାରୀରିକ ଇଚ୍ଛାକୃତ ମରୁଡ଼ି |,ಶಾರೀರಿಕ ಬರಗಾಲ
ଶାରୀରିକ କ୍ଷତି |,ದೈಹಿಕ ನಷ್ಟ
ଶାରୀରିକ ପରିପକ୍ୱତା,ದೈಹಿಕ ಪ್ರಬುದ್ಧತೆ
ପୃଷ୍ଟି,ಕಂಟಾಸ
ପୃ datoextraction,ಫೈಟೊಎಕ್ಸ್ಟ್ರಾಕ್ಷನ್
ଫାଇଟୋନାସ୍,Phದಾಲೆಯಿಲ್ಲದ
ପୃଷ୍ଟୋମୋଡଡ୍,ಕೈಗವಸು
Phyoremediabation,ಫೈಟೊರೆಮಿಡಿಯೇಶನ್
ପୃଷ୍ଜୀସ୍ରୋଫୋର,ಒಂದು ಬಗೆಯ ಉಣ್ಣೆಯಂಥ
PhyToToxic,Phಷಧದ
ପୃy,ರಕ್ತನಾಳ
Pictogract,ಚಿತ್ರಪುರೆ
ପାଇ ଚିତ୍ର |,ಪೈಜೆ ರೇಖೆ
ପାଇଜୋମିଟର |,ಹುಳಿಮರಿ
ପିଚର୍ ଚାଷ,ಪಿಚರ್ ಕೃಷಿ
ସ୍ଥାନ (ସାର),ನಿಯೋಜನೆ (ಗೊಬ್ಬರ)
ସ୍ଥାନ,ಜರಾಯು
ବାଡ଼ିଯାନ |,ಹಲಗೆ
ଉଦ୍ଭିଦ ପ୍ରଜନନ,ಸಸ್ಯ ಸಂತಾನೋತ್ಪತ್ತಿ
ଉଦ୍ଭିଦ ଘନତା |,ಸಸ್ಯ ಸಾಂದ್ರತೆ
ଉଦ୍ଭାବନ ଉଦ୍ଭିଦ |,ಸಸ್ಯ ಪರಿಸರ ವಿಜ್ಞಾನ
ଅଭିବୃଦ୍ଧି ପ୍ରୋତ୍ସାହନ |,ಸಸ್ಯ ಬೆಳವಣಿಗೆಯ ಪ್ರವರ್ತಕ
ଅଭିବୃଦ୍ଧି ନିୟମକ ଉଦ୍ଭିଦ |,ಸಸ್ಯ ಬೆಳವಣಿಗೆಯ ನಿಯಂತ್ರಕ
ଉଦ୍ଭିଦ ପରିଚୟ,ಸಸ್ಯ ಪರಿಚಯ
ଉଦ୍ଭିଦଗୁଡିକ,ಸಸ್ಯ ಪೋಷಕಾಂಶಗಳು
ଉଦ୍ଭାବନ ପୁଷ୍ଟିକର |,ಸಸ್ಯ ಪೋಷಣೆ
କ୍ୱାରାଣ୍ଟାଇନ୍ ନିୟମାବଳୀ |,ಸಸ್ಯ ಸಂಪರ್ಕಸಾಧನ
ଉଦ୍ଭିଦ ଟିସୁ ପରୀକ୍ଷା |,ಸಸ್ಯ ಅಂಗಾಂಶ ಪರೀಕ್ಷೆ
ବୃକ୍ଷରୋପଣ ଫସଲ |,ತೋಟ ಬೆಳೆಗಳು
ରୋପଣକାରୀ,ತೋಟಗಾರ
ବଳକା ସାମଗ୍ରୀ,ನೆಟ್ಟ ವಸ್ತು
ବାଣ୍ଡିବା ଅନୁପାତ,ನೆಟ್ಟ ಅನುಪಾತ
ପ୍ଲାସା,ಚಾಚು
ପ୍ଲାଜ୍ମା ମେମ୍ବ୍ରା |,ಪ್ಲಾಸ್ಮಾ ಪೊಸೆ
ପ୍ଲାଜ୍ମିଡ୍,ತಿಕ್ಕಲು
ପ୍ଲାଜମୋଡେସମା,ತಿಕ್ಕಲು ಮಾಟ
ପ୍ଲାଜମାଇଲ୍ସ,ಪ್ಲಾಸ್ಮೊಲಿಸಿಸ್
ପ୍ଲାଷ୍ଟିକ୍ |,ಪ್ಲಾಸ್ಟಿಕ್ತ್ವ
ପଟେଷ୍ଟିକର,ಪ್ಲಾಸ್ಟಿಕ್ ಸಂಸ್ಕೃತಿ
ପ୍ଲାଷ୍ଟେଡ୍,ಗಡಿಯಾರದ
ନୟୋଟ୍ରୋପିକ୍ ଜିନ୍ |,ಹಳ್ಳದ ಜೀನ್
ପ୍ଲଟ୍ (ପରୀକ୍ଷାମୂଳକ),ಕಥಾವಸ್ತು (ಪ್ರಾಯೋಗಿಕ)
ହଲିଂ,ಉಳುಮೆ
ହଳ-,ಮಂಕುಗ
ହଳ- ସୋଲ୍ ପ୍ଲେସମେଣ୍ଟ |,ತಿಕ್ಕಲು
ପ୍ଲୁଭିଆଲ୍ ଚାଉଳ ଜମି |,ಪ್ಲ್ಯುವಿಯಲ್ ರೈಸ್ ಲ್ಯಾಂಡ್ಸ್
ପ୍ଲୁଭିକ୍ |,ಪಟಲಿನ
ନିମୋଟିକ୍ ସ୍ପ୍ରେର୍ |,ನ್ಯೂಮ್ಯಾಟಿಕ್ ಸಿಂಪಡಿಸುವವನು
ନିମାରଫୋକରେ,ನ್ಯೂಮಾಟೊಫೋರ್
ପୋଡ଼ୋଜଲ୍ ମାଟି |,ಪಾಡ್ಜೋಲ್ ಮಣ್ಣು
ପୋଡ଼ଜୋଲିଅନେସନ୍,ಕಾದಾಟೀಕರಣ
ବିନ୍ଦୁ ମ୍ୟୁଟେସନ୍,ಪಾಯಿಂಟ್ ರೂಪಾಂತರ
ପଏସନ୍ ବଣ୍ଟନ |,ವಿಷಪೂರಿತ ವಿತರಣೆ
ପ୍ରଦର୍ଶକ,ಪರಾಗಸ್ಪರ್ಶಕ
ପଲିଏମ୍ବ୍ରୋନି |,ತಾಳ್ಮೆ
ପଲିମେରାଇଜେସନ୍,ಪಾಲಿಮರೀಕರಣ
ପଲିମର୍ଫାଇଜ୍ |,ಬಹುರೂಪತೆ
ପଲିସିପର୍ମୀ |,ಧ್ವಂಸ
ପଲିଟେନ୍ କ୍ରୋମୋଜୋମ୍ |,ಪಾಲಿಟೀನ್ ವರ್ಣತಂತು
ପୁଏଲୋଜି,ಪೋಲಾಯಶಾಸ್ತ್ರ
ଜନସଂଖ୍ୟା,ಜನಸಂಖ್ಯೆ
ପୋରୋସିଟି (ପୋରେ-ସ୍ପେସ୍),ಸರಂಧ್ರತೆ (ರಂಧ್ರ-ಸ್ಥಳ)
ପରବର୍ତ୍ତୀ ଉଦୀୟୃତ,ಹೊರಹೊಮ್ಮುವಿಕೆ
ଅମଳ ପୋଷ୍ଟ କରନ୍ତୁ |,ಸುಗ್ಗಿಯ ನಂತರ
ଅମୋଜ-ଅମଳ ଟିଲଗ୍ |,ಕೊಯ್ಲು ನಂತರದ ಬೇಸಾಯ
ପୋଲାସିୟମ୍ ଅବଶୋଷଣ ଅନୁପାତ |,ಪೊಟ್ಯಾಸಿಯಮ್ ಹೀರಿಕೊಳ್ಳುವ ಅನುಪಾತ
ପୋଟାସିୟମ୍ ଫିକ୍ସେସନ୍ |,ಪೊಟ್ಯಾಸಿಯಮ್ ಸ್ಥಿರೀಕರಣ
ସମ୍ଭାବ୍ୟ ଅମ୍ଳତା |,ಸಂಭಾವ್ಯ ಆಮ್ಲೀಯತೆ
ସମ୍ଭାବ୍ୟ ଫସଲ ଅମଳ |,ಸಂಭಾವ್ಯ ಬೆಳೆ ಇಳುವರಿ
ସମ୍ଭାବ୍ୟ ବାଷ୍ପୀକରଣ |,ಸಂಭಾವ್ಯ ಆವಿಯಾಗುವಿಕೆ
ସମ୍ଭାବ୍ୟ ବାଷ୍ପୀକରଣ |,ಸಂಭಾವ್ಯ ಎವಪೋಟ್ರಾನ್ಸ್ಫಾರ್ಮೇಶನ್
କୁକୁଡ଼ା ଚାଷ,ಕೋಳಿ ಸಾಕಾಣಿಕೆ
ପ୍ରିରି,ಹುಲ್ಲುಗಾವಲು
ପୂର୍ବ-ପ୍ରସବ ଅବଧି |,ಪೂರ್ವ ಭರಿಸುವ ಅವಧಿ
ବିବାଦ,ಕೆಳಕ್ಕೆ ಇಳಿಯುವಿಕೆ
ସଠିକତା ଚାଷ,ನಿಖರ ಕೃಷಿ
ସଠିକତା କୃଷି,ನಿಖರ ಕೃಷಿ
ପ୍ରିଣ୍ଟେଟର,ಪರಭಕ್ಷಕ
ପୂର୍ବ-ଜରୁରୀକାଳୀନ |,ಪೂರ್ವದ
ପୂର୍ବ-ଜରୁରୀକାଳୀନ ଚିକିତ୍ସା |,ಪೂರ್ವಭಾವಿ ಚಿಕಿತ್ಸೆ
ପୂର୍ବ ଚିକିତ୍ସା,ಪೂರ್ವ -ಪ್ಲಾಂಟಿಂಗ್ ಚಿಕಿತ್ಸೆ
ପ୍ରେସମଦ,ಪ್ರೆಸ್ ಮಡ್
ଚାପ ଗ୍ରେଡିଏଣ୍ଟ୍ |,ಒತ್ತಡದ ಗ್ರೇಡಿಯಂಟ್
ମୂଲ୍ୟ ଇଲାସୀ,ಬೆಲೆ ಸ್ಥಿತಿಸ್ಥಾಪಕತ್ವ
ମୂଲ୍ୟ ସୂଚକାଙ୍କ |,ಬೆಲೆ ಸೂಚ್ಯಂಕ
ପ୍ରାଥମିକ ସଂସ୍କୃତି,ಪ್ರಾಥಮಿಕ ಸಂಸ್ಕೃತಿ
ପ୍ରାଥମିକ ଅଭିବୃଦ୍ଧି |,ಪ್ರಾಥಮಿಕ ಬೆಳವಣಿಗೆ
ପ୍ରାଥମିକ ଟିଲଗ୍ |,ಪ್ರಾಥಮಿಕ ಬೇಸಾಯ
ପ୍ରାଥମିକ,ಪ್ರಾಚೀನ
ପ୍ରାଥମିକତା (ତମାଖୁ),ಪ್ರೈಮಿಂಗ್ (ತಂಬಾಕು)
ପ୍ରାଥମିକ ପର୍ଯ୍ୟାୟ |,ಆದರ್ಶವ್ಯಾಪ್ತಿ
ସୁନ୍,ಪ್ರಿಯಾನ್
ସମ୍ଭାବନା,ಸಂಭವನೀಯತೆ
ପ୍ରମାଣ କର |,ಶೋಧಿಸು
ସମସ୍ୟା ମୃତ୍ତିକା |,ಸಮಸ್ಯೆ ಮಣ್ಣು
ପ୍ରକ୍ରିୟାକରଣ,ಸಂಸ್ಕರಣೆ
ଉତ୍ପାଦନ କାର୍ଯ୍ୟ,ಉತ್ಪಾದಕ ಕಾರ್ಯ
ଉତ୍ପାଦକତା,ಉತ್ಪಾದಕತೆ
ଲାଭ,ಲಾಭ
Promeny-testing,ಸಂತತಿ ಪರೀಕ್ಷೆ
ପ୍ରଗତିଶୀଳ କୃଷକ |,ಪ್ರಗತಿಪರ ರೈತ
ପ୍ରକଳ୍ପ ମୂଲ୍ୟାଙ୍କନ,ಯೋಜನೆಯ ಮೌಲ್ಯಮಾಪನ
ପ୍ରୋକାରିଓଟ୍ |,ಪ್ರಜಗಲಕ
ପ୍ରମୋଟର,ಪ್ರಸರಣಕಾರ
ପ୍ରୋଫାଇଲାକ୍ଟିକ୍ ସ୍ପ୍ରେ |,ರೋಗನಿರೋಧಕ ಸಿಂಪಡಣೆ
ମାଲିକାନା ଚାଷ |,ಸ್ವಾಮ್ಯದ ತಳಿ
ଭେର ମଦ୍ଦାରେ,ಪ್ರಾದೇಶಿಕ
ପ୍ରୋଟିନ୍ |,ಪಶೆಯ
ପ୍ରୋଟିନ୍ ଇଞ୍ଜିନିୟରିଂ,ಪ್ರೋಟೀನ್ ಎಂಜಿನಿಯರಿಂಗ್
ପ୍ରୋଟିନ୍ ସେକନ୍ସିଂ |,ಪ್ರೋಟೀನ್ ಅನುಕ್ರಮ
ପ୍ରୋଟିନ୍ ସିନ୍ଥେସିସ୍ |,ಪ್ರೋಟೀನ್ ಸಂಶ್ಲೇಷಣೆ
ତ୍ରୁଟିପୂର୍ଣ୍ଣ |,ಪ್ರೋಟಿಯೋಮಿಕ್ಸ್
ପ୍ରୋଟୋଗିନି,ಪ್ರಾದೇಶಿಕ
ପ୍ରୋଟପ୍ଲାସମ୍,ಪ್ರಚಾರ
ପ୍ରୋଟୋଟ୍ରୋଫ,ಪ್ರೋಟೋಟ್ರೋಫ್
ପ୍ରୁସିକ୍ ଏସିଡ୍ (HCN / ଧୁରିନ୍),ಪ್ರಶಂಸಕ ಆಮ್ಲ (ಎಚ್‌ಸಿಎನ್/ಧುರಿನ್)
ଛଉଡିଓଲେଲେଲ୍ |,ಹುಸಿ
ଛଉଡିଧର୍ମାଫ୍ରୋଡାଇଟ୍ |,ಸ್ಯೂಡೋಹರ್ಮಾಫ್ರೋಡೈಟ್
ସାଇକ୍ରୋମିଟର |,ಮನೋವೇಶ ಎಮರ್
କଦଳୀ,ಕೊಚ್ಚೆಗುಂಡಿ
ପୁଡଡ୍ ମାଟି |,ಕೊಳೆತ ಮಣ್ಣು
ପୁଡିଙ୍ଗ୍ |,ಕೊಚ್ಚೆ
ପତନ,ತಿರುಳು
ପଲ୍ସ ବିହନ |,ನಾಡಿ ಬೀಜ
ପୁଲଭରାଇଜେସନ୍ |,ನುಗ್ಗುವಿಕೆ
ପଲଭରାଇଜେସନ୍ (ମାଟି),ಪಲ್ವೆರೈಸೇಶನ್ (ಮಣ್ಣು)
ପୁଷ୍ମ,ಕಟುವಾದ
ଶୁଦ୍ଧ ସଂସ୍କୃତି,ಶುದ್ಧ ಸಂಸ್ಕೃತಿ
ଶୁଦ୍ଧ ରେଖା,ಶುದ್ಧ ರೇಖೆ
ଶୁଦ୍ଧ ଧାଡି ଚୟନ |,ಶುದ್ಧ ಸಾಲಿನ ಆಯ್ಕೆ
ଶୁଦ୍ଧ,ಶುದ್ಧ
ଶୁଦ୍ଧତା,ಶುದ್ಧೀಕರಣ
ଶୁଦ୍ଧତା ପରୀକ୍ଷା,ಶುದ್ಧತೆ ಪರೀಕ್ಷೆ
Pyranation,ವಿಪತ್ತು
Pyreegormentter,ಹುಳಿಮಾಪಕ
Pymliistomer,ಕಾಲ್ಪನಿಕ ಮಾಪಕ
ପ୍ୟାଡି,ಭತ್ತರ
ପାଲମାରୋସା,ಒಂದು ಬಗೆಯ ಪಡ
ପାଲମ୍ରା ଖଜୁରୀ |,ಪಾಮರ ಅಂಗೈ
ପାଣ୍ଡନସ୍ |,ಪಾಂಡನಸ್
ଭଡା,ಪಪ್ಪಾಯಿ
ପାରା ଘାସ |,ಒಂದು ಬಗೆಯ ಉಣ್ಣೆಯ ಹುಲ್ಲು
ଭୃସଙ୍ଗ ପତ୍ର |,ಪಾರ್ಸ್ಲಿ
"ଅଂଶୀଦାର, (କଂଗ୍ରେସ ଘାସ)","ಪಾರ್ಥೆನಿಯಮ್, (ಕಾಂಗ್ರೆಸ್ ಹುಲ್ಲು)"
ପାଚୁଲିଲି,ತೇಪೆ
ପିଚ,ಬಿಲ್ಲೆ
"ମୟୂର ଫୁଲ, ସ୍ୱର୍ଗୀୟ ଫୁଲ |","ನವಿಲು ಹೂವು, ಸ್ವರ್ಗ ಹೂವು"
ମୋତି,ಪಿಯರ್
ମୋତି ମିଲେଟ୍ |,ಪರ್ಲ್ ರಾಗಿ
ମଟର,ಬಟಾಣಿ
ପେକାନ୍ ବାଦାମ |,ಕಸಾಯಿಖಾನೆ
ପେନେଲ୍ |,ಹಸುರು
ପେପିନୋ |,ಪಟ
ହଳଦୀ,ಮೆಣಸು
ପର୍ଲାଲା |,ಪಟ್ಟು
Periwinkle,ಒಂದು ಬಗೆಯ ನಾಚಿಕೆಗೇಡಿ
ମନସାଇବନ୍ |,ಕಡು
ଫାଲସା,ಒಂದು ಬಗೆಯ ಪಡ
କପୋତପିତା |,ಪಾರಿವಾಳ
ପିମ୍ପର୍ନେଲ୍ (ଆନାଗଲିଙ୍ଗ୍),ಪಿಂಪರ್ನೆಲ್ (ಅನಾಗಲ್ಲಿಸ್)
କଦଳୀ,ಹಳ್ಳ
ଧନିଆ ପତ୍ର |,ಅನಾನಸ್
"ପିସ୍ତା, ସବୁଜ ବାଦାମ |","ಪಿಸ್ತಾ, ಹಸಿರು ಬಾದಾಮಿ"
ଘିଅ |,ನಾರು
ସୂଚିତ ଗୁପ୍ତ,ಪಾಯಿಂಟೆಡ್ ಸೋರೆಕಾಯಿ
ଡାଳିମ୍ବ,ದಾಳಿಂಬೆ
ପାଉଙ୍ଗାମ,ಒಂದು ಬಗೆಯ ಪಂಗಡ
ପପଲର୍ |,ಚಾಚು
ପପି,ಗಂಟು
ପୋର୍ଟୁଲାକା |,ಮೊಂಡುಕಳೆ
ଆଳୁ,ಆಲೂಗಡ್ಡೆ
କଦଳୀ ପପି |,ಮುಸುಕಿನ ಗಸಗಸೆ
"ଭାରତର ଗର୍ବ, ଚାଇନା ଗଛର ଗର୍ବ |","ಪ್ರೈಡ್ ಆಫ್ ಇಂಡಿಯಾ, ಚೀನಾ ಟ್ರೀ"
ପ୍ରୋସୋ ମିଲି |,ಪ್ರಾಸೋ ರಾಗಿ
ମାନସିକିୟମ,ಒಂದು ಬಗೆಯ ಕಂತು
ପୁଲସାନାନ୍ |,ಪುಲಸ
ପୁମକିନ୍ |,ಕಬ್ಬಿಣದ
ପମ୍ମେଲୋ |,ಕಬ್ಬಿಣದ
ଚିତ୍ରିତ ତ୍ରୁଟି |,ಚಿತ್ರಿತ ದೋಷ
ପାରା,ಗಿಳಿ
ମୟୂର,ನವಿಲು
ପୋଡ୍ ବୋରର୍,ಪಾಡ್ ಕೊಳೆ
ପୋଡ୍ ଫ୍ଲାଏ |,ಹರಿವು
ପଲ୍ସ ପୋକ,ನಾಡಿ ಜೀರುಂಡೆ
ପାଇର୍ଲା,ಒಂದು ಬಗೆಯ ಉಣ್ಣೆಯಂಥ
ପାଥୋଲୋଜିଷ୍ଟ,ರೋಗಶಾಸ್ತ್ರಜ್ಞ
ମିଥ୍ୟାବାଦୀ,ಶಿಶುಪಾಲಕ
ଉଦ୍ଭିଦ ପ୍ରାଣୀ,ಸಸ್ಯ ತಳಿಗಾರ
ପ୍ଲାଥୋଲୋଜିଷ୍ଟ,ಸಸ್ಯ ರೋಗಶಾಸ್ತ್ರಜ್ಞ
Plicliifologist,ಸಸ್ಯ ಶರೀರಶಾಸ್ತ್ರಜ್ಞ
ପୋଲୋଲୋଜିଷ୍ଟ,ಪೊಮೆಲು ಶಾಸ್ತ್ರಜ್ಞ
ପ୍ର 10,ಪ್ರಶ್ನೆ 10
QTL (ପରିମାଣିକ ଗୁଣ ଚିହ୍ନ),ಕ್ಯೂಟಿಎಲ್ (ಪರಿಮಾಣಾತ್ಮಕ ಲಕ್ಷಣ ಲೊಕಿ)
ଉଡାଟ୍ରାଟସ୍ |,ಒಂದು ಭಾಗ
ଚତୁର୍ଥାଂଶ ପ୍ରତିକ୍ରିୟା |,ಚತುರ್ಭುಜ
ଚତୁର୍ଦ୍ଦଶ କ୍ରପ୍ |,ಚತುಷ್ಪಥ
ଗୁଣା ଉତ୍ତରାଧିକାରୀ,ಗುಣಾತ್ಮಕ ಆನುವಂಶಿಕತೆ
ଗୁଣାତ୍ମକ ବିହନ,ಗುಣಮಟ್ಟ
ପରିମାଣିକ ଜେନେଟିକ୍ସ |,ಪರಿಮಾಣಾತ್ಮಕ ತಳಿಶಾಸ್ತ್ರ
ପରିମାଣିକ ଉତ୍ତରାଧିକାରୀ |,ಪರಿಮಾಣಾತ್ಮಕ ಆನುವಂಶಿಕತೆ
କ୍ୱାଣ୍ଟମ୍ ବିହନ,ಕ್ವಾಜಲ್ ಬೀಜ
କ୍ୱାଣ୍ଟିନ,ದಿಗ್ಬಂಧನ
କ୍ୱାଣ୍ଟାଇନ୍ ପୋକ |,ನಿರ್ಬಂಧ ಕೀಟ
ଚତୁର୍ଥାଂଶ,ಭರ್ಜರಿ
ଶୀଘ୍ର ପରୀକ୍ଷା,ತ್ವರಿತ ಪರೀಕ್ಷೆ
Questence,ತಟ್ಟುವಿಕೆ
କ୍ୱିସେଣ୍ଟ ସେଣ୍ଟର |,ಚಿರತೆ ಕೇಂದ್ರ
ନିନ୍ଦା,ಗಡಿಗೆ
ରାଣୀ ମହୁମାଛି,ರಾಣಿ ಜೇನುಹುಳು
R ମୂଲ୍ୟ,R ಮೌಲ್ಯ
ରବି (ଶୀତ) ଫସଲ |,ರಬಿ (ಚಳಿಗಾಲದ)
Rastem,ರೇಸ್ಮೆ
ବିକିରଣ,ವಿಕಿರಣ
ରେଡ଼ିଓ,ವಾಗ್ದಾಳಿ
ରେଡିଓ ଆକ୍ଟସ୍,ವಿಕಿರಣಶೀಲತೆ
ରେଡିଓବାଇଲୋଜି |,ರೇಡಿಯೋ ಜೀವವಿಜ್ಞಾನ
ରେଡିଓମୁନୋ ଆକାଂସେ |,ರೇಡಿಯಾಮನೊ ಅಸ್ಸೇ
ରେଡିଓସୋଟୋପ୍,ರೇಡಿಯೋ ಐಸೋಟೋಪ್
ବର୍ଷା ଜଳ ଅମଳ,ಮಳೆ ನೀರು ಕೊಯ್ಲು
ଇନ୍ଦ୍ରଧନୁ ବିପ୍ଳବ |,ಮಳೆಬಿಲ್ಲು ಕ್ರಾಂತಿ
ବର୍ଷା,ಮಳೆ
ବର୍ଷା,ಮಳೆಯ
ବର୍ଷା-ଗେଜ୍ |,ಮಳೆ ಮಾಪಕ
ବର୍ଷା ason ତୁ,ಮಳೆಗಾಲ
ଶଯ୍ୟା,ಬೆಳೆದ ಹಾಸಿಗೆ
ରାଗିଂ,ರಾಟೆ
ରାକ୍ଷୀତା,ಬುದ್ದಿ
ଅନିୟମିତ ଆମ୍ପ୍ଲାଇଡ୍ ପଲେମୋରଫିକ୍ |,ಯಾದೃಚ್ om ಿಕ ಆಂಪ್ಲಿಫೈಡ್ ಪಾಲಿಮಾರ್ಫಿಕ್
ଅନିୟମିତ ନମୁନା |,ಯಾದೃಚ್ shourcu ಿಕ ಮಾದರಿ
ରାଣ୍ଡମାଇଜେସନ୍,ಯಾದೃಚ್izationೀಕರಣ
ରାଣ୍ଡୋମାଇଜଡ୍ ବ୍ଲକ୍ ଡିଜାଇନ୍ |,ಯಾದೃಚ್ ized ಿಕ ಬ್ಲಾಕ್ ವಿನ್ಯಾಸ
ପରିସର (ପରିସଂଖ୍ୟାନ),ಶ್ರೇಣಿ (ಅಂಕಿಅಂಶಗಳು)
ପରିସର ମଧ୍ୟରେ |,ನೆಲಮಾಳಿಗೆ
ପରିସର ପରିଚାଳନା,ಶ್ರೇಣಿ ನಿರ್ವಹಣೆ
ରାପିଡ୍ ଗ୍ରାମୀଣ ମୂଲ୍ୟାଙ୍କନ (RRA),ಕ್ಷಿಪ್ರ ಗ್ರಾಮೀಣ ಮೌಲ್ಯಮಾಪನ (ಆರ್‌ಆರ್‌ಎ)
ରାସନ,ಪಡಿತರ
ରେଟୋନ୍ |,ರಾಟೂರಿ
ରାଟୋନ୍ କ୍ରପ୍ |,ರಾಟೂನ್ ಬೆಳೆ
ଅମଳକାରୀ,ಕಣ್ಗೆ
ପୁନ al ବିଚାର ବିହନ |,ಮರುಕಳಿಸುವ ಬೀಜ
ରିସେସ୍ ଫାର୍ମିଂ |,ಹಿಂಜರಿತ ಕೃಷಿ
ବିମୁଦ୍ରାକରଣ ପର୍ଯ୍ୟାୟ |,ಹಿಂಜರಿತ ಹಂತ
ବେବେସିଭ୍ |,ಹಿಂಜರಿಸುವ
ରିଚାର୍ଜ କର |,ಪುನರ್ಭರ್ತಿ
ପାରସ୍ପରିକ ଜିନ୍,ಪರಸ್ಪರ ಜೀನ್‌ಗಳು
ମନୋରମ ଜମି |,ಪುನಃ ಪಡೆದುಕೊಂಡ ಭೂಮಿ
Relmbinant,ಪುನಸ್ಸಂಯೋಜಕ
Relmbinant DNA ଟେକ୍ନୋଲୋଜି |,ಪುನರ್ಸಂಯೋಜಕ ಡಿಎನ್‌ಎ ತಂತ್ರಜ್ಞಾನ
ରେଖମ,ಪುನಸ್ಸಂಗಣ
ରେକନ୍ |,ಮರುಸಂಗ್ರಹಿಸು
ପୁନ on ନିର୍ମାଣକାରୀ ସର୍ଭେ |,ಮರುಜೋಡಣೆ ಸಮೀಕ್ಷೆ
ବାରମ୍ବାର ପିତାମାତା |,ಪುನರಾವರ್ತಿತ ಪೋಷಕರು
ପୁନ yc ବ୍ୟବହାର ଯୋଗ୍ୟ ବର୍ଜ୍ୟବସ୍ତୁ |,ಮರುಬಳಕೆ ಮಾಡಬಹುದಾದ ತ್ಯಾಜ್ಯ
ନାଲି ଆଲଗା |,ಕೆಂಪು ಪಾಚಿಗಳು
ରେଡ୍ ଡାଟା ବୁକ୍ |,ಕೆಂಪು ದತ್ತಾಂಶ ಪುಸ್ತಕ
ଲାଲ୍ ମୃତ୍ତିକା |,ಕೆಂಪು ಮಣ್ಣು
ରେଡକ୍ସ ସମ୍ଭାବନା |,ರೆಡಾಕ್ಸ್ ಸಂಭಾವ್ಯ
ହ୍ରାସ ହୋଇଥିବା ନମୁନା |,ಕಡಿಮೆಯಾದ ಮಾದರಿ
ହ୍ରାସ ହୋଇଥିବା ଟିଲାଗ୍ |,ಬೇಸಾಯ ಕಡಿಮೆಯಾಗಿದೆ
ଚିନି ହ୍ରାସ କରିବା |,ಸಕ್ಕರೆ ಕಡಿಮೆ ಮಾಡುವುದು
ହ୍ରାସ,ಕಡಿತ
ସନ୍ଦର୍ଭ ଫସଲ,ಉಲ್ಲೇಖ ಬೆಳೆ
ପ୍ରତିଫଳନ କୋଏଫିସିଏଣ୍ଟ୍ |,ಪ್ರತಿಫಲನ ಗುಣಾಂಕ
ପ୍ରତିଫଳନ,ಪ್ರತಿಫಲನ
ପ୍ରତିଫଳିତ ଷ୍ଟାମେନ୍ |,ಪ್ರತಿಫಲಿತ ಕೇಸರ
ପ୍ରତିକ୍ରିୟାଶୀଳ ସୂଚକାଙ୍କ |,ವಕ್ರೀಕರಣ ಸೂಚಿ
FefracTomer |,ವಕ್ರೀಕರಣಮಾಪಕ
ପୁନ el ନିର୍ମାଣ,ಪುನರುತ್ಪಾದನೆ
ପଞ୍ଜିକରଣ ବିହନ |,ನೋಂದಾಯಿತ ಬೀಜ
ରେଗ୍ନିଥ୍ |,ಪುನರಂಗ್ರಹಿಸು
ରଗ୍ରେସନ୍,ಹಿಂಜರಿಕೆ
ରିଗ୍ରେସନ୍ କୋଏଫିସିଏଣ୍ଟ୍ |,ಹಿಂಜರಿತ ಗುಣಾಂಕ
ନିୟାମକ ଜିନ୍,ನಿಯಂತ್ರಕ ಜೀನ್
ଆପେକ୍ଷିକ ଫସଲ-ତୀବ୍ରତା ସୂଚକାଙ୍କ |,ಸಾಪೇಕ್ಷ ಬೆಳೆ-ತೀವ್ರತೆಯ ಸೂಚ್ಯಂಕ
ଆପେକ୍ଷିକ ଜନଗହଳିପୂର୍ଣ୍ଣ କୋଏଫିସିଏଣ୍ଟ୍ (k),ಸಾಪೇಕ್ಷ ಜನಸಂದಣಿ ಗುಣಾಂಕ (ಕೆ)
ଆପେକ୍ଷିକ ଅଭିବୃଦ୍ଧି ହାର (rgr),ಸಾಪೇಕ್ಷ ಬೆಳವಣಿಗೆಯ ದರ (ಆರ್ಜಿಆರ್)
ଆପେକ୍ଷିକ ଆର୍ଦ୍ରତା (RH),ಸಾಪೇಕ್ಷ ಆರ್ದ್ರತೆ (ಆರ್ಹೆಚ್)
ଆପେକ୍ଷୀ ବିସ୍ତାର ସୂଚକାଙ୍କ |,ಸಾಪೇಕ್ಷ ಹರಡುವಿಕೆ ಸೂಚ್ಯಂಕ
ଆପେକ୍ଷିକ ଜଳ ବିଷୟବସ୍ତୁ |,ಸಾಪೇಕ್ಷ ನೀರಿನ ಅಂಶ
ଆପେକ୍ଷିକ ତୃଣ,ಸಾಪೇಕ್ಷ ಕಳೆ
ଆପେକ୍ଷୀ ଅମୂନ୍ସ ଇଣ୍ଡେକ୍ସ |,ಸಾಪೇಕ್ಷ ಇಳುವರಿ ಸೂಚ್ಯಂಕ
ଉଦ୍ୟୋଗୀ ଅମଳ ସମୁଦାୟ |,ಸಾಪೇಕ್ಷ ಇಳುವರಿ ಒಟ್ಟು
ରିଲେ କ୍ରପ୍ କରନ୍ତୁ |,ರಿಲೇ ಬೆಳೆ
ରିଲିଫ୍,ಪರಿಹಾರ
ସୁଦୂର ସେଟିଙ୍ଗ୍ |,ದೂರ ಸಂವೇದಿ
ଶକ୍ତିର ନବୀକରଣ ଯୋଗ୍ୟ ଉତ୍ସ |,ನವೀಕರಿಸಬಹುದಾದ ಶಕ್ತಿಯ ಮೂಲಗಳು
ନବୀକରଣ,ನವೀಕರಣ
ଘୃଣ୍ୟ,ನಿವಾರಕ
ନକଲ ଫଙ୍କ୍ |,ಪುನರಾವರ್ತನೆ
ନକଲ,ಪುನರಾವರ್ತನೆ
ସାମ୍ବାଦିକ ଜିନ୍,ವರದಿಗಾರ
ସାରର ଅବଶିଷ୍ଟ ପ୍ରଭାବ |,ಗೊಬ್ಬರದ ಉಳಿದ ಪರಿಣಾಮ
ଖଣିର ଅବଶିଷ୍ଟ ପ୍ରଭାବ |,ಗೊಬ್ಬರದ ಉಳಿದ ಪರಿಣಾಮ
ଅବଶିଷ୍ଟ ସୋଡିୟମ୍ କାର୍ବନେଟ୍ |,ಉಳಿದಿರುವ ಸೋಡಿಯಂ ಕಾರ್ಬೊನೇಟ್
ଅବଶିଷ୍ଟ ମାଟି ଉର୍ବରତା |,ಉಳಿದಿರುವ ಮಣ್ಣಿನ ಫಲವತ್ತತೆ
ଅବଶିଷ୍ଟାଂଶ,ಶೇಷ
ସ୍ଥିରତା (ଫସଲ),ಸ್ಥಿತಿಸ್ಥಾಪಕತ್ವ (ಬೆಳೆ)
ଉତ୍ସ-ବ୍ୟବହାର ସୂଚକାଙ୍କ (RUI),ಸಂಪನ್ಮೂಲ-ಬಳಕೆಯ ಸೂಚ್ಯಂಕಗಳು (ಆರ್‌ಯುಐ)
ଶ୍ iration ାସକ୍ରିୟା,ಉಸಿರಾಟ
ଶ୍ୱାସକ୍ରିୟା ପିଗମେଣ୍ଟ |,ಉಸಿರಾಟದ ವರ್ಣದ್ರವ್ಯಗಳು
ଶ୍ ir ାସକ୍ରିୟା,ಉಸಿರಾಟದ ಅಂಶ
ପ୍ରତିକ୍ରିୟା ବକ୍ର,ಪ್ರತಿಕ್ರಿಯೆ
ପ୍ରତିକ୍ରିୟା,ಪ್ರತಿಕ್ರಿಯೆ
ପୁନ it ଉଦ୍ଧାର ନ୍ୟୁକ୍ଲିୟସ୍ |,ಮರುಸ್ಥಾಪನೆ ನ್ಯೂಕ್ಲಿಯಸ್
ପୁନରୁଦ୍ଧାର ରେଖା |,ಪುನಃಸ್ಥಾಪಕ ಮಾರ್ಗ
ପ୍ରତିବନ୍ଧକ ଏନଜାଇମ୍ |,ನಿರ್ಬಂಧ ಕಿಣ್ವ
ପ୍ରତିବନ୍ଧକ ଖଣ୍ଡ |,ನಿರ್ಬಂಧ ತುಣುಕು
ଫଳାଫଳ ପ୍ରଦର୍ଶନ,ಫಲಿತಾಂಶ ಪ್ರದರ್ಶನ
ଖୁବ୍,ಚಿಲ್ಲರೆ ವ್ಯಾಪಾರ
ଅବସର,ರಿಟಾರ್ಡುವವನು
ରେଟ୍ରୋଭିରସ୍ |,ರೇಖಾ
ଆଉଟ,ಪುನರಾರಂಭ
ରାଜସ୍ୱ,ಆದಾಯ
ଓଲଟା ଜେନେଟିକ୍ସ |,ಹಿಮ್ಮುಖ ತಳಿಶಾಸ್ತ್ರ
ଓଲଟା ପରିବର୍ତ୍ତନ,ಹಿಮ್ಮುಖ ರೂಪಾಂತರ
Rhizobacteria (Pgpr),ರೈಜೋಬ್ಯಾಕ್ಟೀರಿಯಾ (ಪಿಜಿಪಿಆರ್)
RhizDopention,ರೈಜೋಡೆಪಾಡೇಶನ್
Rhizଏଦ,ರೀಜೋಯಿ
ରାଇଜୋମ୍ |,ರೀಜೋಮ್
Rhizsoperre,ರೀಜೋವರ್ಗ
Ribooseome,ಗುಲೋಟ
ଜୀବମାନଙ୍କ ପରି ରିକେଟସିଆ |,ರಿಕೆಟ್ಸಿಯಾ ಜೀವಿಗಳಂತೆ
ରିଜ୍ ପୂର୍ବ (ମୁକ୍ତି),ರಿಡ್ಜ್ ಹಿಂದಿನ (ರಿಡ್ಜರ್)
ରିଜ୍ ପ୍ଲାଙ୍ଗ୍ |,ಪಿರಾಯಿ
ରିଜ୍ ଟେରାସ୍ |,ಪಿರಾಯಿ ಟೆರೇಸ್
ପରାଜିତ,ರಿಡ್ಜ್ ತನಕ
ରିଲ୍ କ୍ଷୟ |,ಪಶು ಸವೆತ
ବିପଦ,ಅಪಾಯ
Rna ସିଡ଼ି,ಆರ್‌ಎನ್‌ಎ ಏಣಿ
ପଥର,ಬಂಡೆ
ଦୁର୍ବଣାର,ಗಂಟು
ରୋଜେୟିଙ୍ଗ୍,ಸ್ರವಿಸುವ
ମୂଳ ଫସଲ,ಬೇರು ಬೆಳೆ
ମୂଳ ସୂକ୍ଷ୍ମ ଅଟେ |,ರೂಟ್ ಹೊರಸೂಸುತ್ತದೆ
ମୂଳ ଗଲ୍ ନେମାଟୋଡ୍ |,ರೂಟ್ ಗಾಲ್ ನೆಮಟೋಡ್
ମୂଳ ପ୍ରବର୍ତ୍ତିତ ପ୍ଲସ୍ମେଡ୍ |,ರೂಟ್ ಪ್ರಚೋದಿಸುವ ಪ್ಲಾಸ್ಮಿಡ್
ମୂଳ କ NO ଣସି ଜିନିଷ |,ರೂಟ್ ಗಂಟುಗಳು
RootsTock,ಬೇರುಕಾಂಡ
ରୋଷ୍ଟେଟେ ରୋଗ |,ರೋಸೆಟ್ ಕಾಯಿಲೆ
ରୋଜେଟ ପଲିମେକ୍ |,ರೋಸೆಟ್ ಪಾಲಿಎಂಬ್ರಿಯೊನಿ
ରୋଜେଟ୍ ଭାଇରସ୍ |,ರೋಸೆಟ್ ವೈರಸ್
ଘୂର୍ଣ୍ଣିନ ଟିଲଗେଜ୍ |,ರೋಟರಿ ಬೇಸಾಯ
ଘୂର୍ଣ୍ଣନ ଚରିବା |,ಆವರ್ತಕ ಮೇಯಿಸುವಿಕೆ
ରଗେଜ୍ |,ದಟ್ಟವಾದ
ଧାଡି ଫସଲ |,ಸಾಲು ಬೆಳೆಗಳು
ଧାଡି ଇଣ୍ଟରକ୍ରପ୍ |,ಸಾಲು ಇಂಟರ್ ಕ್ರಾಪಿಂಗ್
RTS ପାନୀୟ,ಆರ್ಟಿಎಸ್ ಪಾನೀಯ
ରନର୍,ಓಟಗಾರ
ଚାଷ,ರನ್-ಆಫ್ ಕೃಷಿ
ରନ୍-ଅଫ୍ |,ಓಡಿಹೋಗುವ
ଗ୍ରାମୀଣ ଆଞ୍ଚଳିକ ବ୍ୟାଙ୍କ |,ಗ್ರಾಮೀಣ ಪ್ರಾದೇಶಿಕ ಬ್ಯಾಂಕ್
ମୂଳା,ಮೂಲನಿಶಾಲೆಯ
ବର୍ଷା ଗଛ,ಮಳೆಯ ಮರ
କିସମିସ୍,ಒಣದ್ರಾಕ್ಷಿ
ରାମ୍ବୁଟାନ୍ |,ರಾಂಬುಟಾನ್
ରଙ୍ଗୁନ୍ କ୍ରପର୍ |,ರಂಗೂನ್ ಕ್ರೀಪರ್
ବଳାତ୍କାର,ರಾಪೆಸಳೆ
ରସଗୋଲା |,ರಾಸ್‌ಬೆರಿ
ମୂଷା-ଲାଞ୍ଜ ମୂଳା |,ಬಲಿಪೀಠ
ରତନ,ನುಗ್ಗು
ଲାଲ୍ କେଦାର (ଟୋନା),ಕೆಂಪು ಸೀಡರ್ (ಟೂನಾ)
ନାଲି କ୍ଲୋଭର |,ಕೆಂಪು ಕ್ಲೋವರ್
ଲାଲ୍ ରେଶମ ଗଛ |,ಕೆಂಪು ರೇಷ್ಮೆ ಮರ
ବାଡ଼ି ଘାସ |,ರೀಡ್ ಹುಲ್ಲು
ରୋଡସ୍ ଘାସ |,ರೋಡ್ಸ್ ಹುಲ್ಲು
ରଡୋଡନ୍ |,Rhದಾನದ
Rhus,ಕಸ
ଚାଉଳ |,ಅಕ್ಕಿ
ଚାଳିତ ଗୋର୍ଟେଡ୍ |,ರಿಡ್ಜ್ಡ್ ಸೋರೆಕಾಯಿ
ଗୋଲାପ,ಗುಲಾಬಿ
ରୋସ୍ ବେରୀ |,ಗುಲಾಬಿ ಬೆರ್ರಿ
ରୋଜଗର,ಪ್ರಾಸಣಿ
ଗୋଲାକାର ଗୁଣ୍ଡ |,ಸುತ್ತಿನ
ରବର,ರಬ್ಬರ್
ମୂଷା,ಇಲಿ
ନାଲି ଖଜୁରୀ ବୁଣା,ಕೆಂಪು ತಾಳೆ ವೀವಿಲ್
ରେଡ୍ କଖାରୁ ବିଟଲ୍ |,ಕೆಂಪು ಕುಂಬಳಕಾಯಿ ಜೀರುಂಡೆ
Rhincorsro Beetle,ಖಡ್ಗಮೃಗದ ಜೀರುಂಡೆ
ଚାଉଳ ବୁଣାକାର |,ಅಕ್ಕಿ ವೆವಿಲ್
ସାଲାଇନ୍ ଆଲକାଲି ମାଟି |,ಲವಣಯುಕ್ತ ಮಣ್ಣು
ସାଲାଇନ୍ ମାଟି |,ಲವಣಯುಕ್ತ ಮಣ್ಣು
ଲୁଣିଆନାମା,ಲವಣೀಕರಣ
ସାଲଭାରୀ ଗ୍ରନ୍ଥି କ୍ରୋମୋଜୋମ୍ |,ಲಾಲಾರಸ ವರ್ಣತಂತು
ଲୁଣ,ಉಪ್ಪು
ଲୁଣ ପ୍ରଭାବିତ ମାଟି |,ಉಪ್ಪು ಪೀಡಿತ ಮಣ್ಣು
ଲୁଣ ସୂଚକାଙ୍କ |,ಉಪ್ಪು ಸೂಚಿಕೆ
ଲୁଣ ଚାପ,ಉಪ್ಪು ಒತ್ತಡ
ଲୁଣ ସହନଶୀଳତା |,ಉಪ್ಪು ಸಹನೆ
ନମୁନା,ಮಾದರಿ
ନମୁନା ଦେବ |,ಮಾದರಿ ದೋಷ
ନମୁନା ୟୁନିଟ୍ |,ಮಾದರಿ ಘಟಕ
ନମୁନା,ಮಾದರಿ
ବାଲି,ಮರಳು
ବାଲୁକା ମାଟି |,ಮರಳು ಜೇಡಿಮಣ್ಣು
ବାଲୁକା ଲାମ,ಮರಳು ಲೋಮ್
ବାଲୁକା ମାଟି |,ಮರಳು ಮಣ್ಣು
ସପ୍,ಸಕಲ
ସାହସ,ಸಸಿ
ସାପନଫିକେସନ୍ ମୂଲ୍ୟ |,ಸಪೋನಿಫಿಕೇಶನ್ ಮೌಲ್ಯ
ଉପଗ୍ରହ DNA,ಉಪಗ್ರಹ
ସାଟେଲାଇଟ୍ ତୃଣକ |,ಉಪಗ್ರಹ
ପରିପୂର୍ଣ୍ଣ ବାଷ୍ପ ଚାପ |,ಸ್ಯಾಚುರೇಟೆಡ್ ಆವಿಯ ಒತ್ತಡ
ସାଭାନା,ಸನ್ಯಾಸಿನಿ
ସ୍କାଫୋଲ୍ଡ ପ୍ରୋଟିନ୍ |,ಸ್ಕ್ಯಾಫೋಲ್ಡ್ ಪ್ರೋಟೀನ್
ଶ୍ୟାପ୍,ಗಾಡಿ
ଜଳୀୟ,ಕೊಯ್ದು
ଚମ୍ପନ୍,ಸಿಯಾನ್
ସ୍କିଫାଇଟସ୍ |,ರಕ್ತಸಂಬದ್ಧತೆಗಳು
ମ al ସୁମୀ ଚକ୍ର,ಕಾಲೋಚಿತ ಚಕ್ರ
ମ al ସୁମୀ ମରୁଡ଼ି,ಕಾಲೋಚಿತ ಬರಗಾಲ
ମ al ସୁମୀ ଉଦ୍ଭିଦ,ಕಾಲೋಚಿತ ಸಸ್ಯ
ମାଧ୍ୟମିକ ଅଭିବୃଦ୍ଧି,ದ್ವಿತೀಯ ಬೆಳವಣಿಗೆ
ମାଧ୍ୟମିକ ଉଦ୍ଭିଦ ପୁଷ୍ଟିକର |,ದ್ವಿತೀಯಕ ಸಸ್ಯ ಪೋಷಕಾಂಶಗಳು
ମାଧ୍ୟମିକ ଉତ୍ପାଦକତା |,ದ್ವಿತೀಯ ಉತ್ಪಾದಕತೆ
ମାଧ୍ୟମିକ ଟିଲଗେଜ୍ |,ದ್ವಿತೀಯ ಬೇಸಾಯ
ସେଜ୍,ಗಡಿ
ବିହନ ପୋଷଣ କବକ |,ಬೀಜ ಹುಟ್ಟಿದ ಶಿಲೀಂಧ್ರ
ମଞ୍ଜି ପ୍ରମାଣପତ୍ର,ಬೀಜ ಪ್ರಮಾಣೀಕರಣ
ବିହନ କଠିନ କରିବା |,ಬೀಜ ಗಟ್ಟಿಯಾಗುವುದು
ବିହନ ଚିକିତ୍ସା,ಬೀಜ ಚಿಕಿತ್ಸೆ
ବିହନ-ସିଟ୍-ସାର ଡ୍ରିଲ୍ |,ಬೀಜ-ಕಮ್-ಫರ್ಟಿಲೈಜರ್ ಡ್ರಿಲ್
ବିହନ,ಮೊಳಕೆ
ସନ୍ଧାନକାରୀ |,ದೆವ್ವ
ପୃଥକତା,ಪ್ರತ್ಯೇಕತೆ
ସିଲେକ୍ଟଯୋଗ୍ୟ ମାର୍କର |,ಆಯ್ಕೆ ಮಾಡಬಹುದಾದ ಮಾರ್ಕರ್
ଚୟନ ଶ୍ରେଣୀ,ಆಯ್ಕೆ ಒತ್ತಡ
ହର୍ବାଇଟିଡ୍ ଚୟନ କରନ୍ତୁ |,ಆಯ್ದ ಸಸ್ಯನಾಶಕ
ଚୟନକାରୀ ସୂଚକାଙ୍କ,ಆಯ್ದ ಸೂಚ್ಯಂಕ
ସେଲ୍ଫ ଫର୍ଟିଲାଇଜେସନ୍,ಸ್ವಯಂ ಫಲೀಕರಣ
ଆତ୍ମ ପର୍ଯ୍ୟାୟ |,ಸ್ವಪ್ರತಿಷ್ಠೆ
ଆତ୍ମ ପତଳା କ୍ଷମତା |,ಸ್ವಯಂ ತೆಳುವಾಗುತ್ತಿರುವ ಸಾಮರ್ಥ್ಯ
ଆତ୍ମ-ଫଳପ୍ରଦ,ಆತ್ಮ ಮಣ್ಣಾದ
ଆତ୍ମନିର୍ଭରଶୀଳତା |,ತಾನು ಅನಿರ್ದಿಷ್ಟತೆ
ସ୍ୱାର୍ଥପର DNA,ಸ್ವಾರ್ಥಿ ಡಿಎನ್‌ಎ
ସେମି-ଶୁଷ୍କ |,ಅರೆ ಶುಷ್ಕ
ସମ୍ବେଦନଶୀଳ ମୂଲ୍ୟାଙ୍କନ |,ಸಂವೇದನಾ ಮೌಲ್ಯಮಾಪನ
ସପାଲ |,ಸೀಸಕ
କ୍ରମାଗତ ଟ୍ରାକିଂ |,ಅನುಕ್ರಮವಾಗಿ
କ୍ରମିକ ଦୁ y ଖ,ಸರಣಿ ದುರ್ಬಲಗೊಳಿಸುವಿಕೆ
କ ifor ଣସିତା,ರೇಷ್ಮೆನನೆ
ପୃଥିବୀ ବେସୋଲୋଜି |,ಸೀರಮ್ ಶಾಸ್ತ್ರ
ସେରମ୍,ಸೀರಮ್
ସେକ୍ସ-ନିଷ୍ଠା |,ಲೈಂಗಿಕ ದಟ್ಟಣೆ
ସେକ୍ସ-ଲିଙ୍କ୍ |,ಲೈಂಗಿಕ ಲಿಪೇಜ್
ଯ sexual ନ ପ୍ରଚାର,ಲೈಂಗಿಕ ಪ್ರಸರಣ
ସିଟ୍ କ୍ଷୟ |,ಹಾಳೆಯ ಶೆಲೋಳ
ହେେଲିଂ,ಶೆಲ್ ದಾಳಿ
ଆଶ୍ରୟସ୍ଥଳ,ಆಶ್ರಯ ಪಟ್ಟಣ
ସ୍ୱଳ୍ପ ଦିନିଆ ଉଦ୍ଭିଦ |,ಅಲ್ಪಾವಧಿಯ ಸಸ್ಯ
ସ୍ୱଳ୍ପ ତରଙ୍ଗ ବିକିରଣ |,ಸಣ್ಣ-ತರಂಗ ವಿಕಿರಣ
ଶଟଲ୍ ଭେକ୍ଟର |,ಶಟಲ್ ವೆಕ್ಟರ್
ଭାଇଭଉଣୀ |,ಒಡಹುಟ್ಟಿದ
ଅସୁସ୍ଥ ସେଲ୍ ଆନେମିଆ |,ಸಿಕಲ್ ಸೆಲ್ ಅನೀಮಿಯ
ସିଗମାଇଡ୍ ବକ୍ର |,ಗುತ್ತಿಗೆ
ସଙ୍କେତ ଅନୁମାନ |,ಸಂಕೇತ ಕಲ್ಪನೆ
ମହତ୍ତ୍ୱ ପରୀକ୍ଷା |,ಮಹತ್ವ ಪರೀಕ್ಷೆ
ସିଲେଜ୍,ಚೂರು
ସିଲୋ,ಕೋಳಿ
ସିଲ୍ଟ,ಹೂಳು
ସିଲ୍ଟ ଲୋମ୍ |,ಹೂಳು ಲೋಮ್
ସିଲଭିକ୍ୟୁଚର,ಸುತ್ತಾಡುವುದು
ବୁଡ଼ିଯିବା |,ಮುಸುಕು
ସିଙ୍କ କ୍ଷମତା |,ಮುಳುಗುವ ಸಾಮರ್ಥ್ಯ
ଭଉଣୀ କ୍ରୋମାମାଏଡ୍ |,ಸೋದರಿ ಕ್ರೊಮ್ಯಾಟಿಡ್
ସାଇଟ୍ ନିର୍ଦ୍ଦିଷ୍ଟ ପୁଷ୍ଟିକର ପରିଚାଳନା |,ಸೈಟ್-ನಿರ್ದಿಷ್ಟ ಪೋಷಕಾಂಶಗಳ ನಿರ್ವಹಣೆ
Skewd ବଣ୍ଟନ |,ಓರೆಯಾದ ವಿತರಣೆ
ଧାଡି ରୋପଣକୁ ଛାଡିଦିଅ |,ಸಾಲು ನೆಡುವಿಕೆಯನ್ನು ಬಿಟ್ಟುಬಿಡಿ
ସ୍ଲିମ୍ ଛାଞ୍ଚ |,ಲೋಳಾದ ಅಚ್ಚು
ଧୀର-ରିଲିଜ୍ ସାର |,ನಿಧಾನ ಬಿಡುಗಡೆ ಗೊಬ್ಬರ
ସ୍ଲୋଜ୍ |,ಕೆಸರು
ସ୍ଲୁରି,ಕೆಸರು
ଧୂମପାନ ଫସଲ |,ಹೊಗೆಯಾಡಿಸಿದ ಬೆಳೆಗಳು
ସାମାଜିକ ବନରରେ |,ಸಾಮಾಜಿಕ ಅರಣ್ಯ
Sood ସଂସ୍କୃତି |,ಸೋಡ್ ಸಂಸ್ಕೃತಿ
ଦୁର୍ଗ,ಹುಳು
ସୋଡିକ୍ ମାଟି |,ಸೋಡಿಕ್ ಮಣ್ಣು
ସୋଡିୟମ୍ ଅବଶୋଷକ ଅନୁପାତ |,ಸೋಡಿಯಂ ಹೀರಿಕೊಳ್ಳುವ ಅನುಪಾತ
ସୋଡିୟମ୍ ପମ୍ପ |,ಸೋಡಿಯಂ ಪಂಪ್‌
ନରମ କାଠ ଗ୍ରାଫ୍ଟିଙ୍ଗ୍ |,ಮೃದು ಮರದ ಕಸಿ
ମାଟି ଆଡଫିସନ୍ |,ಮಣ್ಣಿನ ಅಂಟಿಕೊಳ್ಳುವ
ମାଟି ଆରେସନ |,ಮಣ್ಣಿನ ಕಾಯಿಲೆಗಳು
ମାଟି ଏଗ୍ରିଗେଟ୍ |,ಒಟ್ಟುಗೂಡಿಕೆ
ମାଟି ଆଲକାଲିନିଟି |,ಮಣ್ಣಿನ ಕ್ಷಾರತೆ
ମାଟି ସଂଶୋଧନ |,ಮಣ್ಣಿನ ತಿದ್ದುಪಡಿ
ମାଟି ବିଶ୍ଳେଷଣ |,ಮಣ್ಣಿನ ವಿಶ್ಲೇಷಣೆ
ମାଟି ଜ odi ବ ବିବିଧତା |,ಮಣ್ಣಿನ ಜೀವವೈವಿಧ್ಯತೆ
ମାଟି ଜୀବବିଜ୍ଞାନ |,ಮಣ್ಣಿನ ಜೀವಶಾಸ್ತ್ರ
ମାଟି ଶ୍ରେଣୀକରଣ |,ಮಣ್ಣು ವರ್ಗೀಕರಣ
ମାଟି କୋଲଏଡ୍ |,ಮಣ್ಣಿನ ಕೊಲಾಯ್ಡ್
ମାଟି ସଙ୍କୋଚନ,ಮಣ್ಣಿನ ಸಂಕೋಚನ
ମାଟି କଣ୍ଡିସନର |,ಮಣ್ಣಿನ ಕಂಡಿಷನರ್
ମାଟି ସଂରକ୍ଷଣ |,ಮಣ್ಣಿನ ಸಂರಕ್ಷಣೆ
ମାଟି ଭୂତଳ |,ಮಣ್ಣು ಕ್ರಸ್ಟ್
ମାଟି ଡିଗାଡିସନ୍ |,ಮಣ್ಣಿನ ಅವನತಿ
ମାଟି ପଳାୟନ କାରକ |,ಮಣ್ಣಿನ ಸವೆತ
ମାଟି ଉର୍ବରତା |,ಮಣ್ಣಿನ ಫಲವತ್ತತೆ
ମାଟି ଆଦି |,ಮಣ್ಣಿನ ಮೂಲ
ମାଟି ସ୍ୱାସ୍ଥ୍ୟ,ಮಣ್ಣು
ମାଟି ରାଶି |,ಮಣ್ಣಿನ ಹಾರಿಜಾನ್
ମାଟି ମାକ୍ରୋଗର୍ମିମ୍ |,ಮಣ್ಣಿನ ಮ್ಯಾಕ್ರೋರ್ನಿಸಮ್‌ಗಳು
ମାଟି ମ୍ୟାନେଜମେଣ୍ଟ |,ಮಣ್ಣು ನಿರ್ವಹಣೆ
ମାଟି ମାଇକ୍ରୋବିସିଓଲିଓଲୋଜି |,ಮಣ್ಣಿನ ಸೂಕ್ಷ್ಮಜೀವಿ
ମୃତ୍ତିକୀ ମାଇକ୍ରୋ ଅର୍ଗାନାଇଜ୍ |,ಮಣ್ಣಿನ ಸೂಕ್ಷ್ಮಜೀವಿಗಳು
ମାଟି ଆର୍ଦ୍ରତା ନିଅଣ୍ଟ |,ಮಣ್ಣಿನ ತೇವಾಂಶದ ಕೊರತೆ
ମାଟି ଜ organic ବ ପଦାର୍ଥ |,ಮಣ್ಣಿನ ಸಾವಯವ ವಸ್ತು
ମାଟି ପୋରୋସିଂ |,ಮಣ್ಣಿನ ಸರಂಧ್ರತೆ
ମୃତ୍ତିକା ଉତ୍ପାଦକତା |,ಮಣ್ಣಿನ ಉತ್ಪಾದಕತೆ
ମାଟି ପ୍ରୋଫାଇଲ୍ |,ಮಣ್ಣು ಪ್ರೊಫೈಲ್
ମାଟି ଗୁଣ,ಮಣ್ಣು
ମାଟି ପ୍ରତିକ୍ରିୟା,ಮಣ್ಣಿನ ಪ್ರತಿಕ್ರಿಯೆ
ମୃତ୍ତିକା ପ୍ରତିରୋଧ,ಮಣ್ಣಿನ ಪ್ರತಿರೋಧ
ମାଟି ସାଲିଟିଙ୍ଗ୍ |,ಮಣ್ಣಿನ ಲವಣಾಂಶ
ମାଟି ବିଜ୍ଞାନ ବିଜ୍ଞାନ |,ಮಣ್ಣು
ମାଟି ଅସୁସ୍ଥତା |,ಮಣ್ಣು
ମୃତ୍ତିକାର ଶିକାର,ಮಣ್ಣಿನ ಜರಡಿ
ମାଟି ସମାଧାନ |,ಮಣ್ಣು
ମାଟି ନିର୍ଗତ କରେ |,ಮಣ್ಣು
ମାଟି ଗଠନ |,ಮಣ್ಣು ರಚನೆ
ମାଟି ନିଲମ୍ବନ |,ಮಣ್ಣಿನ ಅಮಾನತು
ମାଟି ପରୀକ୍ଷା,ಮಣ್ಣಿನ ಪರೀಕ್ಷೆ
ମାଟି ଗଠନ |,ಮಣ್ಣಿನ ವಿನ್ಯಾಸ
ମୃତ୍ତିକ ଜଳ ସମ୍ଭାବନା |,ಮಣ್ಣಿನ ನೀರಿನ ಸಾಮರ್ಥ್ಯ
ମୃତ୍ତିକା ଜଳ,ಮಣ್ಣು
ସ ar ର ନିରନ୍ତର |,ಸೌರ ಸ್ಥಿರ
ସ ar ର ବିକିରଣ |,ಸೌರ ವಿಕಿರಣಗಳು
ସୋଲାର୍ ସ୍ପେକ୍ଟ୍ରମ୍ |,ಸೌರ ವರ್ಣಪಟಲ
ସୋଲାରାଇଜେସନ୍,ಸೌರೀಕರಣ
ଏକମାତ୍ର ଫସଲ |,ಏಕೈಕ ಬೆಳೆ
ଦ୍ରବୀଭୂତ ସୋଡିୟମ୍ ପ୍ରତିଶତ |,ಕರಗುವ ಸೋಡಿಯಂ ಶೇಕಡಾವಾರು
ସୋମାଟିକ୍ କକ୍ଷ |,ದೈಹಿಕ ಕೋಶ
ସୋମାଟିକ୍ ଭ୍ରୁଣ |,ಭ್ರೂಣ ಭ್ರೂಣ
ସୋମାଟିକ୍ ହାଇବ୍ରିଡାଇଜେସନ୍ |,ಭೀಕರಲತೆ
ସୋରଗମ୍ ଆଘାତ |,ಸೋರ್ಗಮ್ ಗಾಯ
SOS ଜିନ୍ |,ಎಸ್‌ಒಎಸ್ ಜೀನ್
ସାଉଥ୍ ବ୍ଲୋଟିଂ |,ದಕ್ಷಿಣದ ಬ್ಲಾಟಿಂಗ್
ବ୍ୟବଧାନ (ଉଦ୍ଭିଦ),ಅಂತರ (ಸಸ್ಯ)
ସ୍ପିଲେକ୍ସ |,ಚಿರತೆ
ସ୍ପାମା,ಉಪಾಮಿಸು
ବିଶେଷ ବ୍ୟବସ୍ଥା |,ವಿಶೇಷ ವ್ಯವಸ್ಥೆ
ବିଶେଷ କ୍ରପ୍ |,ವಿಶೇಷ ಬೆಳೆ
ବିଶେଷ ଚାଷ,ವಿಶೇಷ ಕೃಷಿ
ପ୍ରଜାତି,ಜಾತಿ
ନିର୍ଦ୍ଦିଷ୍ଟ ଫସଲ ତୀବ୍ରତା ସୂଚକାଙ୍କ |,ನಿರ್ದಿಷ್ಟ ಬೆಳೆ ತೀವ್ರತೆಯ ಸೂಚ್ಯಂಕ
ନିର୍ଦ୍ଦିଷ୍ଟ ମାଧ୍ୟାକର୍ଷଣ |,ವಿಶಿಷ್ಟ ಗುರುತ್ವ
ନିର୍ଦ୍ଦିଷ୍ଟ ଆର୍ଦ୍ରତା |,ನಿರ್ದಿಷ್ಟ ಆರ್ದ್ರತೆ
ନିର୍ଦ୍ଦିଷ୍ଟ ପତ୍ର କ୍ଷେତ୍ର |,ನಿರ್ದಿಷ್ಟ ಎಲೆ ಪ್ರದೇಶ
SpermaTogenesisis,ವೀರ್ಯಾಣು ಪದಾರ್ಥ
S-hease,ಎಸ್-ಹಂತ
ସ୍ପାଇକ୍,ಏರಿಕೆ
ସ୍ପିଲେଲେଟ୍ |,ಹುಲ್ಲುಗಾರ್ತಿ
ସ୍ପିଣ୍ଡଲ୍ ବୁଦା |,ಸ್ಪರ್ಶ
ସ୍ପ୍ଲାସ୍ କ୍ଷୟ |,ಸ್ಪ್ಲಾಶ್ ಸವೆತ
ସ୍ପ୍ଲୋର୍ସିଂ |,ಜೋಡಣೆ
ସ୍ପ୍ଲିଟ୍ ପ୍ରୟୋଗ |,ಸ್ಪ್ಲಿಟ್ ಅಪ್ಲಿಕೇಶನ್
ଜିନ୍ ବିଭାଜିତ |,ವಿಭಜಿತ ಜೀನ್‌ಗಳು
ସ୍ପ୍ଲିଟ୍ ପ୍ଲଟ୍ ଡିଜାଇନ୍ |,ಸ್ಪ್ಲಿಟ್ ಕಥಾವಸ್ತುವಿನ ವಿನ್ಯಾಸ
ସ୍ପଞ୍ଜୀ ଟିସୁ |,ಸ್ಪಂಜಿ ಅಂಗಾಂಶ
ସ୍ୱତ aneous ପ୍ରବୃତ୍ତ ପରିବର୍ତ୍ତନ |,ಸ್ವಾಭಾವಿಕ ರೂಪಾಂತರ
ସ୍ପୋର,ಬೀಜಕ
ସ୍ପ୍ରିଙ୍କଲର ଜଳସେଚନ |,ಸಿಂಪಿ ನೀರಾವರಿ
ଖରାପ,ನುಗ್ಗು
ଉପରୁକୁ,ಉತ್ತೇಜಿಸು
ବେଗ ବହନ କରିବା |,ಸ್ಪರ್ ಬೇರಿಂಗ್
ଚପଲ,ಚೂರುಪಾರು
ଏଜେଣ୍ଟକୁ ସ୍ଥିର କରିବା |,ಸ್ಥಿರಗೊಳಿಸುವ ಏಜೆಂಟ್
ମାନଦଣ୍ଡ ବିଚ୍ୟୁତି,ಪ್ರಮಾಣಿತ ವಿಚಲನ
Stape ଫସଲ,ಪ್ರಧಾನ ಬೆಳೆ
କୋଡନ୍ ଆରମ୍ଭ କରନ୍ତୁ |,ಕೋಡಾನ್ ಪ್ರಾರಂಭಿಸಿ
ଷ୍ଟାର୍ଟର ସମାଧାନ |,ಸ್ಟಾರ್ಟರ್ ಪರಿಹಾರ
ଷ୍ଟେମ୍ ବୋରର୍ |,ಕಾಂಡದ ಕೊರೆಯುವವನು
ଷ୍ଟେମ୍-ଏଣ୍ଡ୍ |,ಕಾಂಡ
ଷ୍ଟେନୋସପରମୋକାରପିର |,ಸ್ಟೆನೋಸ್ಪರ್ಮೊಕಾರ್ಪ್ನ
ପାହାଘ,ಹುಲ್ಲುಗಾವಲು
ନିରୂପଣ,ಕ್ರಿಮಿಕೀಕರಣ
କଳଙ୍କ ଗ୍ରହଣ,ಕಳಂಕ ಗ್ರಹಿಸುವಿಕೆ
କଳହ,ಕಳಂಕ
ବିଲେଇ ମୂଳ,ಸ್ಟಿಲ್ಟ್ ಬೇರು
ଉପନ୍ଲୋନ |,ಕಟಾವು
ଷ୍ଟୋମାଟା,ಕಸಕ
ଚମକାଇବା,ಮಲ
କୋଡନ୍ ବନ୍ଦ କରନ୍ତୁ |,ಕೋಡಾನ್ ನಿಲ್ಲಿಸಿ
ଚାପୁଡ଼ାଯୁକ୍ତ,ಶ್ರೇಣೀಕೃತ
ଚାପରିଫିକେସନ୍,ಶ್ರೇಣೀಕರಣ
ନଡ଼ା,ಒಣಹುಲ್ಲು
ଚାପ,ಒತ್ತಡ
ଷ୍ଟ୍ରିପ୍ ଫସଲ,ಸ್ಟ್ರಿಪ್ ಬೆಳೆ
ଷ୍ଟ୍ରିପ୍ ଆନ୍ତରିକତା |,ಸ್ಟ್ರಿಪ್ ಇಂಟರ್ ಕ್ರಾಪಿಂಗ್
ଷ୍ଟ୍ରୋମା,ಚೂರು
ଷ୍ଟକ୍,ಹಠಮಾರಿ
ଷ୍ଟକ୍ ମଲଚିଂ |,ಕೋಟೆ ಹಸಿಗರಶರ
ଶ style ଳୀ,ಶೈಲಿ
ସବ୍ ଆର୍ଦ୍ର |,ಉಪಭಾಷೆ
ସବ୍ବେରିକେସନ୍,ಬೆನೆರಿಕೆ
ଗଣ୍ଡମାଳାଣିଗୁଡିକ,ಮುಳುಗುವಿಕೆ
ସବଷ୍ଟାଣ୍ଟ ଫାର୍ମିଂ |,ಜೀವನಾಧಾರ ಕೃಷಿ
ସ୍ଥଗିତ,ಉಪಯೋಗಿಸುವ
ସବ୍-ପ୍ରଜାତି |,ಉಪ ಪ್ರೌ-sp
ପ୍ରତିସ୍ଥାପନ କ୍ରପ୍ କରିବା |,ಬದಲಿ ಬೆಳೆ
ସବଷ୍ଟ୍ରେଟ୍,ತಲಾಧಾರ
ସବସର୍ଫେସ୍ ଜଳସେଚନ |,ಸಂರಕ್ಷಣೀಯ ನೀರಾವರಿ
ଉତ୍ତରାଧିକାରୀ,ಉತ್ತರಾಧಿಕಾರ
ସଫଳତା,ರಸವತ್ತಾದ
ସୁପର୍,ಮುಳುಗುವವನು
ସୁଇ-ଜେରୀସ୍ |,ಪಟಲ
ସୂର୍ଯ୍ୟକିରଣ,ಸೂರ್ಯನ ಗುಣ
ସପ୍ଲିମେଣ୍ଟାରୀ ଜଳସେଚନ |,ಪೂರಕ ನೀರಾವರಿ
ସପ୍ଲିମେଣ୍ଟାରୀ ଉଦ୍ୟୋଗ ଉଦ୍ୟୋଗ,ಪೂರಕ ಉದ್ಯಮ
ସପ୍ଲିମେଣ୍ଟାରୀ ପାରସ୍ପରିକ କ୍ରିୟା |,ಪೂರಕ ಸಂವಹನ
Suprassor ଜିନ୍ |,ಜೀನ್
ସୁରଫାକ୍ଟାଣ୍ଟ |,ಕರ್ತವ್ಯ
ସଂକ୍ରମିତ |,ತುತ್ತಾಗುವ
ନିଲମ୍ବନ ସଂସ୍କୃତି |,ಅಮಾನತು ಸಂಸ್ಕೃತಿ
ସ୍ଥାୟୀ କୃଷି,ಸುಸ್ಥಿರ ಕೃಷಿ
ସ୍ଥାୟୀ ବିକାଶ |,ಸುಸ್ಥಿರ ಅಭಿವೃದ್ಧಿ
ସଜ୍ଜିତ,ಹಿಂಡುವ
ଖଣ୍ଡା ପତ୍ର,ಕತ್ತಿ ಎಲೆ
ସିନୋକସିୟାମ,ಸಿನೆನಿಯಂ
ସେମ୍ବଏସ୍ସ,ಸಹಜೀವನ
ସିନ୍ମାମି |,ಸೇನಾ
ଚାଉଳ ତୀବ୍ରତାର ବ୍ୟବସ୍ଥା |,ಅಕ್ಕಿ ತೀವ್ರತೆಯ ವ್ಯವಸ್ಥೆ
ସିଷ୍ଟମିକ୍ ହର୍ମିଚାଡ୍ |,ವ್ಯವಸ್ಥಿತ ಸಸ್ಯನಾಶಕ
ସଫମୋକର୍,ಕುಸಿತ
ସାଫ୍ରନ୍ |,ಕೇಸರಿ
ଗୁମ୍ଫା,ಋಷಿ
ସାଲ,ಸಾಲ್ವಳು
ସାଲଭିଆ,ಸಾಲ್ವಿಯಾ
ସାଣ୍ଡଲ୍ କାଠ |,ಸ್ಯಾಂಡಲ್ ಮರ
ସାମାପୋଟା |,ಸಪೂಟ
Splewewine,ತಿರುಪು
ସମୁଦ୍ର କୂଳ |,ಕಡಲಸಲು
ସିନ୍ନା |,ಒಂದು.
ସର୍ପାଇନ୍ କାଠ |,ಸರ್ಪ ಮರ
ସମ୍ପତ୍ତିଗୁଡ଼ିକ,ಎಳ್ಳು
ସାପ ଗୋଡବ୍ଲୁ |,ಹಾವು ಸೋರೆಕಾಯಿ
ସ୍ନାପ ମଲନ,ಗಡಿಬಿಡಿ
ସାବୁନଟ୍,ಸಾಬೂನು
ସାନ୍ତ୍ୱମଗ,ತಗ್ಗು
ସୋୟାବିନ୍ |,ಸೋಯಾಬೀನ್
ସ୍ପାନିସ୍ ଚେରି |,ಸ್ಪ್ಯಾನಿಷ್ ಚೆರ್ರಿ
ପାଳଙ୍ଗ |,ಸೊಪ್ಪು
ସ୍ପିଣ୍ଡଲ୍ କାଠ |,ಬೆನ್ನೆಲುಬಿನ ಮರ
ସ୍ପଞ୍ଜ ଗୁଣ୍ଡ |,ಸ್ಪಾಂಜ್ ಸೋರೆಕಾಯಿ
ଷ୍ଟିଭିଆ,ಒಂದು ಬಗೆಯ ಶವ
ନାଟଲ୍ ଷ୍ଟିଙ୍ଗ୍ |,ಕುಟುಕುವ ಗಿಡ
ପଥର ଫୁଲ |,ಕಲ್ಲಿನ ಹೂವು
ଷ୍ଟ୍ରବେରୀ |,ಸ್ಟ್ರಾಬೆರಿ
ସୁଦାନ ଘାସ |,ಸುಡಾನ್ ಹುಲ್ಲು
ଆଖୁ,ಕಬ್ಬು
ଗ୍ରୀଷ୍ମ ସ୍କ୍ୱାସ୍ |,ಬೇಸಿಗೆ
ସୂର୍ଯ୍ୟମୁଖୀ,ಸೂರ್ಯಕಾಂತಿ
ସୁମମ୍ପ |,ಸನ್ಹೆಂಪ್
ମିଠା କ୍ଲୋଭର |,ಸಿಹಿ ಕ್ಲೋವರ್
ମିଠା ଗୁଣ୍ଡ |,ಸ್ವೀಟ್ ಸೋರೆಕಾಯಿ
ମିଠା ଆଳୁ,ಸಿಹಿ ಆಲೂಗಡ್ಡೆ
ମିଠା ବାଇଗଣୀ |,ಸಿಹಿ ನೇರಳೆ
ସାପ ସୁକର୍ |,ಸಾಪಕ
ଉଡାଇଲା,ಗರಗಸದ ಫ್ಲೈ
ଶତକଡ଼ା କୀଟ,ಮಾಪಕದ ಕೀಟ
ସେମିଲୋର,ಅರೆಮಾಪಕ
ଶଟ ବୋଇର,ಚಿಗುರು ಕೊರೆಯುವವನು
ରେଶମ କୀଟ |,ರೇಷ್ಮೆ ಹುಳು
ଶାବକ,ಬಸವನ
ଚାରା,ಗುಬ್ಬಚ್ಚಿ
ସ୍ପାଇଡର୍,ಜೇಡ
ଗୋଲମରିଚ |,ಅಳಿಲು
ଷ୍ଟଲ୍କ ବୋରର୍ |,ಕಾಂಡದ ಕೊರೆ
ଷ୍ଟେମ୍ ବୋରର୍ |,ಕಾಂಡದ ಕೊರೆಯುವವನು
ଷ୍ଟେମ୍ ଗାର୍ଡର୍ |,ಸ್ಟೆಮ್ ಗಿರ್ಡ್ಲರ್
ପଥର ୱେବ,ಕಲ್ಲಿನ ಜೀರುಂಡೆ
ମାଟି ବ scientist ଜ୍ଞାନିକ |,ಮಣ್ಣಾದ ವಿಜ್ಞಾನಿ
କ act ଶଳ ଆନ୍ଦୋଳନ |,ತಂತ್ರದ ಚಲನೆ
ଟ୍ୟାଗିଂ (ଲେବଲ୍),ಟ್ಯಾಗಿಂಗ್ (ಲೇಬಲಿಂಗ್)
ଟ୍ୟାଙ୍କ ସିଲ୍ଟ |,ಟ್ಯಾಂಕ್ ಹೂಳು
ମୂଳ ଟ୍ୟାପ୍ କରନ୍ତୁ |,ರೂಟ್ ಟ್ಯಾಪ್ ಮಾಡಿ
ତସେଲ୍ (ମ୍ୟାକ୍ସ),ಟಸೆಲ್ (ಮೆಕ್ಕೆ ಜೋಳ)
ଟ୍ୟାକୋନୋମି,ಜೀವಿವರ್ಗೀಕರಣ ಶಾಸ್ತ್ರಗಳು
ଟେକ୍ନୋଲୋଜି,ತಂತ್ರಜ್ಞಾನ
ସ୍ୱଭାବିକ ଜୋନ୍ |,ಸಮಶೀತ ಪರಿಜೀವ
ଅସ୍ଥାୟୀ ୱିଲିଙ୍ଗ୍ |,ತಾತ್ಕಾಲಿಕ ವಿಲ್ಟಿಂಗ್
ଟେଣ୍ଡ୍ରିଲ୍,ಉರುಳಿಸು
ତ୍ୱସବାଳ,ಸುಸ್ತಮಾಪಕ
TESE,ಪಾರದರ್ಶಕ
ଟେରାପୋଜେନି |,ಟೆರಾಟೊಜೆನ್
ସମାପ୍ତ ଗନ୍ଧର କୋଡନ୍ |,ಮುಕ್ತಾಯ ಕೋಡಾನ್
ଟେରାସ୍ |,ತಾರಸಿ
ଟେରାସ ବ୍ୟବଧାନ,ತಾರಸಿ ಮಧ್ಯಂತರ
ପୃଥିବୀ ବିକିରଣ |,ಭೂಮಿಯ ವಿಕಿರಣ
ଟର୍ସର ତୃଣକ |,ಭೂಮಂಡಲ
ପରୀକ୍ଷା କ୍ରସ୍,ಪರೀಕ್ಷೆ
ପରୀକ୍ଷା ଓଜନ,ಪರೀಕ್ಷೆ
ଟେସାଟା |,ಪರೀಕ್ಷಾ
ଟେଟ୍ରାଡ୍ |,ಕಸಚೂರಿ
ଟେଟ୍ରାପର୍ଡ |,ಟೆಟ್ರಾಪ್ಲಾಯ್ಡ್
ଟେଟ୍ରାପ୍ଲାଏଡ୍ |,ಚಿತಾವಳಿ
ଥାମସ୍ସସ୍ |,ಗಾಡಿ
ଥର୍ମାଲ୍ ଆଚରଣ,ಉಷ್ಣ ವಾಹಕತೆ
ଥର୍ମାଲ୍ ଡିସଫୁସଭିଟି |,ಉಷ್ಣ ಪ್ರಸರಣತೆ
ଥର୍ମାଲ୍ ଇନଡକ୍ସନ୍ |,ಉಷ್ಣ ಪ್ರಚೋದನೆ
ଥର୍ମୋକଲ୍,ಥರ್ಮುಪಲ್
ଥର୍ମୋଗ୍ରାଫ୍,ಉಷ್ಣ ಚಿತ್ರ
ଥର୍ମେକର୍ଡିଟିଟି |,ಥರ್ಮಾಪೆರೋಡಿಸಿತ್ವ
ଥର୍ମୋପେଡିଆଇ ଏବଂ,ಥರ್ಮೆಪ್ರೆಸಿಸಂ
ଥର୍ମୋଫାଇଲ୍ |,ಥರ್ಮಫೈಲ್
ଥର୍ମୋଟାକ୍ାଇସ୍,ಥರ್ಮೋಟಾಕ್ಸನ
ପତଳା ଆଉଟ୍ |,ತೆಳುವಾಗುವುದು
ଖଳା,ಚೂರುಚೂರಾದ
Ti plasemid,ಟಿ ಪ್ಲಾಸ್ಮಿಡ್
ଜୁଆର ଜଳାଶୟ |,ಉಬ್ಬರವಿಳಿತ
ଟାଇଲ୍ ଡ୍ରେନେଜ୍ |,ಟೈಲ್ ಒಳಚರಂಡಿ
ଟିଲେଇ |,ತಿರಸ್ಕಾರ
ଟିଲେଜ୍,ಕಾಲಗೀತ
ଟିଲର୍ (ଉଦ୍ଭିଦ),ಟಿಲ್ಲರ್ (ಸಸ್ಯ)
ଟିଲାରୀ,ಘಾತೀಯ
ଟିଲାରୀ ପର୍ଯ୍ୟାୟ |,ಉಣ್ಣೆಯ ಹಂತ
ତୀଥ,ಒಂದು ತತ್ತ್ವ
ଟିସୁ ପରୀକ୍ଷା,ಅಂಗಾಂಶ ಪರೀಕ್ಷೆ
ଚତୁର,ದಾಳದ
ସହନଶୀଳତା,ತಾಳ್ಮೆ
ଟପ୍ ମାଟି |,ಮೇಲಿನ ಮಣ್ಣು
ଟୋପାଟୋ |,ಮೇಲಿನಿಂದ ಮೇಲು
ଟପ୍-ଡ୍ରେସିଂ |,ಅಗ್ರಸ್ಥಾನ
ଟପୋକିମ୍ଲୋଜୋଲୋଜି |,ಟೊಪೊಕ್ಲಿಮಾಟಜಿ
ଟପିଂ (ତମାଖୁ),ಅಗ್ರಸ್ಥಾನ (ತಂಬಾಕು)
ସମୁଦାୟ ହତ୍ୟାକାରୀ ପୁଷ୍ଟିକର |,ಒಟ್ಟು ಜೀರ್ಣವಾಗುವ ಪೋಷಕಾಂಶ
ସମୁଦାୟ ଫ୍ୟାକ୍ଟର୍ ଉତ୍ପାଦକତା |,ಒಟ್ಟು ಅಂಶ ಉತ್ಪಾದಕತೆ
ସମୁଦାୟ ଦ୍ରବୀଭଲ୍ସ କଠିନ |,ಒಟ್ಟು ಕರಗುವ ಘನವಸ್ತುಗಳು
ଟଟାଇପାଇଟ୍ |,ತತ್ತ್ವ
ବିଷାକ୍ତତା,ವಿಷತ್ವ
ବିଷାକ୍ତ,ಗಂಟು
ଟ୍ରାକ୍ ଉପାଦାନଗୁଡିକ,ಅಂಶಗಳು
ଟ୍ରେସର୍ ଉପାଦାନଗୁଡିକ |,ಟ್ರೇಸರ್ ಅಂಶಗಳು
କାରବାର,ವಹಿವಾಟು
ଟ୍ରାନ୍ସକ୍ରିପସନ୍,ಪ್ರತಿಲೇಖನ
ସଂକ୍ରମଣ,ರೂಪಾಂತರ
ଟ୍ରାନ୍ସଜେନିକ୍,ಜೀವಾಂತರ
ଅନୁବାଦ,ಭಾಷಾಂತರ
ସ୍ଥାନାନ୍ତର,ಸ್ಥಳಾಂತರ
ସଂସାଜ୍,ಪ್ರಸರಣ
ଟ୍ରାନ୍ସପେଣ୍ଡ କୋଏଫିସିଏଣ୍ଟ୍ |,ಪಾರದರ್ಶಕ ಗುಣಕ
ଟ୍ରାନ୍ସପିଆସନ୍ ଟାଣ |,ಪಾರದರ್ಶಕ ಎಳೆಯು
ଟ୍ରାନ୍ସଫର୍ରେସନ୍ ଅନୁପାତ,ಪಾರದರ್ಶಕ ಅನುಪಾತ
ଟ୍ରାନ୍ସପ୍ଲାଣ୍ଟ ଶକ୍ |,ಕಸಿ ಆಘಾತ
ଟ୍ରାନ୍ସଲିଟର୍,ಸ್ಥಳಾಂತರಿಸುವವನು
ପ୍ରତିରୋପଣ,ಕಸಿ
ମାଟି ପରିବହନ |,ಸಾಗಿಸಿದ ಮಣ್ಣು
ସ୍ଥାନାନ୍ତର,ಸ್ಥಳಾಂತರ
ଟ୍ରାନ୍ସଭର୍ସ ଡ୍ରେନେଜ୍ |,ಅಡ್ಡಲಾರೆ
ଫାନ୍ଦ ଫସଲ,ಬಲೆ ಬೆಳೆಗಳು
ଅଳସମ,ಕಸದ ಬುಟ್ಟಿ
ଚିକିତ୍ସା,ಚಿಕಿತ್ಸೆ
ଗଛ କ୍ରପ୍ କରିବା |,ಮರದ ಬೆಳೆ
ଗଛ ରିଙ୍ଗ,ಮರದ ಉಂಗುರ
ପରୀକ୍ଷା,ವಿಚಾರಣೆ
ଚତୁର ଜଳସେଚନ |,ಟ್ರಿಕಲ್ ನೀರಾವರಿ
ଟ୍ରିଗର ଫ୍ୟାକ୍ଟର୍ |,ಪ್ರಚೋದಕ ಅಂಶ
ଟ୍ରିପ୍ଲାଇଡ୍,ಶೃಂಗಸಭೆ
ଟ୍ରିପଲ୍ କ୍ରପ୍ |,ಟ್ರಿಪ್ಪಲ್ ಬೆಳೆ
ଟ୍ରଫିକ୍ ସ୍ତର |,ಟ್ರೋಫ ಮಟ್ಟ
ଟ୍ରପିକ୍ ଗତିବିଧି |,ಉಷ್ಣವಲಯದ ಚಲನೆಗಳು
ଟ୍ରପିକାଲ୍ ଅଞ୍ଚଳ |,ಉಷ್ಣವಲಯದ ಪ್ರದೇಶ
ଟ୍ରପିଜିମ୍,ಉಷ್ಣವಲಯ
ପ୍ରକୃତ ଘନତା |,ನಿಜವಾದ ಸಾಂದ್ರತೆ
ପ୍ରକୃତ ହଜମ କରିବା |,ನಿಜವಾದ ಜೀರ್ಣಸಾಧ್ಯತೆ
ଛୋଟ ପ୍ରୋଫାଇଲ୍ |,ಮೊಟಕುಗೊಳಿಸಿದ ಪ್ರೊಫೈಲ್
ଛୋଟ ମାଟି |,ಮೊಟಕುಗೊಂಡ ಮಣ್ಣು
ସୁନାମି |,ಸುನಾಮಿ
ଟ୍ୟୁବର ଫସଲ,ಗೆಡ್ಡೆ ಬೆಳೆಗಳು
ତୁ,ಬೆಟ್ಟ
ଟ୍ୟୁମର୍,ಗೆಡ್ಡೆ
ମାଟିର ଟ୍ୟୁନାକ୍ସନ୍ |,ಮಣ್ಣಿನ ಮೊಳಕೆಯೊಡೆ
ତୁଣ୍ଡ୍ରା |,ಒಂದು ಬಗೆಯ ಕಂತು
ତୁରଫ୍,ತುಂಡು
ଟଗିଦ୍,ಕುಗ್ಗಿಸಿದ
ତୁଘମ ଆନ୍ଦୋଳନ,ಟರ್ಗರ್ ಚಳುವಳಿ
ତୁଗର ଚାପ,ಟರ್ಗರ್ ಒತ್ತಡ
ତୁଗରଯୁକ୍ତ,ನುಗ್ಗು
ଟର୍ନର ସିଣ୍ଡ୍ରୋମ |,ಟರ್ನರ್ಸ್ ಸಿಂಡ್ರೋಮ್
ଟାଇପ୍ (ଉଦ୍ଭିଦ),ಪ್ರಕಾರ (ಸಸ್ಯ)
ମୁଁ ତ୍ରୁଟି ଟାଇପ୍ କର |,ಟೈಪ್ I ದೋಷ
II ତ୍ରୁଟି ଟାଇପ୍ କରନ୍ତୁ |,ಟೈಪ್ II ದೋಷ
ଟାଇଫୋଟନ୍ |,ಗಲಾಟೆ
ତାମରିନ୍ଦ |,ಹುರೈಂಡ್
ତାରାଗନ୍ |,ಕಸಾಯಿಖಾನೆ
ମନ୍ଦିର କିମ୍ବା ପାଗୋଡା ଗଛ |,ದೇವಾಲಯ ಅಥವಾ ಪಗೋಡಾ ಮರ
କଣ୍ଟା,ಥಿಸಲ್
ଥୁଜା |,ದೆವ್ವ
ଥିମ୍,ಥೈಮ್
ତମାଖୁ,ತಂಬಾಕು
ଟମାଟୋ |,ಟೊಮೆಟೊ
ଦୁ orrow ଖର ବୃକ୍ଷ |,ದುಃಖದ ಮರ
ଟ୍ରାଇଟିଭାଲ୍,ತ್ರಯಾತ್ಮಕತೆ
ତୂରୀ ବା ଦ୍ରାକ୍ଷାଲତା |,ಕಹಳೆ ಬಳ್ಳಿ
Tubeuberose,ಟ್ಯೂಬೆರಸ್
କଦଳୀ,ಅರಿಶಿನೆ
ଶାଗୁଣା |,ನವಿಲುಕೋಸು
ସିଙ୍ଗାପୁର (ଭାରତୀୟ ରେଡ୍ ମ୍ୟାଚ୍),ಟೈಫಾ (ಇಂಡಿಯನ್ ರೀಡ್ ಮೇಸ್)
ଚା ମଶା,ಚಹಾ ಸೊಳ್ಳೆ
ଟର୍ମାଇଟ୍ସ (ଧଳା ପିମ୍ପୁଡ଼ି),ಗೆದ್ದಲುಗಳು (ಬಿಳಿ ಇರುವೆ)
ଥ୍ରିପ୍ସ |,ತಗ್ಗಿಸು
ଅଲଟ୍ରିକେଣ୍ଡ୍ରିଫୁଗେସନ୍ |,ಅಲ್ಪಾರಲ್ಫ್ಯೂಗ್ನ
ଅଲଟ୍ରାସାଉଣ୍ଡ,ಶ್ರವಣ
ଉମ୍ବେଲ |,ಕೊಂಬಿನ
ଅସମ୍ମାନ,ಒತ್ತಿಹೇಳುವುದು
ଫଳପ୍ରଦତା |,ನಿಷ್ಕ್ರಿಯತೆ
ଏକତ୍ର,ಏಕ ಏಕತೆ
ୟୁନିଭର୍ସାଲ୍ ଜେନେଟିକ୍ କୋଡ୍ |,ಸಾರ್ವತ್ರಿಕ ಆನುವಂಶಿಕ ಸಂಕೇತ
ୟୁନିଭର୍ସାଲ୍ ମୃତ୍ତିକା କ୍ଷତି ସମୀକରଣ |,ಸಾರ್ವತ್ರಿಕ ಮಣ್ಣಿನ ನಷ್ಟ ಸಮೀಕರಣ
ଅସନ୍ତୁଷ୍ଟ ଫ୍ୟାଟି ଏସିଡ୍ |,ಅಪರ್ಯಾಪ್ತ ಕೊಬ್ಬಿನಾಮ್ಲಗಳು
ଉପରକୁ ଚାଉଳ,ಎತ್ತರದ ಅಕ್ಕಿ
ଉପରକୁ,ಎತ್ತರದ ಪ್ರದೇಶ
ସହରୀ କମ୍ପୋଷ୍ଟ |,ನಗರಸ ೦ ತ್ರ
Urea,ಯೂರಿಯ
Ureas,ಯುರೇರೀಸು
ଉଲାଲା ଘାସ |,ನ್ಹಾರಿ
ଟିକା,ಲಸಿಕೆ
ଭାଲୁଓଲ୍,ನಿರ್ವಾತ
ମୂଲ୍ୟ-ଯୋଗଦାନ କୃଷି |,ಮೌಲ್ಯಮಾಪನದ ಕೃಷಿ
ମୂଲ୍ୟ ଯୋଗଦାନ ଉତ୍ପାଦ |,ಮೌಲ್ಯವರ್ಧಿತ ಉತ್ಪನ್ನ
ମୂଲ୍ୟ ଯୋଗ,ಮೌಲ್ಯಮಾಪ
ମୂଲ୍ୟ ମୂଲ୍ୟର ଅନୁପାତ |,ಮೌಲ್ಯ ವೆಚ್ಚ ಅನುಪಾತ
VAM (ଭେସିକୁଲାର୍ ଆରବ୍ୟୁସ୍କୁଲାର),VAM (ವೆಸಿಕ್ಯುಲರ್ ಆರ್ಬಸ್ಕುಲರ್)
ବାଷ୍ପ ଉତ୍ତାପ ଚିକିତ୍ସା |,ಆವಿ ಶಾಖ ಚಿಕಿತ್ಸೆ
ବାଷ୍ପ ଚାପ,ಆವಿಯ ಒತ್ತಡ
ଭେରିଏବଲ୍ ମୂଲ୍ୟ,ವೇರಿಯಬಲ್ ವೆಚ್ಚ
ଭେରିଏବଲ୍ ଜିନ୍ |,ವೇರಿಯಬಲ್
ଭେରିଏବଲ୍ ରେଟ୍ ଟେକ୍ନୋଲୋଜି |,ವೇರಿಯಬಲ್ ದರ ತಂತ್ರಜ್ಞಾನ
ଭିନ୍ନତା,ಭಿನ್ನಾಭಿಪ್ರಾಯ
ପରିବର୍ତ୍ତନ,ಬದಲಾವಣೆ
ବିଭିନ୍ନତା |,ವೈವಿಧ್ಯ
ଭେକ୍ଟର,ಸಕಲ
ଉଦ୍ଭିଦ,ಸಸ್ಯಗಳು
ଉଦ୍ଭିଦ ଅବନତି |,ಸಸ್ಯಗಳ ಅವನತಿ
ପନିପରିବା ପ୍ରତିବନ୍ଧକ |,ಸಸ್ಯಕ ತಡೆಗೋಡೆ
ଶାକାହାରୀ କଭର |,ಸಸ್ಯಕ ಹೊದಿಕೆ
ଶାକାହାରୀ ପ୍ରଚାର,ಸಸ್ಯಕ ಪ್ರಸರಣ
ଶାକାହାରୀ ପର୍ଯ୍ୟାୟ |,ಸಸ್ಯಕ ಹಂತ
ଭେନସନ୍,ವೇಶ್ಯೆ
ଭ୍ରମକାକାରୀ,ಒಂದು ಬಗೆಯ ಹುಳು
ଭର୍ମିକୋମ୍ପୋଷ୍ଟ |,ಹುಳುಕಾಗುವಿಕೆ
ଭର୍ନାଲ୍ ଆକୀକରଣ |,ವರ್ಲನೀಕರಣ
ଭୂଲମ୍ବ ମଲଚିଂ |,ಲಂಬ ಹಸಿಗರಶರ
Vertisool,ಪಂಗಡ
କାର୍ଯ୍ୟକ୍ଷମତା (ବିହନ),ಕಾರ್ಯಸಾಧ್ಯತೆ (ಬೀಜ)
ଦ୍ରାକ୍ଷାଲତା,ದ್ರಾಕ್ಷಿ
ଭିନେଗାର |,ವಿನರಿ
ପ୍ରାଚୀନ ଜିନ୍,ವೀರ್ ಜೀನ್
କୁମାରୀ ଜମି,ಕನ್ಯೆಯ ಭೂಮಿ
କୁମାରୀ ମୃତ୍ତିକା |,ಕನ್ಯೆಯ ಮಣ್ಣು
କୁମାରୀ,ವೈರತ್ವ
ଜୀବାଣୁ,ವೈರಸ್
ଭାଇରସ୍ କୋଟ୍ ପ୍ରୋଟିନ୍ |,ವೈರಸ್ ಕೋಟ್ ಪ್ರೋಟೀನ್
ଜୀବାଣୁ ସୂଚକାଙ୍କ |,ವೈರಸ್ ಸೂಚಿಕೆ
ବିଶୃଙ୍ଖଳା |,ಸ್ನಿಗ್ಧತೆ
ଦୃଶ୍ୟମାନ ବିକିରଣ,ಗೋಚರ ವಿಕಿರಣ
ଭିଟାମିନ୍ |,ಜೀವಸತ್ವಗಳು
ବଣିକ,ದ್ರಾಕ್ಷಾರಸ
ଜୀବାଣୁ,ಜರಾಯುಜ
ଶୂନ୍ୟ ସ୍ଥାନ,ಅನೂರ್ಜಿತ ಸ್ಥಳ
ଭୋଲଟିଲାଇଜେସନ୍,ಬಾಷ್ಪೀಕರಣ
ସ୍ୱେଚ୍ଛାସେବୀ ଉଦ୍ଭିଦ |,ಸ್ವಯಂಸೇವಕ ಸಸ್ಯಗಳು
ଭାନିଲା |,ವೆನಿಲಾ
ଭେଟର,ಹೀರುವ ವ್ಯಕ್ತಿ
ଭେରିନାନାନିଆନ୍ ଡାକ୍ତର |,ಪಶುವೈದ್ಯ ವೈದ್ಯ
ଜୀବାଣୁ,ವೈವಾಹಿಕ ವಿಜ್ಞಾನಿ
ମଜୁରୀ,ವೇತನ
ଉଷ୍ମ ରକ୍ତ ଦିଆଯାଇଥିବା ପଶୁ |,ಬೆಚ್ಚಗಿನ ರಕ್ತದ ಪ್ರಾಣಿ
ବର୍ଜ୍ୟବସ୍ତୁ ପରିଚାଳନା,ತ್ಯಾಜ್ಯ ನಿರ್ವಹಣೆ
ବର୍ଜ୍ୟବସ୍ତୁ,ಪಾಳುಭೂಮಿಗಳು
ଜଳ ଆବେଦନ ଦକ୍ଷତା |,ನೀರಿನ ಅಪ್ಲಿಕೇಶನ್ ದಕ್ಷತೆ
ଜଳ ପ୍ରୟୋଗ ହାର,ನೀರಿನ ಅರ್ಜಿ ದರ
ଜଳ ସନ୍ତୁଳନ,ನೀರಿನ ಸಮತೋಲನ
ଜଳ ସଙ୍କତ,ನೀರಿನ ಸಂಕೋಚನ
ଜଳ ସଂରକ୍ଷଣ,ಜಲ ಸಂರಕ್ಷಣೆ
ଜଳ ଖର୍ଚ୍ଚ,ನೀರಿನ ಬಳಕೆ
ଜଳ ପରିବହନ ଦକ୍ଷତା |,ನೀರಿನ ಸಾಗಣೆ ದಕ್ಷತೆ
ଜଳ ସଂସ୍କୃତି,ನೀರಿನ ಸಂಸ್ಕೃತಿ
ଜଳ ନିଅଣ୍ଟ,ನೀರಿನ ಕೊರತೆ
ଜଳ ବଣ୍ଟନ ଦକ୍ଷତା |,ನೀರಿನ ವಿತರಣಾ ದಕ್ಷತೆ
ଜଳ ଡ୍ୟୁଟି,ನೀರಿನಲ್ಲಿ ಕರ್ತವ್ಯ
ଜଳ ଫ୍ରୋ,ನೀರಿನಲ್ಲಿ ಉಬ್ಬು
ଜଳ ଦ୍ୱାରକ୍ରା,ನೀರಿನ ದ್ವಾರ
ଜଳ ଲଗ୍ ଇନ୍,ನೀರಿನ ಲಾಗಿಂಗ್
ଜଳ ପରିଚାଳନା,ನೀರು ನಿರ್ವಹಣೆ
ଫସଲର ଜଳ ଆବଶ୍ୟକତା |,ಬೆಳೆಗಳ ನೀರಿನ ಅವಶ್ಯಕತೆ
ଜଳର ଶ୍ୱାକନ ଅଭାବ |,ನೀರಿನ ಸ್ಯಾಚುರೇಶನ್ ಕೊರತೆ
ଜଳ ସାରଣୀ,ನೀರಿನ ಮೇಜಿನ
ଜଳ ବ୍ୟବହାର ଦକ୍ଷତା |,ನೀರು ಬಳಕೆಯ ದಕ್ಷತೆ
ଜଳ ଅମଳ,ನೀರಿನ ಇಳುವರಿ
ଜଳ - ଅମଳ,ನೀರು ಕೊಯ್ಲು
ଜଳସନ୍ତୁମାନେ |,ಜಲಾನಯನ ಪ್ರದೇಶ
ଜଳୀୟ ପରିଚାଳନା,ಜಲಾನಯನ ನಿರ್ವಹಣೆ
ଜଳପ୍ରବାହକାରୀ ଚିକିତ୍ସା |,ಜಲಾನಯನ ಚಿಕಿತ್ಸೆ
ୱାଟରେଡ୍ ଆଧାରିତ ସିଷ୍ଟମ୍ |,ಜಲಾನಯನ ಆಧಾರಿತ ವ್ಯವಸ್ಥೆ
ଜଳପଥ,ಜಲಮಾರ್ಗ
ତରଙ୍ଗ-ଲମ୍ବ |,ತರಂಗ
ମହମ,ಮೇಣ
ପାଣିପାଗ,ವಾತಾವರಣ
ପାଣିପାଗ,ಹವಾಮಾನ
ତୃଣକ,ಕಳೆ
ତୃଣକ ନିୟନ୍ତ୍ରଣ |,ಕಳೆ ನಿಯಂತ್ರಣ
ତୃଣ ନିୟନ୍ତ୍ରଣ ଦକ୍ଷତା |,ಕಳೆ ನಿಯಂತ್ರಣ ದಕ್ಷತೆ
ତୃଣକ ବିଲୋପ,ಕಳೆ ನಿರ್ಮೂಲನೆ
ତୃଣ ସୂଚକାଙ୍କ |,ಕಳೆ ಸೂಚಿಕೆ
ପାଶ୍ଚାତ୍ୟ ବ୍ଲୋଟିଂ |,ಪಾಶ್ಚಾತ್ಯ
ତୃଣ ନିରୀକ୍ଷା,ಕಳೆ ವರ್ಣಪಟಲ
ତୃଣକ,ಕಳೆ ತೆಗೆಯುವುದು
ଓଦା-ବଲ୍ବ ଉଦାସୀନତା |,ಆರ್ದ್ರ ಬಲ್ಬ್ ಖಿನ್ನತೆ
ଓଦା-ବଲ୍ବ ତାପମାତ୍ରା |,ಆರ್ದ್ರ ಬಲ್ಬ್ ತಾಪಮಾನ
ୱେଟ୍-ବଲ୍ବ ଥର୍ମୋମିଟର |,ಒದ್ದೆಯ ಬಲ್ಬ್ ಥರ್ಮಾಮೀಟರ್
ୱେଟଲ୍ୟାଣ୍ଡ |,ಗದ್ದೆ
ଓଦା ରୋପଣ |,ಒದ್ದೆ ನೆಟ್ಟ
ଓଦା season ତୁ,ಆರ್ದ್ರ
ବିହନ ବୁଣାକାର |,ಒದ್ದೆಯ ಬಿತ್ತನೆ
ଓଦା ବର୍ଷ |,ತೇವದ ವರ್ಷ
ୱେଟେବଲ୍ ପାଉଡର |,ಒದ್ದೆ ಮಾಡಬಹುದಾದ ಪುಡಿ
ଓଦା ଏଜେଣ୍ଟ |,ತೇವಗೊಳಿಸುವ ದಳ್ಳಿಕೆ
ଘୁରି ବୁଲୁଥିବା ସାଇକେରୋମିଟର |,ಸುಂಟರಗರ
ଧଳା ବିପ୍ଳବ,ಬಿಳಿ ಕ್ರಾಂತಿ
ପୁରା ଚାଷ ବିଶ୍ଳେଷଣ |,ಸಂಪೂರ್ಣ ಕೃಷಿ ವಿಶ್ಲೇಷಣೆ
ପୁରା ଫାର୍ମ ଉପାୟ |,ಸಂಪೂರ್ಣ ಕೃಷಿ ವಿಧಾನ
ବ୍ୟାପକ ଆଡାପ୍ଟିଲିଟି |,ವ್ಯಾಪಕ ಹೊಂದಾಣಿಕೆ
ୱିଲିଂ ପଏଣ୍ଟ,ವಿಲ್ಟಿಂಗ್ ಬಿಂದು
ପବନ ଭାଙ୍ଗ,ವಾಯುದಾಳಿ
ପବନ ଶକ୍ତି,ಪವನಶಕ್ತಿ
ପବନ କ୍ଷୟ,ಮಾರುತ
ପବନ ବଂଶ,ಗಾಳಿ ಉತ್ಪಾದನೆ
ପବନ ମିଲ୍ |,ಗಾಳಿ ಗಿರಣಿ
ପବନ ଶକ୍ତି,ವಾಯು ಶಕ್ತಿ
ପବନ ବେଗ,ಗಾಳಿಯ ವೇಗ
ପବନ ଷ୍ଟ୍ରିପ୍ ଫସଲ,ವಿಂಡ್ ಸ್ಟ್ರಿಪ್ ಕ್ರಾಪಿಂಗ್
ପବନ ବେଗ |,ಗಾಳಿಯ ವೇಗ
ପବନ,ಗಾಳಿ
ପବନ,ಗಾಳಿಗಲ್ಲು
ୱିଣ୍ଡ୍ରୋୱର,ಗಾಳಿಗಲ್ಲು
ପବନ ପରି,ಗಾಳಿ
ୱିଣ୍ଟନୱାର୍ |,ನಲಿದಾರ
ଜ୍ୱଳନ୍ତ,ಗೆಲುವು
Woble fpoothasies |,ನಡುಗುವ ಕಲ್ಪನೆ
ଗର୍ଭ,ಗರ್ಭ
କାଠ ପାଉଁଶ |,ಮರದ ಬೂದಿ
କାଠ ଗ୍ୟାସ,ಮರದ ಅನಿಲ
କାର୍ଯ୍ୟ,ಕೆಲಸ
ବାଦାମ |,ಆಕ್ರೋಡು
ଜଳ Cress,ಜಲಸ ೦ ದೆ
ଜଳ ହାଇୟା ବିସିନ୍ |,ನೀರಿನ ಹಯಸಿಂತ್
ଜଳ ତରଭୁଜ |,ಜಲಮೂಲ
ଜଳ ମେଣ୍ଟ,ನೀರಿನ ಪುದೀನ
କାନ୍ଦିବା ୱାଲୋ |,ಅಳುವುದು ವಿಲೋ
ପଶ୍ଚିମ ଭାରତୀୟ ମାହାନି |,ಪಶ್ಚಿಮ ಭಾರತೀಯ ಮಹೋಗಾನಿ
ଗହମ,ಗೋಧಿ
ଧଳା କ୍ଲୋଭର |,ಬಿಳಿಯ ಕ್ಲೋವರ್
ଧଳା ମଲବେଦି |,ಬಿಳಿ ಮುಲ್ಬೆರಿ
ଧଳା ପପିନେକ୍ |,ಬಿಳಿ ಪೋಪಿನೆಕ್
ଧଳା ୱାଲୋ |,ಬಿಳಿ ವಿಲೋ
ୱାଇଲ୍ଡ ମାର୍ଜୋରିମ୍ |,ಕಾಡು ಮಾರ್ಜೊರಿಮ್
ବଣୁଆ ଓଟ |,ಕಾಡು ಓಟ್
ଡେଣା ବିନ୍,ರೆಕ್ಕೆಯ ಹುರುಳಿ
ଶୀତ ସ୍କିପ୍,ಚಳಿಗಾಲದ ಸ್ಕ್ವ್ಯಾಷ್
ୱିଥାନିଆ |,ವಿಥಾನಿಯಾ
"କାଠ ସୋରେଲ, ଅକ୍ଲିସ୍ |","ವುಡ್ ಸೊರೆಲ್, ಆಕ್ಸಲಿಸ್"
Wasp,ಕಣಜ
ବୁଣା ପକ୍ଷୀ,ನೇಕಾರ ಪಕ್ಷಿ
ଇଭେଲ,ಜೀರುಂಡೆ
ଧଳା ଗ୍ରୀପ୍ |,ಬಿಳಿ ಗ್ರಪ್
ପଶମ ଆପିଡ୍ |,ಉಣ್ಣೆಯ ಉಂಪಡಿ
Xanthinuriia,ಕನ್ನಾಲೆ
Xanthhophilll,ಕನ್ನಡಕ
X- କ୍ରୋମୋଜୋମ୍ |,ಎಕ್ಸ್ ಕ್ರೋಮೋಸೋಮ್
ଜେନିଆ,ಕನ್ನಾಲೆ
Xerorderma de degmenttosumum |,ಜೆರೋಡರ್ಮ ಪಿಗ್ಮೆಂಟೋಸೊಸಮ್
Xerophyte,ಶುಷ್ಕ ಸಸ್ಯ
Xeorphyismm,ಶುಷ್ಕಟುದ್ದೆ
ଏକ୍ସ-ରେ ଡିଫ୍ରିମେସନ୍ |,ಕ್ಷ-ರೇ ವಿವರ್ತನೆ
Xyllem,ಪತಂಗ
Xylophyte,Xಣಕ
Y 'ଟ୍ରେଲିସ୍ |,ವೈ ಹಂದರದ
Y-chromonome,ವೈ-ಕ್ರೋಮೋಸೋಮ್
ଖମୀର |,ಯೀಸ್ಟ್
ଖମୀର,ಯೀಸ್ಟ್ ಸಾರ
ହଳଦିଆ ବିପ୍ଳବ,ಹಳದಿ ಕ್ರಾಂತಿ
ହଳଦିଆ,ಹಳದಿ ಬಣ್ಣ
ଅମଳ ଉପାଦାନ |,ಇಳುವರಿ ಘಟಕ
ଅମଳ ମନିଟରିଂ |,ಇಳುವರಿ ಮೇಲ್ವಿಚಾರಣೆ
ସମ୍ଭାବ୍ୟ ସମ୍ଭାବନା |,ಇಳುವರಿ ಸಂಭಾವ್ಯ
ଫଳ ଅନୁଭବ କର |,ಇಳುವರಿ ಸ್ಥಿರತೆ
ହଳଦିଆ,ಹಳದಿ ಲೋಳೆ
ହଳଦିଆ ବିରି ନାଇଟ୍ଶେଡ୍ |,ಹಳದಿ ಬೆರ್ರಿಡ್ ನೈಟ್ಶೇಡ್
ହଳଦିଆ ମାଇରୋବାଲାନ୍ |,ಹಳದಿ ಮೈರೋಬಾಲನ್
ଜେଡ୍,ಜೈಡ್
Z-chromomome,Z ಡ್-ಕ್ರೋಮೋಸೋಮ್
Z-DNA,ZDna
ଜାଟିନ୍ |,ಗದ್ದಲ
ଶୂନ୍ୟ ଶକ୍ତି ଶୀତ ଚାମ୍ବର |,ಶೂನ್ಯ ಶಕ್ತಿ ತಂಪಾದ ಕೋಣೆ
ଜିରୋ ଟିଲଗେଜ୍ |,ಶೂನ್ಯ ಬೇಸಾಯ
ଶିରୋ ସହନଶୀଳତା |,ಶೂನ್ಯ ಸಹಿಷ್ಣುತೆ
ଜିଙ୍କ ଅଭାବ |,ಸತುವಿನ ಕೊರತೆ
ଜିଙ୍କ ଆଙ୍ଗୁଠି ପ୍ରୋଟିନ୍ |,ಸತು ಬೆರಳಿನ ಪ್ರೋಟೀನ್
ଜିଙ୍କିତ ୟୁରିଆ |,ಸತತ ಯೂರಿಯಾ
ଜୋନା ପେଲସୁସିଡା |,Zೋನಾ ಪೆಲ್ಲುಸಿಡ
Zoophy,ಪ್ರಾಣಿಸು
Zooplackton,ಕಸಕಲೆ
ଜାଇଗୋଟ୍ |,ಪಾಕಶಯು
ଜ୍ୱାଲିକ୍ ସାଂଘାତିକ ଜିନ୍ |,Y ೈಗೋಟಿಕ್ ಮಾರಣಾಂತಿಕ ಜೀನ್
ଜାଣ୍ଟହୋଫିଲମ୍ |,ಜಾಥೋಫೈಲಂ
ପ୍ରାଣୀ ବିଜ୍ଞାନୀ,ಪ್ರಾಣಿ ವಿಜ್ಞಾನಿ
