Kannada,Bengali
ಅಸಹಜ,অস্বাভাবিক
ಸ್ಥಗಿತಗೊಳಿಸು,গর্ভপাত
ಸವೆದುಹೋಗುವಿಕೆ,ঘর্ষণ
ಹಠಾತ್ತಾಗಿ,আকস্মিক
ಸಂಪೂರ್ಣ ಕ್ಷೇತ್ರ ಶಕ್ತಿ,পরম ক্ষেত্র শক্তি
ಸಂಪೂರ್ಣ ತಾಪಮಾನ,পরম তাপমাত্রা
ಸಂಪೂರ್ಣ ಮೌಲ್ಯ,পরম মান
ಹೀರಿಕೊಳ್ಳಿ,শোষণ
ಹೀರಿಕೊಳ್ಳುವ ಸಹ-ಸಮರ್ಥ,শোষণ গুণাঙ্ক
ಹೀರಿಕೊಳ್ಳುವ ನಷ್ಟ,শোষণ ক্ষতি
ಅಮೂರ್ತ,বিমূর্ত
ವೇಗವರ್ಧಕ ಮಾಪಕ,অ্যাক্সিলোমিটার
ಸ್ವೀಕಾರ ಪರೀಕ್ಷೆ,স্বীকৃতি পরীক্ষা
ಪ್ರವೇಶ,অ্যাক্সেস
ಪ್ರವೇಶ ನಿಯಂತ್ರಣ,প্রবেশাধিকার নিয়ন্ত্রণ
ಪ್ರವೇಶ,এক্সেস পয়েন্ট
ಪ್ರವೇಶ ಸಮಯ,প্রবেশাধিকার সময়
ಪ್ರವೇಶಿಸುವಿಕೆ,অ্যাক্সেসযোগ্যতা
ಸಂಚಯಕ ಕೋಶ,একুমুলেটর সেল
ನಿಖರತೆ,সঠিকতা
ನಿಖರವಾದ,নির্ভুল
ವರ್ಣರಂಜಿತ ಮಸೂರದ,অ্যাক্রোমেটিক লেন্স
ಆಮ್ಲ,অ্যাসিড
ಆಮ್ಲ ಪುರಾವೆ,অ্যাসিড প্রুফ
ಅಚ್ಚುಕಟ್ಟಾಗಿತ್ವ,অম্লতা
ಸ್ವೀಕೃತ ಬಿಟ್,স্বীকৃতি বিট
Acೇಳ್ಳರದ,অ্যাকোস্টিক
ಅಕೌಸ್ಟಿಕ್ ಸಂವಹನ,অ্যাকোস্টিক যোগাযোগ
ಅಕೌಸ್ಟಿಕ್ ಪ್ರಸರಣ,অ্যাকোস্টিক প্রসারণ
ಅಕೌಸ್ಟಿಕ್ ಸಮೀಕರಣ,অ্যাকোস্টিক ইকুয়ালাইজার
ಅಕೌಸ್ಟಿಕ್ ಪ್ರತಿಕ್ರಿಯೆ,অ্যাকোস্টিক প্রতিক্রিয়া
ಕೊಳೆತ ಫಿಲ್ಟರ್,অ্যাকোস্টিক ফিল্টার
ಸಕಲಿಯ ಪ್ರತಿರೋಧ,শব্দের সংরোধ
ಅಕೌಸ್ಟಿಕ್ ಮರೆಮಾಚುವ,অ্যাকোস্টিক মাস্কিং
ಅಕೌಸ್ಟಿಕ್ ಶಕ್ತಿ,অ্যাকোস্টিক শক্তি
ಅಕೌಸ್ಟಿಕ್ ಆಸ್ತಿ,অ্যাকোস্টিক সম্পত্তি
ಅಕೌಸ್ಟಿಕ್ ಪ್ರತಿಕ್ರಿಯೆ,অ্যাকোস্টিক রিঅ্যাক্ট্যান্স
ಅಕೌಸ್ಟಿಕ್ ರಿಫ್ಲೆಕ್ಸ್,অ্যাকোস্টিক রিফ্লেক্স
ಅಕೌಸ್ಟಿಕ್ ಟೈಲ್,অ্যাকোস্টিক টাইল
ಸ ೦ ವರ ತರಂಗ,অ্যাকোস্টিক তরঙ্গ
ಅಕೌಸ್ಟಿಕ್ ಹೀರಿಕೊಳ್ಳುವಿಕೆ,শাব্দিক শোষণ
ಅಕೌಸ್ಟಿಕ್ ಅಟೆನ್ಯೂಯೇಷನ್ ​​ಸ್ಥಿರ,শাব্দিক মনোযোগ ধ্রুবক
ಕೊಳೆತ ಡ್ಯಾಂಪಿಂಗ್,শাব্দিক স্যাঁতসেঁতে
ಅಕೌಸ್ಟಿಕ್ ವಿಳಂಬ ರೇಖೆ,শাব্দিক বিলম্ব লাইন
ಅಕೌಸ್ಟಿಕ್ ಅಸ್ಪಷ್ಟತೆ,শাব্দিক বিকৃতি
ಅಕೌಟಿಕಲ್ ನಾಳ,শাব্দিক নালী
ಅಕೌಟಿಕಲ್ ಶಕ್ತಿ,শাব্দিক শক্তি
ಅಕೌಸ್ಟಿಕ್ ಪ್ರತಿಕ್ರಿಯೆ,শাব্দিক প্রতিক্রিয়া
ಕೊಳೆತ ಫಿಲ್ಟರ್,শাব্দিক ফিল্টার
ಕೊಳೆತ ಪ್ರತಿರೋಧ,শাব্দিক প্রতিবন্ধকতা
ಅಕೌಸ್ಟಿಕ್ ಪ್ರಸರಣ ಸ್ಥಿರ,শাব্দিক প্রচার ধ্রুবক
ಅಕೌಟಿಕಲ್ ಪ್ರತಿರೋಧ,শাব্দিক প্রতিরোধের
ಅಕೌಸ್ಟಿಕ್ ವಿಂಗಡಣೆಯ,শাব্দিকভাবে অন্তরক
ಸ್ರವಿಸುವ,অ্যাকোস্টিকস
ಸ್ವಾಧೀನಪಡಿಸಿಕೊಳ್ಳುವುದು,অধিগ্রহণ
ಸಂಕ್ಷಿಪ್ತ ರೂಪ,সংক্ষিপ্ত বিবরণ
ಕಾರ್ಯ ಪ್ರದೇಶ,অ্যাকশন এরিয়া
ಸಕ್ರಿಯ ತಂತು,সক্রিয় ফিলামেন্ট
ಸಕ್ರಿಯ,সক্রিয়
ಸಕ್ರಿಯ ಪ್ರದೇಶ,সক্রিয় এলাকা
ಸಕ್ರಿಯ ಕಿಟಕಿ,সক্রিয় উইন্ডো
ಹೊಂದಿಕೊಳ್ಳುವಿಕೆ,অভিযোজনযোগ্যতা
ಅಡಾಪ್ಟರ್ (ಅಡಾಪ್ಟರ್),অ্যাডাপ্টার (অ্যাডাপ্টার)
ಅಡಾಪ್ಟಿವ್ ಡಿಫರೆನ್ಷಿಯಲ್ ಪಲ್ಸ್ ಕೋಡ್ ಮಾಡ್ಯುಲೇಷನ್,অভিযোজিত ডিফারেনশিয়াল পালস কোড মড্যুলেশন
ವಿಳಾಸ ಪುಸ್ತಕ,ঠিকানা বই
ವಿಳಾಸ ಬಸ್,ঠিকানা বাস
ವಿಳಾಸ ಪರಿಹಾರ,ঠিকানা রেজোলিউশন
ಪಕ್ಕದ ಚಾನಲ್ ಹಸ್ತಕ್ಷೇಪ,সংলগ্ন চ্যানেল হস্তক্ষেপ
ಪಕ್ಕದ ಚಾನಲ್ ಆಯ್ಕೆ,সংলগ্ন চ্যানেল নির্বাচন
ಪಕ್ಕದ ಆವರ್ತನ,সংলগ্ন ফ্রিকোয়েন্সি
ಪಕ್ಕದ ಆವರ್ತನ ಚಾನಲ್,সংলগ্ন ফ্রিকোয়েন্সি চ্যানেল
ಪಕ್ಕದ ಚಿತ್ರ ವಾಹಕ,সংলগ্ন ছবি ক্যারিয়ার
ಪಕ್ಕದ ಧ್ವನಿ ವಾಹಕ,সংলগ্ন সাউন্ড ক্যারিয়ার
ಪಕ್ಕದ ನಿಲ್ದಾಣ,সংলগ্ন স্টেশন
ಹೊಂದಿಸಲಾಗುವ,সামঞ্জস্যযোগ্য
ಹೊಂದಾಣಿಕೆ ಕಂಡೆನ್ಸರ್,সামঞ্জস্যযোগ্য কনডেন্সার
ಒತ್ತಡವನ್ನು ಹೊಂದಿಸುವುದು,সামঞ্জস্য চাপ
ವ್ರೆಂಚ್ ಹೊಂದಿಸಲಾಗುತ್ತಿದೆ,সামঞ্জস্য করা রেঞ্চ
ಹೊಂದಾಣಿಕೆ,সামঞ্জস্য
ನಿರ್ವಾಹಕ,প্রশাসক
ಸುಧಾರಿತ ತಂತ್ರಜ್ಞಾನ,উন্নত প্রযুক্তি
ವೈಮಾನಿಕ,এরিয়াল
ವೈಮಾನಿಕ ರಚನೆ,এরিয়াল অ্যারে
ವೈಮಾನಿಕ ಬೂಸ್ಟರ್,এরিয়াল বুস্টার
ವೈಮಾನಿಕ ಪ್ರವಾಹ,এরিয়াল কারেন্ট
ವೈಮಾನಿಕ ಅರ್ಥಿಂಗ್ ಸ್ವಿಚ್,এরিয়াল আর্থিং সুইচ
ವೈಮಾನಿಕ ದಕ್ಷತೆ,বায়বীয় দক্ষতা
ವೈಮಾನಿಕ ಪ್ರತಿರೋಧ,বায়বীয় প্রতিবন্ধকতা
ವೈಮಾನಿಕ ಪ್ರಚೋದನೆ,এরিয়াল ইন্ডাক্ট্যান্স
ವೈಮಾನಿಕ ಅವಾಹಕ,এরিয়াল ইনসুলেটর
ವೈಮಾನಿಕ ಲೋಡಿಂಗ್ ಕಾಯಿಲ್,এরিয়াল লোডিং কয়েল
ವೈಮಾನಿಕ ography ಾಯಾಗ್ರಹಣ,আকাশ থেকে ছবি তোলা
ವೈಮಾನಿಕ ಶಕ್ತಿ,বায়বীয় শক্তি
ವೈಮಾನಿಕ ವಿಕಿರಣ ಮರುಪರಿಶೀಲನೆ,বায়বীয় বিকিরণ পুনর্নির্মাণ
ವೈಮಾನಿಕ ಪ್ರತಿಕ್ರಿಯಾತ್ಮಕ,বায়বীয় বিক্রিয়া
ಧಾರ್ಮಿಕತೆ,এয়ারোডাইনামিক্স
ವಾಗ್ದಾನ,এজেন্সি
ವಾಯು ಸಂಕೋಚಕ,বায়ু সংকোচকারী
ವಾಯುಮಂಡಲ,এয়ার কনডেন্সার
ಗಾಳಿ ತಣ್ಣಗಾಯಿತು,ঠান্ডা বাতাস
ಏರ್ ಕೋರ್ಡ್ ಕಾಯಿಲ್,বায়ু কর্ড কয়েল
ಹವಾನಿಯಂತ್ರಣ,এয়ারকন্ডিশনিং
ಪಂಥದ,আলবেডো
ಅಲ್ಗಾರಿದಮ್,অ্যালগরিদম
ಅಲಿಯಾಸೆ,এলিয়াসিং
ಜೋಡಣೆ,সারিবদ্ধ
ಜೋಡಣೆ,প্রান্তিককরণ
ಎಲ್ಲಾ ತರಂಗ ವೈಮಾನಿಕ,সমস্ত তরঙ্গ বিমান
ಮನವಸಿಕೆ,বরাদ্দ
ವರ್ಣಮಾಲೆಯ,বর্ণমালা
ವರ್ಣಮಾಲೆಯ,বর্ণমালা
ಆಲ್ಫಾನ್ಯೂಮರಿಕ್ ಪಾತ್ರ,আলফানিউমেরিক চরিত্র
ಆಲ್ಫಾನ್ಯೂಮರಿಕ್ ಮಾಹಿತಿ,আলফানিউমেরিক তথ্য
ಪರ್ಯಾಯ ಪ್ರವಾಹ (ಎ.ಸಿ.),বিকল্প বর্তমান (এ.সি.)
ಪರ್ಯಾಯ,বিকল্প
ಆವರ್ತಕ,বিকল্প
ಎತ್ತರ,উচ্চতা
ಅಪೊಗೀ ಎತ್ತರ,অপোজির উচ্চতা
ಪೆರಿಜಿಯ ಎತ್ತರ,পেরিগির উচ্চতা
ಹವ್ಯಾಸಿ ರೇಡಿಯೋ ಸಂವಹನ,অপেশাদার রেডিও যোগাযোগ
ಒಳಭಾಗ,পরিবেশ
ವಾತಾವರಣ ಮೈಕ್ರೊಫೋನ್,পরিবেশ মাইক্রোফোন
ಸುತ್ತುವರಿದ ಸ್ಥಿತಿ,পরিবেষ্টিত অবস্থা
ಸುತ್ತುವರಿದ ಬೆಳಕು,পরিবেষ্টনকারী আলো
ಸುತ್ತುವರಿದ ಶಬ್ದ,পরিবেষ্টিত শব্দ
ಹೊರಗಿನ ತಾಪಮಾನ,পরিবেষ্টিত তাপমাত্রা
ಅಮೇರಿಕನ್ ಸ್ಟ್ಯಾಂಡರ್ಡ್ ಕೋಡ್,আমেরিকান স্ট্যান্ডার্ড কোড
ಒಂದು ಬಗೆಯ ಕಂತು,অ্যাম্পিয়ার
ಕಪಾಟಿ ಮೀಟರ್,অ্যাম্পের মিটার
ವರ್ಧನೆ,পরিবর্ধন
ವರ್ಧನೆ ಅಂಶ,প্রশস্তকরণ ফ্যাক্টর
ಉಲ್ಬಣಕ,পরিবর্ধক
ಆಂಪ್ಲಿಫಯರ್ ಗಳಿಕೆ,পরিবর্ধক লাভ
ವರ್ಧಕ ಶಬ್ದ,পরিবর্ধক শব্দ
ಉಪಕರಣಗಳನ್ನು ವರ್ಧಿಸುವುದು,পরিবর্ধক সরঞ্জাম
ಕ್ಲೈಸ್ಟ್ರಾನ್ ಅನ್ನು ವರ್ಧಿಸುವುದು,ক্লাইস্ট্রনকে প্রশস্তকরণ
ವರ್ಧಿಸುವ ಘಟಕ,পরিবর্ধক ইউনিট
ವೈಶಾಲ್ಯ,প্রশস্ততা
ವೈಶಾಲ್ಯ ಅಸ್ಪಷ್ಟತೆ,প্রশস্ততা বিকৃতি
ವೈಶಾಲ್ಯ ವಿಹಾರ,প্রশস্ততা ভ্রমণ
ಆಂಪ್ಲಿಟ್ಯೂಡ್ ಫ್ಯಾಕ್ಟರ್,প্রশস্ততা ফ্যাক্টর
ವೈಶಾಲ್ಯ,প্রশস্ততা সীমাবদ্ধ
ಆಂಪ್ಲಿಟ್ಯೂಡ್ ಮಾಡ್ಯುಲೇಟೆಡ್,প্রশস্ততা মোডুলেটেড
ವೈಶಾಲ್ಯ,প্রশস্ততা মড্যুলেশন
ಅನಲಾಗ್ (,অ্যানালগ (অ্যানালগ)
ಸರ್ಕ್ಯೂಟ್,অ্যানালগ সার্কিট
ಅನಾನುಕೂಲ ಕಂಪ್ಯೂಟರ್,অ্যানালগ কম্পিউটার
ಅನಲಾಗ್ ರೇಡಿಯೋ ಆವರ್ತನ ಚಾನಲ್,অ্যানালগ রেডিও ফ্রিকোয়েন্সি চ্যানেল
ಸಾದೃಶ್ಯ ನಿರೂಪಣೆ,অ্যানালগ উপস্থাপনা
ಅನಾಲಾಗ್ ಸಂಕೇತ,এনালগ সংকেত
ಡಿಜಿಟಲ್ಗೆ ಅನಲಾಗ್,ডিজিটাল অ্যানালগ
ಡಿಜಿಟಲ್ ಪರಿವರ್ತಕಕ್ಕೆ ಅನಲಾಗ್,ডিজিটাল কনভার্টারে অ্যানালগ
ಅನಾನುಕೂಲ ವಿಡಿಯೋ,অ্যানালগ ভিডিও
ಹೋಲುವ,সাদৃশ্য
ಸಾದೃಶ್ಯ,উপমা
ವಿಶ್ಲೇಷಣೆ,বিশ্লেষণ
ಡೇಟಾದ ವಿಶ್ಲೇಷಣೆ,ডেটা বিশ্লেষণ
ವಿಶ್ಲೇಷಣಾತ್ಮಕ ಸಾಂದ್ರತೆ,বিশ্লেষণাত্মক ঘনত্ব
ವಿಶ್ಲೇಷಿಸು,বিশ্লেষণ করুন
ವಿಶ್ಲೇಷಕ,বিশ্লেষক
ಪೂರಕ ಉಪಕರಣಗಳು,আনুষঙ্গিক সরঞ্জাম
ಮತ್ತು ಗೇಟ್,এবং গেট
ಘರ್ಷಣೆಯ ಕೋನ,কলিমেশন কোণ
ಧ್ರುವೀಕರಣದ ಕೋನ,মেরুকরণের কোণ
ತಿರುಗುವಿಕೆಯ ಕೋನ,ঘূর্ণনের কোণ
ಆಂಗ್‌ಸ್ಟ್ರಾಮ್ (Å),অ্যাংস্ট্রোম (Å)
ಕೋನೀಯ,কৌণিক
ಕೋನೀಯ ವೇಗವರ್ಧನೆ,কৌণিক ত্বরণ
ಕೋನೀಯ ಸಮನ್ವಯ,কৌণিক সমন্বয়
ಕೋನೀಯ ವಿಚಲನ,কৌণিক ডিফ্লেশন
ಕೋನೀಯ ಪ್ರಸರಣ,কৌণিক বিচ্ছুরণ
ಕೋನೀಯ ಸ್ಥಳಾಂತರ,কৌণিক স্থানচ্যুতি
ಕೋನೀಯ ದೋಷ,কৌণিক ত্রুটি
ಕೋನೀಯ ಆವರ್ತನ,কৌণিক কম্পাংক
ಕೋನೀಯ ಆವೇಗ,কৌণিক ভরবেগ
ಕೋನೀಯ ಚಲನೆ,কৌণিক গতি
ಕೋನೀಯ ವೇಗ,কৌণিক বেগ
ಅನೆ,অ্যানিমেশন
ಆವರಣ,আনোড
ಆನೋಡ್ ಬ್ಯಾಟರಿ,আনোড ব্যাটারি
ಆನೋಡ್ ವಿಶಿಷ್ಟ ಲಕ್ಷಣಗಳು,অ্যানোড বৈশিষ্ট্য
ಆಂಡ್ಹ್ಯೋಡ್ ವೃತ್ತ,আনোড সার্কিট
ಆನೋಡ್ ಹರಡುವಿಕೆ,অ্যানোড অপচয়
ಆನೋಡ್ ದಕ್ಷತೆ,আনোড দক্ষতা
ಆನೋಡ್ ಇನ್ಪುಟ್ ಶಕ್ತಿ,আনোড ইনপুট শক্তি
ಆನೋಡ್ ಮಾಡ್ಯುಲೇಷನ್,অ্যানোড মড্যুলেশন
ಆನಂತಾ,অ্যান্টেনা
ಆಂಟೆನಾ ಬೀಮ್‌ವಿಡ್ತ್,অ্যান্টেনা বিমউইথ
ಆಂಟೆನಾ ಬೂಸ್ಟರ್,অ্যান্টেনা বুস্টার
ಆಂಟೆನಾ ಚೇಂಜ್ಓವರ್ ಸ್ವಿಚ್,অ্যান্টেনা চেঞ্জওভার সুইচ
ಆಂಟೆನಾ ಕಾಯಿಲ್,অ্যান্টেনা কয়েল
ಆಂಟೆನಾ ಸಂರಚನೆ,অ্যান্টেনা কনফিগারেশন
ಆಂಟೆನಾ ಸಹಕ,অ্যান্টেনা কাপলার
ಆಂಟೆನಾ ಕ್ರಾಸ್ ಪೋಲಾರ್ ಪ್ಯಾಟರ್ನ್,অ্যান্টেনা ক্রস পোলার প্যাটার্ন
ಪ್ರವಾಹ,অ্যান্টেনা কারেন্ট
ಆಂಟೆನಾ ನಿರ್ದೇಶನ ಲಾಭ,অ্যান্টেনা ডাইরেক্টিভিটি লাভ
ಆಂಟೆನಾ ಡ್ಯುಪ್ಲೆಕ್ಸರ್,অ্যান্টেনা ডুপ্লেক্সার
ಆಂಟೆನಾ ಪರಿಣಾಮಕಾರಿ ಪ್ರದೇಶ,অ্যান্টেনা কার্যকর অঞ্চল
ಆಂಟೆನಾ ದಕ್ಷತೆ,অ্যান্টেনা দক্ষতা
ಆಂಟೆನಾ ಫೀಡ್,অ্যান্টেনা ফিড
ಆಂಟೆನಾ ಕಾಲು ಮುದ್ರಣ,অ্যান্টেনা ফুট প্রিন্ট
ಆಂಟೆನಾ ಗಳಿಕೆ,এন্টেনা
ಆಂಟೆನಾ ಎತ್ತರ,অ্যান্টেনার উচ্চতা
ಪ್ರತಿರೋಧ,অ্যান্টেনা প্রতিবন্ধকতা
ಆಂಟೆನಾ ಪ್ರಚೋದನೆ,অ্যান্টেনা ইন্ডাক্ট্যান্স
ಆಂಟೆನಾ ಮಾದರಿ,অ্যান্টেনা প্যাটার্ন
ಪತಂಗ,অ্যান্টেনা প্লেক্সার
ಆಂಟೆನಾ ಧ್ರುವೀಕರಣ,অ্যান্টেনা মেরুকরণ
ಆಂಟೆನಾ ಶಕ್ತಿ,অ্যান্টেনা শক্তি
ಆಂಟೆನಾ ವಿದ್ಯುತ್ ಲಾಭ,অ্যান্টেনা পাওয়ার লাভ
ಆಂಟೆನಾ ವಿಕಿರಣ ಪ್ರತಿರೋಧ,অ্যান্টেনা বিকিরণ প্রতিরোধের
ಆಂಟೆನಾ ಪ್ರತಿಕ್ರಿಯೆ,অ্যান্টেনা প্রতিক্রিয়া
ಆಂಟೆನಾ ಪ್ರತಿಫಲನ,অ্যান্টেনা প্রতিচ্ছবি
ಆಂಟೆನಾ ಪ್ರತಿರೋಧ,অ্যান্টেনা প্রতিরোধের
ಆಂಟೆನಾ ಪ್ರತಿಧ್ವನಿಸುವ ಆವರ್ತನ,অ্যান্টেনা অনুরণিত ফ্রিকোয়েন্সি
ಆಂತರಿಕ ಅಂತರ,অ্যান্টেনা ব্যবধান
ಆಂಟೆನಾ ಸ್ವಿಚಿಂಗ್ ರೂಮ್,অ্যান্টেনা স্যুইচিং রুম
ಆಂಟೆನಾ ಟ್ಯೂನಿಂಗ್ ಕಾಯಿಲ್,অ্যান্টেনা টিউনিং কয়েল
ಆಂಟೆನಾ ಟ್ಯೂನಿಂಗ್ ಹಟ್,অ্যান্টেনা টিউনিং হাট
ದ್ಯುತಿರಂಧ್ರ,অ্যাপারচার
ಮಂಜುಗಡ್ಡೆಯ,অপোজি
ಕಟಾ ರಾಕೆಟ್,অ্যাপোজি রকেট
ಉಪಕರಣ,যন্ত্রপাতি
ಸ್ಪಷ್ಟ,আপাত
ರಭಸ,অ্যাপলেট
ಅನ್ವಯಿಸು,আবেদন
ಅಂದಾಜು,আনুমানিক
ಅಕ್ವೌಸ್ ಪರಿಹಾರ,জলীয় সমাধান
ಚಾಪ,আর্ক
ವಾಸ್ತುಶಿಲ್ಪಿ,আর্কিটেকচার
ಧ್ವನಿ ರೆಕಾರ್ಡಿಂಗ್ ಆರ್ಕೈವಲ್ ವರ್ಗಾವಣೆ,সাউন্ড রেকর্ডিংয়ের সংরক্ষণাগার স্থানান্তর
ಆರ್ಕೈವ್ಸ್,সংরক্ষণাগার
ಅಂಕಗಣಿತದ ಕೋಡಿಂಗ್,গাণিতিক কোডিং
ಶಸ್ತ್ರಾಸ್ತ್ರ,আর্মার
ಆರ್ಮೇಚರ್ ವಿಂಡಿಂಗ್,আর্ম্যাচার বাতাস
ರಂಗ,অ্যারে
ಬಂಧಕ,অ্যারেস্টার
ಉಚ್ಚ್ಯ,বক্তৃতা
ಕಲಾಕೃತಿ (= ಕಲಾಕೃತಿ),আর্টিফ্যাক্ট (= আর্টফ্যাক্ট)
ಏರಿಕೆ,আরোহী
ಶೋಧ ಅನುಪಾತ,আনুমানিক অনুপাত
ಷೋಬರೆ,এসেম্বলার
ಪ್ರತಿಪಾದಿಸುವುದು,দাবী
ನಿಯೋಜನೆ,অ্যাসাইনমেন্ট
ನಿಯೋಜನೆ ಚಾನೆಲ್,অ্যাসাইনমেন্ট চ্যানেল
ಅಸಮ್ಮತಿಗೆ ಸಂಬಂಧಿಸಿದ,অসম্পূর্ণ
ಅಸಮಕಾಲಿಕ,অ্যাসিঙ্ক্রোনাস
ವಾತಾವರಣ,বায়ুমণ্ডল
ವಾತಾವರಣದ ನಷ್ಟ,বায়ুমণ্ডলীয় ক্ষতি
ವಾತಾವರಣದ ಶಬ್ದ,বায়ুমণ্ডলীয় শব্দ
ವಾತಾವರಣದ ಒತ್ತಡ,বায়ুমণ্ডলীয় চাপ
ವಾತಾವರಣದ ಪ್ರಸರಣ,বায়ুমণ্ডলীয় প্রচার
ವಾತಾವರಣದ ರೇಡಿಯೋ ತರಂಗ,বায়ুমণ্ডলীয় রেডিও-তরঙ্গ
ವಾತಾವರಣದ,বায়ুমণ্ডল
ಪರಮಾಣು,পরমাণু
ಪರಮಾಣು ರಚನೆ,পারমাণবিক গঠন
ಬಾಂಧಾಣ,সংযুক্তি
ಗಮನ,মনোযোগ
ಅಟೆನ್ಯೂಯೇಷನ್ ​​ನಷ್ಟ,মনোযোগ ক্ষতি
ಧ್ವನಿ ತರಂಗಗಳ ಅಟೆನ್ಯೂಯೇಷನ್,শব্দ তরঙ্গের মনোযোগ
ಕೈಗೆಟುಕುವವನು,অ্যাটেনুয়েটর
ಅಟೆಂಡು-ಪ್ಯಾಡ್,অ্যাটেনুয়েটর-প্যাড
ಶ್ರದ್ಧೆಯ ಮಿತಿ,অডিবিলিটি থ্রেশহোল্ড
ಶ್ರವ್ಯ,শ্রুতিমধুর
ಶ್ರವ್ಯ ಆವರ್ತನ,শ্রুতিমধুর ফ্রিকোয়েন্সি
ಶ್ರವ್ಯ ಸ್ವರ,শ্রুতিমধুর সুর
ಸ್ವಸಾಧ್ಯ,শ্রুতি-বর্ণালী
ಪ್ರೇಕ್ಷಕರು,শ্রোতা
ಆವಿಷ್ಕಾರ,শ্রুতি
ಆಡಿಯೊ ಆಂಪ್ಲಿಫೈಯರ್,অডিও পরিবর্ধক
ಆಡಿಯೊ ವಿಶ್ಲೇಷಕ,অডিও বিশ্লেষক
ಆಡಿಯೊ ಪ್ರಸಾರ,অডিও সম্প্রচার
ಆಡಿಯೊ ಕೇಬಲ್,অডিও কেবল
ಆಡಿಯೊ ಸರಪಳಿ,অডিও চেইন
ಆಡಿಯೊ ಕೋಡೆಕ್,অডিও কোডেক
ಆಡಿಯೊ ಸಂಕೋಚನ,অডিও সংক্ষেপণ
ಆಡಿಯೊ ಸಂಕೋಚಕ,অডিও সংক্ষেপক
ಆಡಿಯೊ ಕನ್ಸೋಲ್,অডিও কনসোল
ಆಡಿಯೊ ಅಸ್ಪಷ್ಟತೆ,অডিও বিকৃতি
ಆಡಿಯೊ ಡೈನಾಮಿಕ್ ಶ್ರೇಣಿ,অডিও গতিশীল পরিসীমা
ಆಡಿಯೊ ಫೈಲ್ ಸ್ವರೂಪ,অডিও ফাইল ফর্ম্যাট
ಆಡಿಯೊ ಫ್ರೇಮ್ ಸ್ವರೂಪ,অডিও ফ্রেম ফর্ম্যাট
ಆಡಿಯೊ ಆವರ್ತನ ಆಂಪ್ಲಿಫಯರ್,অডিও ফ্রিকোয়েন্সি পরিবর্ধক
ಆಡಿಯೊ ಆವರ್ತನ ಜನರೇಟರ್,অডিও ফ্রিকোয়েন্সি জেনারেটর
ಆಡಿಯೊ ಆವರ್ತನ ಶ್ರೇಣಿ,অডিও ফ্রিকোয়েন্সি ব্যাপ্তি
ಆಡಿಯೊ ಆವರ್ತನ ಪ್ರತಿಕ್ರಿಯೆ,অডিও ফ্রিকোয়েন্সি প্রতিক্রিয়া
ಆವಿಷ್ಕಾರದ ಮಿತಿ,অডিও সীমাবদ্ধ
ಆಡಿಯೊ ಮಾರ್ಗ,অডিও লাইন
ಆಡಿಯೊ ಮಿಕ್ಸರ್,অডিও মিক্সার
ಆಡಿಯೊ ಮಾಡ್ಯುಲೇಷನ್,অডিও মড্যুলেশন
ಆವಿಭರಣ,অডিও দোলক
ಆಡಿಯೊ ಉತ್ಪಾದನೆ,অডিও আউটপুট
ಆಡಿಯೊ ಶಕ್ತಿ,অডিও শক্তি
ಆಡಿಯೊ ಗುಣಮಟ್ಟ,অডিও মানের
ಆಡಿಯೊ ಸಂಕೇತ,অডিও সংকেত
ಆಡಿಯೊ ಸಿಗ್ನಲ್ ಸಂಸ್ಕರಣೆ,অডিও সিগন্যাল প্রসেসিং
ಆಡಿಯೊ ವರ್ಣಪಟಲ,অডিও বর্ণালী
ಆಡಿಯೊ ಸಂಗ್ರಹಣೆ,অডিও স্টোরেজ
ಆಡಿಯೊ ಉಪನಾಮ,অডিও সাব-ক্যারিয়ার
ಆಡಿಯೊ ಪರಿವರ್ತಕ,অডিও ট্রান্সফর্মার
ಆಡಿಯೊ ಟ್ರಾನ್ಸ್ಮಿಟರ್,অডিও ট্রান্সমিটার
ಆಡಿಯೋ/ವಿಡಿಯೋ ಸಂಕೋಚನ,অডিও/ভিডিও সংক্ষেপণ
ಆಡಿಯೊ ಆವರ್ತನ ಆಂದೋಲಕ,অডিও-ফ্রিকোয়েন্সি দোলক
ಆವರ್ತನ ಆವರ್ತನ ಸಂಕೇತ,অডিও-ফ্রিকোয়েন্সি সিগন্যাল
ಆಲಿಕಲ್ಲು ಮಾಪನ,অডিওমেট্রি
ಆಡಿಯೋ ದೃಶ್ಯ ಸಹಾಯ,অডিও-ভিজ্যুয়াল সহায়তা
ಶ್ರವಣೇಂದ್ರಿಯ ಗ್ರಹಿಕೆ,শ্রুতি উপলব্ধি
ದೃentೀಕರಣ,প্রমাণীকরণ
ಅಧಿಕೃತ ವಾಹಕ ಆವರ್ತನ,অনুমোদিত ক্যারিয়ার ফ্রিকোয়েন্সি
ಆಟೋ ಸಿಎಡಿ,অটো ক্যাড
ಸ್ವಯಂ ರೋಗನಿರ್ಣಯ,অটো ডায়াগনস্টিকস
ಸ್ವಯಂಚಾಲಿತ,স্বয়ংক্রিয়
ಸ್ವಯಂಚಾಲಿತ ನಿಯಂತ್ರಣ,স্বয়ংক্রিয় নিয়ন্ত্রণ
ಸ್ವಯಂಚಾಲಿತ ಪತ್ತೆ,স্বয়ংক্রিয় সনাক্তকরণ
ಸ್ವಯಂಚಾಲಿತ ಉಪಕರಣಗಳು,স্বয়ংক্রিয় সরঞ্জাম
ಸ್ವಯಂಚಾಲಿತ ಆವರ್ತನ ನಿಯಂತ್ರಣ,স্বয়ংক্রিয় ফ্রিকোয়েন্সি নিয়ন্ত্রণ
ಸ್ವಯಂಚಾಲಿತ ಮಿತಿ,স্বয়ংক্রিয় সীমাবদ্ধ
ಸ್ವಯಂಚಾಲಿತ ಯಂತ್ರ,স্বয়ংক্রিয় মেশিন
ಸ್ವಯಂಚಾಲಿತ ಫಾಸೆ ನಿಯಂತ್ರಣ,স্বয়ংক্রিয় ফ্যাসি নিয়ন্ত্রণ
ಸ್ವಯಂಚಾಲಿತ ಚಿತ್ರ ಪ್ರಸರಣ,স্বয়ংক্রিয় চিত্র সংক্রমণ
ಸ್ವಯಂಚಾಲಿತ ಪ್ಲೇಬ್ಯಾಕ್,স্বয়ংক্রিয় প্লেব্যাক
ಸ್ವಯಂಚಾಲಿತ ವಿದ್ಯುತ್ ನಿಯಂತ್ರಣ,স্বয়ংক্রিয় শক্তি নিয়ন্ত্রণ
ಸ್ವಯಂಚಾಲಿತ ಪ್ರೋಗ್ರಾಮಿಂಗ್,স্বয়ংক্রিয় প্রোগ্রামিং
ಸ್ವಯಂಚಾಲಿತ ರೆಕಾರ್ಡಿಂಗ್,স্বয়ংক্রিয় রেকর্ডিং
ಸ್ವಯಂಚಾಲಿತ ಮರುಹೊಂದಿಸಿ,স্বয়ংক্রিয় রিসেট
ಸ್ವಯಂಚಾಲಿತ ಶಟರ್,স্বয়ংক্রিয় শাটার
ಸ್ವಯಂಚಾಲಿತ ವ್ಯವಸ್ಥೆ,স্বয়ংক্রিয় সিস্টেম
ಸ್ವಯಂಚಾಲಿತ ದೂರವಾಣಿ,স্বয়ংক্রিয় টেলিফোন
ಸ್ವಯಂಚಾಲಿತ ತಾಪಮಾನ ನಿಯಂತ್ರಣ,স্বয়ংক্রিয় তাপমাত্রা নিয়ন্ত্রণ
ಸ್ವಯಂಚಾಲಿತ ವೋಲ್ಟೇಜ್ ನಿಯಂತ್ರಕ,স্বয়ংক্রিয় ভোল্টেজ নিয়ন্ত্রক
ಸ್ವಯಂಚಾಲಿತ ಪರಿಮಾಣ ಸಂಕೋಚಕ,স্বয়ংক্রিয় ভলিউম সংক্ষেপক
ಸ್ವಯಂಚಾಲಿತ ಪರಿಮಾಣ ನಿಯಂತ್ರಣ,স্বয়ংক্রিয় ভলিউম নিয়ন্ত্রণ
ಸ್ವಯಂಚಾಲಿತ ಪರಿಮಾಣ ವಿಸ್ತರಣೆ,স্বয়ংক্রিয় ভলিউম এক্সপেন্ডার
ಸ್ವಯಂಚಾಲಿತ,অটোমেশন
ಆಟೊಮೇಷನ್ ನಿಯಂತ್ರಣ,অটোমেশন নিয়ন্ত্রণ
ಆಟೊಮೇಷನ್ ಆವರ್ತನ ನಿಯಂತ್ರಕ,অটোমেশন ফ্রিকোয়েন্সি নিয়ামক
ಸಹಾಯಕ,সহায়ক
ಸಹಾಯಕ ಆಡಿಯೊ ಬಸ್,সহায়ক অডিও বাস
ಲಭ್ಯವಿರುವ ಶಕ್ತಿ,উপলব্ধ শক্তি
ಹಿಮಪಾತ ಸ್ಥಗಿತ,তুষারপাত ভাঙ্গন
ಸರಾಸರಿ ಜೀವನ,গড় আয়ু
ಸರಾಸರಿ ಒತ್ತಡ,গড় চাপ
ಸರಾಸರಿ ವೇಗ,গড় গতি
ಸ್ಪಿನ್ ನ ಅಕ್ಷ,স্পিনের অক্ষ
ಅಜಿಮತ್,আজিমুথ
ಅಜಿಮತ್ ಕೋನ,আজিমুথ কোণ
ಅಜಿಮುತ್ ದೋಷ,আজিমুথ ত্রুটি
ಬ್ಯಾಕ್ ಲೈಟ್,পিছনে আলো
ಬ್ಯಾಕ್ ಪ್ರೊಜೆಕ್ಷನ್,পিছনে অভিক্ষেপ
ಹಿಂದಿನ ವೋಲ್ಟೇಜ್ (= ರಿವರ್ಸ್ ವೋಲ್ಟೇಜ್),ব্যাক ভোল্টেজ (= বিপরীত ভোল্টেজ)
ಬ್ಯಾಕ್‌ಫೈರ್ (ಆರ್ಕ್ ಬ್ಯಾಕ್),ব্যাকফায়ার (আর্ক ব্যাক)
ಹಿನ್ನೆಲೆ ಬೆಳಕು,পটভূমি আলো
ಹಿನ್ನೆಲೆ ಶಬ್ದ,পিছনের শব্দ
ಹಿನ್ನೆಲೆ,পটভূমি প্রক্ষেপণ
ಬಾಗುತ್ತಾ ಹೋಗು,ব্যাকআপ
ಅಡ್ಡಿ,বাফেল
ಕಪಾಟಿ,বেকিং
ಸಮತೋಲಿತ ಆಡಿಯೊ,সুষম অডিও
ಸಮತೋಲಿತ ಆಡಿಯೊ ಮಾರ್ಗ,ভারসাম্যহীন অডিও লাইন
ಸಮತೋಲಿತ ಪ್ರಸರಣ ಮಾರ್ಗ,সুষম সংক্রমণ লাইন
ಸಮತೋಲನ,ভারসাম্য
ನಿಲುಗಡೆ,ব্যালাস্ট
ನಿಲುಗಡೆ,ব্যালাস্ট ফ্যাক্টর
ಬಲೂನ,বালুন
ಬಂಡಿ,ব্যান্ড
ಬ್ಯಾಂಡ್ ಪಾಸ್ ಫಿಲ್ಟರ್,ব্যান্ড পাস ফিল্টার
ತಂಡದ ತಂಡ,ব্যান্ড নির্বাচক
ಬ್ಯಾಂಡ್ ವಿಭಜನೆ,ব্যান্ড বিভাজন
ಬ್ಯಾಂಡ್ ಸ್ಟಾಪ್ ಫಿಲ್ಟರ್,ব্যান্ড স্টপ ফিল্টার
ಬ್ಯಾಂಡ್ ಸ್ವಿಚ್,ব্যান্ড সুইচ
ಬ್ಯಾಂಡ್ ಟ್ಯೂನಿಂಗ್,ব্যান্ড টিউনিং
ಬಂಡಿಡಿ,ব্যান্ডউইথ
ಗಡಿ,বার
ಪಾಂಡಿತ್ಯ,বার কোড
ಬಾರ್ -ಡೇಟಾ,বার ডেটা
ಬರಿ ಬ್ಯಾಂಡ್,বেয়ার ব্যান্ড
ಬರಿ ದೀಪ,বেয়ার ল্যাম্প
ಕೊಟ್ಟಿಗೆ ಬಾಗಿಲು,শস্যাগার দরজা
ಬೇಸ್ ಬಂಡಿ,বেস ব্যান্ড
ಬೇಸ್ ಬ್ಯಾಂಡ್ ಸಂಕೇತ,বেস ব্যান্ড সিগন্যাল
ಬೇಸ್ ಬ್ಯಾಂಡ್ ವ್ಯವಸ್ಥೆ,বেস ব্যান্ড সিস্টেম
ಬೇಸ್ ಬ್ರೌಸಿ,বেস ব্রাউজার
ಬೇಸ್ ಕಲೆಕ್ಟರ್ ಜಂಕ್ಷನ್,বেস কালেক্টর জংশন
ಬೇಸ್ ನಿರೋಧಕ,বেস ইনসুলেটর
ಬಾವಲಿ,বাস
ಬಾಸ್ ಪರಿಹಾರ,বাস ক্ষতিপূরণ
ಬಾಸ್ ಧ್ವನಿವರ್ಧಕ (ವೂಫರ್),বাস লাউডস্পিকার (ওফার)
ಜರಡಿ ಸ್ಕ್ಯಾನಿಂಗ್,ব্যাচ স্ক্যানিং
ಬ್ಯಾಟರಿ ಚಾರ್ಜಿಂಗ್,ব্যাটারি চার্জ হইতেছে
ಕಿರಣ,মরীচি
ಹೊಡೆ,বীট
ಬೀಟ್ ಆವರ್ತನ ಆಂದೋಲಕ,বীট ফ্রিকোয়েন্সি দোলক
ಬೆಳ್ಳೆ,বেল
ಪಕ್ಷಪಾತ,পক্ষপাত
ಪಕ್ಷಪಾತ ಸರ್ಕ್ಯೂಟ್,বায়াস সার্কিট
ಪಕ್ಷಪಾತ ಆವರ್ತನ,বায়াস ফ্রিকোয়েন্সি
ಪಕ್ಷಪಾತ ವಾತಾವರಣ,অত্যাধিক ভোল্টেজ
ಫಾರ್ವರ್ಡ್ ದಿಕ್ಕಿನಲ್ಲಿ ಪಕ್ಷಪಾತ,সামনের দিকে পক্ষপাতদুষ্ট
ದ್ವಿ-ದಿಕ್ಕಿನ ಮೈಕ್ರೊಫೋನ್,দ্বি-দিকনির্দেশক মাইক্রোফোন
ಬಿಡಿ ಹಲಗೆ,বিলবোর্ড
ಬಿಲ್ಬೋರ್ಡ್ ಅಪ್ಲಿಕೇಶನ್,বিলবোর্ড অ্যাপ্লিকেশন
ದ್ವಿ-ರೂಪಕ ಅಂಶ,দ্বি-ধাতব উপাদান
ಬೈನರಿ,বাইনারি
ಬೈನರಿ ಕೋಡೆಡ್ ದಶಮಾಂಶ,বাইনারি কোডেড দশমিক
ಬೈನರಿ ಅಂಕೆ (ಬಿಟ್),বাইনারি অঙ্ক (বিট)
ಬೈನರಿ ಸಂಖ್ಯೆ,বাইনারি সংখ্যা
ಬೈನೌರಲ್ ವಿಚಾರಣೆ,বাইনোরাল শুনানি
ಜೈಲು ಪ್ರದೇಶದ,বাইনোকুলার
ಬಯೋಕಾಲಕ,বায়োমেট্রিক
ಬೈಪೋಲಾರ್ ಟ್ರಾನ್ಸಿಸ್ಟರ್,বাইপোলার ট্রানজিস্টর
ಬಿಟ್ ಹಂಚಿಕೆ,বিট বরাদ্দ
ಬಿಟ್ ದರ,বিট রেট
ಕಪ್ಪು ಮತ್ತು ಬಿಳಿ ಟಿವಿ,কালো এবং সাদা টিভি
ಖಾಲಿ,ফাঁকা
ಖಾಲಿ ಮಧ್ಯಂತರ,ফাঁকা ব্যবধান
ಖಾಲಿ ಮಟ್ಟ,ব্ল্যাঙ্কিং স্তর
ಬ್ಲೀಡರ್ ಪ್ರತಿರೋಧ,ব্লিডার প্রতিরোধের
ಮಿನುಗಿದ ಕ್ಯಾಮೆರಾ,ব্লিমড ক্যামেরা
ಕುರುಡು ಪ್ರಜ್ವಲಿಸುವ,অন্ধ ঝলক
ಮಿಟುಕಿಸು,পলক
ಮಿಟುಕಿಸುವ,জ্বলজ্বল
ಕವಣೆ,ব্লক কোড
ಬ್ಲಾಕ್ ರೇಖಾಚಿತ್ರ,ব্লক ডায়াগ্রাম
ಬ್ಲಾಕ್ ಇಂಟರ್ಲೀವ್,ব্লক ইন্টারলিভ
ಕೆಪಾಸಿಟರ್ ಅನ್ನು ನಿರ್ಬಂಧಿಸಲಾಗುತ್ತಿದೆ,ব্লকিং ক্যাপাসিটার
ಆಂದೋಲಕವನ್ನು ನಿರ್ಬಂಧಿಸಲಾಗುತ್ತಿದೆ,দোলক ব্লক করা
ಅರಳು,পুষ্প
ಬೀಸುವ ದೀಪ,ল্যাম্প ব্লো
ಹೊಡೆತ,পাইপ ব্লো
ಚೂರು,ব্লোয়ার
ಕಾಲ್ಪನಿಕ,ব্লুটুথ
ದೇಹದ ಧಾರಾವಶನ,দেহ ক্যাপাসিট্যান্স
ಬುಕ್‌ ಲಕ್ಷಣ,বুকমার্ক
ಬೂಲಿಯನ್ ಬೀಜಗಣಿತ,বুলিয়ান বীজগণিত
ಹೆಚ್ಚಿಸು,বুম
ಹೆಚ್ಚಿಸು,প্রচার করা
ಪ್ರೌoster,বুস্টার
ಬೂಸ್ಟರ್ ಬೆಳಕು,বুস্টার লাইট
ವರ್ಧಕ,বুস্টিং
ಬೂಟಾಟಿಕೆ,বুটিং
ಬೂಟಾಟಿಕೆ,বুটস্ট্র্যাপ
ಕೆಳಗಡೆ,নীচে আলো
ಬೌನ್ಸ್ ಲೈಟ್,বাউন্স লাইট
ಒಡೆಯುವುದು,ভাঙ্গা
ವೋಲ್ಟೇಜ್ ಅನ್ನು ಒಡೆಯಿರಿ,ভাঙ্গন ভোল্টেজ
ಸೇತುವೆ ಅಂಶ,সেতু উপাদান
ಸೇತುವೆ ಸರಿಪಡಿಸುವಿಕೆ,সেতু সংশোধনকারী
ಸೇತುವೆಯ ‘ಟಿ’ ಅಟೆನ್ಯುವೇಟರ್,ব্রিজযুক্ত ‘টি’ অ্যাটেনুয়েটর
ಸೇತುವೆಯ ರಚನೆ,ব্রিজযুক্ত কাঠামো
ಸೇತುವೆ,ব্রিজিং
ಆಂಪ್ಲಿಫೈಯರ್,ব্রিজিং এম্প্লিফায়ার
ಸೇತುವೆ ನಷ್ಟ,ব্রিজিং ক্ষতি
ಹೊಳಪು,উজ্জ্বলতা
ಹೊಳಪು ನಿಯಂತ್ರಣ,উজ্জ্বলতা নিয়ন্ত্রণ
ಸ್ಥಿರವಾದ,ভঙ্গুর
ಸ್ಥಿರವಾದ ವಸ್ತು,ভঙ্গুর পদার্থ
ಪ್ರಸಾರ,ব্রডব্যান্ড
ಬ್ರಾಡ್‌ಬ್ಯಾಂಡ್ ವರ್ಧಕ,ব্রডব্যান্ড পরিবর্ধক
ಬ್ರಾಡ್‌ಬ್ಯಾಂಡ್ ಐಎಸ್‌ಡಿಎನ್,ব্রডব্যান্ড আইএসডিএন
ಬ್ರಾಡ್‌ಬ್ಯಾಂಡ್ ವ್ಯವಸ್ಥೆಯ,ব্রডব্যান্ড সিস্টেম
ಪ್ರಸಾರ ಮತ್ತು ಸಂವಹನ ತಂತ್ರಜ್ಞಾನ,সম্প্রচার এবং যোগাযোগ প্রযুক্তি
ಪ್ರಸಾರ ಪ್ರಸಾರ,সম্প্রচার কভারেজ
ಪ್ರಸಾರ ರಿಸೀವರ್,সম্প্রচার গ্রহনকারী যন্ত্র
ಪ್ರಸಾರ ಸೇವಾ ಯೋಜನೆ,সম্প্রচার পরিষেবা পরিকল্পনা
ಪ್ರಸಾರ ಟ್ರಾನ್ಸ್ಮಿಟರ್,সম্প্রচার ট্রান্সমিটার
ಪ್ರಸಾರಕ,সম্প্রচারক
ಪ್ರಸಾರ,সম্প্রচার
ಪ್ರಸಾರ ಕೇಂದ್ರ,সম্প্রচার কেন্দ্র
ಒಡೆದ,ভাঙ্গা
ಬ್ರೌಸರ್,ব্রাউজার
ಉಜ್ಜುವುದು,ব্রাউজিং
ಗುಂಡು,বুদ্বুদ
ಬಫಲು,বাফার
ಬಫರ್ ವರ್ಧಕ,বাফার পরিবর্ধক
ಬಫುರಿ,বাফার টিউব
ಬಗೆಗಿನ,বাগ
ಅಂತರ್ಗತ ಆಂಟೆನಾ,অন্তর্নির্মিত অ্যান্টেনা
ಬರ್ದಿ,বার্নার
ಸುಟ್ಟುಹೋಗುವುದು,জ্বলন্ত
ಸ್ಫೋಟಕ ದೋಷ,বিস্ফোরণ ত্রুটি
ಬರ್ಸ್ಟ್ ಒಳಸೇರಿಸುವಿಕೆಯ ನಾಡಿ,ফেটে সন্নিবেশ ডাল
ಬರ್ಸ್ಟ್ ಹಂತ,বিস্ফোরণ পর্ব
ಬೂಸು,বাস
ಉದ್ಯಮ ಚತುರತೆ,ব্যবসায়িক বুদ্ধি
ಬಜಣಸು,বুজার
ಬೈಪಾಸ್,পাস দ্বারা
ಹಾದುಹೋಗುವ ಮೂಲಕ,পাস করে
ಬೈಪಾಸ್ ಕಂಡೆನ್ಸರ್,বাইপাস কনডেন্সার
ಸಿ,গ
ಸಿ+ಪ್ರೋಗ್ರಾಮಿಂಗ್ ಭಾಷೆ,সি+প্রোগ্রামিং ভাষা
ಸಂಚಾರಿ,মন্ত্রিসভা
ಕೇಬಲ್,কেবল
ಕೇಬಲ್ ಸಂಯುಕ್ತ,তারের যৌগ
ಕೇಬಲ್ ಸಮೀಕರಣ,তারের সমতা
ಕೇಬಲ್ ನಷ್ಟ,তারের ক্ষতি
ಸಂಗ್ರಹ,ক্যাশে
ಷಚ,ক্যাচিং
ಕೋಶಕ ಕೋಶ,ক্যাডমিয়াম সেল
ಲೆಕ್ಕಾಚಾರ ಮಾಡುವುದು ಯಂತ್ರ,গননা যন্ত্র
ಲೆಕ್ಕಾಚಾರ,গণনা
ಕ್ಯಾಲ್ಕುಲೇಟರ್,ক্যালকুলেটর
ಅಳಿಸು,ক্যালিব্রেট
ಚಕಮಕಿ,ক্যালিপার্স
ಕ್ಯಾಲೋರಿಮೀಟರ್,ক্যালোরিমিটার
ಕ್ಯಾಮ್‌ಕಾರ್ಗೆ,ক্যামকর্ডার
ಕ್ಯಾಮೆರಾ,ক্যামেরা
ಕ್ಯಾಮೆರಾ ಜೋಡಣೆ,ক্যামেরা প্রান্তিককরণ
ಕ್ಯಾಮೆರಾ ದ್ಯುತಿರಂಧ್ರ,ক্যামেরা অ্যাপারচার
ಕ್ಯಾಮೆರಾ ವ್ಯಾಪ್ತಿ,ক্যামেরা কভারেজ
ಕ್ಯಾಮೆರಾ ಶ್ರೇಣಿ,ক্যামেরা লাইন আপ
ಕ್ಯಾಮೆರಾ ಟ್ಯೂಬ್,ক্যামেরা টিউব
ಮೇಲಾವರಣ,ক্যানোপি
ಸಾಮರ್ಥ್ಯ,ক্ষমতা
ಧಾರ್ಮಿಕತೆ,ক্যাপাসিট্যান্স
ಕೆಪರಿಟಿವ್ ಹೊರೆ,ক্যাপাসিটিভ লোড
ಕೆಪ್ಪೆಯುಳ್ಳ ಪ್ರತಿಕ್ರಿಯಾತ್ಮಕತೆ,ক্যাপাসিটিভ প্রতিক্রিয়া
ಕಂದಕ,ক্যাপাসিটার
ಕೆಪಾಸಿಟರ್ ಇನ್ಪುಟ್ ಫಿಲ್ಟರ್,ক্যাপাসিটার ইনপুট ফিল্টার
ಸಾಮರ್ಥ್ಯ,ক্ষমতা
ಬಿರಡೆ,ক্যাপসুল
ಶೀರ್ಷಿಕೆ,ক্যাপশন
ಸೆರೆಹಿಡಿಯುವ ಪರಿಣಾಮ,প্রভাব ক্যাপচার
ಚೀಟಿ,কার্ড
ಹೃದಯದ,কার্ডিওড
ಹೃದಯಪ್ರಮೀತಿ,কার্ডিওড মাইক্রোফোন
ವಾಹಕ,ক্যারিয়ার
ವಾಹಕ ಆವರ್ತನ,ক্যারিয়ার ফ্রিকোয়েন্সি
ವಾಹಕ ಆವರ್ತನ ಶಿಫ್ಟ್,ক্যারিয়ার ফ্রিকোয়েন্সি শিফট
ವಾಹಕ ಶಕ್ತಿ,ক্যারিয়ার শক্তি
ವಾಹಕ ಸೆನ್ಸ್ ಸಿಗ್ನಲ್,ক্যারিয়ার ইন্দ্রিয় সংকেত
ವಾಹಕ ಸೂಕ್ಷ್ಮತೆ,ক্যারিয়ার সংবেদনশীলতা
ವಾಹಕ ಪ್ರತ್ಯೇಕತೆ,ক্যারিয়ার বিচ্ছেদ
ವಾಹಕ ಶಿಖರ,ক্যারিয়ার শিফট
ವಾಹಕ ಅಂತರ,ক্যারিয়ার ব্যবধান
ವಾಹಕ ನಿಗ್ರಹ,ক্যারিয়ার দমন
ವಾಹಕ ತರಂಗ,ক্যারিয়ার তরঙ্গ
ಕಾರ್ಟ್ರಿಡ್ಜ್,কার্তুজ
ಕೆತ್ತನೆ,খোদাই
ಕಸಾಯಿಖಾನೆ,ক্যাসকেড
ಸರ್ಕ್ಯೂಟ್,ক্যাসকেড সার্কিট
ಕ್ಯಾಸೆಲೆ,ক্যাসেট
ಎರಕಹೊಯ್ದ ಕಬ್ಬಿಣದ,ঢালাই লোহা
ಬಿಂಚು,ঢালাই
ಪಟ್ಟಿ,ক্যাটালগ
ದುರಂತ ಹಸ್ತಕ್ಷೇಪ,বিপর্যয়মূলক হস্তক্ষেপ
ಕ್ಯಾಥೋಡ್,ক্যাথোড
ಕ್ಯಾಥೋಡ್ ಅನುಯಾಯಿ,ক্যাথোড অনুসরণকারী
ಕ್ಯಾಥೋಡ್ ರೆಸಿಸ್ಟರ್,ক্যাথোড প্রতিরোধক
ಸೆಲ್ ಫೋನ್,মুঠোফোন
ಕೋಶಾಕಾರದ,কোষ বিশিষ্ট
ಕೇಂದ್ರ ನಿಯಂತ್ರಣ,কেন্দ্রীয় নিয়ন্ত্রণ
ಕೇಂದ್ರ ಆವರ್ತನ,কেন্দ্রীয় ফ্রিকোয়েন্সি
ಮಧ್ಯ ಸಂಸ್ಕರಣಾ ಘಟಕ,কেন্দ্রীয় প্রক্রিয়াকরণ ইউনিট
ಕೇಂದ್ರೀಕೃತ ದತ್ತಸಂಚಯ,কেন্দ্রীভূত ডাটাবেস
ಕೇಂದ್ರಮಾಪಕ,কেন্দ্রীভূত সিস্টেম
ಕುಸುಕಿನ,সিরামিক
ಕೊಠಡಿ,চেম্বার
ಬದಲಾವಣೆ ಸ್ವಿಚ್,পরিবর্তন স্যুইচ
ಚಾನಲ್,চ্যানেল
ಚಾನೆಲ್ ಎನ್‌ಕೋಡರ್,চ্যানেল এনকোডার
ಚಾನಲ್ ಬೇರ್ಪಡಿಕೆ,চ্যানেল বিচ্ছেদ
ಚಾನಲ್ ಅಂತರ,চ্যানেল ব্যবধান
ಚಾನೆಲ್ ಸ್ವಿಚಿಂಗ್,চ্যানেল স্যুইচিং
ವಿಶಿಷ್ಟ ಪ್ರತಿರೋಧ,বৈশিষ্ট্যযুক্ত প্রতিবন্ধকতা
ಗುಣಲಕ್ಷಣಗಳು,বৈশিষ্ট্য
ಚಾರ್ಜ್ ಕ್ಯಾರಿಯರ್,চার্জ ক্যারিয়ার
ಚಾರ್ಜ್ ಸಾಂದ್ರತೆ,চার্জ ঘনত্ব
ಕಲೆಹತ್ತಿದ,চার্জ করা
ಜಗಳ,চার্জার
ಚಾರ್ಜಿಂಗ್ ವೋಲ್ಟೇಜ್,চার্জিং ভোল্টেজ
ಪಟ್ಟಿ,চার্ট
ಚಾಸಿಸ್,চ্যাসিস
ಚಾಚು,চ্যাট
ಚೂರು,চিপ
ಚಾಕ್ ಕಾಯಿಲ್,চোক কয়েল
ಉಸಿರುಗಟ್ಟಿಸಿ ಇನ್ಪುಟ್,চোক ইনপুট
ಚಾಪರ್ ವರ್ಧಕ,চপার পরিবর্ধক
ಚಾಚು,ক্রোমা
ಕ್ರೋಮಾ ಮಾದರಿ ರಚನೆ,ক্রোমা স্যাম্পলিং কাঠামো
ಕ್ರೋಮಿನಂಗೆ,ক্রোমিনেন্স
Mat ಾಯಲೇಖಿ,সিনেমাটোগ্রাফি
ಸುತ್ತಾಟ,সার্কিট
ಸುತ್ತಳತೆ,সার্কিট বোর্ড
ಸರ್ಕ್ಯೂಟ್ ಬ್ರೇಕರ್,সার্কিট ব্রেকার
ಸರ್ಕ್ಯೂಟ್ ಅಂಶ,সার্কিট উপাদান
ಸರ್ಕ್ಯೂಟ್ ಸ್ವಿಚಿಂಗ್,সার্কিট বদল
ವೃತ್ತಕಾಯಿ,সার্কিটরি
ವೃತ್ತಾಕಾರದ ಚಲನೆ,বৃত্তাকার গতি
ವೃತ್ತಾಕಾರದ ಧ್ರುವೀಕರಣ,বিজ্ঞপ্তি মেরুকরণ
ವೃತ್ತಾಕಾರದ ಉಪಗ್ರಹ ಕಕ್ಷೆ,বিজ্ঞপ্তি স্যাটেলাইট কক্ষপথ
ವೃತ್ತಾಕಾರದ ವೇಗ,বৃত্তাকার বেগ
ವೃತ್ತಾಕಾರವಾಗಿ ಧ್ರುವೀಕರಿಸಿದ ಆಂಟೆನಾ,বৃত্তাকারভাবে মেরুকৃত অ্যান্টেনা
ವೃತ್ತಾಕಾರವಾಗಿ ಧ್ರುವೀಕರಿಸಿದ ಪ್ರಸರಣ,বিজ্ঞপ্তিযুক্ত মেরুকৃত সংক্রমণ
ಸಂಚಾರಿ,সার্কুলেটর
ಗಡಿಯಾರ,ক্ল্যাডিং
ಕ್ಲಾಂಪ್,বাতা
ಕ್ಲ್ಯಾಂಪ್ ಮಾಡುವ ಸರ್ಕ್ಯೂಟ್,ক্ল্যাম্পিং সার্কিট
ವರ್ಗ ಎ ಕಾರ್ಯಾಚರಣೆ,ক্লাস এ অপারেশন
ವರ್ಗ ಸಿ ಟ್ಯೂನ್ಡ್ ಆಂಪ್ಲಿಫಯರ್,ক্লাস সি সুরযুক্ত পরিবর্ধক
ಹೊರಸೂಸುವಿಕೆ ವರ್ಗ,নির্গমন শ্রেণি
ಶಾಸ್ತ್ರೀಯ ಭೌತಶಾಸ್ತ್ರ,শাস্ত্রীয় পদার্থবিজ্ঞান
ವರ್ಗೀಕರಣ,শ্রেণিবদ্ধকরণ
ಶುಚಿಗೊಳಿಸುವ ಏಜೆಂಟ್,পরিষ্কার এজেন্ট
ಸ್ಪಷ್ಟ,স্পষ্ট
ಚಾನಲ್ ಅನ್ನು ತೆರವುಗೊಳಿಸಿ,চ্যানেল সাফ করুন
ಕ್ಲಿಕ್,ক্লিক
ಗ್ರಾಹಕ,ক্লায়েন্ট
ಕ್ಲೈಂಟ್ ಸಂಬಂಧ (ಸರ್ವರ್ ಸಂಬಂಧ),ক্লায়েন্ট সম্পর্ক (সার্ভার সম্পর্ক)
ಬಂಡವಾಳ,ক্লিফ প্রভাব
ಬಿಲ್ಲೆ,ক্লিপ বোর্ড
ಚಂಚಲವಾದ,ক্লিপিং
ಗಡಿಯಾರ ನಾಡಿ,ঘড়ির পালস
ಗಡಿಯಾರ ಫ್ಲಿಪ್ ಫ್ಲಾಪ್,ক্লকড ফ্লিপ ফ্লপ
ಗಡಿಯಾರ ಮೈಕ್,ক্লকফেসড মাইক
ಗಡಿಯಾರ ಆವರ್ತನ,ঘড়ি-ফ্রিকোয়েন্সি
ಪ್ರದಕ್ಷಿಣೆಯಾಗಿ,ক্লকওয়াইজ
ಮುಚ್ಚಿದ ಸರ್ಕ್ಯೂಟ್,বন্ধ সার্কিট
ಮುಚ್ಚಿದ ಲೂಪ್,বদ্ধ চক্র
ಚೂರು,ক্লাস্টার
ಚೂರುಚೂರು,ক্লাস্টারিং
ಬ ೦ ದೆ,বিশৃঙ্খলা
ಕಾಲ್ಚೆಂಡಲ ನಷ್ಟ,বিশৃঙ্খলা ক্ষতি
ಲೇಪನ,আবরণ
ಗಟ್ಟಿ ಕವಚದ ತಂತಿ,কোক্সিয়াল কেবল
ಏಕಾಕ್ಷ ರೇಖೆ,কোক্সিয়াল লাইন
ಏಕಾಕ್ಷ ಪ್ರಸರಣ ಮಾರ್ಗ,কোক্সিয়াল ট্রান্সমিশন লাইন
ಸಹ-ಚಾನೆಲ್,সহ-চ্যানেল
ಸಹ-ಚಾನಲ್ ಹಸ್ತಕ್ಷೇಪ,সহ-চ্যানেল হস্তক্ষেপ
ಕೋಕ್ಲಿಯಾ,কোচলিয়া
ಸಂಹಿತೆ,কোড
ಸಂಹಿತೆ,কোড নম্বর
ಕೋಡ್ ದರ,কোড হার
ಕೋಡ್ ಪದ,কোড শব্দ
ಕೊಡೆಕ್ (ಕೋಡಿಂಗ್ ಡಿಕೋಡಿಂಗ್),কোডেক (কোডিং ডিকোডিং)
ಕೋಡೆಡ್ ಆಡಿಯೊ,কোডেড অডিও
ಕೋಡರ್,কোডার
ಕೋಡಿಂಗ್,কোডিং
ಕೋಡಿಂಗ್ ಡಿಕೋಡಿಂಗ್ ತಂತ್ರ,কোডিং ডিকোডিং কৌশল
ಕೋಡಿಂಗ್ ದೋಷ,কোডিং ত্রুটি
ಕಪ್ಪರೆ,কোডিং হার
ಕೋಡಿಂಗ್ ತಂತ್ರ,কোডিং কৌশল
ಗುಣಕ,গুণাঙ্ক
ದಟ್ಟಣೆ,জবরদস্তি
ಸುಸಂಬದ್ಧ ಮಾಡ್ಯುಲೇಷನ್,সুসংগত মড্যুলেশন
ಸುರುಳಿ,কয়েল
ಸಹಯೋಗ,সহযোগিতা
ಕುಸಿತ,ধসে
ಸಂಗ್ರಾಹಕ,সংগ্রাহক
ಸಂಗ್ರಾಹಕ,সংগ্রাহক বর্তমান
ಮೂಲ ವಾಹಕತೆಗೆ ಸಂಗ್ರಾಹಕ,বেস কন্ডাক্টেন্সে সংগ্রাহক
ಸಂಗ್ರಾಹಕ-ಬೇಸ್ ಜಂಕ್ಷನ್,সংগ্রাহক-বেস জংশন
ಬಣ್ಣ,রঙ
ಬಣ್ಣ ವಿಶ್ಲೇಷಕ,রঙ বিশ্লেষক
ಬಣ್ಣ ಸಮತೋಲನ,রঙ ভারসাম্য
ಬಣ್ಣ ಬಡಿ,রঙ ফেটে
ಬಣ್ಣ ಚಾರ್ಟ್,রঙ চার্ট
ಬಣ್ಣ ಸಂಯೋಜನೆ,রঙ সংমিশ্রণ
ಬಣ್ಣ ಸ್ಥಿರ,রঙ ধ্রুবক
ಬಣ್ಣ ನಿಯಂತ್ರಣ (ಕ್ರೋಮ್ ನಿಯಂತ್ರಣ),রঙ নিয়ন্ত্রণ (ক্রোম নিয়ন্ত্রণ)
ಬಣ್ಣ ಆಳ,রঙ গভীরতা
ಬಣ್ಣಗಳ ಆಯಾಸ,রঙ ক্লান্তি
ಬಣ್ಣ ಫಿಲ್ಟರ್,রঙ ফিল্টার
ಬಣ್ಣ ಕೊಲೆಗಾರ ಸರ್ಕ್ಯೂಟ್,রঙিন কিলার সার্কিট
ಬಣ್ಣ ಕೈನೆಸ್ಕೋಪ್,রঙিন কাইনেসপ
ಬಣ್ಣ ಮಿಶ್ರಣ,রঙ মিশ্রণ
ಬಣ್ಣ ಮಾದರಿ,রঙিন প্যাটার্ন
ಬಣ್ಣ ಗ್ರಹಿಕೆ,রঙ উপলব্ধি
ಬಣ್ಣ ಚಿತ್ರ ಪರದೆ,রঙিন চিত্রের স্ক্রিন
ಬಣ್ಣ ಸ್ಥಳ,রঙ স্থান
ಬಣ್ಣ,রঙ সাবকারিয়ার
ಬಣ್ಣ ತಾಪಮಾನ,রঙের তাপমাত্রা
ಬಣ್ಣ ಹರಡುವಿಕೆ,রঙ সংক্রমণ
ಬಣ್ಣ ಕೊಳವೆ,রঙ টিউব
ಬಣ್ಣ,রঙিন
ಬಣ್ಣರಹಿತ,বর্ণহীন
ಸಂಯೋಜನೆ,সংমিশ্রণ
ಸಂಯೋಜಕ,কম্বাইনার
ಸಂಯೋಜನೆ ಪ್ರಕ್ರಿಯೆ,সংমিশ্রণ প্রক্রিয়া
ದಹನ,দহন
ಸ ೦ ಧಿಗೆ,কমান্ড
ಪ್ರಾರಂಭಿಸು,শুরু
ವಾಣಿಜ್ಯ ಪ್ರಸಾರ,বাণিজ্যিক সম্প্রচার
ವಾಣಿಜ್ಯ ದೂರದರ್ಶನ,বাণিজ্যিক টেলিভিশন
ಸಾಮಾನ್ಯ ಸಂಗ್ರಾಹಕ ಸರ್ಕ್ಯೂಟ್,সাধারণ সংগ্রাহক সার্কিট
ಸಂವಹನ,যোগাযোগ
ಸಂವಹನ ಉಪಗ್ರಹ,যোগাযোগ স্যাটেলাইট
ಸಮುದಾಯ ರೇಡಿಯೋ ಕೇಂದ್ರ,সম্প্রদায় রেডিও কেন্দ্র
ಸಮುದಾಯ ರೇಡಿಯೋ ಕೇಂದ್ರ,সম্প্রদায় রেডিও স্টেশন
ಕಾಂಪ್ಯಾಕ್ಟ್ ಡಿಸ್ಕ್ (ಸಿಡಿ),কমপ্যাক্ট ডিস্ক (সিডি)
ಕಾಂಪ್ಯಾಕ್ಟ್ ಡಿಸ್ಕ್ ಪ್ಲೇಯರ್,কমপ্যাক্ট ডিস্ক প্লেয়ার
ಗಡಿ,সামরিক
ಸಂಕೋಚನ,তুলনা করা
ಹೊಂದಿಕೊಳ್ಳುವಿಕೆ,সামঞ্জস্যতা
ಹೊಂದಬಲ್ಲ,উপযুক্ত
ಕೊಲೆಗಡುಕ,সংকলক
ಪೂರ್ಯ,পরিপূরক
ಪೂರಕ ಟ್ರಾನ್ಸಿಸ್ಟರ್,পরিপূরক ট্রানজিস্টর
ಸಂಕೀರ್ಣ ಅಲೆ,জটিল তরঙ্গ
ಅಂಶ,উপাদান
ಸಂಯೋಜಿತ,সংমিশ্রণ
ಸಂಯೋಜಿತ ಸರ್ಕ್ಯೂಟ್,যৌগিক সার্কিট
ಸಂಯೋಜಿತ ಡಿಜಿಟಲ್,যৌগিক ডিজিটাল
ಸಂಯೋಜಿತ ರೇಡಿಯೋ ಆವರ್ತನ ಸಂಕೇತ,যৌগিক রেডিও ফ্রিকোয়েন্সি সিগন্যাল
ಸಂಯೋಜಿತ ಸಂಕೇತ,যৌগিক সংকেত
ಸಂಯೋಜಿತ ವೀಡಿಯೊ,যৌগিক ভিডিও
ಸಂಯೋಜಿತ ವೀಡಿಯೊ ಸಂಕೇತ,যৌগিক ভিডিও সংকেত
ಸಂಯೋಜನೆ,গঠন
ಸಂಕುಚಿತ ಡೇಟಾ,সংকুচিত ডেটা
ಸಂಕುಚಿತ ಡಿಜಿಟಲೀಕರಣಗೊಂಡ ವೀಡಿಯೊ,সংকুচিত ডিজিটাইজড ভিডিও
ಸಂಕುಚಿತ ವೀಡಿಯೊ,সংকুচিত ভিডিও
ಸಂಕೋಚನ,সঙ্কোচন
ಸಂಕೋಚನ ಕಲಾಕೃತಿ,সংক্ষেপণ শিল্পকর্ম
ಸಂಕೋಚನ ಅಪಾಯ,সংকোচনের ঝুঁকি
ಸಂಕೋಚನ ತಂತ್ರ,সংক্ষেপণ কৌশল
ಜೋಪಾನದವ,সংক্ষেপক
ಲೆಕ್ಕಾಚಾರ,গণনা
ಕಂಪ್ಯೂಟರ್,কম্পিউটার
ಕಂಪ್ಯೂಟರ್ ಆಧಾರಿತ ಮಲ್ಟಿಮೀಡಿಯಾ,কম্পিউটার ভিত্তিক মাল্টিমিডিয়া
ಕಂಪ್ಯೂಟರ್ ಪ್ರೋಗ್ರಾಮಿಂಗ್,কম্পিউটার প্রোগ্রামিং
ಕಂಪ್ಯೂಟರ್ ತಂತ್ರಜ್ಞಾನ,কম্পিউটার প্রযুক্তি
ಕಾನ್ವೆಂಟ್ ಲೆನ್ಸ್,অবতল লেন্স
ಕನ್ನಡಿ,অবতল আয়না
ಮರೆತುಹೋಗುವುದು,গোপন
ಕೇಂದ್ರೀಕೃತವಾಗಿತ್ತು,কেন্দ্রীভূত
ಏಕಾಗ್ರತೆ,একাগ্রতা
ಏಕಕೇಂದ್ರಕ ಮಸೂರ,কেন্দ্রীভূত লেন্স
ಘನವಸ್ತಮೀನ,কনডেনসার মাইক্রোফোন
ಸಮತೋಲನದ ಸ್ಥಿತಿ,ভারসাম্য শর্ত
ಸಂಕುಚಿತಗೊಳಿಸುವುದು,চালনা
ಕಂಡಕ್ಷನ್ ಕರೆಂಟ್,পরিবাহিতা বর্তমান
ವಾಹಕತೆ,পরিবাহিতা
ವಾಹಕಕ,কন্ডাক্টর
ಸಂರಚನೆ,কনফিগারেশন
ಸಂಪರ್ಕ,সংযোগ
ಸಂಪರ್ಕೀಕರಣ,সংযোগ
ಸಂಪರ್ಕ,সংযোগকারী
ಸ್ಥಿರತೆ,ধারাবাহিকতা
ಸ್ಥಿರವಾಗಿ,ধারাবাহিকভাবে
ಗಡಿ,কনসোল
ನಿರಂತರ,ধ্রুবক
ಸ್ಥಿರ ವೈಶಾಲ್ಯ,ধ্রুবক প্রশস্ততা
ಮೈಕ್ರೊಫೋನ್ ಸಂಪರ್ಕಿಸಿ,মাইক্রোফোনের সাথে যোগাযোগ করুন
ಕಂಟೇನರ್ ಸ್ವರೂಪ,ধারক ফর্ম্যাট
ಮಾಲಿನ್ಯ,দূষণ
ಕಲೆ,বিষয়বস্তু
ನೆಮ್ಮದಿಯ,সংলগ্ন
ನಿರಂತರತೆ,ধারাবাহিকতা
ನಿರಂತರ ಬೂತ್,ধারাবাহিকতা বুথ
ನಿರಂತರ ಗುಬ್ಬಿ,ধারাবাহিকতা গিঁট
ನಿರಂತರ,একটানা
ನಿರಂತರ ಚಾಪ,অবিচ্ছিন্ন চাপ
ನಿರಂತರ ಅಲೆ,অবিচ্ছিন্ন তরঙ্গ
ಬಾಹ್ಯರೇಖೆ,কনট্যুর লাইন
ಬಾಹ್ಯರೇಖೆಯ ಯೋಜನೆ,কনট্যুর পরিকল্পনা
ಒಪ್ಪಂದ,চুক্তি
ದೂಷಣೆ,সংকোচন
ವ್ಯತಿರಿಕ್ತ ಅನುಪಾತ,বৈপরীত্য অনুপাত
ನಿಯಂತ್ರಣ ವಿವರಣೆ,নিয়ন্ত্রণ বর্তনী
ನಿಯಂತ್ರಿತ ವಿದ್ಯುದ್ವಾರ,বৈদ্যুতিন নিয়ন্ত্রণ করুন
ನಿಯಂತ್ರಣ ಉಪಕರಣಗಳು,নিয়ন্ত্রণ সরঞ্জাম
ನಿಯಂತ್ರಣ ಗ್ರಿಡ್,গ্রিড নিয়ন্ত্রণ করুন
ನಿಯಂತ್ರಣ ಮಾರ್ಗ,নিয়ন্ত্রণ লাইন
ನಿಯಂತ್ರಣಫಲಕ,নিয়ন্ত্রণ প্যানেল
ನಿಯಂತ್ರಣ ಕೊಠಡಿ,নিয়ন্ত্রণ কক্ষ
ನಿಯಂತ್ರಣ ಮೇಜು,নিয়ন্ত্রণ টেবিল
ನಿಯಂತ್ರಣ ಗೋಪುರ,নিয়ন্ত্রণ টাওয়ার
ನಿಯಂತ್ರಕ,নিয়ামক
ಒಮ್ಮುಖವಾಗುವಿಕೆ,রূপান্তর
ಒಮ್ಮುಖ ಮಸೂರ,কনভারজেন্ট লেন্স
ವರ್ಗಾಯಿಸುವವನು,রূপান্তরকারী
ಪೀನ ಮಸೂರ,উত্তল লেন্স
ಕಣ್ಗಾವಲು,সমঝোতা
ಕನ್ವಲ್ಯೂಷನ್ ಕೋಡೆಡ್,কনভোলিউশন কোডড
ಕನ್ವಿಲ್ಯೂಶನಲ್ ಇಂಟರ್ಲೀವ್,কনভোলিউশনাল ইন্টারলিভ
ಕನ್ವಿರಚಲ್ ಇಂಟರ್ಲೀವಿಂಗ್,কনভোলিউশনাল ইন্টারলিভিং
ಕುಕೀ,কুকি
ಕನ್ನಡಿಯ,কুকিয়ার
ನಿಷೇಧಕ,Coprocessor
ಹಗ್ಗ,কর্ড
ಕರೋನ,করোনা
ಕರೋನ,করোনার স্রাব
ಪರಸ್ಪರ,পারস্পরিক সম্পর্ক
ಕಾಸಿನ್ ಘಟಕ,কোসাইন উপাদান
ಕಾಸಿನ್ ತರಂಗ,কোসাইন ওয়েভ
ಕಾಸ್ಮಿಕ್ ಶಬ್ದ,মহাজাগতিক শব্দ
ಪ್ರತಿಕೂಲತೆ,কাউন্টার
ಪ್ರದಕ್ಷಿಣಾಕಾರವಾಗಿ,ঘড়ির কাঁটার বিপরীতে
ಕಪಾಟು,কাপলার
ಜೋಡಣೆ,কাপলিং
ಕಪ್ಲಿಂಗ್ ಕಂಡೆನ್ಸರ್,কাপলিং কনডেনসার
ಜೋಡಣೆ ನೆಟ್‌ವರ್ಕ್,কাপলিং নেটওয়ার্ক
ಜೋಡಣೆ ಪ್ರತಿರೋಧ,কাপলিং প্রতিরোধের
ಕೋವೆಲನ್ಸಿಯ ಬಂಡಿ,সমযোজী বন্ধন
ವ್ಯಾಪ್ತಿ,কভারেজ
ಅಪಘಾತ,ক্র্যাশ
ವಿಮರ್ಶಕರ ತಂಡ,সমালোচনামূলক ব্যান্ড
ವಿಮರ್ಶೆ,গুরুতর অবস্থায়
ವಿಮರ್ಶಾತ್ಮಕ ಜೋಡಣೆ,সমালোচনামূলক কাপলিং
ನಿರ್ಣಾಯಕ ಆವರ್ತನ,সমালোচনামূলক ফ্রিকোয়েন্সি
ವಿಮರ್ಶಾತ್ಮಕ ನಿಯತಾಂಕ,সমালোচনামূলক প্যারামিটার
ಮೊಸಳೆ ಕ್ಲಿಪ್,কুমির ক্লিপ
ಅಡ್ಡ ಮರೆಯಾಗುತ್ತಿರುವ,ক্রস বিবর্ণ
ಅಡ್ಡಕತ್ತು,ক্রস মড্যুলেশন
ಅಡ್ಡ ಮಾತುಕತೆ,ক্রস টক
ಅಡ್ಡನಡು,ক্রসফ্যাড
ಕ್ರಿಪ್ಟೋಗ್ರಫಿ,ক্রিপ্টোগ্রাফি
ಸ್ಫಟಿಕ,স্ফটিক
ಸ್ಫಟಿಕ ಫಿಲ್ಟರ್,স্ফটিক ফিল্টার
ಸೂಚನೆ,কিউ
ಕ್ಯೂ ಗುರುತುಗಳು,কিউ চিহ্ন
ಕ್ಯೂಯಿಂಗ್ ಸಾಧನ,কিউইং ডিভাইস
ಪ್ರಸ್ತುತ,বর্তমান ড্রেন
ಪ್ರಸ್ತುತ ಮೀಟರ್,বর্তমান মিটার
ಪ್ರಸ್ತುತ ಟ್ರಾನ್ಸ್ಫಾರ್ಮರ್,বর্তমান ট্রান্সফরমার
ಕರ್ಸರ್,কার্সার
ಉರುಳು,বক্ররেখা
ಆವರ್ತನವನ್ನು ಕತ್ತರಿಸಿ,ফ্রিকোয়েন্সি কেটে ফেলুন
ಕಟ್ಟುವವನು,কাটার
ಸೈಬರ್ ಕೆಫೆ,সাইবার ক্যাফে
ಸೈಬರ್ ಭದ್ರತೆ,সাইবার নিরাপত্তা
ಸೈಬರ್ ಜಾಗ,সাইবার স্পেস
ಚಕ್ರ,সাইকেল
ಆವರ್ತಕ,চক্রীয়
ಡಿಸಿ. ಅಂಶ,ডিসি উপাদান
ಡಿಸಿ. ತಟ್ಟೆಯ ಶಕ್ತಿ,ডিসি প্লেট পাওয়ার
ಡಿಸಿ. ಪುನಃಸ್ಥಾಪನೆ,ডিসি পুন: প্রতিষ্ঠা
ಡಯೋಡೆ,ড্যাম্পার ডায়োড
ತೇವಗೊಳಿಸುವ,স্যাঁতসেঁতে
ಕತ್ತಲೆ,অন্ধকার
ದತ್ತ,ডেটা
ದತ್ತಾಂಶ ಪ್ರಸಾರ,ডেটা সম্প্রচার
ದತ್ತಾಂಶ ಸಂಕೋಚನ,তথ্য সংকোচন
ದತ್ತಾಂಶ ಕೊರೆಯುವ,ডেটা ড্রিলিং
ದತ್ತಾಂಶ ಗೂ r ನಿಶ್ಚಯ,তথ্য এনক্রিপশন
ದತ್ತಾಂಶಗಳು,আমার স্নাতকের
ದತ್ತಾಂಶ ನಿರ್ವಹಣೆ,ডেটা হ্যান্ডলিং
ದತ್ತಾಂಶ ಗಣಿಗಾರಿಕೆ,ডেটা মাইনিং
ಮಾಹಿತಿ ಸಂಸ್ಕರಣೆ,তথ্য প্রক্রিয়াজাতকরণ
ದತ್ತಾಂಶ ಸಂಸ್ಕಾರಕ,ডাটা প্রসেসর
ಡೇಟಾ ಕಡಿಮೆಯಾಗಿದೆ ಬಿಟ್ ಸಿಸ್ಟಮ್,ডেটা হ্রাস বিট সিস্টেম
ದತ್ತಾಂಶ ಸೇವೆ,তথ্য সেবা
ಮಾಹಿತಿಯ ಕಾಗದ,তথ্য তালিকা
ದತ್ತಾಂಶ ಸಂಗ್ರಹಣೆ,তথ্য ভান্ডার
ದತ್ತಾಂಶಗಳು,তথ্য প্রবাহ
ದತ್ತಾಂಶ ಪರಿವರ್ತನೆ,ডেটা রূপান্তর
ದತ್ತಾಂಶ ಪ್ರಸಾರ,ডেটা ট্রান্সমিশন
ದತ್ತಸಂಚಯ,তথ্যশালা
ದತ್ತಸೇಂದ್ರಿ,ডেটাকাস্টিং
ದಟ್ಗ್ರಾಮ್,ডেটাগ্রাম
ಡಿಬಿ ಮೀಟರ್,ডিবি মিটার
ಭೀಕರ ಗಾಳಿ,মৃত বায়ু
ಸತ್ತ ಶಾರ್ಟ್ ಸರ್ಕ್ಯೂಟ್,মৃত শর্ট সার্কিট
ಜಡ ಸ್ಥಾನ,ডেড স্পট
ಅಸ್ತವ್ಯಸ್ತತೆ,অচলাবস্থা
ಡೀಬಗ್ ಕಾರ್ಯಕ್ರಮ,ডিবাগ প্রোগ্রাম
ಡೀಗಗ್ ಮಾಡುವುದು,ডিবাগিং
ಧ್ವನಿಯ ಕೊಳೆತ,শব্দ ক্ষয়
ಡೆಸಿಬೆಲ್ (ಡಿಬಿ),ডেসিবেল (ডিবি)
ದಶಮಾನ,দশমিক
ದಶಮಾಂಶ ಸಂಕೇತ,দশমিক কোড
ದಶಮಾಂಶ ಅಂಕಿಯ,দশমিক অঙ্ক
ಅರ್ಥಚಕರ್ಯ,ডেসিফারিং
ಡಿಕೋಡರ್,ডিকোডার
ಡಿಕೋಡಿಂಗ್,ডিকোডিং
ಡಿಜಿಟಲ್ ಪ್ರಸರಣದಲ್ಲಿ ಡಿಕೋಡಿಂಗ್,ডিজিটাল সংক্রমণে ডিকোডিং
ತಗ್ಗಿಸು,ডিকম্প্রেশন
ಡಕ್ಯುಲಿಂಗ,ডিকোপলিং
ಸರ್ಕ್ಯೂಟ್,ডিকোপলিং সার্কিট
ಡಿಕೌಪ್ಲಿಂಗ್ ನೆಟ್‌ವರ್ಕ್,ডিকোপলিং নেটওয়ার্ক
ನಿರ್ಣಾಯಕತೆ,ডিক্রিপশন
ಸಮರ್ಪಿತ ಸಾಲು,ডেডিকেটেড লাইন
ಕಬ್ಬಿಣದ,ডি-এমবেডিং
ಒತ್ತು,ডি-জোর
ಗಡಿಬಿಡಿ,ডিফল্ট
ಗುಣಮಟ್ಟದಲ್ಲಿ ದೋಷ,গুণমান ত্রুটি
ದೋಷಯುಕ್ತ,ত্রুটিযুক্ত
ದೋಷಯುಕ್ತ ಘಟಕ,ত্রুটিযুক্ত ইউনিট
ವಿವರಣೆ,সংজ্ঞা
ತಿರುಗುವಿಕೆ,ডিফ্লেশন
ವಿರೂಪ,বিকৃতি
ವಿರೂಪಗೊಳಿಸುವಿಕೆ,ডিফ্র্যাগমেন্টেশন
ಡಿ-ಗೇಸಿಂಗ್ ಕಾಯಿಲ್,ডি-গাউসিং কয়েল
ಪದ,ডিগ্রি
ಅಂತರ್ವರ್ಧಕ,ডি-ইন্টারলিভার
ವಿಳಂಬ ರೇಖೆ,বিলম্ব লাইন
ವಿಳಂಬ ಸಮಯ,বিলম্ব সময়
ವಿಳಂಬವಾದ ಫ್ರೇಮ್ ಮೆಮೊರಿ,বিলম্বিত ফ্রেম মেমরি
ವಿಳಂಬವಾದ ಸ್ಕ್ಯಾನಿಂಗ್,বিলম্বিত স্ক্যানিং
ವಿಳಂಬ ಸಿಂಕ್ರೊನೈಸೇಶನ್ ಸಿಗ್ನಲ್,বিলম্বিত সিঙ্ক্রোনাইজেশন সংকেত
ವಿತರಣೆ,বিতরণ
ವಿತರಣಾ ವ್ಯವಸ್ಥೆ,বিতরণ ব্যবস্থাপনা
ಅಪಹರಣ,ডিমোডুলেশন
ಡಿಮೋಡ್ಯುಲೇಟರ್ ಕಾರ್ಡ್,ডেমোডুলেটর কার্ড
ಕಸಾಯಿಖಾನೆ,ডেমাল্টিপ্লেক্সার
ಕ್ಷೇತ್ರದ ಆಳ,মাঠের গভীরতা
ಅವರೋಹಣ,অবতরণ
ವಿನ್ಯಾಸ ವಿವರಣೆ,নকশার সবিস্তার বিবরণী
ಮೇಜಿನ,ডেস্কটপ
ಪತ್ತೆಕಾರಕ ಉತ್ಪಾದನೆ,ডিটেক্টর আউটপুট
ವಿಚಲನ,বিচ্যুতি
ಸಾಧನ,যন্ত্র
ಸಾಧನ ಚಾಲಕ,ডিভাইস ড্রাইভার
ರೋಗ,কারণ নির্ণয়
ರೇಖಾಚಿತ್ರ,চিত্র
ಸಂವಾದ ಟ್ರ್ಯಾಕ್,ডায়ালগ ট্র্যাক
ವ್ಯಾಸದ ಕ್ರಮ,ব্যাস মোড
ವಜ್ರದ ಸ್ಟೈಲಸ್,ডায়মন্ড স্টাইলাস
ವೇಷಭೂಷಣ,ডায়াফ্রাম
ಡಯಾಫ್ರಾಗ್ಮ್ಯಾಟಿಕ್ ಅಬ್ಸಾರ್ಬರ್,ডায়াফ্রাম্যাটিক শোষণকারী
ದ್ವಂದ್ವ ಬಾಂಧವ್ಯ,ডাইচোটিক শ্রবণ
ಅಂಧನ,ডাইলেট্রিক
ಡೈಎಲೆಕ್ಟ್ರಿಕ್ ಬ್ರೇಕ್- ಡೌನ್,ডাইলেট্রিক ব্রেক- ডাউন
ಡೈಎಲೆಕ್ಟ್ರಿಕ್ ನಷ್ಟ,ডাইলেট্রিক ক্ষতি
ವ್ಯತ್ಯಾಸ ಆವರ್ತನ,পার্থক্য ফ্রিকোয়েন্সি
ವ್ಯತ್ಯಾಸ ಆವರ್ತನ ಅಸ್ಪಷ್ಟತೆ (ಡಿಎಫ್‌ಡಿ),পার্থক্য ফ্রিকোয়েন্সি বিকৃতি (ডিএফডি)
ವ್ಯತ್ಯಾಸ ಸ್ವರ,পার্থক্য টোন
ಭೇದಾತ್ಮಕ ವರ್ಧಕ,ডিফারেনশিয়াল এম্প্লিফায়ার
ಸಂಧಿಸುವಿಕೆ,বিচ্ছুরণ
ಹರಡುವವನು,ডিফিউজার
ಅಂಕ,অঙ্ক
ಒಂದು ಬಗೆಯ,ডিজিটাল
ಅಂಕಿ,ডিজিটাল আর্টিফ্যাক্ট
ಡಿಪಾರ್ಟಿ,ডিজিটাল অডিও
ಡಿಜಿಟಲ್ ಆಡಿಯೊ ಫಿಲ್ಟರ್,ডিজিটাল অডিও ফিল্টার
ಡಿಜಿಟಲ್ ಆಡಿಯೊ ಕಾರ್ಯ ಕೇಂದ್ರ,ডিজিটাল অডিও ওয়ার্ক স্টেশন
ಡಿಜಿಟಲ್ ಕ್ಯಾಮರಾ,ডিজিটাল ক্যামেরা
ಅಭಿವೃದ್ಧಿ ಕಂಪ್ಯೂಟರ್,ডিজিটাল কম্পিউটার
ಅಂಕಿ,ডিজিটাল ডেটা
ಅಂಕಿ ಸಂಪಾದನೆ,ডিজিটাল সম্পাদনা
ಡಿಫೀಟರ್,ডিজিটাল এক্সাইটার
ಡಿಜಿಟಲ್ ಫಿಲ್ಟರ್,ডিজিটাল ফিল্টার
ಡಿಜಿಟಲ್ ಫ್ರೇಮ್ ಸಿಂಕ್ರೊನೈಜರ್,ডিজিটাল ফ্রেম সিঙ্ক্রোনাইজার
ಡಿಜಿಟಲ್ ಪರಂಪರೆ,ডিজিটাল heritage তিহ্য
ಡಿಫೆನಿಸ್ಟ್‌ ಚಿತ್ರ,ডিজিটাল চিত্র
ಡಿಜಿಟಲ್ ಗ್ರಂಥಾಲಯ,ডিজিটাল লাইব্রেরি
ಅಂಕಿ ಮಾಪಕ,ডিজিটাল মিটার
ಲಿಪ್ಯೋನ್ಯುಲೇಷನ್,ডিজিটাল মড্যুলেশন
ಡಿಫೀಸು,ডিজিটাল মাল্টিপ্লেক্স
ಅಂಕಿ,ডিজিটাল নেটওয়ার্ক
ಡಿಜಿಟಲ್ ಉತ್ಪಾದನೆ,ডিজিটাল ফলাফল
ಡಿಫೀಸು,ডিজিটাল প্লেব্যাক
ಡಿಜಿಟಲ್ ರೇಡಿಯೋ ಮೊಂಡಿಯಾಲ್ (ಡಿಆರ್ಎಂ),ডিজিটাল রেডিও মন্ডিয়াল (ডিআরএম)
ಅಂಕಿ -ರೆಕಾರ್ಡಿಂಗ್,ডিজিটাল রেকর্ডিং
ಡಿಜಿಟಲ್ ಕ್ರಾಂತಿ,ডিজিটাল বিপ্লব
ಡಿಫಾರ್ಮ್,ডিজিটাল সিগন্যাল
ಡಿಜಿಟಲ್ ಸಿಗ್ನಲ್ ಸಂಸ್ಕರಣೆ (ಡಿಎಸ್ಪಿ),ডিজিটাল সিগন্যাল প্রসেসিং (ডিএসপি)
ಡಿಜಿಟಲ್ ಸಹಿ,ডিজিটাল স্বাক্ষর
ಡಿಜಿಟಲ್ ತಂತ್ರಜ್ಞಾನ,ডিজিটাল প্রযুক্তি
ಡಿಜಿಟಲ್ ಟು ಅನಲಾಗ್ ಪರಿವರ್ತಕ,অ্যানালগ রূপান্তরকারী ডিজিটাল
ಅಂಕಿ,ডিজিটাল ভিডিও
ಡಿಫೀಸು,ডিজিটাল ভোল্টমিটার
ಡಿಪಾಂಡೀಕರಣ,ডিজিটালাইজেশন
ಡಿಜೈಟಲೀಕರಣ,ডিজিটাইজেশন
ಡಿಜಿಟಲೀಕರಣಗೊಳಿಸಿದ ವೀಡಿಯೊ,ডিজিটাইজড ভিডিও
ಡಿಜೀಜರ್,ডিজিটাইজার
ಮಂದ,ম্লান
ಆಯಾಮ,মাত্রা
.,ডিমার
ಡಯೀಡೆ,ডায়োড
ಮುಳುಗಿಸು,ডুব
ಸಜ್ಜು,ডিপ্লেক্সার
ದ್ವಿಧ್ರುವಿ ಆಂಟೆನಾ,ডিপোল অ্যান্টেনা
ನೇರ ಪ್ರಸಾರ,সরাসরি সম্প্রচার
ನೇರ ಪ್ರವಾಹ (ಡಿ ಸಿ),সরাসরি কারেন্ট (ডি সি)
ನೇರ ಪಿಕ್ ಅಪ್,সরাসরি বাছাই
ನೇರ ಓದುವ ಸಾಧನ,সরাসরি পড়ার যন্ত্র
ನೇರ ರೆಕಾರ್ಡಿಂಗ್,সরাসরি রেকর্ডিং
ದಿಕ್ಕಿನ ಆಂಟೆನಾ,দিকনির্দেশক অ্যান্টেনা
ದಿಕ್ಕಿನ,দিকনির্দেশক কাপলার
ದಿಕ್ಕಿನ ಮೈಕ್ರೋಫೋನ್,দিকনির্দেশক মাইক্রোফোন
ನಿರ್ದೇಶನ,নির্দেশিকা
ನಿರ್ದೇಶಕ,ডিরেক্টরি
ನಿಷ್ಪಲಿತಿ,অক্ষম করুন
ಡಿಸ್ಕ್ ಆಂಟೆನಾ,ডিস্ক অ্যান্টেনা
ಡಿಸ್ಕ್ ಆಧಾರಿತ ಸಂಗ್ರಹಣೆ,ডিস্ক ভিত্তিক স্টোরেজ
ಪ್ರತ್ಯೇಕವಾದ,বিচ্ছিন্ন
ಕೊರೆ,ডিস্ক
ಡಿಸ್ಕ್ ಡ್ರೈವ್,তথ্য ধারণ করে যে চাকতি
ಡಿಸ್ಕ್ ಕೋಟ,ডিস্ক কোটা
ವೇಶ್ಯೆ,ডিস্কেট
ಸ್ಥಳಾಂತರಿಸುವುದು,স্থানচ্যুতি
ಪ್ರಸರಣ,বিচ্ছুরণ
ಸ್ಥಳಾಂತರ,উত্পাটন
ಪ್ರದರ್ಶನ,প্রদর্শন
ಪ್ರದರ್ಶನ ಘಟಕ (ಕನ್ಸೋಲ್),প্রদর্শন ইউনিট (কনসোল)
ಹರಡುವುದು,অপচয়
ಅಪಶ್ರುತನ,বিচ্ছিন্নতা
ಭಟ್ಟಿ ಇಳಿಸಿದ ನೀರು,বিশুদ্ধ পানি
ಅಸ್ಪಷ್ಟತೆ,বিকৃতি
ವಿತರಣೆ,বিতরণ
ವಿತರಣಾ ವರ್ಧಕ,বিতরণ পরিবর্ধক
ವಿಭಾಗ,বিভাগ
ವಿಭಜಕ,বিভাজক
ದಾಖಲೆಗಳು,নথি
ಡಾಲ್ಬಿ ಡಿಜಿಟಲ್,Dolby ডিজিটাল
ರೂಪ,ডোমেইন
ಡೊಮೇನ್ ನಿಯಂತ್ರಕ,ডোমেন নিয়ন্ত্রক
ಡಾಪ್ಲರ್ ಪರಿಣಾಮ,ডপলার এফেক্ট
ಡಬಲ್ ಧ್ರುವ (ದ್ವಿಧ್ರುವಿ),ডাবল মেরু (ডিপোল)
ಡಬಲ್ ಪೋಲ್ ಸಿಂಗಲ್ ಥ್ರೋ ಸ್ವಿಚ್,ডাবল মেরু একক থ্রো সুইচ
ಎರಡು ಬದಿಯ ಡಿಸ್ಕ್,ডাবল পার্শ্বযুক্ত ডিস্ক
ದ್ವಾರಪಾಲಕ,ডাবল্ট
ಕೆಳಗೆ ಬರುವ ತರಂಗ,ডাউন ওয়েভ ডাউন
ಕೆಳಗಡೆ,ডাউন স্ট্রিম
ಕೆಳಕ್ಕೆ ಇಳಿಸು,ডাউনলিংক
ಡೌನ್‌ಲೋಡ್,ডাউনলোড
ಡೌನ್‌ಲೋಡ್ ಮಾಡಲಾಗುತ್ತಿದೆ,ডাউনলোড করা
ಚಿತ್ರ,অঙ্কন
ಕೊರೆಯುವ ಬಿಟ್,ড্রিলিং বিট
ಕೊರೆಯುವ ಯಂತ್ರ,ড্রিলিং মেশিন
ಚಾಲನೆ,ড্রাইভ
ನಾಟಕ,ড্রাম
ಒಣ ಬಲ್ಬ್ ತಾಪಮಾನ,শুকনো বাল্ব তাপমাত্রা
ಒಣ ಕೋಶ,শুকনো সেল
ಒಣ ಬೆಸುಗೆ,শুকনো সোল্ডার
ಡ್ಯುಯಲ್ ಚಾನೆಲ್ ಮೋಡ್,দ্বৈত চ্যানেল মোড
ನಾಚಿಕೆಗೇಡು,ডাবিং
ದರ್ಜೆ,ডুড
ಬ ೦ ದಿಸು,ডাম্প
ಡ್ಯುಪ್ಲೆಕ್ಸ್,দ্বৈত
ಅವಧಿ,সময়কাল
ಧೂಳು,ধুলো
ಧೂಳು ದೋಷ,ডাস্ট বাগ
ಧೂಳು ಪ್ರೂಫ್,ধুলা প্রমাণ
ಡಸ್ಟರ್,ডাস্টার
ಕ್ರಿಯಾಶೀಲ,গতিশীল
ಡೈನಾಮಿಕ್ ಬಿಟ್ ಹಂಚಿಕೆ,গতিশীল বিট বরাদ্দ
ಡೈನಾಮಿಕ್ ಇಂಟರ್ಮೋಡ್ಯುಲೇಷನ್ ಅಸ್ಪಷ್ಟತೆ (ಮಂದ),গতিশীল ইন্টারমোডুলেশন বিকৃতি (ডিম)
ಡೈನಾಮಿಕ್ ಪ್ರಮಾಣೀಕರಣ,গতিশীল পরিমাণ
ಕ್ರಿಯಾತ್ಮಕ ವ್ಯಾಪ್ತಿಯನ್ನು,গতিশীল পরিসীমা
ಡೈನಾಮಿಕ್ ಶ್ರೇಣಿ ನಿಯಂತ್ರಣ,গতিশীল পরিসীমা নিয়ন্ত্রণ
ಒಂದು ಬಗೆಯ ಉಣ್ಣೆಯಂಥ,ডায়নামো
ಕಿವಿ ಫೋನ್,কানের ফোন
ಭೂಮಿ,পৃথিবী
ಭೂಮಿಯ ಉಬ್ಬು,পৃথিবী বাল্জ
ಭೂಮಿಯ ಪ್ರತಿರೋಧ,পৃথিবী প্রতিরোধ
ಭೂಮಿ,আর্থ রড
ಭೂಮಿಯ ಉಪಗ್ರಹ,আর্থ স্যাটেলাইট
ಭೂಶಕ್ತಿ,আর্থ স্টেশন
ಭೂಕಂಪನ,আর্থ টার্মিনাল
ಜರಡಿ,আর্থিং
ಪ್ರತಿಧ್ವನಿ,প্রতিধ্বনি
ಪ್ರತಿಧ್ವನಿ ಕೊಠಡಿ,প্রতিধ্বনির কামরা
ಎಡ್ಡಿ ಕರೆಂಟ್,এডি কারেন্ট
ಎಡ್ಡಿ ಪ್ರಸ್ತುತ ನಷ್ಟ,এডি বর্তমান ক্ষতি
ಅಂಚಿಗೆ ತಿರುಗಿ,এজওয়াইজ মিটার
ಸಂಪಾದನೆ,সম্পাদনা
ಪರಿಣಾಮಕಾರಿ ಆಂಟೆನಾ ಎತ್ತರ,কার্যকর অ্যান্টেনা উচ্চতা
ಪರಿಣಾಮಕಾರಿ ಆಂಟೆನಾ ಉದ್ದ,কার্যকর অ্যান্টেনার দৈর্ঘ্য
ಪರಿಣಾಮಕಾರಿ ವೋಲ್ಟೇಜ್,কার্যকর ভোল্টেজ
ಅಖಂಡತೆ,দক্ষতা
ಸ್ಥಿತಿಸ್ಥಾಪಕತ್ವ,স্থিতিস্থাপকতা
ವಿದ್ಯುತ್ ವಿಸರ್ಜನೆ,বৈদ্যুতিক স্রাব
ವಿದ್ಯುತ್ ಕ್ಷೇತ್ರ,বৈদ্যুতিক ক্ষেত্র
ವಿದ್ಯುದಳ ಸಂಚಿಕೆ,বৈদ্যুতিন ফ্ল্যাশ
ವಿದ್ಯುತ್ ಹೀಟರ್,বৈদ্যুতিক চুলা
ವಿದ್ಯುತ್ಮಾಪಕ,বৈদ্যুতিক মিটার
ವಿದ್ಯುತ್ ಮೋಟಾರ್,বৈদ্যুতিক মটর
ವಿದ್ಯುತ್ ಆಘಾತ,বৈদ্যুতিক শক
ವಿದ್ಯುತ್ ಕಂಡಿ,বৈদ্যুতিক স্পার্ক
ವಿದ್ಯುತ್ ಉಪಕರಣ,বৈদ্যুতিক সরঞ্জাম
ವಿದ್ಯುತ್ ಶಬ್ದ,বৈদ্যুতিক শব্দ
ವಿದ್ಯುತ್ ಬಿರುಗಾಳಿ,বৈদ্যুতিক ঝড়
ವಿದ್ಯುತ್ ಚಾಲಿತ ಸಂಗೀತ ವಾದ್ಯ,বৈদ্যুতিকভাবে পরিচালিত বাদ্যযন্ত্র
ವಿದ್ಯುತ್‌,বিদ্যুৎ
ವಿದ್ಯುತ್ ಸರಬರಾಜು,বিদ্যুৎ সরবরাহ
ವಿದ್ಯುದ್ವೋಗದ,ইলেক্ট্রোডাইনামিক
ವಿದ್ಯುದ್ವಿಚ್ticೇದಕ,তড়িৎ - ধারক
ವಿದ್ಯುತ್ಕಾಂತೀಯ,বৈদ্যুতিন চৌম্বক
ವಿದ್ಯುತ್ಕಾಂತದ ಅಡಚಣೆ,বৈদ্যুতিন চৌম্বকীয় ব্যাঘাত
ವಿದ್ಯುತ್ಕಾಂತದ ಮಧ್ಯಪ್ರವೇಶ,বৈদ্যুতিন চৌম্বকীয় হস্তক্ষেপ
ವಿದ್ಯುತ್ಕಾಂತೀಯ ತರಂಗಾಂತರ,ইলেক্ট্রোম্যাগনেটিক বর্ণালী
ವಿದ್ಯುತ್ಕಾಂತೀಯ ತರಂಗ,ইলেক্ট্রোম্যাগনেটিক তরঙ্গ
ವಿದ್ಯುತ್ಕಾಂತೀಯ ತರಂಗ ಪ್ರಸಾರ,বৈদ্যুতিন চৌম্বকীয় তরঙ্গ প্রচার
ಎಲೆಕ್ಟ್ರಾನ್ ಬಹು ಫೋಟೊಟ್ಯೂಬ್,ইলেক্ট্রন একাধিক ফটোোট ्यूब
ವಿದ್ಯುನ್ಮಾನಿನ ಕ್ಯಾಲ್ಕುಂಡರ್,বৈদ্যূতিক গণকযন্ত্র
ಎಲೆಕ್ಟ್ರಾನಿಕ್ ಡೇಟಾ ಸಂಸ್ಕರಣೆ (ಇಡಿಪಿ),বৈদ্যুতিন ডেটা প্রসেসিং (ইডিপি)
ಎಲೆಕ್ಟ್ರಾನಿಕ್ ಮೇಲ್ (ಇ-ಮೇಲ್),বৈদ্যুতিন মেল (ই-মেইল)
ಎಲೆಕ್ಟ್ರಾನಿಕ್ ಸ್ವಿಚಿಂಗ್ ವ್ಯವಸ್ಥೆ,বৈদ্যুতিন স্যুইচিং সিস্টেম
ವಿದ್ಯುದರ್ಚಿ,ইলেকট্রনিক্স
ವಿದ್ಯುದುಜ್ಞಾನಿಕ,ইলেক্ট্রোপ্লেটিং
ಸ್ಥಾಯೀ,ইলেক্ট্রোস্ট্যাটিক
ಎತ್ತರ,উচ্চতা
ಹುದುಗಿಸಿದ,এম্বেড
ಎಂಬೆಡೆಡ್ ಆಡಿಯೊ,এম্বেডড অডিও
ಹತೋಟಿ ವ್ಯವಸ್ಥೆ,এম্বেডেড সিস্টেম
ಲಾಂblemನ,প্রতীক
ಉದಯೋನ್ಮುಖ ಪ್ರವೃತ್ತಿಗಳು,উঠতি প্রবণতা
ಹೊರಸೂಸುವಿಕೆ,নিঃসরণ
ಹೊರಸೂಸುವಿಕೆ,ইমিটার
ಹೊರಸೂಸುವ ಅನುಪಾತ,ইমিটার অনুসরণকারী
ಹೊರಸೂಸುವ ಟರ್ಮಿನಲ್,ইমিটার টার্মিনাল
ಹೊರಸೂಸುವಿಕೆ,ইমিটার-বেস-জংশন
ಸಕ್ರಿಯಗೊಳಿಸು,সক্ষম করুন
ಎನಾಮೆಲ್ಡ್ ತಂತಿ,Enamelled তার
ಬೇಟೆಯಾಡುವ,এনসিফার
ಆವರಣ,ঘের
ಎನಿಮಿ,এনকোড
ಸ್ಥಳಾಂತರಕ,এনকোডার
ಎನ್‌ಕೋಡಿಂಗ್,এনকোডিং
ಗೂ ry ಕತಿದ್ದು,জোড়া লাগানো
ಅಂತ್ಯ,শেষ চিহ্ন
ಬಳಕೆದಾರ,শেষ ব্যবহারকারী
ಶಕ್ತಿ,শক্তি
ಶಕ್ತಿ ಪ್ರಸರಣ,শক্তি ছত্রভঙ্গ
ಶಕ್ತಿ ವಿತರಣೆ,শক্তি বিতরণ
ಜಾರಿಗೊಳಿಸುವಿಕೆ,প্রয়োগ
ಎಂಜಿನ್,ইঞ্জিন
ಎಂಜಿನಿಯರ್,প্রকৌশলী
ಎಂಜಿನಿಯರಿಂಗ್,প্রকৌশল
ಎಂಜಿನಿಯರಿಂಗ್ ಅಂಗಡಿ,ইঞ্জিনিয়ারিং স্টোর
ಕೆತ್ತನೆ,খোদাই করা
ವರ್ಧಿಸು,উন্নত
ತುತ್ತಾಗಿಸು,এনসেম্বল
ಕೀಲಿಯನ್ನು ನಮೂದಿಸಿ,কী প্রবেশ করান
ಎಂಟರ್‌ಪ್ರೈಸ್ ವಾಸ್ತುಶಿಲ್ಪ,এন্টারপ্রাইজ আর্কিটেকচার
ಸುಲಿಗೆ,এনথালপি
ಎಳೆಯ,এনট্রপি
ಎಂಟ್ರೊಪಿ ಕೋಡಿಂಗ್,এনট্রপি কোডিং
ಎಂಟ್ರೊಪಿ ಪುನರುಕ್ತಿ,এনট্রপি অপ্রয়োজনীয়তা
ಸಮ,সমান
ಸಮೀಕರಣ,সমতা
ಸಮಾನ ವ್ಯಕ್ತಿ,সমতুল্য
ಉಪಕರಣ,সরঞ্জাম
ಸಲಕರಣೆಗಳ ಕವರ್,সরঞ্জাম কভার
ಸಮಾನ,সমতুল্য
ಅಳಿಸು,মুছুন
ತಲೆ ಅಳಿಸಿ,মাথা মুছুন
ಸವೆನ,ক্ষয়
ಅನಿಯಮಿತ,অনিশ্চিত
ದೋಷ,ত্রুটি
ದೋಷ ನಿಯಂತ್ರಣ ಕೋಡಿಂಗ್,ত্রুটি নিয়ন্ত্রণ কোডিং
ದೋಷ ತಿದ್ದುಪಡಿ,ত্রুটি সংশোধন
ದೋಷ ಪತ್ತೆಹಚ್ಚುವಿಕೆ,ত্রুটি সনাক্তকরণ
ದೋಷ ನಿರ್ವಹಣೆ,শিল্প খাত
ದೋಷ ಸಂಭವನೀಯತೆ,ত্রুটি সম্ভাবনা
ಈಥರ್ನೆಟ್,ইথারনেট
ಈಥರ್ನೆಟ್ ಕೇಬಲ್,ইথারনেট তারের
ಸುಜನನಶಾಸ್ತ್ರ,ইউজেনিক্স
ವಿಲೇವಾರಿ,খালি করা
ವಿನಿಮಯ,বিনিময়
ಅಚಾತುರ್ಯ,উত্তেজনাপূর্ণ
ಕಾರ್ಯಚೇಳಿಸು,এক্সিকিউট
ಕಾರ್ಯಗತಗೊಳಿಸುವ ಸಮಯ,সঞ্চালনের সময়
ನಿಷ್ಕಾಸ,নিষ্কাশন
ನಿರ್ಗಮನ,প্রস্থান
ವಿಸ್ತರಿಸಿದ,প্রসারিত
ವಿಸ್ತರಣ ಕವಾಟ,সম্প্রসারণ ভালভ
ಪ್ರಯೋಗ,পরীক্ষা
ಪರಿಣಿತ ವ್ಯವಸ್ಥೆ,দক্ষ পদ্ধতি
ಅನ್ವೇಷಿಸು,অন্বেষণ
ಪರಿಶೋಧಕ,অনুসন্ধানকারী
ಎಕ್ಸ್‌ಪೋ (ಪ್ರದರ್ಶನ),এক্সপো (প্রদর্শনী)
ವಿದ್ಯುತ್ ಸರಬರಾಜಿನ ವಿಸ್ತರಣೆ,বিদ্যুৎ সরবরাহের বর্ধন
ಬಾಹ್ಯ ನಿಯಂತ್ರಣ,বাহ্যিক নিয়ন্ত্রণ
ಬಾಹ್ಯ ಸ್ಮರಣೆ,বাহ্যিক স্মৃতি
ಬಾಹ್ಯ ಸಂಗ್ರಹ,বাহ্যিক সংগ্রহস্থল
ಬಾಹ್ಯ ದಾರ,বাহ্যিক থ্রেড
ಹೊರಡಿಸಿಕೊ,নির্যাস
ಶೃಂಗಾರ,এক্সট্রানেট
ತಯಾರಿಸು,বানোয়াট
ಮುಖ,দিক
ಮುಖದ,ফ্যাসিমাইল
ಅಂಶ,ফ্যাক্টর
ಮಸುಕಿಸು,বিবর্ণ
ಮಸುಕಾದ,বিবর্ণ
ಮಾಸು,বিবর্ণ
ಗಲಾಟೆ,ফাদার
ಮರೆಯಾಗುವುದು,বিবর্ণ
ಮರೆಯಾಗುತ್ತಿರುವ ವಲಯ,বিবর্ণ অঞ্চল
ಫ್ಯಾಂಟಮ್ (= ಫ್ಯಾಂಟಮ್),ফ্যান্টম (= ফ্যান্টম)
ಫಾಸ್ಟ್ ಫೋರಿಯರ್ ಟ್ರಾನ್ಸ್‌ಫಾರ್ಮ್ (ಎಫ್‌ಎಫ್‌ಟಿ) ಅಲ್ಗಾರಿದಮ್,ফাস্ট ফুরিয়ার ট্রান্সফর্ম (এফএফটি) অ্যালগরিদম
ಗಂಭೀರವಾದ ತಪ್ಪು,মারাত্মক ত্রুটি
ತಪ್ಪು,দোষ
ವೈಶಿಷ್ಟ್ಯ,বৈশিষ্ট্য
ಆಹಾರ,ফিড
ಪ್ರತಿಕ್ರಿಯೆ,প্রতিক্রিয়া
ಪ್ರತಿಕ್ರಿಯೆ ವರ್ಧಕ,প্রতিক্রিয়া পরিবর্ধক
ಪ್ರತಿಕ್ರಿಯೆ ಸರ್ಕ್ಯೂಟ್,প্রতিক্রিয়া সার্কিট
ಪ್ರತಿಕ್ರಿಯೆ ವೋಲ್ಟೇಜ್,প্রতিক্রিয়া ভোল্টেজ
ಆಹಾರ ನೀಡುವವನು,ফিডার
ಫೀಡರ್ ಕೇಬಲ್,ফিডার কেবল
ಫೀಡರ್ ಗುಡಿಸಲು,ফিডার হাট
ಫೀಡರ್ ಮಾರ್ಗ,ফিডার লাইন
ಫೀಡರ್ ವ್ಯವಸ್ಥೆ,ফিডার সিস্টেম
ಫೀಡರ್ ತಂತಿ,ফিডার তার
ನಾರು,ফাইবার
ನಾರಿನ ದೃಗ್ವಿಜ್ಞಾನ,ফাইবার অপটিক
ನಿಷ್ಠೆ,বিশ্বস্ততা
ನಿಷ್ಠೆ ಶ್ರೇಣಿ ವಿಸ್ತರಣೆ,বিশ্বস্ততা পরিসীমা এক্সটেনশন
ಹೊಲತು,ক্ষেত্র
ಕ್ಷೇತ್ರ ಚಾಲನೆ,ফিল্ড ড্রাইভ
ಕ್ಷೇತ್ರ ಪರಿಣಾಮ ಟ್ರಾನ್ಸಿಸ್ಟರ್,ফিল্ড এফেক্ট ট্রানজিস্টর
ಕ್ಷೇತ್ರ ಶಕ್ತಿ,ক্ষেত্রের শক্তি
ಕ್ಷೇತ್ರ ಶಕ್ತಿ ಮೀಟರ್,ক্ষেত্র শক্তি মিটার
ಕ್ಷೇತ್ರ ಶಕ್ತಿ ಸಮೀಕ್ಷೆ,ক্ষেত্র শক্তি জরিপ
ಆಕೃತಿ,চিত্র
ಅರ್ಹತೆಯ ಚಿತ್ರ,মেধার চিত্র
ತಂತು,ফিলামেন্ট
ಕಲೆ,ফাইল
ಫೈಲ್ ಸರ್ವರ್,ফাইল সার্ভার
ಫೈಲ್ ವ್ಯವಸ್ಥೆಯ,নথি ব্যবস্থা
ಭರ್ತಿಸಾಮುರ,ফিলার
ಚಲನಚಿತ್ರವೀನ,ফিল্ম রেকর্ডার
ಚಲನಚಿತ್ರದ ವೇಗ,ফিল্মের গতি
ಫಿಲ್ಟರ್,ছাঁকনি
ಫಿಲ್ಟರ್ ಚೋಕ್,ফিল্টার চোক
ಸರ್ಕ್ಯೂಟ್,ফিল্টার সার্কিট
ಕೊಯ್ದು,ফিল্টারিং
ಉತ್ತಮ ಶ್ರುತಿ ನಿಯಂತ್ರಣ,ফাইন টিউনিং নিয়ন্ত্রণ
ಸೀಮಿತ ಕ್ಷೇತ್ರ,সীমাবদ্ধ ক্ষেত্র
ಬೆಂಕಿ,আগুনের প্রাচীর
ಅಗ್ನಿಶಾಮಕ,ফায়ারফক্স
ಗುಂಡಿನ ಕೋನ,ফায়ারিং কোণ
ಫರ್ಮೈವೇರ್,ফার্মওয়্যার
ದಾವೆ,ফিটিংস
ಸ್ಥಿರ ಪಾಯಿಂಟ್ ಚಾರ್ಟ್,স্থির পয়েন্ট চার্ট
ಸ್ಥಿರ ಪಾಯಿಂಟ್ ಐಟಂ,স্থির পয়েন্ট আইটেম
ಗುಟ್ಟು,ফ্ল্যাশ
ಚಪ್ಪಟೆ,সমান
ಚಂಚಲ,ঝাঁকুনি
ಫ್ಲಿಪ್ ಫ್ಲಾಪ್,ফ্লিপ ফ্লপ
ಫ್ಲೋಟ್ ಕವಾಟ,ভাসমান ভালভ
ತೇಲುವ,ভাসমান
ತೇಲುವ ಬ್ಯಾಟರಿ,ভাসমান ব্যাটারি
ತೇಲುವ ಸ್ಥಳ,ভাসমান পয়েন্ট
ತೇಲು,ভাসমান বন্দর
ಪ್ರವಾಹ ಬೆಳಕು,বন্যার আলো
ಪ್ರವಾಹ ದೀಪಗಳು,বন্যার আলো
ನೆಲ,মেঝে
ಫ್ಲಾಪಿ,ফ্লপি
ಹರಿ ಚಾರ್ಟ್,প্রবাহ চার্ট
ಏರಿಳಿತ,ওঠানামা
ದ್ರವ,তরল
ಪ್ರತಿದೀಪಕ ದೀಪ,প্রতিপ্রভ বাতি
ಪ್ರತಿದೀಪಕ ಕೊಳವೆ,প্রতিপ্রভ টিউব
ಬೀಸಿಸು,ঝাপটায়
ಹರಿವಾದ,ফ্লাক্স
ಹರಿಯುವ ಸಂಪರ್ಕ,ফ্লাক্স লিঙ্কেজ
ಎಫ್‌ಎಂ ನೆಟ್‌ವರ್ಕ್,এফএম নেটওয়ার্ক
ಎಫ್‌ಎಂ ಗೋಪುರ,এফএম টাওয়ার
ಕೇಂದ್ರೀಕರಿಸು,ফোকাস
ದಟ್ಟವಾದ ನಿಯಂತ್ರಣ,ফোকাস নিয়ন্ত্রণ
ಕೇಂದ್ರೀಕರಣ,ফোকাসিং
ಫೋಕಸಿಂಗ್ ಮ್ಯಾಗ್ನೆಟ್,ফোকাসিং চৌম্বক
ಮಂಜು,কুয়াশা
ಹಾಯಿಸು,ফয়েল
ಹಿಂದಕ್ಕೆ ಮಡಚಿ,ভাজ করা
ಮಡಚಿದ ದ್ವಿಧಾಗ,ভাঁজ ডিপোল
ಬಾರಿ,ফোল্ডার
ತುಣುಕು,ফুটেজ
ಕಾಲಮಾಪಕ,ফুটার
ಬಲವಂತದ ಆಂದೋಲನ,জোর করে দোলনা
ಬಲವಂತದ ವಾತಾಯನ,জোর করে বায়ুচলাচল
ಬಲವಂತದ ಕಂಪನ,জোর করে কম্পন
ಮಡಿ,জাল
ಸ್ವರೂಪ,ফর্ম্যাট
ಸ್ವರೂಪ ವರ್ಗಾವಣೆ,ফর্ম্যাট শিফটিং
ಸ್ವರೂಪದ ರಾಗಗಳು,ফর্ম্যাট সুর
ದಾಟುವುದು,ফর্ম্যাটিং
ಫಾರ್ವರ್ಡ್ ಪಕ್ಷಪಾತ,এগিয়ে পক্ষপাত
ಫಾರ್ವರ್ಡ್ ಪಕ್ಷಪಾತ,ফরোয়ার্ড পক্ষপাতদুষ্ট
ಫಾರ್ವರ್ಡ್ ಕರೆಂಟ್,ফরোয়ার্ড বর্তমান
ಫಾರ್ವರ್ಡ್ ದಿಕ್ಕು,ফরোয়ার্ড দিক
ಫಾರ್ವರ್ಡ್ ಪ್ರತಿರೋಧ,ফরোয়ার্ড প্রতিরোধ
ಫೋರಿಯರ್ ರೂಪಾಂತರ,ফুরিয়ার রুপান্তর
ಗದ್ದಲದ,ফ্র্যাক্টাল
ವಿಘಟನೆ,খণ্ডন
ಚೌಕಟ್ಟು,ফ্রেম
ಫ್ರೇಮ್ ಫಾರ್ಮ್ಯಾಟಿಂಗ್,ফ্রেম ফর্ম্যাটিং
ಫ್ರೇಮ್ ಸಿಂಕ್ರೊನೈಸರ್,ফ্রেম সিঙ্ক্রোনাইজার
ಕಡ್ಡಾಯ,ফ্রেমিং
ಉಚಿತ ಎಲೆಕ್ಟ್ರಾನ್,বিনামূল্যে ইলেক্ট্রন
ಉಚಿತ ಬಾಹ್ಯಾಕಾಶ ನಷ್ಟ,মুক্ত স্থান ক্ষতি
ಉಚಿತ ಬಾಹ್ಯಾಕಾಶ ಮಾರ್ಗ ನಷ್ಟ,মুক্ত স্থান পথ ক্ষতি
ಆವರ್ತನ,ফ্রিকোয়েন্সি
ಆವರ್ಣದ ಹಂಚಿಕೆ,ফ্রিকোয়েন্সি বরাদ্দ
ಆವರ್ತನದ,ফ্রিকোয়েন্সি চেঞ্জার
ಆವರ್ತನ ಪರಿವರ್ತಕ,ফ্রিকোয়েন্সি রূপান্তরকারী
ಆವರ್ತನದ ಕೌಂಟರ್,ফ্রিকোয়েন্সি কাউন্টার
ಆವರ್ತನ ಅಸ್ಪಷ್ಟತೆ,ফ্রিকোয়েন্সি বিকৃতি
ಆವರ್ತನದ ವಿಭಾಜಕ,ফ্রিকোয়েন্সি ডিভাইডার
ಆವರ್ಗ,কম্পাঙ্ক এলাকা
ಆವರ್ತನದ,ফ্রিকোয়েন্সি ডাবল
ಆವರ್ತನ ಮಾಡ್ಯುಲೇಷನ್,কম্পাংক একক
ಆವರ್ತನ ಮಾನಿಟರ್,ফ্রিকোয়েন্সি মনিটর
ಆವರ್ತನ ಬಹುಪಾಲು,ফ্রিকোয়েন্সি মাল্টিপ্লেক্স
ಆವರ್ತನ ಗುಣಕ,ফ্রিকোয়েন্সি গুণক
ಆವರ್ತನ ಶ್ರೇಣಿ,কম্পাংক সীমা
ಆವರ್ತನ ಪ್ರತಿಕ್ರಿಯೆ,ফ্রিকোয়েন্সি প্রতিক্রিয়া
ಆವರ್ತನ ಬದಲಾವಣ,ফ্রিকোয়েন্সি শিফট
ಆವರ್ತನದ ವರ್ಣಪಟಲ,ফ্রিকোয়েন্সি স্পেকট্রাম
ಆವರ್ತನ ಸಂಶ್ಲೇಷಕ,ফ্রিকোয়েন্সি সিনথেসাইজার
ಆವರ್ತನದ ಸಹಿಷ್ಣುತೆ,ফ্রিকোয়েন্সি সহনশীলতা
ಆವರ್ತನ ಅನುವಾದಕ ಬಾಕ್ಸ್,ফ্রিকোয়েন্সি অনুবাদক বাক্স
ಆವರ್ತನ ಬದಲಾವಣೆ,ফ্রিকোয়েন্সি প্রকরণ
ಫ್ರೆಸಲ್ ವಲಯ,ফ্রেসেল জোন
ಅಂಚೆ,ফ্রঞ্জ-অঞ্চল
ಮುಂಭಾಗದ ಮುಖಮಂಟಪ,সামনের বারান্দা
ಪೂರ್ಣ ಆಡ್ಡರ್,সম্পূর্ণ অ্যাডার
ಪೂರ್ಣ ತರಂಗ ಸರಿಪಡಿಸುವಿಕೆ,পূর্ণ তরঙ্গ সংশোধন
ಪೂರ್ಣ ತರಂಗ ರಿಕ್ಟಿಫೈಯರ್,পূর্ণ তরঙ্গ সংশোধনকারী
ಕಾರ್ಯ,ফাংশন
ಕಾರ್ಯ ಕೀ,ফাংশন কী
ಕ್ರಿಯಾಶೀಲ ಪರೀಕ್ಷೆ,কার্যকরী পরীক্ষা
ಮೂಲದ,মৌলিক
ಮೂಲಭೂತ ಆವರ್ತನ,মৌলিক ফ্রিকোয়েন্সি
ಮೂಲಭೂತ ವೇಗ,মৌলিক বেগ
ಕೊಕ್ಕರೆ,ফানেল
ಬೆಸುಗೆ,ফিউজ
ತಂತು,ফিউজ তার
ಅಸ್ಪಷ್ಟ ತರ್ಕ,ঝাপসা যুক্তিবিজ্ঞান
ಗಳಿಕೆ,লাভ করা
ನಿಯಂತ್ರಣವನ್ನು ಗಳಿಸಿ,নিয়ন্ত্রণ লাভ
ಗ್ಯಾಲೊಯಿಸ್ ಕ್ಷೇತ್ರ,গ্যালোইস ফিল্ড
ತತ್ತ್ವ,গামুট
ಗಂಜಿ ಘನವರ್ತಿ,গ্যাং কনডেনসার
ದಳ,ফাঁক
ಹೆಣಕೀದಿ,প্রবেশপথ
ಗೇಜ್,গেজ
ಗೌಸಿಯಾದ ಕರ್ವ್,গাউসিয়ান বক্ররেখা
ಗೌಸಿಯನ್ ಬಿಳಿ ಶಬ್ದ,গাউসিয়ান সাদা শব্দ
ಉತ್ಪಾದಕ,জেনারেটর
ಸಾಮಾನ್ಯ ಹೆಸರು,জেনেরিক নাম
ಜಿಯೋಸ್ಟೇಷನಲ್ ಉಪಗ್ರಹ,জিওস্টেশনারি স্যাটেলাইট
ಭೌಗೋಳಿಕ ಉಪಗ್ರಹ,জিওসিনক্রোনাস স্যাটেলাইট
ಬಡಿ,গ্লিচ
ಗ್ರಾಫಿಕ್ ಕಲೆ,গ্রাফিক আর্ট
ಗ್ರಾಫಿಕ್ ಸಮೀಕರಣ,গ্রাফিক ইকুয়ালাইজার
ಹೆಗ್ಗಣ,গ্রাফিক্স
ಕಸಾಯಿಖಾನೆ,গ্র্যাটিকুল
ಗುರುತ್ವ ವೇಗವರ್ಧನೆ,মহাকর্ষীয় ত্বরণ
ಬೂದು ಪ್ರಮಾಣ,ধূসর স্কেল
ಗ್ರಿಡ್,গ্রিড
ಗ್ರಿಡ್ ಪಕ್ಷಪಾತ,গ্রিড পক্ষপাত
ಗ್ರಿಡ್ ಚಾಲನಾ ಶಕ್ತಿ,গ্রিড ড্রাইভিং শক্তি
ಗ್ರಿಡ್ ಹೊರಸೂಸುವಿಕೆ,গ্রিড নির্গমন
ಗ್ರಿಡ್ ಮಾಡ್ಯುಲೇಟೆಡ್ ಕ್ಲಾಸ್ ಸಿ ಆಂಪ್ಲಿಫಯರ್,গ্রিড মডুলেটেড ক্লাস সি পরিবর্ধক
ಕಣ್ಣುಹಾಯಿಸು,গ্রিল
ಪುಡಿಮಾಡುವ,গ্রাইন্ডিং
ತೋಡು,খাঁজ
ನೆಲದ ವಾಹಕತೆ,স্থল পরিবাহিতা
ನೆಲದ ರಿಟರ್ನ್ ಸರ್ಕ್ಯೂಟ್,গ্রাউন্ড রিটার্ন সার্কিট
ನೆಲದ ರಾಡ್ (ಅರ್ಥ್ ರಾಡ್),গ্রাউন্ড রড (আর্থ রড)
ನೆಲದ ಸ್ಕ್ಯಾಟರ್ ಪ್ರಸರಣ,গ্রাউন্ড স্ক্যাটার প্রচার
ನೆಲದ ಭಾಗ,গ্রাউন্ড বিভাগ
ನೆಲದವೆ,গ্রাউন্ড ওয়েভ
ನೆಲದ ತರಂಗ ಪ್ರಸರಣ,স্থল তরঙ্গ প্রচার
ನೆಲದ ತರಂಗ ಸಂಕೇತ,গ্রাউন্ড ওয়েভ সিগন্যাল
ನೆಲೆಗೊಂಡಿರುವ,গ্রাউন্ডেড
ಗುಂಪುಗೂಡಿನ,গ্রুপ বিলম্ব
ನೆಟ್‌ವರ್ಕ್ ಮತ್ತು ವ್ಯಾಪ್ತಿಯ ಬೆಳವಣಿಗೆ,নেটওয়ার্ক এবং কভারেজ বৃদ্ধি
ಕಾವಲುಗಾರ,গার্ড ব্যান্ড
ಕಾವಲುಗಾರ,গার্ড ইন্টারভাল
ಗನ್ ಡಯೋಡ್,গুন ডায়োড
ವ್ಯಕ್ತಿ,গাই
ಗೈ ವೈರ್,গাই ওয়্যার
ಗೈಡ್ ಏರಿಯಲ್ ಮಾಸ್ಟ್ (ಗೈಡ್ ಆಂಟೆನಾ ಮಾಸ್ಟ್),গাইড এয়ারিয়াল মাস্ট (গ্যালেড অ্যান্টেনা মাস্ট)
ಗಡಿ,টাট্টু
ಕಣ್ಣುಹಾಯುವವನು,হ্যাকার
ಅರೆಬರೆ,অর্ধেক সংযোজন
ಅರೆಚಾಪು,অর্ধেক দ্বৈত
ಅರ್ಧ ಪವರ್ ಬ್ಯಾಂಡ್‌ವಿಡ್ತ್,হাফ পাওয়ার ব্যান্ডউইথ
ಅರ್ಧ ತರಂಗ ದ್ವಿಧ್ರುವಿ,হাফ ওয়েভ ডিপোল
ಅರ್ಧ ತರಂಗ ಸರಿಪಡಿಸುವಿಕೆ,অর্ধ তরঙ্গ সংশোধন
ಹಕ್ಕನ್ನು,হাফটোন
ಸುತ್ತುವರಿಯುವ ಅಂತರ,হামিং দূরত্ব
ಹಾರ್ಡ್ ಡಿಸ್ಕ್ ಕ್ರ್ಯಾಶ್,হার্ড ডিস্ক ক্র্যাশ
ಹಾರ್ಡ್ ಡಿಸ್ಕ್ ಆಧಾರಿತ ಆಡಿಯೊ ವಿತರಣಾ ವ್ಯವಸ್ಥೆ,হার্ড ডিস্ক ভিত্তিক অডিও বিতরণ সিস্টেম
ಹಾರ್ಡ್ ಡಿಸ್ಕ್ ಆಧಾರಿತ ರೆಕಾರ್ಡಿಂಗ್,হার্ড ডিস্ক ভিত্তিক রেকর্ডিং
ಚರಂಡಿ,হার্ডওয়্যার
ಹಾರ್ಡ್‌ವೇರ್ ವಿಳಾಸ,হার্ডওয়্যার ঠিকানা
ಸಾಮರಸ್ಯದ,সুরেলা
ಸಾಮರಸ್ಯ ಅಸ್ಪಷ್ಟತೆ,সুরেলা বিকৃতি
ಸಾಮರಸ್ಯ ಹೊರಸೂಸುವಿಕೆ,সুরেলা নির্গমন
ಹಾರ್ಮೋನಿಕ್ ಫಿಲ್ಟರ್ ಘಟಕ,সুরেলা ফিল্টার ইউনিট
ಸಾಮರಸ್ಯ ಉತ್ಪಾದಕ,সুরেলা জেনারেটর
ಸಾಮರಸ್ಯ,সুরেলা দমনকারী
ಸೊಗಸು,সুরেলা
ಅಪಾಯ,বিপত্তি
ಶೀರವಾಣಿ,হেড ফোন
ತಲೆ ಸ್ಥಳ,হেড রুম
ಚಿರತೆ,হেডেন্ড
ತಲೆಗಾರ,শিরোনাম
ಶ್ರವಣ ಕಾರ್ಯವಿಧಾನ,শ্রবণ ব্যবস্থা
ಉಷ್ಣಹಾರಿ,তাপ শোষণকারী
ಉಷ್ಣ ಸಮತೋಲನ,তাপ ভারসাম্য
ಉಷ್ಣ ತಡೆಗೋಡೆ,তাপ বাধা
ಶಾಖ ವಾಹಕ,তাপ কন্ডাক্টর
ಉಷ್ಣಸಂಥನ,তাপ সিঙ্ক
ಹರ್ಟ್ಜ್ (Hz),হার্টজ (এইচজেড)
ಭಿನ್ನಾಭಿಪ್ರಾಯ,হেটেরোডিন
ಹೆಟನ್ನಿನ ರಿಸೀವರ್,হেটেরোডিন রিসিভার
ಹೆಟೆರೊಡೈನ್ ಶಿಳ್ಳೆ (ಹೆಟೆರೊಡೈನ್ ಹಸ್ತಕ್ಷೇಪ),হেটেরোডিন হুইসেল (হেটেরোডিন হস্তক্ষেপ)
ಕವಚ,হিউরিস্টিক
ಷೂಕ್ಸಿನೀಲ್,হেক্সাডেসিমাল
ಕ್ರಮಾನುಗತ,শ্রেণিবদ্ধ মড্যুলেশন
ಹೈ-ಫೈ (ಹೆಚ್ಚಿನ ನಿಷ್ಠೆ),হাই-ফাই (উচ্চ বিশ্বস্ততা)
ಉನ್ನತ ವರ್ಧಕ,উচ্চ উত্সাহ
ಹೆಚ್ಚಿನ ಆವರ್ತನ,উচ্চ তরঙ্গ
ಹೆಚ್ಚಿನ ಆವರ್ತನ ಆಂದೋಲನ,উচ্চ ফ্রিকোয়েন্সি দোলন
ಹೆಚ್ಚಿನ ಆವರ್ತನ ಪ್ರತಿಕ್ರಿಯೆ,উচ্চ ফ্রিকোয়েন্সি প্রতিক্রিয়া
ಉನ್ನತ ಮಟ್ಟದ ಕಾರ್ಯಕ್ರಮ ಭಾಷೆ,উচ্চ স্তরের প্রোগ্রামের ভাষা
ಹೈ ಪಾಸ್ ಫಿಲ್ಟರ್,উচ্চ পাস ফিল্টার
ಹೈ ಪವರ್ ಟ್ರಾನ್ಸ್ಮಿಟರ್,উচ্চ শক্তি ট্রান্সমিটার
ಉತ್ತಮ ಗುಣಮಟ್ಟದ ಸ್ವಾಗತ,উচ্চ মানের অভ্যর্থনা
ಹೆಚ್ಚಿನ ವೇಗದ ಸಂಪರ್ಕ,উচ্চ গতির সংযোগ
ಹೆಚ್ಚಿನ ವೇಗದ ಡೇಟಾ ವ್ಯವಸ್ಥೆ,উচ্চ গতির ডেটা সিস্টেম
ಹಂದಿಯ ಕುರಿತ,হিস্টোগ্রাম
ಮುಖ ಪುಟ,হোম পেজ
ಕೊಕ್ಕೆ,হুক
ಹುಕ್ ಅಪ್ ತಂತಿ,হুক আপ তার
ಸಮತಲ ಬ್ಲ್ಯಾಕೌಟ್ ಅವಧಿ,অনুভূমিক ব্ল্যাকআউট সময়কাল
ಸಮತಲ ಖಾಲಿ,অনুভূমিক ব্ল্যাঙ্কিং
ಸಮತಲ ವ್ಯಾಖ್ಯಾನ (ಸಮತಲ ರೆಸಲ್ಯೂಶನ್),অনুভূমিক সংজ্ঞা (অনুভূমিক রেজোলিউশন)
ಸಮತಲ ವಿಚಲನ ಆಂದೋಲನ,অনুভূমিক ডিফ্লেশন দোলন
ಸಮತಲ ಮಾರ್ಗ,অনুভূমিক রেখা
ಸಮತಲ ವಿಭಾಗ,অনুভূমিক বিভাগ
ಸಮತಲ ಸ್ವೀಪ್ ಸರ್ಕ್ಯೂಟ್,অনুভূমিক সুইপ সার্কিট
ಕೊಂಬಿನ ಚಮಚ,হর্ন লাউডস্পিকার
ಅತಿಥೆಯ,হোস্ট
ತಿರಸ್ಕಾರ,হট স্পট
ಮನೆ ಕಂಟಿಮಿ,গৃহস্থালি
ಕೇಂದ್ರ,হাব
ವರ್ಣ,হিউ
ಹಫ್ಮನ್ ಕೋಡಿಂಗ್,হাফম্যান কোডিং
ತಗ್ಗಿಸು,হুম
ಮಾನವ ಆಡಿಯೊ ಗ್ರಹಿಕೆ,মানব অডিও উপলব্ধি
ಮಾನವ ಆಡಿಯೊ ವ್ಯವಸ್ಥೆ,মানব অডিও সিস্টেম
ಮಾನವ ಶ್ರವಣ ಕಾರ್ಯವಿಧಾನ,মানব শ্রবণ ব্যবস্থা
ಮಾನವ ವೀಡಿಯೊ ಗ್ರಹಿಕೆ,মানব ভিডিও উপলব্ধি
ಆರ್ದ್ರತೆ,আর্দ্রতা
ಸಂಕರಜದ,হাইব্রিড
ಹೈಬ್ರಿಡ್ ವೃತ್ತಿ,হাইব্রিড সার্কিট
ಹೈಬ್ರಿಡ್ ಇಂಟರ್ಗ್ರೇಟೆಡ್ ಸರ್ಕ್ಯೂಟ್,হাইব্রিড ইন্টারগ্রেটেড সার্কিট
ಜಲಮಾಪಕ,হাইড্রোমিটার
ಅತಿರೇಕ,হাইপার
ಅಧಿಕ ಮಾಧ್ಯಮಗಳು,হাইপার মিডিয়া
ಅತಿರೇಕದ ಪಠ್ಯ,হাইপার টেক্সট
ಅತ್ಯಲ್ಪ ಲಿಖಿತ,হাইপারলিঙ্ক
ಐಕಾನ್,আইকন
ಗುರುತಿಸುವಿಕೆ,পরিচয়
ಗುರುತಿಸಿಕೊಳ್ಳುವಿಕೆ,সনাক্তকারী
ಹಾರಿಹೋಗು,প্রজ্বলিত
ಹಾರಿಹೋಗುವ,ইগনিশন
ಪ್ರಕಾಶಮಾನ,আলোকসজ্জা
ಪ್ರಕಾಶ,আলোকসজ্জা
ಚಿತ್ರ,চিত্র
ಚಿತ್ರದ ಆಂಟೆನಾ,চিত্র অ্যান্টেনা
ಚಿತ್ರಣ,চিত্র ক্যাপচার
ಚಿತ್ರಕೃಡು,চিত্র আইকনোস্কোপ
ಚಿತ್ರದ ನಕ್ಷೆ,চিত্র মানচিত্র
ಚಿತ್ರ,চিত্র orthicon
ಚಿತ್ರ ಸಂಸ್ಕರಣೆ,চিত্র প্রক্রিয়াকরণ
ಚಿತ್ರ ಸೆಟ್ಟರ್,চিত্র সেটার
ಕಾಲ್ಪನಿಕ,কাল্পনিক
ಪ್ರತಿರೋಧ,প্রতিবন্ধকতা
ಪ್ರತಿರೋಧ ಹೊಂದಾಣಿಕೆ,প্রতিবন্ধকতা ম্যাচিং
ಪ್ರತಿರೋಧ ಹೊಂದಾಣಿಕೆಯ ಸರ್ಕ್ಯೂಟ್,প্রতিবন্ধকতা ম্যাচিং সার্কিট
ಪ್ರತಿರೋಧ ಹೊಂದಾಣಿಕೆ,প্রতিবন্ধকতা অমিল
ಮುಕ್ತ ಸ್ಥಳದ ಪ್ರತಿರೋಧ,মুক্ত স্থান প্রতিবন্ধক
ಪ್ರತಿರೋಧ ರೂಪಾಂತರ,প্রতিবন্ধকতা রূপান্তর
ಆಮದು,আমদানি
ಕಳೆಯಾದ,গর্ভবতী
ವೋಲ್ಟೇಜ್ ಅನ್ನು ಪ್ರಭಾವಿಸಿ,ইমপ্রেস ভোল্টেজ
ಪ್ರಚೋದನೆ,প্ররোচিত
ಪ್ರಚೋದಕ ಪ್ರತಿಕ್ರಿಯೆ,আবেগের প্রতিক্রিয়া
ಅಶುದ್ಧ ವಾಹಕತೆ,অপরিষ্কার পরিবাহিতা
ಅಶುದ್ಧ ಅರೆವಾಹನ,অপরিষ্কার অর্ধপরিবর্তন
ನಿಷ್ಪಲವಾದ,নিষ্ক্রিয়
ನಿಷ್ಕ್ರಿಯ ಕಿಟಕಿ,নিষ্ক্রিয় উইন্ডো
ಕೇಳಿಸಲಾಗದ,শ্রবণযোগ্য
ಉಚ್ಚಾರೆ,উদ্বিগ্নতা
ಘಟನೆ ರೇ,ঘটনা রে
ಸೇರ್ಪಡೆ,অন্তর্ভুক্তি
ಒಳಬರುವ ಸಂಕೇತ,আগত সংকেত
ಸೂಚನೆ,সূচক
ಸ್ಥಳೀಯ,আদিবাসী
ಸ ೦ ತಾನು,আনয়ন
ಪ್ರಚೋದಕ-ವಿಶ್ವಾಸ,ইনডাকটিভ-রিঅ্যাক্ট্যান্স
ಉರಿಯುವ ವಸ್ತು,প্রদাহজনক উপাদান
ಮಾಹಿತಿಯುಕ್ತ,ইনফোর প্যাচ
ಮಾಹಿತಿ,তথ্য
ಮಾಹಿತಿ ವಾಸ್ತುಶಿಲ್ಪ,তথ্য আর্কিটেকচার
ಮಾಹಿತಿ ಬಿಟ್,তথ্য বিট
ಮಾಹಿತಿ ಅಂಕಿಯ,তথ্য অঙ্ক
ಮಾಹಿತಿ ಕಿಯೋಸ್ಕ್,তথ্য কিওস্ক
ಮಾಹಿತಿ ಪ್ರಕ್ರಿಯೆ,তথ্য প্রক্রিয়া
ಮಾಹಿತಿ ತಂತ್ರಜ್ಞಾನ,তথ্য প্রযুক্তি
ನಾಚಿಕೆಗೇಡಿ,ইনফোটেইনমেন্ট
ಅತಿಕ್ರಮತೆ ವಿಕಿರಣ,ইনফ্রারেড বিকিরণ
ಮೂಲಸೌಕರ್ಯ,অবকাঠামো
ಸೇವಿಸು,ইনজেস্ট
ಪದಾರ್ಥಗಳು,উপাদান
ಪ್ರಾರಂಭದ ಪದ (ಐಡಬ್ಲ್ಯೂ),সূচনা শব্দ (আইডাব্লু)
ಆಂತರಿಕ ಸಂಕೇತಗಳು,অভ্যন্তরীণ কোড
ಆವಿಷ್ಕಾರದಲ್ಲಿ,উদ্ভাবন
ಒಳಕ್ಕೆ,ইনপুট
ಇನ್ಪುಟ್ ಸಾಲು,ইনপুট লাইন
ಇನ್ಪುಟ್ ಘಟಕ,ইনপুট ইউনিট
ಇನ್ಪುಟ್ ವೋಲ್ಟೇಜ್,ইনপুট ভোল্টেজ
ಇನ್ಪುಟ್ output ಟ್ಪುಟ್,ইনপুট আউটপুট
ಸೇರಿಸು,.োকান
ಒಳಸೇರಿಸುವಿಕೆಯ ನಷ್ಟ,সন্নিবেশ ক্ষতি
ಅನುಸ್ಥಾಪನ,স্থাপন
ತತ್ಕ್ಷಣ ವೋಲ್ಟೇಜ್,তাত্ক্ষণিক ভোল্টেজ
ಸೂಚನಾ,নির্দেশ
ನಿರೋಧಕ ವಸ್ತು,অন্তরক উপাদান
ನಿರೋಧನ,নিরোধক
ನಿರೋಧನ ಪ್ರತಿರೋಧ,নিরোধক প্রতিরোধ
ನಿರಂಕುಶಾಧಿಕಾರಿ,ইনসুলেটর
ಇಂಟಿಗ್ರೇಟೆಡ್ ಸರ್ಕ್ಯೂಟ್,সমন্বিত বর্তনী
ನೆಟ್‌ವರ್ಕ್ ಅನ್ನು ಸಂಯೋಜಿಸಲಾಗುತ್ತಿದೆ,একীভূত নেটওয়ার্ক
ಸಂಯೋಜಕ,ইন্টিগ্রেটার
ಬುದ್ಧಿಶಕ್ತಿ,বুদ্ধি
ತೀವ್ರತೆ,তীব্রতা
ಮಾತಿನ ತೀವ್ರತೆ,বক্তৃতা তীব্রতা
ಅಂತರ ಚಾನಲ್ ಹಸ್ತಕ್ಷೇಪ,আন্তঃ চ্যানেল হস্তক্ষেপ
ಮಧ್ಯಸ್ಥಗಾರ,ইন্টারলিভ
ಪರಸ್ಪರ ಕ್ರಿಯೆ,মিথষ্ক্রিয়া
ಸಂರತ್ವ,ইন্টারেক্টিভিটি
ಅಂತರ್ವ್ಯಾಪೆ,ইন্টারকম
ಪರಸ್ಪರ ಸಂಬಂಧ,আন্তঃসংযোগ
ಅಂತರಸಂಪರ,ইন্টারফেস
ಇಂಟರ್ಫೇಸ್ ಸ್ಕ್ಯಾನಿಂಗ್,ইন্টারফেস স্ক্যানিং
ಹಸ್ತಕ್ಷೇಪ,হস্তক্ষেপ
ಹಸ್ತಕ್ಷೇಪ ವಲಯ,হস্তক্ষেপ অঞ্চল
ಚಾನಲ್ ಅನ್ನು ಮಧ್ಯಪ್ರವೇಶಿಸುತ್ತಿದೆ,হস্তক্ষেপ চ্যানেল
ಹಸ್ತಕ್ಷೇಪ ಆವರ್ತನ,হস্তক্ষেপ ফ্রিকোয়েন্সি
ರೇಡಿಯೋ ಆವರ್ತನ ಸಿಗ್ನಲ್ ಅನ್ನು ಹಸ್ತಕ್ಷೇಪ ಮಾಡುವುದು,রেডিও ফ্রিকোয়েন্সি সিগন্যাল হস্তক্ষেপ
ಅಡ್ಡಿ,ইন্টারফ্রেম
ಮಧ್ಯಸ್ಥಗಾರ,ইন্টারলিভ
ಅಂತರ್ವರ್ಧಕ,ইন্টারলিভড
ಇಂಟರ್ಲೀವ್ಡ್ ಸ್ಟ್ರೀಮ್,ইন্টারলিভড স্ট্রিম
ಅಂತರ್ವರ್ಧಕ,ইন্টারলিভার
ಒಳನೋಟವುಳ್ಳ,ইন্টারলিভিং
ಒಳನೋಟವುಳ್ಳ,ইন্টারলিভিং
ಇಂಟರ್ಲೀವಿಂಗ್ ಅವಧಿ,ইন্টারলিভিং পিরিয়ড
ಇಂಟರ್ಲಾಕ್ ಸರ್ಕ್ಯೂಟ್,ইন্টারলক সার্কিট
ಇಂಟರ್ಲಾಕ್ ಸ್ವಿಚ್,ইন্টারলক সুইচ
ಅಂತರ್ವರ್ಧಕ,ইন্টারলকিং
ಮಧ್ಯಂತರ ವೈಫಲ್ಯ,মধ্যবর্তী ব্যর্থতা
ಮಧ್ಯಂತರ ಆವರ್ತನ,মধ্যবর্তী ফ্রিকোয়েন্সি
ಮಧ್ಯಂತರ ಆವರ್ತನ ಆಂದೋಲಕ,মধ্যবর্তী ফ্রিকোয়েন্সি দোলক
ಪ್ರತಿಶಮನದ,বিরতি
ಮಧ್ಯಂತರ ಪ್ರವಾಹ,মাঝে মাঝে বর্তমান
ಅಂತರಗಣನೆ,ইন্টারমোডুলেশন
ಇಂಟರ್ಮೋಡ್ಯುಲೇಷನ್ ಅಸ್ಪಷ್ಟತೆ,ইন্টারমোডুলেশন বিকৃতি
ಇಂಟಿಡ್ಯುಲೇಶನ್ ಹೊರಸೂಸುವಿಕೆ,ইন্টারমোডুলেশন নির্গমন
ಇಂಟರಲ್ಫುಲೇಷನ್ ಪರೀಕ್ಷೆ,ইন্টারমোডুলেশন পরীক্ষা
ಅಂತರ್ಜಾಲ,ইন্টারনেট
ಇಂಟರ್ನೆಟ್ ಪ್ರಸಾರ,ইন্টারনেট সম্প্রচার
ಇಂಟರ್ನೆಟ್ ಚಾಟಿಂಗ್,ইন্টারনেট চ্যাট
ಇಂಟರ್ನೆಟ್ ಪ್ರೋಟೋಕಾಲ್ ಸ್ಟ್ಯಾಕ್,ইন্টারনেট প্রোটোকল স্ট্যাক
ಅಂತರ್ಜಾಲ ರೇಡಿಯೋ,ইন্টারনেট রেডিও
ಅಂತರ್ಜಾಲ ಸ್ಟ್ರೀಮಿಂಗ್,ইন্টারনেট স্ট্রিমিং
ಇಂಟರ್ನೆಟ್ ವೀಡಿಯೊ,ইন্টারনেট ভিডিও
ಪರಸ್ಪರ ಕಾರ್ಯಸಾಧ್ಯತೆ,আন্তঃব্যবহারযোগ্যতা
ರಾಕ್ಷಸ,ইন্টারপোলেশন
ವ್ಯಾಖ್ಯಾನಕಾರ,দোভাষী
ಅಡಚಣೆ,বাধা
ಅಡಚಣೆ,বাধা
ಅಡಚಣೆದಾರ,বাধা
ಮಧ್ಯಂತರ,অন্তর
ಬಿಲ್ಲೆ,ইন্ট্রাকোডিং
ಒಳಭಾಗ,ইন্ট্রাফ্রেম
ಅಂತಃಪ್ರವಾಹ,ইন্ট্রানেট
ಅಂತಃಪ್ರವೇಶ,অন্তঃসত্ত্বা
ಇಂಟ್ರಾವೆಬ್,অন্তঃসত্ত্বা
ಆಂತರಿಕ ಅರೆವಾಹಕ,অভ্যন্তরীণ অর্ধপরিবাহী
ವಿಲೋಮ ಪ್ರವಾಹ,বিপরীতমুখী
ವಿಲೋಮ ಪ್ರಾದೇಶಿಕ ಕಾರ್ಯಾಚರಣೆ,বিপরীত স্থানিক পরিচালনা
ತಲೆಕೆಳಗಾದ,উল্টানো
ತಲೆಕೆಳಗಾದ ಎಲ್ ಆಂಟೆನಾ,উল্টানো এল অ্যান্টেনা
ತಲೆಕೆಳಗಾದ ವಿ ಆಂಟೆನಾ,উল্টানো ভি অ্যান্টেনা
ವಶಪಡಿಸಿಕೊಳ್ಳುವವನು,বৈদ্যুতিন সংকেতের মেরু বদল
ಅಕ್ರಮವಾದ,অনিয়মিত
ಅಪ್ರಸ್ತುತ,অপ্রাসঙ্গিক উপাদান
ಪ್ರತ್ಯೇಕ ಜಾಲ,বিচ্ছিন্ন নেটওয়ার্ক
ಪ್ರತ್ಯೇಕಿಸುವವನು,বিচ্ছিন্ন
ದಮ್ಮಗ,জামার
ಕಟುಕ,জ্যামিং
ದರ್ಜಿ ಫೈಲ್,জারগন ফাইল
ಜಾವಾ ಸ್ಕ್ರಿಪ್ಟ್,জাভা স্ক্রিপ্ট
ಕನ್ನಡಿಯ,জিংল
ಗಲಿಬಿಲಿ,জিটার
ಸೇರುವವನು,যোগদানকারী
ಜಂಟಿ,যৌথ
ಕಲುಷಿತ,সংযুক্ত
ಜಿಗಿತಗಾರ,জাম্পার
ಮಂಜುಗಡ್ಡ,জাঙ্ক
ಅನಗತ್ಯ ಪತ್ರ,আজাইরা মেইল
ಪಟಲ,কার্নেল
ಕೀಲಿ,চাবি
ಕೀಲಿ ಹಲಗೆ,কীবোর্ড
ಮನವಿ,কীয়ার
ಕಶೇಟು,মূল বক্তব্য
ಕಿಲೋಸೈಕಲ್,কিলোসাইকেল
ಕಿಲೋವೋಲ್ಟ್,কিলোভোল্ট
ಕಿಲೋವ್ಯಾಟ್,কিলোওয়াট
ಚಲನಶಾಸ್ತ್ರ,গতিবিজ্ঞান
ಮೊಣಕಾಲಿನ ವೋಲ್ಟೇಜ್,হাঁটু পয়েন্ট ভোল্টেজ
ಗುಬ್ಬಿ,গিঁট
ಜ್ಞಾನದ ತಳಹದಿ,জ্ঞানভিত্তিক
ಜ್ಞಾನ ನಿರೂಪಣೆ,জ্ঞান উপস্থাপনা
ಎಲ್ ನೆಟ್‌ವರ್ಕ್,L নেটওয়ার্ক
L ವಿಭಾಗ ಫಿಲ್ಟರ್,এল বিভাগ ফিল্টার
ಮಂದಗತಿ ಮತ್ತು ಸೀಸ,ল্যাগ এবং সীসা
ಹಿಂದುಳಿದ ಪ್ರವಾಹ,পিছিয়ে থাকা বর্তমান
ಮಂದಗತಿಯ ವಿದ್ಯುತ್ ಅಂಶ,পিছিয়ে থাকা পাওয়ার ফ্যাক্টর
ಹಾಳಾದ,স্তরিত
ದೀಪ,প্রদীপ
ಅಬ್ಬರ,ল্যাপটপ
ಲೇಸರ್ ಆವರ್ತನ,লেজার ফ্রিকোয়েন্সি
ಸುಪ್ತ ದೋಷ,সুপ্ত ত্রুটি
ಸುಪ್ತ ಶಾಖ,সুপ্ত তাপ
ಅಕ್ಷಾಂಶ,অক্ষাংশ
ಹರಿ,স্তর
ಲೆಔಟ್,বিন্যাস
ವಿನ್ಯಾಸ,বিন্যাস পরিকল্পনা
ಮುನ್ನಡೆಸಿಸು,নেতৃত্ব
ಪ್ರಮುಖ ಹಂತ,শীর্ষস্থানীয় পর্ব
ಸೋರಿಕೆ ಪುರಾವೆ,ছিদ্র নিরোধক
ಸೋರಿಕೆ,ফুটো
ಗುತ್ತಿಗೆ ಸರ್ಕ್ಯೂಟ್,ইজারা সার্কিট
ಮಸೂರ,লেন্স
ಸಮಗ್ರ ಸೂಚಕ,স্তর সূচক
ಲಘು ನಿಯಂತ್ರಣ,আলো নিয়ন্ত্রণ
ತಿಳಿ ಪೆನ್ನು,হালকা কলম
ಮಿಂಚಿನ ಬಂಧಕ,বিজলীদণ্ড
ಮಿತಿಗೊಳಿಸು,সীমাবদ্ধ
ಆಂಪ್ಲಿಫೈಯರ್ ಅನ್ನು ಸೀಮಿತಗೊಳಿಸುವುದು,পরিবর্ধক সীমাবদ্ধ
ರೇಖೆಯ ನಷ್ಟ,লাইন ক্ষতি
ರೇಖೆಯ ಶಬ್ದ,লাইন শব্দ
ದೃಷ್ಟಿ,দর্শন লাইন
ರೇಖೆಯ ಹಂತ,লাইন পর্ব
ಸಾಲು ಹರಡುವಿಕೆ,লাইন সংক্রমণ
ರೇಖೆಯನ್ನು ಇಳಿಸಲಾಗಿಲ್ಲ,লাইন আনলোড
ರೇಖೀಯ ಪರಿಮಾಣ,লিনিয়ার কোয়ান্টিজার
ರೇಖಾತ್ವ,লিনিয়ারিটি
ಸಾಲು ಸಹಭಾಗಿ,লাইন-কোঅ্যাক্সিয়াল
ಸಾಲಿನ,লাইন-সমতুল্য
ಸಾಲು ಆವರ್ತನ,লাইন-ফ্রিকোয়েন্সি
ಸಾಲು-ಉಚ್ಚಾರಣೆ,লাইন-ইমিডেন্স
ಸಾಲು-ತ್ರೈಮಾಸಿಕ ತರಂಗಾಂತರ,লাইন-কোয়ার্টারের তরঙ্গদৈর্ঘ্য
ಮರ,লিঙ্ক
ಕೊಂಡಿ,লিঙ্কার
ತುಟಿಯೊಳಗಿರುವ,লিপ-মাইক্রোফোন
ನೇರ ಪ್ರಸಾರ,সরাসরি সম্প্রচার
ಲೈವ್ ಸರ್ಕ್ಯೂಟ್,লাইভ সার্কিট
ನೇರ ಕಾರ್ಯಕ್ರಮ,লাইভ প্রোগ্রাম
ಹೊರೆ,ভার
ಲೋಡ್ ಸಾಮರ್ಥ್ಯ,ধারণ ক্ষমতা
ಸಾಗಿಸುವ ಸಾಮರ್ಥ್ಯವನ್ನು ಲೋಡ್ ಮಾಡಿ,বহন ক্ষমতা লোড
ಲೋಡ್ ವಿಶಿಷ್ಟ,লোড বৈশিষ্ট্য
ಪ್ರತಿರೋಧವನ್ನು ಲೋಡ್ ಮಾಡಿ,লোড প্রতিবন্ধকতা
ತುಂಬಿರುವ,লোড
ತುಂಬುವವನು,লোডার
ಲೋಡ್ ಮಾಡುವುದು,লোড হচ্ছে
ಸುರುಳಿಯನ್ನು ಲೋಡ್ ಮಾಡಲಾಗುತ್ತಿದೆ,লোডিং কয়েল
ಹೊರೆ ಪರೀಕ್ಷೆ,লোড পরীক্ষা
ಹಾಲೆ,লব
ಹಾಲೆ ಆಂಟೆನಾ,লোব অ্যান্টেনা
ಸ್ಥಳೀಯ ಪ್ರದೇಶ ಜಾಲ,স্থানীয় নেটওয়ার্ক
ಸ್ಥಳೀಯ ಬ್ಯಾಟರಿ,স্থানীয় ব্যাটারি
ಸ್ಥಳೀಯ ಆಂದೋಲನಕಾರ,স্থানীয় দোলক
ಬ ೦ ದಿಸು,লগ
ಲಾಗ್ ಪುಸ್ತಕ,লগ বই
ಲಾಗ್ ಇನ್ ಮಾಡಿ (ಲಾಗ್ ಆನ್ ಮಾಡಿ),লগ ইন (লগ অন)
ಲಾಗ್ ಆಫ್ ಮಾಡಿ (ಲಾಗ್ .ಟ್ ಮಾಡಿ),লগ অফ (লগ আউট)
ಹಾಳೆ,লগ শিট
ಲಾಗರಿಥಮ್,লগারিদম
ಲಾಗರಿಥಮಿಕ್ ಆಂಪ್ಲಿಫಯರ್,লগারিদমিক পরিবর্ধক
ಲಾಗರಿಥಮಿಕ್ ಅನುಪಾತ,লগারিদমিক অনুপাত
ಲಾಗರಿಥಮಿಕ್ ಪ್ರತಿಕ್ರಿಯೆ,লগারিদমিক প্রতিক্রিয়া
ಲಾಗರಿಥಮಿಕ್ ಪ್ರಮಾಣ,লগারিদমিক স্কেল
ಕಪ್ಪೆ,লগিং
ತರ್ಕ,যুক্তি
ತರ್ಕ ದ್ವಾರ,লজিক গেট
ತರ್ಕ ಕಾರ್ಯಾಚರಣೆ,যুক্তি অপারেশন
ತಾರ್ಕಿಕ,যৌক্তিক
ತಾರ್ಕಿಕ ಚೌಕಟ್ಟು,যৌক্তিক ফ্রেম
ಲೋಗಾ ಒಳಹರಿ,লোগো সন্নিবেশ
ರೇಖಾಂಶ,দ্রাঘিমাংশ
ಕುಣಿಕೆ,লুপ
ಲೂಪ್ ಆಂಟೆನಾ,লুপ অ্যান্টেনা
ಲೂಪ್ ಲಾಭ,লুপ লাভ
ಲೂಪ್ ಪರೀಕ್ಷೆ,লুপ পরীক্ষা
ಸಡಿಲ ಸಂಪರ್ಕ,আলগা যোগাযোগ
ಸಡಿಲ ಜೋಡಣೆ,আলগা সংযোজন
ನಷ್ಟವಿಲ್ಲದ ಆಂಟೆನಾ,লসলেস অ্যান্টেনা
ನಷ್ಟವಿಲ್ಲದ ಸಂಕೋಚನ,ক্ষতিহীন সংকোচনের
ನಷ್ಟದ ಸಂಕೋಚನ,ক্ষতিগ্রস্থ সংকোচনের
ಜೋರಾಗಿ (ಧ್ವನಿ),জোরে (শব্দ)
ಮೋಡಿಮಾಡುವ,লাউডস্পিকার
ಕಡಿಮೆ ಆವರ್ತನ,কম কম্পাঙ্ক
ಕೆಳಮಟ್ಟದ ಭಾಷೆ,নিম্ন স্তরের ভাষা
ಕಡಿಮೆ ನಷ್ಟ ಫೀಡರ್,কম লোকসান ফিডার
ಕಡಿಮೆ ನಷ್ಟ ಹೊಂದಿಕೊಳ್ಳುವ ಏಕಾಕ್ಷ ಕೇಬಲ್,কম লোকসান নমনীয় কোক্সিয়াল কেবল
ಕಡಿಮೆ ಶಬ್ದ ರಿಸೀವರ್,কম শব্দ রিসিভার
ಕಡಿಮೆ ಕಕ್ಷೆಯ ಉಪಗ್ರಹ,কম কক্ষপথ স্যাটেলাইট
ಕಡಿಮೆ ಪಾಸ್ ಫಿಲ್ಟರ್,লো পাস ফিল্টার
ಕಡಿಮೆ ಪ್ರತಿಕ್ರಿಯಾತ್ಮಕ ಅರ್ಥ,কম রিঅ্যাক্ট্যান্স আর্থিং
ಕಡಿಮೆ ಪ್ರತಿರೋಧ ಮಾರ್ಗ,কম প্রতিরোধের পথ
ಹುರಿದುಂಬಿಸು,লগ
ಪ್ರಕಾಶ,আলোকসজ্জা
ಉಂಡವಾದ,লম্পট
ಬೃಹತ್ ಬ್ಲಾಕ್,ম্যাক্রো ব্লক
ಬೃಹತ್ ವ್ಯಾಖ್ಯಾನ,ম্যাক্রো সংজ্ঞা
ಬೃಹತ್ ದೃಷ್ಟಿ,ম্যাক্রো ভিশন
ಮಾಯಾ ಕಣ್ಣು,ম্যাজিক আই
ಕಾಂತ,চৌম্বক
ಕಾಂತಕ್ಷೇತ್ರ,চৌম্বক ক্ষেত্র
ಕಾಂತೀಯ ಹರಿವೆ,চৌম্বকীয় প্রবাহ
ಕಾಂತ ಧ್ರುವ,চৌম্বকীয় মেরু
ಕಾಂತೀಯ ಬಿರುಗಾಳಿ,চৌম্বকীয় ঝড়
ಕಾಂತೀಯ ಸ್ವಿಚ್,চৌম্বকীয় সুইচ
ಕಾಂತೀಯ ಟೇಪ್,চৌম্বকীয় টেপ
ಕಾಂತಶಾಸ್ತ್ರ,চৌম্বকীয়তা
ಮೇಲ್ ವಿಲೀನ,মেইল মার্জ
ಮೇಲಿಂಗ್ ಪಟ್ಟಿ,মেইলিং তালিকা
ಮುಖ್ಯ ವಾಹಕ,প্রধান ক্যারিয়ার
ನಿರ್ವಹಿಸು,রক্ষণাবেক্ষণ
ನಿರ್ವಹಣೆ,রক্ষণাবেক্ষণ
ನಿರ್ವಹಣಾ ತಂಡ,রক্ষণাবেক্ষণ দল
ಬಹುಮತ,সংখ্যাগরিষ্ঠ ক্যারিয়ার
ಸಂಪರ್ಕ ರಿಲೇ ಮಾಡಿ,যোগাযোগ রিলে করুন
ಮೇಕ್ ಮತ್ತು ಬ್ರೇಕ್ ಸ್ವಿಚ್,মেক-অ্যান্ড-ব্রেক সুইচ
ಪುರುಷ ಸಮರಸಗಾರ,পুরুষ সংযোগকারী
ಮನುಷ್ಯ ಶಬ್ದ ಮಾಡಿದನು,মানুষ শব্দ করেছে
ನಿರ್ವಹಣಾ ಮಾಹಿತಿ ವ್ಯವಸ್ಥೆ (ಎಂಐಎಸ್),পরিচালন তথ্য সিস্টেম (এমআইএস)
ಕೈಗತ್ತಿದ,ম্যানিপুলেটেড
ಕೈಪಿಡಿ ನಿಯಂತ್ರಣ,মূল নিয়ন্ত্রণ
ಕೈಪಿಡಿ ವಿಧಾನ,ম্যানুয়াল পদ্ধতি
ಸುರಕ್ಷತಾ ಮುನ್ನೆಚ್ಚರಿಕೆ ಕೈಪಿಡಿ,সুরক্ষা সতর্কতা ম্যানুয়াল
ಹಸ್ತಚಾಲಿತವಾಗಿ ಕಾರ್ಯನಿರ್ವಹಿಸುತ್ತದೆ,ম্যানুয়ালি পরিচালিত
ತಯಾರಕ,প্রস্তুতকারক
ಮುಖವಾಡ,মুখোশ
ಮಂಜುಗಡ್ಡೆ,মাসকি
ಮಾಸ್ಕರ್,মাস্কার
ಮರೆತುಹೋಗುವುದು,মাস্কিং
ಮರೆಮಾಚುವ ವರ್ತನೆ,মাস্কিং আচরণ
ಆಡಿಯೊದ ಮರೆಮಾಚುವ ಪರಿಣಾಮ,অডিওর মাস্কিং প্রভাব
ಮರೆಮಾಚುವ ಮಿತಿ,থ্রেশহোল্ড মাস্কিং
ಮರೆಮಾಚುವ ಸ್ವರ,মাস্কিং টোন
ಮಾಸ್ಟಿ,মাস্ট
ಮಾಸ್ಟ್ ರೇಡಿಯೇಟರ್,মাস্ট রেডিয়েটার
ಮಾಸ್ಟರ್ -ನಿಯಂತ್ರಣ,মাস্টার নিয়ন্ত্রণ
ಮಾಸ್ಟರ್ ಆಸಿಲಾರೆಟರ್,মাস্টার অসিলট্রোর
ಪಂದ್ಯ,ম্যাচ-ইমিডেন্স
ಹೊಂದಾಣಿಕೆಯ ನೆಟ್‌ವರ್ಕ್,ম্যাচিং নেটওয়ার্ক
ಹೊಂದಾಣಿಕೆಯ ಸ್ಟಬ್,ম্যাচিং স্টাব
ಹೊಂದಾಣಿಕೆಯ ಟ್ರಾನ್ಸ್‌ಫಾರ್ಮರ್,ম্যাচিং ট্রান্সফর্মার
ಭೌತಿಕ ಪ್ರಚೋದನೆ,জিনিষ পত্র সরবরাহ
ಕುಶಲತೆ,ম্যাট্রিক্স
ಗರಿಷ್ಠೀಕರಣ,সর্বাধিককরণ
ಗರಿಷ್ಠ ಬೇಡಿಕೆ ಸೂಚಕ,সর্বাধিক চাহিদা সূচক
ಗರಿಷ್ಠ ವಿದ್ಯುತ್ ಸಾಂದ್ರತೆ,সর্বাধিক শক্তি ঘনত্ব
ಗರಿಷ್ಠ ಸಂವೇದನೆ,সর্বাধিক সংবেদনশীলতা
ಗರಿಷ್ಠ ಉಷ್ಣ,সর্বাধিক তাপমাত্রা
ಗರಿಷ್ಠ ಬಳಸಬಹುದಾದ ಆವರ್ತನ,সর্বাধিক ব্যবহারযোগ্য ফ্রিকোয়েন্সি
ಗರಿಷ್ಠ ಮೌಲ್ಯ,সর্বোচ্চ মূল্য
ವೈಫಲ್ಯದ ಸರಾಸರಿ ಸಮಯ,ব্যর্থতার গড় সময়
ಸರಾಸರಿ ಮೌಲ್ಯ,গড় মান
ಅಳತೆ ಸಂಕೇತ,পরিমাপ সংকেত
ಅಳತೆ,মাপা
ಅಳೆಯುವ ಸಾಧನ,পরিমাপ যন্ত্র
ಉಪಕರಣಗಳನ್ನು ಅಳೆಯುವುದು,পরিমাপ সরঞ্জাম
ಅಳತೆ ಸಾಧನ,পরিমাপক যন্ত্রপাতি
ಕ್ಷೇತ್ರದ ಶಕ್ತಿಯ ಅಳತೆ ಸಾಧನ,ক্ষেত্রের শক্তি পরিমাপের সরঞ্জাম
ಅಳೆಯುವ ಟೇಪ್,পরিমাপের ফিতা
ಯಾಂತ್ರಿಕ ವ್ಯವಸ್ಥೆ,পদ্ধতি
ಮಾಧ್ಯಮ ಸರ್ವರ್,মিডিয়া সার্ভার
ಮಾಧ್ಯಮ,মধ্যম
ಮಧ್ಯಮ ಆವರ್ತನ,মাঝারি ফ্রিকোয়েন্সি
ಮಧ್ಯಮ ಆವರ್ತನ ತರಂಗ,মাঝারি ফ্রিকোয়েন্সি তরঙ্গ
ಮಧ್ಯಮ ತರಂಗ (ಮೆಗಾವ್ಯಾಟ್),মাঝারি তরঙ্গ (মেগাওয়াট)
ಬಗೆಗಿನ,মেগা-ওহম
ಮೊಳಕೆಯೊಲೆ,মেগার
ನೆನಪು,স্মৃতি
ಮಾರ್ಗದರ್ಶನ,পরামর্শদাতা
ಮೆನು ಬಾರ್,মেনু বার
ಪಾದರಸ,বুধ সুইচ
ವಿಲೀನ,মার্জিং
ಸಂದೇಶ,বার্তা
ಮಾಪಕ,মেটাডেটা
ಲೋಹದ-ಆಕ್ಸೈಡ್ ಸೆಮಿಕಂಡಕ್ಟರ್ ಡಯೋಡ್,ধাতব অক্সাইড সেমিকন্ডাক্টর ডায়োড
ಲೋಹದ ಕವಚದ ಕೇಬಲ್,ধাতব-শেথযুক্ত কেবল
ಮೀಟರ,মিটার
ಒಂದುರಂಗ ಫಲಕ,মিটারিং প্যানেল
ಮೈಕಾ,মিকা
ಮೈಕಾ ಚಿಲ್ಲರೆ,মাইকা-ইনসুলেশন
ಸೂಕ್ಷ್ಮ-,ক্ষুদ্র-
ಸೂಕ್ಷ್ಮ ಘಟಕ,মাইক্রো উপাদান
ಸೂಕ್ಷ್ಮ ಕಂಪ್ಯೂಟರ್,মাইক্রো কম্পিউটার
ಸೂಕ್ಷ್ಮ ನಿಯಂತ್ರಕ,মাইক্রো-কন্ট্রোলার
ಮೈಕ್ರೋ ಎಲೆಕ್ಟ್ರಾನಿಕ್ಸ್,মাইক্রো-ইলেক্ট্রনিক্স
ಮೈಕ್ರೋಫೋನ್,মাইক্রোফোন
ಮೈಕ್ರೋಫಿಕಮೋನ,মাইক্রোফোনিক্স
ಮೈಕ್ರೋ ಕಾಲ್ಪನಿಕ,মাইক্রোপ্রসেসর
ಮೈಕ್ರೋ-ವೋಲ್ಟ್ (ಎಂವಿ),মাইক্রো-ভোল্ট (এমভি)
ಮೈಕ್ರೋವೇವ್,মাইক্রোওয়েভ
ಮೈಕ್ರೋವೇವ್ ಆಂಟೆನಾ,মাইক্রোওয়েভ অ্যান্টেনা
ಮೈಕ್ರೋವೇವ್ ಕಿರಣ,মাইক্রোওয়েভ মরীচি
ಮಧ್ಯವರ್ತಿ,মিড-ব্যান্ড
ವಲಸೆ,স্থানান্তর
ವಲಸೆ ಮಾರ್ಗ,মাইগ্রেশন পাথ
ಕಿರುಚಲ,ক্ষুদ্রাকার
ಬಹುಸಂಖ್ಯಾತರಾಗಿರುವ,মিনিয়েচারাইজড
ಕನಿಷ್ಠ,সর্বনিম্ন
ಉಷ್ಣ ತಾಪಮಾನ,ন্যূনতম তাপমাত্রা
ಕನಿಷ್ಠ ಬಳಸಬಹುದಾದ ಕ್ಷೇತ್ರ ಶಕ್ತಿ,সর্বনিম্ন ব্যবহারযোগ্য ক্ষেত্র শক্তি
ಅಲ್ಪಸಂಖ್ಯಾತ ವಾಹಕ,সংখ্যালঘু ক্যারিয়ার
ಬಾಳಿಕೆ,ভুল
ಮಿಶ್ರಣ,মিশ্রণ
ಮಿಶ್ರಿತ ಖಾಲಿ,মিশ্রিত ফাঁকা
ಮಿಶ್ರ ಸಿಂಕ್,মিশ্র সিঙ্ক
ಮಿಶ್ರಣ,মিক্সার
ಮಿಕ್ಸರ್ ಟ್ಯೂಬ್,মিক্সার টিউব
ಮಿಶ್ರಣ,মিশ্রণ
ಮಿಶ್ರಣ ಸರ್ಕ್ಯೂಟ್,মিশ্রণ সার্কিট
ಜ್ಞಾಪಕ,স্মৃতিচারণ
ಜ್ಞಾಪಕಶಾಸ್ತ್ರ,স্মৃতিসৌধ
ಮೊಬೈರಿ,মুঠোফোন
ಮೊಬೈಲ್ ಮಲ್ಟಿಮೀಡಿಯಾ ಅಪ್ಲಿಕೇಶನ್,মোবাইল মাল্টিমিডিয়া অ্যাপ্লিকেশন
ಮೊಬೈಲ್ ಟಿವಿ,মোবাইল টিভি
ಕ್ರಮ,মোড
ವೈಫಲ್ಯದ ವಿಧಾನ,ব্যর্থতার মোড
ಪ್ರಸರಣದ ವಿಧಾನ,প্রচারের পদ্ধতি
ಮಾದರಿ,মডেল
ತಿಕ್ಕಲು,মডেম
ಆಧುನಿಕ ಎಫ್‌ಎಂ ಟ್ರಾನ್ಸ್‌ಮಿಟರ್,আধুনিক এফএম ট্রান্সমিটার
ಆಧುನಿಕ ಪ್ರವೃತ್ತಿಗಳು,আধুনিক প্রবণতা
ಸಂರಚನೆಯ ವಿಧಾನಗಳು,কনফিগারেশন মোড
ಮಾರ್ಪಡಿಸು,সংশোধন করুন
ಮಾಡ್ಯುಲೇಟೆಡ್ ನಿರಂತರ ತರಂಗ,মডুলেটেড অবিচ্ছিন্ন তরঙ্গ
ಮಾಡ್ಯುಲೇಟೆಡ್ ಸಂಕೇತ,মোডুলেটেড সিগন্যাল
ಮಾಡ್ಯುಲೇಟೆಡ್ ತರಂಗರೂಪ,মডুলেটেড ওয়েভফর্ম
ಉಚ್ulationಾಟನೆ,মড্যুলেশন
ರೂಪಾಂತರದ ವೈಶಾಲ್ಯ,মড্যুলেশন প্রশস্ততা
ಮಾಡ್ಯುಲೇಷನ್ ಸಾಮರ್ಥ್ಯ,মড্যুলেশন ক্ষমতা
ಮಾಡ್ಯುಲೇಷನ್ ಆವರ್ತನ,মড্যুলেশন ফ্রিকোয়েন্সি
ವಿತರಣೀಯ ಸೂಚ್ಯಂಕ,মড্যুলেশন সূচক
ಮಾಡ್ಯುಲೇಷನ್ ರೇಖೀಯತೆ,মড্যুলেশন লিনিয়ারিটি
ವಾಚನ,মড্যুলেশন মিটার
ಮಾಡ್ಯುಲೇಷನ್ ಮಾನಿಟರ್,মড্যুলেশন মনিটর
ವ್ಯತಿರಿಕ್ತ ಶೇಕಡಾವಾರು,মড্যুলেশন শতাংশ
ಆಯೋಜಕ,মডুলেটর
ಘಟಕ,মডিউল
ತೇವಾಂಶ,আর্দ্রতা
ಮೊಳಕೆ,গতি
ಮೇಲ್ವಿಚಾರಣೆ ಮಾಡು,মনিটর
ಉಸ್ತುವಾರಿ,পর্যবেক্ষণ
ಮೇಲ್ವಿಚಾರಣೆ ಮತ್ತು ವಿಶ್ಲೇಷಣೆ ತಂತ್ರಗಳು,পর্যবেক্ষণ এবং বিশ্লেষণ কৌশল
ಮೇಲ್ವಿಚಾರಣೆ ಮತ್ತು ನಿಯಂತ್ರಣ,পর্যবেক্ষণ এবং নিয়ন্ত্রণ
ಮೇಲ್ವಿಚಾರಣಾ ಕೇಂದ್ರ,মনিটরিং স্টেশন
ಏಕಾಧೀನ,একরঙা
ಏಕತಾನತೆಯ ಪ್ರಸಾರ,মনোফোনিক সংক্রমণ
ಮಾರ್ಫ್,মরফ
ಮಾರ್ಫಿಂಗ್,মরফিং
ರೂಪಾಂತರ,মরফিজম
ಮೋಸನ,মোজাইক
ತಾಯಿಯ ಹಲಗೆ,মাদারবোর্ড
ಚಲನೆಯ ಪರಿಹಾರ,গতি ক্ষতিপূরণ
ಚಲನೆಯ ಅಂದಾಜು,গতি অনুমান
ಚಲನೆಯ ವೆಕ್ಟರ್,গতি ভেক্টর
ಚಲನೆಯ ವಿಡಿಯೋ,গতি ভিডিও
ಮೋಡ,মোটর
ಮೋಟಾರು ಆಯೋಜಕ,মোটর অপারেটর
ಮೋಟಾರುಕಲೆ,মোটর স্টার্টার
ಆರೋಹಿಸು,মাউন্ট
ಇಲಿ,মাউস
ಮೌಸ್ ಸಂಪರ್ಕಸಾಧನ,মাউস ইন্টারফেস
ಚಲನೆ,আন্দোলন
ಬಹು ಚಾನಲ್ ವಿಸ್ತರಣೆ,মাল্টি চ্যানেল এক্সটেনশন
ಬಹುಕಾಂತೀಯ,মাল্টিকাস্টিং
ಮಲ್ಟಿಚಾನಲ್ ಸಂಕೇತಗಳು,মাল্টিচ্যানেল সংকেত
ಬಹು ನಿರ್ಣಯದ ಮೈಕ್ರೊಫೋನ್,মাল্টিডাইরেকশনাল মাইক্রোফোন
ಬಹುಭಾಷಾ ವ್ಯಾಖ್ಯಾನ,বহুভাষিক ভাষ্য
ಮಲ್ಟಿಮೀದಿ,মাল্টিমিডিয়া
ಮಲ್ಟಿಮೀಡಿಯ ಕಿಯೋಸ್ಕ್,মাল্টিমিডিয়া কিওস্ক
ಬಹುಮಾಪಕ,মাল্টিমিটার
ಬೃಹತ್,মাল্টিথ
ಮಲ್ಟಿಪಾತ್ ಸ್ವಾಗತ,মাল্টিথ রিসেপশন
ಬಹುಕೋಶ,মাল্টিপেজ
ಬಹು,একাধিক
ಬಹು ಪ್ರವೇಶ ವ್ಯವಸ್ಥೆ,একাধিক অ্যাক্সেস সিস্টেম
ಬಹುಪರಣ,মাল্টিপ্লেক্স
ಬಹುಪಾಲು,মাল্টিপ্লেক্সার
ಬಹುವಚನ,মাল্টিপ্লেক্সিং
ಮಲ್ಟಿಸ್ಟೇಜ್ ಆಂಪ್ಲಿಫೈಯರ್,মাল্টিস্টেজ পরিবর্ধক
ಬಹುಕಾಲಕಾಯ,মাল্টিটাস্কিং
ಬಹುಕೋಬಲದವನು,মাল্টিভাইবারেটর
ಮ್ಯೂಟ್,নিঃশব্দ
ಪರಸ್ಪರ ನಡವಳಿಕೆ,পারস্পরিক আচরণ
ಪರಸ್ಪರ ಪ್ರತಿರೋಧ,পারস্পরিক প্রতিবন্ধকতা
ಪರಸ್ಪರ ಪ್ರಚೋದನೆ,পারস্পরিক আবেশাঙ্ক
ಪರಸ್ಪರ ಹಸ್ತಕ್ಷೇಪ,পারস্পরিক হস্তক্ষেপ
ನ್ಯಾನೊ ತಂತ್ರಜ್ಞಾನ,ন্যানো-টেকনোলজি
ಕಿರಿದಾದ ಪಟ್ಟಿ,সংকীর্ণ
ಕಿರಿದಾದ ಪ್ರದೇಶ,সংকীর্ণতা
ನೈಸರ್ಗಿಕ ಕರಡು,প্রাকৃতিক খসড়া
ನ್ಯಾವಿಗೇಟರ್,নেভিগেটর
ಋಣಾತ್ಮಕ,নেতিবাচক
ನಕಾರಾತ್ಮಕ ಪಕ್ಷಪಾತ,নেতিবাচক পক্ষপাত
ನಕಾರಾತ್ಮಕ ಶುಲ್ಕ,নেতিবাচক চার্জ
ನಕಾರಾತ್ಮಕ ಪ್ರತಿಕ್ರಿಯೆ,নেতিবাচক প্রতিক্রিয়া
ನಕಾರಾತ್ಮಕ ಶಿಖೆ,নেতিবাচক শিখর
ನಕಾರಾತ್ಮಕ ಪ್ರತಿರೋಧ,নেতিবাচক প্রতিরোধ
ನಿವ್ವಳ ಲಾಭ,নেট লাভ
ನಿವ್ವಳ ನಷ್ಟ,নেট ক্ষতি
ಸಜ್ಜು,নেটটিকেট
ಜಾಲ,অন্তর্জাল
ನೆಟ್ವರ್ಕ್ ವಿಶ್ಲೇಷಕ,নেটওয়ার্ক বিশ্লেষক
ನೆಟ್ವರ್ಕ್ ಫೈಲ್ ವ್ಯವಸ್ಥೆಯಲ್ಲಿ,নেটওয়ার্ক ফাইল সিস্টেম
ನೆಟ್ವರ್ಕ್ಯ ಯೋಜನೆ,নেটওয়ার্ক পরিকল্পনা
ನೆಟ್ವರ್ಕ್ ಮುಕ್ತಾಯ,নেটওয়ার্ক সমাপ্তি
ಜಾಲ,নেটওয়ার্কিং
ತಟಸ್ಥ,নিরপেক্ষ
ತಟಸ್ಥಗೊಳಿಸುವ,নিরপেক্ষ
ಸುದ್ದಿ ಕೊಠಡಿ ಯಾಂತ್ರೀಕೃತಗೊಂಡ,নিউজ রুম অটোমেশন
ಚಾಚು,নিবল
ಗೂಡು,কুলুঙ্গি
ಲೋಡ್ ಪರೀಕ್ಷೆ ಇಲ್ಲ,কোনও লোড পরীক্ষা নেই
ತಪಾಸಣೆ,নোড
ಶಬ್ದ,শব্দ
ಶಬ್ದ,শব্দ চিত্র
ಶಬ್ದ ಫಿಲ್ಟರ್,শব্দ পরিশোধন
ಶಬ್ದ ನೆಲ,শব্দ মেঝে
ಶಬ್ದ,শব্দ গেট
ಶಬ್ದ -ವಿನಾಯಿತಿ,গোলমাল অনাক্রম্যতা
ಶಬ್ದ ಕೊಲೆಗಾರ,শব্দ কিলার
ಶಬ್ದ ಮಟ್ಟ,শব্দ স্তর
ಶಬ್ದ,শব্দ শক্তি
ಶಬ್ದ ಆಕಾರದ ಪರಿಮಾಣ,শব্দ শেপিং কোয়ান্টাইজার
ಶಬ್ದ ಮೂಲ,শব্দ উত্স
ಶಬ್ದ ನಿಗ್ರಹ ಸರ್ಕ್ಯೂಟ್,শব্দ দমন সার্কিট
ಶಬ್ದ,শব্দ দমনকারী
ಉಷ್ಣ,শব্দের তাপমাত্রা
ಉಷ್ಣ,শব্দের তাপমাত্রা
ಶಬ್ದ ತ್ರಿಕೋನ,শব্দ ত্রিভুজ
ಶಬ್ದ -ವೋಲ್ಡೆ,শব্দ ভোল্টেজ
ನಿಷ್ಕಪಟ,গোলমাল
ಶಬ್ದರಹಿತ ಕೋಡಿಂಗ್,শোনা যায় না কোডিং
ಗದ್ದಲ ಸ್ವಾಗತ,গোলমাল অভ্যর্থনা
ನಾಮಮಾತ್ರ ಬಳಸಬಹುದಾದ ಕ್ಷೇತ್ರ ಶಕ್ತಿ,নামমাত্র ব্যবহারযোগ্য ক্ষেত্র শক্তি
ನಿರ್ದೇಶನವಲ್ಲದ ಮೈಕ್ರೊಫೋನ್,নন-ডাইরিসিটোনাল মাইক্রোফোন
ಸಿಕ್ಕಿಹಾಕಿಕೊಳ್ಳದ ಭಾರ,অ-প্ররোচিত লোড
ಸಿಕ್ಕಿಹಾಕಿಕೊಳ್ಳದ ಪ್ರತಿರೋಧ,অ-প্ররোচিত প্রতিরোধ
ಸೈನೋಸಾಯ್ಡಲ್ ತರಂಗ,অ-সিনোসয়েডাল তরঙ্গ
ಬಾಷ್ಪಶೀಲವಲ್ಲದ ಸ್ಮರಣೆ,অনুদ্বায়ী মেমরি
ಅಥವಾ ಗೇಟ್,না গেট
ಸಾಮಾನ್ಯ ವೇಗ,সাধারণ গতি
ಸಾಮಾನ್ಯ ಪೂರೈಕೆ,সাধারণ সরবরাহ
ಕುಡಿದಿರುವಿಕೆ,খাঁজ
ನಾಚ್ ಫಿಲ್ಟರ್,খাঁজ ফিল্টার
ಸಂಖ್ಯಾತ್ಮಕ,সংখ্যাসূচক
ಸಂಖ್ಯಾತ್ಮಕವಾಗಿ ನಿಯಂತ್ರಿತ ಆಂದೋಲಕ,সংখ্যাগতভাবে নিয়ন্ত্রিত দোলক
ಅಡಿಕೆ,বাদাম বোল্ট
ನೈಕ್ವಿಸ್ಟ್-ಶಾನನ್ ಪ್ರಮೇಯ,Nyquist-শ্যানন উপপাদ্য
ವಸ್ತು ಆಧಾರಿತ,অবজেক্ট ওরিয়েন্টেড
ಅಷ್ಟಾಲದ,অক্টাল
ಆವರ್ತನದ ಆಕ್ಟೇವ್,ফ্রিকোয়েন্সি অষ্টভ
ಅಷ್ಟೇಟು,অক্টেট
ಆಫ್-ಲೈನ್,অফ-লাইন
ಸರಿದೂಗಿಸು,অফসেট
ಓಮ್,ওহম
ಓಮ್ ಮೀಟರ್,ওহম মিটার
ತೈಲ ಸರ್ಕ್ಯೂಟ್ ಬ್ರೇಕರ್,তেল সার্কিট ব্রেকার
ತೈಲ ಶೋಧಕ,তেলের ছাঁকনি
ಎಣ್ಣೆ ಮುಳುಗಿರುವ,তেল নিমগ্ন
ತೈಲ ಮಟ್ಟದ ಮಾಪಕ,তেল স্তর গেজ
ಓಮ್ನಿ-ದಿಕ್ಕಿನ ಆಂಟೆನಾ,ওমনি-দিকনির্দেশক অ্যান্টেনা
ಓಮ್ನಿ-ದಿಕ್ಕಿನ ಮೈಕ್ರೊಫೋನ್,ওমনি-দিকনির্দেশক মাইক্রোফোন
ಬೇಡಿಕೆಯಮೇರೆಗೆ,চাহিদা সাপেক্ষে
ಬೇಡಿಕೆಯ ಸ್ಟ್ರೀಮಿಂಗ್,অন-ডিমান্ড স্ট্রিমিং
ಆನ್‌ಲೈನ್ (ಆನ್‌ಲೈನ್),অন-লাইন (অনলাইন)
ಆನ್‌ಲೈನ್ ವಿಶ್ಲೇಷಣಾತ್ಮಕ ಪ್ರಕ್ರಿಯೆ,অনলাইন বিশ্লেষণাত্মক প্রক্রিয়াজাতকরণ
ಪ್ರಾರಂಭ,অন-অফ
ಆನ್-ಆಫ್ ಕೀಯಿಂಗ್ ಮಾಡ್ಯುಲೇಷನ್,অন-অফ কীইং মড্যুলেশন
ಓಪನೆ ಸರ್ಕ್ಯೂಟ್,খণ্ডিত বর্তনী
ಮುಕ್ತ ಸಂಪನ್ಮೂಲ,মুক্ত উৎস
ತೆರೆದ ವ್ಯವಸ್ಥೆಯ,মুক্ত ব্যবস্থা
ಕಾರ್ಯಾಚರಣಾ ಆವರ್ತನ,অপারেটিং ফ্রিকোয়েন্সি
ಕಾರ್ಯಾಚರಣಾ ವ್ಯವಸ್ಥೆ,অপারেটিং সিস্টেম
ಕಾರ್ಯಾಚರಣೆ,অপারেশন
ನಿರ್ವಾಹಕ,অপারেটর
ದ್ಯುತಿಕಾರಿ,অপটিকাল ফাইবার
ದೃಗ್ಕ ಆವರ್ತನ,অপটিক্যাল ফ্রিকোয়েন্সি
ದ್ಯುತಿ ಕಡಿತ,অপটিক্যাল হ্রাস
ದೃಷ್ಟಿಹಯ,অপটিক্যাল রেজোলিউশন
ದೃಗಶ್ಯಿಯುತ ಟ್ರ್ಯಾಕ್,অপটিক্যাল ট্র্যাক
ಆಪ್ಟಿಮಮ್ ವರ್ಕಿಂಗ್ ಆವರ್ತನ,সর্বোত্তম কাজের ফ্রিকোয়েন্সি
ದೌಜಿ,অপ্টোকুপলার
ದಿಕ್ಚ್ಯೆ,অপটোলেক্ট্রনিক্স
ಅಥವಾ ಗೇಟ್,বা গেট
ಕಕ್ಷೆ,কক্ষপথ
ಆಂದೋಲಕ,দোলক
ದೋಲಲೇಖ,অসিলগ্রাম
ದೋಲಲೇಖಿ,অসিলোগ্রাফ
ದೋಲದರ್ಶಕ,অসিলোস্কোপ
ಹೊರಗಿನ ಇಂಟರ್ಲೀವರ್,বাইরের ইন্টারলিভার
ಹೊರಹೋಗುವ ಫೀಡರ್,বহির্গামী ফিডার
ಉತ್ಪಾದನೆ,আউটপুট
Output ಟ್ಪುಟ್ ಮಟ್ಟ,আউটপুট স্তর
Output ಟ್ಪುಟ್ ಮೀಟರ್,আউটপুট মিটার
ಟ್ರಾನ್ಸ್‌ಪುಟ್ ಪರಿವರ್ತಕ,আউটপুট ট্রান্সফর্মার
ಕವಾಟ,আউটপুট ভালভ
ತರಂಗ ರೂಪ,আউটপুট তরঙ্গরূপ
ಹೊರಗಿನ ಪ್ರಸಾರ (ಒಬಿ),বাইরের সম্প্রচার (ওবি)
ಒಲೆ,চুলা
ಓವರ್ ಕಪ್ಲಿಂಗ್,ওভার কাপলিং
ಹೆಚ್ಚು ಮಾಡ್ಯುಲೇಷನ್,ওভার মড্যুলেশন
ವೋಲ್ಟೇಜ್,ভোল্টেজ ওভার
ಒಟ್ಟಾರೆ ಅಟೆನ್ಯೂಯೇಷನ್,সামগ্রিক মনোযোগ
ಒಟ್ಟಾರೆ ಪ್ರಸಾರ ವಿಶ್ವಾಸಾರ್ಹತೆ,সামগ্রিক সম্প্রচার নির্ভরযোগ্যতা
ಒಟ್ಟಾರೆ ದಕ್ಷತೆ,সামগ্রিক যোগ্যতা
ಒಟ್ಟಾರೆ ಸ್ವಾಗತ ವಿಶ್ವಾಸಾರ್ಹತೆ,সামগ্রিক অভ্যর্থনা নির্ভরযোগ্যতা
ಒಟ್ಟಾರೆ ಪ್ರತಿಕ್ರಿಯೆ,সামগ্রিক প্রতিক্রিয়া
ಒಟ್ಟಾರೆ ವ್ಯವಸ್ಥೆ,সামগ্রিক সিস্টেম
ಅತಿಯಾದ ಕುಶಲ,ওভারডাবিং
ಮೇಲಾಧಿಪತಿ ರೇಖೆ,ওভারহেড লাইন
ಮೇಲಂಗಿಯ ತಂತಿ,ওভারহেড তার
ಮಿತಿಮೀರಿದ ಹೊರೆ,ওভারলোড
ಓವರ್‌ಲೋಡ್ ಸಂರಕ್ಷಣಾ ಸಾಧನಗಳು,ওভারলোড সুরক্ষা ডিভাইস
ಓವರ್ಲೋಡ್ ಟ್ರಿಪ್,ওভারলোড ট্রিপ
ಅತಿಯಾಗಿ ಸ್ಯಾಲ್ಪ್ಲಿಂಗ್,ওভারস্যাম্পলিং
ಕಟ್ಟಿ ಇಡುವುದು,প্যাকড
ಪ್ಯಾಕೆಟ್ ಸ್ವಿಚಿಂಗ್,প্যাকেট স্যুইচিং
ಪ್ಯಾಕೆಟೀಕರಣ,প্যাকেটাইজেশন
ಸಜ್ಜುಗೊಳಿಸಿದ,প্যাকেটাইজড
ಚೂರು,প্যাড
ಚಿರತೆ,পেজিং
ಪ್ಯಾನ್ ಪರದೆ,প্যান স্ক্রিন
ಫಲಕ,প্যানেল
ಹತೋಟಿ,প্যানিং
ದೃಶ್ಯಾವಳಿ,প্যানোরামা
ಅ ೦ ಗಡಿ,প্যারাবোলিক মাইক্রোফোন
ಮಾದರಿ ಬದಲಾವಣೆ,দৃষ্টান্ত শিফট
ವಿರೋಧಾಭಾಸದ,প্যারাডক্স
ಸಮಾನಾಂತರ ಬಂದರು,সমান্তরাল পোর্ট
ನಿಯತಾಂಕ,প্যারামিটার
ಪರಾವಲಂಬಿ ನಷ್ಟ,পরজীবী ক্ষতি
ಪರಾವಲಂಬಿ ಆಂದೋಲನ,পরজীবী দোলন
ಪ್ಯಾರಿಟಿ ಬಿಟ್,সমতা বিট
ಸಮಾನತೆ ಪರೀಕ್ಷೆ,সমতা পরীক্ষা
ಕಸಕ,পার্সেক
ಭಾಗಶಃ ನಿರ್ಣಯ,আংশিক রেজোলিউশন
ಪಾರ,পাসব্যান্ড
ನಿಷ್ಕ್ರಿಯ,প্যাসিভ
ನಿಷ್ಕ್ರಿಯ ಜಾಲ,প্যাসিভ নেটওয়ার্ক
ಗುಪ್ತಪದ,পাসওয়ার্ড
ತೇಪೆ,প্যাচ
ತಿರಸ್ಕಾರ,প্যাচ কর্ড
ಮಾರ್ಗ,পথ ক্ষতি
ಮಾದರಿ,প্যাটার্ন
ಪಳಗ,পে -লোড
ಶಿಖರ ಎತ್ತರ,পিক উচ্চতা
ಗರಿಷ್ಠ ಆನೋಡ್ ಪ್ರವಾಹ,পিক অ্যানোড কারেন্ট
ಶಿಖರ ಮಿತಿ,পিক সীমাবদ্ধ
ಶಿಖರ ಹೊರೆ,শীর্ষ লোড
ಶಿಖರ ಮೌಲ್ಯ,সর্বোচ্চ মূল্য
ಉತ್ತುಂಗ,পিকিং
ಶಿಖರದಿಂದ ಗರಿಷ್ಠ ವೋಲ್ಟೇಜ್,পিক-টু-পিক ভোল্টেজ
ಪೀರ್ ಟು ಪೀರ್,পিয়ার-টু-পিয়ার
ಗ್ರಹಣದ ಮಾದರಿ,উপলব্ধি মডেল
ಗ್ರಹಣ ಮಾದರಿ,উপলব্ধি মডেল
ಪ್ರದರ್ಶನ,কর্মক্ষমতা
ಪಳಗಿಸುವ,পেরিগি
ಆವರ್ತಕ ಪರೀಕ್ಷೆ,পর্যায়ক্রমিক পরীক্ষা
ಬಾಹ್ಯ,পেরিফেরাল
ಹೊರಚರ್ಮಗಳು,পেরিফেরালস
ಪ್ರವೇಶಸಾಧ್ಯತೆ,ব্যাপ্তিযোগ্যতা
ಅನುಮತಿಸುವಿಕೆ,অনুমতি
ಫ್ಯಾಂಟಮ್ ವಿದ್ಯುತ್ ಸರಬರಾಜು,ফ্যান্টম পাওয়ার সাপ্লাই
ಹಂತ,পর্যায়
ಹಂತ ಬದಲಾವಣೆಯ ರೇಖೆ,পর্যায় পরিবর্তন লাইন
ಹಂತ ಹೋಲಿಕೆ,ফেজ তুলনামূলক
ಹಂತ ವಿಳಂಬ,পর্যায় বিলম্ব
ಹಂತ ತಾರತಮ್ಯ,পর্যায় বৈষম্যমূলক
ಹಂತ ಲಾಕ್ ಲೂಪ್ ಆವರ್ತನ ಸಿಂಥಸೈಜರ್,ফেজ লকড লুপ ফ্রিকোয়েন্সি সিনথেসাইজার
ಹಂತಪಶುತೆ,ফেজ মডুলেশন
ಹಂತ ಹಿಮ್ಮುಖ,ফেজ রিভার্সাল
ಹಂತದ ಶಿಫ್ಟ್ ಕೀಯಿಂಗ್,ফেজ শিফট কীিং
ಕನ್ಸೋಲ್‌ನಲ್ಲಿ ಫೋನ್,কনসোলে ফোন
ಪ್ರೋಗ್ರಾಂನಲ್ಲಿ ಫೋನ್,প্রোগ্রামে ফোন
ಭೌತಿಕ ಪದರ,পদার্থের স্তর
ಚಿತ್ರಾತ್ಮಕ,চিত্রযুক্ত
ಪೈಜೋಲಿಯೆಕ್ಟ್ರಿಕ್,পাইজোইলেক্ট্রিক
ಪ್ರಾಯೋಗಿಕ ಉತ್ಪಾದಕ,পাইলট জেনারেটর
ಪೈಲಟ್ ಸಂಕೇತ,পাইলট সিগন্যাল
ಪ್ರಾಯೋಗಿಕ ಸ್ವರ,পাইলট টোন
ಕಡಲ್ಗಳ್ಳತನ,জলদস্যুতা
ಪಟ್ಟು,পিচ
ಒಂದು ಬಗೆಯ ಉಗುರು,পিক্সেল
ಬಿಲ್ಲೆ,পিক্সেলাইজেশন
ಸಸ್ಯ,উদ্ভিদ
ಚಾಚು,প্লাজমা
ವೇದಿಕೆ,প্ল্যাটফর্ম
ಮತ್ತೆ ಪ್ಲೇ ಮಾಡಿ,পিছনে খেলুন
ಬ್ಯಾಕ್ ಆಂಪ್ಲಿಫೈಯರ್ ಅನ್ನು ಪ್ಲೇ ಮಾಡಿ,এমপ্লিফায়ার পিছনে খেলুন
ಹಿಂಭಾಗವನ್ನು ಪ್ಲೇ ಮಾಡಿ,পিছনে মাথা খেলুন
ಪ್ಲೇಪಿಸು,প্লেলিস্ট
ಆಟವಾಡು,প্লেআউট
ಸಂಚಾರಿ,চক্রান্তকারী
ಮೊಳಕೆ,প্লাগ
ನ್ಯೂಮ್ಯಾಟಿಕ್ ನಿಯಂತ್ರಣ ವ್ಯವಸ್ಥ,বায়ুসংক্রান্ত নিয়ন্ত্রণ ব্যবস্থা
ಧ್ರುವೀಕರಣ,মেরুকরণ
ಧ್ರುವೀಯತೆ,মেরুতা
ಬಹುಭುಜಾಕೃತಿ,বহুভুজ
ಬಹುಪದಕ್ಕೆ ಸಂಬಂಧಿಸಿದ,বহুবর্ষ
ಪಾಲಿಫೇಸ್ ಫಿಲ್ಟರ್ ಬ್ಯಾಂಕ್,পলিফেজ ফিল্টার ব্যাংক
ಮುಖಮಂಟಪ,বারান্দা
ಸರಂಧ್ರ ಹೀರುವ,ছিদ্রযুক্ত শোষণকারী
ಬಂದರು,বন্দর
ಧನಾತ್ಮಕ ಶಿಖೆ,ইতিবাচক শিখর
ಪೋಸ್ಟ್ ಸಿಂಕ್ರೊನೈಸೇಶನ್,পোস্ট সিঙ্ক্রোনাইজেশন
ಒಂದು ತತ್ತ್ವ ಮಾಪಕ,পেন্টিওমিটার
ಅಧಿಕಾರ,শক্তি
ವಿದ್ಯುತ್ ವರ್ಧಕ,শক্তি বিবর্ধক
ಶಕ್ತಿ ಸಂಯೋಜನೆ,শক্তি সংমিশ্রণ
ವಿದ್ಯುತ್ ಬಳಕೆಯನ್ನು,শক্তি খরচ
ವಿದ್ಯುತ್ ನಿಯಂತ್ರಣ,ক্ষমতা নিয়ন্ত্রণ
ವಿದ್ಯುತ್ ಸಾಂದ್ರತೆ,শক্তি ঘনত্ব
ವಿದ್ಯುತ್ ವಿತರಣೆ,বিদ্যুৎ বিতরণ
ವಿದ್ಯುತ್ ವೈಫಲ್ಯ,শক্তি ব্যর্থতা
ಅಧಿಕಾರ ಲಾಭ,বিদ্যুৎ লাভ
ವಿದ್ಯುತ್ ಸೂಚಕ,ক্ষমতা সূচক
ಶಕ್ತಿ ಸಂಪರ್ಕ,পাওয়ার ইন্টারফেস
ವಿದ್ಯುತ್ ಸರಬರಾಜು,বিদ্যুৎ সরবরাহ
ವಿದ್ಯುತ್ ಸರಬರಾಜು,বিদ্যুৎ সরবরাহ- স্কিম্যাটিক
ವಿದ್ಯುತ್ ಸ್ವಿಚ್,পাওয়ার সুইচ
ವಿದ್ಯುತ್ ಪರಿವರ್ತಕ,পাওয়ার ট্রান্সফর্মার
ಆದ್ಯತೆಯ ಪರಿಣಾಮ,অগ্রাধিকার প্রভাব
ಮುನ್ಸೂಚಕ ಕೋಡಿಂಗ್,ভবিষ্যদ্বাণীমূলক কোডিং
ಒತ್ತು,প্রাক-জোর
ಪೂರ್ವ ಸಂಕಟ,প্রাক-মিশ্রণ
ಮೊದಲೇ ರೆಕಾರ್ಡ್ ಮಾಡಿದ,প্রাক-রেকর্ড করা
ಸಂರಕ್ಷಣೆ,সংরক্ষণ
ಬಟನ್ ಒತ್ತಿರಿ,প্রেস বাটন
ಒತ್ತಡ ಪರೀಕ್ಷೆ,চাপ পরীক্ষা
ಪ್ರಾಥಮಿಕ ಬಣ್ಣ,প্রাথমিক রঙ
ಪ್ರಾಥಮಿಕ ಪ್ರಸಾರ,প্রাথমিক কভারেজ
ಪ್ರಾಚೀನ ಬಹುಪದ,আদিম বহুবর্ষ
ಮುದ್ರಿತ ಸರ್ಕ್ಯೂಟ್ ಬೋರ್ಡ್ (ಪಿಸಿಬಿ),মুদ্রিত সার্কিট বোর্ড (পিসিবি)
ಮುದ್ರಕ,প্রিন্টার
ವಿಧಾನ,পদ্ধতি
ಪ್ರಕ್ರಿಯೆ,প্রক্রিয়া
ಸಂಸ್ಕರಣೆ,প্রক্রিয়াজাতকরণ
ಸಂಸ್ಕರಕ,প্রসেসর
ಪ್ರಚಾರ,প্রোফাইল
ಕಾರ್ಯಕ್ರಮದ ಮಲ್ಟಿಪ್ಲೆಕ್ಸಿಂಗ್,প্রোগ্রাম মাল্টিপ্লেক্সিং
ಕಾರ್ಯಕ್ರಮ (ಕಾರ್ಯಕ್ರಮ),প্রোগ্রাম (প্রোগ্রাম)
ಪ್ರಾಂತ್ಯ,প্রোগ্রামার
ಯೋಜನಾ ನಿರ್ವಹಣೆ,প্রকল্প পরিচালনা
ಪ್ರಸರಣ,বিস্তার
ಪ್ರಸರಣ,প্রচার
ರೇಡಿಯೋ ತರಂಗಗಳ ಪ್ರಸರಣ,রেডিও তরঙ্গ প্রচার
ಪ್ರಸರಣ ಕರ್ವ್,প্রচার বক্ররেখা
ಆಸ್ತಿ,সম্পত্তি
ಅನುಪಾತಕ್ಕೆ ಸಂಬಂಧಿಸಿದ,সমানুপাতিক
ಸಂರಕ್ಷಣಾ ಅನುಪಾತ,সুরক্ষা অনুপাত
ರಕ್ಷಣಾತ್ಮಕ ರಿಲೇ,প্রতিরক্ষামূলক রিলে
ಶಿಷ್ಟಾಚಾರ,প্রোটোকল
ಮೂಲಮಾದರಿ,প্রোটোটাইপ
ಪ್ರಾಕ್ಸಿ ಸರ್ವರ್,প্রক্সি সার্ভার
ಆತ್ಮಕೌತೀಯ ಕೋಡರ್,সাইকোএকৌস্টিক কোডার
ಆತ್ಮಕಥಿತಿಯ ಕ್ರಮ,সাইকোএকৌস্টিক মোড
ಮಾನಸಿಕ -ವ್ಯಾಪ್ತಿಯ ಮಾದರಿ,সাইকোএকৌস্টিক মডেল
ಮಾನಸಿಕ -ವಿದ್ಯಮಾನ,সাইকোঅ্যাকোস্টিক ঘটনা
ಮಾನಸಿಕವಾದ,সাইকোঅ্যাকস্টিকস
ಸೈಕೋಮೆಟ್ರಿಕ್ ಚಾರ್ಟ್,সাইকোমেট্রিক চার্ট
ಸಾರ್ವಜನಿಕ ವಿಳಾಸ ಆಂಪ್ಲಿಫಯರ್,পাবলিক ঠিকানা পরিবর্ধক
ಸಾರ್ವಜನಿಕ ಪ್ರಸಾರ,পাবলিক ব্রডকাস্টার
ನಾಡಿಮಿಡಿತ,স্পন্দন
ನಾಡಿ ಕೋಡ್ ಮಾಡ್ಯುಲೇಷನ್,পালস কোড মডুলেশন
ನಾಡಿ ಉತ್ಪಾದಕ,নাড়ি জেনারেটর
ನಾಡಿ ಮಾಡ್ಯುಲೇಷನ್,নাড়ি মডুলেশন
ನಾಡಿ ಏರಿಕೆ ಸಮಯ,নাড়ি বৃদ্ধির সময়
ನಾಡಿ ಅಗಲ,নাড়ির প্রস্থ
ಪಂಚ್ಡ್ ಕಾರ್ಡ್,পাঞ্চ কার্ড
ಪಂಕಾಗುವಿಕೆ,পাঙ্কচারিং
ಒತ್ತಿ ಬಟನ್,বোতাম চাপা
ಪುಲ್ ಪುಲ್ ಪವರ್ ಆಂಪ್ಲಿಫಯರ್,পুশ পুল পাওয়ার এমপ্লিফায়ার
ಚತುರ್ಭುಜದ,চতুর্ভুজ
ಚತುಷ್ಕೋನ,চতুর্ভুজ
ಗುಣಮಟ್ಟ,গুণ
ಗುಣಮಟ್ಟ ನಿಯಂತ್ರಣ,মান নিয়ন্ত্রণ
ಗುಣಮಟ್ಟದ ಕಾರಣ,মানের ফ্যাক্টর
ಪ್ರಮಾಣ,পরিমাণ
ಪ್ರಮಾಣೀಕರಣ,কোয়ান্টাইজেশন
ಪ್ರಮಾಣೀಕರಣ ದೋಷ,কোয়ান্টাইজেশন ত্রুটি
ಪ್ರಮಾಣೀಕರಣ,কোয়ান্টাইজিং
ತಣಿಸು,শোধন
ವಿಕಿರಣ ಶಕ್ತಿ,বিকিরিত শক্তি
ವಿಕಿರಣ,বিকিরণ
ವಿಕಿರಣ ದಕ್ಷತೆ,বিকিরণ দক্ষতা
ರೇಡಿಯೋ,রেডিও
ರೇಡಿಯೋ ಚಟುವಟಿಕೆ ಅಪಾಯಗಳು,রেডিও ক্রিয়াকলাপের ঝুঁকি
ರೇಡಿಯೋ ಖಗೋಳವಿಜ್ಞಾನ,রেডিও জ্যোতির্বিজ্ঞান
ರೇಡಿಯೋ ಆವರ್ತನ,বেতার কম্পাঙ্ক
ರೇಡಿಯೋ ಆವರ್ತನ (ಆರ್ಎಫ್) ಡ್ರೈವ್,রেডিও ফ্রিকোয়েন্সি (আরএফ) ড্রাইভ
ರೇಡಿಯೋ ಆವರ್ತನ (ಆರ್ಎಫ್) ಫೀಡರ್,রেডিও ফ্রিকোয়েন্সি (আরএফ) ফিডার
ರೇಡಿಯೋ ಆವರ್ತನ (ಆರ್ಎಫ್) ಆಂದೋಲಕ,রেডিও ফ্রিকোয়েন্সি (আরএফ) দোলক
ರೇಡಿಯೋ ಆವರ್ತನ (ಆರ್ಎಫ್) ಸಿಂಥಸೈಜರ್,রেডিও ফ্রিকোয়েন্সি (আরএফ) সিনথেসাইজার
ರೇಡಿಯೋ ಹಸ್ತಕ್ಷೇಪ,রেডিও হস্তক্ষেপ
ರೇಡಿಯೋ ಸ್ಥಳ,রেডিও অবস্থান
ರೇಡಿಯೋ ನೆಟ್‌ವರ್ಕಿಂಗ್ (ಆರ್ಎನ್) ಚಾನಲ್,রেডিও নেটওয়ার্কিং (আরএন) চ্যানেল
ರೇಡಿಯೋ ಪ್ರಸರಣ ಮಾಧ್ಯಮ,রেডিও প্রচারের মাধ্যম
ರೇಡಿಯೋ ರಿಸೀವರ್,রেডিও রিসিভার
ರೇಡಿಯೋ ನಿಯಮಗಳು,রেডিও বিধিমালা
ರೇಡಿಯೋ,রেডিও সংকেত
ರೇಡಿಯೋ ವರ್ಣಪಟಲ,রেডিও বর্ণালী
ರೇಡಿಯೋ ಟ್ರ್ಯಾಕಿಂಗ್,রেডিও ট্র্যাকিং
ರೇಡಿಯೋ ಪ್ರಸಾರ,রেডিও ট্রান্সমিটার
ರೇಡಿಯೋ ತರಂಗ,বেতার তরঙ্গ
ತ್ರಿಜ್ಯ,ব্যাসার্ধ
ಇಳಿಜಾರು,র‌্যাম্প
ಯಾದೃಚ್ randomಿಕ,এলোমেলো
ಯಾದೃಚ್ dataತ,এলোমেলো ডেটা
ಯಾದೃಚ್ om ಿಕ ದೋಷ,ক্রমাগত ত্রুটি
ಯಾದೃಚ್ om ಿಕ ಏರಿಳಿತಗಳು,এলোমেলো ওঠানামা
ವ್ಯಾಪ್ತಿ,পরিসীমা
ಕವೆಗಿಳ,রাস্টার
ರಾಸ್ಟರ್ ಇಮೇಜ್ ಫಾರ್ಮ್ಯಾಟ್,রাস্টার ইমেজ ফর্ম্যাট
ದರ ನಿಯಂತ್ರಣ,হার নিয়ন্ত্রণ
ಬದಲಾವಣೆಯ ದರ,পরিবরতনের হার
ರೇಟ್ ಮಾಡಲಾದ ಸಾಮರ್ಥ್ಯ,ক্ষমতার বিপরিতে
ರೇಟ್ ಮಾಡಿದ ಕುದುರೆ ಶಕ್ತಿ,রেটেড ঘোড়া শক্তি
ಸಾಮರ್ಥ್ಯ ಧಾರಣೆ,হারের ক্ষমতা
ರೇಟಿಂಗ್,রেটিং
ಆರ್-ಸಿ ಜೋಡಣೆ,আর-সি কাপলিং
ಪ್ರತಿಕ್ರಿಯೆ,প্রতিক্রিয়া
ಪ್ರತಿಕ್ರಿಯೆ,প্রতিক্রিয়া
ಪ್ರತಿಕ್ರಿಯಾತ್ಮಕ ಅಂಶ,প্রতিক্রিয়াশীল উপাদান
ಪ್ರತಿಕ್ರಿಯಾತ್ಮಕ ಹೊರೆ,প্রতিক্রিয়াশীল লোড
ಕಾರಕ ಎಚ್ಚಣೆ,রিএজেন্ট এচিং
ನೈಜ ಸಮಯದ ಪ್ರಸರಣ,রিয়েল টাইম ট্রান্সমিশন
ಮತ್ತೆ,পুনরায় প্রচার
ರವಾನೆಗಾರ,রিসিভার
ಆಂಟೆನಾವನ್ನು ಸ್ವೀಕರಿಸಲಾಗುತ್ತಿದೆ,অ্যান্টেনা গ্রহণ
ಸ್ವೀಕರಿಸುವ ಕೇಂದ್ರ,গ্রহণ কেন্দ্র
ಆರತಕ್ಷತೆ,অভ্যর্থনা
ಸ್ವಾಗತ ವರದಿ,অভ্যর্থনা প্রতিবেদন
ಸ್ವಾಗತ ಸಮೀಕ್ಷೆ,অভ্যর্থনা জরিপ
ಪರಸ್ಪರ ಸಂಬಂಧ,পারস্পরিক
ಪುನರ್ನಿರ್ಮಾಣ ಫಿಲ್ಟರ್,পুনর্গঠন ফিল্টার
ದಾಖಲಾತ,রেকর্ডযোগ্য
ದಾಖಲಾದ,নথিভুক্ত
ರೆಕಾರ್ಡರ್,রেকর্ডার
ರೆಕಾರ್ಡಿಂಗ್,রেকর্ডিং
ರೆಕಾರ್ಡಿಂಗ್ ಬೂತ್,রেকর্ডিং বুথ
ರೆಕಾರ್ಡಿಂಗ್ ತಲೆ,রেকর্ডিং মাথা
ಡಿಸ್ಕ್ನಲ್ಲಿ ರೆಕಾರ್ಡಿಂಗ್,ডিস্কে রেকর্ডিং
ರೆಕಾರ್ಡಿಂಗ್ ಸ್ಥಳ,রেকর্ডিং রুম
ರೆಕಾರ್ಡಿಂಗ್ ವ್ಯವಸ್ಥೆ,রেকর্ডিং সিস্টেম
ರೆಕಾರ್ಡಿಂಗ್ ಟೇಪ್,রেকর্ডিং টেপ
ಸರಿಪಡಿಸುವುದು,সংশোধন
ಸರಿಪಡಿಸಿದ ಸಂಕೇತ,সংশোধন সংকেত
ಸರಿಪಡಿಸುವವನು,সংশোধনকারী
ಮರುಕಳಿಸು,পুনর্ব্যবহার
ಪುನರುಕ್ತಿ,অপ্রয়োজনীয়তা
ಅನಗತ್ಯ,অপ্রয়োজনীয়
ಅನಗತ್ಯ ಅಂಶ,অপ্রয়োজনীয় উপাদান
ಮತ್ತೆ ಎಂಜಿನಿಯರಿಂಗ್,পুনরায় ইঞ্জিনিয়ারিং
ಪುನಸ್ಸಂಯೋಜನೆ,পুনরায় এনলার্জমেন্ট
ಉಲ್ಲೇಖ ಆವರ್ತನ,রেফারেন্স ফ্রিকোয়েন্সি
ಉಲ್ಲೇಖ ಮೌಲ್ಯ,সটোিস
ಪ್ರತಿಬಿಂಬಿಸುವ ಪದರ,স্তর প্রতিফলিত
ಮಧ್ಯಮವನ್ನು ಪ್ರತಿಬಿಂಬಿಸುತ್ತದೆ,প্রতিফলন মাধ্যম
ಮೇಲ್ಮೈ ಪ್ರತಿಬಿಂಬಿಸುತ್ತದೆ,পৃষ্ঠ প্রতিফলিত
ಪ್ರತಿಫಲನ,প্রতিচ্ছবি
ಪ್ರತಿಫಲಕ,প্রতিফলক
ಆಂಟೆನಾಕ್ಕಾಗಿ ಪ್ರತಿಫಲಕ,অ্যান্টেনার জন্য প্রতিফলক
ವಕ್ರೀಕರಣ,প্রতিসরণ
ವಕ್ರೀಕರಣ ಸೂಚಿ,প্রতিসরাঙ্ক
ಶೈತ್ಯೀಕರಣ,রেফ্রিজারেশন
ಪುನರುತ್ಪಾದನೆ,পুনর্জন্ম
ನೋಂದಣಿ,নিবন্ধন
ಕವಾಟವನ್ನು ನಿಯಂತ್ರಿಸುವುದು,ভালভ নিয়ন্ত্রণ
ನಿಯಂತ್ರಣ,নিয়ন্ত্রণ
ನಿಯಂತ್ರಕ,নিয়ামক
ನಿಯಂತ್ರಕ,নিয়ন্ত্রক
ಬಲವರ್ಧನೆ,শক্তিবৃদ্ধি
ಸಂಬಂಧದ,সম্পর্কিত
ಸಾಪೇಕ್ಷ ಅನುಮತಿ,সম্পর্কিত সম্ভাব্যতা
ಪದಚ್ಯುತ,রিলে
ಪ್ರಸಾರ ಕೇಂದ್ರ,রিলে সেন্টার
ರಿಲೇ ಮಾಟಿಂಗ್,রিলে নিঃশব্দ
ರವಾನೆ ಟ್ರಾನ್ಸ್ಮಿಟರ್,রিলে ট্রান্সমিটার
ಬಿಡುಗಡೆ,মুক্তি
ಯಾವುದೇ ವೋಲ್ಟ್ ಅನ್ನು ಬಿಡುಗಡೆ ಮಾಡಿ,কোন ভোল্ট প্রকাশ করুন
ವಿಶ್ವಾಸಾರ್ಹತೆ,নির্ভরযোগ্যতা
ವಿಶ್ವಾಸಾರ್ಹ,নির্ভরযোগ্য
ದೂರವಾದ,দূরবর্তী
ದೂರ ನಿಯಂತ್ರಕ,দূরবর্তী নিয়ন্ত্রণ
ರಿಮೋಟ್ ಕಂಟ್ರೋಲ್ ಮತ್ತು ನ್ಯಾವಿಗೇಷನ್ ಸಿಸ್ಟಮ್,রিমোট কন্ট্রোল এবং নেভিগেশন সিস্টেম
ದೂರಸ್ಥ ನಿಯಂತ್ರಣ ಘಟಕ,রিমোট কন্ট্রোল ইউনিট
ದೂರಸ್ಥ ವ್ಯವಸ್ಥೆ,দূরবর্তী সিস্টেম
ದೂರದಿಂದ ನಿಯಂತ್ರಿತ ಉಪಕರಣಗಳು,দূরবর্তীভাবে নিয়ন্ত্রিত সরঞ্জাম
ಸುರುಳಿಯನ್ನು ಪುನರಾವರ್ತಿಸಿ,পুনরাবৃত্তি কয়েল
ಪುನರಾವರ್ತಕ,রিপিটার
ಬದಲಾವಣೆ,প্রতিস্থাপন
ಪುನಃ ತುಂಬಿಸುವುದು,পুনরায় পরিশোধ
ಪುನರುತ್ಪಾದಿಸು,পুনরুত্পাদন
ಪುನರುಜ್ಜೀವನ,প্রজনন
ಪುನರ್ನಿರ್ಮಾಣ,পুনরায় রেকর্ডিং
ಸಂಶೋಧನೆ ಮತ್ತು ಅಭಿವೃದ್ಧಿ,গবেষণা ও উন্নয়ন
ಮರುಹೊಂದಿಸು,রিসেট
ಉಳಿದಿರುವ ಪುನರ್ರಚನೆ,অবশিষ্টাংশের পুনরুত্থান
ಶೇಷ,অবশিষ্টাংশ
ಪ್ರತಿರೋಧ,প্রতিরোধ
ಪ್ರತಿರೋಧ ಹೊರೆ,প্রতিরোধের লোড
ಪ್ರತಿರೋಧಕ,প্রতিরোধক
ಪರಿಹಲನ,রেজোলিউশন
ಅನುರಣನ,অনুরণন
ಅನುರಣನ ಆವರ್ತನ,অনুরণন ফ্রিকোয়েন্সি
ಅನುರಣಿಸುವ,অনুরণন
ಅನುರಣನ ರೇಖೆ,অনুরণন লাইন
ಪ್ರತಿಧ್ವನಕ,রেজোনেটর
ಸಂಪುಟ,সংস্থান
ಸಂಪನ್ಮೂಲ ಹಂಚಿಕೆ,রিসোর্স শেয়ারিং
ಸ್ಪಂದಿಸುವ ಅವಧಿ,প্রতিক্রিয়া সময়
ಪ್ರತಿಕ್ರಿಯೆ,প্রতিক্রিয়া
ಪುನಃಸ್ಥಾಪನೆ,পুন: প্রতিষ্ঠা
ಪರಿಣಾಮವಾಗಿ,ফলাফল
ಧಾರಣ,ধরে রাখা
ಪುನಃ ಪ್ರಸಾರ,Retransmission
ಮರುಶಾಯನ,পুনরুদ্ধার
ಮರುಜೋಡಣೆ ಎಂಜಿನ್,পুনরুদ্ধার ইঞ্জিন
ಮರುಪ್ರಯತ್ನಿಸಿ,পুনরায় চেষ্টা করা
ಮರಳಿ,প্রত্যাবর্তন
ರಿಟರ್ನ್ ಪಥ,ফিরে পথ
ಪ್ರತಿಧ್ವನಿಸುವಿಕೆ,পুনর্বিবেচনা
ಪ್ರತಿಧ್ವನಿ ಸಮಯ,পুনর্বিবেচনার সময়
ಹಿಮ್ಮುಖ ಪಕ್ಷಪಾತದ ಡಯೋಡ್,বিপরীত পক্ষপাতদুষ্ট ডায়োড
ರಿವರ್ಸ್ ಕರೆಂಟ್,বিপরীতমুখী বিদ্যুৎ
ಸುತ್ತುವ,ঘূর্ণায়মান
ಪುನರುಜ್ಜೀವನ,রিওয়াইন্ড
ಪುನರ್ರಚಿಸಬಹುದಾದ ಫ್ಯೂಸ್,পুনঃনির্মাণ ফিউজ
ಪುನರುಜ್ಜೀವನಗೊಳಿಸುವ,পুনর্নির্মাণ
ಪುನಃ ಬರೆಯಬಲ್ಲ,পুনর্লিখনযোগ্য
ಆರ್ಎಫ್ ಡ್ರೈವ್,আরএফ ড্রাইভ
ಆರ್ಎಫ್ ಫೀಡರ್,আরএফ ফিডার
ಆರ್ಎಫ್ ಅಪಾಯಗಳು,আরএফ বিপত্তি
ಆರ್ಎಫ್ ಸಂರಕ್ಷಣಾ ಅನುಪಾತ,আরএফ সুরক্ষা অনুপাত
Rhಷಧ,রিওস্ট্যাট
ನಾರು,ফিতা
ಹಿಡಿತ,রিভেট
ರಿವೆಟೆಡ್ ಜಂಟಿ,Rivetted যৌথ
ತಿರುಗುವಿಕೆ,Rivetting
ಆರ್ಎನ್ ಚಾನೆಲ್,আরএন চ্যানেল
ರೋಬೋಟ್,রোবট
ಸಂಚಾರಿ,যন্ত্রমানব নির্মাণ বিদ্যা
ರೋಲ್ ಇನ್,রোল ইন
ಉರುಳು,রোল আউট
ಬೇರು,মূল
ರೋಟರಿ,রোটারি
ಸುತ್ತುವುದು,ঘূর্ণন
ಮಾರ್ಗ,রুট
ರೂterಿಯ,রাউটার
ವಾಡಿಕೆಯ ಕಾರ್ಯಾಚರಣೆಗಳು,রুটিন অপারেশন
ಪಳಗುವುದು,রাউটিং
ರನ್ ಸಮಯ,সময় চালান
ಸುರಕ್ಷತಾ ವ್ಯವಸ್ಥೆ,সুরক্ষা ব্যবস্থা
ಸುರಕ್ಷತಾ ಇಂಟರ್ಲಾಕ್,সুরক্ষা ইন্টারলক
ಚೂರು,সাগ
ಪ್ರಮುಖ ಅಂಶಗಳು,প্রধান বৈশিষ্ট্য
ಮಾದರಿ,নমুনা
ಮಾದರಿ ಮತ್ತು ಹೋಲ್ಡ್ ಸರ್ಕ್ಯೂಟ್,নমুনা এবং হোল্ড সার্কিট
ಮಾದರಿ ಅಳತೆ,সাধারন মাপ
ಮಾದರಿ ಡೇಟಾ,নমুনাযুক্ত ডেটা
ಮಾದರಿ,নমুনা
ಮಾದರಿ ದರ,নমুনা রেট
ಮಾದರಿ ಶುದ್ಧತ್ವ,স্যাম্পলিং স্যাচুরেশন
ಮಾದರಿ ಸಿದ್ಧಾಂತ/ಪ್ರಮೇಯ,নমুনা তত্ত্ব/উপপাদ্য
ಉಪಗ್ರಹ,স্যাটেলাইট
ಉಪಗ್ರಹ ಸಂವಹನ,স্যাটেলাইট যোগাযোগ
ಉಪಗ್ರಹ,স্যাটেলাইট কভারেজ
ಉಪಗ್ರಹ ಡಿಜಿಟಲ್ ಲಿಂಕ್,স্যাটেলাইট ডিজিটাল লিঙ্ক
ಉಪಗ್ರಹ,স্যাটেলাইট হস্তক্ষেপ
ಉಪಗ್ರಹ ರೇಡಿಯೋ,স্যাটেলাইট রেডিও
ಉಪಗ್ರಹ ರೇಡಿಯೋ ಪ್ರಸರಣ,স্যাটেলাইট রেডিও ট্রান্সমিশন
ಉಪಗ್ರಹ,স্যাটেলাইট সংক্রমণ
ಸ್ಯಾಚುರೇಟೆಡ್ ಗಾಳಿ,স্যাচুরেটেড এয়ার
ಪ್ರವಾಹವನ್ನು ಸ್ಯಾಚುರೇಟಿಂಗ್,স্যাচুরেটিং কারেন্ট
ಶುದ್ಧತ್ವ,স্যাচুরেশন
ಹಲ್ಲಿನ ತರಂಗವನ್ನು ನೋಡಿದೆ,দাঁত তরঙ্গ দেখেছি
ಸ್ಕೇಲ್,স্কেলাবিলিটি
ದಳ,স্কেল
ಅಡೆತಡೆ,স্কেল ফ্যাক্টর
ಸ್ಕೇಲಿಂಗ್,স্কেলিং
ಸ್ಕೂನ್,স্ক্যান মরীচি
ಸ್ಕ್ಯಾನರ್,স্ক্যানার
ಸ್ಕ್ಯಾನಿಂಗ್ ಆವರ್ತನ,স্ক্যানিং ফ্রিকোয়েন্সি
ಸ್ಕ್ಯಾನಿಂಗ್ ಮಾರ್ಗ,স্ক্যানিং লাইন
ಚದುರಿಸುವಿಕೆ,বিক্ষিপ্ত
ಸನ್ನಿವೇಶ,দৃশ্য
ವೇಳಾಪಟ್ಟಿ,সময়সূচী
ತಂತ್ರದ,স্কিম্যাটিক
ಚಾವಟಿ ತಡೆಗೋಡೆ,স্কটকি বাধা
ಮಿನುಗುವಿಕೆ,সিন্টিলেশন
ಕೆರಳಿದವನು,স্ক্র্যামব্লার
ಕೆರಳಿಸುವ,স্ক্র্যাম্বলিং
ಚೂರು,স্ক্র্যাপ
ಕೆರೆದು,স্ক্র্যাপিং
ಗೀಚು,স্ক্র্যাচ
ಪರದೆಯ,পর্দা
ಪರದೆಯ ಸುಟ್ಟಗಾಯ,স্ক্রিন বার্ন
ಪರದೆಬೈಪಾಸಿನಲ್ಲಿ,স্ক্রিন বাইপাস
ಪರದೆಯ ಪ್ರವಾಹ,স্ক্রিন কারেন্ট
ಪರದೆ ಗ್ರಿಡ್,স্ক্রিন গ্রিড
ಸ್ಕ್ರೀನ್ ಸೇವರ್,স্ক্রিন সেভার
ಪ್ರದರ್ಶಿತ ಕೇಬಲ್,স্ক্রিন করা কেবল
ತಣಿಸುವುದು,স্ক্রিনিং
ಸುರುಳಿ,স্ক্রোল
ಸ್ಕ್ರಾಲ್ ಪಟ್ಟಿ,স্ক্রল বার
ಸ್ಕ್ರೋಲಿಂಗ್,স্ক্রোলিং
ಶೋಧಕ ಎಂಜಿನ್,খোঁজ যন্ত্র
ದ್ವಿತೀಯ,মাধ্যমিক
ದ್ವಿತೀಯ ಕೋಶ,মাধ্যমিক সেল
ವಲಯ,সেক্টর
ಭಾಗ,বিভাগ
ಸ್ವಯಂ ರೋಗನಿರ್ಣಯ,স্ব ডায়াগনস্টিক
ಅರೆವಾಹಕ,অর্ধপরিবাহী
ಕಳುಹಿಸುವವರು,প্রেরক
ಸೂಕ್ಷ್ಮತೆ,সংবেদনশীলতা
ಸಂವೇದಕ,সেন্সর
ಅನುಕ್ರಮ,ক্রম
ಧಾರ್ಮಿಕ,সিরিয়াল
ಸರಣಿ ಪ್ರವೇಶ,সিরিয়াল অ্যাক্সেস
ಸೀರಿಯಲ್ ಪೋರ್ಟ್,সিরিয়াল পোর্ট
ಸರಣಿ ಅನುರಣನ,সিরিজ অনুরণন
ಸರ್ಕಾರಿ,সার্ভার
ಜೋಡಣೆ,সেটআপ
Shadಹನ,শেডিং
ನೆರಳು,ছায়া
ಶಾನನ್ ಅವರ ಪ್ರಮೇಯ,শ্যাননের উপপাদ্য
ರೂಪಿಸುವುದು,রুপিং
ಷೇರು,শেয়ারওয়্যার
ಪೊರೆ,খাপ
ಸ್ಥಳಾಂತರ,শিফট
ವರ್ಗಾವಣೆಯ,স্থানান্তর
ಆಘಾತ,ধাক্কা
ಶಾರ್ಟ್ ಸರ್ಕ್ಯೂಟ್,শর্ট সার্কিট
ಕಿರು ಸರ್ಕ್ಯೂಟ್ ಪರೀಕ್ಷೆ,শর্ট সার্কিট পরীক্ষা
ಸಣ್ಣ ತರಂಗ,সংক্ষিপ্ত তরঙ্গ
ಸಣ್ಣ ತರಂಗ ಕೇಂದ್ರ,শর্ট ওয়েভ সেন্টার
ಸಂಕ್ಷಿಪ್ತವಾಗಿ,শর্টকাট
ಮುಚ್ಚಲಾಯಿತು,শাটডাউন
ಸ್ಥಗಿತ ಸಂಕೇತ,শাটডাউন সিগন্যাল
ಸೈಡ್ ಬ್ಯಾಂಡಿ,সাইড ব্যান্ড
ಸೈಡ್ ಬ್ಯಾಂಡ್ ಶಕ್ತಿ,সাইড ব্যান্ড শক্তি
ಸಂಕೇತ,সংকেত
ಸಂಕೇತ ವೈಶಾಲ್ಯ,সংকেত প্রশস্ততা
ಸಿಗ್ನಲ್ ಫ್ಲೋ ಗ್ರಾಫ್,সংকেত প্রবাহ গ্রাফ
ಸಂಕೇತ ಉತ್ಪಾದಕ,সংকেত উৎপাদক
ಸಂಕೇತ ಬೆಳಕು,আলোক সঙ্গকেত
ಸಿಗ್ನಲ್ ರೂಟಿಂಗ್,সিগন্যাল রাউটিং
ಸಂಕೇತ ಶಕ್ತಿ,সংকেত শক্তি
ಕ್ರಾಸ್ ಟಾಕ್ ಅನುಪಾತಕ್ಕೆ ಸಂಕೇತ,টক অনুপাত ক্রস করতে সংকেত
ಶಬ್ದ ಅನುಪಾತಕ್ಕೆ ಸಂಕೇತ,শব্দ অনুপাত থেকে সংকেত
ಗಮನಿಸದ ಶಬ್ದ ಅನುಪಾತಕ್ಕೆ ಸಂಕೇತ,অদম্য শব্দ অনুপাতের সংকেত
ಸಿಗ್ನಲಿಂಗ್ ಮತ್ತು ಸ್ವಿಚಿಂಗ್,সংকেত এবং স্যুইচিং
ಸಿಗ್ನಲಿಂಗ್ ಬಿಟ್,সংকেত বিট
ಗಮನಾರ್ಹ ಸೈಡ್‌ಬ್ಯಾಂಡ್‌ಗಳು,গুরুত্বপূর্ণ সাইডব্যান্ডস
ಸರಳ,সিম্প্লেক্স
ವೇಷಭೂಷಣ,সিমুলেশন
ಸಂಚಾರಿ,সিমুলেটর
ಸಮಾಧಿ,সিমুলকাস্ট
ಏಕಕಾಲದಲ್ಲಿ,একযোগে মাস্কিং
ಸೈನ್ ಘಟಕ,সাইন উপাদান
ಸೈನ್ ತರಂಗ,সাইন ওয়েভ
ಏಕ ಆವರ್ತನ ನೆಟ್‌ವರ್ಕ್,একক ফ্রিকোয়েন্সি নেটওয়ার্ক
ಏಕ ಹಂತದ ಮೋಟಾರ್,একক ফেজ মোটর
ಸ್ಥಳ,সাইট
ಸೈಟ್ ವಿನ್ಯಾಸ ಯೋಜನೆ,সাইট লেআউট পরিকল্পনা
ನುರಿತ ನಿರ್ವಾಹಕ,দক্ষ অপারেটর
ದೂರವನ್ನು ಬಿಟ್ಟುಬಿಡಿ,দূরত্ব এড়িয়ে যান
ಆಕಾಶದ ಅಲೆ,আকাশ তরঙ্গ
ಆಕಾಶ ತರಂಗ ಪ್ರಸರಣ,আকাশ তরঙ্গ প্রচার
ಚಪ್ಪಡಿ,স্ল্যাব
ಓರೆಗಾಲ,স্ল্যান্ট পাথ
ಸ್ಲ,স্লট
ಸ್ಮಾರ್ಟ್ ಕಾರ್ಡ್,স্মার্ট কার্ড
ಸೋಡಿಯಂ ಆವಿ ದೀಪ,সোডিয়াম বাষ্প প্রদীপ
ಮೃದುವಾದ ಕೀಲಿಯು,নরম কী
ಸಾಫ್ಟ್ವೇರ್,সফটওয়্যার
ಸೌರ ಚಟುವಟಿಕೆ,সৌর ক্রিয়াকলাপ
ಸೌರಶಕ್ತಿ,সৌরশক্তি
ಸೌರ ಜ್ವಾಲೆಗಳು,সৌর শিখা
ಸೌರ ಚಾಲಿತ,সৌর শক্তি
ಘನ ಸ್ಥಿತಿ,কঠিন অবস্থা
ಘನ ರಾಜ್ಯ ಸಂಗ್ರಹ,সলিড স্টেট স্টোরেজ
ಘನ ರಾಜ್ಯ ಟ್ರಾನ್ಸ್ಮಿಟರ್,সলিড স্টেট ট্রান্সমিটার
ವಿಂಗಡಿಸು,সাজান
ಶಬ್ದ,শব্দ
ಶಬ್ದ ಹೀರುವಿಕೆ,শব্দ শোষণ
ಉತ್ತಮ ಸಮತೋಲನ,শব্দ ভারসাম্য
ಶಬ್ದ ಪತ್ತೆಕಾರ,সাউন্ড ডিটেক্টর
ಧ್ವನಿ ಮಿಕ್ಸರ್,সাউন্ড মিক্সার
ಸೋಗು ದೃಷ್ಟಿಕೋನ,শব্দ দৃষ্টিকোণ
ಶಬ್ದದ ಶಕ್ತಿ,শব্দ শক্তি
ಧ್ವನಿ ಪುಕ್ಕ,সাউন্ড প্রুফ
ಧ್ವನಿ ರೆಕಾರ್ಡಿಂಗ್,সাউন্ড রেকর্ডিং
ಉತ್ತಮ ಪ್ರತಿಫಲನ,শব্দ প্রতিচ্ছবি
ಧ್ವನಿ ಪ್ರಸರಣ ನಷ್ಟ,সাউন্ড ট্রান্সমিশন ক্ষতি
ಮೂಲ,সূত্র
ಮೂಲ ಎನ್‌ಕೋಡರ್,উত্স এনকোডার
ಸ್ಥಳ,স্থান
ಬಾಹ್ಯಾಕಾಶ ವೈವಿಧ್ಯ,স্থান বৈচিত্র্য
ಬಾಹ್ಯಾಕಾಶ,স্পেস টেলিকাস্টিং
ಬಾಹ್ಯಾಕಾಶ ಅಲೆ,স্পেস ওয়েভ
ಅಂತರ,ব্যবধান
ಸ್ಪ್ಯಾಮು,স্প্যাম
ಸ್ಪ್ಯಾಮಿಂಗ್,স্প্যামিং
ಆಡು,স্প্যান
ಬಿಡಿಪಡ,অতিরিক্ত বিট
ಬಿಡಿ,স্পেয়ারস
ಸ್ಪಾರ್ಕಿಂಗ್,স্পার্কিং
ಪ್ರಾದೇಶಿಕ,স্থানিক
ಪ್ರಾದೇಶಿಕ ಪರಿಣಾಮ,স্থানিক প্রভাব
ಪ್ರಾದೇಶಿಕ ಪುನರುಕ್ತಿ,স্থানিক অপ্রয়োজনীয়তা
ವಿಶೇಷ ಪರಿಣಾಮ,বিশেষ প্রভাব
ವಿಶೇಷ ಪರಿಣಾಮಗಳ ಆಂಪ್ಲಿಫಯರ್,বিশেষ প্রভাব পরিবর্ধক
ವಿಶೇಷತೆ,বিশেষীকরণ
ನಿರ್ದಿಷ್ಟತೆ,স্পেসিফিকেশন
ರೋಹಿತ ಹೀರಿಕೊಳ್ಳುವಿಕೆ,বর্ণালী শোষণ
ರೋಹಿತ ಬ್ಯಾಂಡ್ ಪುನರಾವರ್ತನೆ,বর্ণালী ব্যান্ড প্রতিলিপি
ರೋಹಿತದ ವಿತರಣೆ,বর্ণালী বিতরণ
ರೋಹಿತದ ಪುನರುಕ್ತಿ,বর্ণালী অপ্রয়োজনীয়তা
ರೋಹಿತದ ಮಾಪಕ,স্পেকট্রোফোটোমিটার
ರೋಹಿತದರ್ಶಕ,বর্ণালী
ವರ್ಣಪಟಲ,বর্ণালী
ಸ್ಪೆಕ್ಟ್ರಮ್ ವಿಶ್ಲೇಷಕ,বর্ণালি বিশ্লেষক
ಸ್ಪೆಕ್ಟ್ರಮ್ ಆಕಾರ,বর্ণালী আকার
ಮಾತಿನ ಅಭಿವ್ಯಕ್ತಿ,বক্তৃতা বক্তৃতা
ಭಾಷಣ ಚಾನೆಲ್,স্পিচ চ্যানেল
ಭಾಷಣ ಸಂಕೋಚನ,বক্তৃতা সংকোচনের
ಸ್ಪೀಚ್ ಎನ್‌ಕೋಡಿಂಗ್,স্পিচ এনকোডিং
ಮಾತಿನ ಗುರುತಿಸುವಿಕೆ,কন্ঠ সনান্তকরণ
ತಿರುಗಿಸು,স্পিন
ಸುರುಳಿಯಾಕಾರದ,সর্পিল
ಜೋಡಣೆ,স্প্লিকিং
ಚಂಚಲ,স্প্লিটার
ಚೂರುಚೂರಾಗಿ,স্পুল
ವಿರಳವಾದ,বিক্ষিপ্ত
ಸ್ಪಾಟ್ ಕಿರಣಗಳು,স্পট বিমস
ಸ್ಪ್ರೆಡ್ಶೀಟ್,ছড়িয়ে পড়া শিট
ಹುಸಿ ಮತ್ತು ಹಾರ್ಮೋನಿಕ್ ವಿಕಿರಣ,উত্সাহী এবং সুরেলা বিকিরণ
ಮೋಸದ ಸೈಡ್‌ಬ್ಯಾಂಡ್ ಆವರ್ತನಗಳು,উত্সাহী সাইডব্যান্ড ফ্রিকোয়েন্সি
ಹಿಂಡಿದ ವೀಡಿಯೊ,ভিডিও চেপে
ಮುದ್ರೆಮರೆ,স্ট্যাম্পিং
ಪ್ರಮಾಣಿತ ಸಾಫ್ಟ್‌ವೇರ್,স্ট্যান্ডার্ড সফ্টওয়্যার
ಪ್ರಮಾಣೀಕರಣ,মানীকরণ
ನಿಲುಗಡೆ,অপেক্ষা করো
ಸ್ಟ್ಯಾಂಡ್‌ಬೈ ಉಪಕರಣಗಳು,স্ট্যান্ডবাই সরঞ্জাম
ನಿಂತಿರುವ ಅಲೆ,স্থায়ী তরঙ্গ
ನಿಂತಿರುವ ತರಂಗ ಅನುಪಾತ,স্থায়ী তরঙ্গ অনুপাত
ಪ್ರಾರಂಭಿಕ ಟಾರ್ಕ್,টর্ক শুরু
ಆರಂಭ,স্টপ শুরু
ಸ್ಥಿರವಾದ,স্থির
ಸಂಖ್ಯಾಶಾಸ್ತ್ರೀಯ ವಿಧಾನ,পরিসংখ্যান পদ্ধতি
ಸ್ಥಾನಮಾನ,স্থিতি
ಸ್ಥಾನಮಾನ ಸೂಚನೆ,স্থিতি ইঙ্গিত
ಸ್ಥಿರವಾಗಿ,স্থির
ಹಿತಾಸಕ್ತಿ,স্টেরিও
ಸ್ಟಿರಿಯೊ ಬ್ಯಾಲೆನ್ಸ್,স্টেরিও ভারসাম্য
ಸ್ಟಿರಿಯೊ ಎನ್‌ಕೋಡರ್,স্টেরিও এনকোডার
ಸ್ಟಿರಿಯೊ ಜನರೇಟರ್,স্টেরিও জেনারেটর
ಸ್ಟಿರಿಯೊ ಮೋಡ್,স্টেরিও মোড
ಸ್ಟಿರಿಯೊ ಪ್ರಸರಣ,স্টেরিও ট্রান্সমিশন
ಸ್ಟಿರಿಯೊಫೋನಿಕ್ ಧ್ವನಿ ಸಂತಾನೋತ್ಪತ್ತಿ,স্টেরিওফোনিক সাউন্ড প্রজনন
ಸ್ಟೀರಿಯೋಫನಿ,স্টেরিওফনি
ಸ್ಟೀರಿಯೋಸ್ಕೋಪಿ,স্টেরিওস্কোপি
ಇನ್ನೂ ಚಿತ್ರ,এখনও ছবি
ಪ್ರಚೋದಕ,উদ্দীপনা
ನಿಲುಗಡೆ,স্টপব্যান্ড
ಸಂಗ್ರಹಣೆ,স্টোরেজ
ಶೇಖರಣಾ ಬ್ಯಾಟರಿ ಕೊಠಡಿ,স্টোরেজ ব্যাটারি রুম
ಸಂಗ್ರಹಣೆ ಸಾಧನ,স্টোরেজ ডিভাইস
ವಾಯುಮಂಡಲ,স্ট্র্যাটোস্ফিয়ার
ಸ್ಟ್ರೀಮಿಂಗ್,স্ট্রিমিং
ಹಿಗ್ಗಿಸು,প্রসারিত
ದಾರ,স্ট্রিং
ರಚನೆಯ,কাঠামোগত
ಸ್ಟುಡಿಯೋ ಬ್ಲಾಕ್,স্টুডিও ব্লক
ಸ್ಟುಡಿಯೋ ಕೇಂದ್ರ,স্টুডিও সেন্টার
ಸ್ಟುಡಿಯೋ ದೀಪ,স্টুডিও আলো
ಸ್ಟುಡಿಯೋ ಮಾನಿಟರ್‌ಗಳು,স্টুডিও মনিটর
ಶಲಿಟ,স্টাইলাস
ವಿಚ್bandೇದನ,সাবব্যান্ড এনকোডিং
ಮುಖವಾಡ,সাবব্যান্ড মাস্কিং
ಸಬ್‌ಬ್ಯಾಂಡ್ ಮಾದರಿಗಳು,সাবব্যান্ড নমুনা
ತೂರಿಸು,সাবনেট
ಉಪವಿಭಾಗ,সাবমলিং
ಚಂದಾದಾರ,গ্রাহক
ಹಠಾತ್ ಅಯಾನುಗೋಳಾಕೃತಿ ಅಡಚಣೆ,হঠাৎ আয়নোস্ফিয়ারের ব্যাঘাত
ಸನ್ ಸ್ಪಾಟ್ ಚಟುವಟಿಕೆ,সান স্পট ক্রিয়াকলাপ
ಸೂಪರ್ ಪವರ್ ಟ್ರಾನ್ಸ್ಮಿಟರ್,সুপার পাওয়ার ট্রান্সমিটার
ಸೂಪರ್ ಮಾದರಿ,সুপার স্যাম্পলিং
ಸೂಪರ್ ಸಾಕೆಟ್,সুপার সকেট
ಸೂಪರ್ಹೀಟೆಡ್ ಆವಿ,সুপারহিটেড বাষ্প
ಅತಿಶೀತ,সুপারহিটারোডিন
ಸೂಪರ್ಹೆಟೆರೊಡೈನ್ ಪರಿವರ್ತಕ,সুপারহিটারোডিন রূপান্তরকারী
ಸೂಪರ್‌ಹೆಟೆರೊಡೈನ್ ರಿಸೀವರ್,সুপারহিটারোডিন রিসিভার
ಸೂಪರ್‌ಇಂಪೋಸ್ಡ್ (ಪ್ರಸ್ತುತ),সুপারিম্পোজড (বর্তমান)
ಅತಿ ಜನಸಮಣ್ಯ,সুপারিপজিশন
ಸೂಪರ್‌ಪೋಸಿಷನ್,সুপারপজিশন
ಅತಿ ಸೂತ್ರದ,সুপারসোনিক
ಸರಬರಾಜು ನಾಳ,সরবরাহ নালী
ನಿಗ್ರಹ ಗ್ರೈಡ್,দমন গ্রিড
ಮೇಲ್ಮೈ ಶಬ್ದ,পৃষ্ঠের শব্দ
ಮೇಲ್ಮೈ ತರಂಗ,পৃষ্ঠ তরঙ্গ
ಸರ್ಪ,সার্ফিং
ಉಲ್ಬಣ,উত্সাহ
ಸುತ್ತಮುತ್ತಲಿನ ಪ್ರದೇಶಗಳು,চারপাশ
ಹಿಗ್ಗುವಿಕೆ,সংবেদন
ಪ್ರಭಾವಕ್ಕೆ,সংবেদনশীলতা
ಅಮಾನತುಗೊಳಿಸಿದ,স্থগিত
ವಿನಿಮಯಿಸು,অদলবদল
ಸರ್ಕ್ಯೂಟ್,সুইপ সার্কিট
ತಿರುಗಿಸು,স্যুইচ
ಬಿಲ್ಲೆ,স্যুইচ বোর্ড
ನಿಯಂತ್ರಣ ಘಟಕವನ್ನು ಆನ್ ಮಾಡಿ,নিয়ন্ত্রণ ইউনিট চালু করুন
ಬದಲಾಯಿಸುವುದು,স্যুইচিং
ಚಿಹ್ನೆ ದರ,প্রতীক হার
ಸಮ್ಮಿತೀಯ,প্রতিসম
ಸಿಂಕ್ (ಸಿಂಕ್ರೊನಸ್),সিঙ্ক (সিঙ্ক্রোনাস)
ನಾಡಿಮಿಡಿತ,সিঙ্ক ডাল
ವರ್ಗಾವಣೆ ವರ್ಗಾವಣೆ,সিঙ্ক ট্রান্সফার
ಸಿಂಕ್ರೊನೀಕರಣ,সিঙ্ক্রোনাইজেশন
ಸಿಂಕ್ರೊನೈಸ್ ಮಾಡಿದ,সিঙ্ক্রোনাইজড
ಸಿಂಕ್ರೊನ,সিঙ্ক্রোনাস
ಸಿಂಕ್ರೊನಸ್ ಮೋಟರ್,সিঙ্ক্রোনাস মোটর
ಹಭೀಜದ,সিনারজিক
ಸಹಕ್ರಿಯೆಯ,সিনারজিস্টিক
ಸಹಕಾರ,সিনারজি
ವಾಕ್ಯರಚನೆ,সিনট্যাকটিক
ಅಂತರ್ರಚನೆ,বাক্য গঠন
ಸಿಂಟ್ಯಾಕ್ಸ್ ದೋಷ,বাক্যগঠন ত্রুটি
ಸಂಶ್ಲೇಷಣೆ,সিনথেসাইজার
ಸಂಶ್ಲೇಷಕ ಕಾರ್ಡ್‌ಗಳು,সিনথেসাইজার কার্ড
ವ್ಯವಸ್ಥೆ,পদ্ধতি
ವ್ಯವಸ್ಥೆಯ ವಾಸ್ತುಶಿಲ್ಪ,সিস্টেম আর্কিটেকচার
ವ್ಯವಸ್ಥೆಯ ವಿನ್ಯಾಸ,ব্যবস্থা পরিকল্পনা
ಸಿಸ್ಟಮ್ ಮೆನುಗಳು,সিস্টেম মেনু
ತ ೦ ತ್ರ,ট্যাগ
ಮತ್ತೆ ಮಾತನಾಡಿ,ফিরে কথা
ಟೇಪೆ,টেপ
ಧ್ವನಿ ಮುದ್ರಕ,টেপ রেকর্ডার
ಟೇಪ್ ಸ್ಲೈಸಿಂಗ್,টেপ স্লাইসিং
ತುಪ್ಪಟವಾದ,ট্যাপার্ড
ಗುರಿ,লক্ষ্য
ಸುಲಿಗೆ,শুল্ক
ಕಾರ್ಯ,টাস্ক বার
ತಾತ್ವಿಕ,প্রযুক্তিগত
ತಾಂತ್ರಿಕ ಸವಾಲು,প্রযুক্তিগত চ্যালেঞ্জ
ತಾಂತ್ರಿಕ ಲಕ್ಷಣಗಳು,প্রযুক্তিগত বৈশিষ্ট্য
ತಾಂತ್ರಿಕ ಮಾರ್ಗಸೂಚಿಗಳು,প্রযুক্তিগত নির্দেশিকা
ತಾಂತ್ರಿಕ ನಿಯತಾಂಕ,টেকনিক্যাল প্যারামিটার
ತಾಂತ್ರಿಕ ಗುಣಮಟ್ಟ,প্রযুক্তিগত গুণ
ತಾಂತ್ರಿಕ ಸ್ನ್ಯಾಗ್,প্রযুক্তিগত ছিনতাই
ತಂತ್ರ,প্রযুক্তি
ತಾಂತ್ರಿಕ ನಿರ್ಬಂಧ,প্রযুক্তিগত সীমাবদ্ধতা
ತಂತ್ರಜ್ಞಾನ,প্রযুক্তি
ತಂತ್ರಜ್ಞಾನ ಮೌಲ್ಯಮಾಪನ,প্রযুক্তি মূল্যায়ন
ದೂರಸಂಪರ್ಕ,টেলিকাস্টিং
ದೂರದರ್ಶನ,টেলিসিন
ಹತಗೋಪತೆ,টেলিগ্রাফি
ದೂರವಾಣಿ,টেলিমেটিক্স
ದೂರಸಣ್ಯ,টেলিমেটারিং
ದೂರವಾಣಿ,টেলিফোন
ಜೀಲಿನ ಪರೀಕ್ಷೆ,টেলিটেক্সট
ದೂರದರ್ಶನ,টেলিভিশন
ತಾಪಮಾನ,তাপমাত্রা
ಉಷ್ಣತೆ ನಿಯಂತ್ರಣ,যথোপযুক্ত সৃষ্টিকর্তা
ತಾತ್ಕಾಲಿಕ,অস্থায়ী
ತಾತ್ಕಾಲಿಕ ನಿರ್ವಹಣೆ,অস্থায়ী পরিচালনা
ತಾತ್ಕಾಲಿಕ ಪುನರುಕ್ತಿ,অস্থায়ী অপ্রয়োজনীয়তা
ಕರ್ಷಕ ಶಕ್ತಿ,টেনসিল শক্তি
ಗ್ರಹಣಾಂಗಗಳ,তাঁবু
ಟೆರಾಬೈಟ್ (ಟಿಬಿ),টেরাবাইট (টিবি)
ಅಂತಿಮ,টার্মিনাল
ಟರ್ಮಿನಲ್ ಅಡಾಪ್ಟರುಗಳು,টার্মিনাল অ্যাডাপ্টার
ಟರ್ಮಿನಲ್ ಉಪಕರಣಗಳು,টার্মিনাল সরঞ্জাম
ಕೊನೆಗೊಳಿಸಲಾಗುವುದು,সমাপ্তি
ಪ್ರತಿರೋಧವನ್ನು ಕೊನೆಗೊಳಿಸಲಾಗುತ್ತಿದೆ,সমাপ্তি প্রতিরোধ
ಮುಕ್ತಾಯ,সমাপ্তি
ಅಂತ್ಯ,টার্মিনেটর
ಭೂಪ್ರದೇಶದ ಪ್ರೊಫೈಲ್‌ಗಳು,ভূখণ্ডের প্রোফাইল
ತೃತೀಯ ಅಂಕುಡೊಂಕಾದ,তৃতীয় বাতাস
ಪರೀಕ್ಷೆ,পরীক্ষা
ಪರೀಕ್ಷಾ ದತ್ತ,পরীক্ষার ডেটা
ಪರೀಕ್ಷಾ ಚಿತ್ರ,পরীক্ষার চিত্র
ಪರೀಕ್ಷಾ ಸಂಕೇತ,পরীক্ষা সংকেত
ಪರೀಕ್ಷಕ,পরীক্ষক
ಪರೀಕ್ಷೆ,পরীক্ষামূলক
ಪರೀಕ್ಷೆಗಳು ಮತ್ತು ಅಳತೆ,পরীক্ষা এবং পরিমাপ
ಉಷ್ಣ ಶಬ್ದ,তাপীয় শব্দ
ಉಷ್ಣ ಓವರ್ಲೋಡ್ ರಿಲೇ,তাপ ওভারলোড রিলে
ಥರ್ಮನಿಕ್ ರಿಕ್ಟಿಫೈಯರ್,থার্মিয়োনিক রেকটিফায়ার
ಥರ್ಮುಪಲ್,থার্মোকল
ಉಷ್ಣಮಾಪಕ,থার্মোমিটার
ಥರ್ಮಸ್ಟಾಟ್,থার্মোস্ট্যাট
ಬೆರಳು ಹಾಕುವ,থিম্বল
ಥೋರಿಯೇಟೆಡ್ ತಂತುಗಳು,থোরিয়েটেড ফিলামেন্ট
ಎಳೆ,থ্রেড
ಮೂರು ಹಂತದ ಪೂರೈಕೆ,তিন ধাপ সরবরাহ
ಮೂರು ಹಂತದ ಟ್ರಾನ್ಸ್ಫಾರ್ಮರ್,তিন ফেজ ট্রান্সফর্মার
ಮಿಂಚು,থ্রেশহোল্ড
ಗಂಟಲು ಮೈಕ್ರೋಫೋನ್,গলা মাইক্রোফোন
ಎಸೆತ,থ্রাস্ট
ಥೈರಟ್ರಾನ್,থাইরেট্রন
ಥೈರಿಸ್ಟರ್,থাইরিস্টর
ಓರೆಯಾಗಿಸು,কাত
ತಂಬಳಿ,টিম্ব্রে
ಕಾಲ,সময়
ಸಮಯಪ್ರಸಿದ್ಧ,সময় বেস
ಸಮಯ ಕೋಡ್,সময় কোড
ಸಮಯ ಸ್ಥಿರ,সময় ধ্রুবক
ಸಮಯ ವಿಳಂಬ,সময় বিলম্ব
ಸಮಯಪಂಥೀಯ,সময় ডোমেন
ಸಮಯ ಮಾದರಿ,সময় নমুনা
ಸಮಯ ವಿಸ್ತರಿಸುವುದು,সময় প্রসারিত
ಸಮಯಕ,টাইমার
ಶೀರ್ಷಿಕೆ ಪಟ್ಟಿ,শিরোনাম বাক্স
ಫ್ರೋ ಮೋಷನ್,এবং মোশন
ಟಾಗಲ್ ಸ್ವಿಚ್,টগল সুইচ
ಟೋಕನ್ ರಿಂಗ್ ನೆಟ್‌ವರ್ಕ್,টোকেন রিং নেটওয়ার্ক
ತಾಳ್ಮೆ,সহনশীলতা
ಸ್ವರ ನಿಯಂತ್ರಣ,টোন নিয়ন্ত্রণ
ಟೂಲ್ ಬಾರ್,সরঞ্জাম বার
ಸಾಧನಗಳು,সরঞ্জাম
ಹಲ್ಲಿನ ಗೇರಿಂಗ್,দাঁত গিয়ারিং
ಸಸ್ಯಾಹಾರಶಾಸ್ತ್ರ,টপোলজি
ಟಿರಾಯ್ಡಲ್ ಅಂಕುಡೊಂಕಾದ,টরয়েডাল বাতাস
ಚಿರತೆ,টর্ক
ಒಟ್ಟು ಗುಣಮಟ್ಟ ನಿರ್ವಹಣೆ (ಟಿಕ್ಯೂಎಂ),মোট গুণমান পরিচালনা (টিকিউএম)
ಒಟ್ಟು,টোটালাইজার
ಗೋಪುರ,টাওয়ার
ಪಟಲಿಗ,ট্রেসার
ಪತ್ತೆಹಚ್ಚುವುದು,ট্রেসিং
ಟ್ರ್ಯಾಕ್,ট্র্যাক
ಟ್ರ್ಯಾಕ್ ಚೆಂಡು,ট্র্যাক বল
ಪತ್ತೆಹಚ್ಚುವಿಕೆ,ট্র্যাকিং
ಸಂಚಾರ ನಿರ್ವಹಣೆ,ট্রাফিক ব্যবস্থাপনা
ವಹಿವಾಟು ಫೈಲ್ ವ್ಯವಸ್ಥೆ,লেনদেন ফাইল সিস্টেম
ಟ್ರೋಡೆ,ট্রান্সকোড
ಸಂಜ್ಞಾಪರಿತ್ರಿ,ট্রান্সডুসার
ಟ್ರಾನ್‌ಸೈವರ್,ট্রানসিভার
ವರ್ಗಾವಣೆ ಗುಣಲಕ್ಷಣಗಳು,স্থানান্তর বৈশিষ্ট্য
ವರ್ಗಾವಣೆ ಕಾರ್ಯ,স্থানান্তর ফাংশন
ಪರಿವರ್ತಕ,ট্রান্সফর্মার
ಟ್ರಾನ್ಸ್‌ಫ್ಲೇರ್ ಎಕ್ಸೈಟರ್,ট্রান্সফর্মার এক্সাইটার
ಟ್ರಾನ್ಸ್‌ಫಾರ್ಮರ್ ಟ್ರಾಲಿ,ট্রান্সফর্মার ট্রলি
ಅಸ್ಥಿರ,ক্ষণস্থায়ী
ಅಸ್ಥಿರ ಕೋಡಿಂಗ್,ক্ষণস্থায়ী কোডিং
ಅಸ್ಥಿರ ದೋಷ,ক্ষণস্থায়ী ত্রুটি
ಅಸ್ಥಿರ ಬದಲಾಯಿಸುವಿಕೆ,ক্ষণস্থায়ী স্যুইচিং
ಟ್ರಾನ್ಸಿಸ್ಟರ್,ট্রানজিস্টর
ಭಾಷಾಂತರ,অনুবাদ
ಭಾಷಾಂತರಕಾರ,অনুবাদক
ರೋಗ ಪ್ರಸಾರ,সংক্রমণ
ಪ್ರಸರಣ ಸಂಪರ್ಕಸಾಧನ,সংক্রমণ ইন্টারফেস
ಪ್ರಸರಣ ಮಾರ್ಗ,পরিচলন রেখা
ಪ್ರಸರಣ ನಷ್ಟ,সংক্রমণ ক্ষতি
ಪ್ರಸರಣ ಸ್ಟುಡಿಯೋ,ট্রান্সমিশন স্টুডিও
ಹರಡುವವನು,ট্রান্সমিটার
ಟ್ರಾನ್ಸ್ಮಿಟರ್ ನಿಯಂತ್ರಕ,ট্রান্সমিটার নিয়ামক
ಪ್ರಸರಣ ನಿರ್ವಹಣೆ,ট্রান্সমিটার রক্ষণাবেক্ষণ
ಟ್ರಾನ್ಸ್ಮಿಟರ್ powt ಟ್ ಪವರ್,ট্রান্সমিটার আউট শক্তি
ಆಂಟೆನಾವನ್ನು ಪ್ರಸಾರ ಮಾಡುವುದು,অ্যান্টেনা প্রেরণ
ಆಂಟೆನಾ ಲಾಭವನ್ನು ಪ್ರಸಾರ ಮಾಡುವುದು,অ্যান্টেনা লাভ প্রেরণ
ಹರಡುವ ಆವರ್ತನ,ফ্রিকোয়েন্সি প্রেরণ
ಹರಡುವ ನಿಲ್ದಾಣ,ট্রান্সমিটিং স্টেশন
ತಿಕ್ಕಲು,ট্রান্সপন্ডার
ದಡ ಡಯೋಡೆ,ট্র্যাপ্যাট ডায়োড
ಪ್ರಯಾಣದ ಅಲೆ,ভ্রমণ তরঙ্গ
ಹಂದರದ ಡಿಕೋಡಿಂಗ್,ট্রেলিস ডিকোডিং
ಕಂದಕ ಮತ್ತು ಮಾರ್ಗ,পরিখা এবং জলবাহী
ಪ್ರಚೋದಕ ಸರ್ಕ್ಯೂಟ್,ট্রিগার সার্কিট
ಆವರಣಿಸು,ট্রিম
ಟ್ರಿಮ್ಮಿಂಗ್,ছাঁটাই
ಟ್ರಿಗೋಡ್,ট্রিপড
ಉಷ್ಣವಲಯ,ট্রপোস্ফিয়ার
ಮೊಟಕುಗೊಳಿಸುವಿಕೆ,কাটা কাটা
ಸತ್ಯ ಟೇಬಲ್,সঠিক তালিকা
ಮೊಲದ,সুরযুক্ত
ಕೋನಗಾರ,টিউনার
ಹಗಲಿಕೆ,টিউনিং
ಸುರಂಗದ ಡಯೋಡ್,টানেল ডায়োড
ಸುರಂಗನ,টানেলিং
ನಿರ್ವಹಣೆಯನ್ನು ತಿರುಗಿಸಿ,পরিচালন ঘুরে দেখুন
ಟೇಬಲ್ ತಿರುಗಿ,টেবিল ঘুরিয়ে
ಸೆಳೆತ,টুইটার
ತಿರುಚಿದ,পাকানো
ತಿರುಚಿದ ಜೋಡಿ ಕೇಬಲ್,বাঁকানো জোড় কেবল
ಅಸಮತೋಲಿತ ಆಡಿಯೊ ಮಾರ್ಗ,ভারসাম্যহীন অডিও লাইন
ವೋಲ್ಟೇಜ್ ಅಡಿಯಲ್ಲಿ,ভোল্টেজের অধীনে
ಏಕೀಕರಣ,একীভূত
ಸಾರ್ವತ್ರಿಕ ಗೇಟ್,ইউনিভার্সাল গেট
ಯುನಿವರ್ಸಲ್ ನೆಟ್ವರ್ಕ್,ইউনিভার্সাল নেটওয়ার্ক
ಗಮನಿಸದ ಫಿಲ್ಟರ್,অদম্য ফিল্টার
ಕರ್ವರ್ಟರ್,রূপান্তরকারী
ಉರುಳಿಸು,আপলিংক
ಉರುಳಿಸು,আপলোড
ಬಳಸಬಹುದಾದ ಕ್ಷೇತ್ರ ಶಕ್ತಿ,ব্যবহারযোগ্য ক্ষেত্র শক্তি
ಮೌಲ್ಯವರ್ಧಿತ ಸೇವೆಗಳು,মান যোগ পরিষেবা
ವೈವಿಧ್ಯ,ভেরাক্টর ডায়োড
ವೇರಿಯಬಲ್,পরিবর্তনশীল
ವೇರಿಯಬಲ್ ಏರಿಯಾ ಸೌಂಡ್ ಟ್ರ್ಯಾಕ್,পরিবর্তনশীল অঞ্চল সাউন্ড ট্র্যাক
ವೇರಿಯಬಲ್ ಡೇಟಾ ದರ ಸಂಕೋಚನ,পরিবর্তনশীল ডেটা রেট সংক্ষেপণ
ವೇರಿಯಬಲ್ ಸಾಂದ್ರತೆಯ ಧ್ವನಿ ಟ್ರ್ಯಾಕ್,পরিবর্তনশীল ঘনত্ব সাউন্ড ট্র্যাক
ವೇರಿಯಬಲ್ output ಟ್‌ಪುಟ್ ಡೇಟಾ ದರ,পরিবর্তনশীল আউটপুট ডেটা হার
ಸಕಲ,ভেক্টর
ವೆಕ್ಟರ್ ಪ್ರತಿರೋಧ ಮೀಟರ್,ভেক্টর প্রতিবন্ধকতা মিটার
ವೆಕ್ಟರ್ ನೆಟ್ವರ್ಕ್ ವಿಶ್ಲೇಷಕ,ভেক্টর নেটওয়ার্ক বিশ্লেষক
ಬೆಳಕಿನ ವೇಗ,আলোর বেগ
ಬಾಕ್ಸ್,ভেন্টেড বক্স
ಬಹುಮುಖತನ,বহুমুখিতা
ಆವೃತ್ತಿ,সংস্করণ
ಲಂಬ ಸಮತಲ,উল্লম্ব বিমান
ಲಂಬವಾಗಿ ಧ್ರುವೀಕರಿಸಿದ,উল্লম্বভাবে মেরুকৃত
ವೆಸ್ಟಿಜಿಯಲ್ ಸೈಡ್ ಬ್ಯಾಂಡ್ (ವಿಎಸ್ಬಿ),ভেস্টিগিয়াল সাইড ব্যান্ড (ভিএসবি)
ಸ್ಪಂದನ,কম্পন
ಕಂಪಿಸುವ,ভাইব্রেটার
ವೀಡಿಯೊ,ভিডিও
ವೀಡಿಯೊ ವರ್ಧಕ,ভিডিও পরিবর্ধক
ವಿಡಿಯೋ ಸರಪಳಿ,ভিডিও চেইন
ವೀಡಿಯೊ ಗುಣಲಕ್ಷಣಗಳು,ভিডিও বৈশিষ্ট্য
ವಿಡಿಯೋ ಕೋಡ್,ভিডিও কোড
ವೀಡಿಯೊ ಸಂಕೋಚನ,ভিডিও সংক্ষেপণ
ವಿಡಿಯೋ ಕಾನ್ಫರೆನ್ಸಿಂಗ್,ভিডিও কনফারেন্সিং
ವೀಡಿಯೊ ಗ್ರಾಫಿಕ್ಸ್ ಅಡಾಪ್ಟರ್,ভিডিও গ্রাফিক্স অ্যাডাপ্টার
ವೀಡಿಯೊ ಸ್ಟ್ರೀಮಿಂಗ್,ভিডিও স্ট্রিমিং
ವೀಡಿಯೊ ಸ್ವಿಚರ್,ভিডিও স্যুইচার
ವಿಗ್ರಹಶಾಸ್ತ್ರ,ভিডিওগ্রাফি
ನೋಟ,দেখুন
ದೂರ ವೀಕ್ಷಿಸುವುದು,দূরত্ব দেখার
ವಾಸ್ತವವಾದ,অপার্থিব
ವರ್ಚುವಲ್ ವಿಳಾಸ,ভার্চুয়াল ঠিকানা
ವರ್ಜುವಲ್ ಎತ್ತರ,ভার্চুয়াল উচ্চতা
ವರ್ಚುವಲ್ ಮೆಮೊರಿ,ভার্চুয়াল মেমরি
ವರ್ಚುವಲ್ ಖಾಸಗಿ ನೆಟ್‌ವರ್ಕ್,ভার্চুয়াল ব্যক্তিগত নেটওয়ার্ক
ವರ್ಚುವಲ್ ರಿಯಾಲಿಟಿ,ভার্চুয়াল বাস্তবতা
ವೈರಸ್,ভাইরাস
ಸ್ನಿಗ್ಧತೆ,সান্দ্রতা
ಗೋಚರತೆ,দৃশ্যমানতা
ದೃಷ್ಟಿ,দৃষ্টি
ದೃಷ್ಟಿ ಪ್ರದರ್ಶನ,চাক্ষুষ প্রদর্শন
ದೃಶ್ಯ ತಪಾಸಣೆ,চাক্ষুষ পরিদর্শন
ದೃಶ್ಯ ರೇಡಿಯೋ,ভিজ্যুয়াল রেডিও
ಧ್ವನಿ ಆವರ್ತನ,ভয়েস ফ্রিকোয়েন্সি
ಧ್ವನಿ ಮೇಲ್,ভয়েস মেল
ವಾಯ್ಸ್ ಓವರ್ ಐಪಿ,আইপি ওভার ভয়েস
ವಾಯ್ಸ್ ಓವರ್ ರೆಕಾರ್ಡಿಂಗ್ (VOR),ভয়েস ওভার রেকর্ডিং (ভিওআর)
ಬಾಷ್ಪಶೀಲ ದ್ರವ,উদ্বায়ী তরল
ಬಾಷ್ಪಶೀಲ ಸ್ಮರಣೆ,উদ্বায়ী স্মৃতি
ವಾತಾವರಣ,ভোল্ট
ವೋಲ್ಟೇಜ್,"ভোল্টেজ, বৈদ্যুতিক একক বিশেষ"
ವೋಲ್ಟೇಜ್ ನಿಯಂತ್ರಿತ ಆಂದೋಲಕ (ವಿಸಿಒ),ভোল্টেজ নিয়ন্ত্রিত দোলক (ভিসিও)
ವೋಲ್ಟೇಜ್ ವಿವರಣೆ,ভোল্টেজ ফ্ল্যাকটুয়েশন
ವೋಲ್ಟೇಜ್ ನಿಯಂತ್ರಣ,ভোল্টেজ প্রবিধান
ವೋಲ್ಟೇಜ್ ಸಾಗ್,ভোল্টেজ সাগ
ವೋಲ್ಟೇಜ್ ಸ್ಪೈಕ್,ভোল্টেজ স্পাইক
ವೋಲ್ಟೇಜ್ ಸ್ಥಿರೀಕರಣ,ভোল্টেজ স্ট্যাবিলাইজার
ವೋಲ್ಟೇಜ್ ಸ್ಟ್ಯಾಂಡಿಂಗ್ ವೇವ್ ಅನುಪಾತ,ভোল্টেজ স্থায়ী তরঙ্গ অনুপাত
ವೋಲ್ಟ್ಮತಿ,ভোল্টমিটার
ಪರಿಮಾಣ,ভলিউম
ಪರಿಮಾಣ ನಿಯಂತ್ರಣ,ভলিউম নিয়ন্ত্রণ
ಕಾಯುವ ಸಮಯ,অপেক্ষা করার সময়
ವಾಟರ್ ಮಾರ್ಕೆ,ওয়াটারমার্কিং
ವ್ಯಾಟ್ (ಡಬ್ಲ್ಯೂ),ওয়াট (ডাব্লু)
ವ್ಯಾಟ್ ಅವರ್,ওয়াট আওয়ার
ವಾಟ್ಲೆಸ್ ಕಾಂಬನೆ,ওয়াটলেস উপাদান
ಅಲೆ,তরঙ্গ
ತರಂಗ ಚಲನೆ,তরঙ্গ গতি
ತರಂಗ ರೂಪ,তরঙ্গরূপ
ತರಂಗ ಮುಂಭಾಗ,ওয়েভফ্রন্ট
ತರಂಗ ಮಾರ್ಗ,ওয়েভগাইড
ತರಂಗಾಂತರ,তরঙ্গদৈর্ঘ্য
ತರಂಗಿ,ওয়েভলেট
ಜಾಲ,ওয়েব
ವೆಬ್ ಬ್ರೌಸರ್,ওয়েব ব্রাউজার
ಅಂತರ್ಜಾಲ ಪುಟ,ওয়েব পৃষ্ঠা
ವೆಬ್ ಪೋರ್ಟ,ওয়েব পোর্টাল
ವೆಬ್ ಸರ್ವರ್,ওয়েব সার্ভার
ವೆಬ್‌ಕಾಗ್ನಿಂಗ್,ওয়েবকাস্টিং
ವೆಕ್ಟೈಸ್,ওয়েবোপিডিয়া
ಜಾಲತಾಣ,ওয়েবসাইট
ತೂಕದ ಫಿಲ್ಟರ್,ওজনযুক্ত ফিল্টার
ಆರ್ದ್ರ ಬಲ್ಬ್ ತಾಪಮಾನ,ভেজা বাল্ব তাপমাত্রা
ಬಿಳಿಯ ಶಬ್ದ,সাদা গোলমাল
ವೈಡ್ ಆಂಗಲ್ ಲೆನ್ಸ್,ওয়াইড এঙ্গেল লেন্স
ವಿಶಾಲ ಪ್ರದೇಶ ಜಾಲ,প্রশস্ত অঞ্চল নেটওয়ার্ক
ವೈವಿಧ್ಯ,ওয়াইডব্যান্ড
ವಿಕಾಮ,উইকিমিডিয়া
ವಿಕಿಪಂತ,উইকিপিডিয়া
ಉಚ್chೇದಕ ಡಿಸ್ಕ್,উইনচেস্টার ডিস্ক
ಕಿಟಕಿಗಳು,উইন্ডোজ
ವಿಂಡೋಸ್ ಮೀಡಿಯಾ ಪ್ಲೇಯರ್,উইন্ডোজ মিডিয়া প্লেয়ার
ಗಾಳಿಗಲ್ಲು,উইন্ডশীল্ড
ತಂತಿ,তার
ನಂದದೆ,ওয়্যারলেস
ವೈರ್‌ಲೆಸ್ ಪ್ರಸಾರ,ওয়্যারলেস ট্রান্সমিশন
ವೈರಿಂಗ್,তারের
ವೂಫರ್,ওফার
ಪದ ಸಂಸ್ಕರಣೆ,শব্দ প্রক্রিয়াকরণ
ಪದ ಸಂಸ್ಕಾರಕ,ওয়ার্ড প্রসেসর
ಕೆಲಸದ ಪ್ರಕ್ರಿಯೆ,কার্য পদ্ধতি
ಕೆಲಸದ ಸ್ಥಳ,কাজের জায়গা
ಕೆಲಸದವಳು,ওয়ার্কগ্রুপ
ಕೆಲಸದ ಹೊರೆ,কাজের চাপ
ಕಾರ್ಯಾಗಾರ,কর্মশালা
ಕಾರ್ಯಗತತೆ,ওয়ার্কস্টেশন
ವಿಶ್ವಾದ್ಯಂತ ವೆಬ್ (www),বিশ্বব্যাপী ওয়েব (www)
ಗಾಯದ ರೋಟರ್,ক্ষত রটার
ವಾಹ್ ಮತ್ತು ಬೀಸುವುದು,বাহ এবং ঝাপটায়
YouTube,আপনি টিউব
ಖನಿಜ,জেনিথ
ಅ ೦ ಗಡಿ,জিগজ্যাগ
ಪಂಜಾದ,জিপ
ಜಿಪ್ ಫೈಲ್‌ಗಳು,জিপ ফাইল
ಜಿಪುಣ,জিপড
ವಲಯ,মণ্ডল
,জুম
ಇನ್ನು ಹತ್ತಿರವಾಗಿಸಿ,প্রসারিত করো
ಜೂಮ್ ಮೈಕ್ರೊಫೋನ್,জুম মাইক্রোফোন
ಜೂಮ್ .ಟ್,ছোট করা
ಚಾಚು,জুমিং
