Punjabi,Bengali
ਐਸਿਡੌਇਡ,অ্যাসিডয়েড
ਏਓਲੀਅਨ ਮਿੱਟੀ,বায়বীয় মাটি
ਕੁੱਲ,সমষ্টি
ਐਗਰੀਗੇਸ਼ਨ,সমষ্টি
ਖੇਤੀ ਵਿਗਿਆਨ,কৃষিবিদ্যা
ਖੇਤੀ ਵਿਗਿਆਨ,কৃষিবিদ্যা
ਏ-ਹੋਰੀਜ਼ਨ,A- দিগন্ত
ਆਉ-ਦਿਮਾਗ,আও-দিগন্ত
ਆਉ—ਅੰਦਾਜ਼,আও-দিগন্ত
ਮਿੱਟੀ ਦੀ ਹਵਾ ਦੀ ਸਮਰੱਥਾ,মাটির বায়ু ক্ষমতা
ਮਿੱਟੀ ਦੀ ਹਵਾ ਸਮੱਗਰੀ,মাটির বায়ু উপাদান
ਏਅਰ ਪਿਕਨੋਮੀਟਰ,এয়ার পিকনোমিটার
ਐਲੀਟਿਕ ਮਿੱਟੀ,অ্যালিটিক মাটি
ਐਲਵੀਅਲ ਮਿੱਟੀ,পলিমাটি
ਐਮਫੋਲੀਟੋਇਡ,অ্যামফোলাইটয়েড
ਐਨੀਅਨ,অ্যানিয়ন
"ਸਪੱਸ਼ਟ ਖਾਸ ਗਰੈਵਿਟੀ ਵਾਲੀਅਮ ਭਾਰ ਜਾਂ ਬਲਕ ਖਾਸ ਗਰੈਵਿਟੀ,&quot;","আপাত নির্দিষ্ট মাধ্যাকর্ষণ আয়তনের ওজন বা বাল্ক নির্দিষ্ট মাধ্যাকর্ষণ,&quot;"
ਅਰਿਸ,আরিস
ਐਸ਼ਲਰ ਵਧੀਆ ਚਿਣਾਈ,আশলার সূক্ষ্ম গাঁথনি
ਐਸ਼ਲਰ ਚਿਣਾਈ,আশলার রাজমিস্ত্রি
ਅਜੋਨਲ ਮਿੱਟੀ,অ্যাজোনাল মাটি
ਪਿਛਲਾ ਅਦਾਕਾਰ,পেছনের অভিনেতা
ਪਿਛਲਾ arch,পিছনের খিলান
ਬੈਕ ਬੈਂਡ,ব্যাক ব্যান্ড
ਪਿੱਛੇ ਬੁਰਸ਼,পিছনের ব্রাশ
ਵਾਪਸ ਜਾਂਚ,ফিরে চেক
ਪਿੱਛੇ ਕਾਊਂਟਰ,পিছনে কাউন্টার
ਵਾਪਸ ਕੱਟਣਾ,পিছনে কাটা
ਬੈਕ ਡਰਾਫਟ ਡੈਂਪਰ,ব্যাক ড্রাফ্ট ড্যাম্পার
ਬੈਕ ਡਰੇਨ,পিছনের ড্রেন
ਬੈਕ ਡਰਾਪ,ব্যাকড্রপ
ਵਾਪਸ ਭਰੋ,ব্যাক ফিল
ਬੈਕ ਫਿਲਲੇਟ,ব্যাক ফিললেট
ਬੈਕ ਫਲੈਪ ਹਿੰਗ,পিছনে ফ্ল্যাপ কবজা
ਵਾਪਸ ਵਹਾਅ ਕੁਨੈਕਸ਼ਨ,পিছনে প্রবাহ সংযোগ
ਬੈਕ ਵਹਾਅ ਰੋਕਣ ਵਾਲਾ,পিছনে প্রবাহ প্রতিরোধক
ਬੈਕ ਗੇਜ,ব্যাক গেজ
ਪਿਛਲਾ ਗਟਰ,পিছনে নর্দমা
ਪਿਛਲਾ ਚੁੱਲ੍ਹਾ,পিছনের চুলা
ਬੈਕਿੰਗ,ব্যাকিং
ਬੈਕਿੰਗ ਬੋਰਡ,ব্যাকিং বোর্ড
ਪਿੱਠ ਦਾ ਦਬਾਅ,ফিরতি চাপ
ਬੈਕ ਪ੍ਰੋਪ,পিছনে প্রপ
ਪਿੱਛੇ ਦੀ ਨਜ਼ਰ,পিছনের দৃষ্টি
ਵਾਪਸ ਪਾਣੀ,পিঠের জল
ਘਬਰਾਹਟ,বিভ্রান্ত
ਬੈਗਵਰਕ,ব্যাগওয়ার্ক
ਬੈਲਸਟ,ব্যালাস্ট
ਬਾਲ ਮਿੱਟੀ,বল কাদামাটি
ਬਾਲ ਕੋਨ ਕਲੈਂਪ,বল শঙ্কু বাতা
ਕੰਡਿਆਲੀ ਤਾਰ,কাঁটাতার
ਬਾਰ ਕੁੱਤਾ,বার কুকুর
ਬਾਰਜ ਬੋਰਡ,বার্জ বোর্ড
ਬੇਰੀਅਮ ਸਲਫੇਟ ਟੈਸਟ,বেরিয়াম সালফেট পরীক্ষা
ਬੈਰਾਜ,ব্যারেজ
ਬੈਰੇਟ,ব্যারেট
ਅਧਾਰ,বেস
ਬੇਸ ਐਕਸਚੇਂਜ,বেস বিনিময়
ਬੇਸ ਲਾਈਨ,বেস লাইন
ਬੇਸਮੈਂਟ,বেসমেন্ট
ਬੇਸਮੈਂਟ ਦੀ ਕੰਧ,বেসমেন্ট প্রাচীর
ਬੇਸ ਪਲੇਟ,বেস প্লেট
"ਬੇਸ ਪਲੇਟ, ਅਨੁਕੂਲ","বেস প্লেট, নিয়মিত"
ਬੇਸ ਸੰਤ੍ਰਿਪਤਾ,বেস স্যাচুরেশন
ਬੇਸੌਇਡ,বেসয়েড
ਬੱਲਾ,ব্যাট
ਇਸ਼ਨਾਨ ਅਤੇ ਡਬਲਯੂ.ਸੀ,স্নান এবং WC
ਬੈਟਰ ਪੈਗ,ব্যাটার পেগ
ਬੈਟਰ ਪੀਅਰ,ব্যাটার পিয়ার
ਬੈਟਰ ਨਿਯਮ,ব্যাটারের নিয়ম
ਬਾਲਕ (ਬਾਲਕ),বাল্ক (বাল্ক)
ਬੇ,বে
ਧਾਰਕ,বহনকারী
ਬੇਅਰਿੰਗ ਸਮਰੱਥਾ,ভারবহন ক্ষমতা
ਬੇਅਰਿੰਗ ਪਾਇਲ,ভারবহন গাদা
ਬੇਅਰਿੰਗ ਸਟ੍ਰੈਟਮ,ভারবহন স্তর
ਬਿਸਤਰਾ,বিছানা
ਬਿਸਤਰੇ ਦਾ ਜਹਾਜ਼,বেডিং প্লেন
ਬਿਸਤਰਾ ਜੋੜ,বেড জয়েন্ট
ਬੈੱਡ ਰੌਕ,বিছানা শিলা
ਬੈੱਡ ਰੂਮ,শয়নকক্ষ
ਮੋਮ,মোম
ਘੰਟੀ ਬਾਕਸ,বেল বক্স
ਘੰਟੀ ਵਾਲੀ ਬਾਲਟੀ,বেলিং বালতি
ਬੇਲੋਫ੍ਰਾਮ,বেলোফ্রাম
ਬੈਂਚਡ ਫਾਊਂਡੇਸ਼ਨ,বেঞ্চড ফাউন্ডেশন
ਬੈਂਚਿੰਗ,বেঞ্চিং
ਬੇਂਚਮਾਰਕ,মাপকাঠি
ਲਾਭ ਲਾਗਤ ਵਿਸ਼ਲੇਸ਼ਣ,বেনিফিট খরচ বিশ্লেষণ
ਬਰਮ,বারম
Bevelled ਬੰਦ,বেভেলড ক্লোজার
"ਬੀ-ਹੋਰੀਜ਼ਨ,&quot;ਬੀ-","বি-দিগন্ত,&quot;বি-"
ਬਾਇਟ,বিয়াট
ਬਿੰਦਰ,বাইন্ডার
ਬਾਈਡਿੰਗ ਸਮੱਗਰੀ,বাঁধাই উপাদান
ਬਾਇਓਟ ਦਾ ਸਿਧਾਂਤ,বায়োটের তত্ত্ব
ਬਿਟੂਮਨ,বিটুমেন
ਕਾਲੀ ਕਪਾਹ ਦੀ ਮਿੱਟੀ,কালো তুলার মাটি
ਕਾਲੀ ਧਰਤੀ,কালো পৃথিবী
ਕਾਲੀ ਮੈਦਾਨ ਵਾਲੀ ਮਿੱਟੀ,কালো টার্ফ মাটি
ਬਲੇਡ,ব্লেড
ਬਲਾਸਟ ਫਰਨੇਸ ਸਲੈਗ ਸੀਮਿੰਟ,ব্লাস্ট ফার্নেস স্ল্যাগ সিমেন্ট
ਬਲਾਕੀ ਬਣਤਰ,অবরুদ্ধ কাঠামো
ਬੋਗੀ ਪ੍ਰਤੀਰੋਧ,বগি প্রতিরোধ
ਬੋਗ-ਲੋਹੇ ਦਾ ਧਾਤ,বগ-লোহা আকরিক
ਬਾਂਡ,বন্ধন
ਬੰਧੂਆ ਮੈਂਬਰ,বন্ডেড সদস্য
ਬੰਧੂਆ ਪੋਸਟ ਤਣਾਅ,বন্ধন পোস্ট উত্তেজনা
ਬੰਧਨ ਪੱਥਰ,বন্ড পাথর
ਬੰਨ੍ਹ ਪਾਣੀ,আবদ্ধ জল
ਬਾਕਸ ਗਟਰ,বক্স নর্দমা
ਬ੍ਰੇਸ,বন্ধনী
ਇੱਟ-ਤੇ-ਕਿਨਾਰੇ,ইট-অন-এজ
ਲਗਾਮ,লাগাম
ਚਮਕ,উজ্জ্বলতা
ਭੂਰੀ ਮਿੱਟੀ,বাদামী মাটি
ਬਿਲਡਿੰਗ,বিল্ডিং
ਬਿਲਡਿੰਗ ਸਰਵੇਅਰ,বিল্ডিং সার্ভেয়ার
ਬਫਰ,বাফার
ਬਫਰ ਕਰਵ,বাফার বক্ররেখা
ਬਫਰਿੰਗ,বাফারিং
ਬਫਰਿੰਗ ਸਮਰੱਥਾ,বাফার ক্ষমতা
ਬੰਦਰ,বান্দর
ਬਟਰਸ,বাট্রেস
ਸੀ-ਹੋਰੀਜ਼ਨ,সি-দিগন্ত
ਕੇਬਲ,তারের
ਕੇਬਲ ਮੋਲਡਿੰਗ,তারের ছাঁচনির্মাণ
ਕੇਬਲਿੰਗ,ক্যাবলিং
ਕੈਬਿਨ,কেবিন
ਕੈਬਿਨ ਹੁੱਕ,কেবিন হুক
ਕੈਬਨਿਟ,মন্ত্রিসভা
ਕੈਬੋਲਟ ਨੇ ਛੱਡ ਦਿੱਤਾ,ক্যাবল্টের পদত্যাগ
ਕੈਫੇਟੇਰੀਆ,ক্যাফেটারিয়া
ਪਿੰਜਰਾ,খাঁচা
ਪਿੰਜਰੇ ਦੀ ਉਸਾਰੀ,খাঁচা নির্মাণ
ਕੈਨ ਦਾ ਫਾਰਮੂਲਾ,কেইনের সূত্র
ਕੈਸਨ,কাইসন
ਕੈਸਨ ਦੀ ਬਿਮਾਰੀ,ক্যাসন রোগ
ਕੈਸਨ ਫਾਊਂਡੇਸ਼ਨ,ক্যাসন ফাউন্ডেশন
ਕੈਸਨ ਢੇਰ,Caisson pile
ਕੈਲੇਰੀਅਸ ਇੱਟ,চুনযুক্ত ইট
ਚੂਨੇ ਵਾਲੀ ਮਿੱਟੀ,চুনযুক্ত কাদামাটি
ਛਾਲੇਦਾਰ ਛਾਲੇ,চুনযুক্ত ভূত্বক
ਕੈਲਸੀਫਿਕੇਸ਼ਨ,ক্যালসিফিকেশন
ਕੈਲਸੀਨੇਸ਼ਨ,ক্যালসিনেশন
ਕੈਲਸੀਨ,ক্যালসিন
ਕੈਲਸਾਈਟ,ক্যালসাইট
ਕੈਲਸ਼ੀਅਮ-ਐਲੂਮੀਨੇਟ ਸੀਮਿੰਟ,ক্যালসিয়াম-অ্যালুমিনেট সিমেন্ট
ਕੈਲਸ਼ੀਅਮ-ਸਿਲੀਕੇਟ ਇੱਟ,ক্যালসিয়াম-সিলিকেট ইট
ਕੈਲਸ਼ੀਅਮ-ਸਿਲੀਕੇਟ ਹਾਈਡਰੇਟ,ক্যালসিয়াম-সিলিকেট হাইড্রেট
ਕੈਲੀਚੇ,ক্যালিছে
ਕੈਲੀਫੋਰਨੀਆ ਬੇਅਰਿੰਗ ਅਨੁਪਾਤ,ক্যালিফোর্নিয়া ভারবহন অনুপাত
ਕੈਲੀਪਰ,ক্যালিপার
ਕੈਲੋਰੀਮੀਟਰ,ক্যালোরিমিটার
ਕੈਮਬਰ,ক্যাম্বার
ਨਹਿਰ,খাল
ਕੈਨੋਪੀ,ক্যানোপি
Cantilever ਪੈਰ,ক্যান্টিলিভার ফুটিং
ਕੈਪ,ক্যাপ
ਸਮਰੱਥਾ,ক্ষমতা
ਏਲ ਟ੍ਰੈਕ ਦੀ ਸਮਰੱਥਾ,আইল ট্র্যাকের ক্ষমতা
ਕੈਪ ਕੇਬਲ,ক্যাপ তারের
ਕੈਪੀਲੇਰਿਟੀ,কৈশিকতা
ਕੇਸ਼ਿਕਾ ਬਰੇਕ,কৈশিক বিরতি
ਕੇਸ਼ੀਲ ਪ੍ਰਵਾਹ,কৈশিক প্রবাহ
ਕੇਸ਼ਿਕਾ ਨਮੀ ਜਾਂ ਕੇਸ਼ੀਲ ਪਾਣੀ,কৈশিক আর্দ্রতা বা কৈশিক জল
ਕੇਸ਼ਿਕਾ ਪੋਰ ਸਪੇਸ,কৈশিক ছিদ্র স্থান
ਕੇਸ਼ਿਕਾ ਪੋਰੋਸਿਟੀ,কৈশিক ছিদ্র
ਕੇਸ਼ੀਲ ਸਪੇਸ,কৈশিক স্থান
ਵੇਗ ਕੈਪਚਰ ਕਰੋ,ক্যাপচার বেগ
ਕਾਰਬਨੇਸ਼ਨ,কার্বনেশন
ਕਾਰਬਨ ਕਾਲਾ,কার্বন কালো
ਕਾਸਟਬਲ ਰਿਫ੍ਰੈਕਟਰੀ,কাস্টবল অবাধ্য
ਕਾਸਟ-ਇਨ-ਪਲੇਸ ਜਾਂ ਕਾਸਟ-ਇਨ-ਸੀਟੂ,কাস্ট-ইন-প্লেস বা কাস্ট-ইন-সিটু
ਕਾਸਟ-ਇਨ-ਪਲੇਸ ਢੇਰ,কাস্ট-ইন-প্লেস গাদা
ਕੈਸਟਰ,ক্যাস্টর
ਪੱਥਰ ਸੁੱਟੋ,ঢালাই পাথর
ਉਤਪ੍ਰੇਰਕ,প্রভাবক
ਕੈਟੇਨਾ,ক্যাটেনা
ਬਿੱਲੀ ਦਾ ਚਿਹਰਾ,বিড়ালের মুখ
ਬਿੱਲੀ ਦਾ ਸਿਰ,বিড়ালের মাথা
ਕੈਸ਼ਨ,ক্যাটান
ਬਿੱਲੀ ਵਾਕ,বিড়াল হাঁটা
Cavitation ਨੁਕਸਾਨ,গহ্বরের ক্ষতি
ਸੇਲੀਟ,সেলাইট
ਸੈਲੂਲਰ ਕੰਕਰੀਟ,সেলুলার কংক্রিট
ਸੈਲੂਲਰ ਉਸਾਰੀ,সেলুলার নির্মাণ
ਸੀਮਿੰਟ,সিমেন্ট
"ਸੀਮਿੰਟ, ਬਿਟੂਮਿਨਸ","সিমেন্ট, বিটুমিনাস"
"ਸੀਮਿੰਟ, ਉੱਚ ਤਾਕਤ","সিমেন্ট, উচ্চ শক্তি"
"ਸੀਮਿੰਟ, ਹਾਈਡ੍ਰੌਲਿਕ","সিমেন্ট, জলবাহী"
"ਸੀਮਿੰਟ, ਘੱਟ ਗਰਮੀ","সিমেন্ট, কম তাপ"
"ਸੀਮਿੰਟ, ਚਿਣਾਈ","সিমেন্ট, রাজমিস্ত্রি"
"ਸੀਮਿੰਟ, ਕੁਦਰਤੀ","সিমেন্ট, প্রাকৃতিক"
"ਸੀਮਿੰਟ, ਪੋਰਟਲੈਂਡ","সিমেন্ট, পোর্টল্যান্ড"
"ਸੀਮਿੰਟ, ਪੋਰਟਲੈਂਡ ਬਲਾਸਟ ਫਰਨੇਸ ਸਲੈਗ","সিমেন্ট, পোর্টল্যান্ড ব্লাস্ট ফার্নেস স্ল্যাগ"
"ਸੀਮਿੰਟ, ਪੋਰਟਲੈਂਡ ਪੋਜ਼ੋਲਨ","সিমেন্ট, পোর্টল্যান্ড পোজোলান"
"ਸੀਮਿੰਟ, ਸਲੈਗ","সিমেন্ট, স্ল্যাগ"
"ਸੀਮਿੰਟ, ਸਲਫੇਟ ਰੋਧਕ","সিমেন্ট, সালফেট প্রতিরোধী"
"ਸੀਮਿੰਟ, ਸੁਪਰ ਸਲਫੇਟਿਡ","সিমেন্ট, সুপার সালফেটেড"
"ਸੀਮਿੰਟ, ਚਿੱਟਾ","সিমেন্ট, সাদা"
ਸੀਮਿੰਟ-ਐਗਰੀਗੇਟ ਅਨੁਪਾਤ,সিমেন্ট-সমষ্টি অনুপাত
ਸੀਮਿੰਟ ਸਮੱਗਰੀ,সিমেন্ট সামগ্রী
ਸੀਮਿੰਟ ਜੈੱਲ,সিমেন্ট জেল
ਸੀਮਿੰਟ ਬੰਦੂਕ,সিমেন্টের বন্দুক
ਸੀਮਿੰਟ ਭੱਠਾ,সিমেন্টের ভাটা
ਸੀਮਿੰਟ ਪੇਂਟ,সিমেন্ট পেইন্ট
ਸੀਮਿੰਟ ਪਲਾਸਟਰ,সিমেন্ট প্লাস্টার
ਸੀਮਿੰਟ ਚੱਟਾਨ,সিমেন্ট শিলা
ਸੀਮਿੰਟ ਸਲਰੀ,সিমেন্ট স্লারি
ਸੀਮਿੰਟ ਸਟੋਰੇਜ਼,সিমেন্ট স্টোরেজ
ਸੀਮੈਂਟੇਸ਼ਨ ਪ੍ਰਕਿਰਿਆ,সিমেন্টেশন প্রক্রিয়া
ਸੈਂਟਰਿੰਗ,কেন্দ্রীভূত করা
ਸੈਂਟਰਿੰਗ ਅਤੇ ਸ਼ਟਰਿੰਗ,সেন্টারিং এবং শাটারিং
ਕੇਂਦਰੀ ਮਿਸ਼ਰਤ ਕੰਕਰੀਟ,কেন্দ্রীয় মিশ্র কংক্রিট
ਕੇਂਦਰੀ ਮਿਕਸਰ,কেন্দ্রীয় মিশুক
ਸੈਂਟਰਿਫਿਊਗਲ ਪੱਖਾ,কেন্দ্রাতিগ পাখা
ਚਾਕ,চক
ਚੈਂਫਰ,চেম্ফার
ਚੈਂਫਰ ਪੱਟੀ,চেম্ফার ফালা
ਚੈਨਲ ਬੀਮ,চ্যানেল বিম
ਵਿਸ਼ੇਸ਼ਤਾ ਲੋਡ,চরিত্রগত লোড
ਗੁਣ ਸ਼ਕਤੀ,চারিত্রিক শক্তি
ਚਾਰਜ ਬੰਦ,বন্ধ চার্জ
ਚਾਰਜ ਹੋ ਰਿਹਾ ਹੈ,চার্জিং
ਜਾਂਚ ਕਰ ਰਿਹਾ ਹੈ,চেক করা হচ্ছে
ਰਸਾਇਣਕ ਬੰਧਨ,রাসায়নিক বন্ধন
ਚੇਰਨੋਜ਼ਮ,চেরনোজেম
ਚੈਸਟਨਟ ਮਿੱਟੀ,চেস্টনাট মাটি
ਚਿਮਨੀ ਗਟਰ,চিমনি নর্দমা
ਚਿੱਪ ਬੋਰਡ,চিপ বোর্ড
ਚਿੱਪਿੰਗ,চিপিং
ਚਿਪਸ,চিপস
ਚੂਤ,চুট
ਕਲਾਸ (ਕੰਕਰੀਟ ਦੀ),শ্রেণী (কংক্রিটের)
ਮਿੱਟੀ,কাদামাটি
ਮਿੱਟੀ ਦੀ ਸਮੱਗਰੀ,কাদামাটি বিষয়বস্তু
ਮਿੱਟੀ ਦਾ ਪੈਨ,মাটির প্যান
ਸਫਾਈ,পরিস্কার করা
ਸਾਫ਼ ਕਰੋ,পরিষ্কার কর
ਕਲੀਟ,ক্লিট
ਕਲਿੰਕਰ,ক্লিঙ্কার
ਕਲਿਪ,ক্লিপ
ਜੰਮਣਾ,জমাট বাঁধা
ਮੋਟਾ ਕੁੱਲ,মোটা সমষ্টি
ਮੋਟੇ ਦਾਣੇ ਵਾਲੀ ਮਿੱਟੀ,মোটা দানাদার মাটি
ਕੋਟ,কোট
ਕੋਫਰ ਡੈਮ,কফার বাঁধ
ਤਾਲਮੇਲ,সংহতি
ਕੋਲਾਇਡ,কলয়েড
ਕੋਲੋਇਡਲ ਨਮੀ ਦੇ ਬਰਾਬਰ ਅਨੁਪਾਤ,কোলয়েডাল আর্দ্রতা সমতুল্য অনুপাত
ਕੋਲੋਇਡਲ ਸਿਸਟਮ,কলয়েডাল সিস্টেম
ਕੋਲੋਵੀਅਲ ਮਿੱਟੀ,কোলুভিয়াল মাটি
ਕਾਲਮ,কলাম
ਕੰਬਡ ਮੁਕੰਮਲ,কম্বড ফিনিস
ਸੰਯੁਕਤ ਪੈਰ,সম্মিলিত পাদদেশ
ਸੰਯੁਕਤ ਪਾਣੀ,মিলিত জল
ਸਾਂਝਾ ਕਮਰਾ,বৈঠকখানা
ਮੁਕੰਮਲਤਾ ਸਰਟੀਫਿਕੇਟ,সমাপনী সনদ
ਕੰਪੋਨੈਂਟ ਵਰਗ,উপাদান বর্গক্ষেত্র
ਕੰਕਰੀਟ,কংক্রিট
ਕੰਕਰੀਸ਼ਨ,কংক্রিশন
ਏਕੀਕ੍ਰਿਤ ਦਰ/ਫਲੈਟ ਦਰ,একত্রিত হার/সমতল হার
ਗੰਦਗੀ,দূষক
ਐਲਕੋਵ ਪਕਾਉਣਾ,আলকোভ রান্না করা
ਮੁਕਾਬਲਾ ਕਰਨਾ,মোকাবিলা করা
ਕੋਰਬੇਲ,করবেল
ਕਾਰਨੀਸ,কার্নিস
ਕਪਲਰ,কাপলার
"ਕਪਲਰ, ਡਬਲ","যুগল, দ্বিগুণ"
"ਕਪਲਰ, ਪੁਟਲੌਗ","কাপলার, পুটলগ"
"ਕਪਲਰ, ਘੁਮਾਣ ਵਾਲਾ","কাপলার, সুইভেল"
ਕੋਰਸ,কোর্স
ਕੋਰਸ ਕੀਤਾ ਬੇਤਰਤੀਬ ਮਲਬੇ ਦੀ ਚਿਣਾਈ,র্যান্ডম ধ্বংসস্তূপ রাজমিস্ত্রি কোর্স করা
ਕਵਰ ਕੀਤਾ ਖੇਤਰ,ঢাকা এলাকা
ਕ੍ਰੀਪ,হামাগুড়ি
ਕ੍ਰੀਪ ਗੁਣਾਂਕ,ক্রীপ সহগ
ਕਰੋਟੋਵਾਈਨ,ক্রোটোভাইন
ਕਾਂ ਦੇ ਪੈਰ,কাকের পা
ਟੁਕੜਾ ਬਣਤਰ,চূর্ণবিচূর্ণ গঠন
ਕਰਬ,প্রতিবন্ধক
ਵਰਤਮਾਨ,কারেন্ট
ਕਰਵ ਪ੍ਰਤੀਰੋਧ,বক্ররেখা প্রতিরোধের
ਨਮੀ ਪਰੂਫ਼ ਕੋਰਸ,স্যাঁতসেঁতে প্রুফ কোর্স
ਮੁਕੰਮਲ ਹੋਣ ਦੀ ਮਿਤੀ,সমাপ্তির তারিখ
ਡੈੱਡ ਲੋਡ,মৃত লোড
ਮਰੇ ਹੋਏ ਪਾਣੀ,মরা জল
ਡੈਸੀਬਲ,ডেসিবেল
Deflocculation,ডিফ্লোকুলেশন
ਹਵਾਬਾਜ਼ੀ ਜਾਂ ਏਅਰ ਸਪੇਸ ਅਨੁਪਾਤ ਦੀ ਡਿਗਰੀ,বায়ুচলাচল বা বায়ু স্থান অনুপাত ডিগ্রী
ਏਕੀਕਰਣ ਦੀ ਡਿਗਰੀ,সমষ্টির ডিগ্রি
ਫੈਲਾਅ ਦੀ ਡਿਗਰੀ,বিচ্ছুরণ ডিগ্রী
ਸੰਤ੍ਰਿਪਤਾ ਦੀ ਡਿਗਰੀ,স্যাচুরেশন ডিগ্রী
ਘਣਤਾ,ঘনত্ব
ਮਾਰੂਥਲ ਫੁੱਟਪਾਥ,মরুভূমির ফুটপাথ
ਮਾਰੂਥਲ ਦੀ ਮਿੱਟੀ,মরুভূমির মাটি
ਵੇਰਵੇ,বিস্তারিত
ਵਿਕਾਸ ਦੀ ਮਿਆਦ,উন্নয়নের সময়কাল
ਡੀ-ਹੋਰੀਜ਼ਨ,ডি-দিগন্ত
ਵਿਕਰਣ ਬੰਧਨ,তির্যক বন্ধন
ਚਿੱਤਰ,ডায়াগ্রাম
ਡਿਜੀਟਲ ਡੌਕ,ডিজিটাল ডক
ਵਿਭਿੰਨ ਪਾਣੀ ਦੀ ਦਰ,পার্থক্য জলের হার
ਪਤਲਾ ਹਵਾਦਾਰੀ,পাতলা বায়ুচলাচল
ਡਾਇਲੁਵੀਅਮ,ডিলুভিয়াম
ਭੋਜਨ ਕਕਸ਼,খাবার কক্ষ
ਦਿਸ਼ਾ ਪੈਗ,দিকনির্দেশনা পেগ
ਫੈਲਾਅ,বিচ্ছুরণ
ਡਿਸਟੈਂਪਰ,ডিস্টেম্পার
ਡੌਕ,ডক
ਦਰਵਾਜ਼ਾ,দরজা
ਡੋਰਮਰ,ডর্মার
ਡੋਰਮਰ ਜਾਂਚ,ডর্মার চেক
ਡਬਲ ਫਲੇਮਿਸ਼ ਬਾਂਡ,ডাবল ফ্লেমিশ বন্ড
ਡਬਲ ਪਰਤ,ডবল লেয়ার
ਡੌਲ,দোয়েল
ਡਰਾਇੰਗ ਬੋਰਡ,অঙ্কন বোর্ড
ਡਰਾਇੰਗ ਰੂਮ,বৈঠকখানা
ਵਹਿਣਾ,প্রবাহ
ਸੁੱਕੇ ਬੱਲਬ ਦਾ ਤਾਪਮਾਨ,শুকনো বাল্বের তাপমাত্রা
ਸੁੱਕੀ ਡੌਕ,শুকনো ডক
ਸੁੱਕੀ ਰਬੜ ਦੀ ਚਿਣਾਈ,শুকনো রাবার রাজমিস্ত্রি
ਡੱਚ ਬਾਂਡ,ডাচ বন্ড
ਬੌਣੀ ਕੰਧ,বামন প্রাচীর
ਨਿਵਾਸ ਯੂਨਿਟ,বাস ইউনিট
ਈਵ,ইভ
ਈਵਸ ਗਟਰ,ইভস নর্দমা
ਆਰਥਿਕ ਵਿਵਹਾਰਕਤਾ,অর্থনৈতিক সম্ভাব্যতা
ਐਕਟੋਡਾਇਨਾਮੋਰਫਿਕ ਮਿੱਟੀ,এক্টোডাইনামরফিক মাটি
ਐਡੀ,এডি
ਪ੍ਰਭਾਵੀ ਆਕਾਰ,কার্যকরী আকার
ਪ੍ਰਫੁੱਲਤ,প্রস্ফুটিত
ਪ੍ਰਵਾਹ,বর্জ্য
ਉਚਾਈ,উচ্চতা
ਐਲੂਵੀਏਸ਼ਨ,ইলুভিয়েশন
ਐਲੂਵਿਅਮ,এলুভিয়াম
ਐਂਡੋਡਾਇਨਾਮੋਰਫਿਕ ਮਿੱਟੀ,এন্ডোডাইনামরফিক মাটি
ਇੰਜੀਨੀਅਰਿੰਗ ਵਿਵਹਾਰਕਤਾ,ইঞ্জিনিয়ারিং সম্ভাব্যতা
ਅੰਗਰੇਜ਼ੀ ਬਾਂਡ,ইংরেজি বন্ড
ਅੰਗਰੇਜ਼ੀ ਬਾਗ ਦੀ ਕੰਧ ਬਾਂਡ,ইংরেজি বাগান প্রাচীর বন্ধন
"EPM (ਪ੍ਰਤੀ ਮਿਲੀਅਨ ਦੇ ਬਰਾਬਰ),&quot;","EPM (প্রতি মিলিয়নের সমতুল্য),&quot;"
ਬਰਾਬਰ ਭਾਰ,সমান ওজন
ਅਰਗ,অর্গ
ਵਟਾਂਦਰੇਯੋਗ,বিনিময়যোগ্য
ਬਦਲਣਯੋਗ ਐਸਿਡਿਟੀ,বিনিময়যোগ্য অম্লতা
ਬਦਲਣਯੋਗ ਸੋਡੀਅਮ ਪ੍ਰਤੀਸ਼ਤ (ESP),বিনিময়যোগ্য সোডিয়াম শতাংশ (ESP)
ਈ.ਐੱਸ.ਪੀ.,ই এস পি
ਐਕਸਚੇਂਜ ਐਸਿਡਿਟੀ,এক্সচেঞ্জ অ্যাসিডিটি
ਐਕਸਚੇਂਜ ਕੰਪਲੈਕਸ,এক্সচেঞ্জ কমপ্লেক্স
ਨਿਕਾਸ,নিষ্কাশন
ਪ੍ਰਗਟ ਮੁਕੰਮਲ,উন্মুক্ত ফিনিস
ਆਈ,আই
ਅੱਖ ਦਾ ਭਾਂਡਾ,ভুরু
ਸਾਹਮਣਾ ਕਰਨਾ,সম্মুখ
ਬਾਂਡ ਦਾ ਸਾਹਮਣਾ ਕਰਨਾ,বন্ড সম্মুখীন
ਸੁਰੱਖਿਆ ਦਾ ਕਾਰਕ,নিরাপত্তার ফ্যাক্টর
ਗਿਰਾਵਟ,পতন
ਫੇਸੀਆ,ফেসিয়া
ਫੇਸੀਆ ਬੋਰਡ,ফেসিয়া বোর্ড
ਨੁਕਸ,দোষ
ਖੇਤ ਦੀ ਨਮੀ,মাঠের আর্দ্রতা
ਅੰਤਮ ਨਮੀ ਦੇ ਬਰਾਬਰ,চূড়ান্ত আর্দ্রতা সমতুল্য
ਫਿਲਟ (ਮੋਰਟਾਰ ਦਾ),ফিলেট (মর্টার)
ਫਾਈਨਲ,চূড়ান্ত
ਅੰਤਮ ਮਾਪ,চূড়ান্ত পরিমাপ
ਅੰਤਿਮ ਭੁਗਤਾਨq,চূড়ান্ত অর্থপ্রদান
ਅੰਤਮ ਪ੍ਰੀ ਤਣਾਅ,চূড়ান্ত প্রাক চাপ
ਅੰਤਮ ਤਣਾਅ,চূড়ান্ত উত্তেজনা
ਵਿੱਤੀ ਵਿਵਹਾਰਕਤਾ,আর্থিক সম্ভাব্যতা
ਵਧੀਆ ਕੁੱਲ,সূক্ষ্ম সমষ্টি
ਫਿਸਰਡ ਚੱਟਾਨ,ফিসার্ড শিলা
ਝੰਡਾ ਪੱਥਰ,পতাকা পাথর
ਫਲੇਮਿਸ਼ ਬਾਂਡ,ফ্লেমিশ বন্ড
ਫਲੈਸ਼ਿੰਗ,ঝলকানি
ਚਮਕਦਾਰ ਸਟ੍ਰੀਮ,চটকদার স্রোত
ਫਲੈਟ ਛੱਤ,সমতল ছাদ
ਫਲੇਚੇ,ফ্লেচে
ਫਲੇਮਿਸ਼ ਗਾਰਡਨ ਵਾਲ ਬਾਂਡ,ফ্লেমিশ গার্ডেন ওয়াল বন্ড
Flint,চকমকি
Flint ਕੰਧ,চকমকি দেয়াল
ਫਲੋਟਿੰਗ ਮੰਜ਼ਿਲ,ভাসমান মেঝে
ਫਲੋਕੂਲੇਸ਼ਨ,ফ্লোকুলেশন
ਫਲੋਕੂਲੇਸ਼ਨ ਸੀਮਾ,ফ্লোকুলেশন সীমা
ਫਲੋਕੂਲੇਸ਼ਨ ਅਨੁਪਾਤ,ফ্লোকুলেশন অনুপাত
ਫਲੋਕੂਲਸ,ফ্লোকুলস
ਮੰਜ਼ਿਲ,মেঝে
ਮੰਜ਼ਿਲ ਸੀਲ,মেঝে সিল
ਪ੍ਰਵਾਹ,প্রবাহ
ਉਤਰਾਅ-ਚੜ੍ਹਾਅ,ওঠানামা
ਫੁੱਟਿੰਗ,ফুটিং
ਬੁਨਿਆਦ,ফাউন্ডেশন
ਫਰੀ ਫਾਲ ਬੈਰੋ ਟਾਪਿੰਗ ਮਿਕਸਰ,ফ্রি ফল ব্যারো টপিং মিক্সার
ਫਰੀ ਫਾਲ ਮਿਕਸਰ (ਡਰੱਮ ਦੀ ਕਿਸਮ),ফ্রি ফল মিক্সার (ড্রাম টাইপ)
ਮੁਫ਼ਤ ਪੱਥਰ,বিনামূল্যে পাথর
ਫਰੈੱਸਟ,ফ্রেশেট
ਰਗੜ ਢੇਰ,ঘর্ষণ গাদা
ਡੱਡੂ,ব্যাঙ
ਗੇਬਲ,গ্যাবল
ਗੈਬਲੇਟ,গ্যাবলেট
Gambrel ਛੱਤ,গ্যাম্বেলের ছাদ
ਗੇਜ,গেজ
ਗੇਜਿੰਗ ਸੈਕਸ਼ਨ,পরিমাপক বিভাগ
ਗੇਜਿੰਗ ਸਟੇਸ਼ਨ,গেজিং স্টেশন
ਆਮ ਟਿਕਾਣਾ ਯੋਜਨਾ,সাধারণ অবস্থান পরিকল্পনা
ਆਮ ਹਵਾਦਾਰੀ,সাধারণ বায়ুচলাচল
G ਹੋਰੀਜ਼ਨ ਜਾਂ ਗਲੇ ਹੋਰੀਜ਼ਨ,G দিগন্ত বা gley দিগন্ত
ਤੱਕ ਗਲੇਸ਼ੀਅਲ,হিমবাহ পর্যন্ত
ਗਨੀਸ,জিনিস
ਮਾਲ ਵਿਹੜਾ,গুডস ইয়ার্ড
ਗਰੇਡੀਐਂਟ ਪ੍ਰਤੀਰੋਧ,গ্রেডিয়েন্ট প্রতিরোধ
ਗ੍ਰੇਨਾਈਟ,গ্রানাইট
ਦਾਣੇਦਾਰ ਬਣਤਰ,দানাদার গঠন
ਗ੍ਰੇਨੂਲੇਸ਼ਨ,দানাদার
ਗ੍ਰੈਨਿਊਲ,কণিকা
ਗ੍ਰੈਵੀਟੇਸ਼ਨਲ ਪਾਣੀ ਮੁਕਤ ਪਾਣੀ,মহাকর্ষীয় জল মুক্ত জল
ਗ੍ਰੈਵੀਟੇਸ਼ਨਲ ਯਾਰਡ,গ্র্যাভিটেশনাল ইয়ার্ড
ਮਹਾਨ ਮਿੱਟੀ ਸਮੂਹ,মহান মাটি গ্রুপ
ਗ੍ਰਿਲੇਜ ਬੁਨਿਆਦ,গ্রিলেজ ফাউন্ডেশন
ਜ਼ਮੀਨੀ ਹੱਥ ਮੋਲਡਿੰਗ,স্থল হাত ছাঁচনির্মাণ
ਸਮੂਹਬੱਧ ਡੌਕ,দলবদ্ধ ডক
ਗਰੁੱਪ ਹਾਊਸਿੰਗ,গ্রুপ হাউজিং
ਮਹਿਮਾਨ ਕਮਰਾ,অতিথি কক্ষ
ਗਟਰ,নর্দমা
ਗਟਰ ਚੁੱਕਣ ਵਾਲਾ,নর্দমা বহনকারী
ਗਟਰ ਚੈੱਕ,গটার চেক
ਹੈਮਰ ਡਰੈਸਿੰਗ,হাতুড়ি ড্রেসিং
ਬੰਦਰਗਾਹ,হারবার
ਪਨਾਹ ਦੀ ਬੰਦਰਗਾਹ,আশ্রয়ের পোতাশ্রয়
ਹਾਰਡ ਪੈਨ,শক্ত প্যান
ਸਿਰਲੇਖ,হেডার
ਹੈਡਰ ਬਾਂਡ,হেডার বন্ড
ਹੈਡਰ ਕੋਰਸ,হেডার কোর্স
ਮੁੱਖ ਗੇਟ ਬਣਤਰ,হেড গেটের গঠন
ਨਹਿਰ ਦਾ ਮੁਖੀ,খালের প্রধান
ਹੈੱਡ ਰੈਗੂਲੇਟਰ,হেড রেগুলেটর
ਹੈਰਿੰਗ ਹੱਡੀ ਬੰਧਨ,হেরিং হাড়ের বন্ধন
ਦਿਲਦਾਰ,হার্টিং
ਗਿੱਲਾ ਕਰਨ ਦੀ ਗਰਮੀ,ভিজানোর তাপ
ਉੱਚ ਐਲੂਮਿਨਾ ਸੀਮਿੰਟ,উচ্চ অ্যালুমিনা সিমেন্ট
ਕਮਰ,নিতম্ব
ਹਿੱਪ ਕੈਪਿੰਗ,হিপ ক্যাপিং
ਛੁਪੇ ਸਿਰੇ,নিতম্বের শেষ
ਹੁੱਡ,ঘোমটা
ਹੁੱਡ ਮੋਲਡਿੰਗ,হুড ছাঁচনির্মাণ
ਹੁੱਕ ਦਾ ਕਾਨੂੰਨ,হুকের আইন
ਹੂਪ ਲੋਹਾ,হুপ লোহা
ਹੋਰੀਜ਼ਨ,দিগন্ত
ਨਮੀ,আর্দ্রতা
"ਨਮੀ, ਪੂਰਨ","আর্দ্রতা, পরম"
"ਨਮੀ, ਰਿਸ਼ਤੇਦਾਰ","আর্দ্রতা, আপেক্ষিক"
ਹੰਪ ਵਿਹੜਾ,হাম্প ইয়ার্ড
ਹਾਈਡ੍ਰੌਲਿਕ ਦਬਾਅ,জলবাহী চাপ
ਹਾਈਡ੍ਰੇਸ਼ਨ,হাইড্রেশন
ਹਾਈਡ੍ਰੌਲਿਸਿਸ,হাইড্রোলাইসিস
ਹਾਈਡਰੋਲਾਈਟਿਕ ਐਸਿਡਿਟੀ,হাইড্রোলাইটিক অ্যাসিডিটি
ਹਾਈਡ੍ਰੋਮੋਰਫਿਕ ਮਿੱਟੀ,হাইড্রোমরফিক মাটি
ਹਾਈਡ੍ਰੋਫਿਲਿਕ ਕੋਲਾਇਡ,হাইড্রোফিলিক কলয়েড
ਹਾਈਡ੍ਰੋਫੋਬਿਕ ਕੋਲਾਇਡ,হাইড্রোফোবিক কলয়েড
ਹਾਈਡ੍ਰੋਸਟੈਟਿਕ ਦਬਾਅ ਅਨੁਪਾਤ,হাইড্রোস্ট্যাটিক চাপ অনুপাত
ਹਾਈਗਰੋਸਕੈਪਟਿਕ ਗੁਣਾਂਕ,হাইগ্রোস্ক্যাপটিক সহগ
ਹਾਈਗ੍ਰੋਸਕੋਪਿਕ ਨਮੀ,হাইগ্রোস্কোপিক আর্দ্রতা
ਹਾਈਡ੍ਰੋਸਕੋਪੀਸੀਟੀ,হাইড্রোস্কোপিসিটি
ਹਾਈਗ੍ਰੋਸਕੋਪਿਕ ਨਮੀ,হাইগ্রোস্কোপিক আর্দ্রতা
ਹਾਈਪਰਬਰਿਕ ਚੈਂਬਰ,হাইপারবারিক চেম্বার
ਹਾਈਪਰਸਟੈਟਿਕ ਫਰੇਮ,হাইপারস্ট্যাটিক ফ্রেম
ਹਾਈਪਸੋਮੀਟਰ,হাইপসোমিটার
ਪ੍ਰਕਾਸ਼,আলোকসজ্জা
ਇਮਬਿਬੇਸ਼ਨ ਨਮੀ,ইমবিবেশন আর্দ্রতা
ਅਸ਼ੁੱਧ ਮਿੱਟੀ,অপরিণত মাটি
ਜਬਤ ਡੌਕ,জব্দ ডক
ਜ਼ਮੀਨੀ ਮਾਲੀਏ ਵਿੱਚ ਵਾਧਾ,ভূমি রাজস্ব বৃদ্ধি
ਸੁਤੰਤਰ ਪਾੜ,স্বাধীন ভারা
ਇੰਡਿਊਰੇਟਿਡ,নিমজ্জিত
ਸ਼ੁਰੂਆਤੀ ਪ੍ਰੀਸਟਰੈਸ,প্রাথমিক prestress
ਸ਼ੁਰੂਆਤੀ ਤਣਾਅ,প্রাথমিক উত্তেজনা
ਅੰਦਰੂਨੀ ਜਲ ਮਾਰਗ ਬੰਦਰਗਾਹ,অভ্যন্তরীণ জলপথ বন্দর
ਇੰਸੂਲੇਟਿੰਗ ਬੋਰਡ,অন্তরক বোর্ড
ਵਿਚਕਾਰਲਾ ਪੋਰਟ,মধ্যবর্তী বন্দর
ਅੰਦਰੂਨੀ ਰਗੜ,অভ্যন্তরীণ ঘর্ষণ
ਇੰਟਰਾਜ਼ੋਨਲ ਮਿੱਟੀ,ইন্ট্রাজোনাল মাটি
ਆਇਨ,অয়ন
ਆਇਨ ਐਕਸਚੇਂਜ,আয়ন বিনিময়
ਲੋਹੇ ਦਾ ਪੈਨ,লোহার প্যান
ਸਿੰਜਾਈ ਵਾਲੀ ਜ਼ਮੀਨ,সেচ সম্পন্ন ভূমি
ਸਿੰਚਾਈ,সেচ
ਸਿੰਚਾਈ ਸੈੱਸ,সেচ সেস
ਜਾਮ,জাম্ব
ਜੌਗਲ,জগল
ਜੌਗਲ ਪਿੰਨ,জগল পিন
ਜੂਲ,জুল
ਜੰਪਰ,জাম্পার
ਕਿਲੋਗ੍ਰਾਮ,কিলোগ্রাম
ਕਿਲੋਗ੍ਰਾਮ ਬਲ,কিলোগ্রাম বল
ਕਿਲੋਗ੍ਰਾਮ ਫੋਰਸ ਮੀਟਰ,কিলোগ্রাম ফোর্স মিটার
ਕਿਲੋਵਾਟ ਘੰਟਾ,কিলোওয়াট ঘন্টা
ਰਾਜਾ ਬੰਦ,রাজা বন্ধ
ਰਸੋਈ,রান্নাঘর
ਲੇਸਡ ਕਾਲਮ,জরিযুক্ত কলাম
ਪਛੜ ਰਿਹਾ ਹੈ,ল্যাগিং
ਲਮੇਲਾ ਜੜ੍ਹ,ল্যামেলা মূল
ਲੈਮਿਨਰ ਵਹਾਅ,লেমিনার প্রবাহ
ਲੈਂਪ ਮੋਰੀ,বাতির গর্ত
ਜ਼ਮੀਨ ਦਾ ਵਾਧਾ,ভূ - বিস্তৃতি
ਲੈਂਡ ਸਲਾਈਡਿੰਗ,ল্যান্ড স্লাইডিং
ਲੈਟਰਾਈਟ,ল্যাটেরাইট
ਲੈਟਰਾਈਟ ਮਿੱਟੀ,ল্যাটেরাইট মাটি
ਵੱਡੀ ਗਿਣਤੀ ਦਾ ਕਾਨੂੰਨ,বড় সংখ্যার আইন
ਖਾਕਾ ਯੋਜਨਾ,বিন্যাস পরিকল্পনা
ਲੇਜ਼ਰ,খাতা
ਚੂਨਾ ਪੈਨ,চুন প্যান
ਲਿੰਟਲ,লিন্টেল
ਤਰਲ ਸੀਮਾ,তরল সীমা
ਲਾਈਵ ਲੋਡ,লাইভ লোড
ਲੋਮ,দোআঁশ
ਸਥਾਨਕ ਨਿਕਾਸ ਹਵਾਦਾਰੀ,স্থানীয় নিষ্কাশন বায়ুচলাচল
ਲੋਕੋ ਵਿਹੜਾ,লোকো ইয়ার্ড
ਲੋਸ,লস
ਘੱਟ ਪਲਾਸਟਿਕ ਸੀਮਾ,নিম্ন প্লাস্টিকের সীমা
ਘੱਟ ਗਰਮੀ ਸੀਮਿੰਟ,কম তাপ সিমেন্ট
ਮਸ਼ੀਨ ਮੋਲਡਿੰਗ,মেশিন ছাঁচনির্মাণ
ਮੈਕਰੋਸਟ੍ਰਕਚਰ,ম্যাক্রোস্ট্রাকচার
ਮੁੱਖ ਹੈੱਡ ਰੈਗੂਲੇਟਰ,প্রধান প্রধান নিয়ন্ত্রক
ਮੁੱਖ ਪੋਰਟ,প্রধান বন্দর
ਮੇਕਅਪ ਏਅਰ,বায়ু আপ করা
ਮਾਨਸਾਰਡ,মানসার্ড
ਮਾਰਸ਼ਲਿੰਗ ਯਾਰਡ,মার্শালিং ইয়ার্ড
ਚਿਣਾਈ,রাজমিস্ত্রির কাজ
ਪਰਿਪੱਕ ਤਾਪਮਾਨ,পরিপক্ক তাপমাত্রা
ਮੇਜ਼ਾਨਾਈਨ ਮੰਜ਼ਿਲ,মধ্যবর্তী তলা মেঝে
ਮਕੈਨੀਕਲ ਵਿਸ਼ਲੇਸ਼ਣ,যান্ত্রিক বিশ্লেষণ
ਮਕੈਨੀਕਲ ਹਵਾਦਾਰੀ,যান্ত্রিক বায়ুচলাচল
ਮੈਟ੍ਰਿਕ ਸਿਸਟਮ,মেট্রিক সিস্টেম
ਮਾਈਕਰੋਸਟ੍ਰਕਚਰ,মাইক্রোস্ট্রাকচার
ਮਿਲਿ ਬਰਾਬਰ,মিলি সমতুল্য
ਮਿਲੀ ਬਰਾਬਰ ਪ੍ਰਤੀ ਲੀਟਰ,মিলি প্রতি লিটার সমতুল্য
ਖਣਿਜ,খনিজ
ਖਣਿਜ ਮਿੱਟੀ,খনিজ মাটি
ਮਾਮੂਲੀ ਪੋਰਟ,ছোট বন্দর
Mitred ਬੰਦ,Mitred বন্ধ
ਮੋਬਾਈਲ ਮਿੱਟੀ ਕੋਲਾਇਡ,মোবাইল সয়েল কলয়েড
ਨਮੀ ਸਮੱਗਰੀ,আর্দ্রতা কন্টেন্ট
ਨਮੀ ਗਰੇਡੀਐਂਟ,আর্দ্রতা গ্রেডিয়েন্ট
ਮੋਨੋਲਿਥ,মনোলিথ
ਮੋਨੋਰੇਲ,মনোরেল
ਨੈਸ਼ਨਲ ਹਾਰਬਰ ਕੌਂਸਲ,জাতীয় হারবার কাউন্সিল
ਕੁਦਰਤੀ ਬਿਸਤਰਾ,প্রাকৃতিক বিছানা
ਕੁਦਰਤੀ ਮੁਕੰਮਲ,প্রাকৃতিক ফিনিস
ਕੁਦਰਤੀ ਬੰਦਰਗਾਹ,প্রাকৃতিক পোতাশ্রয়
ਕੁਦਰਤੀ ਹਵਾਦਾਰੀ,প্রাকৃতিক বায়ুচলাচল
ਨੇਵਲ ਬੰਦਰਗਾਹ,নৌ বন্দর
ਨਿਊਟਨ,নিউটন
ਗੈਰ ਇਕਸਾਰ ਵਹਾਅ,অ অভিন্ন প্রবাহ
ਪਾਣੀ ਦੀ ਦਰ &#39;ਤੇ ਕਬਜ਼ਾ ਕਰਦਾ ਹੈ,জলের হার দখল করে
ਤੇਲ ਰੰਗਤ,তেলে আকা
ਤੇਲ ਖੂਹ ਸੀਮਿੰਟ,তেল কূপ সিমেন্ট
ਚੈਨਲ ਦਾ ਪ੍ਰਵਾਹ ਖੋਲ੍ਹੋ,খোলা চ্যানেল প্রবাহ
ਸਰਵੋਤਮ ਨਮੀ,সর্বোত্তম আর্দ্রতা
ਜੈਵਿਕ ਮਿੱਟੀ,জৈব মাটি
ਸਥਿਤੀ,ওরিয়েন্টেশন
ਆਰਥੋਗੋਨਲ,অর্থোগোনাল
ਓਰਟਸਟਾਈਨ,অর্টস্টেইন
ਬਾਹਰੀ ਸੰਕੇਤ,বাইরের সংকেত
ਆਕਸੀਕਰਨ,জারণ
ਪੈਂਟਰੀ,প্যান্ট্রি
ਪੈਰਾਪੇਟ,প্যারাপেট
ਪੈਰਾਪੇਟ ਕੰਧ,প্রাচীর প্রাচীর
ਮਾਪੇ ਸਮੱਗਰੀ,পিতামাতার উপাদান
ਪੇਬਲ ਕਾਸਟ ਪਲਾਸਟਰ,নুড়ি ঢালাই প্লাস্টার
ਪੈਡਲਫਰ,পেডালফার
ਪੈਡੋਕਲ,পেডোকাল
ਪੀਡੋਜਨੇਸਿਸ,পেডোজেনেসিস
ਪੈਡੌਲੋਜੀ,পেডোলজি
ਪੀਡੋਸਫੀਅਰ,পেডোস্ফিয়ার
ਪੈਨੇਟ੍ਰੋਮੀਟਰ,পেনেট্রোমিটার
ਪੈਂਟ ਛੱਤ,পেন্ট ছাদ
ਪੈਪਟਾਈਜ਼ਿੰਗ ਏਜੰਟ,পেপটাইজিং এজেন্ট
ਵਿਸ਼ਲੇਸ਼ਣ ਦੀ ਮਿਆਦ,বিশ্লেষণের সময়কাল
ਪਰਪੇਂਡ,পারপেন্ড
ਸ਼ੋਸ਼ਣ,শোষণ
ਪੀਅਰ,পিয়ার
ਪਿਲਾਸਟਰ,পিলাস্টার
ਪਿੱਚ,পিচ
ਟੋਏ ਵਾਲੀ ਛੱਤ,গল্পটা ছাদ
ਸਾਦਾ ਕੰਕਰੀਟ,সাধারণ কংক্রিট
ਪਲੇਨ ਕੋਣ,সমতল কোণ
ਸਾਦਾ ਵਿਹੜਾ,সমতল গজ
ਪਲੈਨਸੋਲ,প্ল্যানসোল
ਪਲਾਸਟਿਕ ਇਕਸਾਰਤਾ,প্লাস্টিকের সামঞ্জস্য
ਪਲਾਸਟਿਕਤਾ,প্লাস্টিসিটি
ਪਲਾਸਟਿਕਤਾ ਸੂਚਕਾਂਕ,প্লাস্টিসিটি সূচক
ਪਲਾਸਟਿਕ ਸੀਮਾ,প্লাস্টিসিটি সীমা
ਪਲਾਸਟਿਕ ਸੀਮਾ,প্লাস্টিসিটি পরিসীমা
ਪਲੇਟੀ ਬਣਤਰ,প্লাটি গঠন
ਪਲਿੰਥ,প্লিন্থ
ਹਲ ਮਿੱਟੀ,লাঙ্গলের মাটি
Plum ਪੱਥਰ,বরই পাথর
ਪੋਡਜ਼ੋਲ,পডজোল
ਇਸ਼ਾਰਾ,ইশারা
ਬਹੁਭੁਜ ਕੰਧ,বহুভুজ প্রাচীর
ਪੋਰ ਸਪੇਸ,ছিদ্র স্থান
ਪੋਰਟ,বন্দর
ਸਕਾਰਾਤਮਕ ਹਵਾਦਾਰੀ,ইতিবাচক বায়ুচলাচল
ਪ੍ਰੈਰੀ ਮਿੱਟੀ,প্রাইরি মাটি
ਸ਼ੁੱਧਤਾ,যথার্থতা
ਪ੍ਰਾਇਮਰੀ ਕਣ,প্রাথমিক কণা
ਪ੍ਰਿਜ਼ਮੈਟਿਕ ਬਣਤਰ,প্রিজম্যাটিক কাঠামো
ਲਾਭਕਾਰੀ ਕੰਮ,উৎপাদনশীল কাজ
ਪ੍ਰੋਜੈਕਟ ਜਾਇਜ਼ਤਾ,প্রকল্পের ন্যায্যতা
ਸੁਰੱਖਿਆ ਦਾ ਕੰਮ,প্রতিরক্ষামূলক কাজ
ਸੂਡੋ-ਮਾਈਸੀਲੀਅਮ,সিউডো-মাইসেলিয়াম
ਛੱਪੜ,পুডল
ਪੁੱਗਿੰਗ,পাগিং
ਪਿਊਮਿਸ,পিউমিস
ਪੰਚ,পাঞ্চিয়ন
ਕਠਪੁਤਲੀ,পুতুল
ਪੁਟਲੌਗ,পুটলগ
ਪੁਟਲੌਗ ਸਕੈਫੋਲਡ,পুটলগ ভারা
ਮਾਤਰਾ ਸਰਵੇਖਣ,পরিমাণ পরিমাপক
ਖੱਡ ਦਾ ਰਸ,খনির রস
ਕਵੇ,কোয়ে
ਰਾਣੀ ਬੰਦ,রানী বন্ধ
ਕੋਇਨ,কুইন
ਬੇੜਾ ਬੁਨਿਆਦ,ভেলা ফাউন্ডেশন
ਰੇਕਰ,রাকার
ਰੈਕਿੰਗ,রেকিং
ਰੈਕਿੰਗ ਬਾਂਡ,রেকিং বন্ড
ਰੈਕਿੰਗ ਫਲੈਸ਼ਿੰਗ,ঝলকানি raking
ਤੇਜ਼ੀ ਨਾਲ ਵੱਖ-ਵੱਖ ਵਹਾਅ,দ্রুত পরিবর্তনশীল প্রবাহ
ਰਿਕਵਰੀਯੋਗ ਭੁਗਤਾਨ,পুনরুদ্ধারযোগ্য পেমেন্ট
ਲਾਲ ਧਰਤੀ,লাল পৃথিবী
ਲਾਲ ਦੋਮਟ,লাল দোআঁশ
ਰੈਗੂਲੇਟਰ,রেগুলেটর
ਰੈਗੂਰ ਜਾਂ ਕਾਲੀ ਕਪਾਹ ਦੀ ਮਿੱਟੀ,রেগুর বা কালো তুলা মাটি
ਮੁੜ ਅਦਾਇਗੀ ਦਾ ਇਕਰਾਰਨਾਮਾ,পরিশোধের চুক্তি
ਬਕਾਇਆ ਸੰਕੁਚਨ,অবশিষ্ট সংকোচন
ਬਕਾਇਆ ਮਿੱਟੀ,অবশিষ্ট মাটি
ਪ੍ਰਗਟ,প্রকাশ করা
ਪਿੰਨ ਪ੍ਰਗਟ ਕਰੋ,পিন প্রকাশ করুন
ਟਾਈ ਪ੍ਰਗਟ ਕਰੋ,টাই প্রকাশ
ਰਿਜ,রিজ
ਰਿਜ ਕੈਪਿੰਗ,রিজ ক্যাপিং
ਨਦੀ,নদী
ਸੜਕ ਦੀ ਸਥਿਤੀ,রোড স্টেড
ਮੋਟਾ ਪਲਾਸਟਰ,রুক্ষ প্লাস্টার
ਮਲਬਾ,ধ্বংসস্তুপ
ਮਲਬੇ ਦੀ ਚਿਣਾਈ,ধ্বংসস্তূপ রাজমিস্ত্রি
ਮਲਬੇ ਦੀ ਕੰਧ,ধ্বংসস্তূপ দেয়াল
ਚੱਲ ਰਿਹਾ ਮਾਪ,চলমান পরিমাপ
ਸੁਰੱਖਿਅਤ ਬੇਅਰਿੰਗ ਸਮਰੱਥਾ,নিরাপদ ভারবহন ক্ষমতা
ਲੂਣ ਗਲੇਜ਼,লবণ গ্লেজ
ਨਮੂਨਾ ਦਾ ਆਕਾਰ,সাধারন মাপ
ਨਮੂਨਾ ਵੰਡ,নমুনা বিতরণ
ਨਮੂਨਾ ਲੈਣ ਵਿੱਚ ਗੜਬੜ,নমুনা ত্রুটি
ਰੇਤ,বালি
ਰੇਤ ਮੁਕੰਮਲ,বালি ফিনিস
ਰੇਤ ਹੱਥ ਮੋਲਡਿੰਗ,বালি হাত ছাঁচনির্মাণ
ਸੈਂਡਿੰਗ,স্যান্ডিং
ਸੰਤ੍ਰਿਪਤ ਮਿੱਟੀ,স্যাচুরেটেড মাটি
ਸੰਤ੍ਰਿਪਤ ਮਿੱਟੀ ਦਾ ਪੇਸਟ,স্যাচুরেটেড মাটির পেস্ট
ਸੰਤ੍ਰਿਪਤ ਐਬਸਟਰੈਕਟ,স্যাচুরেশন নির্যাস
ਸੰਤ੍ਰਿਪਤ ਪ੍ਰਤੀਸ਼ਤਤਾ,স্যাচুরেশন শতাংশ
ਸਾਸਰ ਗੁੰਬਦ,সসার গম্বুজ
ਸਕੈਫੋਲਡ,ভারা
ਸ਼ਿਸਟ,শিস্ট
ਸਮੁੰਦਰੀ ਬੰਦਰਗਾਹ,সমুদ্র বন্দর
ਗੁਪਤ ਗਟਰ,গোপন নর্দমা
ਦੂਜਾ,দ্বিতীয়
ਸੈਡੀਮੈਂਟੇਸ਼ਨ ਵਿਸ਼ਲੇਸ਼ਣ,অবক্ষেপণ বিশ্লেষণ
ਅਰਧ-ਨਕਲੀ ਬੰਦਰਗਾਹ,আধা-কৃত্রিম বন্দর
ਸੈਮੀ ਟਾਈਡਲ ਡੌਕ,আধা জোয়ার ডক
ਬਜ਼ੁਰਗ,বার্ধক্য
ਸ਼ੈਲ,শেল
ਸ਼ੀਟ ਦੇ ਢੇਰ,চাদরের স্তূপ
ਸੁੰਗੜਨ ਦੀ ਸੀਮਾ,সংকোচন সীমা
ਸ਼ਟਰਿੰਗ,শাটারিং
ਸਿਏਲੀਟਿਕ ਮਿੱਟੀ,সিয়ালিটিক মাটি
ਸੀਰੋਜ਼ਮ,সিয়েরোজেম
ਸਿਲ,সিল
ਗਾਦ,পলি
ਸਿੰਗਲ ਫਲੇਮਿਸ਼ ਲਹੂ,একক ফ্লেমিশ রক্ত
ਸਿੰਗਲ ਦਾਣੇਦਾਰ ਬਣਤਰ,একক দানাদার কাঠামো
ਪਿੰਜਰ ਮਿੱਟੀ,কঙ্কালের মাটি
ਸਕਰਟਿੰਗ,স্কার্টিং
ਸਲੀਪਰ ਕੰਧ,ঘুমের প্রাচীর
ਸਾਈਡ ਗਟਰ,পাশের নর্দমা
ਸਲਾਈਡ ਨਿਯਮ,পিছলানো পদ্দতি
ਸਲਿਪ ਡੌਕ,স্লিপ ডক
Smoniza,স্মোনিজা
ਭਿੱਜਣਾ,ভিজানো
ਮਿੱਟੀ ਦੀ ਸਾਂਝ,মৃত্তিকা সমিতি
ਮਿੱਟੀ ਦੀ ਸ਼੍ਰੇਣੀ,মাটির শ্রেণী
ਮਿੱਟੀ ਕੰਪਲੈਕਸ,মাটি জটিল
ਮਿੱਟੀ ਦੀ ਇਕਸਾਰਤਾ,মাটির সামঞ্জস্য
ਮਿੱਟੀ ਪਰਿਵਾਰ,মাটির পরিবার
ਮਿੱਟੀ ਫਰੇਮ ਦਾ ਕੰਮ,মাটির ফ্রেমের কাজ
ਮਿੱਟੀ ਦੀ ਨਮੀ,মাটির আদ্রতা
ਮਿੱਟੀ ਦੀ ਨਮੀ ਦਾ ਵਾਧਾ,মাটির আর্দ্রতা বৃদ্ধি
ਮਿੱਟੀ ਦੀ ਨਮੀ ਦੀ ਘਾਟ,মাটির আর্দ্রতার ঘাটতি
ਮਿੱਟੀ ਰੂਪ ਵਿਗਿਆਨ,মাটির রূপবিদ্যা
ਮਿੱਟੀ ਦਾ ਕਣ,মাটির কণা
ਮਿੱਟੀ ਦਾ ਪੜਾਅ,মাটির পর্যায়
ਮਿੱਟੀ ਪਰੋਫਾਇਲ,মাটি প্রোফাইল
ਮਿੱਟੀ ਪ੍ਰਤੀਕਰਮ,মাটির প্রতিক্রিয়া
ਮਿੱਟੀ ਵੱਖ ਕਰਦੀ ਹੈ,মাটি আলাদা করে
ਮਿੱਟੀ ਦੀ ਲੜੀ,মাটি সিরিজ
ਮਿੱਟੀ ਦਾ ਹੱਲ,মাটির সমাধান
ਮਿੱਟੀ ਦੀ ਬਣਤਰ,মাটির গঠন
ਮਿੱਟੀ ਦੀ ਬਣਤਰ,মাটির গঠন
ਮਿੱਟੀ ਦੀ ਕਿਸਮ,মাটির ধরন
ਸੋਲਮ,সোলুম
ਸੋਰਪਸ਼ਨ,সর্পশন
ਸਪੱਲਸ,স্পালস
ਖਾਸ ਆਇਨ ਪ੍ਰਭਾਵ,নির্দিষ্ট আয়ন প্রভাব
ਵਰਗਾਕਾਰ ਕੋਰਸਡ ਮਲਬੇ ਦੀ ਚਿਣਾਈ,বর্গাকার কোর্সকৃত ধ্বংসস্তূপের গাঁথনি
ਵਰਗਾਕਾਰ ਰੈਗੂਲਰ ਕੋਰਸਡ ਮਲਬੇ ਦੀ ਚਿਣਾਈ,বর্গাকার নিয়মিত কোর্সকৃত ধ্বংসস্তুপ গাঁথনি
ਸਥਿਰ ਵਹਾਅ,অটল প্রবাহ
ਸਟੈਪਡ ਫਲੈਸ਼ਿੰਗ,ধাপে ধাপে ঝলকানি
ਚਿਪਕਣਾ,আঠালোতা
ਸਟਿਕਿੰਗ ਪੁਆਇੰਟ,স্টিকিং পয়েন্ট
ਪੱਥਰ,পাথর
ਢਲਾਣ ਹੱਥ ਮੋਲਡਿੰਗ,স্লপ হাত ছাঁচনির্মাণ
ਪੱਟੜੀ ਦਾ ਕਬਜਾ,চাবুক কবজা
ਤੂੜੀ ਬੋਰਡ,খড় বোর্ড
ਸਟ੍ਰੀਮ,প্রবাহ
ਤਣਾਅ,মানসিক চাপ
ਸਟ੍ਰੈਚਰ,স্ট্রেচার
ਸਟ੍ਰੈਚਰ ਬਾਂਡ,স্ট্রেচার বন্ড
ਸਟਰੈਚਰ ਕੋਰਸ,স্ট্রেচার কোর্স
ਸਤਰ,স্ট্রিং
ਸਤਰ ਕੋਰਸ,স্ট্রিং কোর্স
ਬਣਤਰ ਕਾਰਕ,স্ট্রাকচার ফ্যাক্টর
ਬਣਤਰ ਸੂਚਕਾਂਕ,গঠন সূচক
ਸਟੁਕੋ,স্টুকো
ਸਟੱਡ,স্টুড
ਸਟਾਈਲੋਬੇਟ,স্টাইলোবেট
ਉਪ ਮਿੱਟੀ,সাব মাটি
ਉਪ ਬਣਤਰ,উপ-কাঠামো
ਸਮੀਕਰਨ ਵਕਰ,সমষ্টি বক্ররেখা
ਸੂਰਜ ਮੀਕਾ,সূর্য মাইকা
ਸੁਪਰ ਬਣਤਰ,সুপার স্ট্রাকচার
ਸਰਵੇਖਣ ਕਰਨ ਵਾਲਾ,সার্ভেয়ার
S-ਮੁੱਲ,এস-মান
ਸਵੈਗ,চোরাই মাল
ਹੰਸ ਦੀ ਗਰਦਨ,রাজহাঁসের ঘাড়
ਤੰਬੂ,তাবারন্যাকল
ਟੇਬਲ ਹੱਥ ਮੋਲਡਿੰਗ,টেবিল হাত ছাঁচনির্মাণ
ਟੈਂਕਿੰਗ,ট্যাঙ্কিং
ਟੈਂਪੀਏਟੋ,টেম্পিয়েত্তো
ਟੈਂਪਰਿੰਗ,টেম্পারিং
ਟੈਂਪਲੇਟ,টেমপ্লেট
ਟੈਂਪਲੇਟ,টেমপ্লেট
ਟੇਪੀਡੇਰਿਅਮ,টেপিডারিয়াম
ਟੈਰਾਕੋਟਾ,পোড়ামাটির
ਟੈਰਾ ਰੋਜ਼ਾ,টেরা রোজা
ਟੈਰਾਜ਼ੋ,টেরাজো
ਟੈਟਰਾ ਸ਼ੈਲੀ,টেট্রা শৈলী
ਥ੍ਰੈਸ਼ਹੋਲਡ ਸੀਮਾ ਮੁੱਲ,থ্রেশহোল্ড সীমা মান
ਗਲਾ,গলা
ਪੱਥਰ ਦੁਆਰਾ,পাথরের মাধ্যমে
ਟਾਈਡਲ ਬੇਸਿਨ,জোয়ার বেসিন
ਟਾਈ ਪੱਟੀ,টাই বার
ਟਾਈ ਬੀਮ,টাই মরীচি
ਟਾਈ ਰਾਡ,টাই রড
ਤਿਰਸ,তিরস
ਸਹਿਣਸ਼ੀਲਤਾ,সহনশীলতা
ਟੂਥਿੰਗ,দাঁত তোলা
ਉਪਰਲੀ ਮਿੱਟੀ ਜਾਂ ਸਤਹੀ ਮਿੱਟੀ,উপরের মাটি বা পৃষ্ঠের মাটি
ਕੁੱਲ porosity,মোট ছিদ্র
ਟਰੇਸਰੀ,ট্রেসরি
ਟ੍ਰੇਨ ਪ੍ਰਤੀਰੋਧ,ট্রেন প্রতিরোধ
ਟਰਾਂਸੇਪਟ,ট্রান্সেপ্ট
ਪਰਿਵਰਤਨਸ਼ੀਲ ਮਿੱਟੀ,ক্রান্তিকালীন মাটি
ਟ੍ਰਾਂਸੋਮ,ট্রান্সম
ਆਵਾਜਾਈ ਮਿੱਟੀ,পরিবহন মাটি
ਸਹਾਇਕ,উপনদী
ਟ੍ਰਾਈਫੋਰੀਅਮ,ট্রাইফোরিয়াম
ਟ੍ਰਾਈਗਲਾਈਫ,ট্রাইগ্লিফ
ਕੱਟੀ ਹੋਈ ਮਿੱਟੀ,কাটা মাটি
ਗੜਬੜ ਵਾਲਾ ਵਹਾਅ,উত্তাল প্রবাহ
ਬੁਰਜ,বুরুজ
Tympar ਨੰਬਰ,টাইম্পার সংখ্যা
ਅੰਤਮ ਬੇਅਰਿੰਗ ਸਮਰੱਥਾ,চূড়ান্ত ভারবহন ক্ষমতা
ਅੰਤਮ ph,চূড়ান্ত পিএইচ
ਬੇਤਰਤੀਬੇ ਮਲਬੇ ਦੀ ਚਿਣਾਈ,এলোমেলো ধ্বংসস্তূপের গাঁথনি
ਅਨਕੋਰਸਡ ਵਰਗ ਮਲਬੇ ਦੀ ਚਿਣਾਈ,আনকোর্সড বর্গাকার ধ্বংসস্তূপ রাজমিস্ত্রি
ਅੰਡਰਕ੍ਰਾਫਟ,আন্ডারক্রফট
ਅਪੂਰਣ ਪੋਰੋਸਿਟੀ,অপূর্ণ ছিদ্র
ਇਕਸਾਰ ਵਹਾਅ,অভিন্ন প্রবাহ
ਯੂਨਿਟ ਫਰੇਮ ਦੀ ਕਿਸਮ ਸਕੈਫੋਲਡ,ইউনিট ফ্রেম টাইপ ভারা
ਗੈਰ-ਉਤਪਾਦਕ ਕੰਮ,অনুৎপাদনশীল কাজ
ਅਸੰਤ੍ਰਿਪਤ ਮਿੱਟੀ,অসম্পৃক্ত মাটি
ਅਸਥਿਰ ਵਹਾਅ,অস্থির প্রবাহ
ਉਪਰਲੀ ਪਲਾਸਟਿਕ ਸੀਮਾ,প্লাস্টিকের উপরের সীমা
ਵੈਲੀ ਗਟਰ,উপত্যকা গটার
ਵਾਲਟ,ভল্ট
ਵੈਟੇਰੀਅਮ,ভেটেরিয়াম
ਹਵਾਦਾਰੀ,অবাধে বায়ু - চলাচলের ব্যবস্থা
ਵੈਂਟੀਲੇਟਰ,ভেন্টিলেটর
ਵਰਮਦਾਹ,ভেরামদাহ
ਵੈਸਟੀਬਿਊਲ,ভেস্টিবুল
ਵਿਲਾ,ভিলা
