Assamese,English
"১.এবাকাছ, ২. গণনা কৰি আছে",abacus
অস্বাভাৱিক অন্ত,abnormal termination
ইন্টাৰচেপ্ট,abort
"১.নিৰপেক্ষ, ২. পৰম",absolute
নিৰপেক্ষ ঠিকনা,absolute address
নিৰপেক্ষ ঠিকনাযোগ্যতা,absolute addressing
নিৰপেক্ষ এছেম্বলাৰ,absolute assembler
"১.নিৰপেক্ষ ক&#39;ড, ২. নিৰপেক্ষ ক&#39;ড",absolute code
নিৰপেক্ষ আদেশ,absolute command
"১.নিৰপেক্ষ চিত্ৰ, ২. নিৰপেক্ষ তথ্য",absolute data
নিৰপেক্ষ নিৰ্দেশনা,absolute instruction
নিৰপেক্ষ ধৰণ,absolute mode
নিৰপেক্ষ পথ,absolute path
"1. নিৰপেক্ষ প্ৰগ্ৰেমিং, 2. নিৰপেক্ষ প্ৰগ্ৰেমিং",absolute programming
বিমূৰ্ত শ্ৰেণী,abstract class
বিমূৰ্ত তথ্যৰ ধৰণ,abstract data type
বিমূৰ্ত মেচিন,abstract machine
বিমূৰ্ত চিহ্ন,abstract symbol
বিমূৰ্ত বাক্যবিন্যাস,abstract syntax
গ্ৰহণযোগ্যতা পৰীক্ষা,acceptance testing
প্ৰৱেশ প্ৰমাণীকৰণ,access authentication
"1. প্ৰৱেশ ক&#39;ড, 2. প্ৰৱেশ ক&#39;ড",access code
প্ৰৱেশ নিয়ন্ত্ৰণ,access control
অভিগম স্কেনিং,access scan
আনুষংগিক বস্তু,accessory
হিচাপ-নিকাচ,account
"1. একাউণ্ট আইডি, 2. একাউণ্টিং চিনাক্তকৰণ",account ID
এক্যুলেটৰ,accumulator
"১/ সঠিকতা, ২. শুদ্ধতা",accuracy
প্ৰৱেশাধিকাৰ,acess
অভিগম নিয়ন্ত্ৰণ বাইটসমূহ,acess control byte
প্ৰৱেশ সূচক,acess index
অভিগম কি&#39;,acess key
"1. অভিগম মেট্ৰিক্স, 2. অভিগম মেট্ৰিক্স",acess matrix
অভিগম ধৰণ,acess mode
অভিগম বিশেষাধিকাৰসমূহ,acess privilege
অভিগম সুৰক্ষা,acess security
"1. অভিগম চাৰ্ভাৰ, 2. অভিগম চাৰ্ভাৰ",acess server
প্ৰৱেশ সময়,acess time
স্বীকৃতি,acknowledgement
শব্দবিজ্ঞান,acoustics
"১. সংক্ষিপ্ত ৰূপ, ২. সংক্ষিপ্ত ৰূপ, ৩. ৰ পৰা চুটি",acronym
কাৰ্য্য বাৰ্তা,action message
সক্ৰিয়কৰণ,activation
সক্ৰিয় চাৰ্ভাৰ পৃষ্ঠা,active server page (ASP)
সক্ৰিয় সংস্কৰণ,active version
অচক্ৰীয়,acyclic
"১.অচক্ৰীয় গ্ৰাফ, ২. অচক্ৰীয় গ্ৰাফ",acyclic graph
আদা কম্পিউটাৰ ভাষা,Ada language
"১.অপ্টিমাইজাৰ, ২. অপ্টিমাইজাৰ",adapter
to sum),add
যোগফল নথিপত্ৰ,add file
"1. যোগ কাৰ্য্য, 2. যোগফল কাৰ্য্য",add operation
adder,adder
ঠিকনা,address
ঠিকনা বাছ,address bus
ঠিকনা নথিপত্ৰ,address file
ঠিকনা বিন্যাস,address format
ঠিকনা উৎপাদক,address generator
ঠিকনা ৰেখা,address line
ঠিকনা মেপিং,address mapping
ঠিকনা সূচক,address pointer
ঠিকনা পঞ্জীয়ন,address register
ঠিকনা ভাঙি যোৱা,address resolution
ঠিকনা অনুবাদ,address translation
"1. ঠিকনাযোগ্য স্মৃতিশক্তি, 2. ঠিকনাযোগ্য মেমৰি",addressed memory
সম্বোধন কৰা,addressing
"১.পৰ্যাপ্ততাৰ মাপকাঠী, ২. পৰ্যাপ্ততাৰ মাপকাঠী",adequacy criteria
সংলগ্ন কৰা হৈছে,adjoint
"1. ব্যৱস্থাপনা , 2. নিয়ন্ত্ৰণ",administration
"১.পৰিচালক, ২. নিয়ন্ত্ৰক",administrator
এডোব এক্ৰ&#39;বেট,adobe acrobat
এডোব ফটোশ্বপ,adobe photoshop
ABAP (উন্নত ব্যৱসায়িক প্ৰগ্ৰেমিং),Advance Business Application Programming (ABAP)
"1. উন্নত তথ্য, 2. উন্নত তথ্য",advanced data
উন্নত তথ্য ব্যৱস্থা,advanced information system
উন্নত প্ৰযুক্তি (AT),advanced technology (AT)
কাৰ্য কৰা,agent
একত্ৰীকৰণ,aggregation
বায়ুমণ্ডলীয় কম্পিউটাৰ ব্যৱস্থা,airborne computer system
aldus পৃষ্ঠা-নিৰ্মাণ,aldus page maker
সতৰ্কবাণী বাকচ,alert box
algol (কম্পিউটাৰ ভাষা),algol
"1. এলগৰিদম , 2. এলগৰিদম",algorithm
"১.এলগৰিদম বিশ্লেষণ, ২. এলগৰিদম বিশ্লেষণ",algorithm analysis
এলগৰিদম দক্ষতা,algorithm efficiency
"১.ইলিয়াছ, ২. ডাকনাম, ৩. aka",alias
প্ৰান্তিককৰণ,alignment
"১.আবণ্টন, ২. আবণ্টন",allocation
"১.বৰ্ণানুক্ৰমিক, ২. বৰ্ণানুক্ৰমিক ক্ৰম",alphabetic
আলফানিউমেৰিক,alphanumeric
"1. আলফানিউমেৰিক কিবৰ্ড ,2. আলফানিউমেৰিক কিবৰ্ড",alphanumeric key board
আলফা-পৰীক্ষণ (১ম স্তৰৰ পৰীক্ষা),alpha-test
"1. আলফা সংস্কৰণ, 2. আলফা ৰূপ",alpha-version
alt কি&#39;,alt key
আলতাভিস্তা,altavista
বহুগুণতা,ambiguity
অস্পষ্ট ব্যাকৰণ,ambiguous grammar
আমেৰিকান নেচনেল ষ্টেণ্ডিজ ইনষ্টিটিউট (ANSI),American National Standards Institute (ANSI)
আমেৰিকান ষ্টেণ্ডাৰ্ড কাট (ascii),American Standard Code For Information Interchange (ASCII)
"1. অনুৰূপ, ২. এনালগ",analog
"১.এনালগ কম্পিউটাৰ, ২.এনালগ কম্পিউটাৰ",analog computer
"1. এনালগ ডিভাইচ, 2. এনালগ ডিভাইচ",analog device
"1. এনালগ মডেম, 2. এনালগ মডেম",analog modem
এনালগ টু ডিজিটেল কনভাৰ্টাৰ,Analog To Digital Converter (ADC)
শেষ (ডিজিটেল/প্লেন লজিক &#39;আৰু&#39; ব্যৱহৃত),AND
শেষ বৰ্তনী,AND circuit
শেষৰ গেট আৰু গেট,AND gate
অপাৰেচন শেষ নহয় (বৰ্জন),AND not operation (Exclusion)
"১.এনিমেচন, ২.কম্পন",animation
দ্ৰষ্টব্য,annotation
অসামঞ্জস্যতা,anomaly
পূৰ্ৱবৰ্তী,antecedent
প্ৰত্যাশিত পেজিং,anticipatory paging
প্ৰতি-সমমিতিক,anti-symmetric
এন্টিভাইৰেল প্ৰগ্ৰেম,antivirus program
"১.এপলেট, ২. দৰ্খাস্ত",applet
এপ্লিকেচন ডেভেলপাৰ,application developer
এপ্লিকেচন প্ৰগ্ৰেমিং,application programming
"1. এপ্লিকেচন প্ৰগ্ৰামিং আন্তঃপৃষ্ঠ, 2. এপ্লিকেচন প্ৰগ্ৰেমিং আন্তঃপৃষ্ঠ (API)",application programming interface (API)
এপ্লিকেচন চফ্টৱেৰ,application software
আবেদন ভাষা,applicative language
আনুমানিক নীতি,approximation theory
গাঁঠনি,architecture
ক্ষেত্ৰ স্থানান্তৰ,area transfer
"1. প্ৰাচল, স্বাধীন চলক, 2. কোণ",argument
"1. গাণিতিক আৰু যুক্তি একক, 2. গাণিতিক আৰু যুক্তি একক",arithmatic and logic unit
গাণিতিক পৰীক্ষা,arithmatic check
গাণিতিক ধ্ৰুৱক,arithmatic constant
গাণিতিক তথ্য,arithmatic data
গাণিতিক নিৰ্দেশনা,arithmatical instruction
গাণিতিক আৰু যুক্তিসংগত একক (ALU),arithmetic and logic unit (ALU)
ARPA নেট (RPNet),ARPANET
এৰে,array
"1. এৰে কেচ, 2. এৰেৰ গতি, ৩. এৰে মেমৰি",array cache
এৰে কম্পিউটাৰ,array computer
এৰে উপাদান,array element
এৰেৰ নাম,array name
এৰে প্ৰচেছৰ,array processor
কাঁড় চিহ্ন,arrow keys
সন্ধি,articulation
জংচন পইণ্ট,articulation point
কৃত্ৰিম সংকোচন,artificial compaction
কৃত্ৰিম নিয়ন্ত্ৰণ,artificial control
কৃত্ৰিম ইন্দ্ৰিয়,artificial intelligence
মাউন্ট,ascender
আৰোহী সজাই পৰাই তোলা,ascending sort
ascii বৰ্ণমালা,ASCII betical order
ascii নিয়ন্ত্ৰণ চিহ্ন,ASCII control character
ascii ফাইল,ASCII file
ascii ফন্ট,ASCII font
ASCII স্থানান্তৰ,ASCII transfer
এস্পেক্ট ৰেচিঅ&#39;,aspect ratio
"১.এছপি, ২. এ এছ পি আই",ASPI
এ এছ আৰ কালাদ,ASR timer
"১/ স্মৰণ, ২। একত্ৰিত কৰা, ৩. একত্ৰিত কৰা",assemble
"১.সমাবেশকাৰী, ২. স্মাৰক",assembler
"1. একত্ৰিত কৰা, ২. স্মৃতি",assembly
"১/ মুখস্থ কৰা ভাষা, ২. ভাষা একত্ৰিত কৰা",assembly language
সংকল্প,assertion
"1. নিৰ্দিষ্ট কাম, 2. আবণ্টন",assignment
সংগীত্ব,association
সহযোগী ঠিকনা,associative address
"১.সংগত স্মৃতি, ২. সহযোগী স্মৃতিশক্তি",associative memory
তাৰকা চিহ্ন (* চিহ্ন),asteric
অসমতাপূৰ্ণ,asymmetric
"1. এচিনক্ৰ&#39;নাছ , 2. এচিনক্ৰ&#39;নাছ",asynchronous
এচিনক্ৰ&#39;নাছ ডিজিটেল গ্ৰাহক লাইন (ADSL),asynchronous Digital Subscriber Line (ADSL)
এচিংক্ৰ&#39;নাছ সময় বিভাজন মাল্টিপ্লেক্সিং (ATDM),asynchronous Time Division Multiplexing (ATDM)
এচিনক্ৰ&#39;নাছ স্থানান্তৰ,asynchronous transfer
এচিংক্ৰ&#39;নাছ ট্ৰেন্সফাৰ মোড (ATM),asynchronous Transfer Mode (ATM)
"১.পৰমাণু, ২. পৰমণ",atom
সংলগ্ন নথিপত্ৰ,attached document
"1. সংলগ্ন ফাইল/মিছিল, 2. সংলগ্ন ফাইল",attached file
"১.আৱৰণ, ২. সংযুক্ত",attachment
"১.গুণ, ২. বৈশিষ্ট্য",attribute
শ্ৰৱণযোগ্য,audio
"1. অডিট প্ৰগ্ৰেমিং, 2. অডিট প্ৰগ্ৰেমিং",audit programming
একাউণ্ট পৰীক্ষণ,audit trail
প্ৰচাৰ,augmentation
প্ৰমাণীকৰণ প্ৰট&#39;কল,authentication protocol
লেখক পদ্ধতি,authoring system
"১.কৰ্তৃত্ব, ২. কৰ্তৃত্ব, ৩. ন্যায়াধিকৰণ",authorization
অটো বিমূৰ্ত,auto abstract
"1. স্বয়ংক্ৰিয় বুটিং, 2. self বুট",autobooting
AutoCAD (এটা কম্পিউটাৰ ভাষা),autocad
স্বয়ংক্ৰিয় লগ-অন,autolog on
automata,automata
automata তত্ত্ব,automata theory
স্বয়ংক্ৰিয় গণনা,automatic computing
স্বয়ংক্ৰিয় তথ্য প্ৰক্ৰিয়াকৰণ,automatic data processing
স্বয়ংক্ৰিয় ভুল সংশোধন,automatic error correction
অটো ফাংচন,automatic function
"1. স্বয়ংক্ৰিয় সূচীভুক্তকৰণ, 2. স্বয়ংক্ৰিয় তালিকাভুক্তকৰণ",automatic indexing
অটো-সংগ্ৰহ কল,automatic library call
"1. স্বয়ংক্ৰিয় প্ৰগ্ৰেমিং, 2. স্বয়ংক্ৰিয় প্ৰগ্ৰেমিং",automatic programming
"1. স্বয়ংক্ৰিয় পুনৰুদ্ধাৰ প্ৰগ্ৰেম, 2. স্বয়ংক্ৰিয় পুনৰুদ্ধাৰ প্ৰগ্ৰেম",automatic recovery program
অটো ৰুটিন,automatic routine
স্বয়ংক্ৰিয় চিস্টেম পুনৰুদ্ধাৰ,automatic system recovery
"১/ স্বয়ংক্ৰিয় টেলাৰ মেচিন (এটিএম), ২. স্বয়ং উলিওৱাৰ বাবে বেংকৰ ATM",automatic teller machine (ATM)
অটোমেচন,automation
"1. অটোপ্লে , 2. অটো ৱাক",autoplay
কণ্ঠদান,autosave
সহায়ক,auxiliary
সহায়ক স্মৃতিশক্তি,auxiliary memory
সহায়ক সংৰক্ষণ,auxiliary storage
উপলব্ধ তালিকা,available list
উপলব্ধ সময়,available time
গড়,average
AWK (এটা কম্পিউটাৰ কমাণ্ড),awk (language)
পাছত,backend
পোষ্ট প্ৰচেছৰ,backend processor
পশ্চাৎ কাৰ্য্য বিলোপন,backface removal
পটভূমি প্ৰক্ৰিয়াকৰণ,background processing
আনুষংগিক দোকানসমূহ,backing store
বেক পেচিং,backpatching
"১.পশ্চিম, ২. বেকস্পেচ",backspace
পিছুৱাই যোৱা,backtracking
"1. বেক-আপ , 2. ৰিইম্বৰ্চেমেণ্ট",back-up
"১/ পৰিপূৰক স্মৃতিশক্তি, ২. বেক-আপ মেমৰি",back-up memory
পিছলৈ ভুল সংশোধন,backward error recovery
(আয়-ব্যয়) বেলেন্স শ্বীট,balance sheet
পট্টি,band
"১.বেণ্ড প্ৰস্থ, ২. বেণ্ডউইডথ/ক্ষমতা",band width
বেংকাৰৰ এলগৰিদম,banker's algorithm
"1. বাৰ ক&#39;ড, 2. বাৰ ক&#39;ড",bar code
বাৰক&#39;ড স্ক্যানাৰ,bar code scanner
বাৰ গ্ৰাফ,bar graph
ভিত্তি ঠিকনা,base address
বেচ বেণ্ড,base band
আধাৰ নম্বৰ,base number
ভিত্তি টেবুল,base table
মূল (এটা কম্পিউটাৰ ভাষা),BASIC
"1. মূল নিয়ন্ত্ৰণ , 2. ভিত্তি নিয়ন্ত্ৰণ",basic control
"১/ মূল বিনিয়োগ, ২. ভিত্তি বিনিয়োগ",basic input
মূল নিৰ্দেশনা,basic instruction
ভিত্তি বিষয়,basic output
মূল পৰ্যায়,basic step
"১.বেচ, ২. গোট, ৩. বিপৰ্যয়",batch
"1. বেচ ফাইল, 2. বেচ ফাইল",batch file
বেচৰ অৱস্থা,batch position
"১.বেচ প্ৰচেছিং, ২. গ্ৰুপ প্ৰচেছিং",batch processing
"1. বেচ ব্যৱস্থা, 2. কেটাপল্ট ব্যৱস্থা",batch system
baud,baud
বড হাৰ,baud rate
ৰশ্মি ৰশ্মি,beam
"1. নিৰ্দেশনা , 2. বেচ মাৰ্ক",benchmark
দ্বিমুখী যোগাযোগ,bidirectional communication
প্ৰত্যক্ষ সংযোগ,bidirectional link
বাইনাৰী ক&#39;ড,binary code
বাইনাৰী অংক,binary digit
বাইনাৰী বিনিয়োগ আউটপুট ব্যৱস্থা (BIOS),binary Input output system (BIOS)
বাইনাৰী সংখ্যা,binary number
বাইনাৰী অপাৰেটৰ,binary operator
বাইনাৰী সম্পৰ্ক,binary relation
বাইনাৰী সন্ধান,binary search
বাইনাৰী অন্বেষণ বৃক্ষ (BST),binary search tree (BST)
"1. বাইনাৰী স্থানান্তৰ গছ, 2. বাইনাৰী স্থানান্তৰ",binary transfer
বাইনাৰী গছ,binary tree
"১.দ্বিমেৰু স্মৃতিশক্তি, ২. বাইপোলাৰ মেম’ৰী",bipolar memory
"১/ জন্ম আৰু মৃত্যুৰ আৰ্হি, ২. জন্ম মৃত্যুৰ আৰ্হি",birth death model
জন্ম মৃত্যু প্ৰক্ৰিয়া,birth death process
"১.ডুয়েক, ২. বিট",bit
বিট দোষ,bit fault
বিট মেপ,bit map
"1. বিট , 2. মানচিত্ৰ, ৩. পিক্সেল (BMP)",bit map pixel (BMP)
"1. বিট মেট্ৰিক্স, 2. বিট টেবুল",bit matrix
বিট পেটাৰ্ণ,bit pattern
বিটৰ অৱস্থান,bit position
"1. বিট হাৰ, 2. বিট হাৰ",bit rate
চকুত পটি পৰীক্ষা কৰা,black box testing
shimmer,blinking
অৱৰুদ্ধ কৰা,block
"1. ব্লক কেচ, 2. ব্লক কেচ / চুংক মেমৰি",block cache
ব্লক প্ৰ&#39;ব,block check
ভলিউম কপি,block copy
ব্লক ডায়াগ্ৰাম,block diagram
"1. ব্লক কৰা নেটৱৰ্ক, 2. ব্লক কৰা নেটৱাৰ্ক",blocking network
ব’ৰ্ড,board
পৃষ্ঠাৰ স্মৃতিশক্তি,book mark
বুলিয়ান বীজগণিত,boolean algebra
বুলিয়ান সম্পৰ্ক,boolean relation
বুট বিভাজন,boot partition
বুট ষ্ট্ৰেপিং,boot strapping
1.বুটষ্ট্ৰেপ লোডাৰ,boot-strap loader
"১.দলং, ২.দলং",bridge
ব্ৰডবেণ্ড নেটৱৰ্ক,broadband networking
সম্প্ৰচাৰ,broadcast
সম্প্ৰচাৰ ৰেডিঅ&#39;,broadcast radio
(নেট) ভ্যাৰিয়েন্স,browse
(নেট) ভিকাৰ,browser
বি-ট্ৰু,B-Tree
"1.বাবল মেমৰি, 2.বাবল মেমৰি",bubble memory
বুদবুদ সজাই পৰাই তোলা,bubble sort
"১.বাল্টি, ২.বাল্টি",bucket
"১.ভ্ৰাতৃত্ববোধ ব্যৱস্থা, ২.বৃহৎ ব্যৱস্থা",buddy system
বাজেট ফলপ্ৰসূ নিয়ন্ত্ৰণ,budget effective control
বাফাৰ,buffer
অভাৱ,bug
বাছ,bus
"১.অষ্ট ব্যাংক, ২. বিট (আঠটা বিট)",byte
বাইট ক&#39;ড,byte code
C (কম্পিউটাৰ ভাষা),c
"1.C Plus Plus, 2.C++ (কম্পিউটাৰ ভাষা)",C++
"১.নগদ ধন, ২. বেগাই",cache
"1.কেচ বাফাৰ, 2.মেমৰি বাফাৰ",cache buffer
"1.কেচ মেমৰি, 2.কেচ মেমৰি, 3.দ্ৰুত মেমৰি",cache memory
গণনা কৰা,calculation
"১.কেলকুলেটৰ, ২.কেলকুলেটৰ",calculator
"1.কেলকুলেটৰ চিপ,2. কেলকুলেটৰ চিপ",calculator chip
আমন্ত্ৰণ কৰক,call
নাম কল,call by name
ৰেফাৰেন্স কল,call by reference
সন্মানীয় আহ্বান,call by value
ভেৰিয়েবল কল,call by variables
আমন্ত্ৰণ গেট,call gate
"1. বাতিল কৰক, 2. বাতিল কৰক",cancel
বাতিল বুটাম,cancel button
"১.নিৰ্দিষ্ট কৰা, ২. কেননিক",canonical
কেননিক ৰূপ,canonical form
সক্ষমতা,capability
ক্ষমতা তালিকা,capability list
"১.সামৰ্থ্য, ২. ধৰি ৰখা",capacity
caps লক চাবি,caps lock key
"১.কাৰ্ড, ২. চাদৰ",card
কাৰ্ড ৰিডাৰ,card reader
প্ৰাধান্য,cardinality
বাহক,carrier
বাহক বেণ্ড,carrier band
বাহক বোজা,carrier load
বাহক সংকেত,carrier signal
বাহক তৰংগ,carrier wave
লাভ কৰা হৈছে,carry
স্ক’ৰ লাভ কৰা হৈছে,carry digit
অৰ্জন কৰা পতাকা,carry flag
"1.কাৰটিজ ডিস্ক, 2.কাৰটিজ ডিস্ক",cartridge disk
"1. কেছকেড, 2. কেছকেড",cascade
ঘটনা,case
কেথ&#39;ড-ৰে-টিউব (CRT),cathod ray tube (CRT)
কেথ’ড ৰে টিউব (CRT) কেথ’ড ৰে টিউব,cathode ray tube (CRT)
cd rom ডিস্ক ড্ৰাইভ,CD ROM disk drive
কোষ,cell
কোষ এনিমেচন,cell animation
চেলুলাৰ ফোন,cellular phone
"১.কেন্দ্ৰীয় স্মৃতি, ২. কেন্দ্ৰীয় স্মৃতিশক্তি",central memory
কেন্দ্ৰীয় প্ৰক্ৰিয়াকৰণ একক (CPU),central processing unit (CPU)
কেন্দ্ৰীভূত ব্যৱস্থা,centralized system
প্ৰমাণীকৃত টেপ,certified tape
শিকলি,chain
"1.series ডাটা, 2.series বিষয়বস্তু",chain data
শৃংখল সংযোগ,chain link
চেইনিং,chaining
"১.চেনেল, ২.চেনেল",channel
"1.চেনেল ব্যস্ত টোন, 2.চেনেল ব্যস্ত টোন",channel busy tone
"1.চেনেল ক্ষমতা, 2.চেনেল ক্ষমতা",channel capacity
"1.চেনেল নিয়ন্ত্ৰক, 2.চেনেল নিয়ন্ত্ৰক",channel controller
"1. চেনেল ত্ৰুটি, 2.চেনেল ত্ৰুটি",channel error
"১.চেনেল প্ৰগ্ৰেম, ২.চেনেল প্ৰগ্ৰেম",channel program
"1.চেনেল নিৰ্ভৰযোগ্যতা, 2.চেনেল নিৰ্ভৰযোগ্যতা",channel reliability
"1.চেনেল ছেট, 2.চেনেল ছেট",channel set
প্ৰতীক,character
"১.আখৰৰ ক&#39;ড, ২. আখৰৰ ক&#39;ড",character code
আখৰৰ চাবি,character key
চৰিত্ৰ পাঠক,character reader
"১.প্ৰতীকৰ আকাৰ, ২.প্ৰতীকৰ আকাৰ",character size
চিত্ৰকল্প,chart
"১.চেছিছ, ২.চেছিছ",chassis
বিট পৰীক্ষা কৰক,check bit
চেক পইণ্ট,check digit
মুঠ পৰীক্ষা কৰক,check sum
শব্দ পৰীক্ষা কৰক,check word
চিপ,chip
চিপ চেট,chip set
"1.বাছি লোৱা, 2.বাছি লোৱা",choose
বৰ্ণানুক্ৰমে,chromatically
"১.ছাফাৰ, ২. শূন্য, ৩. নাৱিক",cipher
বৰ্তনী,circuit
বৃত্ত তালিকা,circular list
চেৰেছ,cirus
উল্লেখ,citation
"1.শ্ৰেণী, 2.শ্ৰেণী",class
ক্লাছ ভেৰিয়েবল,class variable
শ্ৰেণীবিভাজন,classification
স্ক্যাভেঞ্জিং,clear
ক্লিয়াৰ কৰা অঞ্চল,clear area
"1. চিস্টেম পৰিষ্কাৰ কৰক, 2. চেনেল পৰিষ্কাৰ কৰক",clear channel
টিপক,click
"১.গ্ৰাহক, ২. গ্ৰাহক",client
"1.ক্লায়েন্ট চাৰ্ভাৰ, 2.ক্লায়েন্ট চাৰ্ভাৰ",client server
গ্ৰাহকৰ ষ্টাব,client stub
শ্বিয়াৰিং আৰ্ট,clip art
শ্বিয়াৰিং আৰ্ট লাইব্ৰেৰী,clip art library
ক্লিপ বৰ্ড,clip board
ক্লিপাৰ,clipper
ক্লিপাৰ চিপ,clipper chip
ফৈদ,clique
"1.ৱাচ, ২. calad",clock
ঘড়ীৰ চক্ৰ,clock cycle
ঘড়ীৰ কম্পাঙ্ক,clock frequency
কালাদ হাৰ্ডৱেৰ,clock hardware
কালাদ স্পেণ্ড,clock pulse
ঘড়ীৰ গতি,clock speed
সময় সমন্বয়,clock synchronization
ঘড়ীৰ টিক,clock tick
ক্ল&#39;ন,clone
বন্ধ কৰা,close
বন্ধ চাৰ্কিট টিভি (চিচিটিভি),close circuit TV (CCTV)
বিৱৰণ,closure
"১.ক্লাউড কম্পিউটিং, ২.ক্লাউড কম্পিউটিং",cloud computing
মুঠি,cluster
"১.আবৃত কাৰ্ড, ২. আৱৰণযুক্ত শ্বীট",coated card
আৱৰণযুক্ত কাগজ,coated paper
সমাক্ষীয়,coaxial
সমাক্ষীয় কেবল,coaxial cable
কোডাচিল,codasyl
"১.কোড, ২.কোড",code
"1. ক&#39;ড জেনেৰেটৰ, 2. ক&#39;ড জেনেৰেটৰ",code generator
ক&#39;ড পৃষ্ঠা,code page
"১.কোড শব্দ, ২.কোড শব্দ",code word
"১.কোডাৰ, ২.কোডাৰ",coder
"1. এনকোডিং পৰীক্ষা, 2. ক&#39;ডিং পৰীক্ষা",coding check
এনকোডিং ফৰ্ম,coding form
"1. এনকোডিং শ্বীট, 2. ক&#39;ডিং শ্বীট",coding sheet
সহগ,coefficient
সংহতি,coherence
"1.কল্ড বুট, 2.কল্ড ষ্টাৰ্ট",cold boot
ঠাণ্ডা আৰম্ভণি,cold start
সহযোগ,collaboration
পতন হোৱা,collapse
"১.সংলগ্নকৰণ, ২.সংযুক্ত কৰা",collate
"1.সূচীভুক্ত টেপ,2. callet টেপ",collate tape
সংঘৰ্ষ,collision
বৃহদান্ত্ৰ,colon
"১.আখৰ, ২.ৰং",colour (color)
ৰঙৰ পৰিপূৰকতা,colour saturation
ৰঙৰ টেবুল,colour table
স্তম্ভ,column
সংমিশ্ৰণ,combination
কম্পোজিট বাকচ,combo box
"১.আদেশ, ২.আদেশ",command
কমাণ্ড বুটাম,command button
কমাণ্ড তালিকা,command list
টোকা,comment
"১/ প্ৰতিশ্ৰুতি, ২/ প্ৰতিশ্ৰুতি",commitment
বস্তু,commodity
সাধাৰণ ব্যৱসায়মুখী ভাষা (COBOL),Common Business Oriented Language (Cobol)
সাধাৰণ ভুল,common error
সাধাৰণ ভাষা,common language
"১.সাধাৰণ নাম, ২. স্বাভাৱিক ৰুটিন",common routine
যোগাযোগ,communication
যোগাযোগ লাইন,communication line
যোগাযোগ ধৰণ,communication mode
"1. যোগাযোগ নেটৱৰ্ক, 2. যোগাযোগ নেটৱৰ্ক",communication network
যোগাযোগ প্ৰাচল,communication parameter
যোগাযোগ ব্যৱস্থা,communication system
সংকোচন,compaction
কম্প্ৰেছাৰ,compander
কম্প্ৰেছন ট্ৰেন্সমিছন,companding
কোম্পানী নেটৱৰ্ক,company network
তুলনামূলক পৰীক্ষা,comparison test
"১.সামঞ্জস্যতা, ২.সামঞ্জস্যতা",compatibility
উপযুক্ত,compatible
সংকলন,compilation
সংকলন আৰু নিষ্পাদন,compile and go
"1.কম্পাইলাৰ, 2.প্ৰগ্ৰেম ট্ৰেন্সফাৰ",compiler
কম্পাইলাৰ ভাষা,compiler language
পৰিপূৰক,complementary
দহৰ পৰিপূৰক,complement-on-ten
পৰিপূৰক,complementor
"১/ সম্পূৰ্ণৰূপে অৰ্জন কৰা, ২. সম্পূৰ্ণৰূপে অৰ্জন কৰা",complete carry
কম্পোজিট,complex
জটিল সংখ্যা,complex number
সমষ্টিবাসী,component
com,component object model (COM)
গাঁঠি,composite
সংমিশ্ৰণ,composition
"১.গণনাযোগ্য, ২.গণনাযোগ্য",computational
কম্পিউটাৰ,computer
কম্পিউটাৰ কেন্দ্ৰ,computer centre
কম্পিউটাৰ বিশেষজ্ঞ,computer expert
কম্পিউটাৰ গ্ৰাফিক্স,computer graphics
কম্পিউটাৰৰ নিৰ্দেশনা,computer instruction
"১.কম্পিউটাৰ ভাষা, ২.কম্পিউটাৰ ভাষা",computer language
"1. কম্পিউটাৰ নেটৱৰ্ক, 2. কম্পিউটাৰ নেটৱৰ্ক",computer network
কম্পিউটাৰ বিজ্ঞান,computer science
কম্পিউটাৰ সুৰক্ষা,computer security
কম্পিউটাৰ চিমুলেচন,computer simulaton
কম্পিউটাৰ বিশেষজ্ঞ,computer specialist
কম্পিউটাৰাইজেচন,computerisation
কম্পিউটাৰিষ্ট,computerist
কম্পিউটাৰাইজেচন,computerize
"১.গণনা, ২. গণনা",computing
ধাৰণা,concept
"১.প্ৰতিসমতা, ২.সংহতি, ৩.সমন্বয়",concurrency
"সমকালীন, একে",concurrent
নিষেধাজ্ঞা চলক,condition variable
নিষিদ্ধ অপাৰেটৰ,conditional operator
নিষিদ্ধ বিবৃতি,conditional statement
ড্ৰাইভাৰ,conductor
"১.দূৰত্বৰ সন্মিলন, ২.সন্মিলন",conferencing
গোপনীয়তা,confidentiality
"1.বিন্যাস, 2.বিন্যাস",configuration
ভিৰ,congestion
সংমিশ্ৰণ,conjunction
সংযোগৰ গতি,connect speed
সংযোগ,connection
সংযোগবিহীন যোগাযোগ,connection less communication
এফিলিয়েচন ৰিলিজ,connection release
সংযোগ,connectivity
"1.সংযোগকাৰী, 2.সংযোগকাৰী",connector
একেৰাহে,consecutive
খতিয়ান লোৱা,consequent
কনছ&#39;ল,console
একত্ৰীকৰণ,consolidation
"১.সহযোগী, ২. নেৰানেপেৰা",constant
নিৰন্তৰ নিৰ্দেশনা,constant instruction
নিষিদ্ধ,constraint
কনষ্ট্ৰাক্টৰ,constructor
পাত্ৰ,container
"১. বিষয়বস্তু, ২. উদ্ধৃতি",content
সন্দৰ্ভ,context
প্ৰসংগ মুক্ত ব্যাকৰণ (cfg),context free grammar (CFG)
প্ৰসংগ চুইচ,context switch
"১.আকস্মিক, ২.আকস্মিক",contingency
অমিল,contraction
বিষমতা,contrast
নিয়ন্ত্ৰণ,control
কণ্টেইনমেণ্ট জ’ন,control area
নিয়ন্ত্ৰণ বিট,control bit
নিয়ন্ত্ৰক বাছ,control bus
নিয়ন্ত্ৰণ কাৰ্ড,control card
নিয়ন্ত্ৰণ বৰ্তনী,control circuit
নিয়ন্ত্ৰণ চকা,control cycle
"১/ নিয়ন্ত্ৰণ অভিযান্ত্ৰিকী, ২/ নিয়ন্ত্ৰণ অভিযান্ত্ৰিক",control engineering
নিয়ন্ত্ৰণ কি&#39;,control key
নিয়ন্ত্ৰণ যুক্তি,control logic
নিয়ন্ত্ৰণ লুপ,control loop
নিয়ন্ত্ৰণ চিন,control mark
নিয়ন্ত্ৰণ কাৰ্য্য,control operation
নিয়ন্ত্ৰণ পেনেল,control panel
নিয়ন্ত্ৰণ সংকেত,control signal
নিয়ন্ত্ৰণ চুইচ,control switch
নিয়ন্ত্ৰণ টেপ,control tape
"1. নিয়ন্ত্ৰণ টাৰ্মিনেল, 2. নিয়ন্ত্ৰণ টাৰ্মিনেল",control terminal
"১.নিয়ন্ত্ৰণ একক, ২. নিয়ন্ত্ৰণ একক",control unit (CU)
অভিসৰণ,convergence
সংলাপ,conversation
কথোপকথনমূলক কল,conversational time sharing
ৰূপান্তৰ,conversion
ৰূপান্তৰক,converter
কুকৰ উপপাদ্য,Cook's theorem
সহ-প্ৰচেছৰ,co-processor
কপি কৰক,copy
কপিৰাইট,copyright
কৰ্ড,cord
"1.কৰ্ডলেছ টেলিফোন, 2. বেতাঁৰ টেলিফোন, 3. বেতাঁৰ টেলিফোন",cordless telephone
উপপাপপাতি,corollary
সংশোধনী,correction
"১.ব্যৱহাৰযোগ্য, ২.বিকৃত",corrupted
গণনা কৰা,count
স্ক&#39;ৰাৰ,counter
দেশৰ কোড,country code
সহাৱস্থান,covariance
"১/ পৰিসৰৰ ক্ষেত্ৰফল, ২. সম্প্ৰচাৰ",coverage
পতন হোৱা,crash
জটিল পথ,critical path
জটিল পথ পদ্ধতি (CPM),critical path method (CPM)
"১.ক্ৰছ টেষ্ট, ২.ক্ৰছ টেষ্ট",cross check
"1.ক্ৰছ প্ৰগ্ৰেমেবল-স্থানান্তৰ, 2. প্ৰতি প্ৰগ্ৰেমেবল",cross compiler
অপ্রাসংগিক সংকেত,cross fire
অপ্রাসংগিক কথা,cross talk
ক্ৰিপ্টোগ্ৰাফী,cryptographic
"1. ক্ৰিপ্টোগ্ৰাফী, 2. ক্ৰিপ্টোগ্ৰাফী, 3. ক্ৰিপ্টোগ্ৰাফী",cryptography
মুদ্ৰাৰ চিহ্ন,currency symbol
বৰ্তমান ডাইৰেকটৰি,current directory
বৰ্তমান উইন্ডো,current window
কাৰ্চাৰ,cursor
বক্ৰ,curve
"১/ কাটি পেষ্ট কৰক, ২) কাটি পেষ্ট কৰক",cut and paste
ছিয়াৰিং পদ্ধতি,cut method
চাইবাৰ,cyber
চাইবাৰ কেফে,cyber café
চাইবাৰ নগদ ধন,cyber cash
চাইবাৰ অপৰাধ,cyber crime
চাইবাৰ ডেলেক্স,cyber delics
চাইবাৰ আইন,cyber law
চাইবাৰ যৌনতা,cyber sex
"১/ চাইবাৰ বিজ্ঞান, ২. চাইবাৰনেটিক্স",cybernatics
"1.চাইবাৰাইজেচন, 2. চাইবাৰাইজেচন",cybernation
চক্ৰ,cycle
"১.চক্ৰ স্মৃতি, ২.চক্ৰ স্মৃতি",cycle memory
চক্ৰ ক্ষতি,cycle steal
চক্ৰৰ সময়,cycle time
চক্ৰীয়,cyclic
ডেমন,daemon
ডেইজী চক্ৰ,daisy wheel
ডাটা প্ৰশাসক,data administrator
তথ্য আবণ্টন,data allocation
"1.ডাটা ফিল্ড, 2.ডাটা ফিল্ড",data area
"1.ডাটা এৰে, 2. ডাটা এৰে",data array
"১.ডাটা-বেছ, ২.ডাটাবেছ",data base
তথ্যৰ খণ্ডিতকৰণ,data break
"১.ডাটা বাছ, ২.ডাটা বাছ",data bus
"1.ডাটা কেৰিয়াৰ, 2.ডাটা কেৰিয়াৰ",data carrier
ডাটা চেল,data cell
"১.ডাটা চিষ্টেম, ২.ডাটা চেনেল",data channel
ডাটা যোগাযোগ,data communication
"1.ডাটা কম্প্ৰেছন, 2.ডাটা কম্প্ৰেছন",data compression
ডাটা ফিল্ড,data field
ডাটা ফাইল,data file
"১.ডাটা ফ্ল’, ২.ডাটা ফ্ল’",data flow
"১.ডাটা ফ্ল’চাৰ্ট, ২.চাৰ্ট",data flow Chart
ডাটা হাইৰাৰ্কি,data hierarchy
তথ্যৰ স্তৰ,data level
"১.তথ্য সংগ্ৰহ, ২.তথ্য লাইব্ৰেৰী",data library
ডাটা লিংক স্তৰ,data link layer
ডাটা লিংক স্তৰ (DLL),data link layer (DLL)
"১.ডাটা মেনেজমেণ্ট, ২.ডাটা মেনেজমেণ্ট",data management
"১.তথ্য গণনা, ২.তথ্য গণনা",data manipulation
তথ্য প্ৰক্ৰিয়াকৰণ ভাষা (DML),data manipulation language (DML)
ডাটা মডেম ডাটা মডেম,data modem
"১.তথ্য পৰিৱৰ্তন, ২.তথ্য পৰিৱৰ্তন",data modification
"১.ডাটা নেটৱৰ্ক, ২.ডাটা নেটৱৰ্ক",data network
"1.ডাটা অপাৰেচন, 2.ডাটা অপাৰেচন",data operation
"1.ডাটা সংস্থাসমূহ, 2. ডাটা সংস্থাপন",data organization
"1. ডাটা আউটপুট, 2. ডাটা আউটপুট",data output
"1.ডাটা পাথ, 2.ডাটা পাথ",data path
"1.তথ্য প্ৰস্তুত কৰা, 2. তথ্য প্ৰস্তুত কৰা",data prepration
"1.ডাটা গোপনীয়তা, 2.ডাটা গোপনীয়তা",data privacy
"1. ডাটা প্ৰচেছৰ, 2. ডাটা প্ৰচেছৰ",data processor
"1.তথ্য সুৰক্ষা, 2.তথ্য সুৰক্ষা",data protection
"১.ডাটা ৰেকৰ্ড, ২.ডাটা ৰেকৰ্ড",data record
"1. তথ্য উদ্ধাৰ, 2. তথ্য উদ্ধাৰ",data retrieval
"১.ডাটা ৰুটিন, ২.ডাটা ৰুটিন",data routine
"1.ডাটা সুৰক্ষা, 2.ডাটা সুৰক্ষা",data security
"1.ডাটা ছেট, 2. ডাটা ছেট",data set
"1.ডাটা সংকেত, 2.ডাটা সংকেত",data signal
"1. ডাটা এক্সেছ, 2. ডাটা এক্সেছ",data sink
"১.তথ্যৰ উৎস, ২.তথ্যৰ উৎস",data source
"1.ডাটা স্পেচিফিকেশন, 2. তথ্যৰ নিৰ্দিষ্টকৰণ",data specification
"১.ডাটা চেণ্টাৰ, ২.ডাটা চেণ্টাৰ",data station
"1. তথ্য সংৰক্ষণ, 2. তথ্য সংৰক্ষণ",data storage
তথ্য সংৰক্ষণ গঠন,data storage structure
"1. তথ্যৰ গঠন, 2. তথ্যৰ গঠন",data structure
"১.ডাটা চুইচ, ২.ডাটা চুইচ",data switch
"1.তথ্য টেবুল, 2.তথ্য টেবুল",data table
"1.ডাটা শেষ, 2. ডাটা শেষ",data terminal
"১.ডাটা ট্ৰান্সক্ৰিপচন, ২.ডাটা ট্ৰান্সক্ৰিপচন",data transcription
"1.ডাটা স্থানান্তৰ, 2. ডাটা ট্ৰেন্সফাৰ",data transfer
"1. ডাটা ট্ৰেন্সমিছন, 2. ডাটা ট্ৰেন্সমিছন",data transmission
"1.ডাটা ট্ৰেন্সমিছন চিষ্টেম, 2.ডাটা ট্ৰেন্সমিছন চিষ্টেম",data transmission Channel
"1. ডাটা ফৰ্মেট, 2. ডাটা ফৰ্মেট",data type
"১.ডাটা ইউনিট, ২.ডাটা ইউনিট",data unit
"1.তথ্য বৈধকৰণ, 2.তথ্য বৈধকৰণ",data validation
ডাটাবেছ,database
ডাটাবেছ প্ৰশাসন,database adminstration
ডাটাবেছ ডিজাইন,database design
ডাটাবেছ ব্যৱস্থাপনা ব্যৱস্থা,database management system
"১.ডাটাগ্ৰেভ, ২.ডাটাগ্ৰেভ",datagrav
"1. ডেটাম, 2. ডাটা",datum
"১.নিষ্ক্ৰিয় অঞ্চল, ২.নিষ্ক্ৰিয় অঞ্চল",dead zone
ডেডলক,deadlock
ডেডলক প্ৰতিৰোধ,deadlock prevention
দোষ নিষ্কাশন,debug
"১/ বিচাৰ কোষ, ২/ বিচাৰ বাকচ",decision box
সিদ্ধান্ত গ্ৰহণ প্ৰক্ৰিয়া,decision making process
সিদ্ধান্ত সমৰ্থন ব্যৱস্থা,decision support system
সিদ্ধান্ত গছ,decision tree
"১.ডিকোডাৰ, ২.ডিকোডাৰ",decoder
দ্ৰৱণ নীতি,decomposition principle
ডিকোডিং,decryption
ডেডিকেটেড চিষ্টেম,dedicated channel
ডেডিকেটেড প্ৰেছ,dedicated port
প্ৰতিষেধক ডাটা নেটৱৰ্ক (DDN),defence data network (DDN)
টিকাকৰণ তথ্য ব্যৱস্থা,defence information system
সংহতি,defragmentation
পলম কৰা,delay
বিলম্ব কাউণ্টাৰ,delay counter
বিলম্বৰ সময়,delay time
"১.মচি পেলোৱা, ২.মচি পেলোৱা",delete
ডিলিচন ৰেকৰ্ড,deletion record
সীমা নিৰ্ধাৰণকাৰী,delimiter
ডেল্টা মডুলেচন,delta modulation
ৰিকুইজিচন পৃষ্ঠা,demand paging
প্ৰদৰ্শন,demo
ডিমডুলেচন,demodulation
ভি-মাল্টিপ্লেক্সাৰ,demultiplexer
ডিনৰ্মেলাইজেচন,denormalization
"১.ঘনত্ব, ২.ঘনত্ব",density
"১/ নিৰ্ভৰশীলতা, ২/ নিৰ্ভৰশীলতা",dependency
নিৰ্ভৰশীল একক,dependent unit
লানি পতা,dequeue
"১.ডিৰেফাৰেন্স, ২.ডিৰেফাৰেন্স",dereferencing
ব্যুৎপত্তি কৰা গছ,derivation tree
ব্যুৎপত্তি কৰা ক্ষেত্ৰ,derived field
অৱনমিত সজাই পৰাই তোলা,descending sort
ডিজাইন,design
ডেস্ক কেলকুলেটৰ,desk calculator
ডেস্কটপ কম্পিউটাৰ,desk top computer
ডেস্কটপ উপস্থাপন,desktop presentation
ডেস্কটপ প্ৰকাশন,desktop publishing (DTP)
ডেস্কটপ ভিডিঅ&#39;,desktop video
গন্তব্যস্থানৰ ঠিকনা,destination address
"১.ধ্বংসী, ২.নাশক",destructer
ডিটাৰ্মিনিষ্টিক automata,deterministric automats
ডেভেলপাৰ,developer
উন্নয়ন ব্যৱস্থা,development system
ডিভাইচ,device
ডিভাইচ নিয়ন্ত্ৰণ একক,device control unit
ডিভাইচ নিয়ন্ত্ৰক,device controller
ডিভাইচ ব্যৱস্থাপনা,device management
ডিভাইচ ধৰণ,device mode
নিদান,diagnosis
ডায়েগনষ্টিক চিষ্টেম,diagnostic system
"১/ ডায়েগনষ্টিকছ, ২.ডায়েগনষ্টিকছ",diagnostics
ডায়েগ্ৰাম,diagram
ডায়েল কৰক,dial
ডায়েল লাইন,dial line
ডায়েল টোন,dial tone
ডায়েল আপ কৰক,dial up
"১/ সংলাপ, ২/ কথোপকথন",dialog
কথোপকথন কক্ষ,dialog box
ডায়েলআপ মডেম,dialup modem
বীমা,diamension
অভিধান,dictionary
"১.ডিফাৰেন্সিয়েল, ২. পাৰ্থক্য",differentiation
সংখ্যাগত,digital
ডিজিটেল ব্যৱস্থা,digital channel
ডিজিটেল বৰ্তনী,digital circuit
ডিজিটেল কম্পিউটাৰ,digital computer
"1.ডিজিটেল ডাটা, 2.ডিজিটেল ডাটা",digital data
ডিজিটেল সুবিধা,digital facility
ডিজিটেল ফিল্টাৰ,digital filter
ডিজিটেল লাইব্ৰেৰী,digital library
ডিজিটেল মডুলেচন,digital modulation
"1. ডিজিটেল প্ৰদৰ্শন, 2. ডিজিটেল মনিটৰ",digital monitor
ডিজিটেল ইমেজ,digital picture
"১/ ডিজিটেল স্বাক্ষৰ, ২/ ডিজিটেল স্বাক্ষৰ",digital signature
ডিজিটেল চুইচ,digital switch
ডিজিটেল এনালগ কনভাৰ্টাৰ,digital to analog (D/A) converter
ডিজিটাইজেচন,digitization
ডিজিটাইজেচন,digitize
ডিজিটাইজাৰ,digitizer
ডাইঅ&#39;ড,diode
পোনপটীয়া,direct
প্ৰত্যক্ষ ঠিকনা,direct address
প্ৰত্যক্ষ ৰূপান্তৰ,direct conversion
প্ৰত্যক্ষ সংযোজন,direct coupling
"1. প্ৰত্যক্ষ মেমৰি অভিগম, 2. প্ৰত্যক্ষ মেমৰি অভিগম (DMA)",direct memory access (DMA)
প্ৰত্যক্ষ মেমৰি অভিগম (DMA),direct memory acess (DMA)
প্ৰত্যক্ষ পদ্ধতি,direct method
দিশ নিৰ্দেশনা,directive
ডাইৰেকটৰী,directory
"1. ডাইৰেকটৰি চাৰ্ভাৰ, 2. ডাইৰেকটৰি চাৰ্ভাৰ",directory server
ডাইৰেকটৰি সেৱা,directory service
অক্ষম,disable
সংকেত নিষ্ক্ৰিয় কৰা,disabling signal
"১.সংযোগ বিচ্ছিন্ন কৰা, ২.সংযোগ বিচ্ছিন্ন কৰা",disconnect
"১.বিচ্ছিন্ন, ২.বিচ্ছিন্ন",discrete
"১.ডিস্ক, ২.ডিস্ক",disk
"1. ডিষ্কৰ ঠিকনা, 2. ডিষ্কৰ ঠিকনা",disk address
"1. ডিস্ক এৰে, 2. ডিস্ক এৰে",disk array
"1. ডিস্ক ক্ষমতা, 2. ডিস্ক ক্ষমতা",disk capacity
"1. ডিস্ক ড্ৰাইভাৰ, 2. ডিস্ক ড্ৰাইভ",disk drive
ডিস্ক নথিপত্ৰ,disk file
"1. ডিস্ক মেমৰি, 2. ডিস্ক মেমৰি, 3. ডিস্ক মেমৰি, 4. ডিষ্ক মেমৰি",disk memory
ডিস্ক অপাৰেটিং চিস্টেম (DoS),disk operating system (DOS)
ডিস্ক পেকেজ,disk pack
"1.চকৰিকা চাৰ্ভাৰ, 2.ডিস্ক চাৰ্ভাৰ",disk server
"1. ডিষ্ক সংৰক্ষণ, 2. ডিষ্ক সংৰক্ষণ",disk storage
ডিস্কেট,diskette
ফাইল প্ৰদৰ্শন কৰক,display file
ছবি প্ৰদৰ্শন কৰক,display image
নিষ্পত্তি,disposal
দূৰত্ব,distance
দূৰত্বৰ ফলন,distance function
বিকৃতি,distortion
বিলি কৰা হ’ল,distributed
বিতৰণ কৰা তথ্য,distributed data
বিতৰণ কৰা চাৰ্ভাৰ,distributed server
"1.বিতৰিত ব্যৱস্থা, 2.বিতৰিত ব্যৱস্থা",distributed system
বিতৰক,distributive
নথিপত্ৰ,document
নথিপত্ৰ স্বীকৃতিপ্ৰাপ্ত,document retrieved
"1. দস্তাবেজ উইন্ডো, 2. দস্তাবেজ উইন্ডো",document window
নথিপত্ৰ,documentation
"ডমেইন, ডমেইন",domain
ডমেইনৰ নাম,domain name
"1. ডট মেট্ৰিক্স প্ৰিন্টাৰ, 2. ডট মেট্ৰিক্স প্ৰিন্টাৰ",dot matrix printer
"তলত, তলত",down
"১.এভালিংক, ২.বৰ্গ",down link
ডাউনল’ড,down loading
ডাউনলোড সময়,down time
ট্ৰেকচন,dragging
DRAM (ডাইনামিক ৰেম),DRAM (dynamic RAM)
ৰানঅফ,drift
ড্ৰাইভাৰ,driver
পাত,drop
তালিকা বাকচ ড্ৰপ কৰক,drop down list box
ড্ৰাম ড্ৰাইভ,drum drive
"1.ড্ৰাম প্ৰিন্টাৰ, 2.ড্ৰাম প্ৰিন্টাৰ",drum printer
"১.ইম ইউনিট, ২.ড্ৰাম ইউনিট",drum unit
"১.দ্বৈততা, ২. bi",dual
দ্বৈত ঘনত্ব,dual density
"১/ নিৰৱ ঠিকনা, ২/ ভুৱা ঠিকনা",dummy address
ভাণ্ডাৰ,dump
ডুপ্লেক্স বৰ্তনী,duplex circuit
বৈধকৰণ,duplexing
কি&#39; কি&#39;,duplicate
"১.ডি ভি ডি আৰ./ডব্লিউ , ২. ডিভিডি পঢ়া, ৩. লিখা",DVD R/W
DVD ROM,DVD ROM
গতিশীল নিৰ্দেশনা,dynamic instruction
"1.ডাইনামিক মেমৰি, 2.ডাইনামিক মেমৰি",dynamic memory
"১.গতিবিদ্যা, ২.গতিশীলতা",dynamics
ই খ গ ঘ আই চি,EBCDIC
ই-ব্যৱসায়,e-business
প্ৰতিধ্বনি,echo
"১.ই-কমাৰ্চ, ২.ই-কমাৰ্চ",e-commerce
সম্পাদনা কৰা,edit
সম্পাদক,editor
শিক্ষাগত প্ৰযুক্তি,educational technology
ই ই প ৰম,EEP rom
"১/ অৰ্থপূৰ্ণ ঠিকনা, ২/ ফলপ্ৰসূ ঠিকনা",effective address (floating address)
অৰ্থপূৰ্ণ অপাৰেণ্ড ঠিকনা,effective operand address
ফলপ্ৰসূ কাৰ্য্য,effective procedure
ফলপ্ৰসূ UID,effective UID (user identification)
ফলপ্ৰসূ সংক্ৰমণ কাৰ্য্য,efffective transmission operand
অক্টল বাইট,eight-bit byte
"ইলেক্ট্ৰনিক লাৰ্নিং, ই-লাৰ্নিং",e-learning
নিৰ্বাচন এলগৰিদম,election-algirthm
ইলেক্ট্ৰনিক মেইল সেৱা (ই-মেইল),electric mailing (e-mail)
"১.ইলেক্ট্ৰনিক প্ৰিন্টিং, ২.ইলেক্ট্ৰনিক প্ৰিণ্টাৰ",electric printer
বৈদ্যুতিক একাউণ্টিং মেচিন,electrical accounting machine
ইলেক্ট্ৰনিক্স,electronic
ইলেক্ট্ৰনিক এক্সজেষ্ট চিষ্টেম (ECS),electronic clearance system (ECS)
ইলেক্ট্ৰনিক ডাটা এক্সচেঞ্জ (EDI),electronic data interchange (EDI)
ইলেক্ট্ৰনিক ডাটা প্ৰচেছিং,electronic data processing
ইলেক্ট্ৰনিক ব্ৰ&#39;চাৰ,electronic filing
ইলেক্ট্ৰনিক ধন হস্তান্তৰ ব্যৱস্থা (EFTS),electronic funds transfer System (EFTS)
"১.ইলেক্ট্ৰনিক জাৰ্নেল, ২.ইলেক্ট্ৰনিক জাৰ্নেল",electronic journals
ইলেক্ট্ৰনিক প্ৰকাশন,electronic publishing
ইলেক্ট্ৰনিক চুইচ,electronic switch
"উপাদান, উপাদান",element
ই-মেইল,e-mail
"১/ ই-মেইল ঠিকনা, ২/ ইলেক্ট্ৰনিক মেইলিং ঠিকনা",e-mail address
এম্বেডেড চিস্টেম,embedded system
এম্বেডিং,embedding
এমিটাৰ সংযুক্ত লজিক (ECL),emitter couple logic (ECL)
খালী ঠাই,empty stack
"১.উকা শিকলি, ২.উকা শিকলি",empty string
যান্ত্ৰিকীকৰণ,emulation
"১.কেপচুলেচন, ২.কেপচুলেচন",encapsulation
ডিকোডাৰ,encipher
এনকোডিং,encode
"১.এনকোডাৰ, ২.কোডাক",encoder
লুকাই থকা তথ্য,encrepted data
লুকাই থকা নথিপত্ৰপ্ৰণালী,encripting file system
"1. এনক্ৰিপচন, 2. ক&#39;ডিং, 3. এনকোডিং",encryption
ব্লকৰ শেষ,end of block
ফাইল-অন্ত,end of file (EOF)
ব্যৱহাৰকাৰী,end-user
প্ৰৱেশদ্বাৰ,enter
প্ৰৱেশ চাবি,enter-key
"১.উদ্যম সৰৱাৰ, ২.উদ্যম সেৱক",enterprise server
উদ্যোগ ব্যৱস্থা,enterprise system
ক্ষমতা,entity
ক্ষমতা আত্মীয়তা,entity-relationship
প্ৰৱেশৰ সময়,entry time
ইনপুট ভেৰিয়েবল,entry variable
গণনাযোগ্য,enumerable
পৰিৱেশ,environment
"১.যুগ, ২. যুগ, ৩. নিৰ্দেশনা মুহূৰ্ত",epoch
EPRAM (বিত্তীয় প্ৰগ্ৰেমেবল কেৱল পঢ়িব পৰা মেমৰি),EPROM
এপ্সিলন কনষ্ট্ৰিক্টৰ,epsilon closure
ইকুৱেলাইজাৰ,equalizer
সঁজুলি,equipment
সমতুল্যতা শ্ৰেণী,equivalence class
সমতুল্য সম্পৰ্ক,equivalence relation
"১/ বিলুপ্তি, ২) নিৰ্মূল",erase
ভুল সংশোধন ক&#39;ড,error correcting code
ভুল সংশোধন,error correction
ভুল ধৰা পেলোৱা,error detection
ভুল নিয়ন্ত্ৰণ,error handling
ত্ৰুটি বাৰ্তা,error message
ভুলৰ হাৰ,error rate
ত্ৰুটি পুনৰুদ্ধাৰ,error recovery
ভুলৰ নাম,error routine
পলায়ন চিহ্ন,escape character
ইথাৰনেট,ethernet
কাৰ্যক্ৰম,event
ইভেন্ট শৃংখল,event chain
ইভেন্ট নিয়ন্ত্ৰণ,event control
ইভেন্ট কাউণ্টাৰ,event counter
ব্যতিক্ৰম নিয়ন্ত্ৰণ,exception handling
বিনিময় ডিষ্ক সংৰক্ষণ,exchangeable disk storage
বৰ্জন,exclusion
একচেটিয়া আৰু (x বা),exclusive Or (XOR)
এক্সিকিউটেবল প্ৰগ্ৰেম,executable program
এক্সিকিউচন ষ্টেটমেন্ট,executive statement
নিৰ্বাচিত অনুসন্ধান,exhaustive search
বিদ্যমান,exist
সমস্যা,exit
বিশেষজ্ঞ ব্যৱস্থা,expert system
"১.প্ৰকাশ, ২. অভিব্যক্তি",expression
সম্প্ৰসাৰিত চিত্ৰাঙ্কিত মেট্ৰিক্স (x g a),extended graphic array (XGA)
বৰ্ধিত ঔদ্যোগিক মানদণ্ড (EIS),extended industry standard (EIS)
অভাৰলোড মেচিন,extended machine
বৰ্ধিত স্মৃতিশক্তি,extended memory
"১/ বৰ্ধিত নিখুঁততা, ২) বৰ্ধিত সঠিকতা",extended precision
"1.Extended Sorting, 2.Extended পৃথকীকৰণ",extended sorting
কল আউট কৰক,external call
বাহ্যিক ভুল,external error
বাহিৰৰ কাৰ্য্য,external function
বাহ্যিক বাধা,external interrupt
"1.বাহ্যিক স্মৃতিশক্তি, 2.বাহ্যিক স্মৃতিশক্তি",external memory
বাহ্যিক স্মৃতিশক্তি,external memory
বাহ্যিক মডেম,external modem
বাহ্যিক উল্লেখ,external reference
বাহ্যিক অনুসন্ধান,external searching
বাহ্যিক সংৰক্ষণ ডিভাইচ,external storage device
নিষ্কাশন,extraction
বহিঃপ্ৰক্ষেপণ,extrapolation
পেনেল আখৰ প্ৰিন্টাৰ,face-character printer
বিফল-নিৰাপদ কাৰ্য্য,fail-safe operation
বিফলতাৰ হাৰ,failure rate
বিফলতা নিৰ্গমন,failure recovery
মিছা ক&#39;ড,false code
মিছা ভুল,false error
"১.বিনিয়োগ, ২.বিনিয়োগ পইণ্ট",fan-in
"1. ইছ্যু, 2. ইছ্যু নম্বৰ",fan-out
"1. প্ৰতিলিপি I/O ডিভাইচ, 2. প্ৰতিলিপি ইনপুট ডিভাইচ/আউটপুট",fascimile I/O device
দ্ৰুত ফোৰিয়াৰ স্থানান্তৰ,fast fourier transform (FFT)
মাৰাত্মক ভুল,fatal error
ত্ৰুটি ধৰা পেলোৱা,fault detection
দোষ নিদান,fault diagnosis
দোষ সহনশীলতা,fault tolerance
ফেক্স,fax
ফেক্স বাৰ্তা,fax message
f dc,FDC
লক্ষণ ধৰা পেলোৱা,feature detection
ফিল চকা,feed cycle
পুনৰ বিনিয়োগ,feedback
"1.যোগানকাৰী, 2.পুষ্টি, 3.ফিডাৰ",feeder
আনন,fetch
ফিবোনাচি আৱিষ্কাৰ,fibonacci search
ফিবোনাচি ক্ৰম,fibonacci sequence
ফিবোনাচি ছিৰিজ,fibonacci series
ফাইবাৰ অপটিক্স,fibre optics
ফিডো ফান্দ,fido net
অঞ্চল,field
পঞ্চম প্ৰজন্মৰ কম্পিউটাৰ,fifth generation computers
"1.ফাইল, 2. ফাইল",file
ফাইল অভিগম পদ্ধতি,file access method
ফাইল আবণ্টন টেবুল,file allocation table
ফাইল সংকোচন,file compression
ফাইল কপি কৰা,file copying
নথিপত্ৰ বিন্যাস,file layout
ফাইল মাৰ্জ কৰক,file merge
ফাইল পুনৰুদ্ধাৰ,file recovery
নথিপত্ৰ সংৰক্ষণ,file storage
নথিপত্ৰ গঠন,file structure
নথিপত্ৰপ্ৰণালী,file system
ফাইল স্থানান্তৰ,file transfer
নথিপত্ৰ স্থানান্তৰ প্ৰটোকল (FTP),file transfer protocol (FTP)
ফিল্টাৰ,filter
শেষৰ স্থান,final state
সন্ধান,find
সসীম অৱস্থাৰ যন্ত্ৰ,finite state machine
জুইৰ দেৱাল,fire wall
ফাৰ্মৱেৰ,firmware
প্ৰথমে আহক প্ৰথমে পৰিবেশন কৰক,first come first serve
প্ৰথম প্ৰজন্মৰ কম্পিউটাৰ,first generation computer
প্ৰথম ইনপুট প্ৰথম সংখ্যা (FIFO),first in first out (FIFO)
প্ৰথম ক্ৰমৰ যুক্তি,first order logic
প্ৰথম ক্ৰমৰ নীতি,first order theory
ফিক্সড ডিভিজন,fixed partition
চহী,flag
নমনীয় ডিস্ক,flexible disk
ফ্লপি ডিস্ক,floppy disk
ফ্লপি ডিস্ক ড্ৰাইভ (FDD),flopy disk drive (Fdd)
ফ্ল&#39; চাৰ্ট,flow chart
নিয়ন্ত্ৰণ প্ৰবাহ,flow of control
predawn,flush
ফোল্ডাৰ,folder
ফন্ট,font
ফন্ট পৰিয়াল,font family
বাহ্যিক কি&#39;,foreign key
প্ৰপত্ৰ,form
প্ৰতীকী ভাষা,formal language
প্ৰতীকী পদ্ধতি,formal system
"1.ফৰ্মেট, 2.ফৰ্ম",format
অংকন কৰি থকা,formatting
fortron,fortran
"1.Fortran (এটা কম্পিউটাৰ ভাষা) প্ৰগ্ৰেম, 2.Fortran প্ৰগ্ৰেমিং",fortran programming
ফৰৱাৰ্ড স্লেছ,forward slash
৪ৰ্থ প্ৰজন্মৰ কম্পিউটাৰ,fourth generation computer
শাখা,fragment
ফ্ৰেম,frame
"1.মুক্ত নেট, 2.মুক্ত নেট",free net
মুক্ত চফ্টৱেৰ বিশ্বাস,free software foundation
বিনামূলীয়া সংৰক্ষণ,free storage
ফ্ৰীৱেৰ,freeware
সন্মুখৰ,front end
"1.ফ্ৰন্ট পেনেল, 2.ফ্ৰন্ট পেনেল",front panel
"1.কাৰ্য্যসমূহ, 2. অনুষ্ঠান",function
ফাংচন কি&#39;,function key
ফাংচন ৰেফাৰেন্স,function reference
কাৰ্য্যকৰী নিৰ্ভৰশীলতা,functional dependency
কাৰ্য্য পৰীক্ষা,functional testing
"১.অস্পষ্ট যুক্তি, ২.অস্পষ্ট যুক্তি",fuzzy logic
"1.অস্পষ্ট ছেট, 2.অস্পষ্ট ছেট",fuzzy set
লাভ কৰা,gain
ক্ৰীড়া গছ,game tree
ব্যৱধানৰ আখৰ,gap character
আৱৰ্জনা,garbage
জাবৰ সংগ্ৰহ,garbage collection
জাবৰ সংগ্ৰহ,garbage collection
Trash Inside আবর্জনা আউট (Gigo),garbage in garbage out (GIGO)
দুৱাৰ,gate
দুৱাৰৰ পথ (নেটৱাৰ্কৰ প্ৰসংগত),gateway
বিস্তৃত কাৰ্যসূচী,general program
বিস্তৃত কাৰ্যসূচী,general program
বহল উদ্দেশ্যৰ কম্পিউটাৰ,general purpose computer
সাধাৰণ উদ্দেশ্যৰ কম্পিউটাৰ,general purpose computer
সাধাৰণ পঞ্জীয়ন,general register
সাধাৰণীকৰণ,generalization
সাধাৰণীকৰণ,generalization
বহল বস্তু ভাষা,general-purpose language
বহল উদ্দেশ্যৰ অপাৰেচন চিষ্টেম,general-purpose operating sysem
বিস্তৃত উদ্দেশ্য পঞ্জীয়ন,general-purpose regisgter
ত্ৰুটি সৃষ্টি কৰা হৈছে,generated error
প্ৰজনন কাৰ্য্য,generating function
ক্লাছ জেনেৰেল,generic class
ক্লাছ ফাংচন,generic function
সাধাৰণ শ্ৰেণীৰ নাম,generic name
gigo,gigo
"১.ইউনিভাৰ্চেল, ২.গ্লোবেল",global
ইউনিভাৰ্চেল কোড,global code
ইউনিভাৰ্চেল লক,global lock
"1. ইউনিভাৰ্চেল নেটৱৰ্ক, 2. ইউনিভাৰ্চেল নেটৱৰ্ক",global network
ইউনিভাৰ্চেল নেটৱৰ্ক,global network
"1. বিশ্ব ব্যৱহাৰকাৰী, 2. ৰাজহুৱা ব্যৱহাৰকাৰী, 3. সাৰ্বজনীন ব্যৱহাৰকাৰী",global user
গোলকীয় চলকসমূহ,global variable
"১.গোলকীকৰণ, ২.গোলকীকৰণ",globalisation
Gopher (এটা নেটৱাৰ্কত এটা প্ৰটোকল),gopher
gopher ৰিচেপ্টৰ,gopher client
"1. gopher চাৰ্ভাৰ, 2. gopher চাৰ্ভাৰ",gopher server
gopher চাইট,gopher site
gopher স্থান,gopher space
আকৰ্ষণীয় অৱক্ষয়,graceful degradation
ব্যাকৰণ পৰিৱৰ্তক,grammar checker
ব্যাকৰণ hottie বহিৰ্মুখীতা,grammar graceful exit
"1.মুঠ মুঠ, 2.মহান মুঠ, 3.মুঠ মুঠ",grand total
"১.গ্ৰাফ, ২.গ্ৰাফ",graph
"১.গ্ৰাফ সংকেত, ২.গ্ৰাফ সংকেত",graph plotting
"১.গ্ৰাফিক আখৰ, ২.গ্ৰাফিক আখৰ",graphic character
"১.গ্ৰাফিক নিয়ন্ত্ৰক, ২.গ্ৰাফিক নিয়ন্ত্ৰক",graphic controller
"1. চিত্ৰাঙ্কিত তথ্যৰ গঠন, 2. চিত্ৰাংকিত তথ্যৰ গঠন",graphic data structure
"1. গ্ৰাফিক প্ৰদৰ্শন প্ৰগ্ৰেম, 2. গ্ৰাফিক প্ৰদৰ্শন প্ৰগ্ৰেম",graphic display program
"1.গ্ৰাফিক প্ৰদৰ্শন ৰিজ&#39;লিউচন, 2.গ্ৰাফিক প্ৰদৰ্শন",graphic display resolution
"১.গ্ৰাফিক ভাষা, ২.গ্ৰাফিক ভাষা",graphic language
"১.গ্ৰাফিক ভাষা, ২.গ্ৰাফিক ভাষা",graphic language
"১.গ্ৰাফিক প্লেট, ২.গ্ৰাফিক প্লেট",graphic panel
"1.গ্ৰাফিক এনিমেচন, 2.গ্ৰাফিক এনিমেচন",graphical animation
গ্ৰাফিক স্থানান্তৰ বিন্যাস (GIF),graphical interface format (GIF)
"1.গ্ৰাফিক ব্যৱহাৰকাৰী আন্তঃপৃষ্ঠ (GUI), 2.গ্ৰাফিক ব্যৱহাৰকাৰী আন্তঃপৃষ্ঠ",graphical user interface (GUI)
"১.গ্ৰাফিক্স, ২.গ্ৰাফিক্স",graphics
"১.গ্ৰাফিক্স প্ৰয়োগ, ২.গ্ৰাফিক প্ৰয়োগ",graphics application
"1.গ্ৰাফিক্স কাৰ্চাৰ, 2.গ্ৰাফিক কাৰ্চাৰ",graphics cursor
"1.গ্ৰাফিক্স মোড, 2.গ্ৰাফিক মোড",graphics mode
"1.গ্ৰাফিক্স পেকেজ, 2.গ্ৰাফিক্স পেকেজ",graphics package
"1.গ্ৰাফিক্স চফ্টৱেৰ, 2.গ্ৰাফিক্স চফ্টৱেৰ",graphics software
"1.গ্ৰাফিক্স চফ্টৱেৰ, 2.গ্ৰাফিক্স চফ্টৱেৰ",graphics software
"1.গ্ৰাফিক্স চফ্টৱেৰ পেকেজ, 2.গ্ৰাফিক চফ্টৱেৰ পেকেজ",graphics software package
ধূসৰ স্কেল,gray scale
"১/ লোভী পদ্ধতি, ২/ লোভী পদ্ধতি",greedy method
আঙুৰ,grep
গ্ৰিড,grid
গ্ৰীড চাৰ্ট,grid chart
গ্ৰীড গণনা,grid computing
গ্ৰীড মডুলেচন,grid modulation
মাটিৰ তৰংগ,ground wave
গোট,group
গোটৰ ঠিকনা,group address
গ্ৰুপ ক&#39;ড,group code
গোটৰ যোগাযোগ,group communication
গোটৰ যোগাযোগ,group communication
"১.গোট পৰিচয়, ২.গোট পৰিচয়",group identification
গোটৰ নাম,group name
গ্ৰুপৱেৰ,groupware
বৃদ্ধি,growth
"১.ৰক্ষক, ২.ৰক্ষক",guard
নিৰ্দেশিত মাধ্যম,guided media
গুনজিপ,gunzip
ডিকোড কৰক,hack
ডিকোডাৰ,hacker
ডিকোডাৰ অভিধান,hacker's dictionary
হাফ এডাৰ,half adder
আধা দলং,half bridge
হাফ ডুপ্লেক্স,half duplex
হাফ ডুপ্লেক্স লাইন,half duplex line
হাফ ডুপ্লেক্স মোড,half duplex mode
আধা তীব্ৰতা,half intensity
ছেমি ৰাউটাৰ,half router
অৰ্ধ-বিভাগীয়,half subtracter
হাফ ইমেজ,half toning
আধা শব্দ,half word
হেমিল্টনিয়ান চক্ৰ,hamiltonious cycle
হামিং কোড,hamming code
হাত,hand
ছপা কপি,hand copy
হেণ্ডলিং,handle
হেণ্ডলিং,handling
নিলম্বন,hang
সুখদায়ক ফান্দ,happy net
হাৰ্ড কপি ডিভাইচ,hard copy device
"1.হাৰ্ড ডিস্ক, 2.অনমনীয় ডিস্ক",hard disk
অনমনীয় ডিস্কৰ পতন,hard disk crash
কঠিন ভুল,hard error
হাৰ্ডৱেৰ প্ৰবাহ নিয়ন্ত্ৰণ,hardware flow control
"১.হাৰমনিক, ২.হাৰমনিক",harmonic
"1.হাৰমনিক গড়, 2. হাৰমনিক গড়",harmonic mean
হেকিং,hash
হেকিং ডায়াগ্ৰাম,hash diagram
চিমিং টেবুল,hash table
হেকিং কৌশল,hashing technique
"1.হেডাৰ, 2.প্ৰৱেশ",header
"1.ষ্টেক , 2.ষ্টেক",heap
গণ সজাই পৰাই তোলা,heap sort
সাহায্য,help
সহায় পৰ্দা,help screen
"1.সহায় নেটৱাৰ্ক, 2.সহায় নেটৱাৰ্ক",helpnet
হাৰ্টজ (কম্পাঙ্ক/কম্পাঙ্কৰ একক),hertz
স্বতস্ফূৰ্ত,heuristic
অভিজ্ঞতাভিত্তিক পদ্ধতি,heuristic method
ষড়দশমিক সংখ্যা,hexadecimal numbers
পৰোক্ষ ৰেখা,hidden line
স্তৰভিত্তিক তথ্য সংৰক্ষণ,hierarchical data base
স্তৰভিত্তিক ফাইল ব্যৱসায়,hierarchical file system
স্তৰভিত্তিক ৰূপৰেখা,hierarchical topography
উচ্চ পৰ্যায়ৰ ভাষা,high level language
উচ্চ স্মৃতিশক্তি এলেকা,high memory area
উচ্চ পৰিৱেশন,high performance
"১.অধিগ্ৰহণ, ২.হিট, ৩.চান্স",hit
হিট হাৰ,hit rate
হিট ৰেচিঅ&#39;,hit ratio
"১. ফুটা, ব্যৱধান ২. ফুটা",hole
হোম ডাইৰেকটৰী,home directory
হোম পেজ,home page
সমজাতীয় স্থানাংক,homogeneous coordinate
জঁপিওৱা,hop
হপ কাউন্ট (নেট ৱৰ্কৰ ক্ষেত্ৰত),hop count
শিঙ,horn
ফিডাৰ কম্পিউটাৰ,host computer
ফিডাৰ কম্পিউটাৰ,host computer
ফিডাৰ ভাষা,host language
"1.এক্টিভ কী, 2.হট কী",hot key
হাইপাৰ টেক্সট মাৰ্কড লেংগুৱেজ (HTML),hyper text markup language (HTML)
অনুমান,hypothesis
i pod,I pod
ইনপুট/আউটপুট বাফাৰ,I/O buffer
"1.ইনপুট/আউটপুট গেটৱে, 2.I/O গেটৱে",I/O port
ইনপুট/আউটপুট ইউনিট,I/O unit
বক্তা,identifier
"1. পৰিচয়, 2. পৰিচয়, 3. ব্যক্তিত্ব, 4. পৰিচয়",identity
প্ৰতিফলন,image
প্ৰতিফলন সেন্সৰ,image sensor
ইমপেক্ট প্ৰিন্টাৰ,impact printer
ইম্পিডেন্স,impedence
নিৰ্দেশনামূলক প্ৰগ্ৰেম ভাষা,imperative programme language
কমাণ্ড ষ্টেটমেন্ট,imperative statement
অস্পষ্ট ঠিকনা,implicit address
অসম্ভৱ পৰিঘটনা,impossible event
নিষ্ক্ৰিয় ন&#39;ড,inactive node
অসামঞ্জস্যতা,inconsistency
বৃদ্ধি,increment
পইণ্টাৰ,index
সূচক তথ্য বস্তু,index data item
সূচী নথিপত্ৰ,index file
সূচী পঞ্জীয়ন,index register
পইণ্টাৰ ক্ৰমিক,index sequential
সূচীভুক্ত ঠিকনা,indexed addressing
সূচীভুক্ত ভাষা,indexed language
সূচীভুক্ত ক্ৰম নথিপত্ৰ,indexed sequence file
সূচীভুক্ত ক্ৰমিক অভিগম পদ্ধতি (ISAM),indexed sequential sccess method (ISAM)
পৰোক্ষ সম্বোধন,indirect addressing
information বিজ্ঞান,Informatics
জাননী,Information
তথ্য বিট,information bit
তথ্য ব্যৱস্থাপনা,information management
তথ্য ব্যৱস্থাপনা ব্যৱস্থা (IMS),information management system (IMS)
তথ্য উদ্ধাৰ কৰা,information retrieval
তথ্য ব্যৱস্থা,information system
তথ্য প্ৰযুক্তি (আই টি),information technology (IT)
আন্তঃগাঁথনি ব্যৱস্থাপনা,infrastructure management
উত্তৰাধিকাৰ,Inheritance
অন্তৰ্নিহিত ভুল,inherited error
প্ৰাথমিক,Initial
আৰম্ভণি ঠিকনা,initial address
প্ৰাৰম্ভিক পৰ্যায়,initial state
আৰম্ভণি,Initialization
ইংক জেট প্ৰিন্টাৰ,ink jet printer
অসংখ্য,Innumerable
শেষ ন&#39;ড টেবুল,i-node table
অকাৰ্য্যকৰী সময়,inoperable time
বিনিয়োগ বাফাৰ ৰেজিষ্টাৰ,input buffer register
ইনপুট আউটপুট প্ৰচেছৰ (I/O প্ৰচেছৰ),input output processor (I/O processor)
বিনিয়োগ ইছ্যু পঞ্জীয়ন (I/O পঞ্জীয়ন),input output register (I/O register)
বিনিয়োগৰ উৎপাদন বিবৃতি (I/O বিবৃতি),input output statement (I/O statement)
বিনিয়োগ / ইছ্যু (I/O),input/output (I/O)
ইনপুট/আউটপুট বাফাৰ (I/O বাফাৰ),input/output buffer (I/O buffer)
ইনপুট/আউটপুট ডিভাইচ (I/O ডিভাইচ),input/output device (I/O device)
বিনিয়োগ,Insert
ইন্টাৰপলেচন সজাই পৰাই তোলা,insertion sort
সংস্থাপনৰ সময়,installation time
চিত্ৰণ,Instance
নিৰ্দেশনা,Instruction
নিৰ্দেশনা কাউণ্টাৰ,instruction counter
নিৰ্দেশনা চক্ৰ,instruction cycle
নিৰ্দেশনা ছেট,instruction set
পূৰ্ণসংখ্যা প্ৰগ্ৰেমিং,integer programming
পূৰ্ণসংখ্যা চলক,integer variable
সংহত মডেম,integrated modem
সংহত সেৱাসমূহ ডিজিটেল নেটৱৰ্ক (ISDN),integrated services digital network (ISDN)
একতা,Integrity
acumen নিয়ন্ত্ৰক,intelligent controller
চোকা টাৰ্মিনেল,intelligent terminal
শেষ ব্লক,inter block
আন্তঃ খণ্ডৰ ব্যৱধান,inter block gap
যোগাযোগ ব্যৱস্থা,inter communication system
ভাৱ-বিনিময়,Interaction
পাৰস্পৰিক ক্ৰিয়াৰ গ্ৰাফ,interactive graphics
"1.মিউচুৱেল কিবৰ্ড প্ৰিন্টাৰ,2.মিউচুৱেল কিবৰ্ড প্ৰিন্টাৰ",interactive keyboard printer
পাৰস্পৰিক যোগাযোগ সেৱা,intercom service
"1.আন্তঃপৃষ্ঠ, 2.আন্তঃপৃষ্ঠ",Interface
"১/ ব্যাখ্যা, ২. ব্যাখ্যা",Interleaving
মধ্যৱৰ্তী বাফাৰ,intermediate buffer
অভ্যন্তৰীণ অংশ,internal block
আভ্যন্তৰীণ যোগাযোগ,internal communication
আভ্যন্তৰীণ খণ্ডন,internal fragmentation
আভ্যন্তৰীণ স্মৃতিশক্তি,internal memory
অভ্যন্তৰীণ সজাই পৰাই তোলা,internal sort
অভ্যন্তৰীণ ঘড়ী,internal timer
আন্তৰ্জাতিক প্ৰামাণিককৰণ সংস্থা (ISO),international organization for standardization (ISO)
আন্তঃৰাষ্ট্ৰীয় কাৰিকৰী সহায়ক প্ৰতিষ্ঠান,international technical support organization
ইণ্টাৰনেট,Internet
ইণ্টাৰনেট ইঞ্জিনিয়াৰিং ৱৰ্কিং গ্ৰুপ (IETF),internet engineering task force (IETF)
ইন্টাৰনেট এক্সপ্ল&#39;ৰাৰ,internet explorer
ইণ্টাৰনেট অন্বেষণ,internet hunt
ইণ্টাৰনেটৰ মাহেকীয়া প্ৰতিবেদন,internet monthly report
ইণ্টাৰনেট পেকেট বিনিময়,internet packet exchange
ইণ্টাৰনেট প্ৰট&#39;কল (IP),internet protocol (IP)
"1.ইণ্টাৰনেট মেনুৱেল, 2.ইণ্টাৰনেট প্ৰট&#39;কল",internet protocol remove (IP)
ইণ্টাৰনেট সম্প্ৰচাৰ সংলাপ (IRC),internet relay chat (IRC)
ইণ্টাৰনেট সেৱা প্ৰদানকাৰী,internet service provider
ইণ্টাৰনেট সেৱাৰ তালিকা,internet services list
ইণ্টাৰনেট সমাজ,internet society
"1. ইণ্টাৰনেট ডিভাইচ, 2. ডিভাইচ",internet tools
ইণ্টাৰনেট পৰিচালনা,internet working
ইণ্টাৰনেট পৰিচালনা,internet working
আন্তঃপ্ৰক্ষেপণ,Interpolation
ব্যাখ্যা,Interpret
"1. দোভাষী, 2. বৈষম্যকাৰী, 3. স্মৃতিশক্তিৰ স্থানান্তৰকাৰী",Interpreter
আন্তঃপ্ৰক্ৰিয়া যোগাযোগ,interprocess communication
অন্তৰায়ক,Interrupt
বাধা নিয়ন্ত্ৰক,interrupt handler
interrupt কভাৰ,interrupt mask
বাধা সংকেত,interrupt signal
interrupt ভেক্টৰ,interrupt vector
মাজতে বাধা দিয়া,Interruption
ছেক্সন,Intersect
"১.ইণ্টাৰনেট, ২.ইণ্টাৰনেট",Intranet
অপৰিৱৰ্তনীয়,Invariant
তথ্যৰ মূল ফাইল,inventory master file
ইনভাৰ্ছ মাল্টিপ্লেক্সাৰ,inverse multiplexer
বিপৰীত স্কেনিং,inverse scanning
ওলোটা ফাইল,inverted file
ওলোটা তালিকা নথিপত্ৰ,inverted list file
বিপৰীত পৃষ্ঠা টেবুল,inverted page table
"১.বিনিময়কাৰী, ২.প্ৰতীক",Inverter
ইণ্টাৰনেট পৰিচালনা,internet working
আন্তঃপ্ৰক্ষেপণ,Interpolation
ব্যাখ্যা,Interpret
"১. দোভাষী, ২. বৈষম্যকাৰী, ৩. স্মৃতিশক্তিৰ স্থানান্তৰকাৰী",Interpreter
আন্তঃপ্ৰক্ৰিয়া যোগাযোগ,interprocess communication
অন্তৰায়ক,Interrupt
বাধা নিয়ন্ত্ৰক,interrupt handler
interrupt কভাৰ,interrupt mask
বাধা সংকেত,interrupt signal
interrupt ভেক্টৰ,interrupt vector
মাজতে বাধা দিয়া,Interruption
ছেক্সন,Intersect
"১.ইণ্টাৰনেট, ২.ইণ্টাৰনেট",Intranet
অপৰিৱৰ্তনীয়,Invariant
তথ্যৰ মূল ফাইল,inventory master file
ইনভাৰ্ছ মাল্টিপ্লেক্সাৰ,inverse multiplexer
বিপৰীত স্কেনিং,inverse scanning
ওলোটা ফাইল,inverted file
ওলোটা তালিকা নথিপত্ৰ,inverted list file
বিপৰীত পৃষ্ঠা টেবুল,inverted page table
"১.বিনিময়কাৰী, ২.প্ৰতীক",Inverter
কাৰ্য্য ব্যৱস্থাপনা,job management
কাৰ্য্যমুখী ভাষা,job oriented language
কাৰ্য্যৰ অগ্ৰাধিকাৰ,job priority
চাকৰিৰ সময়সূচী,job scheduling
কাৰ্য্য ক্ৰমবিন্যাস,job sequencing
কৰ্মসূচী,job table
সন্নিৱিষ্ট কৰা,join (JOIN)
যৌথ ফটোগ্ৰাফী গোট (JPG),joint photographic group (jpg)
আলোচনী,Journal
জয় লাঠি,joy stick
"১.মূল্যায়ন কৰা, ২.সিদ্ধান্ত লোৱা",Judgement
জাপ মৰা,Jump
জাম্প নিৰ্দেশনা,jump instruction
জাম্পাৰ,Jumper
"১/ সংগম, ২. সন্ধি, ৩. যৌথ",Junction
আৱৰ্জনা,Junk
ন্যায্যতা প্ৰদান কৰা,Justification
কিলো বাইট,k bytes
কাৰ্নফ মানচিত্ৰ,karnaugh map
karnoff ছবি,karnaugh map
KB (কিলোগ্ৰাম বাইট),KB (Kilo Byte)
"১.অষ্টি, ২.কেৰ্ণেল, ৩.কৰ্ণেল",Kernel
আঠটা মোড,kernel mode
অভ্যস্ততা,Kerning
চাবি,Key
কিবৰ্ড,key board
"1.কী বাউন্স, 2.কী প্ৰত্যাখ্যান",key bounce
কি ক্লিক কৰক,key click
কি সংকোচন,key compression
"1.কী ডিস্ক, 2.কী ডিস্ক",key disk
কী এনকোডিং,key encryption
মূল অঞ্চল,key field
"1.key ফাইল, 2.key ফাইল",key file
মূল গঠন,key frame
কী ব্যৱস্থাপনা,key management
কী পেড,key pad
কী পেড,key pad
মূল বাক্যাংশ,key phrase
কী পালছ,key pulse
কী পাঞ্চাৰ,key punch
key সজাই পৰাই তোলা,key sorting
"1.কী ষ্ট্ৰ&#39;ক, 2.কী ষ্ট্ৰ&#39;ক, 3.কী চাপ",key stroke
ঠিকনা স্থানান্তৰ কি&#39;,key to address transformation
"1. ডিস্ক কি&#39;, 2. ডিস্ক কি&#39;",key to disk
ফ্লপি কি&#39;,key to floppy
টেপ কি&#39;,key to tape
মূল শব্দ,key word
"১.কিক, ২.থাম্প",Kick
কুটি,Kill
কিলো বিট,Kilobit
গাঁঠি,Knots
জ্ঞান ভিত্তিক তথ্য সেৱা,knowledge based information services
জ্ঞান অভিযান,knowledge discovery
জ্ঞান অনুসন্ধান ডাটাবেছ,knowledge discovery database (KDD)
জ্ঞান অভিযান্ত্ৰিকী,knowledge engineering
জ্ঞান ব্যৱস্থাপনা,knowledge management
জ্ঞান কৰ্মী,knowledge worker
lan এডাপ্টাৰ,Lan adapter
"1.LAN চাৰ্ভাৰ, 2.LAN চাৰ্ভাৰ",Lan server
LAN কৰ্মস্থলী,LAN workplace
অনুভূমিক ছবি,Landscape
"1.অনুভূমিক ছবি, 2.লেণ্ডস্কেপ",Landscape
ভাষা,Language
ভাষা প্ৰশিক্ষক,language interpreter
ভাষা প্ৰচেছৰ,language processor
"1.ভাষা Transferr, 2.ভাষা অনুবাদক",language translator
লেপটপ,Laptop
ব্যাপক সংহতি (LSI),large scale integration (lsi)
গণ সংহতি (LSI),large scale integration (LSI)
লেজাৰ,Laser
লেজাৰ প্ৰিন্টাৰ,laser printer
শেষৰ ইনপুট প্ৰথম সংখ্যা (LIFO),last in first out (LIFO)
কোট,Layer
"ব্লুপ্ৰিণ্ট, বিন্যাস",Layout
"১.পাত, ২.পাত, ৩. চিঠি",Leaf
পাতৰ ন&#39;ড,leaf node
পাতৰ দাগ,leaf site
লীজ,Lease
"1.লিজ চেনেল, 2.লিজ ব্যৱস্থা",leased channel
"১.লাইন,২.লিছ লাইন",leased line
নূন্যতম অৰ্থপূৰ্ণ বিট shell.sb),least significant bit (lsb)
কম উল্লেখযোগ্য নম্বৰ,least significant digit
"1. উত্তৰাধিকাৰী ব্যৱস্থা, 2. উত্তৰাধিকাৰী ব্যৱস্থা",legacy system
"১.লেমা, ২.উপাপাদ্য",Lemma
চিঠিৰ মানদণ্ড (LQ),letter quality (LQ)
শব্দাংশ,Lexeme
অভিধানবিজ্ঞান,Lexicography
"১.আৰ্কাইভ,২.লাইব্ৰেৰী",Library
"১.লাইব্ৰেৰী প্ৰগ্ৰেম, ২.আৰ্কাইভ প্ৰগ্ৰেমিং",library program
লাইব্ৰেৰী ডাইৰেকটৰী,library sub-routine
"১/ অনুজ্ঞাপত্ৰ চুক্তি, ২/ অনুজ্ঞাপত্ৰ চুক্তি",licence agrement
লাইট ইমিটিং ডাইঅ&#39;ড (LEDs),light emitter diode (LED)
লাইট বন্দুক,light gun
লাইট পেন,light pen
ৰৈখিক এডাপ্টাৰ,line adapter
শাৰী সম্পাদনা,line editing
"1.লাইন প্ৰিন্টাৰ, 2.লাইন প্ৰিন্টাৰ",line printer
"১.ৰৈখিক, ২.ৰৈখিক",Linear
প্ৰতি মিনিটত লাইন (LPM),lines per minute (LPM)
"1. লিংক, লিংক, 2. শৃংখল ,3. বান্ধোন",Link
শৃংখলাবদ্ধ তালিকা,linked list
লিনাক্স,LINUX
"1.লিকুইড স্ফটিক প্ৰদৰ্শন, 2.তৰল স্ফটিক প্ৰদৰ্শন (এলচিডি)",liquid crystal display (LCD)
তালিকা প্ৰক্ৰিয়াকৰণ,list processing
"১.চিঠি, ২.আক্ষৰিক",Literal
"1. সক্ৰিয়, 2. জীৱিত, 3. বৈদ্যুতিক, 4. গতিশীল",Live
জীৱন্ত গাঁঠি,live node
"1.লোড, 2.লোড",Load
"1.লোড মডিউল, 2.লোড মডুলেটৰ",load module
"১.স্থানীয়, ২.স্থানীয়",Local
স্থানীয় প্ৰৱেশ,local access
স্থানীয় এলেকা নেটৱাৰ্ক (LAN),local area network (Lan)
স্থানীয় স্পষ্টতা,local definition
"1. স্থানীয় নেটৱৰ্ক, 2. স্থানীয় কেন্দ্ৰ 3. স্থানীয় বিনিময়",local exchange
স্থানীয় স্মৃতিশক্তি,local memory
স্থানীয় ধৰণ,local mode
স্থানীয় চলক,local variable
"লুপ, লক",Lock
লুপ ফাইল,locked file
অধিবেশন আৰম্ভ,log in=log on
term end,log off-log out
লেখক,Logging
যুক্তি বিশ্লেষক,logic analyser
লজিক বোমা,logic bomb
লজিক কাৰ্ড,logic card
লজিক চাৰ্ট (ফ্ল&#39;চাৰ্ট),logic chart (flow chart)
লজিক বৰ্তনী,logic circuit
লজিক ডিজাইন,logic design
লজিক ডায়েগ্ৰাম,logic diagram
লজিকেল ফ্ল&#39;চাৰ্ট,logic flow chart
লজিক ফাংচন,logic function
লজিক গেট,logic gate
"1. লজিক প্ৰগ্ৰেমিং, 2. লজিক প্ৰগ্ৰেমিং",logic programming
লজিক বিচ্যুতি,logic shift
লজিক অৱস্থা,logic state
লজিক চুইচ,logic switch
লজিক ইউনিট,logic unit
যুক্তিসংগত,Logical
যুক্তিসংগত সংযোগ,logical connection
লজিকেল ডাটা গঠন,logical data structure
লজিকেল ডায়েগ্ৰাম,logical diagram
লজিকেল এক্সপ্ৰেচন,logical expression
লজিকেল ফ্ল&#39;চাৰ্ট,logical flow chart (flow chart)
লজিকেল IF (লজিকেল যদি),logical IF
যুক্তিসংগত কাৰ্য্য,logical operation
যুক্তিসংগত অপাৰেটৰ,logical operator
যুক্তিসংগত সংযোগ,logical relation
যুক্তিসংগত পৰিকল্পনা,logical scheme
"1. যুক্তিবাদী চৰিত্ৰ, 2. যুক্তিসংগত চৰিত্ৰ",logical symbol
যুক্তিসংগত আৰ্হি,logical type
লজিকেল মান,logical value
লজিকেল ভেৰিয়েবল,logical variable
অভাৰভিউ লাভ কৰা হৈছে,look ahead carry
পূৰ্বদৰ্শন ছেট,look ahead set
পৰ্যবেক্ষণ,Look-up
"১.লুপ, ২.লুপ",Loop
লুপ নিয়ন্ত্ৰণ,loop control
লুপ আৰম্ভণি,loop initialization
লুপৰ তাৰতম্য,loop modification
"1.লুপ নেটৱৰ্ক, 2.লুপ নেটৱৰ্ক",loop network
লুপ আৰম্ভণি,loop start
লুপ-এণ্ডিং,loop termination
কাউণ্টাৰ-লুপ পৰীক্ষা,loop-back test
শিথিলভাৱে সংযুক্ত,loosely coupled
ক্ষতিহীন সংকোচন,lossless compression
হাছে কম্প্ৰেছন,lossy compression
কম বাইট,low byte
নিম্নস্তৰৰ ভাষা,low level language
লো পাছ ফিল্টাৰ,low pass filter
"1.নিম্ন কণ্ডিচনেড, 2. তলত বান্ধি থোৱা আছে",lower bound
"1.MAC প্ৰটোকল, 2.MAC নৈতিকতা (মধ্যমীয়া প্ৰৱেশ নিয়ন্ত্ৰণ)",mac protocol (medium access control)
"১.যন্ত্ৰ, ২.যন্ত্ৰ",Machine
মেচিনৰ ঠিকনা,machine address
"১.মেচিন ক’ড, ২.মেচিন ক’ড",machine code
মেচিনৰ চকা,machine cycle
যান্ত্ৰিক ভাষা,machine dependent language
যান্ত্ৰিক চফ্টৱেৰ,machine dependent software
ডিভাইচৰ ভুল,machine error
মেচিনৰ অচল সময়,machine idle time
মেচিন ভাষা,machine independent language
হাতপুথি,machine instruction
মেচিন চেন্স,machine intelligence
"১.মেচিন লেংগুৱেজ, ২.মেচিন লেংগুৱেজ",machine language
মেচিন লাৰ্নিং,machine learning
মেচিন অপাৰেচন,machine operation
মেচিন ভাষা,machine oriented language
মেচিনৰ পৰিৱেশন,machine run
মেচিন চিমুলেচন,machine simulation
মেচিন হাইজেকিং সময়,machine spoiled time
মেচিন অনুবাদ,machine translation
মেচিন শব্দ,machine word
মেক্ৰ&#39; নিৰ্দেশনা,macro (=macro instruction)
মেক্ৰ&#39; স্কেল,macro argument
গণ সমাবেশ কাৰ্যসূচী,macro assembly program
স্থূল কল,macro call
"১.মেক্ৰ’ ক’ড, ২.মেক্ৰ’ ক’ড",macro code
মেক্ৰ&#39; কমাণ্ড,macro command
মেক্ৰ&#39; ঘোষণা,macro declaration
মেক্ৰ&#39; সংজ্ঞা,macro definition
মেক্ৰ&#39; ফ্ল&#39; চাৰ্ট,macro flow chart
মেক্ৰ&#39; জেনেৰেটৰ,macro generator
মেক্ৰ&#39; নিৰ্দেশনা,macro instruction
স্থূল ভাষা,macro language
মেক্ৰ&#39; লাইব্ৰেৰী,macro library
মেক্ৰ&#39; প্ৰাচল,macro parameter
মেক্ৰ&#39; প্ৰচেছিং,macro processing
"1.মেক্ৰ&#39; প্ৰচেছৰ, 2. মেক্ৰ&#39;প্ৰচেছৰ",macro processor
মেক্ৰ&#39; প্ৰগ্ৰেমিং,macro programming
স্থূল প্ৰট&#39;টাইপ,macro prototype
"1.মেক্ৰ&#39; এনকোডিং, 2.মেক্ৰ&#39; ক&#39;ডিং",Macro-coding
মেগাবাইট (MB),magabyte (MB)
যাদুৰ চিহ্ন,magic character
যাদু সংখ্যা,magic number
চুম্বকীয় বুদবুদ স্মৃতিশক্তি,magnetic bubble memory
চুম্বকীয় কাৰ্ড,magnetic card
"১.চুম্বকীয় কোষ, ২.চুম্বকীয় কোষ",magnetic cell
চুম্বকীয় চিহ্ন,magnetic character
চুম্বকীয় কোৰ সংৰক্ষণ,magnetic core storage
"1.চুম্বকীয় ডিস্ক, 2. চুম্বকীয় ডিস্ক",magnetic disk
চুম্বকীয় ডিষ্কৰ ঠিকনা,magnetic disk address
চুম্বকীয় ডিস্ক মেমৰি,magnetic disk memory
চুম্বকীয় ড্ৰাম,magnetic drum
"1.চুম্বকীয় এনকোডিং, 2.চুম্বকীয় ক&#39;ডিং, 3.চুম্বকীয় ক&#39;ডিং",magnetic encoding
চুম্বকীয় শীৰ্ষ,magnetic head
চুম্বকীয় চিয়াঁহী,magnetic ink
চুম্বকীয় চিয়াঁহী আখৰ চিনাক্তকৰণ (MICR),magnetic ink character recognition (MICR)
চুম্বকীয় মাধ্যম,magnetic media
চুম্বকীয় পঢ়া,magnetic reading
চুম্বকীয় ৰেকৰ্ডিং,magnetic recording
চুম্বকীয় সংৰক্ষণ,magnetic storage
চুম্বকীয় ৰেখা,magnetic strip
চুম্বকীয় টেপ,magnetic tape
চুম্বকীয় টেপ কাৰ্টিজ,magnetic tape cartridge
চুম্বকীয় টেপ ড্ৰাইভ,magnetic tape drive
চুম্বকীয় টেপ পূৰ্বসূৰী,magnetic tape header
চুম্বকীয় টেপ লাইব্ৰেৰিয়ান,magnetic tape librarian
চুম্বকীয় টেপ প্ৰৱেশ,magnetic tape transport
চুম্বকীয় টেপ ইউনিট,magnetic tape unit
"1.চুম্বকীয় পাতল স্তৰ, 2.চুম্বকীয় পাতল ফিল্ম",magnetic thin film
চুম্বকীয় পথ,magnetic track
চুম্বকীয় আলোকীয় সংৰক্ষণ,magneto optic storage
"1.চুম্বক প্ৰিন্টাৰ, 2.চুম্বক প্ৰিন্টাৰ",magnetographic printer
চুম্বকীয় বিকৃতি,Magnetostriction
চুম্বকীয়ভাৱে বিকৃত কৰিব পৰা টেবলেট,magnetostrictive tablet
"১.মেইল বক্স, ২.মেইল বক্স",mail box
মেইল মাৰ্জ কৰক,mail merge
"১.মুখ্য নিয়ন্ত্ৰণ একক, ২.মুখ্য নিয়ন্ত্ৰণ একক",main control unit
মূল ফ্ৰেম,main frame
"1.মূল ফ্ৰেম ব্যৱস্থা, 2.মূল ফ্ৰেম ব্যৱস্থা",main frame system
"১.মূল স্মৃতি, ২.মূল স্মৃতি",main memory
"১.মূল কাৰ্যসূচী, ২.মূল কাৰ্যসূচী",main program
মূল সংৰক্ষণ,main storage
"১.মেইন চুইচ, ২.মেইন চুইচ",main switch
"1.ৰক্ষণাবেক্ষণ, 2.ৰক্ষণাবেক্ষণ",Maintenance
ৰক্ষণাবেক্ষণ পেনেল,maintenance panel
ৰক্ষণাবেক্ষণৰ সময়,maintenance time
ডাঙৰ বৃত্ত,major cycle
কী ডিভাইচ,major device
মূল চাবি,major key
মূল মঞ্চ,major state
মূল গঠন,major structure
মূল কাম,major task
সংখ্যাগৰিষ্ঠ উপাদান,majority element
সংখ্যাগৰিষ্ঠতা গেট,majority gate
সংখ্যাগৰিষ্ঠতা অপাৰেচন,majority operation
ৰিইম্বৰ্চেমেণ্টৰ সময়সীমা,makeup time
মিছঅপাৰেচন ৰুটিন,malfunction routine
ব্যৱস্থাপনা বিকাশ,management development
ব্যৱস্থাপনা তথ্য ব্যৱস্থা (MIS),management information system (MIS)
ব্যৱস্থাপনা বিজ্ঞান,management science
মানচেষ্টাৰ এনকোডিং,Manchester coding
গুণন,Manifolding
অনুমান কৰা চলক,manipulated variable
আনুমানিক সূচকাংক,manipulating indexing
মানৱ যন্ত্ৰৰ অনুকৰণ,man-machine simulation
মেনুৱেল ঠিকনা চুইচ,manual address switch
হাতৰ দ্বাৰা বিশ্লেষণ কৰা,manual analysis
মেনুৱেল কল,manual answering
হাতৰ দ্বাৰা প্ৰৱেশ কৰা,manual entry
"১.মেনুৱেল চেণ্টাৰ, ২.মেনুৱেল চেণ্টাৰ",manual exchange
"1. মেনুৱেল ইনপুট, 2. মেনুৱেল ইনপুট",manual input
মেনুৱেল অপাৰেচন,manual operation
বহুতৰ লগত বহুতৰ সম্পৰ্ক,many to many relationship
মাল্টি-ডিকোডাৰ,many to one decoder
মানচিত্ৰ পদ্ধতি,map method
মেপিং,Mapping
প্ৰান্ত,Margin
প্ৰান্তীয় ভুল,margin error
প্ৰান্তীয় অনুসন্ধান,marginal check
প্ৰান্তীয় পৰীক্ষা,marginal test
চিহ্ন ধৰা পেলোৱা,mark detection
চিন পঢ়া,mark reading
চিহ্ন স্কেনিং,mark scanning
sign sense,mark sense
মাৰ্কাৰ,Marker
চিহ্নিত কৰা,Marking
মাৰ্কাৰ তৰংগ,marking wave
মাৰ্কভ শৃংখল,markov chain
মাৰ্কভ উৎস,markov source
markup ভাষা,mark-up language
maser,Maser
maser,Maser
"১.মাস্ক, ২.অভাৰ, ৩.অভাৰ",Mask
"1. কভাৰ বিট, 2. কভাৰ বিট, 3. মাস্ক দুটা অংক",mask bit
মাস্ক প্ৰগ্ৰেমেবল ডিভাইচ,mask programmable device
কভাৰ ৰেজিষ্টাৰ,mask register
"1. কভাৰ ৰম, 2. কভাৰ ৰম",masked ROM
আৱৰণ,Masking
বিশাল পৰিসংখ্যা,mass data
"1.মাছ মেমৰি, 2.মাছ মেমৰি",mass memory
বৃহৎ পৰিমাণে সমান্তৰাল,massively parallel
মুখীয়াল,Master
মাষ্টাৰ কাৰ্ড,master card
"1.হেড ঘড়ী, 2.নিয়ন্ত্ৰক ঘড়ী",master clock
মূল ক&#39;ন্সোল,master consol
প্ৰাইম ডাটা,master data
মাষ্টাৰ ডায়েগ্ৰাম,master diagram
মাষ্টাৰ ফাইল,master file
প্ৰধান গোট,master group
মাষ্টাৰ কি&#39;,master key
মূল লাইব্ৰেৰীৰ টেপসমূহ,master library tape
প্ৰাইম প্ৰচেছৰ,master processor
ফ্লেগশ্বিপ প্ৰগ্ৰেম,master program
হেড চেণ্টাৰ,master station
"১.মাষ্টাৰ টেপ, ২.মাষ্টাৰ টেপ",master tape
"১.প্ৰিন্সিপাল টাৰ্মিনেল, ২.মেইন টাৰ্মিনেল",master terminal
প্ৰধান অধীনস্থ যন্ত্ৰ,master/slave device
প্ৰধান অধীনস্থ ব্যৱস্থা,master/slave system
"১.মেচ, ২.মেচ, ৩.মিল",Match
মিল থকা,Matching
গাণিতিক প্ৰগ্ৰেমিং,mathematical programming
গাণিতিক অনুকৰণ,mathematical simulation
"১.মেট্ৰিক্স, ২.মেট্ৰিক্স",Matrix
"1.মেট্ৰিক্স প্ৰিন্টাৰ, 2.মেট্ৰিক্স প্ৰিন্টাৰ",matrix printer
মেট্ৰিক্স চুইচ,matrix switch
মেট্ৰিক্স টেবুল,matrix table
maxi কম্পিউটাৰ,maxi computer
maxi কম্পিউটাৰ,Maxicomputer
শিখৰ মৌল,maximal element
যোগপদ,maxterm (standard sum term)
মেক্সৱেল ডেমন,maxwell daemon
"১.গড়, ২.গড়",Mean
গড় আৰোগ্যৰ সময়,mean repair time
বিফলতাৰ অৰ্থ সময়,mean time between failure (MTBF)
বিফলতাৰ মধ্যম সময় (m t b f),mean time between failure (MTBF)
বিফলতাৰ সময় বুজাইছে,mean time to failure
মেৰামতিৰ অৰ্থ সময়,mean time to repair
সংশোধনৰ গড় সময় (MTTR),mean time to repair (MTTR)
মধ্যমীয়া স্কেল সংহতি (MSI),medium scale integration (MSI)
মধ্যম সংহতি (MSI),medium scale integration (MSI)
গড় টাৰ্ম সংৰক্ষণ ডিভাইচ,medium term storage device
প্ৰতি ছেকেণ্ডত মেগা বিট (Mbps),megabit per second (MB Ps)
উপাদান বস্তু,member object
উপাদান ৰেকৰ্ড,member record
"১.স্মৃতি, ২.স্মৃতি",Memory
"1.মেমৰি এৰে, 2.মেমৰি এৰে",memory array
"১/ মেমৰি ফাণ্ড, ২/ মেমৰি বেংক",memory bank
"1.মেমৰি বাফাৰ ৰেজিষ্টাৰ, 2.মেমৰি বাফাৰ ৰেজিষ্টাৰ",memory buffer register
"১.মেমৰি বাছ, ২. মেমৰি বাছ",memory bus
মেমৰি কাৰ্ড,memory card
স্মৃতিশক্তি কোষ,memory cell
স্মৃতিশক্তি হেৰুৱা,memory compaction
"1.মেমৰি কোৰ, 2.মেমৰি কোৰ",memory core
স্মৃতি চক্ৰ,memory cycle
"1.মেমৰি ডাটা ৰেজিষ্টাৰ, 2.মেমৰি ডাটা ৰেজিষ্টাৰ",memory data register
"1.মেমৰি ডাম্প ,2.মেমৰি ডাম্প",memory dump
"1.মেমৰি এক্সচেঞ্জ, 2.মেমৰি এক্সচেঞ্জ",memory exchange
"1.স্মৃতিৰ স্তৰ, 2.স্মৃতিৰ স্তৰ",memory hierarchy
স্মৃতিশক্তিৰ নিৰ্দেশনা,memory instruction
"১.স্মৃতি ব্যৱস্থাপনা, ২.স্মৃতি ব্যৱস্থাপনা",memory management
"1.মেমৰি মেপ, 2.মেমৰি মেপ",memory map
"1. মেমৰি মেপ কৰা আউটপুট, 2. ইনপুট, 3. মেমৰি মেপ কৰা I/O",memory mapped I/O
"1.মেমৰি মডেল, 2.মেমৰি মডেল, 3.মেমৰি মডেল",memory model
"1.মেমৰি মডিউল, 2.মেমৰি মডিউল",memory module
"1.মেমৰি সূচী ৰেজিষ্টাৰ, 2.মেমৰি সূচী ৰেজিষ্টাৰ",memory pointer register
মেমৰি শক্তি,memory power
স্মৃতিশক্তি সুৰক্ষা,memory protection
"1.মেমৰি ৰেফাৰেন্স নিৰ্দেশনা, 2.মেমৰি ৰেফাৰেন্স নিৰ্দেশনা",memory reference instruction
"১.মেমৰি প্ৰগ্ৰেম, ২.মেমৰি প্ৰগ্ৰেম",memory resident program
"1.মেমৰি ইউনিট, 2.মেমৰি ইউনিট",memory unit
মেনু,Menu
মেনু বাৰ,menu bar
মেনু চালিত,menu drive
মেনু নিৰ্বাচন,menu selection
মূল-চালিত কাৰ্যসূচী,menu-driven program
"১.অন্তৰ্নিহিত, ২.এত্ৰিত",Merge
মাৰ্জাৰ এক্সচেঞ্জ সজাই পৰাই তোলা,merge exchange sort
"1. একত্ৰীকৰণ সজাই পৰাই তোলা, 2. কেটেলগ নিৰ্বাচন",merge sort
"১/ একত্ৰীকৰণ, ২. একত্ৰীকৰণ",Merging
জালি নেটৱাৰ্ক,mesh network
বাৰ্তা প্ৰেৰণ,Messagaing
বাৰ্তা,Message
বাৰ্তা প্ৰমাণীকৰণ,message authentication
বাৰ্তা কোষ,message box
বাৰ্তা বৰ্তনী,message circuit
বাৰ্তা বিন্যাস,message format
বাৰ্তা পৰ্টে,message header
বাৰ্তা ধৰণ,message mode
বাৰ্তা প্ৰেৰণ,message passing
"1.বাৰ্তা সজাই পৰাই তোলা, 2.বাৰ্তা সজাই পৰাই তোলা",message polling
বাৰ্তা লাইন,message queue
বাৰ্তা চুইচ,message switch
বাৰ্তাৰ লিখনী,message text
বাৰ্তা স্থানান্তৰ এজেন্ট,message transfer agent
চুপাৰ এছেম্বলাৰ,meta assembler
মেটাক্লাছ,meta class
"1. অধিক সংকলন, 2. অধিক ব্যাখ্যা",meta compilation
"1. অধিক দোভাষী, 2. অধিক কম্পাইলাৰ",meta compiler
উপভাষা,meta language
"1.মেটা নেটৱৰ্ক, 2.মেটা নেটৱৰ্ক",meta network
একনায়কত্ববাদ,meta system
প্ৰক্ৰিয়া,Method
মেট্ৰ&#39;পলিটান এৰিয়া নেটৱৰ্ক (MAN),metropolitan area network (MAN)
মাইক্ৰ&#39;,Micro
"১.মাইক্ৰ’ক’ড,২.মাইক্ৰ’ক’ড",micro code
মাইক্ৰ&#39;কম্পিউটাৰ,micro computer
মাইক্ৰ&#39; নিয়ন্ত্ৰক,micro controller
মাইক্ৰ&#39; চক্ৰ,micro cycle
মাইক্ৰ&#39;ইলেক্ট্ৰনিক যান্ত্ৰিক ব্যৱস্থা (MEMS),micro electronic mechanical system (MEMS)
মাইক্ৰ&#39; ইলেক্ট্ৰনিক্স,micro electronics
মাইক্ৰ&#39; ক্ষুদ্ৰকৰণ,micro miniauthorization
মাইক্ৰ&#39; অৰ্ডাৰ,micro order
"১.মাইক্ৰ’, ২.মেইনফ্ৰেম লিংক",micro/mainframe link
মাইক্ৰ&#39; চিপ,Microchip
মাইক্ৰ&#39; ক&#39;বল,Microcobol
মাইক্ৰ&#39; ক&#39;ড,Microcode
"১.মাইক্ৰ’ফাইল, ২.মাইক্ৰ’ফিছ, ৩.মাইক্ৰ’ফাইল",Microfiche
মাইক্ৰ&#39; ফ্লপি,Microfloppy
মাইক্ৰ&#39;ফৰ্ম পঢ়া যন্ত্ৰ,microform reader
মাইক্ৰ&#39; ফ্ৰেম,Microframe
মাইক্ৰ&#39;গ্ৰাফিক্স,Micrographics
মাইক্ৰ&#39;ফোন,Microphone
মাইক্ৰ&#39;ফটোগ্ৰাফ,Microphotograph
"১.মাইক্ৰ’প্ৰচেছিং ইউনিট, ২.মাইক্ৰ’প্ৰচেছিং ইউনিট",microprocessing unit
মাইক্ৰ&#39;প্ৰচেছৰ,Microprocessor
মাইক্ৰ&#39;প্ৰচেছৰ চিপ,microprocessor chip
মাইক্ৰ&#39;প্ৰচেছৰ ইন্টাৰপ্ৰেটাৰ,microprocessor compiler
মাইক্ৰ&#39; প্ৰচেছৰ ইউনিট (MPU),microprocessor unit (MPU)
"১.মাইক্ৰ’প্ৰগ্ৰেম, ২.মাইক্ৰ’ প্ৰগ্ৰেম",Microprogram
মাইক্ৰ&#39; ক্ৰম,Microsequence
মাইক্ৰ’ছফ্ট,Microsoft
মাইক্ৰ’ছফ্ট উইণ্ড’জ,microsoft windows
মাইক্ৰ&#39; ৱেভ,Microwave
মাইক্ৰ&#39; ৱেভ লিংক,microwave link
মাইক্ৰৱেভ ট্ৰেন্সমিছন,microwave propagation
মধ্যম ব্যৱস্থাপনা,middle management
"1.মিডলৱেৰ, 2. মধ্যমীয়া ৱেৰ",Middleware
মিডি কম্পিউটাৰ,Midicomputer
কেন্দ্ৰীয় বিন্দু,Midpoint
মধ্যমীয়া,Midterm
প্ৰব্ৰজনৰ পথ,migration path
প্ৰতি ছেকেণ্ডত মিলিয়ন নিৰ্দেশনা (MIPS),million instructions per second (MIPS)
মিনি কম্পিউটাৰ,minicomputer
সৰু ডিস্কেট,Minidiskette
"১.সৰু বৃহদান্ত্ৰ, ২.সৰু অষ্ট",minimal kernel
নূন্যতম উৎপাদন,minimal product
বিৰল গছ,minimal tree
"১.মিনিমেক্স এলগৰিদম, ২.এলগৰিদম",minimax (min-max) algorithm
ক্ষুদ্ৰকৰণ প্ৰক্ৰিয়া,minimax procedure
সৰ্বনিম্ন খৰচৰ সম্প্ৰসাৰণ গছ,minimum cost spanning tree
"1.নিম্ন বিলম্ব এনকোডিং, 2.নিম্ন বিলম্ব ক&#39;ডিং",minimum latency coding
চুটি ডিভাইচ,minor device
"১.গুণন, ২.গুণন, ৩.গুণন পদ",Minterim
ক্ৰেডিট কাৰ্ড,minus flag
ক্ৰেডিট কাৰ্ড,minus flag
ক্ৰেডিট এলেকা,minus zone
মিৰ&#39;ৰ কৰা ডিস্ক,mirror
"১.আইনা দাগ, ২.ফটোকপি, ৩.আইনা কপি",mirror site
মিশ্ৰিত মূলক সংকেত,mixed-radix notation
মিক্সাৰ,Mixer
স্মৃতিভ্ৰংশ,Mnemonic
mnemonic ঠিকনা,mnemonic address
স্মৰণীয়,Mnemonics
"1.মোবাইল, 2.চলনশীল",Mobile
"১/ মোবাইল কম্পিউটিং, ২/ মোবাইল কম্পিউটিং",mobile computing
"১.মডেল, ২.মডেল",Model
মোডলেছ সম্পাদক,modeless editor
"১.মডেলিং, ২.মডেলিং",Modelling
মডেম,Modem
"১.সৰল গড়, ২.সাধাৰণ, ৩.গড়",Moderate
বিমন্দন,Moderation
মডাৰেটৰ,Moderator
পৰিৱৰ্তিত নিৰ্দেশনা,modified instruction
পৰিৱৰ্তক,Modifier
পৰিবৰ্তক বিট,modifier bit
পৰিৱৰ্তন,Modify
মডিউলাৰ,Modular
"1. মডুলাৰিটি, 2. মডুলাৰিটি",Modularity
মডুলেচন,Modulation
মডিউল,Module
মডিউলাৰ গঠন,module architecture
কাৰোবাৰ ওপৰত চকু ৰখা,Monitor
"১.মনিটৰ প্ৰগ্ৰেম, ২.মনিটৰ প্ৰগ্ৰেম",monitoring program
একৰঙী প্ৰদৰ্শন,monocrome display
একক সংহত বৰ্তনী,monolithic integrated circuit
একক প্ৰযুক্তি,monolithic technology
একক স্পেচ ফন্ট,monospace font
a positional,Monostable
একাগ্ৰতা,Monotoricity
"১. আকৃতি, ২. ৰূপ",Morph
প্ৰপত্ৰ,Morpheme
আকাৰ,Morphism
"১.বন্ধকী, ২.বন্ধকী, বন্ধকী",Mortgage
MOSFET (MOSFET) গেস্টবুক,mosfet (MOSFET)
"1. সৰ্বোচ্চ দুটা অংক, 2. সৰ্বোচ্চ বিট",most significant bit
মাদাৰ বৰ্ড,mother board
মাতৃ পঞ্জীয়ন,mother register
চলচ্চিত্ৰ,motion picture
চলচ্চিত্ৰ বিশেষজ্ঞ গোট (MPEG),motion picture experts group (MPEG)
মাউন্ট,Mount
"১.মাউছ, ২.মাউছ",Mouse
"১.চলনশীল, ২.স্থানচ্যুতি",Move
চলন্ত চিহ্ন,move character
এম এছ-ড’ছ,MS-DOS
এম এছ-উইণ্ড’জ,MS-Windows
একাধিক অভিমুখীতা,multi aspect
মাল্টি প্ৰচেছৰ,multi processor
"১.মাল্টিপ্ৰগ্ৰেমিং, ২.মাল্টিপ্ৰগ্ৰেমিং",multi programming
মাল্টিটাস্কিং,multi tasking
বহুবুছ,Multibus
সম্প্ৰচাৰ,Multicast
বহুৰূপী ঠিকনা,multicast address
সম্প্ৰচাৰ,Multicasting
মাল্টিচিপ,Multichip
multix,Multics
মাল্টিটাস্কিং অপাৰেচন,multijob operation
"১.বহুস্তৰীয় স্মৃতিশক্তি, ২. বহুস্তৰীয় স্মৃতিশক্তি",multilevel memory
"১.মাল্টিমিডিয়া প্ৰযুক্তি, ২.মাল্টিমিডিয়া প্ৰযুক্তি",multimedia technology
বহুগুণতা,Multimode
একাধিক,Multiple
"১.নিখুঁততা, ২.বহু নিশ্চয়তা",multiple precision
বহুবিধ ৰিগ্ৰেছন,multiple regression
"১.মাল্টিপ্লেক্স, ২.মাল্টিপ্লেক্স",Multiplex
মাল্টিপ্লেক্স মোড,multiplex mode
মাল্টিপ্লেক্সাৰ,Multiplexer
"১.মাল্টিপ্লেক্সিং, ২.মাল্টিপ্লেক্সিং",Multiplexing
মাল্টিপইন্ট নেটৱৰ্ক,multipoint network
একাধিক প্ৰচেছিং,Multiprocessing
মাল্টিপ্ৰচেছৰ চিস্টেম,multiprocessor system
বহুমুখী ইণ্টাৰনেট মেইল সম্প্ৰসাৰণ (MIME),multipurpose internet mail extention (MIME)
প্লেচমেণ্ট,Multischedule
বহুকেন্দ্ৰীয়,Multistation
মাল্টিথ্ৰেডিং,Multithreading
বহুপদ যুক্তি,multivalued logic
বহুচলকীয় বিশ্লেষণ,multivariate analysis
মাল্টিভাইব্ৰেটৰ,Multivibrator
"১.পাৰস্পৰিক বৰ্জন, ২.পাৰস্পৰিক বৰ্জন",mutual exclusion
পাৰস্পৰিক তথ্য,mutual information
"1. নবীন, 2. স্বজ্ঞাত ব্যৱহাৰকাৰী",naïve user
"1.নাম চাৰ্ভাৰ, 2.নাম চাৰ্ভাৰ",name server
নন্দ অপাৰেচন,NAND operation
নেনো,Nano
"সংকীৰ্ণ বেণ্ড, সংকীৰ্ণ বেণ্ড",narrow band
ৰাষ্ট্ৰীয় তথ্য আন্তঃগাঁথনি,national information infrastructure
ৰাষ্ট্ৰীয় তথ্য মানদণ্ড সংস্থা (AND NISO),National Information Standards Organization (NAND NISO)
প্ৰাকৃতিক সংকেত,native code
"১.প্ৰকৃত দোভাষী, ২.প্ৰকৃত প্ৰগ্ৰেমাৰ, ৩.প্ৰকৃত বিদ্যালয়",native compiler
প্ৰাকৃত চফ্টৱেৰ,native software
প্ৰাকৃতিক কম্পাইলাৰ,natural compiler
প্ৰাকৃতিক ভাষা প্ৰক্ৰিয়াকৰণ,natural language processing
প্ৰাকৃতিক ভাষাৰ প্ৰশ্ন,natural language querry
"১.প্ৰাকৃতিক সংখ্যা, ২.প্লাছ পূৰ্ণসংখ্যা",natural number
সঞ্চালন,Navigation
নিৰ্দেশক,Navigator
বিপৰীত যুক্তি,negative logic
"1.প্ৰয়োজনীয় লুপ,2.Enter লুপ",nested loop
"1. নেষ্টেড মেক্ৰ&#39;, 2. নেষ্টেড মেক্ৰ&#39;",nested macros
"নেট, নেট",Net
"১.নেট ঠিকনা, ২.নেট ঠিকনা",net address
"১.নেট নাগৰিক, ২.নেট নাগৰিক",net citizen
নেটস্কেপ নেভিগেটৰ,netscape navigator
নে&#39;টৱৰ্ক অভিগম নিয়ন্ত্ৰণ,network access control
"1.নেটৱৰ্ক স্থাপত্য, 2.নেটৱৰ্ক গঠন",network architecture
নে&#39;টৱৰ্ক নথিপত্ৰপ্ৰণালী (NFS),network file system (NFS)
"1.নেটৱৰ্ক অখণ্ডতা, 2.নেটৱৰ্ক অখণ্ডতা",network integrity
নেটৱাৰ্ক আন্তঃসংযোগ,network interconnection
নে&#39;টৱৰ্ক স্তৰ,network layer
নেটৱাৰ্ক ব্যৱস্থাপনা,network management
নে&#39;টৱৰ্ক টপোলজি,network topology
নে&#39;টৱৰ্ক স্পেক টাৰ্মিনেল,network virtual terminal
নিৰপেক্ষ ৰিলে,neutral relay
নিৰপেক্ষ সংক্ৰমণ,neutral transmission
নতুন শাৰী আখৰ,new line character
"১.নিও ছিংক, ২. নতুন সিঙ্ক",new sync
"1.NFS, 2.নেটৱৰ্ক ফাইল",NFS/network file
"১.কোৱাৰ্টাৰবিট, ২.কোৱাৰ্টাৰবিট, ৩.নিবেল",Nibble
নতুন পৰিপূৰক,nine's complement
ন&#39;ড,Node
হুলস্থূল,Noise
শব্দ ধৰণ,noise mode
নিৰৱ এনকোডিং,noiseless coding
অনিয়ম,non determinism
বিতৰক,non distributive
খালী ছেট,non empty set
বিভাজনযোগ্য,non prime
অ-পাৰস্পৰিক ক্ৰিয়াশীল,Non-interactive
"1.অসীম ব্যৱস্থা, 2.টাৰ্মিনেলবিহীন ব্যৱস্থা",non-terminal system
"১.অস্বাভাৱিক স্মৃতিশক্তি, ২.অস্বাভাৱিক স্মৃতিশক্তি",non-volatile memory
অস্বাভাৱিক ৰাম,non-volatile ram
"1. আনলোড কৰা ক&#39;ড, 2. আনলোড কৰা ক&#39;ড",non-weighted code
NOP (অকাৰ্য্যকৰী) নিৰ্দেশনা,NOP instruction
ন&#39;ৰ,NOR
"১.নহয় গেট, ২.নহয় গেট",NOR gate
"১.সাধাৰণ, ২.সৰল",Normal
স্বাভাৱিককৰণ,Normalization
নৰ্মেলাইজাৰ,Normalizer
knorr অপাৰেচন,NOR-operation
নহয়,NOT
বৰ্তনী নহয়,NOT circuit
সমতুল্যতা গেট নহয়,NOT equivalence gate
"1.অপাৰেচন নহয়, 2.অপাৰেচন পৰিপূৰক",NOT operation
নট-এণ্ড,Not-AND
নট-এণ্ড অপাৰেচন,NOT-AND operation
নহয়-বা,NOT-OR
নট-বা অপাৰেচন,NOT-OR operation
n p সম্পূৰ্ণতা,NP completeness
খালী পদৰ সূচক,NULL pointer
সংখ্যা তত্ত্ব,number theory
nyquist মাপকাঠী,nyquist criteria
"১.বস্তু, ২.উদ্দেশ্য, ৩.লক্ষ্য",Object
লক্ষ্যমুখী,object oriented
"1.অক্টল ক&#39;ড, 2.অক্টল ক&#39;ড",octal code
অষ্টক সংখ্যা,octal number
অক্টেট,Octet
octree,Octree
অদ্ভুত সমতা,odd parity
অফিচ অটোমেচন,office automation
অফিচ চফ্টৱেৰ,office software
"১.অফ-লাইন, ২.অফ-লাইন",Off-line
"1. অফলাইন প্ৰচেছিং, 2. অফলাইন প্ৰচেছিং",off-line processing
"১.অফছেট, ২.অন্ত-লম্ব",Off-set
ওমেগা সংকেত,omega notation
অনলাইন যোগাযোগ,on-line communication
"1.অন-লাইন প্ৰচেছিং, 2. একেলগে প্ৰক্ৰিয়াকৰণ",on-line processing
অপাৰেচন ৰেজিষ্টাৰ,OP register
মুক্ত প্ৰৱেশ,open addressing
উন্মুক্ত ব্যৱস্থাপ্ৰণালীৰ আন্তঃসংযোগ,open system interconnection
"১.উলংগ তাঁৰ, ২.খোলা তাঁৰ",open wire
অপাৰেণ্ড,Operand
লজিষ্টিকছ,operating system
"1.অপাৰেচন, 2.অপাৰেচন",Operation
"১.অপাৰেটৰ, ২.অপাৰেটৰ, ৩.অপাৰেটৰ",Operator
অপটিকেল চৰিত্ৰ চিনাক্তকৰণ,optical character recognition
"1. অপটিকেল ফাইবাৰ, 2. অপটিকেল ফাইবাৰ",optical fibre
অপটিকেল ফন্ট,optical font
অপটিকেল মাৰ্ক ৰেকগনিচন (OMR),optical mark recognition (OMR)
"1. অপটিকেল মেমৰি, 2. অপটিকেল মেমৰি",optical memory
অপটিকেল ৰিডাৰ,optical reader
"1. অপটিকেল স্কেনিং, 2. অপটিকেল স্কেনিং",optical scanning
"1.ঐচ্ছিক, 2.ঐচ্ছিক",Optimal
অনুকূলন,Optimization
অপটিকেল কাপলাৰ,opto coupler
অপ্টোইলেক্ট্ৰনিক্স,Optoelectronics
"1. অপটিকেল আইছ&#39;লেটৰ, 2. অপটিকেল আইছ&#39;লেটৰ",Optoisolator
অথবা,OR
বা দুৱাৰ,OR gate
বা অপাৰেচন,OR operation
ক্ৰমাগতভাৱে,order by
অগ্ৰাধিকাৰ ক্ৰম,order of precedence
অৰ্ডাৰ দিয়া জোৰা,ordered pair
অৰ্ডাৰ কৰা ছেট,ordered set
সজাই থোৱা গছ,ordered tree
আউটপুট ডাটা,output data
আউটপুট ডিভাইচ,output device
আউটপুট ফাইল,output file
"1.আউটপুট মডিউল, 2.আউটপুট মডিউল",output module
প্ৰস্থান বিবৃতি,output statement
আউটপুট ষ্ট্ৰিম,output stream
আউটপুট ইউনিট,output unit
overflow,over flow
ওভাৰলে,over lay
অভাৰলোড,over load
অভাৰপ্ৰিন্ট,over printing
অভাৰৰাইড কৰা হৈছে,over run
অভাৰৰাইড ভুল,over run error
"1. ওভাৰহেড বিট, 2. ওপৰৰ বিট",overhead bit
ওভাৰলেপ,Overlap
ওভাৰলে প্ৰগ্ৰেম,overlay program
override interrupt,override interrupt
অভাৰৰাইট কৰা,Overwrite
ব্যক্তিগত এনকোডিং,own coding
পেকেজসমূহ,Pack
"1.পেকেজ,2.পেকেজ",Package
পেকেজ,Packet
পেকেট চুইচিং,packet switching
পেকেজ নম্বৰ,packing factor
পদন,Padding
পৃষ্ঠা,Page
পৃষ্ঠাৰ ঠিকনা,page addressing
বিপৰীত,page break
"1.পৃষ্ঠা ফুটিং, 2.পৃষ্ঠাফুটিং",page footing
পৃষ্ঠা প্ৰৱেশ,page in
পৃষ্ঠাৰ আউটপুট,page out
পৃষ্ঠা পাঠক,page reader
পৃষ্ঠা শ্বেপিং,page swap
"1. পৃষ্ঠাযুক্ত মেমৰি, 2. পৃষ্ঠাযুক্ত",paged memory
"1. মেমৰি পেজিনেচন, 2. পেজিনেচন",Paging
পালমটপ,palm top
কাগজৰ চেন্সৰ,paper sensor
"1. সমান্তৰাল এলগৰিদম, 2. সমান্তৰাল এলগৰিদম",parallel algoritham
সমান্তৰাল কম্পিউটাৰ,parallel computer
সমান্তৰাল আন্তঃপৃষ্ঠ,parallel interface
সমান্তৰাল গ্ৰুমিং,parallel port
সমান্তৰাল প্ৰক্ৰিয়াকৰণ,parallel processing
সমান্তৰাল প্ৰগ্ৰেমিং,parallel programming
প্ৰাচল,Parameter
"১.উৎপত্তি, ২.পিতৃ-মাতৃ",Parent
সমতা,Parity
ডিচেকচন গছ,parse tree
পোষ্ট দোভাষী,Parser
পোষ্ট ব্ৰেক,Parsing
বিভাজন,Partition
বিভাজন,Partitioning
"১.পাছৱৰ্ড, ২.পাছৱৰ্ড",Password
পথ,Path
মডেল স্বীকৃতি,pattern recognition
পিচি ডিষ্ক অপাৰেটিং চিস্টেম (PCDOS),PC-disk operating system (PCDOS)
বন্ধু গোট,Peer
পেন প্লটাৰ,pen plotter
পেন্টিয়াম,Pentium
"১.সাময়িক, ২.পুনৰাবৃত্তিমূলক",Periodic
"১.পেৰিফেৰ, ২.পেৰিফেৰেল",Peripherals
মুকুতা,Peri
স্থায়ী ভাৰ্চুৱেল বৰ্তনী,permanent virtual circuit
অবিৰত,Persistant
ব্যক্তিগত কম্পিউটাৰ (PC),personel computer (PC)
ব্যক্তিগত ডিজিটেল সহায়ক (PDA),personnel digital assistant (PDA)
"ফেণ্টম, ভাৰ্চুৱেল",Phantom
"১.ফেজ, ২.ফেজ, ফেজ",Phase
ধ্বনি,Phoneme
শব্দ ব্যৱস্থা,phonetic system
ফটো ডাইঅ&#39;ড,photo diode
"১.শাৰীৰিক, ২.বাহ্যিক",Physical
ভৌতিক আন্তঃপৃষ্ঠ,physical interface
পেকোয়ে,Pico
পাই চাৰ্ট,pie chart
"১.পাই গ্ৰাফ, ২.পাই গ্ৰাফ",pie graph
ব্যৱধান,Pitch
পিক্সেল,Pixel
সহজ ascii,plain ascii (ASCII)
সাধাৰণ লিখনী,plain text
পৰিকল্পনা,Planning
"প্লেটফৰ্ম, প্লেটফৰ্ম",Platform
প্লটাৰ,Plotter
ড্ৰাফটিং হেড,plotting head
প্লাগবোৰ্ড,Plugboard
নিবিদা,Point
চাইট টু চাইট প্ৰটোকল (PPP),point to point protocol (PPP)
পইণ্টাৰ,Pointer
মেৰুকৰণ,Polarization
ক্ৰমবিন্যাস,Polling
বহুভুজ ছিয়াৰিং,polygon clipping
বহুৰূপতা,Polymorphism
বহুপদ,Polynomial
POP (ডাকঘৰ প্ৰট&#39;কল),POP (post office protocol)
"1.sin-up মেনু, 2.appear মেনু",Pop-up menu
পোৰ্টেবিলিটি,Portability
চিত্ৰিত,Portrait
ক্ৰমাগত,post order
"1.বেক লিপি, 2.বেক লিপি",post script
বেক বিট,postamble bit
সংলগ্ন কৰা হৈছে,Postfix
বন্ধ,power down
অবৈদ্যুতিক,Power-off
বৈদ্যুতিক,Power-on
পাৱাৰ ৰিচিভাৰ,Power-up
প্ৰি স্পীড বিট,preamble bit
অগ্ৰাধিকাৰ গ্ৰাফ,precedance graph
predicate,Predicate
প্ৰি-এম্পটিভ সময়সূচী,preemptive scheduling
উপসৰ্গযুক্ত,Pre-fix
প্ৰিপ্ৰচেছিং,Preprocessing
প্ৰক্ৰিয়া,Process
প্ৰক্ৰিয়া চুইচ,process switch
প্ৰক্ৰিয়াকৰণ,Processing
প্ৰচেছৰ,Processor
উৎপাদন,Production
"১.প্ৰগ্ৰেম, ২.প্ৰগ্ৰেম",Program
কাৰ্য্যক্ৰম ব্যাখ্যা,program compilation
কাৰ্য্যক্ৰম বিৰতি,Program cash
প্ৰগ্ৰেম ঠিক কৰা,program debugging
প্ৰগ্ৰেম ডিজাইন,program design
"কাৰ্য্যক্ৰম মূল্যায়ন পৰ্যালোচনা কৌশল (PERT, PERT)",program evaluation & review technique (PERT)
প্ৰগ্ৰেম বিৰতি,program halt
"১.কাৰ্যসূচী পুথিভঁৰাল, ২.কাৰ্যসূচী সংগ্ৰহ",program library
প্ৰগ্ৰেম চলোৱা,program run
"১.প্ৰগ্ৰেমাৰ, ২.প্ৰগ্ৰেমাৰ",Programmer
prolog,Prolog
পি-ৰম,PROM
"1.সংক্ৰমণ, 2.প্ৰসাৰণ",Propagation
সাধনযোগ্য,Proposition
সুৰক্ষিত চাবি,protected key
সংৰক্ষণ,Protection
প্ৰট&#39;কল,Protocol
"1. প্ৰট&#39;কল স্থানান্তৰ, 2. প্ৰট&#39;কল অনুবাদ, 3. প্ৰট&#39;কল ব্যাখ্যা",protocol translation
ছ্যুডো ক&#39;ড,pseudo code
"১.ৰাজহুৱা তথ্য, ২.ৰাজহুৱা তথ্য নেটৱৰ্ক",public data network
"১.ৰাজহুৱা ডমেইন, ২.ৰাজহুৱা ডমেইন",public domain
ৰাজহুৱা কি&#39; এনক্ৰিপচন,public key encripting
নাড়ী,Pulse
পালছ ক&#39;ড মডুলেচন,pulse code modulation
পালছ ডিজিটেল মডুলেচন (PDM),pulse digital modulation (PDM)
স্পন্দাৱলি,pulse train
বিৰাম চিহ্ন,Punctuation
"চাপ, ভৰোৱা",Push
ডাউনলোড automata,push down automata
উলম্ব তালিকা,pushup list
দ্বিঘাত,quad density
"১.অৰ্হতা, ২.অৰ্হতা",Qualification
quantifier,Quantifier
পৰিমাণীকৰণ কৰা,Quantize
ভাগফল,Quantizer
কোৱাণ্টাম,Quantum
কোৱাণ্টাম ঘড়ী,quantum clock
"১.কোৱাণ্টাম কপুটান, ২.কোৱাণ্টাম গণনা",quantum computing
উদাহৰণ প্ৰশ্ন,querry by example
"১/ অনুসন্ধান, ২/ অনুসন্ধান",Query
প্ৰশ্ন ভাষা,query language
প্ৰশ্ন প্ৰক্ৰিয়াকৰণ,query processing
লানি পতা,Queue
শাৰী ব্যৱস্থাপনা,queue management
শাৰী পঞ্জীয়ন,queue register
"1. শাৰী নে&#39;টৱৰ্ক, 2. শাৰী নে&#39;টৱৰ্ক",queuing network
শাৰী তত্ত্ব,queuining theory
দ্ৰুত অভিগম মেমৰি,quick acess memory
ভাগফল,Quotient
ৰেডিঅ&#39; ফ্ৰিকুৱেন্সি ইন্টাৰফেৰেন্স (RFI),radio frequency interference (RFI)
ৰেডিক্স,Radix
ৰেণ্ডম এক্সেছ কম্পিউটাৰ সঁজুলি (RACE),random access computer equipment (RACE)
ৰেণ্ডম এক্সেছ মেমৰি (RAM),random access memory (RAM)
ৰেণ্ডম স্কেনিং,random scan
"১.ৰেষ্টাৰ, ২.ৰেষ্টাৰ",Raster
ৰেষ্টাৰ স্কেনিং,raster scan
পুনৰ অভিযান্ত্ৰিকীকৰণ,re engineering
পুনৰুজ্জীৱিতকৰণ,re enlargement
"1. অভিগম্যতা, 2. অভিগম্যতা",Reachability
পঢ়ি থকা,Read
ৰিডিং হেড,read head
"১.কেৱল পঢ়া, ২.কেৱল পঢ়া",read only
"1. কেৱল পঢ়া মেমৰি, 2. কেৱল পঢ়া মেমৰি",read only memory
পঢ়া লিখাৰ মূৰ,read write head
"1. পঢ়া চক্ৰ, 2. লিখা চক্ৰ",read/write cycle
"১.পঢ়া চক্ৰ, ২.লিখাৰ মূৰ",read/write head
"1. পঢ়া স্মৃতি, 2. লিখা স্মৃতি",read/write
পাঠক,Reader
"পঢ়া, পঢ়া",reading
"১.পঢ়া, ২.পঢ়া পোষ্ট কৰা",read-out
সময় বাস্তৱ,real
"1. দ্ৰুত সঁহাৰি প্ৰক্ৰিয়াকৰণ, 2. তাৎক্ষণিক সঁহাৰি প্ৰক্ৰিয়াকৰণ",real time processing
ৰিচিভাৰ,Receiver
চিনাক্তকৰণ যুক্তি,recognition logic
পুনৰ প্ৰগ্ৰেমিং স্থানান্তৰ,Recompile
নথিভুক্ত,Record
"১/ ৰেকৰ্ডিং হেড, ২. ৰেকৰ্ডিং হেড",recording head
সংশোধনযোগ্য ভুল,recoverable error
পূৰ্ণতা,Recovery
পুনৰাবৃত্তি উপপাদ্য,recursim theorem
পুনঃব্যৱহাৰ,Recursion
পুনৰাবৃত্তিমূলক ফলন,recursive function
ক্ষুদ্ৰ নিৰ্দেশনা ছেট কম্পিউটাৰ (RISC),reduced instruction set computer (RISC)
অতিৰিক্ততা,Redundancy
"1.স্বাধীন ডিস্ক, 2.ডিস্কৰ অতিৰিক্ত এৰে (ৰঙা)",redundant array of independent disks (RAID)
পুনৰ প্ৰৱেশ,Re-entrant
পুনৰ প্ৰৱেশ ক&#39;ড,re-entrant code
সন্দৰ্ভ,Reference
ৰেফাৰেন্সিয়েল অখণ্ডতা,referential integrity
প্ৰতিফলনশীলতা,Reflectivity
প্ৰতিফলন,Reflextion
বিবৰ্তন,Refraction
সতেজতা,Refresh
পুনৰুত্পাদন,Regeneration
পঞ্জীয়ন কৰা,Register
নিয়মীয়া ব্যাকৰণ,regular grammar
সম্পৰ্ক,Relation
সম্পৰ্কীয় ডাটাবেছ,relational database
সম্পৰ্কীয় তথ্যকোষ ব্যৱস্থাপনা ব্যৱস্থা (RDBMS),relational database management system (RDBMS)
সম্পৰ্কীয় আৰ্হি,relational model
"1. আপেক্ষিক, 2. আপেক্ষিক",Relative
আপেক্ষিক সম্বোধন,relative addressing
"1. ৰিলে, 2. সংক্ৰমণ",Relay
নিৰ্ভৰযোগ্যতা আৰ্হি,reliability modeling
নিৰ্ভৰযোগ্য,Reliable
"1. স্থানান্তৰ কৰিব পৰা ক&#39;ড, 2. স্থানান্তৰ কৰিব পৰা তথ্য",relocatable code
দূৰ,Remote
ৰিম&#39;ট ফিডাৰ,remote host
দূৰৱৰ্তী কৰ্ম প্ৰৱেশ,remote job entry
"1.দূৰৱৰ্তী অধিবেশন আৰম্ভ, 2.দূৰৱৰ্তী প্ৰৱেশ",remote log-in
দূৰৱৰ্তী পদ্ধতি আমন্ত্ৰণ (RPC),remote procedure call (RPC)
ৰিম&#39;ট চেন্সিং,remote sensing
নামকৰণ কৰা,Rename
"1.ৰেণ্ডাৰিং, 2.উচৰ্গাকৰণ",Rendering
ৰিপিটাৰ,Repeater
উত্তৰদিশ,Reply
"1. অনুৰোধ, 2. অনুৰোধ",Request
মন্তব্যৰ অনুৰোধ (RFC),request for comments (RFC)
"1.অনুৰোধ প্ৰট&#39;কল, 2.প্ৰতিক্ৰিয়া প্ৰট&#39;কল",request/reply protocol
পুনৰাবৃত্তিমূলক প্ৰগ্ৰেম,rerun program
গৱেষণা,Research
পুনৰুদ্ধাৰ কৰা চক্ৰ,reset cycle
স্মৃতিবিদ,Resident
পাৰ্থক্য,Resolution
সম্পদসমূহ,Resources
সঁহাৰিৰ সময়,responsee time
"1.পুনৰ আৰম্ভ, 2.পুনৰ আৰম্ভ",Restart
পুনৰুদ্ধাৰ কৰা,Restore
পুনৰ ট্ৰেচ কৰক,Retrace
"1. পুনৰ প্ৰেৰণ, 2. পুনৰ যোগাযোগ",Retransmission
পুনৰুদ্ধাৰ,Retrieve
পুনৰ চেষ্টা কৰক,Retry
"1.ৰিগ্ৰেছন, 2.ৰিটাৰ্ণ",Return
ৰিগ্ৰেছন ক&#39;ড,return code
ৰিগ্ৰেছন কি&#39;,return key
পুনৰ ব্যৱহাৰযোগ্য ক&#39;ড,reusable code
পুনৰ লিখিব পৰা,Rewritable
rgb মনিটৰ,RGB monitor
ফিতা,Ribbon
চৰকাৰী বিষয়টো,right issue
"১.ৰবট, ২.মেকানিক, ৩.মেকানিজম",Robot
"১.যান্ত্ৰিক বিজ্ঞান, ২.যান্ত্ৰিক নৃতত্ত্ব",Robotics
"শক্তিশালী, শক্তিশালী",Robust
ভূমিকা,Role
আকৌ ৰোলিং কৰা,roll back
engulfment,roll in
আউটফ্ল&#39;,roll out
"1. কেৱল পঢ়া মেমৰি, 2. কেৱল পঢ়া মেমৰি (ROM)",ROM
মূলত,Root
মূল পঞ্জিকা,root directory
আনুমানিক ভুল,round of error
"১.ৰাউটাৰ, ২.ৰাউটাৰ",Router
"ৰুটিং, ৰুটিং",Routing
RS232C আন্তঃপৃষ্ঠ,RS232C interface
RSA এনক্ৰিপচন,RSA encryption
rtc,RTC
ৱৰ্কিং ডিটেইল ক&#39;ডিং,run length encoding
কাৰ্যকাল,run time
চলনসময়ৰ ত্ৰুটি,run time error
"1. নমুনা, 2. নমুনা",Sample
নমুনা সংগ্ৰহ কৰা,Sampling
"১.উপগ্ৰহ, ২.উপগ্ৰহ",Satellite
চেচুৰেচন,Saturating
সঞ্চয় কৰা,Save
"1. স্কেলেবিলিটি, 2. স্কেলেবিলিটি",Scalability
স্কেলাৰ,Scalar
স্কেনিং কৰা,Scanning
ভূচিত্ৰ,Scenario
scheduler,Scheduler
স্ক্ৰীণ প্ৰতিফলন প্ৰজেক্টৰ,screen image projector
চিত্ৰনাট্য,Script
লিপিৰ ভাষা,scripting language
"১.কইল, ২.স্ক্ৰল",Scrolling
সমকালীন তথ্য সংযোগ নিয়ন্ত্ৰণ (SDLC),SDLC (sychronous data link control)
"১.অন্বেষণ, ২.আৱিষ্কাৰ",Search
চাৰ্চ ইঞ্জিন,search engine
search tree,search tree
"1.অন্বেষণ, 2.আৱিষ্কাৰ",Searching
মাধ্যমিক,Secondary
"১.খণ্ড, ২.খণ্ড",Sector
সুৰক্ষা নীতি,security policy
সন্ধান শব্দ,seek time
"১.ধাৰা, ২.ধাৰা",Segment
"১.বিভাজন, ২.বিভাজন",Segmentation
নিৰ্বাচন সজাই পৰাই তোলা,selection sort
"1.স্বয়ংক্ৰিয় সম্পূৰ্ণ, 2.স্বয়ংক্ৰিয় সম্পূৰ্ণ",self contained
"১.অৰ্থবিজ্ঞান, ২.অৰ্থবিজ্ঞান",Semantics
চেমাফোৰ,Semaphore
অৰ্ধপৰিবাহী,Semiconductor
fantasy web,semontic web
ক্ৰমিক অভিগম পদ্ধতি,sequential access method
ক্ৰমাগত,Serial
ছিৰিয়েল,Serializer
"1.চাৰ্ভাৰ, 2.চাৰ্ভাৰ",Server
চাৰ্ভাৰ ক্ৰেচ,server crash
চাৰ্ভাৰ অনুজ্ঞাপত্ৰ,server license
চাৰ্ভো বহুগুণক,servo multiplier
set of,Set
নিৰ্দিষ্ট বিন্দু,set point
ব্যৱস্থা,set up
ছাঁ,Shade
চিনেমাট&#39;গ্ৰাফী,Shading
অনুসৰণ কৰা,Shadow
ফাইলটো শ্বেয়াৰ কৰক,share file
অংশীদাৰী অভিগম,shared access
ভাগ কৰি দে,Sharing
"১/ ব্ৰেকেট, ২. কৱচ, ৩. শ্বেল, ৪. শ্বেল",Shell
বিচ্যুতিৰ চিহ্ন,shift character
চুটি পথ,short circuit
চুটি নিৰ্দেশনা,short instruction
সহোদৰ,Sibling
"1. পাৰ্শ্বক্ৰিয়া, 2. প্ৰতি প্ৰভাৱ",side effect
sign bit,sign bit
সূত্ৰ,Signal
সংকেত প্ৰক্ৰিয়াকৰণ,signal processing
সংকেত,Signalling
"1.সংকেত-শব্দ অনুপাত, 2.সংকেত-শব্দ অনুপাত",signal-to-noise ratio
"১.চহী, ২. স্বাক্ষৰ",Signature
মাৰ্কাৰ পৰীক্ষা,signature testing
উল্লেখযোগ্য নম্বৰ,significant digit
ছিলিকন চিপ,silicon chip
সৰল মেইল স্থানান্তৰ প্ৰটোকল (SMTP),Simple Mail Transfer Protocol (SMTP)
একক,Simplex
"1. এটা সংকেত ন&#39;ড, 2. simplex ন&#39;ড",simplex node
চিমুলেচন,Simulation
অনুকৰণকাৰী,Simulator
"১.সমকালীন, ২.সমকালীন",Simultaneous
একেলগে প্ৰক্ৰিয়াকৰণ,simultaneous processing
একক,Singleton
"1.ছাইট লাইচেন্স, 2.ছাইট লাইচেন্স",site licence
"১.আকাৰ, ২.আকাৰ",Size
জোখ-মাখ কৰা,Sizing
"1. চিত্ৰণ, 2. চিত্ৰণ",Sketching
প্লুটি,Skip
"১.প্লুটি, ২.প্লুটিকাৰন",Skipping
"১.স্লেচ, ২.কাট",Slash
কম্পিউটাৰৰ অধীনত,slave computer
snake উইন্ডো প্ৰট&#39;কল,sliding window protocol
"1. বাদ দিয়া, ২. আত্মসমৰ্পণ কৰা",Slip
ছাঁদ,Slot
SCSI (SCSI),small computer system interface (SCSI)
স্মাৰ্ট কাৰ্ড,smart card
শামুক মেইল,snail mail
স্নেপশ্বট,Snapshot
"১.চফ্ট কম্পিউটেচন, ২.চফ্ট কম্পিউটেচন",soft computing
চফ্ট কপি,soft copy
সহজ ফন্ট,soft font
ছ’ফ্টৱেৰ,Software
চফট্ ৱেৰ ইঞ্জিনিয়াৰিং,software engineering
চফ্টৱেৰ অনুজ্ঞাপত্ৰ,software license
চফ্টৱেৰ পাইৰেচি,software piracy
বৰ্ণালী,Spectrum
"1.স্ক্ৰু, 2.স্পাইৰেল",Spiral
"1.বিস্তাৰিত পত্ৰিকা, 2.স্প্ৰেডশ্বীট",spread sheet
মানদণ্ড,Standard
প্ৰামাণিক সাধাৰণীকৃত মাৰ্কআপ ভাষা (SGML),standard generalized markup language (SGML)
প্ৰামাণিককৰণ,Standardization
অপেক্ষাৰ সময়,standby time
তাৰক লান,star LAN
তৰাৰ অৱস্থান,star topology
আৰম্ভণিৰ বিট,start bit
"1. অভাৱ, 2. অভাৱ, 3. অভাৱ সংকট",Starvation
"1.ষ্টেটিক মেমৰি, 2.ষ্টেটিক মেমৰি",static memory'
ষ্টেটাছ চেনেল,status channel
"1.পদক্ষেপৰ আকাৰ, 2.পদক্ষেপৰ মাত্ৰা",step size
বিৰতি আৰু অপেক্ষা প্ৰট&#39;কল,stop and wait protocol
ব্ৰেক ক&#39;ড,stop code
pause key,stop key
সংৰক্ষণযোগ্যতা,Storability
সংৰক্ষিত প্ৰগ্ৰেম,stored program
শৃংখলা তথ্য,string data
"1.গাঁথনিযুক্ত এনকোডিং, 2.গাঁথনিযুক্ত ক&#39;ডিং",structured coding
গঠনমূলক প্ৰশ্ন ভাষা (SQL),structured query language (SQL)
"১.ব্ৰ&#39;চাৰৰ শ্বীট, ২. শৈলীৰ চিঠি",style sheet
উপ-ডাইৰেকটৰি,Sub-directory
"১.চাবনেট, ২.চাবনেট",Subnet
উপবৃক্ষ,Subtree
"১.সংক্ষিপ্তকৰণ, ২.সংক্ষিপ্তকৰণ",Summarization
"১.ছুপাৰ কম্পিউটাৰ, ২.ছুপাৰ কম্পিউটাৰ",super computer
"১.ছুপাৰ কম্পিউটেচন, ২.ছুপাৰ কম্পিউটেচন",super computing
কি&#39; চাবি,super key
শীৰ্ষ ব্যৱহাৰকাৰী,super user
তত্বাৱধানত শিক্ষণ,supervised learning
সহায়ক চিপ,support chip
নেট ভ্যাৰিয়েন্স,Surf
"১.নেট ভ্যাৰিয়েন্স, ২.অংশ, ৩.ছাৰফান",Surfing
অদলবদল,Swap
ইনবাউণ্ড,swap in
আউটফ্ল&#39;,swap out
শ্বেপিং,Swapping
"1.চুইচ কৰা নেটৱৰ্ক,2. চুইচ কৰা নেটৱাৰ্ক",switched network
চুইচিং,Switching
চুইচিং নীতি,switching theory
প্ৰতীকী প্ৰগ্ৰেমিং,symbolic programming
সমন্বয়,Synchronization
সমন্বয়ক,Synchronizer
সমকালীন,Synchronous
সমকালীন সংখ্যাগত হাইৰাৰ্কি (SDH),synchronous digital hierarchy (SDH)
বাক্য বিশ্লেষণ,syntax analysis
ব্যৱস্থা বিশ্লেষণ,system analysis
চিষ্টেম ইঞ্জিনিয়াৰিং,system engineering
"১/ চিষ্টেম ব্ৰেকাৰ, ২/ চিষ্টেম হেকাৰ",system hacker
চিস্টেম ইন্টিগ্ৰেটৰ,system integrator
চিস্টেম লগ,system log
চিস্টেম কভাৰ,system mask
ব্যৱস্থাপ্ৰণালীৰ নে&#39;টৱৰ্ক গঠন (SNA),system network architecture (SNA)
"1. চিস্টেম প্ৰগ্ৰেমাৰ, 2. চিস্টেম প্ৰগ্ৰেমাৰ",system programmer
"1. ব্যৱস্থাপ্ৰণালী পুনৰাৰম্ভ, 2. ব্যৱস্থাপ্ৰণালী পুনৰাৰম্ভ",system restart
চিস্টেম সমাপ্তি,system shutdown
চিস্টেম পৰীক্ষা,system testing
চিস্টেম সঁজুলি,system utility
"1. পদ্ধতিগত সংহিতা, 2. পদ্ধতিগত সংহিতা",systematic code
টেব কমাণ্ড,tab command
অনুসূচী,Table
টেবুলাৰ অভাৰভিউ,table look up
টেবুলৰ স্থান,table space
ফলক,Tablet
"1.tabular, 2.এৰে এৰে",tabular array
টেবুলেচন ফাংচন,tabulating function
"১.চিহ্নিত স্থাপত্য, ২.চিহ্নিত গঠন",tagged architecture
চিহ্নিত চিত্ৰ ফাইল প্ৰপত্ৰ (TIFF),tagged image file format (TIFF)
টেণ্ডেম ব্যৱস্থা,tandam system
টেপ ঘনত্ব,tape density
টেপ কভাৰ,tape mask
tar ফাইল,tar file
কাম,Task
ৱৰ্ক গাইড,task bar
কাৰ্য্যসূচীকাৰী,task scheduler
সংক্ৰমণ নিয়ন্ত্ৰণ প্ৰটোকল/ইণ্টাৰনেট প্ৰটোকল (TCP/IP),TCP/IP (transmission control protocol/internet protocol)
কাটিং অপাৰেচন,teardown operation
টেলিকমিউনিকেচন,Telecom
টেলিকমিউনিকেচন,Telecommunication
টেলিকম,Teleconference
টেলিকনফাৰেন্স,Teleconferencing
"১.টেলিগ্ৰাফ, ২.টেলিগ্ৰাফী",Telegraphy
"১.টেলিমিটাৰ, ২.টেলিমেট্ৰি",Telemetry
"১.টেলিফোন, ২.টেলিফোন",Telephone
টেলিফোন,Telephony
"১.টেলিপ্ৰিণ্টাৰ, ২.টেলিপ্ৰিণ্টাৰ",Teleprinter
টেলিপ্ৰচেছিং,Teleprocessing
"১/ দূৰদৰ্শন, ২.দূৰদৰ্শন, ৩.দূৰদৰ্শন",Television
টেলেক্স,Telex
"১.নেটৱৰ্ক, ২.টেলনেট",Telnet
"১.গৰম, ৩.তাপমাত্ৰা",Temperature
"১.আকৃতিৰ প্লেট, ২.সাঁচ, ৩.ৰূপা",Template
দহৰ পৰিপূৰক,ten's complement
টেৰা বাইট,tera byte
টেৰা ফেলপছ,tera flops
"1.এণ্ড পইণ্টাৰ, 2.টাৰ্মিনেল কাৰ্চাৰ",terminal cursor
"1.এণ্ড ন&#39;ড, 2.টাৰ্মিনেল ন&#39;ড",terminal node
টাৰ্মিনেল উইন্ডো,terminal window
ending,Termination
ট্ৰাই-বেছ,Ternary
তিনিটা বেচ অপাৰেচন,ternary operation
পৰীক্ষা কৰা হৈছে,Test
পৰীক্ষাৰ কভাৰেজ,test coverage
পৰীক্ষা নিষ্পাদন,test run
পৰীক্ষাৰ তথ্য,Test-data
"১.পাঠ, ২. অধ্যয়নৰ সামগ্ৰী",Text
লিখনী বাকচ,text box
লিখনী কাৰ্চাৰ,text cursor
টেক্সট সম্পাদক,text editor
লিখনী নথিপত্ৰ,text file
পাঠ্যক্ৰম,text mode
টেক্সট প্ৰচেছিং,text processing
বক্তৃতা-পাঠ (TTS),text to speech (TTS)
টেক্সচাৰ মেপিং,texture mapping
"১.টি ফ্লিপ ফ্লপ, ২.টি-বাইনোমিটাৰ",T-flip-flop
তাপীয় ছীলাৰ,thermal printer
"১.প্ৰিণ্টাৰ পাতল চলচ্চিত্ৰ স্মৃতি, ২.পাতল চলচ্চিত্ৰ স্মৃতি",thin film memory
(TFT) পাতল ফিল্ম ট্ৰেঞ্জিষ্টৰ (TFT),thin film transistor
"১.ৰত্ন, ২.হেচিং",Thrashing
থ্ৰেড বেংগল,Thread
থ্ৰেডিং,Threading
"১.ত্ৰিভুজ নেটৱৰ্ক, ২.ত্ৰিভুজ নেটৱৰ্ক",threetier network
প্ৰবাহ ক্ষমতা,Throughput
সময়ৰ জটিলতা,time complexity
সময় বিভাজন মাল্টিপ্লেক্সিং (TDM),time division multiplexing (TDM)
সময়সীমা,time frame
একে সময়তে,time frame
"1. কল মেচিন, 2. কল মেচিন, 3. টাইম মেচিন",time machine
টাইম আপ,time out
"1.Callocation, 2.Cal কোৱাণ্টাইজেচন",time quantization
সময় শৃংখলা,time series
"১/ সময় বিভাজন, ২। সময় ভাগ-বতৰা কৰা",time sharing
সময় ভাগ-বতৰা কৰা ব্যৱস্থা,time sharing system
কল ষ্টেপ,time stamp
সময়ৰ ডায়েগ্ৰাম,timing diagram
চৰিত্ৰ,Tint
টগল কৰক,Toggle
toggle move,toggling speed
"১.চিহ্ন, ২.টোকেন",Token
টোকেন বাছ,token bus
টোকেন বাছ,token bus
টোকেন বাছ নেটৱাৰ্ক,token bus network
"১.চিহ্ন আঙঠি, ২.চিহ্ন আঙঠি",token ring
টোকেন আলোচনা,token talk
"১.সঁজুলি, ২.সঁজুলি",Tool
টপ-ফুট,top down
টপ ফুট ডিজাইন,top down design
"1. নখ ৰিজ কনফিগাৰেচন, 2. তললৈ টানি",top down parsing
"১.অৱস্থান, ২.অৱস্থান বিজ্ঞান",Topology
টাচ পেড,touch pad
টাচ্ছ স্ক্ৰীন,touch screen
"১.চিহ্ন, ২.চিহ্ন, ৩.ট্ৰেচিং",Trace
ট্ৰেচিং,Tracing
"১.পথ, ২.পথ, ৩.লিক",Track
"1.ট্ৰেক ডিস্ক, 2.পথ ডিস্ক",track disk
পথ টেপ,track tape
"১.ফ&#39;ল&#39; কৰক, ২.ফ&#39;ল&#39; কৰক",Tracking
"১/ অনুসৰণ কৰক, ২. অনুসৰণ কৰক",Trailer
ট্ৰেজেক্টৰী,Trajectory
"১.লেনদেন, ২.চুক্তি, ৩.লেনদেন, ৪.বিনিময়",Transaction
"1. ডিল ফাইল, 2. কাৰ্য্যকলাপ ফাইল",transaction file
"1.লেনদেনৰ নথিপত্ৰ, 2.লেনদেনৰ লগ",transaction log
"1. লিপিবদ্ধ কৰা, 2. লিপিবদ্ধ কৰা",Transcribe
ট্ৰেন্সডুচাৰ,Transducer
স্থানান্তৰ হাৰ,transfer rate
স্থানান্তৰ সময়,transfer time
ৰূপান্তৰ,Transformation
ক্ষণিকৰ ভুল,transient error
ট্ৰেঞ্জিচন পিৰিয়ড,transit time
"১. পৰিৱৰ্তন, ২. অনন্তকাল",Transition
সংক্ৰামক,Transitive
সংক্ৰমিত,Transitivity
"১.অনুবাদ, ২.অনুবাদ, ৩.বাখ্যা",Translation
"১.সংক্ৰমণ, প্ৰেৰণ, ২.সংক্ৰমণ",Transmission
যোগাযোগ নিয়ন্ত্ৰণ প্ৰটোকল (TCP),transmission control protocol (TCP)
"১.সংবহন লাইন, ২.সংবহন লাইন",transmission line
ট্ৰেন্সমিটাৰ,Transmitter
স্বচ্ছতা,Transparency
ট্ৰেন্সপণ্ডাৰ,Transponder
"১.পৰিবহণ, ২.ৰিগ্ৰেছন",Transportation
ট্ৰেন্সপজিচন,Transposition
ট্ৰেন্সপিউটাৰ,Transputer
"1.ট্ৰেন্সমিট ৰিচিভাৰ, 2.ট্ৰেন্স ৰিচিভাৰ",Transreceiver
"১.ফান্দ, ২.ফান্দ, ৩. ধৰা",Trapping
ঘূৰ্ণন,Traverse
গছ (পৰিৱৰ্তন),tree (traversal)
গছৰ নেটৱৰ্ক,tree network
সহায়ক বৰ্তনী,tributary circuit
তুচ্ছ ডায়েগ্ৰাম,trival graph
সমস্যা সমাধান কৰা,trouble shoot
ৰিপড অফ,Truncate
সত্য টেবুল,truth table
"১.টিউনাৰ, ২.টিউনাৰ, ৩.টিউনাৰ",Tuner
"১.টানেলিং, ২.টানেলিং",Tunnelling
"১.সামঞ্জস্য, ২.টিউনিং, ৩.টিউনিং",Tunning
tuple,Tuple
টাৰ্বো পাস্কেল,turbo pascal
টুৰিং মেচিন,turing machine
টাৰ্ণআউট সময়,turn aroud time
টাৰ্ণআউট নথিপত্ৰ,turn around document
turn sequence,turnaround sequence
দম্পতী কেবল,twin cable
"1. ওলোটা যোৰ, 2. ওলোটা যোৰ",twisted pair
ডাবল পাছ সোঁৱৰাই দিয়া,two part assembler
দুটাৰ পৰিপূৰক,two's complement
প্ৰকাৰ,type
"1.টাইপ মুখ, 2.চৰিত্ৰ",type face
টাইপোগ্ৰাফিক শীৰ্ষ,type head
প্ৰিন্টাৰ চকা,type wheel
টাইপিং কৰা,Typing
অবিৰত শক্তিৰ উৎস,un interruptable power source (UPS)
"১/ একক কাৰ্য্য, ২) এক অংশৰ ব্যৱস্থা",unary operation
একক অপাৰেচন,unary operation
"1.একক অপাৰেটৰ, 2.একক অপাৰেটৰ",unary operator
অনিশ্চয়তা,Uncertainity
নিষিদ্ধ বিবৃতি,unconditional statement
অগণনযোগ্য,Uncountable
উন্মোচন কৰা,Uncover
অনিৰ্ণায়ক,Undecidable
অসংজ্ঞায়িত,Undefined
অসংজ্ঞায়িত ৰেকৰ্ড,undefined record
বিলুপ্তি,Undelete
"1. জোৰ-জবৰদস্তি, 2. সমন্বয়ক, 3, সমন্বয়ক",Underscore
অনিৰ্দিষ্ট কৰা হৈছে,Undirected
"১.অনিৰ্দিষ্ট গ্ৰাফ, ২.অনিৰ্দিষ্ট গ্ৰাফ",undirected graph
একে দিশৰ সেৱাৰ সময়,undirectional service time
বাতিল কৰক,Undo
"1.অফৰ্মেট কৰা ডিস্ক, 2.অফৰ্মেট কৰা ডিস্ক",unformatted disk
মেপিং,Unicasting
"১.ইউনিকোড, ২.একক ক&#39;ড",Unicode
অনিৰ্দিষ্ট গছ,unidirected tree
সমান সম্পদ অৱস্থান মূল্যায়ক (YRL),uniform resource locator (URL)
এটা প্ৰচেছিং,Uniprocessing
অনন্য,Unique
অৰক্ষাহীন টুইষ্টেড ডাবলছ (UTP),unishielded twisted pair (UTP)
"১.ইউনিট, ২. সত্তা",Unit
ইউনিটৰ ঠিকনা,unit address
একক ব্যৱধান,unit interval
ইউনিট পৰীক্ষা,unit testing
ইউনিট ক&#39;ড,unitary code
এটা পোষ্ট,Uniterm
ইউনিভাৰ্চেল এছিংক্ৰ&#39;নাছ ৰিচিভাৰ/প্ৰেৰক (UART),universal asynchronous receiver/transmitter (UART)
ইউনিভাৰ্চেল ফ্লিপ-ফ্লপ,universal flip flop
সাধাৰণ গোট,universal set
সাৰ্বজনীন চৰিত্ৰৰ গোট,universtal character set
ইউনিক্স,Unix
বিপাশা,Unlock
অসংৰক্ষিত অঞ্চল,unprotected field
অসংৰক্ষিত ফাইল (ফাইল),unprotected file
অপ্ৰৱেশযোগ্য,Unreachable
অনাদৃত,Unshade
অসংৰক্ষিত,Unshielded
বিফল কল,unsuccessful call
untar,Untar
অসামঞ্জস্যতাসমূহ আপডেট কৰক,update anomalies
আপডেট কৰা ফাইল,updated file
নবীকৰণ,Updating
বিকশিত কৰা,Upgrade
বিকশিত কৰা,Upgrade
আপলিংক,Uplink
উচ্চ বোজা,Uploading
ওভাৰহেড মেমৰি এৰিয়া,upper memory area
"1. প্ৰতি প্ৰবাহত, 2. বিৰূপ",Upstream
অভাৰটাইম,Uptime
"১.উপৰ, ২.উপৰ, ৩.উপৰলৈ",Upward
"১.ইউজনেট, ২.ব্যৱহাৰ",Usenet
"১.নেট ব্যৱহাৰকাৰী, ২.ব্যৱহাৰকাৰী",User
ব্যৱহাৰকাৰী এজেন্ট,user agent
ব্যৱহাৰকাৰী প্ৰমাণীকৰণ,user authentication
ব্যৱহাৰকাৰী তথ্য পৰ্যবেক্ষণ প্ৰটোকল (UDP),user datagram protocol (UDP)
ব্যৱহাৰকাৰী অনুকূল,user friendly
ব্যৱহাৰকাৰী পৰিচয়,user identification
ব্যৱহাৰকাৰী পৰিচয় (UID),user identity (UID)
ব্যৱহাৰকাৰী আন্তঃপৃষ্ঠ,user interface
ব্যৱহাৰকাৰীৰ নাম,user name
"1. ব্যৱহাৰকাৰী আলেখ্যন, 2. ব্যৱহাৰকাৰী আলেখ্যন",user profile
কামৰ বস্তু,Utility
ইউটিলিটি চফ্টৱেৰ,utility software
"১.বৈধ, ২.বৈধ",Valid
"১বৈধকৰণ, ২.বৈধকৰণ",Validation
বৈধকৰণ প্ৰটোকল,validation protocols
বৈধকৰণ পৰীক্ষা,validation testing
"১.বৈধতা পৰীক্ষা, ২.বৈধতা পৰীক্ষা",validity check
মূল্যৱান নেটৱাৰ্ক (VAN),value added network (VAN)
মূল্যৱান পুনৰ বিক্ৰেতা (VAR),value added reseller (VAR)
মিছিং পইণ্ট,vanishing point
"১.বাষ্পৰ সামগ্ৰী, ২. ভাপ পাত্ৰ",Vapourware
ভ্যাৰিয়েন্স,Variable
ভেৰিয়েবল ঠিকনা,variable address
ভেৰিয়েবল বিট হাৰ,variable bit rate
ভেৰিয়েবল ক্ষেত্ৰৰ দৈৰ্ঘ্য,variable field length
"1.ভেৰিয়েবল লেংথ ক&#39;ড, 2.ভেৰিয়েবল লেংথ ক&#39;ড",variable length code
"১.চলকৰ নাম, ২.চলকৰ নাম, ৩.চলকৰ নাম",variable name
"1. চলক, 2. লৰৃ - চৰ হৈ থকা",Variale
ভেক্টৰ,Vector
"1.ভেক্টৰ গ্রাফিক্স, 2.ভেক্টৰ গ্রাফিক্স",vector grapdhics
ভেক্টৰ প্ৰচেছিং,vector precessing
ভেক্টৰাইজড ইন্টাৰপ্ৰট,vectored interrupts
ভেন ডায়াগ্ৰাম,venn diagram
পৰীক্ষণ আৰু বৈধকৰণ (V&amp;V),verification & validation (V&V)
ৰূপান্তৰ নিয়ন্ত্ৰণ,version control
"1.ৰূপান্তৰ সংখ্যা, 2.ৰূপান্তৰ সংখ্যা",version number
শীৰ্ষ,Vertex
উলম্ব প্ৰচেছৰ,vertical processor
চৰম সংহতি (VLSI),very large scale integration (VLSI )
অতি দীঘল নিৰ্দেশনা শব্দ (VLIW),very long instruction word (VLIW)
ভি এইচ ডি এল,VHDL
ভিডিঅ&#39; কেমেৰা,video camera
ভিডিঅ&#39; টেলিকনফাৰেন্স,video conferencing
ভিডিঅ&#39; প্ৰদৰ্শন টাৰ্মিনেল,video display terminal
"1.ভিডিঅ&#39; প্ৰদৰ্শন ইউনিট, 2.ভিডিঅ&#39; প্ৰদৰ্শন ইউনিট",video display unit
ভিডিঅ&#39; গেম,video game
ভিডিঅ&#39; গ্রাফিক এৰে (VGA),video graphic adaptor (VGA)
ভিডিঅ&#39; গ্রাফিক্স এৰে (VGA),video graphics adapter (VGA)
ভিডিঅ&#39; চাৰ্ভাৰ,video server
দৃষ্টি,View
ভিজুৱেল এপাৰচাৰ,view port
দৃশ্যমান দুৱাৰ,Viewport
ভাৰ্চুৱেল চাৰ্কিট,virtual circuit
ভাৰ্চুৱেল ফাংচন,virtual function
ভাৰ্চুৱেল মেমৰি,virtual memory
ভাৰ্চুৱেল ব্যক্তিগত নে&#39;টৱৰ্ক,virtual private network
ভাৰ্চুৱেল ৰিয়েলিটি,virtual reality
"১.ভাৰ্চুৱেল ৰিয়েলিটি, ২.ভাৰ্চুৱেল ৰিয়েলিটি",virtual reality
ভাৰ্চুৱেল মাৰ্কাৰ বাস্তৱ ভাষা,virtual reality markup language
ভাৰ্চুৱেল ৰিয়েলিটি মাৰ্কআপ ভাষা (VRML),virtual reality markup language (VRML)
ভাৰ্চুৱেল সংৰক্ষণ অভিগম পদ্ধতি,virtual storage access method
ভাৰ্চুৱেল সংৰক্ষণ ব্যৱস্থাপনা,virtual storage management
"১.ভাইৰাছ, ২.ভাইৰাছ",Virus
ভাইৰাছ ধৰা পেলোৱা,virus detection
"১.ভাইৰাছ প্ৰগ্ৰেম, ২.ভাইৰাছ প্ৰগ্ৰেম",virus programme
দৃশ্যমানতা,Visibility
দৃষ্টি,Vision
ভিজুৱেল বেচিক,visual basic
দৃশ্যমান C++,visual C++
"1.ভিজুৱেল ডিছপ্লে ইউনিট, 2.ভিজুৱেল ডিছপ্লে ইউনিট",visual display unit
অপাৰ্থিৱ,Vitual
ভাৰ্চুৱেল ঠিকনা,vitual address
ভাৰ্চুৱেল মেচিন (VM),vitual machine (VM)
"১.বাক্য, ২.বাক্য",Voice
"১.স্পীচ মেইল, ২.ভইচ মেইল",voice mail
স্পিচ মেইল চাৰ্ভাৰ,voice mail server
বাক্য চিনাক্তকৰণ,voice recognition
"১.স্পীচ নেট, ২.স্পীচ নেট",Voice-net
স্মৃতিশক্তি হেৰুৱাই পেলোৱা,volatile memory
ৱেফাৰ,Wafer
"১.ভইচ মেনেজাৰ, ২.ৱাইছ মেনেজাৰ",WAIS manager
wait end,wait die
ৱেইটিং কইল,wait wound
"১/ ওজনযুক্ত সংহিতা, ২) ওজনযুক্ত সংহিতা",waited code
ওজনযুক্ত গড়,waited mean
অপেক্ষাৰ সময়,waiting time
তৰংগ দিশ,wall grade
পুনৰ বলবৎ কৰা,warm restart
"1. বন্যাৰ্ত বেণ্ডৰ প্ৰস্থ, 2. বন্যাৰ্ত বেণ্ডৰ ক্ষমতা/প্ৰস্থ",waste band width
জলপ্ৰপাতৰ আৰ্হি,waterfall model
wavelet,Wavelet
ৱেভলেট ইমেজ কম্প্ৰেছন,wavelet image compression
ৱেভলেট ৰূপান্তৰ,wavelet transform
"১/ দুৰ্বল অস্তিত্ব, ২। দুৰ্বল শক্তি",weak entity
ৱেব,Web
ৱেব ঠিকনা,web address
ৱেব লিখা,web authoring
"১.ৱেব ব্ৰাউজাৰ, ২.ৱেব ব্ৰাউজাৰ",web browser
ৱেব পৃষ্ঠা,web page
ৱেব চাৰ্ভাৰ,Web server
ৱেবছাইট,web site
ৱেব সমৰ্থিত এপ্লিকেচনসমূহ,web-enabld application
ৱেব সমৰ্থিত,Web-enabled
"1.ওজনযুক্ত গ্ৰাফ, 2. ওজনযুক্ত গ্ৰাফ",weighted graph
সংযুক্ত,well connected
ভালদৰে বনোৱা সূত্ৰ,well formed formula
অৰ্ডাৰ কৰা ছেট,well ordered set
"humidor, ৱেটৱেৰ",Wetware
"1. হুইটষ্টোন ইণ্ডিকেটিভ ষ্টেণ্ডাৰ্ড, 2. হুইটষ্টোন বেঞ্চমাৰ্ক",wheatstone bench mark
"১.চকা, ২.চকা",Wheel
while লুপ,while loop
বগা বাকচৰ পৰীক্ষা,white box testing
"১.বগা,২.বগা পোহৰ",white light
বগা শব্দ,white noise
"ৱাইড এৰিয়া নেটৱৰ্ক (WAN, WAN)",wide area network (WAN)
বৃহৎ এলেকা নেটৱাৰ্ক (WAN),wide area network (WAN)
বহল বেণ্ড,wide band
"1.ৱাইল্ড কাৰ্ড, 2.ৱাইড কাৰ্ড",wild card
WIP,Wimp
টেবউইন ৱেব,win
জিপ জিপ,win zip
"১.উইণ্ড’, ২.উইণ্ড’, ৩.উইণ্ড’",Window
"১.খোলা,২.উইণ্ডো কৰা",Windowing
উইণ্ড’জ,Windows
উইণ্ড&#39;জ এক্সপ্ল&#39;ৰাৰ,windows explorer
উইণ্ড&#39;জ nt,windows NT
তাঁৰৰ ফ্ৰেমৰ মডেল,wire frame model
"তাঁৰ প্ৰিন্টাৰ, তাঁৰ প্ৰিন্টাৰ",wire printer
তাঁৰযুক্ত যুক্তি,wired logic
বেতাঁৰ নিষ্ঠা,wireless fidelity ( wi Fi)
বেতাঁৰ lan,wireless LAN
বেতাঁৰ সংক্ৰমণ,wireless transmission
উইজাৰ্ড,Wizard
"১.একাধিক, ২. শব্দ",Word
শব্দৰ চাবি,word key
শব্দৰ দৈৰ্ঘ্য,word length
শব্দমুখী,word oriented
ৱৰ্ড প্ৰচেছিং,word processing
ৱৰ্ড প্ৰচেছিং,word processing
ৱৰ্ড প্ৰচেছৰ,word processor
শব্দৰ আণ্ডাৰলাইন আখৰ,word underscore character
কাৰ্য্যপ্ৰবাহ ব্যৱস্থাপনা,work flow management
task গোট,work group
"১.কৰ্ম একক, ২.কৰ্ম একক",work unit
নিযুক্তিসমূহ,work volume
কাৰ্য্যবাহী ডাইৰেকটৰী,working directory
ৱৰ্ক ছেট,working set
কাৰ্যবাহী ষ্ট&#39;ৰ,working storage
কৰ্মশালা,Workshop
"1.ৱৰ্ক ষ্টেচন, 2.ৱৰ্ক ষ্টেচন",Workstation
বিশ্বৰ স্থানাংক,world co-ordinate
ৱৰ্ল্ড ৱাইড ৱেব (WWW),world wide web (WWW)
আটাইতকৈ বেয়া ক্ষেত্ৰৰ বিশ্লেষণ,worst case analysis
নূন্যতম যোগ্যতাসম্পন্ন এলগৰিদম,worst fit algorithm
ঘেৰাও,Wraparound
"১/ হাতৰ কব্জি গণনা, ২) হাতৰ কব্জি গণনা",wrist computing
"১.লিখাব পৰা, ২. লিখিব পৰা",Writable
লিখনি,Write
কেশ্ব লিখা,write cache
লিখাৰ চক্ৰ,write cycle
লিখাৰ চাবি,write key
"1. A লিখা, 2. পঢ়া চাবি (কৃমি)","write once, read more (WORM)"
লিখাৰ জিম্মাত,write protection
লিখা পঢ়াৰ মূৰ,write read head
x বা,X OR
এক্স-১২,X-12
x b m x বিট মেপ,XBM X bitmap
জিনিক্স,Xenix
x মডেম,Xmodem
X অন / X অফ,X-on/X-off
X টাৰ্মিনেল,X-terminal
"১.x লিখনী, ২.x লিখনী",Xtext
x-উইন্ডো,X-window
YACC (কম্পাইলাৰ),YACC
Yahoo,Yahoo
যোক,Yoke
z-বাফাৰ,Z-buffer
শূন্য ঠিকনা নিৰ্দেশনা,zero address instruction
শূন্য ফলন,zero function
শূন্য স্তৰৰ ঠিকনা,zero level address
"১.শূন্য মেট্ৰিক্স, ২.শূন্য মেট্ৰিক্স",zero matrix
void বাতিল,zero suppression
শূন্য অপেক্ষাৰ অৱস্থা,zero wait state
শূন্য-স্লট LAN,zero-slot LAN
জিপ/কম্প্ৰেছ,Zip
"1.সংকোচিত ক&#39;ড, 2.সংকোচিত ক&#39;ড",zip code
সংকোচিত ফাইল,zip file
সংকোচিত UPZ মডেম,zip UPZ modem
"১.জোন, ২.জোন",Zone
বৃত্ত তালিকা,zone list
"1.জুম, 2.আকাৰ বৃদ্ধি",Zoom
"১.বৃদ্ধি, ২.জুম-ইন",zoom in
আকাৰ হ্ৰাস কৰা,zoom out
জুমিং / আকাৰ বৃদ্ধি / আকাৰ বৃদ্ধি,Zooming
z-টাৰ্ম,Z-term
