Gujarati,Hindi
અજૈવિક પ્રજનન,अजीवात् जनन
પેરાનોર્મલ,अपसामान्य
1. ચોથું પેટ 2. Evomasome,1. चतुर्थ आमाशय 2. ऐवोमैसम
સ્ટોમેટલ વૃદ્ધિ અંગ,रुद्ध-वृद्धि अंग
રૂંધાયેલ વૃદ્ધિ બીજ,रुद्ध वृद्धि बीज
1. ગર્ભપાત 2. કસુવાવડ 3. વૃદ્ધિ પ્રતિકાર,1. गर्भपात 2. गर्भस्राव 3. वृद्धि विरोध
1. અનિચ્છનીય નીંદણ 2. સંપૂર્ણ નીંદણ,1. अवांछित अपतृण 2. पूर्ण खरपतवार
શોષિત કેશન,अवशोषित धनायन
શોષણ,अवशोषण
એબિસિનિયન મસ્ટર્ડ,ऐबिसिनी सरसों
1. એકેરિસાઇડ,1.एकेरेसनाशी 2. चिचड़ीनाशी
કેન્દ્રબિંદુ,अकेंद्री
એમ્પ્લીફિકેશન (કોષ),प्रवर्धन (कोशिका)
મંજૂર સહનશીલતા,स्वीकृत सह्यता
1. વધારાની 2. સહાયક 3. સહાયક,1.अतिरिक्त 2. सहायक 3. गौण
અનુકૂલન,पर्यनुकूलन
સંચય,संचय
1. શુષ્કતા 2. ચોકસાઇ,1.vयथार्थता 2. परिशुद्धता
1. એસેર્વ્યુલસ 2. સ્પોરોફાઇટ,1. एसर्वुलस 2. बीजाणुपात्र
1. એસિટાઈઝેશન 2. વિનેગર બનાવવું 3. એસિટિલેન,1. ऐसीटीकरण 2. सिरका बनाना 3. ऐसीटीलन
1. એસિડીકરણ 2. એસિડીકરણ,1. अम्लीकरण 2. अम्लन
1. એસિડિમીટર 2. એસિડિમીટર,1.अम्लतामापी 2. एसिडीमीटर
એસિડિટી,अम्लता
એસિડોફાઇલ,अम्लरागी
એસિડિફાઇડ રોક ફોસ્ફેટ,अम्लीकृत रॉक फॉस्फेट
એસિડિફાઇડ,अम्लसह
જલભર,जलभृत
સંપાદન,अधिग्रहण
એકર,एकड़
1. વિસ્તાર 2. વિસ્તાર,1.क्षेत्रफल 2. रकबा
અંતિમ બિંદુ રંગસૂત્ર,उपांत बिंदु क्रोमोसोम
આગળ દેખાતું,अग्राभिसारी
એક્રોસમ,ऐक्रोसोम
એક્ટિનોમીસેટ્સ,एक्टिनोमाइसिटीज
સક્રિય કોર,सक्रिय मूलक्षेत्र
1. ગુસ્સે 2. તીવ્ર,1.उग्र 2. तीव्र
અનુકૂલનક્ષમતા,अनुकूलनशीलता
કસ્ટમાઇઝેશન,अनुकूलन
1. સંલગ્નતા 2. સંલગ્નતા,1. आसंजन 2. अभिलाग
સેબેસીયસ,वसामय
ગોઠવણ સમીકરણ,समायोजन समीकरण
એડોબ માટી,ऐडोब मृदा
ભેળસેળ કરનાર,अपमिश्रक
એક્ટોપિક,अपस्थानिक
ઇસિડિયોસ્પોર ઇસિડિયમ બીજકણ,इसीडियोस्पोर इसीडियम बीजाणु
એરોડાયનેમિક પ્રક્રિયા,वातोढ़ प्रक्रिया
વેન્ટ્રલ,वातोढ़
વાયુયુક્ત કરવું,वातन करना
1. હવા 2. આકાશી,1. वायव 2. आकाशी
1. એરોમીટર 2. એરોમીટર 3. એરોમીટર,1. ऐरोमीटर 2. वायुमापी 3. वायुघनत्वमाप
એરોસોલ,ऐरोसोल
1. પુષ્પવૃત્તિ 2. ઉનાળાની નિષ્ક્રિયતા,1. पुष्पदलविन्यास 2. ग्रीष्मनिष्क्रियता
રોગનું વિજ્ઞાન,रोग हेतु विज्ञान
વનીકરણ,वनरोपण
1. આંદોલન 2. અશાંતિ,1. विलोडन 2. प्रक्षोभन
એગમાર્ક,ऐगमार्क
1. જમીન સંબંધિત 2. કૃષિ,1. भूमि संबंधी 2. कृषि संबंधी
કૃષિ ક્લિનિક,कृषि निदानालय
1. ખેત મજૂરી 2. ખેત મજૂરી,1. कृषि श्रम 2. खेतिहर मजदूर
કૃષિ માર્કેટિંગ,कृषि विपणन
કૃષિ ટેકનોલોજી,कृषि प्रद्योगिकी
1. કૃષિ 2. ખેતી 3. કૃષિ વિજ્ઞાન,1. कृषि 2. खेतीबारी 3. कृषि विज्ञान
કૃષિ વનસંવર્ધન,कृषि वनवर्धन
કૃષિ જૈવવિવિધતા,कृषि जैविक विविधता
કૃષિ કાર્બનિક ખામીઓ,कृषि जैविक दोष
કૃષિ જીવવિજ્ઞાન,कृषि जैविकी
કૃષિ-આબોહવાની વિવિધતા,कृषि जलवायुवीय विविधता
એગ્રોક્લાઇમેટિક ઝોનની રચના,कृषिजलवायुवीय जोन निर्माण
કૃષિ વનીકરણ,कृषिवानिकी
કૃષિ વિજ્ઞાન,सस्य मृदा विज्ञान
કૃષિવિજ્ઞાન,सस्य विज्ञान
કૃષિ પશુપાલન,कृषि पशुचारणिक
પાક પ્રક્રિયા,फसल प्रसंस्करण
ઘાસ વિજ્ઞાન,घास विज्ञान
પાકનો પ્રકાર,सस्य प्ररूप
એપિફાઇટ,अधिपादप
aikiochi માટી,ऐकिओची मृदा
રંગ અંધત્વ,वर्णकहीनता
આલ્ફીસોલ,एल्फिसॉल
શેવાળ,शैवाल
શેવાળ રોગ,शैवाल रोग
આલ્કલી પાણી,क्षार जल
આલ્કલાઇન,क्षारीय
વૈકલ્પિક,विकल्पी
એલેલો રસાયણશાસ્ત્ર,एलीलो रसायन
એલીલ,युग्मविकल्पी
એલોપથી,एलीलोपैथी
વેથી પાક,वीथी सस्यन
પૂર્ણતા,परनिषेक-फलता
ગર્ભાધાન,परनिषेचन
1. સાપેક્ષતા 2. એલોમેટ્રી,1. सापेक्षमिति 2. ऐलोमैट्री
મલ્ટીપ્લોઇડી,परबहुगुणित
1. પેરાઝીગોસિટી,1. परयुग्मन 2. अपायुग्लन
1. વૈકલ્પિક વર્ષ કાર્ય 2. વૈકલ્પિક કાર્ય,1. एकातंर वर्ष फलन 2. एकांतरित फलन
વૈકલ્પિક જમીનનો ઉપયોગ,वैकल्पिक भूमि उपयोग
પર્યાવરણ,परिवेश
સુધારક,सुधारक
મિટોસિસ,असूत्रीविभाजन
આમીન,ऐमीनन
એમોનિયન,अमोनियन
એમ્નિફરસ,अमोनीकारक
1. બિનઅસરકારક સ્વરૂપ 2. અરૂપી,1.अप्रभावी रूप  2.अरूपी
ઉભયજીવી મિશ્રણ,उभय मिश्रण
એમ્ફોટેરિક,उभयधर्मी
સંગ્રહ,उपचय
1. એનારોબિક 2. એનારોબિક સજીવો,1. अवायुजीव 2. अनाक्सी जीव
હેપ્લોઇડ,असुगुणित
કોણીય વાવેતર,कोणीय रोपण
પશુપાલન,पशुपालन
પ્રાણીના મળમૂત્ર,पशु उच्छिष्ट
જીવંત ઊર્જા,सजीव ऊर्जा
વિસંગત,असमगुणित
એક વર્ષ જૂનો છોડ,एकवर्षीय पादप
વાર્ષિક,वार्षिक
1. પરમાનંદ 2. ઉજાસ,1. परागोद्भव 2. प्रफुल्लन
એન્થ્રેક્સ,ऐन्थ्रेक्स
એન્થ્રોપોજેનિક પરિબળો,मानवजनिक कारक
અસ્તિત્વ,प्रतिजीविता
1. એન્ટિબાયોટિક 2. એન્ટિબાયોટિક,1.प्रतिजैविक2.  ऐन्टीबायोटिक
પ્રતિકૂળ,प्रतिकारक
એન્ટીઑકિસડન્ટ,प्रतिऑक्सीकारक
એન્ટિટોક્સિન,प्रतिआविष
રિંગ આંગળી,वलयिका
1. એફિડ 2. મહુ 3. ચેપા,1. ऐफिड 2. माहू 3. चेपा
ટોચની કળી,शीर्ष कलिका
ટોચની અસરકારકતા,शिखाग्र प्रभाविता
મધમાખી ઉછેર,मधुमक्खी पालन
અજાતીયતા,असंगजनन
એપોપ્ટોસિસ,एपोप्टोसिस
પરિશિષ્ટ,उपांग
ભૂખ લગાડનાર,क्षुधावर्धक
લાગુ,अनुप्रयुक्त
જળચર નીંદણ,जलीय खरपतवार
1. વૃક્ષ 2. વૃક્ષ નિવાસી,1. वृक्षीय 2. वृक्षवासी
શાખાઓ,शाखायन
પ્રોટોબોટનિકલ રેકોર્ડ્સ,आद्य वानस्पतिक अभिलेख
ઝોન નંબર,क्षेत्रांकड़
1. વિસ્તાર 2. વિસ્તાર,1. क्षेत्र 2. क्षेत्रफल
શુષ્ક ઇકોસિસ્ટમ,शुष्क पारितंत्र
કોટિલેડોન,बीजचोल
સૌરભ,सौरभ
સુગંધિત છોડ,सुगंधी पादप
સુગંધિત ચોખા,सुगंधित चावल
ઇક્ષુ પુષ્પન,इक्षु पुष्पन
એસેપ્ટિક,अपूति
1. એસેપ્ટિક 2. એસેપ્ટિક,1.अपूतित 2. अजर्म
અજાતીય પ્રજનન,अलैंगिक प्रवर्धन
કદ,आमाप
સંપત્તિ,परिसंपत्ति
1. એસિમિલેશન 2. એસિમિલેશન,1. स्वांगीकरण 2. आत्मसात्करण
1. એસોસિએશન 2. એસોસિએશન,1. साहचर्य 2. संघ
1. કૉલમ 2. અસ્પષ્ટતા,1. स्तंभक 2. कषाय
હેટરોઝાયગોસિટી,असूत्रयुग्मन
1. પૂર્વજ 2. એટાવિઝમ,1. पूर्वजता 2. ऐटाविज्म
કણ,कणित्र
1. પુષ્ટિ 2. ક્ષતિ,1.अपुष्टि 2. क्षीणता
સ્વ જોડી,स्वयुग्मन
ઓટોલિસિસ,स्वलयन
1. સ્વયંસ્ફુરિત ઓક્સિડેશન 2. સ્વયંસ્ફુરિત ઓક્સિડેશન,1. स्वतः उपचयन 2. स्वतः ऑक्सीभवन
સ્વ મલ્ટિપ્લેક્સ્ડ,स्वबहुगुणित
ઓક્સિન,ऑक्सिन
1. હચમચી 2. દેડકો,1. शूक 2. तूड़
દંડ વાયરસ,दंड विषाणु
1. બેસિલસ 2. બેસિલસ,1. दंडाणु 2. बैसिलस
1. બેક્ટેરિયા 2. બેક્ટેરિયા,1. जीवाणु 2. बैक्टीरिया
બેક્ટેરિયલ ઝેર,जीवाणु आविष
બગાસ,खोई
સરવૈયા,तुलन-पत्र
સંતુલિત ખાતરનો ઉપયોગ,संतुलित उर्वरक उपयोग
બાર ગ્રાફ,दंड आरेख
છાલ,छाल
1. બેરોમીટર 2. બેરોમીટર,1. वायुदाबमापी 2. बैरोमीटर
1. બઝર 2. જડ 3. ઉજ્જડ,1. बजर 2. अकृष्य 3. बांझ
1. આધાર 2. આધાર 3. કપંગ,1. आधार 2. बेस 3. कपांग
1. તાલા 2. બેસિન,1.थाला 2. द्रोणी
તલાબીસરી,तलाभिसारी
1. બેસિસ્ટર્નમ 2. રુટ ધારક,1. बेसिस्टर्नम 2. मूलाधारक
ગલ્ફ ચોમાસું,खाड़ी मानसून
ફળનો છોડ,फलदायी पौधा
પથારી,क्यारी
બેડ પ્લાન્ટ,क्यारी - पौधा
પથારી,क्यारी बनाना
બીટ દાળ,चुकंदर शीरा
બેલો,धौंकनी
1. પટ્ટી 2. ભૂપ્રદેશ,1. पट्टी 2. इलाका
નફો-ખર્ચ વિશ્લેષણ,लाभ-लागत विश्लेषण
મહત્વાકાંક્ષી (સેમ્પલિંગ),अभिनत (प्रतिचयन)
દ્વિવાર્ષિક છોડ,द्विवर्षीय पादप
દ્વિપદી,द्विपद
બાયોફેક્ટર,जैवकारक
જૈવિક આબોહવા,जीव जलवायु
જૈવ ઊર્જા,जैव ऊर्जा
પ્રાણીસૃષ્ટિ ઇકોલોજી,जीव पारिस्थितिकी
1. બાયો-પ્રોસેસર 2. બાયો-રિએક્ટર,1. जैव-प्रक्रियापात्र 2. बायो रिएक्टर
બાયોસ્ફિયર,जीव-मंडल
જૈવિક,जीवीय
પ્રાણીસૃષ્ટિ,जीव प्ररूप
ડિવિલિંગી,दविलिंगी
ધવલન,धवलन
1. પ્રધવાસન (રોગ) 2. ગસ્ટ રોગ,1.  प्रध्वसं (रोग) 2.  झोंका रोग
મિશ્રણ,संमिश्रण
1. અંગમારી (રોગ) 2. બ્લાઈટ (રોગ),1. अंगमारी (रोग) 2.  ब्लाइट (रोग)
1. ફોલ્લો 2. ફોલ્લો 3. ફાટી નીકળવો 4. ફોલ્લો,1. छाला 2. फफोला 3. उद्वर्त 4. ब्लिस्टर
વાદળી ક્રાંતિ,नीली क्रांति
પ્લાનર હીટિંગ ચેમ્બર,तलीय ताप चैंबर
પ્લાનર હીટિંગ ટેકનોલોજી,तलीय ताप तकनीक
થૂલું,चोकर
શાખાઓ,शाखन
1. ટ્વિગ 2. સબબ્રાન્ચ,1. टहनी 2. उपशाखा
જાતિ,नस्ल
પ્રજનન,प्रजनन
પ્રારંભિક અંકુરણ સારવાર,शीघ्र अंकुरण उपचार
1. બચ્ચા 2. ઇંડા 3. ગર્ભ,1. शाव 2. अंड 3. भ्रूण
ઉભરતા,कलिकायन
બજેટ,बजट
1.એમ્ફોટેરિક 2. બફર,1.उभयप्रतिरोधी 2. बफर
શક્કરિયા,शल्ककंद
બંટ (રોગ),बंट (रोग)
1. આડપેદાશ 2. આડપેદાશ,1. उपजात 2. उपोत्पाद
c ભેજ સ્પષ્ટીકરણ વળાંક,c नमी विशिष्टता वक्र
તેલ કેક,खली
1. ચૂનો 2. કેલ્શિયમ,1. चूनेदार 2.कैल्सियमी
કેલ્સિયન,कैल्सीयन
ફોસ્ફેટ દૂર કરવું,फॉस्फेट का निस्तापन
1. કિનાટા 2. કેલાટા,1. किणता 2. कैलसता
1.કેલસ 2. કિરણ,1.कैलस 2. किण
1. સેપલ્સ 2. કેલિક્સ,1. बाह्यदल पुंज 2.कैलिक्स
બહારનો છેડો,वाह्यदल अंत
એધા,एधा
કર્કશ (બેક્ટેરિયલ રોગ),कैंकर (जीवाणु रोग)
કેનિંગ,डिब्बाबंदी
આકાશ,वितान
ફાઇનાન્સ,पूंजी
પરાગનયન (અંજીરનું),परागण (अंजीर का)
1. કેપ્સ્યુલ 2. કેપ્સ્યુલ 3. કેપ્સ્યુલ,1. संपुट 2. संपुटिका 3. कैप्सूल
કાર્બનયુક્ત,कार्बोनीकृत
કાર્બનન,कार्बनन
કારાપેસ,अंडप
બંગડી,मणिबंध
1. કાસ્ટિંગ (લોખંડ) 2. ક્ષિપ્તિ (જંતુ),1. ढलाई (लोहे की) 2. क्षिप्ति (कीट)
અપચય,अपचय
પ્રેરિત,उत्प्रेरण
1. કેટરપિલર 2. કેટરપિલર,1. इल्ली 2. सूंडी
c ડી. એન. a સંગ્રહ,सी ड़ी. एन. ए. संग्रह
શ્રેણી,सीमा
1. સેલ 2. સેલ,1. कोशिका 2. कोष्ठिका
કેન્દ્રીય ફ્રન્ટ સિસ્ટમ,केंद्रीय अग्रग प्रणाली
1. બિંદુ 2. ફોકસ,1. सबिंदु 2. सकेंद्र
સેન્ટ્રીફ્યુગેશન,अपकेंद्रण
સેન્ટ્રીફ્યુજ,अपकेंद्रक
સ્ટાર સેન્ટર,तारककेंद्र
એપિજેનેટિક,केंद्रजनिक
કેન્દ્રજા,केंद्रजा
લૂમ,लूम
1. અનાજ 2. સીરીયલ,1. धान्य 2. सीरियल
1. પ્રમાણપત્ર 2. પ્રમાણપત્ર,1. प्रमाणीकरण 2. प्रमाणन
પ્રમાણિત બીજ,प्रमाणित बीज
1. સ્ટ્રો 2. કુટ્ટી 3. શલક સહપાત્ર,1. भूसा 2. कुट्टी 3. शल्क सहपत्र
1. નિભાગ 2. કૈલાજા,1. निभाग 2. कैलाजा
કીમોગ્રાફી,रसानुवर्तन
1. કિયાઝમા 2. વ્યસ્ત,1. किआज्मा 2. व्यत्यस्त
સુપરકૂલિંગ કલાકો,अतिशीतन घंटे
હિમ નુકસાન,शीतज क्षति
1. વિચિરોતકી 2. ચિમેરા,1.  विचित्रोतकी 2. काइमेरा
લીલો પોર્રીજ,हरित दली
1. પર્ણસમૂહ 2. લીલો,1. पर्णहरित 2. हरितक
સાયનોસિસ,हरिमाहीनता
જૈવિક વિતરણ વિજ્ઞાન,जीव वितरण विज्ञान
1. ક્રોમેટિડ 2. અર્ધ રંગસૂત્રો,1. क्रोमैटिड 2. अर्धगुणसूत्र
ક્રોમેટિન,क्रोमैटिन
ક્રોમેટોગ્રાફી,वर्णलेखन
ક્રોમેટિનલેશન,क्रोमोटिनलयन
ધમની બિંદુ,परिसूत्र बिंदु
ક્રોમેટોજેનેસિસ,वर्णजनन
1. ક્રોમોપ્રોટીન 2. પિગમેન્ટપ્રોટીન,1. क्रोमोप्रोटीन 2. वर्णकप्रोटीन
1. રંગસૂત્રો 2. રંગસૂત્રો,1. गुणसूत्र 2. क्रोमोसोम
1. ક્રોનિક 2. ક્રોનિક 3. ક્રોનિક 4. અપ્રચલિત,1. चिरकाली 2. दीर्घकाली 3. जीर्ण 4. पुराना
સાઇટ્રેન્જ,सिट्रेंज
પાનખર તહેવાર,पर्णाभपर्व
વર્ગીકરણ,वर्गीकरण
1. માટી 2. માટી,1.मृत्तिका 2. चिकनी मिट्टी
1. સફાઈ 2. સ્ક્રબિંગ 3. સફાઈ 4. શુદ્ધિકરણ,1. निर्मलन 2. मार्जन 3. सफाई 4.  शोधन
સતત પરાગનયન,अनुन्मील्य परागण
ક્રુસિફેરસ ફળ,क्रतिक श्वसनी फल
વાતાવરણ,जलवायु
આબોહવાશાસ્ત્ર,जलवायु विज्ञान
કાતર,कतरनी
ગઠ્ઠો (માટી),ढेला (मिट्टी का)
ક્લોન,क्लोन
1.વાદળો 2.વાદળો,1.मेघ 2. बादल
ઝુંડ,पुंज (क्लंप
ટોળું,गुच्छ
1. બરછટ 2. ખરબચડી 3. કાચી 4. ખરબચડી,1.स्थूल 2. मोटा 3. कच्चा 4. अपरिष्कृत
1. કવર 2. ચામડું,1. आवरण 2.  चर्मावरण
કોયા,कोया
1. કોએનઝાઇમ 2. કો-એન્ઝાઇમ,1. कोएन्जाइम 2. सह-एन्जाइम
સંયોગ,संसंजन
1. ફાઇબર (જ્યુટ જ્યુટ) 2. નારિયેળ બરછટ,1. रेशा (जूट पटसन) 2. नारियल जटा
મુલંકુર ચોલા,मूलांकुर चोल
,
કોલોઇડ (માટી),कोलॉइड (मृदा)
1.કૉલમ 2.કોલ્યુમેલા,1.स्तंभिका 2. कॉलुमेला
1. દંડ 2. કૉલમ 3. કૉલમ,1.दंड 2. स्तंभ 3. कॉलम
કોમ્યુનિયન,सहभोजिता
કોમર્શિયલ બેંક,वाणिज्यिक बैंक
1. કોમોડિટી 2. મર્ચેન્ડાઇઝ,1. जिंस 2. पण्य वस्तु
સમુદાય,समुदाय
કોમ્પેક્શન (માટીનું),संहनन (मृदा का)
1. સુસંગતતા 2. સુસંગતતા,1. सुसंगति 2. संगतता
સુસંગતતા,सुसंगतता
1. વળતર 2. વળતર,1. क्षतिपूर्ति 2. मुआवजा
સ્પર્ધાત્મક ક્રિયાપ્રતિક્રિયા,स्पर्धी अन्योन्यक्रिया
પૂરક પાક,पूरक सस्य
1.સંયુક્ત 2.જટિલ,1.सम्मिश्र 2. जटिल
ઘટક,घटक
રચના,संघटन
ખાતર,कंपोस्ट
સંયોજન વ્યાજ,चक्रवृद्धि ब्याज
ગણતરી,अभिकलन
1. કોમ્પ્યુટર 2. કોમ્પ્યુટર,1.अभिकलित्र 2.कंप्यूटर
1. એકાગ્રતા 2. એકાગ્રતા,1. सांद्रण 2. संकेद्रण
1. ઑપ્ટિમાઇઝર 2. રિવાઇટલાઇઝર,1. अनुकूलक 2. पुनरुद्धारक
વાહકતા,चालकता
1. રૂપરેખાંકન 2. રૂપરેખા,1. विन्यास 2. संरूपण
1. અનુરૂપતા 2. રૂપરેખાંકન 3. અનુરૂપતા,1. अनुरूपता 2. समविन्यास 3. संरूपता
1. એકીકરણ 2. હાઇબ્રિડાઇઝેશન,1.समाकुलन 2. संकरण
જોડાણ,संयुग्मन
1. એડિટિવ 2. કનેક્ટિવ,1. योजी 2. संयोजी
રક્ષણ,सरंक्षण
એકીકરણ,चकबंदी
1. ઘટક 2. ઘટકો,1.संघटक 2. अवयव
ઉપભોક્તા,उपभोक्ता
વપરાશ,उपभोग
દૂષણ,संदूषण
સમોચ્ચ વાવેતર,समोच्च रोपण
સમોચ્ચ રેખા,समोच्च रेखा
1. કોન્ટ્રાક્ટ ફાર્મિંગ 2. કોન્ટ્રાક્ટ ફાર્મિંગ 3. કોન્ટ્રાક્ટ ફાર્મિંગ,1.संविदा कृषि 2. ठेका कृषि 3. अनुबंधित खेती
નિયંત્રિત વાતાવરણીય સંગ્રહ,नियंत्रित वातावरणीय भंडारण
સહકારી બેંક,सहकारी बैंक
સહકારી મંડળીના સભ્ય,सहकारी संस्था सदस्य
ગુલમાવન,गुल्मवन
ક્યુબ્ડ,घनकंद
1. દાલપુંજ 2. કોરોલા,1.दलपुंज 2. कोरोला
1. કોર્ટેક્સ 2. કોર્ટેક્સ,1. वल्कुट 2. कोर्टेक्स
ખર્ચ,लागत
કોટિલેડોન,बीजपत्र
ક્રેડિટ કમિટી,ऋण समिति
1. ધિરાણ 2. ક્રેડિટ,1.उधार 2. साख
1. શાહુકાર 2. લેણદાર,1. ऋणदाता 2. लेनदार
1. ક્રેસ્ટ 2. શિરોબિંદુ 3. સ્પાયર,1.शिखा 2. शीर्ष 3. शिखर
પાછું ખેંચવું,व्याकुंचन
સમસ્યા,संकट
પરીક્ષણ,कसौटी
જટિલ,क्रांतिक
પાક વીમો,फसल बीमा
પાક લોન,फसल ऋण
1. પાક 2. પાક,1. सस्य 2. फसल
ખેતી વિસ્તાર,सस्यन क्षेत्र
ક્રોસ અસંગત,पार-असंगत
1. તાજ 2. શિખર (છોડ),1. मुकुट 2. शिखर (पादप)
નરમ કણો,मृदुकण
પોપડો,पपड़ी
1. ક્રિપ્ટોગમ 2. નોન-ફ્લોરીફોર્મ,1. क्रिप्टोगैम 2. अपुष्पीपादप
કાપણી (ફળ),छांटन (फल)
પેન,कल्म
કલ્ટીવાર વિવિધ,कृष्य किस्म
1. ટ્રેક્શન 2. ખેતી 3. ખેતી,1.कर्षण 2. कृषि 3. खेती
1. ખેડૂત 2. ખેડૂત,1.किसान 2. कल्टीवेटर (यंत्र)
1. ખેતી 2. ખેતી 3. ઉછેર,1.संवर्ध 2. संवर्धन 3. पालन
1.સંસાધન 2.તૈયારી,1.संसाधन 2.तैयार करना
1.કુંતલન 2.કુંચોન,1.कुंतलन 2. कुंचन
મુદ્રા,मुद्रा
1. બાહ્ય ત્વચા 2. ક્યુટિકલ,1. उपत्वचा 2. क्यूटिकल
1. પેન 2. કટિંગ 3. કટીંગ 4. કટીંગ 5. કટીંગ,1.कलम 2. कटाई 3. काटना 4.कटाग्र 5. कटावा
1. કૃમિ કોર્પસ 2. ફોલ્લો 3. ફોલ્લો 4. વિકૃત ગઠ્ઠો 5. નિયોપ્લાઝમ,1.कृमि कोष 2. सिस्ट 3. पुटी 4.विकृत गुल्म 5. रसौली
સાયટોક્રોમ,साइटोक्रोम
કોષ જોડાણ,कोशिका युग्मन
સેલ પ્રજનન,कोशिका जनन
સેલ જીનેટિક્સ,कोशिका आनुवंशिकी
સાયટોપ્લાઝમિક વિભાજન,कोशिका द्रव्य विभाजन
સેલ બાયોલોજી,कोशिका विज्ञान
સેલ લિસિસ,कोशिका लयन
1. સાયટોમેર 2. કોષ વિભાજન,1. साइटोमियर 2. कोशिका खंड
સાયટોપ્લાઝમ,कोशिका द्रव्य
1. ડેરી 2. ડેરી,1.डेरी 2. दुग्धशाला
ડેરી ઉદ્યોગ,डेरी उदयोग
1. ડેમ 2. સંવર્ધક,1. बांध 2. प्रजननी
ડે એબ્સોલ્યુટ પ્લાન્ટ,दिवस निरपेक्ष पादप
ફૂલો પછીનો દિવસ,पुष्पन के बाद दिन
સંપૂર્ણ ફૂલો પછીનો દિવસ,पूर्ण पुष्पन के बाद दिन
બિનકાર્યક્ષમતા,निष्पुष्पन
decalcification,विकैल्सीकरण
1. ડિસ્લોજ 2. ડિસ્લોજ,1. निथारना 2. निस्तारना
સડો,क्षय
પાનખર,पर्णपाती
1. દશાંશ 2. દશાંશ,1. दशमिक 2. दशमलव
હીનતા,न्यूनता
અનુરાન (માટી),अनूर्णन (मृदा)
વિપુષ્પન,विपुष्पन
બિલિંગ,विपत्रण
વનનાબૂદી,वनोन्मूलन
અપમાન,अपहासन
અધોગતિ,निम्नीकरण
ભાગ દિવસ,अंश दिवस
1. જથ્થો 2. ભાગ,1.मात्रा 2. अंश
અવક્ષય,स्फुटन
કુશ્કી દૂર કરવી,भूसी हटाना
કુશ્કી દૂર કરવી,भूसी हटाना
નિર્જલીકરણ,निर्जलीकरण
નિર્જળ,निर्जलकारित्र
માંગ,मांग
1. વિકૃતિકરણ 2. ગુણાકાર,1. विकृतीकरण 2. गुणनाशन
નિંદા,अनाच्छादन
1. થાપણ (માટી) 2. થાપણ (અર્થશાસ્ત્ર),1. निक्षेप (मृदा) 2. जमा (अर्थशास्त्र)
જમા,निक्षेपण
1. અવમૂલ્યન 2. અવમૂલ્યન,1. मूल्यहास 2.अवमूल्यन
ડિસેલિનેશન,विलवणीकरण
1. પાણી સુકાઈ જવું 2. નિર્જલીકરણ,1. जल शुष्कन 2. निर्जलीकरण
1. ડિઝાઇન 2. ડિઝાઇન,1.अभिकल्पना 2. डिजाइन
સુકા,शुष्कित्र
કર્નલ દૂર કરવું,गुठली निकालना
ડી-ઇન્ટરકલેશન,वि-अंतः भूस्तारीकरण
જોડાણ,वियुग्मन
1. પુરુષ મંજરી નિષ્કર્ષણ (મકાઈ) 2. બલ્લાર નિષ્કર્ષણ,1. नर मंजरी निकालना (मक्का) 2. बल्लर निकालना
બલ્લાર અથવા કુંદન કટીંગ,बल्लर या कुंदन को काटना
નિર્ધારક,निर्धारक
અવમૂલ્યન,अवमूल्यन
ડી-વનસ્પતિ,वनस्पतिरहित करना
વિચલન,विचलन
ડબલ,द्विक
નિદાન,निदान
વિવિધ પરિપક્વતા,भिन्नकाल पक्वता
વિભાજન,द्विभाजन
1. ડાઇકોટાઇલ્ડન 2. ડિકોટાઇલ્ડન (બીજ),1.दविबीजपत्री 2.डाइकोटिलेड़न (बीज)
પીઠનો રોગ,पश्चमारी (रोग)
1. પ્રસરણ 2. પ્રસરણ,1. विसरण 2. विसार
પાચનક્ષમતા,पाचनीयता
દ્વિસંકર,द्विसंकर
1. ડેમ 2. ડ્રેઇન 3. કુટુંબ,1. बांध 2. नाली 3. परिवाह
અલ્પ,तनु
1. મોનોગેમસ 2. મોનોગેમસ,1. एकलिंगाश्रयी 2. पृथक् लिंगी
ડિપ્લોઇડ,द्विगुणित
1. ડિપ્લોઇડ 2. ડિપ્લોઇડ,1. द्विगुणित 2. डिप्लॉइड
દ્વિધ્રુવ,द्विसूत्र
1. નિષ્કર્ષણ 2. બડ દૂર કરવું,1. निष्कलिकायन 2. कलिका निकालना
1. હળ ખેડવું 2. કાંતવું,1. तवेदार हल चलाना 2. चक्काकरण
ડિસ્કાઉન્ટ,छूट
જીવાણુ નાશકક્રિયા,रोगाणुनाशन
1. વિખેરવું 2. છૂટાછવાયા,1. परिक्षेपण 2. प्रकीर्णन
1.સ્કેટરિંગ 2.વિવિધતા,1.प्रकीर्णन 2.प्रसरण
વૈવિધ્યકરણ,विविधीकरण
વૈવિધ્યસભર કૃષિ,विविधीकृत कृषि
ડીએનએ પગલું,डी एन ए सोपान
ડીએનએ રીસીવર,डी.एन.ए. ग्राही
ગોદી ભાડે,गोदी-भाड़ा
અસરકારક,प्रभावी
નિષ્ક્રિયતા,प्रसुप्ति
1. જથ્થો 2. માત્રા 3. માત્રા,1. मात्रा 2. खुराक 3. डोज
ડબલ સિગ્મોઇડ વળાંક,दोहरा सिग्माभ वक्र
1. ગસ્ટ 2. સ્ટ્રેચ,1. झोंका 2. खिंचाव
1. એક્ઝોસ્ટ ડ્રેઇન 2. પ્રવાહ,1. निकास नाली 2. अपवाहिका
ડ્રેનેજ,जलनिकास
ટ્રેક્શન,कर्षण
1. દવા આપો 2. ભીંજાવો,1.दवा पिलाना 2. दवाई से तर करना
સૌંદર્ય પ્રસાધનો (બીજ),प्रसाधन (बीज)
1. ઓગર 2. છીછરા ફોલ્ટ 3. ડ્રીલ 4. ઓગર,1.बरमा 2. उथली भूल 3. ड्रिल 4. वपित्र
1. છિદ્ર 2. કવાયત 3. કવાયત,1.सूराख करना 2. बेधन 3. बरमाना
1. ડ્રિલિંગ 2. ડ્રિલ વડે વાવણી 3. ડ્રિલ વડે રેડવું,1.वेधना 2. ड्रिल से बोना 3. ड्रिल से डालना
ટપક સિંચાઈ,बूंद-बूंद सिंचाई
સૂકી ખેતી,शुष्क खेती
1.ધૂળ 2.બુકની,1.धूल 2. बुकनी
1. ડસ્ટર 2. સ્કેટરર,1.धूलित्र 2. प्रकीर्णक
છંટકાવ કરવા માટે,बुरकना
1. વામન 2. વામન,1. बौना 2. वामन
વામન પિરામિડ,वामन पिरामिड
વામિની ભવન,वामिनीभवन
ઇકોલોજી,पारिस्थितिकी
અર્થશાસ્ત્ર,अर्थमिति
આર્થિક કાર્યક્ષમતા,आर्थिक दक्षता
પરિસ્થિતિગત પ્રકાર,परिस्थितिक प्ररूप
વધારાનું સ્તરીકરણ,बहिःस्तरपोषित
નરમ,मृदीय
માટી વિજ્ઞાન,मृदा विज्ञान
1. બ્રિજિંગ 2. એજિંગ 3. સ્ટ્રાન્ડ ક્લોઝર,1. मेड़बंदी 2. किनारा बनाना 3. किनारा बंदी
ખોરાકનો ભાગ,खाद्य अंश
માંગની સ્થિતિસ્થાપકતા,मांग की लोच
ઉત્પાદન સ્થિતિસ્થાપકતા,उत्पादन लोच
વિદ્યુત વિચ્છેદન-વિશ્લેષણ,विद्युत्-अपघटन
ઇલેક્ટ્રોફોરેસિસ,वैद्युतकण-संचलन
બાષ્પીભવન,अवक्षालन
1. શિરચ્છેદ કરનાર 2. જંતુમુક્ત કરનાર 3. શિરચ્છેદ કરનાર 4. જંતુમુક્ત કરનાર,1.विपुंसीकारित्र 2. बंधकारित्र 3.विपुंसीकार 4. बंध्यकार
1. વિયર બંડી 2. સ્ટ્રોબંદી,1.मेड़ बंदी 2. डौलबंदी
ગર્ભ,भ्रूण
1. ગર્ભવિજ્ઞાન 2. ભૌતિકશાસ્ત્ર,1. भ्रूणविज्ञान 2. भौणिकी
1. બહાર નીકળો 2. બહાર નીકળો,1. निकलना 2. निर्गमन
ઇમલ્સિફાયર,पायसीकारक
અંતર્જાત,अंतर्जात
આંતર-બિંદુ વિભાગ,अंतः सूत्री विभाजन
આંતર-પરજીવી,अंतः परजीवी
એન્ડોસ્પર્મ,भ्रूणपोष
એન્ટરપ્રાઇઝ,उद्यम
કીટશાસ્ત્ર,कीटविज्ञान
પર્યાવરણ,पर्यावरण
1. એન્ઝાઇમ 2. એન્ઝાઇમ,1. प्रकिण्व 2. एन्जाइम
ક્લસ્ટર કલમ બનાવવી,दलपुंज कलमबंदी
1. એપિફાઇટ 2. એપિફાઇટ,1. अधिपादप 2. एपिफाइट
ઇક્વિટી,समानधारिता
નાબૂદી,उन्मूलन
આવશ્યક પોષક તત્વો,आवश्यक पोषक तत्व
1. માપન 2. જમ્પ 3. આકારણી,1. परिमापन 2. कूतना 3. आकलन
સુંદરતા,पांडुरता
સુજનનિક,सुजननिक
મૂલ્યાંકન,मूल्यांकन
વરાળ માપક,वाष्पनमापी
બાષ્પીભવન,वाष्पन-वाष्पोत्सर्जन
શાશ્વત ક્રાંતિ,सदाहरित क्रांति
1. સદાબહાર 2. સદાબહાર,1. सदाहरित 2. सदापर्णी
વિકાસ,विकास
કાપી નાખવું,उच्छेद करना
પરિક્ષય (ફર્ટિલિટી),परिक्षय (उर्वरता)
શોષણ,शोषण
1. અન્વેષણ 2. અન્વેષણ,1. खोज 2. अन्वेषण
1. ઉત્સર્જન 2. ઉત્સર્જન,1. बहिर्वेधन 2. उत्सारण
આંખ,आंख
1. પરિબળ 2. ઘટક 3. પરિબળ 4. સંસાધન,1. कारक 2. घटक 3. उपादान 4. साधन
પરિબળ ઉત્પાદકતા,कारक उत्पादकता
વેપારીનું ડિસ્કાઉન્ટ,आढ़तिये का बट्टा
ફેક્ટોરિયલ બ્લોક ડિઝાઇન,क्रमगुणित ब्लॉक डिजाइन
વૈકલ્પિક,विकल्पी
1. પટ્ટી 2. પાલિહાર,1. पड़ती 2. पलिहर
સ્થૂળ,कुल
ક્ષેત્ર મૂલ્યાંકન,प्रक्षेत्र मूल्यांकन
ફાર્મ બજેટિંગ,प्रक्षेत्र का बजट बनाना
કૃષિ વ્યવસાય,कृषि व्यवसाय
ક્ષેત્ર આયોજન,प्रक्षेत्र नियोजन
1. ખેડૂત 2. ખેડૂત,1. किसान 2. कृषक
1. ખેતી 2. ખેતી,1. कृषि 2. खेती
અથડામણ,संघट्टन
બહુવિધ સંવર્ધન,बहुप्रजनन
આથો,किण्वन
ફળદ્રુપતા,उर्वरता
ખાતર,उर्वरक
ખાતર ઉપયોગ કાર્યક્ષમતા,उर्वरक उपयोग दक्षता
તંતુમય,रेशेदार
1. ફાર્મ 2. વિસ્તાર 3. સ્થાન,1. खेत 2. क्षेत्र 3. स्थान
માટી પાણી હોલ્ડિંગ,मृदा जलधारिता
ક્ષેત્ર પ્રદર્શન,प्रक्षेत्र प्रदर्शन
1. સ્થિરીકરણ 2. ફિક્સેશન 3. ફિક્સેશન,1. स्थिरीकरण 2. यौगिकीकरण 3. निर्धारण
1. પાણી ભરવું 2. ગર્ભાધાન,1. आप्लावन 2. अधिसिंचन
પ્રવાહ રેખાકૃતિ,प्रवाह आरेख
ખોરાક મૂલ્ય,खाद्य मान
ચારો,चारा
આગાહી,पूर्वानुमान
વન,वन
વનીકરણ,वनरोपण
1. તડપાર્ન 2. ફોર્મ,1. ताड़पर्ण 2. प्रपर्ण
હિમ પ્રતિરોધક,तुषार रोधी
1. પાલા 2. બ્લાઈટ,1.पाला 2. तुषार
1. સ્થિર 2. સ્થિર,1. हिमशीतित 2. हिमीकृत
કાર્ય,फलन
1. ફ્રુટ ફોલ 2. ફ્રુટ ફોલ,1. फल पातन 2. फल का झड़ना
ફળ બની જાય છે,फल बनना
1. ધૂણી 2. ધૂણી,1. धूमन 2. धूम देना
ફૂગનાશક,कवकनाशी
ફૂગપ્રતિરોધી,कवकरोधी
ફૂગ,कवक
1. ખુદ 2. સીતા,1. खूड़ 2. सीता
1. ફ્યુઝન 2. ફ્યુઝન,1. संलयन 2. संगलन
કપાસ ઉન,रूआं
રુવાંટીવાળું,रोएंदार
1. ઝાડનું અલ્સર 2. પિટિકા,1. वृक्ष व्रण 2. पिटिका
1. ગેમેટ્સ 2. ગેમેટ્સ,1. युग्मक 2. गैमीट
1. બગીચો 2. બગીચો,1. उद्यान 2. बाग
1. પંસલ 2. હાઇડ્રોમીટર,1. पनसाल 2. जलमापी
જનીન સંગ્રહ,जीन संग्रह
જીન ટેગોન,जीन टैगन
વંશાવળી,वंशावली विज्ञान
જનીન નકશો,जीन मानचित्र
જીનેટિક્સ,आनुवंशिकी
1. જીનોમ 2. સંગેન,1. जीनोम 2. संजीन
સંજીની કલેક્શન,संजीनी संग्रह
જીનોમિક્સ,जीनोमिक्स
જીનોટાઇપ,जीनप्ररूपी
1. જનીન માળખું 2. જનીન પ્રકાર,1. जीनी संरचना 2. जीन प्ररूप
લિનેજ,वंश
1. જીનસ 2. વંશ,1. जीनस 2. वंश
1. જીવાણુ 2. જીવાણુ,1. रोगाणु 2. जर्म
જીવાણુનાશક,रोगाणुनाशी
અંકુરણ,अंकुरण
1. જર્મપ્લાઝમ 2. જર્મપ્લાઝમ,1. जननद्रव्य 2. जर्मप्लाज्म
ગીબેરેલિક એસિડ,जिबरेलिक अम्ल
ઉગાડવું,ओटना
ટશ,तुष
1. ગ્લુટેન 2. ખાઉધરાપણું,1. लसदार 2. ग्लूटिनी
ગ્લાયકોલિસિસ,ग्लाइकोलिसिस
સરસ,नाइस
સુવર્ણ ક્રાંતિ,स्वर्णिम क्रांति
1. વર્ગીકરણ 2. વર્ગીકરણ 3. સ્તરીકરણ,1. श्रेणीकरण 2. वर्गीकरण 3. स्तरीकरण
1. કલમી છોડ 2. પેનમ્બ્રલ પ્લાન્ટ,1. कलमबंद पादप 2. कलमी पौधा
પેન અસંગત,कलम असंगत
ગ્રેના,ग्रैना
દાણાદાર,कणिकायन
લીલું ખાતર,हरी खाद
હરિયાળી ક્રાંતિ,हरित क्रांति
વૃદ્ધિ અને વિકાસ,वृद्धि और परिवर्धन
1. ગમ રોગ,1. गोंद रोग 2. गोंदार्ति
વિષમલિંગી,भिन्नस्थ - उभयस्त्रीलिंगी
1. પ્રકૃતિ 2. પ્રકૃતિ 3. રૂપગુણ 4. દેખાવ,1. प्रकृति 2. स्वभाव 3. रूपगुण 4. स्वरूप
1. ઓલા 2. કરકપાટ 3. કાર્કા,1. ओला 2. करकापात 3. करका
રોમિલવોચ,रोमिलवैच
ખારા ફોલ્લો,लवणमृदोद्भिद्
હેરો,हैरो
1. હાર્વેસ્ટિંગ ઈન્ડેક્સ 2. હાર્વેસ્ટિંગ ઈન્ડેક્સ,1. तुड़ाई सूचकांक 2. कटाई सूचकांक
1. લણણી 2. લણણી કરેલ પાક 3. સમાપ્ત પાક 4. ઉપજ,1.कटाई 2. कटी फसल 3. तैयार फसल 4. उपज
1. તોડવું 2. લણણી 3. તોડવું,1. तोड़ना 2. कटाई 3. तुड़ाई
1. એગ લેઇંગ 2. એગ ફોર્સ,1. अंडे से निकलना 2. अंडा सेना
સૂકું ઘાસ,सूखी घास
શુષ્ક ફીડ,सूखा चारा
ગંજી,गंजी
ઝાકળ,धुंध
ધૂંધળું,धुंधता
1. બાલી 2. સિત્ત 3. મુંડક 4. ટોપ 5. હેડ 6. સિરા,1. बाली 2. सिट्टा 3.मुंडक 4. शीर्ष 5. सिर 6. सिरा
ખાંચનો અંત,सिरा (नाली का)
ટોચ કાપણી,शीर्ष छंटाई
વાડ,बाड़
કસ્ટડીમાં,अधिरक्षण
કુંડલિની,कुंडलिनी
હેમેટાઇટ,हेमैटाइट
1. ઔષધિ 2. ઔષધિ,1. शाक 2. बूटी
1.બોટનિકલ કલેક્શન 2.બોટનિકલ મ્યુઝિયમ,1.वनस्पति संग्रह 2. वनस्पति संग्रहालय
હર્બિસાઇડ,शाकनाशी
આનુવંશિકતા,आनुवंशिकता
આનુવંશિકતા,वंशागतित्व
ઉભયલિંગી,उभयलिंगी
હેટરોક્રોમેટિક,विषमवर्णी
હેટરોફર્ટિલાઇઝેશન,विषम-निषेचन
1. હાઇબ્રિડોઝ 2. હેટેરોસિસ,1. संकरओज 2. हेटेरोसिस
લૈંગિક રંગસૂત્રો,लिंगक्रोमोसोम
ઉછેર,परपोषित
હેક્સાડેસિમલ,षड्गुणित
ઠંડી નિષ્ક્રિયતા,शीत निष्क्रियता
ઉચ્ચ ઘનતા વાવેતર,उच्च सघनता रोपण
1. પિંડલક 2. ટેકરી (ડાંગર),1. पिंडलक 2. हिल (धान)
હિસ્ટોગ્રામ,आयतचित्र
ઉચ્ચ તકનીકી બાગાયત,उच्च तकनीकी औद्यानिकी
1. દહીં 2. મધપૂડો,1.करंड 2. छत्ता
1. નીંદણ 2. નીંદણ,1.गुड़ाई 2. गोड़ना
હોલ્ડિંગ,जोत
ખાનગી ફાર્મ,निजी फार्म
હોમિયોસ્ટેસિસ,समस्थिति
વતન,वासभूमि
એકરૂપતા,समांगता
1. સજાતીય 2. સજાતીય,1.सजातीय 2. समांगी
સહાનુભૂતિશીલ,समधर्मी
સજાતીય,समयुग्मज
1. ઘુર્લિકા 2. ખાદ્યપદાર્થો 3. હાપર,1.खुरलिका 2. खाद्यधानी 3. हापर
1. સ્તર 2. ક્ષિતિજ,1.संस्तर 2. क्षितिज
બાગાયતી પાક,औद्यानिक फसलें
1. બાગાયત 2. બાગાયત 3. બાગાયત 4. બાગાયત,1. उद्यान विज्ञान 2. बागवानी 3. उद्यान कृषि 4.औदयानिकी
