Hindi,Gujarati
रुद्ध-वृद्धि अंग,ગર્ભિત અંગ
रुद्ध वृद्धि बीज,ગર્ભિત બીજ
"गर्भपात, गर्भस्राव, वृद्धि विरोध",ગર્ભપાત
"अवांछित अपतृण, पूर्ण खरपतवार",પૂર્ણ નીંદણ
अवशोषित धनायन,સમારકામ
अवशोषण,સમાવેશ
ऐबिसिनी सरसों,એબિસિનિયન સરસવ
"एकेरेसनाशी, चिचड़ीनाशी",વાસ્તવિકતા
अकेंद्री,ઉચ્ચારણ
प्रवर्धन (कोशिका),ઉકાળો (કોષ)
स्वीकृत सहायता,સ્વીકૃત સહનશીલતા
"अतिरिक्त, सहायक, गौण",સહાયક
पर्यनुकूलन,સ્વાર્થીકરણ
संचय,સંચય
"यथार्थता, परिशुद्धता",ચોકસાઈ
"एसर्वुलस, बीजाणुपात्र",એકરખાંશ
"ऐसीटीकरण, सिरका बनाना",સુશોભિતતા
"अम्लीकरण, अम्लन",એસ્બરેશન
"अम्लतामापी, एसिडीमीटर",અમ્લમાપક
अम्लता,અમલ્ય
अम्लरागी,અમ્લ્ક
अम्लीकृत रॉक फॉस्फेट,એસિડ્યુલેટેડ રોક ફોસ્ફેટ
अम्लसह,કષ્ટાત્મક
जलभृत,પાણીમાં જતું
अधिग्रहण,સંપાદન
एकड़,એકર
"क्षेत्रफल, रकबा",એકર વિસ્તાર
उपांत बिंदु क्रोमोसोम,સંકુચિત રંગસૂત્ર
अग्राभिसारी,આછું
ऐक्रोसोम,આછક
एक्टिनोमाइसिटीज,કૃત્ય
सक्रिय मूलक्षेत्र,સક્રિય રુટ ક્ષેત્ર
"उग्र, तीव्र",તીવ્ર
अनुकूलनशीलता,અનુકૂલનક્ષમતા
अनुकूलन,અનુકૂલન
"आसंजन, अभिलाग, बन्ध",સંલગ્નતા
वसामय,ચરબીયુક્ત
समायोजन समीकरण,સમાયોજન સમીકરણ
ऐडोब मृदा,ગોરી માટી
अपमिश्रक,વ્યભિચાર
अपस्थानिक,આકસ્મિક
"एसीडियोस्पोर, एसीडियम बीजाणु",જાસૂસી
वातोढ़ प्रक्रिया,વાતજ પ્રક્રિયા
वातोढ़,વાતજ
वातन करना,હાથબદલો કરવો
"वायव, आकाशी",હવાઈ
"ऐरोमीटर, वायुमापी, वायुघनत्वमाप",વાયુવાસી
ऐरोसॉल,વિમાન
"पुष्पदलविन्यास, ग्रीष्मनिष्क्रियता",નિલાસ્ય
"रोग हेतु विज्ञान, व्याधिनिदान विज्ञान",એટીઓલોજી (ઇટીઓલોજી)
वनरोपण,વનીકરણ
"विलोडन, प्रक्षोभन",આંદોલન
"ऐगमार्क, कृष्यंक",ગુનો
"भूमी संबंधी, कृषि संबंधी",કૃષિ
कृषि निदानालय,કૃષિ ચિકિત્સક
"कृषि श्रम, खेतिहर मजदूर",કૃષિ -મજૂર
कृषि विपणन,કૃષિ
कृषि प्रद्योगिकी,કૃષિ પ્રૌ નગર
"कृषि, खेतीबारी, कृषि विज्ञान",કૃષિ
कृषि वनवर्धन,કૃષિવિજ્icultureાની
कृषि जैविक विविधता,કૃષિવિવિધિ
कृषि जैविक दोष,કૃષિવિજ્ologicalાનની ખામી
कृषि जैविकी,કૃષિવિજ્iologyાન
कृषि जलवायुवीय विविधता,કૃષિ વિવિધતા
कृषि जलवायुवीय क्षेत्रीकरण,કૃષિવિજ્ingાન
कृषि वानिकी,કૃષિ -પ્રવેશ
सस्य मृदा विज्ञान,કૃષિવિજ્ologyાન
सस्य विज्ञान,કૃષિવિજ્yાન
कृषि पशुचारणिक,જૂથબદ્ધ
फसल प्रसंस्करण,કૃષિ કે થાંભલા
घास विज्ञान,કૃષિવિજ્ologyાન
सस्य प्ररूप,કૃષિવંશ
अधिपादप,વિમાન
ऐकिओची मृदा,અકીયોચી માટી
"वर्णकहीनता, अवर्णता",માદા
एल्फिसॉल,ક alંગું
"शैवाल, काई",શેવાળ
शैवाल रोग,મૂર્ત રોગ
क्षार जल,ક્ષારયુક્ત પાણી
क्षारीय,ક્ષુદ્ર
विकल्पी,એલીલ
एलीलो रसायन,એલેલોકેમિકલ્સ
युग्मविकल्पी,એલેલોમોર્ફ
एलीलोपैथी,અખરોશ
वीथी सस्यन,એલી પાક
परनिषेक-फलता,ફાળવણી
परनिषेचन,સહ -સંબંધ
"सापेक्षमिति, ऐलोमैट्री",એલોમેટ્રી
परबहुगुणित,ફિલોપ્લોઇડ
"परयुग्मन, अपायुग्लन",એલોસિનાપ્સિસ (એલોસિન્ડિસિસ)
"एकातंर वर्ष फलन, एकांतरित फलन",વૈકલ્પિક બેરિંગ
वैकल्पिक भूमि उपयोग,વૈકલ્પિક જમીનનો ઉપયોગ
परिवेश,ઠેકડેલું
सुधारक,ઉદ્ધત
असूत्रीविभाजन,ક્ષુત્વ
ऐमीनन,મરણોત્તર
अमोनियन,ચંદ્ર
अमोनीकारक,એમોનિફાયર
"अप्रभावी रूप, अरूपी",આતુર
उभय मिश्रण,Amાળ
उभयधर्मी,અતિશય
उपचय,અનોખા
"अवायुजीव, अनॉक्सी जीव",એનોરોબ
असुगुणित,Anડતું
कोणीय रोपण,અંકિત -વાવેતર
पशुपालन,પશુપાલન
पशु उच्छिष्ट,પશુ ઇનકાર
सजीव ऊर्जा,સજીવ
असमगुणित,શિરદર્શક
एकवर्षीय पादप,વાર્ષિક પ્લાન્ટ
वार्षिक,વાર્ષિક
"परागोद्भव, प्रफुल्लन",કળશ
ऐन्थ्रेक्स,એક જાતની નશરીય
मानवजनिक कारक,માનવ -પરિબળ
प्रतिजीविता,એન્ટિબાઈસિસ
"प्रतिजैविक, ऐन्टीबायोटिक",એન્ટિબાઇટર
प्रतिकारक,મારોશત
प्रतिऑक्सीकारक,એન્ટી ox કિસડન્ટો
प्रतिआविष,પુષ્પ
वलयिका,હડંગું
"ऐफिड, माहू, चेपा",Apષધ
शीर्ष कलिका,ક budદડી
शिखाग्र प्रभाविता,મડાગાંઠ
मधुमक्खी पालन,માપી (મધમાખી રાખવી)
असंगजनन,અનુવાદ
एपोप्टोसिस,એપોપ્ટોસિસ
उपांग,સંલગ્ન
क्षुधावर्धक,મોહક
अनुप्रयुक्त,લાગુ કરવું
जलीय खरपतवार,જળચર નીંદણ
"वृक्षीय, वृक्षवासी",વૃક્ષને લગતું
प्रशाखायन,હવાઇકરણ
आद्य वानस्पतिक अभिलेख,સર્વસામાન્ય રેકોર્ડ
क्षेत्रांकड़,ક્ષેત્ર આંકડા
"क्षेत्र, क्षेत्रफल",વિસ્તાર
शुष्क पारितंत्र,શુષ્ક ઇકોસિસ્ટમ
"बीजचोल, बीजोपांग",અણીદાર
"सौरभ, सुवास",સુગંધ
सुगंधी पादप,સુગંધિત છોડ
सुगंधित चावल,સુગંધિત ચોખા
इक्षु पुष्पन,તંગર
अपूति,મહાપમાવર
"अपूतित, अज़र्म",ખસી
अलैंगिक प्रवर्धन,અજાતીય પ્રચાર
"आमाप, परख",પરાકાષ્ઠા
परिसंपत्ति,અસ્ક્યામત
"स्वांगीकरण, आत्मसात्करण",આત્મસાત
"साहचर्य, संघ",મંડળ
"स्तंभक, कषाय",આહલાદક
असूत्रयुग्मन,અસમપ્રાપ્ત
"पूर्वजता, ऐटाविज्म",તૃષ્ણા
कणित्र,અણમા
"अपुष्टि, क्षीणता",કૃશતા
स्वयुग्मन,સ્વતસ્તરી
स्वलयन,સ્વચાલનતા
"स्वतः उपचयन, स्वतः ऑक्सीकरण",સ્વચાલિત થાંભલા
स्वबहुगुणित,સ્વોલપ્લોઇડ
ऑक्सिन,Uxક્સિન્સ
"शूक, तूड़",AWN (બરછટ)
बादाम,બદામ
धीकुवार,કુંવાર
"चौलाई, रामदाना",અમરાન્થસ
अजवाइन,ક amંગું
"अंजन घास, धामन घास",અંજાન ઘાસ
एंथूरियम,ગૂંજ
आंवला,"ઓનલા, ભારતીય ગૂસબેરી"
सेब,સફરજન
खुबानी,દુર્દ્રાવી
"मोगरा, बेला",જાસ્મિન
सुपारी,અરેકા અખરોટ
अर्जुन,ખલાસી
हींग,અફેટીડા
पेठा,રાખ
अशोक,અશોક વૃક્ષ
दूधी,એશ્થમા નીંદણ (યુફોર્બિયા)
सतावर,શતાવરીનો શતાાયણ
अवोकाडो,એવોકાડો
"रिजक्रा, लूसर्न",અલ્ફાલ્ફા (લ્યુસર્ન)
चींटी,કીડી
"तेला, माहू",એફિડ
सैनिक कीट,સૈન્યમાં
कृषि अर्थशास्त्री,કૃષિ -અર્થશાસ્ત્રી
कृषि प्रसार विज्ञानी,કૃષિ વિસ્તરણવાદી
कृषि वैज्ञानिक,કૃષિ -વિજ્ scientાન
कृषि अभियंता,ખેતી ઈજનેર
कृषि जीवविज्ञानी,કેરોગવિજ્ologistાન
सस्य विज्ञानी,કૃષિવિજ્istાની
कृषि भौतिकीविद्,કૃષિવિજ્stાન
"प्राणि प्रजनक, पशु प्रजनक",પશુ સંવર્ધક
दंड विषाणु,બેસિલસ વાયરસ
"दंडाणु, बैसिलस",દંભ
"जीवाणु, बैक्टीरिया",જીવાત
जीवविष,કોઇ
खोई,મસાલા
"तुलन-पत्र, चिट्ठा",સરવૈયા
संतुलित निषेचन,શેતરાન
दंड आरेख,આકૃતિ
छाल,ભડકો
"वायुदाबमापी, बैरोमीटर",બાહુદ માળખાં
"बजर, अकृष्य, बांझ",ઉજ્જડ
"आधार, बेस, कपांग",પાયો
"थाला, द्रोणी",ઉજવણી
तलाभिसारी,બીક
"बेसिस्टर्नम, मूलाधारक",દરિયાકાંઠે
खाड़ी मानसून,ચોમાસા
फलदायी पौधा,પધ્ધદનો છોડ
क्यारी,પથારી
क्यारी - पौधा,ઘાને
क्यारी बनाना,નાળ
चुंकदर शीरा,બીટ દાળ
धौंकनी,ધૂન
"पट्टी, इलाका",બેલ્ટ
लाभ-लागत विश्लेषण,લાભ આપતી કિંમતે વિશ્લેષણ
अभिनत (प्रतिचयन),પક્ષપાતી (નમૂના)
द्विवर्षीय पादप,દ્વિવાર્ષિક
द्विपद,દ્વિપદી
जैवकारक,જૈવિક
जीव जलवायु,જૈવ
जैव ऊर्जा,બાયનર્જી
जीव पारिस्थितिकी,જીવવિજ્icsાન
"जैव-प्रक्रियापात्र, बायो रिएक्टर",બાયરોએક્ટર
जीव-मंडल,જીવશોષ
जैविक,જૈવિક
जीव प्रारूप,જંતુઓ
द्विलिंगी,દ્વિલિંગી
धवलन,નિસ્તેજ
"प्रध्वसं (रोग), झोंका रोग",વિનોદ
सम्मिश्रण,મિશ્રણ
"अंगमारी (रोग), ब्लाइट (रोग)",વાંક કા blવો
"छाला, फफोला, उद्वर्त, ब्लिस्टर",ફટકો
नीली क्रांति,ક્રાંતિ
तलीय ताप चैंबर,તળિયે ગરમીનો ઓરડો
तलीय ताप तकनीक,તળિય ગરમીની તકનીક
चोकर,ક brંગું
शाखन,શાખા
"टहनी, उपशाखा",શાખા -શાખા -શાખ્ય
नस्ल,ઉછેર
"प्रजनन, अभिजनन",ઉછેર
शीघ्र अंकुरण उपचार,કોઇ
"शाव, अंड, भ्रूण",ક brંગું
कलिकायन,જાંબુડી
बजट,અંદાજપત્ર
"उभयप्रतिरोधी, बफर",બફર
शल्ककंद,ગોળાકાર
"बंट (रोग), चोट",સંલગ્ન
"उपजात, उपोत्पाद",પેટા-પેદાશ
"बबूल, कीकर",બબુલ બાવળ
बेबी कॉर्न,બાળક મકાઈ
बेल,બેલ
लाजालु,બાલ
गुलमेंहदी,બાલસમ
बांस,વાંસ
केला,કરડ
बरगद,વડ નું વૃક્ષ
जौ,જવ
सावां,બાર્નેયાર્ડ બાજરી
तुलसी,એક જાતનો છોડ
रुद्राक्ष,બેસ્ટાર્ડ દેવદાર
बहेड़ा,બેસ્ટર્ડ માયરોબાલન
कचनार,બૌહિનીયા
कैफल,ખાડી
सेम,બીન
चुकंदर,સલાદ
बेलाडोना,બાલ્ટડોન્ના
बेर,બેવકૂફ
बरसीम,ઠપકો આપવો
पान,સોપારી
बिलिंबी,બિલોમ્બી
करेला,કડવી દારૂ
उड़द,કાળો ગ્રામ
मकोय,કાળી નાઈટશેડ
बोगेनविलिया,બોગૈનવિલે
बोटल ब्रश,બોટ
लौकी,બોટલ ગોળા
"चीकदी, पापरी",બ boxટ -ઝાડ
ब्रेड फ्रूट,બ્રેડ ફળો
डेला,લગ્ન સમારંભ
बैंगन,શોરબકોર
"बाकला, चौड़ी बीन",વ્યાપક બીન
ब्रोकोली,કોતરણી
ब्रुसेल्स स्प्राउट,બ્રસેલ્સ sprout
कुटू,બિયાં સાથેનો દાણો
"पलाश लता, किंशुक",Butોરિયા
घूंस,એક જાતની નાની ભડકી
भालू,સહન કરવું
भृंग,ભમરો
फफोला भृंग,ફોલ્લો ભમરો
नील गाय,વાદળી બળદ
कपास की सूंड़ी,Bણપત્ર
तितली,બ butterટરફ્લાય
जीवाणु विज्ञानी,જીવાણુવિજ્ologistાની
जैव रसायनविद्,જૈવ રસાયણાકાર
जीव विज्ञानी,જીવવિજ્ologistાન
जैव प्रौद्योगिकीविद्,જીવવિજ્ologistાની
वनस्पतिविद्,વનસ્પતિશાસ્ત્ર
c नमी विशिष्टता वक्र,સી ભેજ લાક્ષણિકતા વળાંક
खली,કેક
"चूनेदार, कैल्सियमी",ગુણવાળું
कैल्सीयन,ચુન્યાસ
फॉस्फेट का निस्तापन,ફોસ્ફેટનું ગણતરી
"किणता, कैलसता",ઉશ્કેરાટ
"कैलस, किण",ક callલસ
"बाह्यदल पुंज, कैलिक्स",Calાળ
बाह्यदल अंत,ક calલિક્સનો અંત
एधा,કણસ
कैंकर (जीवाणु रोग),ક canંગું
डिब्बाबंदी,ડબ્બા
वितान,છત્ર
पूंजी,પાટનગર
परागण (अंजीर का),કરચલીકરણ
"संपुट, संपुटिका, कैप्सूल",ક capંગલ
कार्बोनीकृत,કાર્બન
कार्बनन,કાર્બનલાઇઝેશન
अंडप,કળ
मणिबंध,કળશ
"ढलाई (लोहे की), क्षिप्ति (कीट)",કિલ્લો
अपचय,વિસર્જન
उत्प्रेरण,ઉદ્દીપન
"इल्ली, सूंडी",ઈયળ
C- डीएनए संग्रह,સી-ડી.એન.એ.
सीमा,છત
"कोशिका, कोष्ठिका",ઓરડું
केंद्रीय अग्रलेख प्रणाली,કેન્દ્રીય નેતા પદ્ધતિ
"सबिंदु, सकेंद्र",કેન્દ્ર બનાવવી
अपकेंद्रण,કેન્દ્રો
अपकेंद्रित,કેન્દ્ર
तारककेंद्र,કેન્દ્ર
केंद्रजनिक,કેન્દ્રોવાળું
केंद्रजा,કેન્દ્રો
लूम,કરકસર
"धान्य, सीरियल",ધારણ
"प्रमाणीकरण, प्रमाणन",પ્રમાણપત્ર
प्रमाणित बीज,પ્રમાણિત બીજ
"भूसा, कुट्टी, शल्क सहपत्र",કણ
"निभाग, कैलाजा",ચલાઝા
रसानुवर्तन,વાદળવિજ્ismાન
"काएज्मा, व्यत्यस्त",જાંબુડિયા રંગ
द्रुतशीतन घंटे,ઠંડક કલાકો
शीतज क्षति,ઠંડક ઇજા
"विचित्रोतकी, किमेरा",તંગ
हरित दली,કળ
"पर्णहरित, हरितक",હરિતદ્રવ્ય
हरिमाहीनता,હરિતદ્રવ્ય
जीव वितरण विज्ञान,હરિતદ્રવ્ય
"क्रोमैटिड, अर्धगुणसूत्र",ક્રોમેટિડ
क्रोमैटिन,ક્રોમટિન
वर्णलेखन,ક્રોમશલિઓ
क्रोमोटिनलयन,ક્રોધિતતા
परिसूत्र बिंदु,ક્રોમોસેન્ટ્રી
वर्णजनन,ક્રોમતત્વ
"क्रोमोप्रोटीन, वर्णकप्रोटीन",રંગભૂમિ
"गुणसूत्र, क्रोमोसोम",રંગબેરંગી
"चिरकाली, दीर्घकाली, जीर्ण, पुराना",કાયમી
सिट्रेंज,સિત્તર
पर्णाभपर्व,કવડો
वर्गीकरण,વર્ગીકરણ
"मृत्तिका, चिकनी मिट्टी",માટી
"निर्मलन, मार्जन, सफाई, शोधन",સફાઈ
"अनुन्मील्य परागण, स्वपरागण",રોટી
क्रांतिक श्वसनी फल,ઘાતકી ફળ
जलवायु,વાતાવરણ
जलवायु विज्ञान,આબોહવાવિજ્ologyાન
कतरनी,જાડું
ढेला (मिट्टी का),ગાલ
"क्लोन, कृन्तक",ક્લોન
"मेघ, बादल",વાદળ
"पुंज (क्लंप, संपुंजन)",ઝગડો
गुच्छ,ઝગડો
"स्थूल, मोटा, कच्चा, अपरिष्कृत",બરછટ
"आवरण (बीज़), चर्मावरण",કોટ (બીજ)
कोया,કોપરો
"कोएन्जाइम, सह-प्रकिण्व",કોનઝાઇમ
संसंजन,સુશોભન
"रेशा (जूट पटसन), नारियल जटा",Coાંકણ
मूलांकुर चोल,કોયડો
"स्तंभमूलसंधि, कॉलर, ग्रीवा",કોઠાર
कोलॉइड (मृदा),કોલોઇડ (માટી)
"स्तंभिका, कॉलुमेला",જાંબુડિયા રંગનું બનેલું
"दंड, स्तंभ, कॉलम",કોલમ
सहभोजिता,સંપ્રદાય
वाणिज्यिक बैंक,વેપારી બેંક
"जिंस, पण्य वस्तु",કોડ્યુ
समुदाय,સમુદાય
"संहनन, (मृदा का)",કોમ્પેક્શન (માટીનું)
"सुसंगति, संगतता",સુસંગતતા
सुसंगतता,સુસંગતતા
"क्षतिपूर्ति, मुआवजा",વળતર
स्पर्धी अन्योन्यक्रिया,સ્પર્ધાત્મક ક્રિયાપ્રતિક્રિયા
पूरक सस्य,પૂરક પાક
"सम्मिश्र, जटिल",સંકુલ
घटक,ઘટક
संघटन,-નું જોડાણ
कंपोस्ट,કંપોસ્ટ
चक्रवृद्धि ब्याज,સંયોજન વ્યાજ
अभिकलन,ગણતરી
"अभिकलित्र, कंप्यूटर",કોમ્પ્યુટર
"सांद्रण, संकेद्रण",એકાગ્રતા
"अनुकूलक, पुनरुद्धारक",શરત
चालकता,વાહકતા
"विन्यास, संरूपण",ગોઠવણી
"अनुरूपता, समविन्यास, समरूपता",સુસંગતતા
"समाकुलन, संकरण",મૂંઝવણભર્યું
संयुग्मन,જોડાણ
"योजी, संयोजी",સંબંધક
सरंक्षण,સંરક્ષણ
चकबंदी,એકીકરણ
"संघटक, अवयव",ઘટ
उपभोक्ता,ગ્રાહક
उपभोग,વપરાશ
संदूषण,દૂષણ
समोच्च रोपण,સમોચ્ચ વાવેતર
समोच्च रेखा,સમતૈલી
"संविदा कृषि, ठेका कृषि, अनुबंधित खेती",કરાર -ખેતી
नियंत्रित भंडारण,નિયંત્રિત સંગ્રહ
सहकारी बैंक,સહકારી બેંક
सहकारी संस्था सदस्य,ભૌતિક
गुल्मवन,ક copંગું
घनकंद,કોતર
"दलपुंज, कोरोला",કોથળી
"वल्कल, कॉर्टेक्स",કોતરણી
लागत,ખર્ચ
बीजपत्र,કોટિલેડોન (બીજ)
ऋण समिति,ધિરાણ મંડળી
"उधार, साख",જમા
"ऋणदाता, लेनदार",લેણદાર
"शिखा, शीर्ष, शिखर",ખરબચડું
व्याकुंचन,કરચલી
संकट,સંકટ
कसौटी,માપદંડ
"क्रांतिक, विकट, नाजुक",વિવેકી
फसल बीमा,પાક વીમો
फसल ऋण,પાક -લોન
"सस्य, फसल",પાક
सस्यन क्षेत्र,પાક વિસ્તાર
पार-असंगत,વળગાડ
"मुकुट, शिखर (पादप)",તાજ (છોડ)
मृदुकण,ભડકો
पपड़ी,બંદર
"क्रिप्टोगैम, अपुष्पीपादप",ગુપ્ત
छांटन (फल),કુલ (ફળો)
"कल्म, वेणुकाण्ड",ક culંગું
कृष्य किस्म,ખેડૂત
"कर्षण, कृषि, खेती",ખેતી
"किसान, कल्टीवेटर (यंत्र)",ખેડૂત
"संवर्ध, संवर्धन, पालन",સંસ્કાર
"संसाधन, तैयार करना",ઉપચાર
"कुंतलन, कुंचन",કરચલી
मुद्रा,ચલણ
"उपत्वचा, क्यूटिकल",પહાડીચણો
"कलम, कटाई, काटना, कटाग्र, कटावा",કાપવા
"कृमि कोष, सिस्ट, पुटी, विकृत गुल्म, रसौली",કોતરણી
साइटोक्रोम,કોયડો
कोशिका युग्मन,ચિત્ત્રમણિકા
कोशिका जनन,ચક્રાક્રમ
कोशिका आनुवंशिकी,સાયટોજેનેટિક્સ
कोशिका द्रव्य विभाजन,ચિત્તભ્રમ
कोशिका विज्ञान,મનોહરવિજ્ cyાન
कोशिकाविघटन,કોયતરો
"साइटोमियर, कोशिका खंड",કોથળી
कोशिका द्रव्य,કોયડો
बंदगोभी,કોબી
नागफनी,કactક્ટસ
ज़रगुल,ક calંડન
"गिल्ली डंडा, गेहूं का मामा",કેનેરી ઘાસ (ફાલારિસ)
कैना,ઝેર
करीर,કળણ
शिमला मिर्च,ક capંગિકમ
कमरख,કોથળી
पुसुर,કાર્પા
इलाइची,ઇલાયચી
कार्नेशन,સંતાડ
गाजर,ગાજર
काजू,કાજુ
अमलतास,કાસિયા
अरंडी,એરપોર
फूलगोभी,ફૂલકોબી
सेलेरी,કચુંબરની વનસ્પતિ
चम्पा,ચેમ્પ
बथुआ,ચેતાન
चेरी टमाटर,ચેરી ટમેટા
चेरी,ચેરી
चना,"ચણા, ગ્રામ"
मिर्च,મરચાં
काकड़ा,ચાઇના ટર્પેન્ટાઇન ટ્રી
लौकू,ચો-ચો
गुलदाउदी,ક્રાયસન્થેમમ
चिचोड़ा,"ચુફા, પૃથ્વી બદામ"
"चिकोरी, कारनी",ચિત્ત
दालचीनी,તજ
सिट्रोन,સિટ્રોન
गंजनी,સિટ્રોનેલા ઘાસ
मालती,ચ bingતી જાસ્મિન
लौंग,ફાટવું
ग्वार बीन,કલગીર બીન
कहवा,કોકો
नारियल,નારિયેળ
कॉफी,કોફી
पत्थरचूर,કોલસ
अरबी,કોલોકસિયા
इंद्रायन,"કોલોસિન્થ, કડવો સફરજન"
जंगली पालक,સામાન્ય પરત
धनिया,કોથમીર
कपास,સુતરાઉ
लोबिया,કોથળી
कबाब-चीनी,ઘનબી
खीरा,કાકડી
कद्दूवर्गीय,કકર્બિટ્સ
जीरा,જીરું
करी पत्ता,પર્ણ
शरीफा,સીતાફળ
पुटिका वेधक,કોઇ
इल्ली,કેટરપિલર
सिट्रस साएला,સાઇટ્રસ સાયલ્લા
झींगर,ક્રિકેટ
कौआ,તારવું
कटुआ,કૃમિ
"डेरी, दुग्धशाला",ડેરી
डेरी उद्योग,ડેરીંગ
"बांध, प्रजननी",ડામ
दिवस निरपेक्ष पादप,તટસ્થ
पुष्पन के बाद के दिवस,ફૂલો પછીના દિવસો
पूर्ण पुष्पन के बाद के दिवस,સંપૂર્ણ મોર પછીના દિવસો
निष्पुष्पन,ભિન્ન
विकैल्सीकरण,છળ
"निथारना, निस्तारना",ડોકટ
क्षय,સડો
पर्णपाती,નિર્ણાયક
"दशमिक, दशमलव",દશાંશ
न्यूनता,ઉણલી
"अनूर्णन (मृदा), वि-उर्णन",ડિફ્લોક્યુલેશન (માટી)
विपुष्पन,ઉન્મત્ત
विपत्रण,અસ્થિરતા
वनोन्मूलन,વન -નાબૂદી
"अपह्रासन, अपकर्षण",અધ degપન
निम्नीकरण,અધોગતિ
अंश दिवस,ડિગ્રી દિવસ
"मात्रा, अंश",પ્રમાણ
स्फुटन,વિકૃત
भूसी हटाना,ઉદ્ધત
भूसी हटाना,ધ્રુવીય
निर्जलीकरण,નિર્જલીકરણ
निर्जलकारित्र,નિર્જૃપક
मांग,માંગ
"विकृतीकरण, गुणनाशन",પ્રાણઘાતક
अनाच्छादन,ખોટો ઉપયોગ
"निक्षेप (मृदा), जमा (अर्थशास्त्र)",થાપણ
निक्षेपण,જુબાની
"मूल्यह्रास, अवमूल्यन विलवणीकरण",ઘસૃષ્ટિ
"जल शुष्कन, निर्जलीकरण",અવ્યવસ્થા
"अभिकल्पना, डिजाइन",આચાર
शुष्कित्र,બેસાડનાર
गुठली निकालना,ખામી
वि-अंतः भूस्तारीकरण,આછું
वियुग्मन,દેશી
"नर मंजरी निकालना (मक्का), बल्लर निकालना",ખાદ્ય પદાર્થ
बल्लर या फुंदन को काटना,અસ્થિર
निर्धारक,નિર્ધારક
अवमूल्यन,અવમૂલ્યન
वनस्पतिरहित करना,નીરસ
विचलन,વિચલનો
द्विक,નિષ્ઠુર
निदान,નિદાન
भिन्नकाल पक्वता,દ્વિ -દખલ
द्विभाजन,અલગ -અલગ
"द्विबीजपत्री, डाइकोटिलेड़न (बीज)",ડિકોટિલેડોન (બીજ)
पश्चमारी (रोग),પાછા ડાઇ (રોગ)
"विसरण, विसार",પ્રસાર
पाचनीयता,પાચનત્વ
द्विसंकर,દિગ્ગજ
"बांध, नाली, परिवाह",ડાઇક (ડાઇક)
तनु,પાતળું
"एकलिंगाश्रयी, पृथक् लिंगी",દ્વેષી
द्विगुणित,રાજદ્રોહ
"द्विगुणित, डिप्लॉइड",રાજદ્રોહ
द्विसूत्र,રાજદ્રોહ
"निष्कलिकायन, कलिका निकालना",અવજ્ disા
"तवेदार हल चलाना, चक्काकरण",ઠપકો
छूट,છૂટ
रोगाणुनाशन,જીવાલો
"परिक्षेपण, प्रकीर्णन",વિક્ષેપ
"प्रकीर्णन, प्रसरण",પ્રસાર
विविधीकरण,વૈવિધ્ય
विविधीकृत कृषि,વૈવિધ્યપૂર્ણ ખેતી
डीएनए सोपान,ડીએનએ સીડી
डीएनए ग्राही,ડીએનએ રીસેપ્ટર
गोदी-भाड़ा,ગોળાકાર
प्रभावी,પ્રભુત્વપૂર્ણ
प्रसुप्ति,નિષ્ક્રિયતા
"मात्रा, खुराक, डोज",માત્રા
दोहरा सिग्माभ वक्र,ડબલ સિગ્મ id ઇડ વળાંક
"झोंका, खिंचाव",ડ્રાફ્ટ (ડ્રાફ્ટ)
"निकास नाली, अपवाहिका",ગટર
जलनिकास,ગટર
कर्षण,ખેંચાણ
"दवा पिलाना, दवाई से तर करना",ભીડિયું
प्रसाधन (बीज),ડ્રેસિંગ (બીજ)
"बरमा, उथली भूल, ड्रिल, वपित्र",ડ્રિલ (એન.)
"सूराख करना, बेधन, बरमाना",ડ્રિલિંગ (એજી. એન્જીજી)
"वेधना, ड्रिल से बोना, ड्रिल से डालना",ડ્રિલિંગ (કૃષિવિજ્) ાન)
बूंद-बूंद सिंचाई,ટીપું સિંચાઈ
शुष्क खेती,સૂકરાની ખેતી
"धूल, बुकनी",ધૂળ
"धूलित्र, प्रकीर्णक",ડસ્ટર
बुरकना,ધૂમ્રપાન
"बौना, वामन",વામન
वामन पिरामिड,વામન પિરામિડ
वामिनीयन,વામન
गुलबहार,ડેઝી
खजूर,તારીખ
दिन का राजा,જાસ્મિન
सोया,સુવાદાણા
दीनानाथ घास,દંડ
अमरबेल,ઘા
दूब घास,"ડૂબ ઘાસ, બર્મુડા ઘાસ"
छोंकर,ભડકો
सौंठ,સૂકા આદુ
पत्तियां खाने वाला भृंग,અછડતી ભમરો
नर मधुमक्खी,ડ્રોન
बत्तख,બતક
पारिस्थितिकी,પરિસ્થિતિવિજ્ologyાન
अर्थमिति,અર્થશાસ્ત્ર
आर्थिक दक्षता,આર્થિક કાર્યક્ષમતા
पारिस्थितिक प्ररूप,પર્યાવરણ
बहिःस्तरपोषित,શિષ્ટાચારને લગતું
मृदीय,શેખીને લગતું
मृद विज्ञान,પદવિજ્ologyાન
"मेड़बंदी, किनारा बनाना, किनारा बंदी",ધાર
खाद्य अंश,ખાદ્ય ભાગ
मांग की लोच,સ્થિતિસ્થાપકતા
उत्पादन लोच,સ્થિતિસ્થાપકતા
विद्युत्-अपघटन,વિદ્યાપમાણ
वैद्युतकण-संचलन,વિદ્યુતપ્રવાહ
अवक्षालन,નિરુત્સાહ
"विपुंसीकारित्र, बंधकारित्र, विपुंसीकार, बंध्यकार",છાતીવાળું
"मेड़ बंदी, डौलबंदी",પાંુમાદ
भ्रूण,ભ્રમણ
"भ्रूणविज्ञान, भ्रौणिकी",ગર્ભવિજ્ embાન
"निकलना, निर्गमन",આતુરતા
पायसीकारक,પ્રવાહી ભ્રષ્ટ વ્યક્તિ
अंतर्जात,અંતર્ગત
अंतःसूत्री विभाजन,અંતર્જ્ endાન
अंतःपरजीवी,એન્ડોપારસાઇટ
भ्रूणपोष,એંજીવ
उद्यम,સાહસ
कीटविज्ञान,પરિશિષ્ટ
पर्यावरण,વાતાવરણ
"प्रकिण्व, एन्जाइम",મનાઈ
दलपुंज कलमबंदी,મહાકાવ્ય
"अधिपादप, एपिफाइट",ઉપદ્રવ
समानधारिता,સમાનતા
उन्मूलन,નાબૂદી
आवश्यक पोषक तत्व,આવશ્યક પોષક તત્ત્વો
"परिमापन, कूतना, आकलन",અંદાજ
पांडुरता,નિષ્ઠા
सुजननिक,સુશોભિત
मूल्यांकन,મૂલ્યાંકન
वाष्पनमापी,વરાળ
वाष्पन-वाष्पोत्सर्जन,સ્થાવર સંક્રમણ
सदाहरित क्रांति,સદાબહાર ક્રાંતિ
"सदाहरित, सदापर्णी",શાશ્વત
विकास,વિકસિત થવું
उच्छेद करना,આબકારી
परिक्षय (उर्वरता),થાક (ફળદ્રુપતા)
शोषण,શોષણ
"खोज, अन्वेषण",સંશોધન
"बहिर्बेधन, उत्सारण",ઉત્તેજના
आंख (गन्ना/आलू),આંખ (સુગરકેન/બટાકાની)
चिलगोजा,ખાદ્ય પાઇન
जिमीकंद,"હાથી પગ, યમ"
सफेदा,નીરોગીત
केंचुआ,ધામ ખળો
कीट विज्ञानी,એન્ટોમોલોગ્ધાર વિજ્ologistાની
पर्यावरणविद्,પર્યાવરણવાદક
"कारक, घटक, उपादान, साधन",પરિબળ
कारक उत्पादकता,પરિબળ ઉત્પાદકતા
आढ़तिये का बट्टा,પરિબળ
क्रमगुणित अवरोध डिजाइन,કાલ્પનિક અવરોધ રચના
विकल्पी,વિદ્યાશાખા
"पड़ती, पलिहर",પડતર
कुल,કુટુંબ
प्रक्षेत्र मूल्यांकन,ખેતર -મૂલ્યાંકન
प्रक्षेत्र का बजट बनाना,ખેતી અંદાજપત્ર
कृषि व्यवसाय,ખેત વ્યવસાય
प्रक्षेत्र नियोजन,ખેતી આયોજન
"किसान, कृषक",ખેડૂત
"कृषि, खेती",ખેતી
संपट्टन,ફાંસી
बहुप्रजनन,ઉશ્કેરાટ
किण्वन,આથો
उर्वरता,ફળદ્રુપતા
उर्वरक,ખાતર
उर्वरक उपयोग दक्षता,ખાતરનો ઉપયોગ કાર્યક્ષમતા
रेशेदार,રેસાવાળું
"खेत, क्षेत्र, स्थान",ક્ષેત્ર
मृदा जलधारिता,ક્ષેત્ર -ક્ષમતા
प्रक्षेत्र प्रदर्शन,ક્ષેત્ર પ્રદર્શન
"स्थिरीकरण, यौगिकीकरण, निर्धारण",નિર્ધારણ
"आप्लावन, अधिसिंचन",ફાટ
प्रवाह आरेख,પ્રવાહ વિધિ
खाद्य मान,ખાદ્ય મૂલ્ય
चारा,ઘાસચારો (ઘાસચારો)
पूर्वानुमान,આગાહી
वन,વન
वनरोपण,વનનિવારણ
"ताड़पर्ण, प्रपर्ण",ક frંગું
तुषार रोधी,હિમનો પ્રતિરોધક
"पाला, तुषार",હિમ
"हिमशीतित, हिमीकृत",સ્થિર (ફળ અને શાકભાજી)
फलन,ફળ
"फल पातन, फल का झड़ना",ફળ ટીપાં
फल बनना,ફળ-સેટ (ફળની ગોઠવણી)
"धूमन, धूम देना",ધૂણી
कवकनाशी,ફૂગનાશક
कवकरोधी,ફૂગવાદી
कवक,ફૂગ
"खूड़, सीता",Furીલું કરવું
"संलयन, संगलन",મિશ્રણ
रूआं,ઝઘડો
रोएंदार,ઝાંખું
सौंफ,"વરિયાળી, વરિયાળી"
मेथी,મેથી
अंजीर,અંજીર
कंगनी,આંગળીથી બાજરી
दावी,અગ્નિશામક ઝાડવું
पलाश,વન ની જ્યોત
फ्रेंच बीन,ફ્રેન્ચ બીન
पिस्सू,ચાંચડ
लोमड़ी,શિયાળ
फल मक्खी,ફળ
"वृक्ष व्रण, पिटिका",પિત્ત (હોર્ટ)
"युग्मक, गैमीट",જુગાર
"उद्यान, बाग",ખાદ્ય
"पनसाल, जलमापी",ગેજ (પાણી)
जीन संग्रह,પશુ બેંક
जीन टैगन,જીન ટેગિંગ
वंशावली विज्ञान,જિનોલોજી
जीन मानचित्र,આનુવંશિક નકશો
आनुवंशिकी,આનુવંશિકતા
"जीनोम, संजीन",જિનોમ
संजीनी संग्रह,જિનોમિક ગ્રંથાલય
जीनोमिक्स,જર્નીશ
जीनप्ररूपी,વિનોટાઇપ
"जीनी संरचना, जीन प्ररूप",વિનોટાઇપ
वंश,જાતિ
"जीनस, वंश",જાતિ
"रोगाणु, जर्म",જીવાણુ
रोगाणुनाशी,જીવાણુનાશક
अंकुरण,અંકુર
"जननद्रव्य, जर्मप्लाज्म",જંતુરહિત
जिबरेलिक अम्ल,જિબ્રેલિલીક એસિડ
ओटना,ગિનિંગ
तुष,ધાંધલ
"लसदार, ग्लूटिनी",ખાઉધરું
ग्लाइकोलिसिस,ગ્લાયકોલિસીસ
"नाइस, शैल",ગુંડાગીરી
स्वर्णिम क्रांति,સુવર્ણ ક્રાંતિ
"श्रेणीकरण, वर्गीकरण, स्तरीकरण",ક્રમ
"कलमबंद पादप, कलमी पौधा",કલમી છોડ
कलम असंगत,કલમ
ग्रैना,માંદગી
कणिकायन,દાણાદાર
हरी खाद,લીલો રંગ
हरित क्रांति,લીલો ક્રાંતિ
वृद्धि और परिवर्धन,વિકાસ અને વિકાસ
"गोंद रोग, गोंदार्ति",ગુંડો
भिन्नस्थ - उभयस्त्रीलिंगी,સંયુક્ત
माजूफल,બાપ
लहसुन,લસણ
जरबेरा,જર્થી ઘડતર
घरकिन,ગિરિન
अदरक,આદુ
ग्लेडियोलस,ગંધયંત્ર
महकुवा,બકરી નીંદણ (એગરાટમ)
"ग्रेप फ्रूट, चकोतरा",દ્રાક્ષ
अंगूर,દ્રાક્ષ
मूंग,લીલો ગ્રામ
भीमल,ગ્રોઇયા
मूंगफली,મગફળી
अमरूद,જામફળ
गिनी घास,ગિની ઘાસ
पीटिका कीट,પિત્તાશય
टिड्ड़ा,ઘાસના ઘેરા
गंधी कीट,ગુંડિ
"प्रकृति, स्वभाव, रूपगुण, स्वरूप",આદત
"ओला, करकापात, करका",કરચરો
रोमिलवैच,વાળ
लवणमृदोद्भिद्,હાર્વેગેટ
हैरो,દલાલ
"तुड़ाई सूचकांक, कटाई सूचकांक",લણણી અનુક્રમણિકા
"कटाई, कटी फसल, तैयार फसल, उपज",લણણી
"तोड़ना, कटाई, तुड़ाई",લણણી
"अंडे से निकलना, अंडा सेना",ક hંગું
सूखी घास,ઘાસની
सूखा चारा,દાદાગીરી
गंजी,ઘાસ
धुंध,ઝાકળ
धुंधता,ધૂંધળું
"बाली, सिट्टा, मुंडक, शीर्ष, सिर, सिरा",વડા (કૃષિ)
सिरा (नाली का),વડા (ચેનલનું)
शीर्ष छंटाई,પાછા મથાળા
बाड़,હેજ
अधिरक्षण,હેજ
कुंडलिनी,રખડુ
हेमैटाइट,હિમેટાઇટ
"शाक, बूटी",વનસ્પતિ
"वनस्पति संग्रह, वनस्पति संग्रहालय",વનસ્પતિ
शाकनाशी,વનસ્પતિનાશક
आनुवंशिकता,આનુવંશિકતા
वंशागतित्व,વિપુલતા
उभयलिंगी,હર્મેફ્રોડાઇટ
विषमवर्णी,વિજાત્ય
विषम-निषेचन,હેટરફેરિલાઇઝેશન
"संकरओज, हेटेरोसिस",તકરારી
लिंगक्रोमोसोम,વિજાતીય
परपोषित,વિજાત્ય
षड्गुणित,હેકસપ્લોઇડ
शीत निष्क्रियता,સ્તુતિ
उच्च सघनता रोपण,ઉચ્ચ ઘનતા વાવેતર
"पिंडलक, हिल (धान)",હિલ (ચોખા)
आयतचित्र,Histંચર
उच्च तकनीकी औद्यानिकी,હિટેક બાગાયતી
"करंड, छत्ता",મધપૂડો
"गुड़ाई, गोड़ना",ઉશ્કેરણી
जोत,યજમાન
निजी फार्म,દેશી ખેતર
समस्थिति,હોમિયોસ્ટેસિસ
वासभूमि,ઘર
समांगता,એકરૂપતા
"सजातीय, समांगी",એકરૂપ
समधर्मी,સમલૈંગિક
समयुग्मज,સજાવટ
"खुरलिका, खाद्यधानी, हापर",ઘૂંટણ
"संस्तर, क्षितिज",ક્ષિતિજ
औद्यानिक फसलें,બાગાયતી પાક
"उद्यान विज्ञान, बागवानी, उद्यान कृषि, औद्यानिकी",બાગાયત
उद्यान वानिक पशुपाल्य खेती,હોર્ટી-સિલ્વી પશુપાલન ખેતી
परपोषी,યજમાન
तप्त जलोपचार,ગરમ પાણીની સારવાર
"हल, छिलका",હલકું
आर्द्रता,ભેજ
हयूमस,ફર્સ્ટ
भूसी,ક husંગું
छिलका निकालने वाली मशीन,ક husંગર
छिलका उतारना,ભૂખ
संकर,સંકર
संकरण,સંકર
"जलयोजन, जलीयन",હાઇડ્રેશન
जल विज्ञान,જળવિજ્ologyાન
जल अपघटन,જળશાસ્ત્ર
"द्रवघनत्व मापी, हाइड्रोमीटर",જળમાર્ગ
जल परागित,જળચુક્ત
जल संवर्धन,જળવિજ્icsાન
जल मंडल,જળશાસ્ત્ર
आर्द्रता-ग्राहयता,જળચોર
परात्पराजीवी,અતિથિ
अतिवृद्धि,આત્યંતિક
"कवक तंतु, हाइफा",કોઇ
बीजपत्राधार,પમાટ
परिकल्पना,અનુમાન
शैथिल्य (जल),હિસ્ટ્રેસિસ (પાણી)
"हेजल नट, अखरोट का फल",હેઝલ અખરોટ
भांग,શણ
खुरासानी अजवाईन,હેનબેન
मेंहदी,મેંદી
गुड़हल,શિષ્ટાચાર
होप,ઠોક
कुल्थी,ઘોડાનો ગ્રામ
कवांच,ઘોડાગાડી
मधुमक्खी,મધમાખી
फुदका,ઘૂંટણ
उद्यानविद्,બાગાયતી
जल विज्ञानी,જળ -વિજ્ologistાની
स्व स्थाने कलम-बंधन,સીમિત
पात्रे,વિટ્રોમાં
जीवे,વિવો
अविवेकपूर्ण,આડેધડ
कीट,જંતુ
कीट पीड़क,જંતુનાશક જીવાડો
कीटालय,જંતુ
कीटनाशी,જંતુનાશક
कीटाहारी,જંતુનાશક
"सूर्यतापन, आतपन",તાલ
अविलेय,ઉઘાડાવાળું
"इन्स्टार (कीट), अंतरानिर्मोकीय अवस्था",ઇન્સ્ટાર (જંતુ)
रोधी,અલગ પાડનાર
समेकित रोग प्रबंधन,સંકલિત રોગ વ્યવસ્થાપન
समेकित पोषक-तत्व प्रबंधन,એકીકૃત પોષક સંચાલન
समेकित पीड़क प्रबंधन,એકીકૃત જંતુ સંચાલન
"सघनता, गहनता",તીવ્રતા
"गहन, सघन",સઘન
"बीच की फसल, अंतराफसल",એકાંગાળ
"अंतः सस्य कर्षण, निराई, गुड़ाई",આંતરસંબંધ (ઇન્ટરકલ્ચર)
ब्याज,હિત
"पर्व, पोरी",ઇંટનો કરવો
अंतरा प्रावस्था (कोशिका विभाजन),ઇન્ટરફેસ (સેલ વિભાગ)
अंतर्वेशन,પ્રક્ષેપણ
अंतर्बंध्य,આંતરડા
"विवरण, सूची",સૂચિ
प्रतिलोमीकरण,ઉલ્લંઘન
"चक्र, सहपत्र",અનુચિત
आयन,આયન
किरणन,ઝળહળાટ
सिंचाई,સિંચાઈ
समविकल्पी,આઇએસઓ એલીલ્સ
समोत्पाद वक्र,આઇએસઓ ઉત્પાદન વળાંક
समदाब रेखा,ઇસોબર
समयुग्मन,અલગતા
पृथक्करण दूरी,અલગ અંતર
समगुणित,આઇસોપ્લાઇડ
समोत्पाद,અનહદ
"आइसोटोप, समस्थानिक",આઇસોટોપ
भोजपत्र,ભારતીય બિર્ચ
कैल,ભારતીય વાદળી પાઇન
लसौड़ा,ભારતીય ચેરી
धूप,ભારતીય જ્યુનિપર
बीजासर,ભારતીય કિનો વૃક્ષ
"सुरपान, सुल्तान चंपा",ભારતીય લૌરલ વૃક્ષ
साया,ભારતીય પાગલ
मंजीठ,ભારતીય પાગલ
पापड़ा,ભારતીય પોડો ફિલમ
नील,અતિશય
काकुन,ઇટાલિયન બાજરી
कुर्ची,હાનિત વૃક્ષ
कुंदरू,આઇવિ લોર્ડ/લિટલ લોર્ડ
"जैगरी, खंडसारी",ગોળ
जैपोनिका धान,જાપોનીકા
जैसिड,જાસૂસ
जावाई धान (चावल),જાવાનિકા ચોખા
जेली बनाना,ધક્કો
झूम कृषि,દિવાહિની ખેતી
झंपक जीन,જનન
अनुपयोगी डीएनए,જંક ડીએનએ
वयस्कपूर्व प्रावस्था,કિશોર તબક્કો
नीली गुलमोहर,જકારાંડા
कटहल,જેકફ્રૂટ
जामुन,જામન
"मोतिया, चमेली",ચપળ
जट्टी/खट्टी,જત્તી ખત્તી
रतनजोत,એક જાતની કળા
जूट,શણ
जैसिड़,જાસૂસ
केओलिन,કારોલિન
"केओलिन मिट्टी, खडिया मिट्टी",Kાળ
"केओलिनाइट, केओलिन मिट्टी, खडिया मिट्टी",Kાળ
केंद्रककाइमा,Kષધ
केंद्रकबंध,ક ry રેઓડેસ્મા
केंद्रक संलयन,કર્કશમી
गुणसूत्र आरेख,કેરીગ્રામ (ઇડિગ્રામ)
सूत्री विभाजन,કર્કશિનેસ
केंद्रक विज्ञान,કર્કશવિજ્ologyાન
केंद्रकलयन,કર્કશ
केंद्रक,ક ry રેઓન
"केंद्रक प्ररूप, गुणसूत्रप्ररूप",કાર્યોયોટાઇપ
केल्प (शैवाल),કેલ્પ (શેવાળ)
केल्विन चक्र,કેલ્વિન ચક્ર
किरेटिन,કેરાટિન
"गिरी, दाना",કર્કશ
खैरा रोग,ખૈરા રોગ
खरीफ,ખરીફ
बकरी का ब्याना,મજાક
काइनेटोकोर,કિનેટોચોર
"शाक-वाटिका, गृह वाटिका",રસોડું
क्लाइनफिल्टर संलक्षण,ક્લેઇનફિલ્ટર સિન્ડ્રોમ
क्लिनो खंड,ક્લેનો ટુકડો
खांच लगाना,ઘડતર
कॉच अभिगृहीत,કોચની પોસ્ટ્યુલેટ
कोपन का वर्गीकरण (जलवायु),કોપ્પેનનું વર્ગીકરણ (આબોહવા)
क्रेब का चक्र,ક્રેબ્સ ચક્ર
"करटोसिस, ककुदता",ક્ટોસિસ
के वी के (कृषि विज्ञान केंद्र),કે.વી.કે. (કૃશી વિગાયન કેન્દ્ર)
कदंब,કડમ
केल,કાલે
कांस घास,કેન્સ ઘાસ
करौंदा,કર્કશ
राजमा,"કિડની બીન, રાજમહ"
कीवी फल,Kાંકીપ
गांठ गोभी,નોલ ખોલ
विलायती इमली,કોડમપુલી
कोदो,કોડો બાજરી
कोकम,કોકમ બટર ટ્રી (મંગોસ્ટીન)
खपरा भृंग,ખપ્રા ભમરો
घातक मात्रा 50,એલ.ડી .50 (ઘાતક ડોઝ 50)
प्रयोगशाला से खेत तक,જમીન પર
अस्थिर,સંદિગ્ધ કરવું
"श्रम, मजदूर, श्रमिक",મજૂર
लैक प्रचालक प्रतिदर्श,લક્ષ પરાક્રમ
दुग्ध स्रवण,દૂધમારો
दुग्धजनक हॉर्मोन (प्रोलैक्टिन),લેક્ટોજેનિક હોર્મોન (પ્રોલેક્ટીન)
लैक्टोस,લેક્ટોઝ
पश्च रज्जुक,પાછળની બાજુ
लैम्डा क्लोनन संवाहक,લેમ્બડા ક્લોનીંગ વેક્ટર
पटलीय वायु प्रवाह,લેમિનર હવા પ્રવાહ
लैंपब्रश गुणसूत्र,દીવો બ્રશ રંગસૂત્ર
"भूमि, जमीन, स्थल, प्रदेश",જમીન
भूमि समर्थता वर्गीकरण,જમીન ક્ષમતા વર્ગીકરણ
भूमि समर्थता मानचित्र,જમીન ક્ષમતા
भूमि निम्नीकरण,જમીન -અધોગતિ
भूमि तुल्यांक अनुपात,જમીન સમકક્ષ ગુણોત્તર
भूमि समतलीकरण,જમીન સ્તરીકરણ
भूमि सुधार,જમીનની શોધ
भूदृश्य कला,ઉતર
भूमि उपयुक्तता,જમીન યોગ્યતા
भूमि उपयोग पद्धति,જમીન ઉપયોગ -પદ્ધતિ
लैंगरहैंस कोशिकाएं,લેંગરહન્સ સેલ્સ
ह्रास दर,રદિયો દર
"लार्वा, डिंभक",લાર્વા
प्रसुप्तता,સુશોભન
गुप्त,સુવ્યવસ્થિત
प्रसुप्त संक्रमण,ચેપગ્રસ્ત ચેપ
"पार्श्व, पार्श्विक, पार्श्वीय",બાજુનું
लैटराइट मृदा,વારસામાં માટી
"लेटेक्स, असंस्कृत रबड़",Xtex
"लैथिरस रोग, लैथिरसता",શિરદર્શક
लातीनी वर्ग अभिकल्पना (एल एस डी),લેટિન સ્ક્વેર ડિઝાઇન (એલએસડી)
जालक,જાળી
तुलनात्मक लाभ नियम,સુસંગત લાભ
स्थिर प्रतिफल का नियम,સતત વળતરનો કાયદો
ह्रासमान प्रतिफल का नियम,ઘટતા વળતરનો કાયદો
वर्धमान प्रतिफल का नियम,વધારો
सीमित कारकों का नियम,મર્યાદિત પરિબળોનો કાયદો
न्यूनता का नियम,ન્યૂનતમ કાયદો
प्रतिस्थापन का नियम,અવેજીનો કાયદો
परिवर्ती अनुपात नियम,ચલ પ્રમાણનો કાયદો
"दाब, परत, अंडे देने वाली मुर्गी",સ્તર
अभिन्यास,બાંધકામ
निक्षालित तत्व,ઉદ્ધત
निक्षालन क्षमता,Effંચે ચાલતી કાર્યક્ષમતા
निक्षालन मांग,ઠપકો
अग्रग रज्जुक,અગ્રણી સેર
पर्ण क्षेत्र अवधि,પાંદડાની વિસ્તારનો સમયગાળો
पर्णक्षेत्र सूचकांक,પાંદડાની ક્ષેત્ર અનુક્રમણ્ય
पर्ण क्षेत्र अनुपात,પાંદડાની વિસ્તાર ગુણોત્તર
पर्ण सुरंगक,પર્ણ ખાણિયો
पर्ण परीक्षण,પાંદડાની પરીક્ષણ
"पर्ण, पत्ती, पत्र, पत्ता",પર્ણ
समाचारपत्रक,પત્રિકા
पट्टा,પટા
शिंब फली,ક legંગું
निम्न ऊर्जा लागत संधारणीय कृषि,લીસા - (ઓછી energy ર્જા ઇનપુટ ટકાઉ કૃષિ)
वातरंध्र,ભાંગફોડ
लेन्टो केशिका बिंदु,દાપલ કેશિકા બિંદુ
"तनुसूत्र, लेप्टोनीमा",લેપટોનમા
लेप्टोस्पाइरता,લેપ્ટોસ્પાયરોસિસ
शुष्करोधक आवारिकी,અંધશ્રદ્ધાળુ
विक्षति,જખમ
घातक उत्परिवर्तन,ઘાતક પરિવર્તન
अवर्णीलवक,લિંગકોપ્લાસ્ટ
समतल वेदिका,ક levelપિક ભાડૂતી
"करहा, समतलक, पाटा",લેવલર (લેવલર)
समतलन (भूमि का),લેવલિંગ (જમીનની)
"ले कृषि, चरागाह में कृषि",રખડુ
लीबिग का न्यूनतम नियम,લિબિગનો ન્યૂનતમ કાયદો
बंधन,બંધ
प्रकाश समायोजन बिंदु,પ્રકાશ વળતર બિંદુ
प्रकाश संतृप्त सघनता,પ્રકાશ સંતૃપ્તિની તીવ્રતા
प्रकाश संचरण अनुपात,પ્રકાશ પ્રસારણ ગુણોત્તર
प्रकाश पाश,પ્રકાશ જાળ
चूना मिलाना,મર્યાદિત
"सीमा, सीमा बंधन",સીમા
सीमाकारी कारक,મર્યાદિત પરિબળ
लाइमोनाइट,સિધ્ધાંત
"रेखा, वंशक्रम",પંક્તિ
रैखिक अनुक्रिया,રેખીય પ્રતિભાવ
सहलग्नता,જોડાણ
सहलग्नी समूह,જોડાણ જૂથ
योजक,કોરી
रूई सूचकांक,ઉંચકવાર સૂચન
रोम,કોઠાર
"वसा, लिपिड",લિપિડ
वसा-अपघटन,લિપોલીસિસ
परिसमापन,પતાવટ
मेंडकारी,શણગારવું
लिस्टर (बक्खर),શણગારવું
मेंड़ बनाना,સૂચિ
स्थल मंडल,શિષ્ટાચાર
"बिछाली, संशाव",કચરો
सजीव पलवार,જીવંત લીલા ઘાસ
लिवरवर्ट,મણિ
पशुधन,પશુધન
स्थानीय नियंत्रण,સ્થાનિક નિયંત્રણ
"संस्थिति, निधान, विस्थल",સ્થાન
टिड्डी,તીડ
"अवशयन, गिरना (फसल का गिरना)",રહેઠાણ (પાક લોજિંગ)
लॉडिक्यूल,લોડિક્યુલ
"लोएस, चिकनी मिट्टी",ભ્રમણ
लघुगणकीय रूपांतरण,લોગાર્શા -પરિવર્તન
दीर्घ प्रदीप्तकाली पादप,લાંબી - દિવસનો છોડ
दीर्घ तरंगीय विकिरण,લાંબી તરંગ કિરણોત્સર્ગ
पाश,ફટકો
कर्तन,Pingંચે કામ કરવું
कटि,લાકડું
"लक्स, लूक्रस",એક જાતની એક વસ્તુ
विलासिता उपभोग (पोषक तत्व),લક્ઝરી વપરાશ (પોષક તત્વો)
विलासी जीन,લકકાર જનીનો
लाइकोपीन,લીકોપીન
लसीका,લિમણું
लाइसीमीटर लिसजलमापी,લિઝિમીટર
कोशिकालयन,કોષ -ચિત્તભ્રમણા
लयजनन,લાઇઝજેનિસ
"लयनकाय, लाइसोसोम",લિસોઝomeમ
लाइसोजाइम,સુવાક્ય
कुसुम,લાખ વૃક્ષ
लाख,લાખ
भिंडी,"લેડીની આંગળી, ઓકરા"
गोखरू,જમીન કેલ્ટ્રોપ્સ
लेंटाना,મણિ
खेसारी,શણગારવું
लीक,ગલનનું
नींबू घास,લીંબુનો ઘાસ
"लेमन, नींबू",લીંબુ
मसूर,મસૂર
मुलैठी,મસ્ત
सलाद,કોઇ
"कमलिनी, कुमुदिनी",લીલી
नींबू,ચૂનો
अलसी,અળસીનું
लीची,ઉદ્ધતાઈ
कुटकी,થોડી બાજરી
ककड़ी,લાંબા તરબૂચ
"पीप़र, पिपलामूल",લાંબી મરી
लोकाट,ડોકલા
कमल,કમળ
रिजका,લસ
लाख कीट,લાખ જંતુ
सोनपंखी,સ્ત્રી -પક્ષી ભમરો
पर्ण सुरंगक,પર્ણ ખાણિયો
पत्ती लपेटक,પાંદડાની રોલર
पत्ती जाला कीट,પાંદડા
टिड्डी,તીડ
गुरु विकास,લૌકિક ઉત્ક્રાંતિ
विस्तृतक्षेत्री जलवायु,કરચલી
वृहदणु,મ mac્રોમ્યુલેક્યુલ
गुरु उत्परिवर्तन,ઉદ્ધતતા
प्रमुख पोषक-तत्व,ઉન્માદ
दीर्घ छिद्र,ચંચળ
"मैगट, कृमि",માગગોટ
मैग्मा,મેઘ
मैग्नीशिया,મેગ્નેશિયા
मैग्नीशियम,મેગ્નેશિયમ
चुंबकीय विलोडक,ચુંબકીય હલાવનાર
परिमाण,પરિમાણ
महुए की खली,માહુઆ કેક
अनुरक्षक पंक्ति,જાળવણીકાર રેખા
"अनुरक्षण, संभाल, देखभाल",જાળવણી
मक्का के दाने निकालने वाली मशीन,મકાઈ શેલર
नरबंध्य,પુરુષ જંતુરહિત
"कुरूपता, कुरचना",ખોડખાંપણ
दुर्दमता,રોગ
कुपोषण,પોષણ
कुरीति,ગેરરીતિ
माल्टन,દૂષિત
नांद,ગમાણ
"मैंग्रोव, गरान",મેલગ્રોવ
"मैनोमीटर, दाबांतरमापी",માનવશલના માપક
"मैनोमीटर, दाबांतरमापी",માનવશલના માપક
अपूर्णांश (लघुगणक का),મન્ટિસા (લોગરીધમનો)
खाद,ખાતર
"खाद देना, खाद डालना",ખાતર
"सीमांत, उपांत",સીમાંત
सीमांत लागत,સીમાંત ખર્ચ
उपांत भूमि,સીમાંત જમીન
सीमांत उत्पाद,સીમાંત ઉત્પાદન
सीमांत आय,સીમાંત વળતર
समुद्री,દરિયાઇ
चिह्नक (आनुवंशिक),માર્કર (આનુવંશિક)
"बाजार, मंडी",બજાર
"पण्य, विक्रेय, विपणन योग्य",વેચાણક્ષમ
विपणन-योग्य अधिशेष,વેચાણપાત્ર અધિકૃતતા
विपणित अधिशेष,બજારમાં મેળવણી
विपणन,બજાર
कच्छ,માર્શ
द्रव्यमान बहाव,સામૂહિક પ્રવાહ
"महा चयन, व्यापक चयन, समूह चयन",સામૂહિક પસંદગી
द्रव्यमान स्पेक्ट्रोमीटर,સામૂહિક-સંકટપ્રમનોમાક્ષ
"दंड़, मस्तूल",મસ્ત
मातृक वंशागति,મામાનો વારસો
"मिलन, संगम",સમાગમ
मैट्रिक विभव,મેટ્રિક સંભવિત
"तैयार होना, परिपक्वन",પરિપક્વતા
परिपक्वता (फसल),પરિપક્વતા (પાક)
अधिकतम उपलब्ध जल,મહત્તમ ઉપલબ્ધ પાણી
अधिकतम सस्यन,મહત્તમ પાક
अधिकतम अवशेष सीमा,મહત્તમ અવશેષ મર્યાદા
अधिकतम संधारणीय उपज,મહત્તમ ટકાઉ ઉપજ
अधिकतम तापमापी,મહત્તમ થર્મોમાપક
अधिकतम जलधारण क्षमता,મહત્તમ પાણી -ધારણ ક્ષમતા
शाद्वल बागवानी,ઘાસનો ઓર્કાર્ડિંગ
चूर्णी,ભ્રામક
माध्य विचलन,સરેરાશ વિચલન
माध्य जीवन (नाभिकीय),મીન લાઇફ (પરમાણુ)
माध्य समुद्र तल,દરિયાઇ સપાટી
माध्य वर्ग,સરેરાશ ચોરસ
"माप, माप करना",માપ
मापन,માપ
यांत्रिक,યાંત્રિક
यांत्रिक विश्लेषण (मृदा),યાંત્રિક વિશ્લેષણ (માટી)
यांत्रिक प्रतिबाधा,યાંત્રિક અવરોધ
यांत्रिक कृषि,યંત્ર -ખેતી
"मध्य, मध्यस्थ, मध्यिका",મધ્યમ
औषधीय पादप,Inalષધ
भूमध्यसागरीय जलवायु,ભૂમધ્ય આબોહવા
गुरुयुग्मकजनन,મેગાગામેટોજેનેસિસ
गुरु बीजाणुधानी,મેગાસ્પોરંગિયા
गुरु बीजाणु,મેગાસ્પોર (મેક્રોસ્પોર)
गुरुबीजाणुजनन,મેગાસ્પોજેનેનેતિયો
"अर्धसूत्रण, अर्धसूत्री विभाजन",મેયોસિસ
नरम मृदा,ખુશામત
डीएनए विरज्जुकन,ડીએનએ
झिल्ली निस्यंदक,પટલ ફિલ્ટર
मेन्डेलीय वंशागति,મેન્ડેલિયન વારસો
मेन्डेलवाद,સુધારણા
मेंडेल का वंशागति नियम,વારસાના મેન્ડેલનો કાયદો
"पण्यमाल, विक्रेयमाल",વેપારી
"पारा, पारद",પારો
विभज्योतक,ઉદ્ધત
मध्य जलवायु,મેસોક્લાઇમેટ
"मध्यचर्म, मध्यजनस्तर",મેસોોડર્મ
पर्ण मध्योतक,મેસોફિલ
समोद्भिद,મેસોફાઇટ
मध्य छिद्र,મેસો
मध्यमंडल,મેસોસ્ફિયર
दूत आरएनए (एम-आरएनए),મેસેંજર આર.એન.એ.
उपापचय,ચયાપચય
उपापचयज,ચયાપટ
धातु बांध,ધાતુનું બચ્ચું
कायांतरित शैल,રૂપક ખડકો
कायांतरण,રૂપરેખા
मध्यावस्था,આવરણ
अनुमदकाल,મેટ્રાસ્ટ્રસ
"परागानुप्रभाव, मेटाजीनिया",ચિત્તાકર્ષણ
मौसम विज्ञान,હવામાનશાસ્ત્ર
मेटहीमोग्लोबिनीमिया,મેથેમોગ્લોબીનેમિયા
विधि प्रदर्शन,પદ્ધતિનું પ્રદર્શન
अभ्रक,માઇકલ
लघु द्रोणी,સૂક્ષ્મ બેસિન
सूक्ष्म प्राणिजात,સૂક્ષ્મ પ્રાણીસૃષ્ટિ
सूक्ष्मजीव,જીવાણુ
सूक्ष्मजीवी जैवभार कार्बन,સુક્ષ્મજીવાણુ બાયોમાસ કાર્બન
सूक्ष्मजीवी निम्नीकरण,સૂક્ષ્મ -અધોગતિ
सूक्ष्मजीवी कीटनाशी,સૂક્ષ્મ જંતુનાશક
सूक्ष्मजीव विज्ञान,સૂક્ષ્મ -વિજ્iologyાન
लघुजीवी,સૂક્ષ્મ રોગને લગતું
सूक्ष्म जलवायु,માઇશારિક
सूक्ष्म पर्यावरण,સૂક્ષ્મ પર્યાવરણ
सूक्ष्म वनस्पतिजात,માઇક્રોફલોરા
लघुयुग्मकजनन,માદક દ્રવ્યો
लघु सिंचाई,માઇક્રોરોઇરીગેશન
सूक्ष्म मौसमविज्ञान,માઇક્રોમીટ્રોલોજી
सूक्ष्म पोषक (तत्व),સુક્ષ્મસૃષ્ટિ
लघु क्यारी,માઇક્રોપ્લોટ
सूक्ष्मरंध्र,સુક્ષ્મસજીવો
बीजांड द्वार,સુક્ષ્મસજીવો
सूक्ष्मदर्शिकी,માઇક્રોસ્કોપી
सूक्ष्म बीजाणुधानी,માઇક્રોસ્પોરંજિયમ
सूक्ष्मबीजाणु संवर्धन,સૂક્ષ્મ -સંસ્કૃતિ
सूक्ष्मबीजाणु मातृ कोशिका,માઇક્રોસ્પોર મધર કોષ
"लघुबीजाणु, माइक्रोस्पोर",સુધર્કિમાદ
"सूक्ष्मकर्तक, माइक्रोटोम",માઇક્રોટોમ
सूक्ष्म स्थलाकृति,માઇક્રોટોપ્રાફી
मध्य-ऋतु सुधार,મધ્ય સીઝન-સુધારણા
"प्रवास, प्रवसन",સ્થળાંતર
दाने की दुग्धावस्था,અનાજનું તબક્કો
"मिलीपीड, गोजर",મિલેપેડ
"मिलेट (ज्वार, बाजरा, आदि)",બાજરી
"पेषण प्राप्ति, पेरना प्राप्ति",મિલિંગ વસૂલાત
"पेषण, दलना, कूटना, पीसना, पेरना",મિલિંગ
खनिज पोषण,ખનિજ પોષણ
खनिज मृदा,ખનિજ માટી
"खनिजीकरण, खनिजीभवन",ખનિજકરણ
खनिज,ખનીજ
न्यूनतम तापमापी,લઘુત્તમ થર્મોમાપક
न्यूनतम कर्षण,લઘુત્તમ ખેતી
गौण फसलें,સામાન્ય પાક
समसूत्रणी सूचकांक,Mાળ
अपार्थक उत्परिवर्तन,ગેરસમજ
कुहासा सिंचाई,ઝાકળ સિંચાઈ
कुहासा,ઝાકળ
"माइटोकॉन्ड्रिया, सूत्रकणिका",માઇટોકોન્ડ્રિયા
समसूत्रण,ખેલ
मित्शेर्लिक का नियम,મિત્ચરલિચનો કાયદો
मिश्रित सस्यन,મિશ્ર પાક
"मिश्रित खेती, मिश्रित कृषि",મિશ્ર ખેતી
मिश्रित उर्वरक,મિશ્ર ખાતર
मिश्रित चराई,મિશ્ર ચરાઈ
मिश्रित तृणमय भूमि,મિશ્રિત સ્વરડ
"प्रतिरूप, निदर्श",નમૂનો
प्रतिरूपण,મોડેલિંગ
संशोधित वातावरणीय पैकेजिंग,ફેરફાર કરેલ વાતાવરણ પેકેજિંગ
नमी उपलब्धता सूचकांक,ભેજ ઉપલબ્ધતા અનુક્રમણિકા
नमी ह्रास सूचकांक,ભેજની ખાધની સૂચિ
नमी तुल्यांक,ભેજ સમાન
नमी प्रवृत्ति,ભેજ -શાસન
नमी मोचन वक्र,ભેજ મુક્ત વળાંક
जल धारण-शक्ति,ભેજની જાળવણી
नमी प्रतिबल,ભેજ
नमी तनाव,ભેજ
नमी,ભેજ
मोलीय विलयन,દા molવ
शीरा,દાળ
मोल अपवाह,છાવણી
अणु जैविकी,પરમાણુ જીવવિજ્ologyાન
आणविक प्रजनन,પરમાણુ સંવર્ધન
आणविक संकरण,પરમાણુ સંકર
मोलस्कनाशी,મલિનસાઇડ
आर्थिक लाभ सूचकांक (एम ए आई),નાણાકીય લાભ અનુક્રમણિકા (એમએઆઈ)
एकक्लोनी प्रतिरक्षी,એકલતા
एकबीजपत्री,મોનોકોટાયડોન્સ
एकधा सस्यन,એકાધિકાર (એકવિધ સંસ્કૃતિ)
उभयलिंगी,એકલતાવાળું
"अलैंगिक जनन, एकोद्भव वाद",એકલતા
एकसंकर जनन,મોનોહાઇબ્રીડ
एकयुग्मनज,એકસમાન
मानसून,ચોમાસુ
मॉन्टमॉरिलोनाइट,મોન્ટમોરિલોનાઇટ
"मूर, ऊसर",મુર
मॉर,મોર
मॉर्गेन इकाई,મોર્ગન એકમ
संरचना विकास,ઘુદમાબી
आकृतिक अनुकूलन,આકારવિષયક અનુકૂલન
आकारिकी,ક morમ્ફોલોજી
बंधक,ગીરો
"चितकबरा, बहुरंगी, कर्बुरित",શણગારવું
कर्बुरण,શણગારવું
फफूंदी,ઘાટ
निर्मोचन,ઘેરવું
टीला खेती,ટેકરી સંસ્કૃતિ
ढेरी दाब,ટેકરાનો ઘેરો
घासकर्तक,મોવર
घास काटना,Owingોવીંગ
"म्यूसिलेज, श्लेष्मक",મ્યુસિલેજ
"मक, मृदा",ગંદકી માટી
"पंकसम, कीचड़युक्त",કાદવવાળું
"मफल, ढांकना",ખસી કરવું
पलवार खेती,લીલા ઘાસની ખેતી
पलवार कर्षण,લીલા ઘાસ
"मल्च, पलवार",લીલા ઘાસ
"पलवारना, मल्च बनाना",ગંદું
"अंतरीप, मल (ह्यूमस)",ગળચોર
बहुस्तरीसस्यन,બહુમાળી પાક
बहु सहसंबंध,બહુવિધ સહસંબંધ
बहु सस्योत्पादन,બહુવિધ પાક
बहु सस्योत्पादन सूचकांक,બહુવિધ પાક સૂચકાંક
बहु संकर,બહુવિધ ક્રોસ
बहु प्रतिरोध,બહુવિધ પ્રતિકાર
बहुचर,બહુવિધ
बहुयुग्मनज,બહુવિધ
ममीकरण,મર્મીકરણ
ममीभूत फल,મમીફાઇડ ફળ
"मस्कोवाइट, सामान्य अभ्रक",મસ્તક
"खुंबी, छत्रक",મશરિયો
उत्परिवर्तजन,પરિવર્તનશીલ
उत्परिवर्ती,અતિશય
उत्परिवर्तन,પરિવર્તન
पारस्परिक संदमन,પરસ્પર અવરોધ
सहोपकारिता,પરસ્પરવાદ
"कवकजाल, माइसीलियम",મિસિલિયમ
कवक विज्ञान,માયકોલોજી
कवक द्रव्य,માયકોપ્લાસ્મા
कवकमूल,મિકોરિઝા
जावित्री,ગદા
आक,માસ્ટર
मुहुआ,માધુકા
मक्का,મકાઈ
मखाना,મખાનો
संतरा,મેન્ડરિન
"आमा हल्दी, अमादि",કેરીની ઝિન્જર
आम,કેરી
"नीम, मारगोसा","માર્ગોસા, લીમડો"
गेंदा,મરવાડો
रूमी मस्तिकी,મેસ્ટિક વૃક્ષ
बड़ा कांटा,ભ્રામક
मेस्ता,આવરણ
पुदीना,ટંકશાળ
"करंघु, नकटमाला",મોલુકા બીન
बड़हल,મંકી જેક
सहजन,મોરિંગ
हिरनखुरी,મોર્નિંગ ગ્લોરી (કોન્વોલ્વુલસ)
मौसम्बी,મોર્બી
मोठ,શલભ બીન
शहतूत,શેતૂર
खुंब,મશરિયો
खरबूज,શકરટેટી
कस्तूरी,મસ્ત
सरसों,સરસવ
विलायती मैंहदी,Myંચું
"हाथी घास, नेपियर घास",નકશો
"मीली बग, गुजिया कीट",મેલી બગ
"मशकाभ, मिज",મિજ
"चिचंड़ी, बरूथी",જૂથ
बंदर,વાંદરો
मच्छर,મચ્છર
"पतंगा, शलभ",શણગાર
मौसम विज्ञानी,હવામાન શાસ્ત્રી
सूक्ष्म जीवविद्,સૂક્ષ્મજ્ologist
कवक विज्ञानी,માયકો -વિજ્ologistાની
अतिसूक्ष्मप्रौद्योगिकी,સમશીાવણીવિજ્ologyાન
कुंभीरूप,નેપિફોર્મ
स्वापक,માદક
अनुकुंचनीय गति,ચપળ આંદોલન
राष्ट्रीय प्रदर्शन,રાષ્ટ્રીય પ્રદર્શન
भूमि का राष्ट्रीयकरण,રાષ્ટ્રીયકરણ (જમીનનું)
"प्राकृतिक, प्राकृत",સ્વાભાવિક
प्राकृतिक अपरदन,કુદરતી ધોવાણ
प्राकृतिक खेती,કુદરતી ખેતી
प्राकृतिक संसाधन,કુદરતી સંસાધનો
प्राकृतिक वरण,પ્રાકૃતિક પસંદગી
प्राकृतिक वनस्पति,કુદરતી વનસ્પતિ
वृंत,ગરદન (હોર્ટ)
ऊतकक्षय,નેક્રોસિસ
मकरंद,અમૃત
ऋणात्मक ऐलीलोपैथी,નકારાત્મક એલેલોપેથી
सूत्रकृमिनाशी,નેમેટીડન
सूत्रकृमिरोधी मूलवृंत,નેમાટોડ પ્રતિરોધક રૂટસ્ટોક
सूत्रकृमिविज्ञान,નેમાટોવિજ્ologyાન
चिरडिंभता,નિયોટિની
नेट स्वांगीकरण दर,ચોખ્ખો એસિમિલેશન રેટ (એનએઆર)
कुल लाभ,ચોખ્ખો ફાયદો
कुल आय (फार्म आय),ચોખ્ખી આવક (ખેતીની આવક)
कुल सिंचाई आवश्यकता,ચોખ્ખી સિંચાઈ આવશ્યકતા
कुल उत्पादकता,ચોખ્ખી ઉત્પાદકતા
कुल प्रतिफल,સાચો વળતર
"जाली लगाना, जाली से पकड़ना",જખમ
"न्यूरॉन, तंत्रिकोशिका",ન્યુરોન
"निष्प्रभावी, उदासीन",તુરંત
उदासीनता,તટસ્થતા
"उदासीनीकरण, निष्प्रभावीकरण",બિન -વ્યવસાયિકરણ
उदासीन मृदा,તટસ્થ માટી
न्यूट्रॉन नमीमापी,ન્યુટ્રોન ભેજનું મીટર
"निकेत, कर्मस्थिति, कर्मता",વિશિષ્ટ
निकोटिन,નિકોટ
"मल, विष्ठा",રાત્રી માટી
नाइट्रेट स्वांगीकरण,નાઈટ્રેટ એસિમિલેશન
नाइट्रेट अवकरण,નાઈટ્રેટ ઘટાડો
नाइट्रेट विषाक्तता,નાઈટ્રેટ ઝેરી દવા
"शोरा, नाइटर",નાર
नाइट्रीकरण संदमक,નાઈટ્રિફિકેશન અવરોધક
नाइट्रोजन स्वांगीकरण,નાઇટ્રોજન જોડાણ
नाइट्रोजन चक्र,નાઇટ્રોજન ચક્ર
नाइट्रोजन न्यूनता,નાઈટ્રોજન ઉણપ
नाइट्रोजन स्थिरीकरण,નાઈટ્રોજન સુધારા
नाइट्रोजनी,નાઇટ્રોજનયુક્ત
उत्कृष्टीकरण,કોઈ વસ્તુ નથી
"पौंडा, मोटा गन्ना",ઉમદા શેરડી
रात्रिचर,નિશાચર
"गांठ, पर्वसंधि, नोड",નોડ
ग्रांथिल (मूल) पादप,Nodંચેથી ભરપુર પ્લાન્ટ
ग्रंथन,Nodંચેથી નોકર
ग्रंथि,નોકર
"घुमंतू, चलवाही, खानाबदोश",ભ્રમણ
नाम पद्धति,નામકરણ
अविकल्पी,અનિયંત્રિત
अकेशिका रंध्र,બિન -કેશિકા છિદ્ર
अप्रतिस्पर्धी सस्य,બિન -હરીફ પાક
निरर्थक उत्परिवर्तन,બકવાસ પરિવર્તન
असार्थक,નોંધપાત્ર
अनम्लकारी उर्वरक,બિન-એસિડ ખાતર
अयुग्मन,કન્જુગેશન
अज्ञातकुल (पशु),નોન-ડિસ્ક્રિપ્ટ (પ્રાણી)
अनावश्यक तत्व,બિન-આવશ્યક તત્વ
असमांग,યહુદી
"असमधर्मी, असमजात",બિન-દ્રવ્ય
अध्रुवीय यौगिक,બિન-ધ્રુવીય સંયોજન
अनवीकरणीय ऊर्जा,નવીકરણપાત્ર energyર્જા
अवरणात्मक स्पर्श शाकनाशी,બિન-પસંદગીયુક્ત સંપર્ક હર્બિસાઇડ
अवरणात्मक शाकनाशी,બિન-પસંદગીયુક્ત હર્બિસાઇડ
असहजीवी नाइट्रोजन स्थिरीकरण,બિન-સેમ્પાયોટિક નાઇટ્રોજન ફિક્સેશન
सामान्य वितरण,સામાન્ય વિતરણ
सामान्य पौध,સામાન્ય રોપાઓ
सामान्य विलयन,સામાન્ય ઉકેલ
सामान्यीकरण,અનુપૃવ્ય
नार्दर्न शोषण,ઉત્તરી
"सूचनीय रोग, विज्ञाप्य रोग",સાબિતી રોગ
बिना जुताई के बुवाई,ત્યાં સુધી વાવેતર
अनिष्टकारी खरपतवार,હાનિકારક નીંદણ
नाभिकीय चुंबकीय अनुनाद,અણુને લગતું
न्यूक्लिक अम्ल,બીજક એસિડ
न्यूक्लियोबैक्टर,બીજક
"न्यूक्लियोलस, केंद्रिका",કેન્દ્રક
न्यूक्लियोटाइड,બીજક
केन्द्रक,બીજક
निराकरणीय परिकल्पना,નલધ્વજ
शून्यसूत्री,અપશુકન
शून्य उत्परिवर्तन,નકામો
धात्री कोशिका,નર્સ સેલ
"पोषक फसल, पोषक सस्य",નર્સ પાક
"रोपणी, नर्सरी, पौधशाला",શિરાજરી
"दृढ़ फल, गुठली, दृढ़कण",અખરોટ
पोषक चक्र,પોષક ચક્ર
पोषक न्यूनता लक्षण,પોષક ઉણપનાં લક્ષણો
पोषण,પોષણ
पोषण मान,પોષણ મૂલ્ય
पोषण मान सूचकांक,પોષણ મૂલ્ય સૂચન
उभयनिष्ठ,કૃષિથી સંબંધિત મહત્વપૂર્ણ છોડના નામ
ककरोंदा,નાગાઈ કપૂર
नर्गिस,નર્સિસસ
कलौंजी,નાઇજેલા
रामतिल,નાઇજર
रात की रानी,જાસ્મિન
गोफल,નિપા હથેળી
सागरमोथा,બદમાશ
मोथा,અખરોટ
जायफल,જાયફળ
सूत्रकृमि,નેમાટોડ
नट घुन,અખરોટ
सूत्रकृमि विज्ञानी,નેમાટોલોજિસ્ટ
अविकल्पी वायुजीव,એરોબ્સને ફરજિયાત કરો
अविकल्पी अवायुजीव,એનારોબ્સને ફરજિયાત કરો
अविकल्पी परजीवी,પરોપજીવી
अविकल्पी,પ્રતિષ્ઠિત
अवांछित पौधे,પ્રકારના છોડ
खली,તેલ કેક
ओकाजाकी खंड,ઓકાઝાકી ટુકડો
"शाकभाजी उत्पादन, शाकभाजी संवर्धन",બુદ્ધિલણ
अल्पजीन,ચિત્ત
अल्पन्यूक्लियोटाइड,છલકાઇને લગતું
जैतून का तेल,ઓલિવ તેલ
ओमेगा-3-वसीय अम्ल,ઓમેગા -3-ચરબીયુક્ત એસિડ
सर्वाहारी,સર્વભક્ષી
अर्बुद जीन,ઉશ્કેરાટ
अर्बुदजनक विषाणु,ઓનકોજેનિક વાયરસ
"कैंसर विज्ञान, अर्बुदविज्ञान",તંગવિજ્ologyાન
प्रक्षेत्र पर अनुसंधान,ખેતરમાં સંશોધન
अडंक,ઓસાઇટ
प्रचालन लागत,કાર્યરત ખર્ચ
"ओपेरॉन, प्रचालेक",કોઇ
अवसरी सस्यन,તકનું પાક
इष्टतम मात्रा,શ્રેષ્ઠ માત્રા
इष्टतम आर्थिक मात्रा,શ્રેષ્ઠ આર્થિક માત્રા
फलोद्यान की दक्षता,બાંકડી કાર્યક્ષમતા
जैविक कृषि,કાર્બનિક કૃષિ
"कार्बनिक कोलॉइड्स, कार्बनिक कलिल",કાર્બનિક કોલોઇડ્સ
जैविक खेती,સજીવ ખેતી
जैविक खाद,કાર્બનિક ખાતર
"जैविक पदार्थ, कार्बनिक पदार्थ",કાર્બનિક પદાર્થ
जैविक नाइट्रोजन (मृदा),કાર્બનિક નાઇટ્રોજન (માટી)
जैविक फॉस्फोरस,કાર્બનિક ફોસ્ફરસ
"कार्बनिक मृदा, जैविक मृदा",કાર્બનિક જમીન
जैविक अपशिष्ट,કાર્બનિક કચરો
"जैविक, कार्बनिक",કાર્બનિક
संगठित विपणन,સંગઠિત બજાર
अंग विकास,એક વિષયવસ્તુ
इंद्रियग्राही मूल्यांकन,સંગઠન
पक्षिविज्ञान,સંતૃપ્તિ
सुसाध्य बीज,રૂ thod િચુસ્ત બીજ
लांबिक बहुपद समीकरण,ઓર્થોગોનલ બહુપદી સમીકરણ
परासरण,કમરિસીત
परासरणी प्रभाव,હોશિયાર અસર
परासरणी विभव,અસ્થિર સંભાવના
"उद्भेद, फैलना",મહામારીનું એકદમથી ફાટી નીકળવું
बहिः प्रजनन,બહારના સંવર્ધન
"अवन, बंद चूल्हा",ભઠ્ઠી
शिशिर लंघन,વધુ પડતું કામ કરવું
अतिव्यापी पीढ़ी,ઓવરલેપિંગ ઉત્પાદન
अंडाणु,ઓવમ
ऑक्सीकरण,ષડયંત્ર
अम्लोद्भिद्,ઓક્સીલોફાઇટ્સ
जई,ઓટ
तेल ताड़,તેલની હથેળી
कनेर,ઓલંકાર
जैतून,કોતરણી
प्याज,ડુંગળી
पोस्त,અફીણ
चिनार,"ઓરિએન્ટલ પ્લેન, યુરોપિયન પ્લેન ટ્રી"
पैकिंग,પ packકિંગ
बाड़ा,પડોશ
युगल पंक्ति बुवाई,જોડી પંક્તિ વાવેતર
"खाद्यता, स्वादिष्टता",બુદ્ધિ
"पुष्पगुच्छ, यौगिक असीमाक्ष",ભયાવહ
पराकेंद्री प्रतिलोमन,પર્વતારોહણ
प्राचल,પરિમાણ
परजीवी,પરજીવી
अंशक्वथनन,સ parરજ
मृदूतक,પેરેંચાઇમા
"जनक शैल, मूल शैल",પિતૃ ખડક
"स्थायी अनावृष्टि, स्थायी सूखा",પેરનેન્ટ દુષ્કાળ
अनिषेकजनन,પાર્થેનોજેનેતત્વ
आंशिक कारक उत्पादकता,આંશિક પરિબળ ઉત્પાદકતા
सहभागी ग्रामीण आकलन,સહભાગી મૂલ્યાંકન
कण घनत्व,શણગાર
निष्क्रिय अवशोषण,નિષ્ક્રિય શોષણ
चरागाह,ચરાણ
पाश्चुरीकरण,ગોચરકરણ
पी.सी.आर. (पॉलिमरेज शृंखला अभिक्रिया),પીસીઆર (પોલિમરેઝ ચેઇન રિએક્શન)
भूस्वामित्व खेती,ખેડૂત ખેતી
पीट (मृदा),પીટ (માટી)
पेड,પેડ
"पुष्पवृंत, वृंत",પેડીકલ
वंशावली,વંશાવલિ
मृदाजनन,પડોજેસીસ
मृदाविज्ञान,ધર્મશાસ્ત્ર
छिलका उतारना,છાલ
"छीलना, विशल्कन",છાલ
टिकियाकरण,ખલાસી
अंतःस्रवण,ફાંફાં
बहुवर्षीय पादप,બારમાસી
परिकेंद्री प्रतिलोमन,Perલટી inલટી
परिनगरीय,પેરિ-શહેરી
पारगम्यता,અભેદ્યતા
स्थायी कृषि,પરમેળ
स्थायी म्लानि बिंदु,કાયમી વિલ્ટિંગ પોઇન્ટ (પીડબ્લ્યુપી)
पारगम्यता गुणांक,પરાન્તિકા ગુણાંક
पारगम्यता दर,અભેદ્યતા દર
पारगम्यतामापी,પરમેમીટર
दीर्घस्थायी शाकनाशी,સતત હર્બિસાઇડ
पीड़कनाशी,જંતુનાશક દવા
शैलोद्भिद्,પેટ્રોફાઇટ
"विभोजी, फाज",ઉન્માદ
समयांतराल बुवाई,તબક્કાવાર વાવેતર
"फैस्मिड, प्रणाभक",મસ્તિદ
कागजन,બનાવટી
फिनोलिक यौगिक,સંયોજનો
"रूपानुकृति विज्ञान, फलोद्गदिकी",ફેરાવિજ્ phાન
"लक्षण प्ररूप, समलक्षणी, लक्षण",ફીનોટાઇપ
फीरोमोन,ફેરો
"पोषवाह, फ्लोएम",Phાળ
फॉस्फेट स्थिरीकरण,ફોસ્ફેટ ફિક્સેશન
फॉस्फेट शैल,ફોસ્ફેટ ખડક
फॉस्फेट विलयीकरण,ફોસ્ફેટ દ્રાવણ
फॉस्फेट विलयीकरण,ફોસ્ફેટ દ્રાવ્ય
फॉस्फेटाइड,ફોસ્ફેટ
फॉस्फो-जिप्सम/फॉस्फोरसयुक्त जिप्सम,ફોસ્ફો-જીપ્સમ
फॉस्फोलिपिड,ફોસ્ફોલિપિડ
फॉस्फोरिलीकरण,ફોસ્ફોરીલેશન
प्रकाश वर्णक्रमापी,ફોટો સ્પેક્ટ્રોમીટર
प्रकाशस्वपोषी,ફોટોઆઉટ્રોફ
प्रकाश रासायनिक अभिक्रिया,ફોટો -ક Reac લિક પ્રતિક્રિયા
प्रकाशिक अपघटन,ફોટો -જનતા
प्रकाशमिति,ફોટોમેટ
प्रकाशीय संरचना विकास,ફોટોમોર્ફોજેનેનેહીસ
फोटॉन,ફોટો
प्रकाश ऑक्सीकरण,ફોટો-oxidationડેશન
"दीप्तिकाल, प्रकाशकाल",ફોટોપેરિઓડ
दीप्तिकालिता,ફોટોપેરિવિઝ
प्रकाशीय फॉस्फोरिलीकरण,ફોટોફોસ્ફોરીલેશન
प्रकाश पुनर्सक्रियण,ફોટોરેક્ટિવેશન
प्रकाशग्राही,ફોટોરેસેપ્ટર
प्रकाशीय श्वसन,ફોટો -વર્ણન
प्रकाश संश्लेषण,પ્રકાશસંશ્લેષણ
प्रकाश संश्लेषी दक्षता,પ્રકાશસંશ્લેષણ કાર્યક્ષમતા
प्रकाश संश्लेषी गुणांक,પ્રકાશસંશ્લેષણ કરનાર
प्रकाश संश्लेषी सक्रिय विकिरण,પ્રકાશસંશ્લેષણ
प्रकाशानुवर्तन,ફોટો
पर्णाभता,ફિલોડી
पर्णविन्यास,ફિલોટેક્સી
भौतिक अपक्षय,ભૌતિક હવામાન
कार्यिकीय विकार,શારીરિક વિકાર
कार्यिकीय शुष्कता,શારીરિક દુષ્કાળ
कार्यिकीय भार ह्रास,શારીરિક ખોટ
कार्यिकीय परिपक्वता,શારીરિક પરિપક્વતા
पादपवर्णक,ફિટોક્રોમ
पादप निष्कर्षण,ફિટેઓએક્સેક્શન
पादप भार,ફિટોમાસ
पादप सूत्रकृमि,ફાયટોનોમેટોડ
पादप उपचार,ફાયટોમેડિયેશન
पादप सिडरोफोर,ફાયટોસાઇડોરફોર
पादप विषालु,ફાયટોટોક્સનું
फाइटोट्रोन,ચિત્તન
चित्रालेख,ચિત્રલેખ
पाइ आरेख,પાઇ આકૃતિ
दाबमापी,પાઇઝમીટર
घट खेती,ઘડો ખેતી
"अवस्थापन, निवेशन (उर्वरक)",પ્લેસમેન્ટ (ખાતર)
"बीजांडआसन (पौधों में), अपरा, प्लेसेंटा",પ્લેસેન્ટા
"सुहागा, पाटा फेरना",પાટિયું
पादप प्रजनन,છોડ સંવર્ધન
पादप सघनता,વનસ્પતિની ઘનતા
पादप पारिस्थितिकी,વનસ્પતિ પરિસ્થિતિવિજ્ologyાન
पादप वृद्धिकारक,વનસ્પતિ વૃદ્ધિ પ્રમોટર
पादप वृद्धि नियामक,વનસ્પતિ વૃદ્ધિ નિયમનકાર
पादप प्रवेशन,વનસ્પતિ પરિચય
पादप पोषक (तत्व),છોડ પોશાકો
पादप पोषण,વનસ્પતિ પોષણ
पादप संगरोध नियमन,વનસ્પતિ સંસર્ગનિષેધ
पादप ऊतक परीक्षण,વનસ્પતિ -પેશી પરીક્ષણ
"रोपणी फसलें, बागानी फसलें",બગીચાના પાક
"प्लांटर, रोपण यंत्र",વાવેતર કરનાર
रोपण सामग्री,વાવેતર સામગ્રી
रोपण अनुपात,વાવેતર ગુણોત્તર
प्रद्रव्य,પ્લાઝ્મા
प्लाज्मा झिल्ली,પ્લાઝ્મા પટલ
प्लाज्मिड,પ્લાશ્મિડ
प्रद्रव्यतंतु,જાડું
प्रद्रव्यलयन,પ્લાઝોલિસીસ
"सुघट्यता, प्लास्टिकता",પ્લાસ્ટિકિટી
प्लास्टीकल्चर,ગ્રાસ
लवक,ખુલ્લી
बहुप्रभावी जीन,અપરાધ જનીન
प्रखंड (प्रायोगिक),પ્લોટ (પ્રાયોગિક)
जुताई,ધૂન
खूड़तली,ખેડાખ
खूड़तली निवेशन,હળપૂણી-પ્લેસમેન્ટ
वर्षा-आधारित धान की भूमियां,ચોખાની જમીન
वर्षा सबंधी,વાંકું
वायुचालुत फुहारक,વાયુયુક્ત છાંટો
श्वसनमूल,ન્યુમેટોફોર
पॉडजोल मृदा,પોડઝોલ માટી
पॉडजोलीभवन,ગટ
बिंदु उत्परिवर्तन,બિંદુ પરિવર્તન
प्वासों वितरण,પોઇસન વિતરણ
परागक,પરંગર
बहुभ्रूणता,બહુપદી
बहुलकन,બહુપદી
बहुरूपता,બહુપદી
बहुपट्टीय गुणसूत्र,મરઘાં
पॉलीटिन गुणसूत्र,બહુપદી રંગસૂત્ર
फलकृषि विज्ञान,ફરકવિજ્ pાન
"सरंध्रता, आबादी",વસ્તી
सरंध्रता,પોરોસિટી (છિદ્ર-જગ્યા)
उद्भव-पश्चात्,Emપન
"कटाई उपरांत, तुड़ाई उपरांत, सस्योत्तर",પોસ્ટ લણણી
कटाई-उपरांत जुताई,હાર્વેસ્ટ પછીની ખેતી
पोटैशियम अवशोषण अनुपात,પોટેશિયમ શોષણ ગુણોત્તર
पोटैशियम स्थिरीकरण,પોટેશિયમ સુધારા
संभाव्य अम्लता,સંભવિત એસિડિટી
संभाव्य फसल उपज,સંભવિત પાક ઉપજ
संभाव्य वाष्पन,સંભવિત બાષ્પીભવન
संभाव्य वाष्पोपरिवर्तन,સંભવિત બાષ્પીભવન
कुक्कुट पालन,મરઘાં ખેતી
"प्रेयरी, घास का बड़ा मैदान",દંભી
फलनपूर्व अवधि,પૂર્વવર્તી સમયગાળો
"अवक्षेपण, वर्षण",વરસાદ
परिशुद्ध कृषि,ચોકસાઈ ખેતી
परिशुद्ध कृषि,ચોકસાઈ કૃષિ
परभक्षी,પ્રિવેન્ટ
उद्भव-पूर्व,પૂર્વ-ઉદભવ
उद्भव-पूर्व उपचार,પૂર્વ-ઉદભવ સારવાર
बुवाई-पूर्व उपचार (शाकनाशी),પૂર્વ -વર્તણૂક
प्रेसमड (चीनी की मैली),અણી
दाब प्रवणता,દબાણ ientાળ
कीमत लोच,ભાવ સ્થિતિસ્થાપકતા
कीमत सूचकांक,ભાવ -સૂચિ
प्राथमिक संवर्ध,પ્રાથમિક સંસ્કૃતિ
प्राथमिक वृद्धि,પ્રાથમિક વૃદ્ધિ
प्राथमिक कर्षण,પ્રાથમિક ખેતી
प्रारंभक,પ્રાઇમ
रचाना (तंबाकू),પ્રીમિંગ (તમાકુ)
आद्य अवस्था,આદિકાળ
प्रियोन,પ્રિયન
संभाव्यता,સંભાવના
संपरीक्षक,તપાસ
समस्याग्रस्त मृदा,સમસ્યા માટી
प्रसंस्करण,પ્રક્રિયા
उत्पादन फलन,ઉત્પાદન
अत्पादकता,ઉત્પાદકતા
लाभ,નફો
संतति परीक्षण,અંતર્જ્-tાન
प्रगतिशील किसान,પ્રગતિશીલ
परियोजना मूल्यांकन,પરિયૂટ મૂલ્યાંકન
अकेन्द्रिक,મોહક
उन्नायक,પ્રધાનપદ
रोग निरोधी छिड़काव,ભવિષ્યકથન
स्वामित्व फसल,માલિકી ખેડૂત
पुंपूर्वी,વિનાશક
प्रोटीन,પ્રોટીન
प्रोटीन इंजीनियरी,પ્રોટીન ઈજનેરી
प्रोटीन अनुक्रमण,પ્રોટીન અનુક્રમ
प्रोटीन संश्लेषण,પ્રોટીન સંશ્લેષણ
प्रोटीन संजीनिकी,પ્રોટિકોટ
स्त्री पूर्वता,આહત્યા
जीवद्रव्य,પ્રહાર
प्रपोषित,અનુયાયી
प्रूसिक अम्ल,પ્રુસિક એસિડ (એચસીએન/ધુરિન)
कूट विकल्पी,ષડયંત્ર
आभासी उभयलिंगी,સ્યુડોહ્રોડાઇટ
"साइक्रोमीटर, आर्द्रतामापी",મનોરોમીટર
"कादों, गाद, कीचड़",ગંદું
गादयुक्त मिट्टी,ખસી ગયેલી માટી
"कादों करना, गाद करना",ખડખડાટ
गूदा निकालना,રંગભેર
दलहनी बीज,નાડીનું બીજ
"पेषण, पीसना, चूर्णन",ધ્રુજારી
भुरभुरा करना (मिट्टी),પલ્વરાઇઝેશન (માટી)
"तीखा, सख़्त",તીક્ષ્ણ
शुद्ध संवर्ध,શુદ્ધ સંસ્કૃતિ
शुद्ध वंशक्रम,શુદ્ધ રેખા
शुद्ध वंशक्रम वरण,શુદ્ધ રેખા પસંદગી
रेचक,શુદ્ધ
शोधन,શુદ્ધિકરણ
शुद्धता परीक्षण,શુદ્ધ કસોટી
पाइरैनोमीटर,પિરાનોમાપક
भू-तापमापी,જાંબુડિયા રંગના કામકાજ
सौर विकिरणमापी,પાયમાળમીટર
धान,ડાઉ
गंधीज घास,વાટકો
ताड़,હથેળી
केतिकी,પાનખર
पपीता,પપ્પા
पैरा घास,પેરા ઘાસ
"पार्सले, अजमोद",કોથમરી
गाजर घास (कांग्रेस घास),"પાર્થેનિયમ, (કોંગ્રેસ ઘાસ)"
पचौली,પથારી
आड़ू,પીચ
गुलमोहर,"મોર ફૂલ, સ્વર્ગ ફૂલ"
नाशपाती,પિઅર
बाजरा,મોતી બાજરી
मटर,વટાણા
पीकन नट,લૂંટી બકરા
ब्राह्मी,એક નાનકડી સંખ્યા
पेपिनो,પેપિનો
काली मिर्च,મરી
भसिंडा,પેરિલો
सदाबहार,સુશોભિત
जापानी फल,પર્સનમોન
फालसा,ફાલસા
अरहर,ખાનાવાળું
कृष्णनील,પિમ્પર્નલ (એનાગાલિસ)
चीड़,પાઈન
अनन्नास,અનેનાસ
पिस्ता,"પિસ્તા, લીલો બદામ"
"अलूचा, बेर",પીઠ
परवल,નિર્દેશિત ખાડો
अनार,દાડમ
करंज,ગુંજાર
पोपलर,પોપ્લર
अफीम,Popતી
खुर्सा,પોર્ટુલાકા
आलू,બટાટા
सत्यानाशी,કાંટાદાર ખસખસ
"बकैन, नीम","ભારતનો ગૌરવ, ચાઇના ટ્રી"
चीना,દળ
इसबगोल,સાયકલ
पुलासन,પુણ્ય
कद्दू,ગુંડો
पुमैलो,ધુમાડો
चित्तीदार मत्कुण,પેઇન્ટેડ ભૂલ
तोता,પોપટ
मोर,મોર
फली वेधक,બોરર
फली मक्खी,પીઠ
ढ़ोरा,પલ્સ ભમરો
पाइरिल्ला,પિરાઇલા
"रोग विज्ञानी, विकृति विज्ञानी",રોગવિજ્ologistાની
मृदा विज्ञानी,પાડોલિસ્ટ
पादप प्रजनक,વનસ્પતિ સંવર્ધક
पादप रोग विज्ञानी,વનસ્પતિ રોગવિજ્ologistાની
पादप क्रियाविज्ञानी,વનસ્પતિ ચિકિત્સક
फल विज्ञानी,બંમોલોજિસ
क्यू दस,ક્યૂ 10
मात्रात्मक विशेषक विस्थल,ક્યુટીએલ (માત્રાત્મક લક્ષણ લોકી)
चतुष्कोण,ચતુર્ભુજ
द्विघाती अनुक्रिया,ચાર વર્ગનો જવાબ
चतुः सस्यन,ચતુર્ભુજ પાક
गुणात्मक वंशागति,ગુણાત્મક વારસો
गुणता बीज,ગુણવત્તા બીજ
मात्रात्मक आनुवंशिकी,જથ્થાત્મક આનુવંશિકતા
मात्रात्मक वंशागति,માત્રાત્મક વારસો
क्वांटम बीज,જથ્થાબંધ બીજ
संगरोध,ક્વોરૅન્ટીન
संगरोध पीड़क,કોરેન્ટાઈન જીવાતો
स्फटिक,ક્વટ્ઝ
त्वरित परीक्षण,ઝડપી કસોટી
प्रशांति,શાંતતા
प्रशांत केंद्र,ગુણાકાર કેન્દ્ર
बटेर,ઠંડું
रानी मधुमक्खी,રાણી મધમાખી
आर मान,મૂલ્ય
रबी फसल,રબી (શિયાળો) પાક
असीमाक्ष,Racાળ
विकिरण,કિરણોત્સર્ગ
मूलांकुर,દંભી
"रेडियोधर्मिता, विकिरणशीलता",કિરણોત્સર્ગ
"विकिरण जैविकी, विकिरण जीव विज्ञान",રેડિયોવિજ્iologyાની
विकिरण प्रतिरक्षी आमापन,રેડિયો -અમુનો પરત
रेडियोधर्मी समस्थानिक,કિહદૃષ્ટિ
वर्षी जल संग्रहण,વરસાદી પાણીની લણણી
इंद्रधनुषी क्रांति,મેઘધનુષ્ય ક્રાંતિ
वर्षा,વરસાદ
"बारानी, वर्षा आश्रित",વરસાદ પડેલું
वर्षामापी,વરસાદનું પ્રમાણ
"वर्षा ऋतु, बरसात",ચોમાસુ
उत्थित क्यारी,Raભું પલંગ
"रैंचन, पशु-संबंधी उद्यम",ઘડપણ
"विकृतगन्धिता, खटवास",ગહનતા
यादृच्छिक प्रवर्धित बहुरूपी,રેન્ડમ વિસ્તૃત બહુપદી
यादृच्छिक नमूना,બારીનો નમૂના
यादृच्छिकीकरण,અવ્યવસ્થિતકરણ
यादृच्छिक ब्लॉक डिजाइन,અવ્યવસ્થિત બ્લોક ડિઝાઇન
श्रेणी (सांख्यिकी),શ્રેણી (આંકડા)
चरागाह,રંગબેરૂપ
चरागाह प्रबंध,શ્રેણીનું સંચાલન
त्वरित ग्रामीण आकलन (आर आर ए),ઝડપી ગ્રામીણ મૂલ્યાંકન (આર.આર.એ.)
राशन,રેશન
"रतून, पेड़ी",ખરબચડી
पेड़ी सस्यन,પાપ
"फसल कटाई यंत्र, फसल कर्तक",લવર
दुःसाध्य बीज,અનિયંત્રિત બીજ
प्रतिसार कृषि,મંદીની ખેતી
प्रतिसार प्रावस्था,મંદી
अप्रभावी,મસાપુનું
"पुनर्भरण, पुनःपूरण",રિચાર્જ
पारस्परिक जीन,પારસ્પરિક જનીણ
उद्धारित भूमि,ફરીથી કબજે કરેલી જમીન
पुनः संयोजक,પુનરાગમન
पुनः संयोजक डीएनए प्रौद्योगिकी,પુનર્નિર્માણ ડીએનએ ટેકનોલોજી
पुनर्योजन,પુનર્જીવન
"पुनरेक, रेकॉन",ફરીથી કે પુન rec રૂપરેખા કરવી
आवीक्षी सर्वेक्षण,જાસૂસી મોજણી
पुनरावर्ती जनक,આવર્તક માતાપિતા
पुनःउपयोगी अविशष्ट,રિસાયક્લિટેબલ
लाल शैवाल,લાલ શેવાળ
लुप्तप्राय जीवों की सूची,રેડ -ચોપડી
लाल मृदा,લાલ માટી
"रेडॉक्स विभव, अवकरण विभव",પ્રબળ -સંભાવના
लघूकृत नमूना,ઓછો નમૂનો
लघूकृत जुताई,ઘટાડો ખેતી
अपचायी शर्करा,ખાંડ
"अपचयन, अवकरण, लघुकरण",ઘટાડો
संदर्भ फसल,સંદર્ભ પાક
परावर्तन गुणांक,પ્રતિબિંબ
परावर्तन,પ્રતિબિંબ
प्रतिवर्ती पुंकेसर,પુંકેસર
अपवर्तन सूचकांक,પ્રતિકૂળ સૂચક
अपवर्तनमापी,પ્રત્યાવર્તનમાપક
"पुनर्जनन, पुनरुद्भवन",પુનર્જનન
पंजीकृत बीज,નોંધાયેલું બીજ
आवरण प्रस्तर,સ્થૂળ
समाश्रयण,પ્રત્યાગમાન
समाश्रयण गुणांक,રીગમન ગુણાંક
नियामक जीन,નિયામક જનીન
सापेक्ष फसल सघनता सूचकांक,સંબંધિત પાક-તીવ્રતા સૂચના
सापेक्ष सघनता गुणांक (के),સંબંધિત ભીડ ગુણાંક (કે)
सापेक्ष वृद्धि दर (आर जी आर),સંબંધિત વૃદ્ધિ દર (આરજીઆર)
सापेक्ष आर्द्रता (आर एच),સંબંધિત ભેજ (આરએચ)
सापेक्ष परिसर सूचकांक,સંબંધી ફેલાવો અનુક્રમણિકા
सापेक्षिक जलांश,સંબંધિત પાણીનું પ્રમાણ
संबंधित खरपतवार,સંબંધિત નીંદણ
सापेक्ष उत्पादन सूचकांक,સંબંધિત ઉપજ અનુક્રમણિકા
कुल सापेक्ष उत्पाद,ઉપજ કુલ
"क्रमिक सस्यन, अनुपद सस्यन",રિલે પાક
उच्चावच (भूमितल),રાહત
सुदूर संवेदन,રિમોટ સેન્સિંગ
नवीकरणीय ऊर्जा स्रोत,Energyર્જાના સ્રોત
जीर्णोद्धार,નવીનીકરણ
विकर्षक,જીવડાં
प्रतिकृतियन द्विशाख,પ્રતિકૃતિ કાંટો
"प्रतिकृतियन, पुनरावृत्ति",પ્રતિકૃતિ
प्रतिवेदक जीन,પત્રકાર જનીન
उर्वरक का अवशिष्ट प्रभाव,ખાતરની અવશેષ અસર
खाद का अवशिष्ट प्रभाव,ખાતરની અવશેષ અસર
अवशिष्ट सोडियम कार्बोनेट,અવશેષ સોડિયમ કાર્બોનેટ
अवशिष्ट मृदा उर्वरता,અવશેષ જમીન ફળદ્રુપતા
अवशिष्ट,શેષ
सहनशीलता (फसल),સ્થિતિસ્થાપકતા (પાક)
संसाधन उपयोग सूचकांक (आर यू आई),સંસાધન-ઉપયોગ સૂચકાંકો (આરયુઆઈ)
श्वसन गुणांक,શ્વાસોચ્છવાસ
श्वसनी वर्णक,શ્વસન રંગદ્રવ્યો
श्वसन घातांक,શ્વસન ભાગ
अनुक्रिया वक्र,પ્રતિભાવ વળાંક
अनुक्रिया,પ્રતિભાવ
प्रत्यवस्थान केंद्रक,પુન restસનીય ન્યુક્લસ
प्रत्यास्थापक वंशक्रम,પુન restપ્રાપ્તિ કરનાર
"प्रतिबंधन एन्जाइम, प्रतिबंधन किण्वक",પ્રતિબંધ -ઉત્સેચક
प्रतिबंधन खंड,પ્રતિબંધ ટુકડો
परिणाम प्रदर्शन,પરિણામ પ્રદર્શન
"फुटकर, खुदरा",છૂટક વેચાણ
मंदक,મંદબુદ્ધિ
"पश्च विषाणु, श्वेत विषाणु",રિટ્રોવાયરસ
"अपगलन, सड़ाना",Tingણણાદો
राजस्व,મહેસૂલ
उत्क्रम आनुवंशिकी,Verseલટું આનુવંશિકતા
उत्क्रमित उत्परिवर्तन,વિપરીત પરિવર્તન
राइजोबैक्टीरिया (पी जी पी आर),રાઇઝોબેક્ટેરિયા (પી.જી.પી.આર.)
मूल परिवेश निक्षेपण,Rhંચે
मूलाभास,Rhંચું
प्रकंद,રાઇઝમ
मूल परिवेश,રાઇઝોસ્ફિયર
राइबोसोम,રાક્ષસી
रिकेट्सिया जैसे जीव,સજીવ જેવા રિકેટસિયા
"मेंड़बंधक, कटक बंधक",રિજ ભૂતપૂર્વ (રીડર)
कटक रोपण,મોરો
कटक वेदिका,આવરણ
मेंड़ पर जुताई,પટ્ટી સુધી
"रिल अपरदन, नाला अपरदन",ખોટો ધોવાણ
जोखिम,જોખમ
आरएनए सोपान,આર.એન.એ.
चट्टान,ખડકો
अवांछित,બદમાશ
अपवांछन,ખાદ્યપથિ
"मूल फसल, जड़ वाली फसल",મૂળ
मूल निःस्राव,મૂળિયા
मूल पिटिका सूत्रकृमि,રુટ પિત્ત નેમાટોડ
मूल प्रेरक प्लाज्मिड,મૂળ પ્રેરિત પ્લાઝમિડ
मूल ग्रंथिका,મૂળિયા નોડ્યુલ્સ
"प्रकंद, मूलवृंत",રૂટસ્ટોક
रोजेट रोग,રોઝેટ રોગ
रोजेट बहुभ्रूणता,પોલિઆમ્બ્રીની
रोजेट विषाणु,રોઝેટ વાયરસ
घूर्णी जुताई,રોમાંટી
क्रमिक चराई,પરિભ્રમણ
"मोटा चारा, रूक्षअंश",ખડતલ
"पंक्ति फसल, पंक्तिबद्ध फसल",પંક્તિ પાક
पंक्ति अंतःफसल,દખલ
तत्काल सेवा पेय,આરટીએસ પીણું
उपरी भूस्तारी,દોડવી
अपवाह खेती,ઉડાન
अपवाह जल,ખસી જવું
क्षेत्रीय ग्रामीण बैंक,ગ્રામીણ પ્રાદેશિક બેંક
मूली,મૂળો
विलायती सीरिस,વરસાદનું ઝાડ
किशमिश,કિસમિસ
रैम्बूटान,રેમ્બુટાન
रंगून की बेल,રંગીન લતા
राई,રેપિએટ
रसभरी,ફાંટો
"सुंगरा, मुंगरा",ઉંદર-પૂંછડીની મૂળા
बेत,રતન
तून,લાલ દેવદાર (ટૂના)
त्रिपत्रा,લાલ ક્લોવર
सेमल,લાલ રેશમનું ઝાડ
नरकुल,Reાળ
रोड्स घास,દરોશ
बोरंश,ર્ડોડેન્ડ્રોન
तातरी,શણગાર
चावल,ચોખા
नसदार तोरई,ખરબચડું
गुलाब,ગુલાબ
गुलाब जामुन,ગુલાબના બેરી
रसभरी,રોઝમેરી
टिंडा,ગોળાકાર
रबड़,રબર
चूहा,ઉંદર
लाल ताड़-घुन,લાલ હથેળી
कद्दू की लाल भृंग,લાલ કોળાની ભમરો
राइनोसिरस भृंग,ગેંડો ભમરો
सुरसुरी,ચોખ્ખા દાળ
लवणी क्षारीय मृदा,ક્ષાર આલ્કલી માટી
लवण मृदा,ખારા માટી
लवणीभवन,ખારાશ
लार ग्रंथि गुणसूत्र,લાળ ગ્રંથિ રંગસૂત્ર
लवण,મીઠાનું
लवण प्रभावित मृदा,મીઠું આધારિત માટી
लवण सूचकांक,મીઠાની સૂચિ
लवण प्रतिबल,મીઠું તાણ
लवण सह्यता उच्छलन,મીઠું સહનશીલતા
प्रतिदर्श,નમૂનો
प्रतिचयन त्रुटि,નમૂનાની ભૂલ
"प्रतिचयन मात्रक, नमूना मात्रक",નમૂના એકમ
प्रतिचयन,નમૂનો
बालू,રેતી
बलुई मृत्तिका,રેતાળ માટી
बलुई दोमट,રેતાળ લોમ
"बलुई मिट्टी, बलुई मृदा",રેતાળ માટી
रस,સાગ
पौध,રોપણી
साबुनीकरण मान,સાબુની કિંમત
अनुषंगी डीएनए,ઉપગ્રહ ડીએનએ
अनुषंगी खरपतवार,ઉપગ્રહ નીંદણ
संतृप्त वाष्प दबाव,સંતૃપ્ત વરાળ દબાણ
सवाना (घास के मैदान),ગંદણ
आलंबी प्रोटीन,ગંદું પ્રોટીન
"स्केप, प्रवृंत",પલાયન
क्षतचिह्न,કર્કશ
"सायन, सांकुर",Scાંકીપ
छायाप्रिय पौधे,વિજ્iાન
ऋतुनिष्ठ चक्र,મોસમી ચક્ર
"मौसमी सूखा, मौसमी अनावृष्टि",મોસમી દુષ્કાળ
मौसमी पादप,મોસમી પ્લાન્ટ
द्वितीयक वृद्धि,ગૌણ વૃદ્ધિ
द्वितीयक पादप पोषक (तत्व),માવજદાર છોડના પોષક તત્વો
द्वितीयक उत्पादकता,ગૌણ ઉત્પાદકતા
द्वितीयक भूपरिष्करण,માધ્યમિક ખેતી
झाड़ी,ઝગડો
बीजोढ़ कवक,બીજ -ફૂગ
बीज प्रमाणीकरण,બીજ પ્રમાણપત્ર
बीज दृढ़ीकरण,બીજ સખ્તાઇ
बीजोपचार,બીજ સારવાર
बीज एवं उर्वरक बुवाई यंत्र,બીજ-ફળદ્રુપ કવાયત
पौध,Seedગલો
अंतःस्रवण,ઝાડો
विसंयोजन,અલગતા
वरणयोग्य चिह्नक,પસંદ કરી શકાય તેવું માર્કર
वरण दबाव,પસંદગી દબાણ
वरणात्मक शाकनाशी,પસંદગીલક્ષી હર્બિસાઇડ
वरणात्मकता सूचकांक,પસંદગીની સૂચિ
स्वः निषेचन,સ્વયં ગર્ભાધાન
आत्म-निर्भरता,સ્વાવલંબન પર્યાપ્તતા
स्वतः विरलन क्षमता,સ્વયં પાતળી ક્ષમતા
स्वतः फलदायी,સ્વાર્થી
स्वः असंगतता,સ્વયં અસંગતતા
स्वार्थी डीएनए,સ્વાર્થી ડીએનએ
अर्ध शुष्क,અર્ધ-શુષ્ક
संवेदी आकलन,સંવેદનાત્મક મૂલ્યાંકન
बाह्य दल,પ seસિલ
क्रमिक सस्यन,ક્રમિક પાક
क्रमिक तनुता,ધારાધોરણ
रेशमकीट पालन,ઉષ્ણતા
सीरम विज्ञान,શાસ્ત્ર
सीरम,સીરમ
लिंग निर्धारण,જાતીય નિર્ધારણ
लिंग सहलग्नता,લૈંગિકતા
लैंगिक प्रवर्धन,જાતીય પ્રચાર
परत अपरदन,ચાદર ધોવાણ
निखोलना,તોપમારો
हवा के विरुद्ध रोक,આશ્રય -પટ્ટી
अल्प प्रदीप्तकाली पादप,ટૂંકા દિવસ
लघु - तरंगदैर्घ्य विकिरण,અલ્પ-તરંગ કિરણોત્સર્ગ
"बहुपोषी संवाहक, शटल संवाहक",શટલ વેક્ટર
सहोदर,ભાઇ
दात्र कोशिका अरक्तता,સિકલ સેલ એનિમિયા
सिग्माभ वक्र,સિગ્મ id ઇડ વળાંક
संकेत परिकल्पना,સંકેત પૂર્વધારણા
सार्थकता परीक्षण,મહત્વ કસોટી
साइलेज (चारा),પાટિયા
भंडारण पात्र,કોઇ
"माद, तलछट",કાંપ
तलछटी दोमट,કાંપ
वनवर्धन,સિલ્વીકલ્ચર
"गर्त, हौदी, सिंक",ખસી જવું
विलय क्षमता,ડૂબકી ક્ષમતા
सहअर्धसूत्र,બહેન ક્રોમેટિડ
स्थान-विशिष्ट पोषक तत्व प्रबंधन,વિશિષ્ટ પોષક વ્યવસ્થા
वैषम्य वितरण,કલંકિત વિતરણ
पंक्ति अंतराल रोपण,પંક્તિ વાવેતર છોડો
अवपंक फफूंदी,નિસ્તેજ ઘાટ
मंद निर्मुक्त उर्वरक,ધીમી પ્રકાશન ખાતર
आपंक,કાદવ
कर्दम,ખળભળાટ
शमनक फसलें,દુ: ખી પાક
सामाजिक वानिकी,સામાજિક વનનિર્માણ
सतृणभूमि कृषि,એસ.ઓ.ડી. સંસ્કૃતિ
सॉड घास,કodંગું
सॉड मृदा,સોડિક માટી
सोडियम अवशोषण अनुपात,સોડિયમ શોષણ ગુણોત્તર
सोडियम पंप,સોડિયમ પંપ
मृदुकाष्क कलमबंदी,નરમ લાકડું કલમ બનાવવી
मृदा आसंजन,ભૂમિનું સંલગ્નતા
मृदा वातन,જમીનની વાયુમિશ્રણ
मृदा पुंज,જમીન (એકંદર
मृदा क्षारीयता,માટીની ક્ષીણ
"भूमि शोधन, भूमि सुधार",ભૂમિ -સુધારો
मृदा विश्लेषण,માટીનું વિશ્લેષણ
मृदा जैव विविधता,જૈવવિવિધતા
मृदा जैविकी,જમીન -જીવવિજ્ologyાન
मृदा वर्गीकरण,ભૂમિ -વર્ગીકરણ
मृदा कोलॉइड,જમીન
मृदा संहतीकरण,જમીન
मृदा अनुकूलक,જમીનની કન્ડિશન્ડર
मृदा संरक्षण,ભૂમિ -સંરક્ષણ
मृदा पपड़ी,ભૂમિ પોપડો
मृदा निम्नीकरण,ભૂમિ -અધોગતિ
मृदा अपरदनीयता कारक,જમીન ક્ષીણતા પરિબળ
मृदा उर्वरता,જમીનની ફળદ્રુપતા
मृदा उत्पत्ति,ભૂમિ ઉત્પત્તિ
मृदा स्वास्थ्य,ભૂમિ આરોગ્ય
मृदा संस्तर,જમીનની ક્ષતિ
मृदा वृहद्जीव,માટી કર્કશ
मृदा प्रबंधन,ભૂમિ -વ્યવસ્થા
मृदा सूक्ष्म जैविकी,ભૂમિ -સૂક્ષ્મવિજ્iologyાન
मृदा सूक्ष्मजीव,માટી સુક્ષ્મસજીવો
मृदा नमी अल्पता,માટી ભેજ
मृदा कार्बनिक पदार्थ,ભૂમિ -કાર્બનિક પદાર્થ
मृदा सरंध्रता,ભૂમિ -છિદ્ર
मृदा उत्पादकता,ભૂમિ -ઉત્પાદકતા
मृदा परिच्छेदिका,ભૂમિ -રૂપરેખા
मृदा गुणवत्ता,ભૂમિ ગુણવત્તા
मृदा अभिक्रिया,ભૂમિ
मृदा प्रतिरोध,ભૂમિ -પ્રતિકાર
मृदा लवणता,ભૂમિ ખારાશ
मृदा विज्ञान,ભૂમિ -વિજ્ scienceાન
मृदा रुग्णता,ભૂમિ માંદગી
मृदा छानना,માટી ચાળવું
मृदा विलयन,જમીનનો ઉકેલ
मृदा निर्जर्मीकारक,જીવાળડારવાળું
मृदा संरचना,માટીનું માળખું
मृदा निलंबन,ભૂમિ -મોકૂફી
मृदा परीक्षण,ભૂમિ -પરીક્ષણ
मृदा गठन,ભૂમિ -બનાવટ
मृदा-जल विभव,ભૂમિ -સંભાવના
मृदाजल,ભૂમિ
सौर स्थिरांक,સૌર
सौर विकिरण,સૌર કિરણોત્સર્ગ
सौर वर्णक्रम,સૌર વર્ણ
"सौर्यन, सूर्यीकरण",સૌરકરણ
एकल फसल,એકમાત્ર પાક
घुलनशील सोडियम प्रतिशत,દ્રાવ્ય સોડિયમ ટકાવારી
कायिक कोशिका,સોમેટિક કોષ
कायिक भ्रूण,સોમેટિક ગર્ભ
कायिक संकरण,સોમેટિક વર્ણસંકરકરણ
ज्वार क्षति,જુવારની ઈજા
क्षतिपूरक जीन,એસ.ઓ.એસ.
सदर्न शोषण,સધર્ન બ્લ ot ટિંગ
दूरी (पादप),અંતર (છોડ)
"स्पेडिक्स, स्थूलमंजरी",પ્રાણઘાતક
स्पेथ,ચપટી
विशेष विन्यास,વિશેષ વ્યવસ્થા
विशिष्ट सस्यन,વિશિષ્ટ પાક
विशिष्ट कृषि,વિશિષ્ટ કૃષિ
जाति,જાતિઓ
विशिष्ट फसल सघनता सूचकांक,ચોક્કસ પાક
"विशिष्ट गुरुत्व, आपेक्षिक गुरुत्व",ચોક્કસ ગુરુત્વાકર્ષણ
सापेक्ष आर्द्रता,ચોક્કસ ભેજ
विशिष्ट पर्ण क्षेत्र,ચોક્કસ પાંદડા વિસ્તાર
शुक्राणुजनन,વીર્ય
एस-प्रावस्था,ના તબક્કાવાયા
कणिश,બુદ્ધિ
कणिशिका,દાણા
तर्कु झाड़ी,સ્પિન્ડલ ઝાડવું
बौछारी अपरदन,છાંટો ધોવાણ
समबंधन,છળકતું
विभाजित प्रयोग,વિભાજિત અરજી
विखंडित जीन,વિભાજિત જનીનો
विभक्त प्लॉट डिजाइन,વિભાજન પ્લોટ ડિઝાઇન
स्पंजी ऊतक,સ્પોંગી પેશી
स्वतः उत्परिवर्तन,સ્વયંસ્ફુરિત પરિવર્તન
बीजाणु,બીજકણ
फुहारी सिंचाई,છંટકાવ સિંચાઈ
स्पडन,ખડખડાટ
दलपुट,Spતરવું
दलपुटधारी,ગતિશીલતા
"अल्पकालिक झंझावात, अंधड़",છલકું
स्थायीकर कर्मक,સ્થિર એજન્ટ
मानक विचलन,પ્રમાણભૂત વિચલન
भोज्य फसल,મુખ્ય પાક
प्रारंभी प्रकूट,કોડન શરૂ કરો
आरंभी विलयन,પ્રસ્થાન ઉકેલ
तना बेधक,સ્ટેમ બોરર
स्तंभ अंत,સ્ટેમનો અંત
अवर्धबीजता,સ્ટેનોસ્પરમોકાર્પી
स्टेपी (घास के मैदान),મક્કમ
"निर्जर्मीकरण, बंध्यीकरण",રોગાણુનાશન
वर्तिकाग्र सुग्राहिता,કલંક
"वर्तिकाग्र, श्वासछिद्र",લાંછન
अवस्तंभ मूल,ભડકો
भूस्तारी,ગંદું
रंध्र,સ્ટોમેટા
स्टूलिंग,સ્ટૂલિંગ
रोध प्रकूट,કોડોન
स्तरित,સ્તરીકૃત
स्तरण,સ્તરીકરણ
भूसा,સ્ટ્રો
प्रतिबल,ભાર
पट्टीदार सस्यन,પટ્ટીક
पट्टी अंतरासस्यन,છટાવાળા પટ્ટા
पीठिका,ગૂંજ
ठूंठ,આતુર
ठूंठ पलवार,હલાવેલા
वर्तिका,શૈલી
उप आर्द्र,ભેજવાળું
"सुबरिनीकरण, कार्कीकरण",આવરણ
आप्लावन,ખુલાસો
"जीविकोपार्जनी सस्यन, निर्वाही कृषि",નિર્વાહ -ખેતી
"अवमृदा, अवभूमि की गहरी जुताई",વટાવવાનું
उपजाति,પેટા-પ્રજાતિ
प्रतिस्थापन सस्यन,અવેજી બનાવટ
"क्रियाधार, अवस्तर",અંતરીક
उपसतही सिंचन,પેટા સિંચાઈ
अनुक्रमण,ઉત્તરાધિકાર
गूदेदार,ઉદ્ધત
अंतः भूस्तारी,ગંદકી
स्वतःवर्गीय,જનનુ
सौर उपचार,સૂર્ય-અનુમાન
"पूरक सिंचन, पूरक सिंचाई",પૂરક સિંચાઈ
पूरक उद्यभ,પૂરક ઉદ્યોગ
अनुपूरक अन्योन्य क्रिया,પૂરક ક્રિયાપ્રતિક્રિયા
निरोधक जीन,દબાવી જનીન
पृष्ठ संक्रियक,સરફેક્ટર
"सुग्राही, ग्रहणशील",સંવેદનશીલ
निलंबन संवर्ध,બંધબેસતુ સંસ્કૃતિ
"संधारणीय कृषि, टिकाऊ खेती",ટકાઉ કૃષિ
संधारणीय विकास,ટકાઉ વિકાસ
वृंदन,Ingણ
तलवारी पत्ती,તલવારનું પાન
साइकोनियम,સાંકેત
"सहजीविता, सहजीवन",સહજીવીઓ
युग्मक संलयन,સાંકેતિક
धान सघनता पद्धति,ચોખાની તીવ્ર પદ્ધતિ
सर्वांगीय (स्थानांतरित) शाकनाशी,પ્રણાલીગત હર્બિસાઇડ
कुसुम,ક્ષમાણી
केसर,કેસો
सीस्ती,Sાળ
साल,સાલ
साल्विया,તલવાર
चंदन,ચંદણનું લાકડું
चीकू,સાધનો
केवड़ा,ડુક્કર
धुरचुक,દરિયાકાંઠે
सनाय,સણગન
चंद्रभागा,સર્પ
तिल,તલ
चिचिड़ा,સાપ ખાડો
कचरी,ત્વરિત તરબૂચ
रीठा,સાબુ
ज्वार,નાણું
सोयाबीन,સોયાબીન
मोलश्री,સ્પેચશ ચેરી
पालक,વિસ્તાર
बारफली,ગંજીાર
"घीया, तोरई",સ્પોન્જ
स्टीविया,સ્ટીવિયા
बिच्छू बूटी,ડંખ મારનાર
छड़ीला,પથ્થર
स्ट्राबेरी,મંરીલો
सुडान घास,સુદાન ઘાસ
गन्ना,શેરડી
चप्पन कद्दू,ઉનાળો
सूरजमुखी,સૂર્યમુખી
सनई,તડ
"बनमेथी, सेंजी",મીઠી ક્લોવર
ककरोल,મીઠાઈ
शकरकंद,શક્કરિયા
वनषशाह,મીઠી વાયોલેટ
रस चूसक,સ p પ સકર
आरा मक्खी,જોયું
शल्क कीट,માપેલ જંતુ
अर्ध कुंडलक,સેમિલૂપર
प्ररोह वेधक,શૂટ બોરર
रेशम कीट,રેશમનો કીડો
घोंघा,ગોકળગાય
गौरैया,ચકલી
मकड़ी,કરોળિયા
गिलहरी,ખડકો
तना वेधक,દાંડીનું બોરર
तना वेधक,સ્ટેમ બોરર
स्तंभ मेखला कीट,સ્ટેમ કમરપુન
गुठली का घुन,પથ્થર નળી
मृदाविज्ञानी,ભૂમિ -વૈજ્ scientાનિક
अनुचलन गति,યુદ્ધની યુક્તિ
टैगन (लेबलन),ટેગિંગ (લેબલિંગ)
टैंक तलछट,ટાંકી કાંપ
मूसला जड़,મૂળ
"बल्लर, नर मंजरी (मक्का)",ટાસેલ (મકાઈ)
"वर्गिकी, वर्गीकरण विज्ञान",વર્ગીકરણ
प्रौद्योगिकी,પ્રાતળતા
शीतोष्ण क्षेत्र,સમશીતોષ્ણ વિસ્તાર
अस्थायी म्लानि,હંગામી ઝબૂકવું
प्रतान,નિવારણ
"तनावमापी, टेन्सियोमीटर",તનમાક્ષમાપક
परिदल,તંગ
विरूपजनन,ટેરાટોજેની
समापन प्रकूट,સમાપ્તિ કોડન
वेदिका,Terrંચું
वेदिका अंतराल,ટેરેસ અંતરાલ
भौमिक विकिरण,પાર્થિવ કિરણોત્સર્ગ
भौमिक खरपतवार,પાર્થિવ નીંદણ
परीक्षार्थ संकरण,પરીક્ષણ -ક્રોસ
परीक्षण भार,પરીક્ષણ -વજન
"बीजावरण, टेस्टा",વસૂલાત
चतुष्क,એક જાતનો રંગીન ભાગ
चतुर्गुणित,ટેટ્રાપ્લોઇડ
चतुर्गुणिता,ટેટ્રાપ્લોઇડ
पुष्पासन,થેલેમસ
ताप संचालकता,ઉષ્ણતાઈ
तापीय विसरण,થર્મલ વિભાજન
तापीय प्रेरण,ઉષ્ણતાઈ
"तापयुग्म, तापसंयुग्म",તાપમાર્ગ
तापलेरवी,ઉષ્ણતામાળા
तापीय आवर्तिता,તાપમાર્ગ
तापीय आवर्तन,તાપમાન
तापरागी,તાપમાન
ताप अनुचलन,તૃષ્ણા
विरसन,પાતળું
"मड़ाई, गहाई",કરચલીવાળું
अर्बुद प्रेरक प्लाज्मिड,ટી.આઈ. પ્લાઝ્મિડ
"ज्वारीय दलदली भूमि, ज्वारीय दलदल",ભરતીની swભી
खपरैल जल निकास,ટાઇલ ગટર
जुताई योग्यता,અતિશયતા
"जुताई, कर्पण",ખેતી
कल्ला (पादप),ટેલર (છોડ)
"कल्ले निकलना, तलशाखन",પિલરેટીંગ
कल्ले फूटने की अवस्था,પગલે ભરતી
भुरभुरी भूमि,ગાલ
ऊतक परीक्षण,પેશી પરીક્ષણ
ताड़ी,તોડી
सह्यता,સહનશીલતા
"ऊपरी मृदा, सतही मृदा",ટોચની માટી
टमालू,ટોપો
खड़ी फसल में खाद डालना,ટોચના પોશાક
स्थल मौसमविज्ञान,યથાવત્વિજ્ologyાન
शीर्षोमूलन (तंबाकू),ટોપિંગ (તમાકુ)
सकल पचनशील पोषक तत्व,કુલ સુપાચ્ય પોષક તત્વો
सकल कारक उत्पादकता,કુલ પરિબળ ઉત્પાદકતા
कुल घुलनशील ठोस,કુલ દ્રાવ્ય ઘનતા
पूर्णशक्तता,થાપણ
"आविषालुता, विषाक्तता",વિષવિજ્ityાન
आविष,ઝેરી દવા
"लेशतत्व, सूक्ष्म मात्रिकतत्व",તલક્ષર તત્વો
"अनुज्ञापक तत्व, अनुरेखक तत्व",ટ્રેઝર તત્વો
पार क्रियाशील,વ્યવહાર
अनुलेखन,અનુલેખન
रूपांतरण,પરિવર્તન
पराजीनी,રોષ
अनुवाद,ભાષાંતર
स्थानांतरण,પ્રસારણ
पारगमनता,પરિવર્તન
वाष्पोत्सर्जन गुणांक,ફાડતા ગુણાંક
वाष्पोत्सर्जन खिंचाव,ફાડાં -લાપણું
वाष्पोत्सर्जन अनुपात,રક્ષા ગુણોત્તર
प्रत्यारोपण झटका,પ્રત્યારોપણ
रोपाई यंत्र,પ્રત્યારોપણ
"रोपण, रोपाई",પ્રત્યારોપણ
स्थानांतरित मृदा,પરિવહન કરેલી જમીન
ट्रांस्पोसोन,ફેરબદલ
अनुप्रस्थ जलनिकास,ટ્રાંસ્વર્સ ગટર
"पाश फसलें, फाँसू फसलें",જાળ
पत्ती उतारना (जैसे गन्ने में),કચરો
उपचार,સારવાર
वृक्ष सस्यन,ઝાડનું પાક
वृक्षवलय,વૃક્ષ
परख,સુનાવણી
अल्पमात्री सिंचाई,પગની સિંચાઈ
विमोचक कारक,ઉત્તેજન પરિબળ
त्रिगुणित,ત્રિપિક
"त्रिधा सस्यन, तिहरा सस्यन",કાપી નાખવો
पोषी स्तर,ઉષ્ણકટિબંધનું સ્તર
अनुवर्तनी गति,ઉષ્ણકટિબંધ
उष्ण कटिबंधीय क्षेत्र,ઉષ્ણકટિબંધનો પ્રદેશ
अनुवर्तन,ઉષ્ણકટિબંધ
वास्तविक घनत्व,સાચી ઘનતા
वास्तविक पचनीयता,સાચી પાચનક્ષમતા
रुंड परिच्छेदिका,ક્ષીણ રૂપરેખા
रुंड भूमि,કાપેલી માટી
सुनामी,સુનામી
कंदीय फसलें,કંદનાં પાક
कंद,કંદ
अर्बुद,ગાંઠ
भूमि रुंडन,માટીનો ભોગ
टुंड्रा,વાટકો
"दर्भस्थल, टर्फ, पीट",ટર્ફ
स्फीत,અંગારું
स्फीति गति,ગાંઠની ચળવળ
स्फीति दाब,ગાંઠ દબાણ
स्फीति,અંગાર
टर्नर का संलक्षण,ટર્નર સિન્ડ્રોમ
"प्रकार, पादप प्रारूप",પ્રકાર (છોડ)
प्रथम प्रकार की त्रुटि,પ્રકાર I ભૂલ
द्वितीय प्रकार की त्रुटि,પ્રકાર II ભૂલ
टाइफून,વાસ
इमली,આધિપત્ય
किरमाला,અણી
"स्वैर चंपा, सोन चंपा",મંદિર અથવા પેગોડા વૃક્ષ
सज्जी,થિસ્ટલ
मोरपंखी,થુજા
बनजवाइन,થાઇમ
तम्बाकू,તમાકુ
टमाटर,ટામેટા
हरसिंगार,દુ: ખનું વૃક્ષ
ट्रिटिकेल,ત્રિકોણાકાર
लटकनिया,રણકાર
रजनी गंधा,ક્ષુદ્ર
हल्दी,હળદર
शलगम,સલગમ
पटेर,ટાઇફા (ભારતીય રીડ મેસ)
टी' मच्छर कीट,ચા મચ્છર
दीमक,મનુષ્ય (સફેદ કીડી)
थ्रिप्स,ઝગઝગટ
द्रुतअपकेंद्रण,અલ્ટ્રાસેન્ટ્રિફ્યુગેશન
पराध्वनि,અલંકાર
पुष्पछत्र,દંભ
अयुग्मन,કર્કશ
"अफलत्व, अफलन",ફળ
एकसंयोजी,એકાંત
सार्वभौम आनुवंशिक कोड,સાર્વત્રિક આનુવંશિક સંહિતા
सार्वभौम मृदा ह्रास समीकरण,સાર્વત્રિક જમીન -ખોટ સમીકરણ
असंतृप्त वसीय अम्ल,અસંતૃપ્ત ફેટી એસિડ્સ
उच्चभूमि धान,Andંચા વિસ્તરણ ચોખા
"उपरिभूमि, उच्चभूमि",ઉચ્ચાદન
शहरी कंपोस्ट,શહેરી ખાતર
यूरिया,Urતર
यूरिएज,ખલાસી
उल्ला घास,ઉલ્લા ઘાસ
"वैक्सीन, टीका",રસી
"धानी, रसधानी",શૂન્યતા
मूल्यवर्धित कृषि,મૂલ્યવર્ગીય કૃષિ
मूल्यवर्धित उत्पाद,મૂલ્ય -ઉત્પાદન
मूल्यवर्धन,મૂલ્ય -પરિવર્તન
मूल्य लागत अनुपात,મૂલ્ય ખર્ચ ગુણોત્તર
वैम (पुष्पकात्मक अर्बस्कुलर),VAM (વેસિક્યુલર આર્બસ્ક્યુલર)
वाष्प तापोपचार,વરાળની ગરમી સારવાર
वाष्प दाब,વરાળનું દબાણ
परिवर्ती लागत,ચક્રાભક્ષી ખર્ચ
परिवर्ती जीन,ચક્રાકાર જનીણ
परिवर्ती दर प्रौद्योगिकी,વધઘટ દર તકનીક
प्रसारण भिन्नता,ભિન્નતા
विभिन्नता,વિવિધતા
किस्म,જાત
रोग वाहक,વેક્ટર
वनस्पति,વનસ્પતિ
वानस्पतिक निम्नीकरण,વનસ્પતિના અધોગતિ
वानस्पतिक रोध,વનસ્પતિ -અવરોધ
वानस्पतिक आच्छादन,વનસ્પતિ -આવરણ
वानस्पतिक प्रवर्धन,વનસ્પતિ પ્રચાર
वानस्पतिक प्रावस्था,વનસ્પતિ તબક્કો
शिराविन्यास,શણગાર
"कृमि-क्षिप्ति, केंचुए का मल",શબ્દમાળા
वर्मी कंपोस्ट,કૃત્રિમ રંગ
वसंतीकरण,પ્રધ્ધરણ
ऊर्ध्व पलवार,Verંચી ગુંડાગીરી
वर्टिसॉल,વર્ટિસોલ
जीवनक्षमता (बीज),સધ્ધરતા (બીજ)
"लता, द्राक्षालता",વેલો
सिरका,સરકો
"उग्र जीन, विर जीन",વીર જીન
"अकृष्य भूमि, अक्षत भूमि",કુમારિકા જમીન
"अकृष्य मृदा, अक्षत मृदा",કુંવારી માટી
उग्रता,ક virંગું
विषाणु,વાઇરસ
विषाणु आवरण प्रोटीन,વાયરસનો કોટ પ્રોટીન
विषाणु सूचीकरण,વાયરસ અનુક્રમણિકા
श्यानता,સ્નિગ્ધતા
दृश्य विकिरण,દૃશ્ય -કિરણોત્સર્ગ
विटामिन,વિટામિન
अंगूरोत्पादन,વહાણની ખેતી
"सजीव प्रजक, जरायुज",વૈવિધ્ય
रिक्त स्थान,રદિયો જગ્યા
वाष्पीकरण,અનિશ્ચિતતા
नैसर्गिक पौधे,સ્વયંસેવક છોડ
वनिला,વેનિલા
खस,જાડું
पशु चिकित्सक,પીટરનાનિયન ડોક્ટર
विषाणुविज्ञानी,ગિરિમાળા
मजदूरी,વેતન
नियत तापीय प्राणी,ગરમ લોહીવાળું પ્રાણી
अपशिष्ट प्रबंधन,બગાડ વ્યવસ્થા
व्यर्थ भूमि,કચરો
जल प्रयोग दक्षता,જળ અરજી કાર્યક્ષમતા
जल प्रयोग दर,પાણી -અરજી -દર
जल संतुलन,પાણી -સિલક
जल संहतीकरण,જળ સંકલન
जल संरक्षण,જળ -સંરક્ષણ
"जल की खपत, जल उपभोग",પાણી -વપરાશ
जल संवहन दक्षता,જળ -વાહન કાર્યક્ષમતા
जल कृषि,જળ સંસ્કૃતિ
जल न्यूनता,પાણીની ખોટ
जल वितरण दक्षता,જળ વિતરણ કાર્યક્ષમતા
जलकर,જળ -શુલ્ક
जल कूंड,પાણીનો ઘેરો
जल द्वार,જળમાર્ગ
जलाक्रांति,પાણી
जल प्रबंधन,પાણીનું સંચાલન
फसलों की जल मांग,પાણીની આવશ્યકતા
जलसंतृप्तता न्यूनता,પાણીની સંતૃપ્તિની ખોટ
भौम जलस्तर,પાણીનો સોદો
जल उपयोग दक्षता,પાણીનો ઉપયોગ કાર્યક્ષમતા
जल प्राप्ति,પાણી yieldપજ
जल संग्रहण,જળ-હાર્વેસ્ટીંગ
जलसंभर,જળશેષ
जलसंभर प्रबंधन,જાંબુડી વ્યવસ્થા
जलसंभर उपचार,જળાશસ્તાની સારવાર
जलसंभर प्रणाली,જખહારી આધારિત પદ્ધતિ
जलमार्ग,જળમાર્ગ
तरंग दैर्घ्य,તરંગ
मोमीकरण,મીણ
"मौसम, ऋतु",હવામાન
"अपक्षयण, अपक्षय",હવામાન
खरपतवार,નીંદણ
खरपतवार नियंत्रण,નીંદણ નિયંત્રણ
खरपतवार नियंत्रण दक्षता,નીંદણ નિયંત્રણ કાર્યક્ષમતા
खरपतवार निर्मूलन,નીંદણ નાબૂદી
खरपतवार सूचकांक,નીંદણ અનુક્રમણિકા
वेस्टर्न शोषण,પાશ્ચાત્ય
खरपतवार स्पेक्ट्रम,નીંદણ
निराई,નીરસ
आर्द्र-बल्ब गिरावट,ભીનું-બલ્બ ડિપ્રેસન
आर्द्र-बल्ब तापमान,ભીડનું તાપમાન
आर्द्र-बल्ब तापमापी,ભીનું-બલ્બ થર્મોમીટર
आर्द्र भूमि,મસ્ત ભૂમિ
नम रोपण,ભીનું વાવેતર
नम मौसम,ભીની મોસમ
गीली बुवाई,ભીનું બીજ
आर्द्र वर्ष,ભીનું વર્ષ
क्लेदनीय चूर्ण,વેન્ટિબલ પાવડર
"क्लेदक, क्लेदन कारक",ભીનું એજન્ટ
घूर्णी आर्द्रतामापी,વાવધૂજ
श्वेत क्रांति,વ્હાઇટ ક્રાંતિ
समग्र फार्म विश्लेषण,સંપૂર્ણ ફાર્મ વિશ્લેષણ
समग्र फार्म दृष्टिकोण,સંપૂર્ણ ફાર્મ અભિગમ
व्यापक अनुकूलनशीलता,વ્યાપક અનુકૂલનક્ષમતા
म्लानि बिन्दु,વિલ્ટીંગ પોઇન્ટ
वातरोध,પવનનો પળો
वात ऊर्जा,પવન ઊર્જા
वायु अपरदन,પવન ધોવાણ
वायु उत्पन्न करना,પવન -ઉત્પાદન
पवन चक्की,પવનની મિલ
वायु शक्ति,પવન ઊર્જા
वायु गति,પવનની ઝડપ
वायु पट्टिका सस्यन,પવનની પટ્ટી
वायु वेग,પવનનો વેગ
वायु,પવન
विंड्रो,વિન્ડરો
विंड्रोअर,વિન્ડરોવર
वात दिग्दर्शी,પવનની અસ્થિર
ओसाईयंत्र,જખમ
ओसाई,વાનગી
वॉबल परिकल्पना,પ્રેમાળ પૂર્વધારણા
गर्भाशय,ગર્ભાશય
काष्ठ राख,લાકડાનો છોડ
काष्ठ गैस,લાકડાનો ગેસ
कार्य,કામ
अखरोट,અખરોટ
ब्राह्मी साग,પાણીનો ઘાટો
जलकुंभी,પાણીનો જીવ
तरबूज,તરબૂચ
टिवरा,પાણીનો ફુદીનો
मजनून,વિપિંગ વિલો
महोगनी,પશ્ચિમ ભારતીય મહોગની
गेहूं,ઘઉં
संफतल,સફેદ ક્લોવર
तून,સફેદ રંગની વાતો
सुबवूल,સફેદ પોપિનેક
बिस,સફેદ વિલો
"सतरा, बनतुलसी",જંગલી માર્જોરીમ
जंगली जई,જંગલી ઓટ
पंखिया बीन,પાંખવાળી બીન
विलायती कद्दू,શિયાળુ સ્ક્વોશ
अश्वगंधा,નીડ
खट्टी बूटी,"લાકડાનો સોરેલ, ઓક્સાલી"
"बर्र, ततैया",ભમરી
बया,વણકર
घुन,છાવણી
सफेद सूंड़ी,સફેદ રંગનો ગ્રુપ
रुईया माहू,Apનલી એફિડ
जैंथीनमेह,ઝેન્થિન્યુરિયા
पीतवर्णक,ઝેન્થોફિલ
एक्स' गुणसूत्र,એક્સ-ક્રોમોઝમ
अपर पराग प्रभाव,ઝેનીયા
जीरोडर्मा पिग्मेंटोसम,ઝેરોોડર્મા રંગદ્રવ્ય
मरुपादप,ઝેરોફાઇટ
मरुद्भिद्ता,ઝેરોતાન
"एक्स-किरण विवर्तन, एक्स-रे विवर्तन",એક્સ-રે વિક્ષેપ
जाइलम- दारु,ઝેલેમ
"ज़ाइलोफाइट, काष्ठीय पादप",ઝાયલોફાઇટ
वाई' जाल,વાય 'ટ્રેલીસ
वाई-गुणसूत्र,વાય-રંગસૂત્ર
"खमीर, यीस्ट",આથો
यीस्ट निष्कर्ष,ખમીરનો અર્ક
पीत क्रांति,પીળા ક્રાંતિ
पीला पड़ना,ગડહડ
उपज घटक,ઉપજ ઘટક
उपज अनुवीक्षण,ઉપજ નિરીક્ષણ
उपज शक्यता,ઉપજ સંભવિત
उपज स्थायित्व,ઉપજ સ્થિરતા
पीतक,જરદી
कटीली,પીળા રંગના નાઇટશેડ
हरीर,પીળો માયરોબાલન
जायद,ઝેર
जेड-गुणसूत्र,ઝેડ-ક્રોમોઝમ
जेड-डीएनए,ઝેડ ડીએનએ
जीएटिन,ઝેટિન
शून्य ऊर्जा शीतकक्ष,શૂન્ય energy ર્જા ઠંડી ચેમ્બર
शून्य कर्षण,ખેતી
सून्य सह्यता,જરા પણ નહિ ચલાવી લેવાય
जिंक अल्पता,જસત
जिंक फिंगर प्रोटीन,જસત આંગળી પ્રોટીન
जिंकयुक्त यूरिया,ઝિંકટેડ યુરિયા
पारदर्शी अंडावरण,ઝોના પેલુસિડા
प्राणि परागण,પ્રાણીસૃષ્ટિથી
प्राणि प्लवक,ઝૂપ્લાંકટોન
युग्मज,ઝાયગોટ
युग्मज घातक जीन,ઝાયગોટિક ઘાતક જનીન
तेजफल,ઝેન્થોફિલિયમ
प्राणिविज्ञानी,પ્રાણીવિજ્ologistાન
