Hindi,Tamil
अजीवात् जनन,உயிரற்ற இனப்பெருக்கம்
अपसामान्य,அமானுஷ்ய
1. चतुर्थ आमाशय 2. ऐवोमैसम,1. நான்காவது வயிறு 2. எவோமாசோம்
रुद्ध-वृद्धि अंग,வயிற்று வளர்ச்சி உறுப்பு
रुद्ध वृद्धि बीज,வளர்ச்சி குன்றிய விதை
1. गर्भपात 2. गर्भस्राव 3. वृद्धि विरोध,1. கருக்கலைப்பு 2. கருச்சிதைவு 3. வளர்ச்சி எதிர்ப்பு
1. अवांछित अपतृण 2. पूर्ण खरपतवार,1. தேவையற்ற களைகள் 2. முழுமையான களைகள்
अवशोषित धनायन,உறிஞ்சப்பட்ட கேஷன்
अवशोषण,உறிஞ்சுதல்
ऐबिसिनी सरसों,அபிசீனிய கடுகு
1.एकेरेसनाशी 2. चिचड़ीनाशी,1. காரக்கொல்லி
अकेंद्री,மையவிலக்கு
प्रवर्धन (कोशिका),பெருக்கம் (செல்)
स्वीकृत सह्यता,அனுமதிக்கப்பட்ட சகிப்புத்தன்மை
1.अतिरिक्त 2. सहायक 3. गौण,1.கூடுதல் 2.துணை 3.துணை
पर्यनुकूलन,தழுவல்
संचय,திரட்சி
1.vयथार्थता 2. परिशुद्धता,1.vacuracy 2. துல்லியம்
1. एसर्वुलस 2. बीजाणुपात्र,1. அசெர்வலஸ் 2. ஸ்போரோஃபைட்
1. ऐसीटीकरण 2. सिरका बनाना 3. ऐसीटीलन,1. அசிடைசேஷன் 2. வினிகர் தயாரித்தல் 3. அசிட்டிலின்
1. अम्लीकरण 2. अम्लन,1. அமிலமயமாக்கல் 2. அமிலமயமாக்கல்
1.अम्लतामापी 2. एसिडीमीटर,1. அமிலமானி 2. அமிலமானி
अम्लता,அமிலத்தன்மை
अम्लरागी,அமிலத்தன்மை
अम्लीकृत रॉक फॉस्फेट,அமிலமாக்கப்பட்ட ராக் பாஸ்பேட்
अम्लसह,அமிலமாக்கப்பட்ட
जलभृत,நீர்நிலை
अधिग्रहण,கையகப்படுத்தல்
एकड़,ஏக்கர்
1.क्षेत्रफल 2. रकबा,1. பகுதி 2. பகுதி
उपांत बिंदु क्रोमोसोम,இறுதி புள்ளி குரோமோசோம்
अग्राभिसारी,முன்னோக்கு
ऐक्रोसोम,குரோசோம்
एक्टिनोमाइसिटीज,ஆக்டினோமைசீட்ஸ்
सक्रिय मूलक्षेत्र,செயலில் உள்ள மைய
1.उग्र 2. तीव्र,1. சீற்றம் 2. தீவிரம்
अनुकूलनशीलता,தழுவல்
अनुकूलन,தனிப்பயனாக்கம்
1. आसंजन 2. अभिलाग,1. ஒட்டுதல் 2. ஒட்டுதல்
वसामय,செபாசியஸ்
समायोजन समीकरण,சரிசெய்தல் சமன்பாடு
ऐडोब मृदा,அடோப் மண்
अपमिश्रक,கலப்படம்
अपस्थानिक,எக்டோபிக்
इसीडियोस्पोर इसीडियम बीजाणु,இசிடியோஸ்போர் இசிடியம் ஸ்போர்
वातोढ़ प्रक्रिया,ஏரோடைனமிக் செயல்முறை
वातोढ़,வென்ட்ரல்
वातन करना,காற்றோட்டம் செய்ய
1. वायव 2. आकाशी,1. காற்று 2. ஆகாஷி
1. ऐरोमीटर 2. वायुमापी 3. वायुघनत्वमाप,1. ஏரோமீட்டர் 2. ஏரோமீட்டர் 3. ஏரோமீட்டர்
ऐरोसोल,ஏரோசல்
1. पुष्पदलविन्यास 2. ग्रीष्मनिष्क्रियता,1. மஞ்சரி 2. கோடை உறக்கம்
रोग हेतु विज्ञान,நோய் அறிவியல்
वनरोपण,காடு வளர்ப்பு
1. विलोडन 2. प्रक्षोभन,1. கிளர்ச்சி 2. கொந்தளிப்பு
ऐगमार्क,அக்மார்க்
1. भूमि संबंधी 2. कृषि संबंधी,1. நிலம் தொடர்பான 2. விவசாயம்
कृषि निदानालय,விவசாய மருத்துவமனை
1. कृषि श्रम 2. खेतिहर मजदूर,1. விவசாயத் தொழிலாளர்கள் 2. விவசாயத் தொழிலாளர்கள்
कृषि विपणन,விவசாய சந்தைப்படுத்தல்
कृषि प्रद्योगिकी,விவசாய தொழில்நுட்பம்
1. कृषि 2. खेतीबारी 3. कृषि विज्ञान,1. விவசாயம் 2. விவசாயம் 3. விவசாய அறிவியல்
कृषि वनवर्धन,விவசாய காடுகள்
कृषि जैविक विविधता,விவசாய பல்லுயிர்
कृषि जैविक दोष,விவசாய கரிம குறைபாடுகள்
कृषि जैविकी,விவசாய உயிரியல்
कृषि जलवायुवीय विविधता,விவசாய காலநிலை பன்முகத்தன்மை
कृषिजलवायुवीय जोन निर्माण,வேளாண் காலநிலை மண்டலத்தை உருவாக்குதல்
कृषिवानिकी,வளர்ப்பு
सस्य मृदा विज्ञान,வேளாண்மை
सस्य विज्ञान,வேளாண்மை
कृषि पशुचारणिक,விவசாய மேய்ச்சல்
फसल प्रसंस्करण,பயிர் செயலாக்கம்
घास विज्ञान,புல் அறிவியல்
सस्य प्ररूप,பயிர் வகை
अधिपादप,எபிஃபைட்
ऐकिओची मृदा,aikiochi மண்
वर्णकहीनता,வண்ண குருட்டுத்தன்மை
एल्फिसॉल,அல்பிசோல்
शैवाल,பாசி
शैवाल रोग,பாசி நோய்
क्षार जल,காரம் நீர்
क्षारीय,காரமானது
विकल्पी,மாற்று
एलीलो रसायन,அலெலோ வேதியியல்
युग्मविकल्पी,அலீல்
एलीलोपैथी,அலெலோபதி
वीथी सस्यन,வேத்தி பயிர்
परनिषेक-फलता,நிறைவு
परनिषेचन,கருத்தரித்தல்
1. सापेक्षमिति 2. ऐलोमैट्री,1. சார்பியல் 2. அலோமெட்ரி
परबहुगुणित,பலவகை
1. परयुग्मन 2. अपायुग्लन,1. Parazygosity
1. एकातंर वर्ष फलन 2. एकांतरित फलन,1. மாற்று ஆண்டு செயல்பாடு 2. மாற்று செயல்பாடு
वैकल्पिक भूमि उपयोग,மாற்று நில பயன்பாடு
परिवेश,சூழல்
सुधारक,சீர்திருத்தவாதி
असूत्रीविभाजन,மைடோசிஸ்
ऐमीनन,அமீனன்
अमोनियन,அம்மோனியன்
अमोनीकारक,அம்னிஃபெரஸ்
1.अप्रभावी रूप  2.अरूपी,1. பயனற்ற வடிவம் 2. அரூபி
उभय मिश्रण,நீர்வீழ்ச்சி கலவை
उभयधर्मी,ஆம்போடெரிக்
उपचय,கையிருப்பு
1. अवायुजीव 2. अनाक्सी जीव,1. காற்றில்லா 2. காற்றில்லா உயிரினங்கள்
असुगुणित,ஹாப்ளாய்டு
कोणीय रोपण,கோண நடவு
पशुपालन,கால்நடை வளர்ப்பு
पशु उच्छिष्ट,விலங்கு மலம்
सजीव ऊर्जा,வாழ்க்கை ஆற்றல்
असमगुणित,முரண்பாடான
एकवर्षीय पादप,ஒரு வருடம் பழமையான ஆலை
वार्षिक,ஆண்டு
1. परागोद्भव 2. प्रफुल्लन,1. பரவசம் 2. பிரகாசம்
ऐन्थ्रेक्स,ஆந்த்ராக்ஸ்
मानवजनिक कारक,மானுடவியல் காரணிகள்
प्रतिजीविता,உயிர்வாழ்தல்
1.प्रतिजैविक2.  ऐन्टीबायोटिक,1. ஆன்டிபயாடிக் 2. நுண்ணுயிர்க்கொல்லி
प्रतिकारक,விரட்டும்
प्रतिऑक्सीकारक,ஆக்ஸிஜனேற்ற
प्रतिआविष,ஆன்டிடாக்சின்
वलयिका,மோதிர விரல்
1. ऐफिड 2. माहू 3. चेपा,1. அசுவினி 2. மஹு 3. செபா
शीर्ष कलिका,மேல் மொட்டு
शिखाग्र प्रभाविता,உச்ச செயல்திறன்
मधुमक्खी पालन,தேனீ வளர்ப்பு
असंगजनन,ஓரினச்சேர்க்கை
एपोप्टोसिस,அப்போப்டொசிஸ்
उपांग,பிற்சேர்க்கைகள்
क्षुधावर्धक,பசியை உண்டாக்கும்
अनुप्रयुक्त,விண்ணப்பித்தார்
जलीय खरपतवार,நீர்வாழ் களை
1. वृक्षीय 2. वृक्षवासी,1. மரம் 2. மரத்தில் வசிப்பவர்
शाखायन,கிளைகள்
आद्य वानस्पतिक अभिलेख,புரோட்டோபோட்டானிக்கல் பதிவுகள்
क्षेत्रांकड़,மண்டல எண்
1. क्षेत्र 2. क्षेत्रफल,1. பகுதி 2. பகுதி
शुष्क पारितंत्र,உலர் சுற்றுச்சூழல்
बीजचोल,கோட்டிலிடன்
सौरभ,சௌரப்
सुगंधी पादप,நறுமண ஆலை
सुगंधित चावल,வாசனை அரிசி
इक्षु पुष्पन,இக்ஷு புஷ்பன்
अपूति,அசெப்டிக்
1.अपूतित 2. अजर्म,1. அசெப்டிக் 2. அசெப்டிக்
अलैंगिक प्रवर्धन,பாலின இனப்பெருக்கம்
आमाप,அளவு
परिसंपत्ति,சொத்து
1. स्वांगीकरण 2. आत्मसात्करण,1. ஒருங்கிணைப்பு 2. ஒருங்கிணைப்பு
1. साहचर्य 2. संघ,1. சங்கம் 2. சங்கம்
1. स्तंभक 2. कषाय,1. நெடுவரிசை 2. துவர்ப்பு
असूत्रयुग्मन,பன்முகத்தன்மை
1. पूर्वजता 2. ऐटाविज्म,1. முன்னோர் 2. அடவிசம்
कणित्र,துகள்
1.अपुष्टि 2. क्षीणता,1. உறுதிப்படுத்தல் 2. குறைபாடு
स्वयुग्मन,சுய இணைத்தல்
स्वलयन,தன்னியக்கம்
1. स्वतः उपचयन 2. स्वतः ऑक्सीभवन,1. தன்னிச்சையான ஆக்சிஜனேற்றம் 2. தன்னிச்சையான ஆக்சிஜனேற்றம்
स्वबहुगुणित,சுய மல்டிபிளக்ஸ்
ऑक्सिन,ஆக்சின்
1. शूक 2. तूड़,1. குலுக்கல் 2. தேரை
दंड विषाणु,தண்டனை வைரஸ்
1. दंडाणु 2. बैसिलस,1. பேசிலஸ் 2. பேசிலஸ்
1. जीवाणु 2. बैक्टीरिया,1. பாக்டீரியா 2. பாக்டீரியா
जीवाणु आविष,பாக்டீரியா நச்சு
खोई,கரும்பு சக்கை
तुलन-पत्र,இருப்பு தாள்
संतुलित उर्वरक उपयोग,சீரான உர பயன்பாடு
दंड आरेख,சட்ட வரைபடம்
छाल,பட்டை
1. वायुदाबमापी 2. बैरोमीटर,1. காற்றழுத்தமானி 2. காற்றழுத்தமானி
1. बजर 2. अकृष्य 3. बांझ,1. buzzer 2. inert 3. barren
1. आधार 2. बेस 3. कपांग,1. அடிப்படை 2. அடிப்படை 3. குபாங்
1.थाला 2. द्रोणी,1. தாலா 2. பேசின்
तलाभिसारी,தலபிசாரி
1. बेसिस्टर्नम 2. मूलाधारक,1. பாசிஸ்டர்னம் 2. ரூட் ஹோல்டர்
खाड़ी मानसून,வளைகுடா பருவமழை
फलदायी पौधा,பழ செடி
क्यारी,படுக்கை
क्यारी - पौधा,படுக்கை ஆலை
क्यारी बनाना,படுக்கை
चुकंदर शीरा,பீற்று வெல்லப்பாகு
धौंकनी,பெல்லோஸ்
1. पट्टी 2. इलाका,1. கீற்று 2. நிலப்பரப்பு
लाभ-लागत विश्लेषण,இலாப-செலவு பகுப்பாய்வு
अभिनत (प्रतिचयन),ஆர்வலர் (மாதிரி)
द्विवर्षीय पादप,இரு ஆண்டு தாவரங்கள்
द्विपद,இருவகை
जैवकारक,உயிர் காரணி
जीव जलवायु,உயிரியல் காலநிலை
जैव ऊर्जा,உயிர் ஆற்றல்
जीव पारिस्थितिकी,விலங்கு சூழலியல்
1. जैव-प्रक्रियापात्र 2. बायो रिएक्टर,1. உயிர் செயலி 2. உயிர் உலை
जीव-मंडल,உயிர்க்கோளம்
जीवीय,உயிரியல்
जीव प्ररूप,விலங்கினங்கள்
दविलिंगी,திவிலிங்கி
धवलन,தவலன்
1.  प्रध्वसं (रोग) 2.  झोंका रोग,1. பிரத்வாசன் (நோய்) 2. குடல் நோய்
संमिश्रण,கலத்தல்
1. अंगमारी (रोग) 2.  ब्लाइट (रोग),1. அங்கமாரி (நோய்) 2. ப்ளைட் (நோய்)
1. छाला 2. फफोला 3. उद्वर्त 4. ब्लिस्टर,1. கொப்புளம் 2. கொப்புளம் 3. வெடிப்பு 4. கொப்புளம்
नीली क्रांति,நீல புரட்சி
तलीय ताप चैंबर,பிளானர் வெப்பமூட்டும் அறை
तलीय ताप तकनीक,பிளானர் வெப்பமாக்கல் தொழில்நுட்பம்
चोकर,தவிடு
शाखन,கிளைகள்
1. टहनी 2. उपशाखा,1. கிளை 2. துணைக் கிளை
नस्ल,இனம்
प्रजनन,இனப்பெருக்கம்
शीघ्र अंकुरण उपचार,ஆரம்ப முளைப்பு சிகிச்சை
1. शाव 2. अंड 3. भ्रूण,1. குட்டி 2. முட்டை 3. கரு
कलिकायन,துளிர்க்கிறது
बजट,பட்ஜெட்
1.उभयप्रतिरोधी 2. बफर,1.ஆம்போடெரிக் 2. தாங்கல்
शल्ककंद,இனிப்பு உருளைக்கிழங்கு
बंट (रोग),பன்ட் (நோய்)
1. उपजात 2. उपोत्पाद,1. துணை தயாரிப்பு 2. துணை தயாரிப்பு
c नमी विशिष्टता वक्र,c ஈரப்பதம் விவரக்குறிப்பு வளைவு
खली,எண்ணெய் கேக்
1. चूनेदार 2.कैल्सियमी,1. சுண்ணாம்பு 2. கால்சியம்
कैल्सीयन,கால்சியன்
फॉस्फेट का निस्तापन,பாஸ்பேட் நீக்கம்
1. किणता 2. कैलसता,1. கினாட்டா 2. கலாட்டா
1.कैलस 2. किण,1.காலஸ் 2. கதிர்
1. बाह्यदल पुंज 2.कैलिक्स,1. செப்பல்ஸ் 2. கேலிக்ஸ்
वाह्यदल अंत,வெளிப்புற முடிவு
एधा,எதா
कैंकर (जीवाणु रोग),புற்றுநோய் (பாக்டீரியா நோய்)
डिब्बाबंदी,பதப்படுத்தல்
वितान,வானம்
पूंजी,நிதி
परागण (अंजीर का),மகரந்தச் சேர்க்கை (அத்திப்பழங்கள்)
1. संपुट 2. संपुटिका 3. कैप्सूल,1. காப்ஸ்யூல் 2. காப்ஸ்யூல் 3. கேப்சூல்
कार्बोनीकृत,கார்பனேற்றப்பட்டது
कार्बनन,கார்பனான்
अंडप,கார்பேஸ்
मणिबंध,வளையல்
1. ढलाई (लोहे की) 2. क्षिप्ति (कीट),1. வார்ப்பு (இரும்பு) 2. க்ஷிப்தி (பூச்சி)
अपचय,வினையூக்கம்
उत्प्रेरण,தூண்டுதல்
1. इल्ली 2. सूंडी,1. கம்பளிப்பூச்சி 2. கம்பளிப்பூச்சி
सी ड़ी. एन. ए. संग्रह,c d. என். அ. சேகரிப்பு
सीमा,சரகம்
1. कोशिका 2. कोष्ठिका,1. செல் 2. செல்
केंद्रीय अग्रग प्रणाली,மத்திய முன் அமைப்பு
1. सबिंदु 2. सकेंद्र,1. புள்ளி 2. கவனம்
अपकेंद्रण,மையவிலக்கு
अपकेंद्रक,மையவிலக்கு
तारककेंद्र,நட்சத்திர மையம்
केंद्रजनिक,எபிஜெனெடிக்
केंद्रजा,கேந்திரராஜா
लूम,தறி
1. धान्य 2. सीरियल,1. தானியம் 2. தொடர்
1. प्रमाणीकरण 2. प्रमाणन,1. சான்றிதழ் 2. சான்றிதழ்
प्रमाणित बीज,சான்றளிக்கப்பட்ட விதை
1. भूसा 2. कुट्टी 3. शल्क सहपत्र,1. வைக்கோல் 2. குட்டி 3. ஷலாக் சஹாபத்ரா
1. निभाग 2. कैलाजा,1. நிபாக் 2. கைலாஜா
रसानुवर्तन,கைமோகிராபி
1. किआज्मा 2. व्यत्यस्त,1. கியாஸ்மா 2. பிஸி
अतिशीतन घंटे,supercooling மணி
शीतज क्षति,உறைபனி சேதம்
1.  विचित्रोतकी 2. काइमेरा,1. விசிரோடகி 2. சிமேரா
हरित दली,பச்சை கஞ்சி
1. पर्णहरित 2. हरितक,1. தழை 2. பச்சை
हरिमाहीनता,சயனோசிஸ்
जीव वितरण विज्ञान,உயிரியல் விநியோக அறிவியல்
1. क्रोमैटिड 2. अर्धगुणसूत्र,1. குரோமாடிட்ஸ் 2. அரை குரோமோசோம்கள்
क्रोमैटिन,குரோமடின்
वर्णलेखन,குரோமடோகிராபி
क्रोमोटिनलयन,நிறமாற்றம்
परिसूत्र बिंदु,ஏட்ரியல் புள்ளி
वर्णजनन,நிறமூர்த்தம்
1. क्रोमोप्रोटीन 2. वर्णकप्रोटीन,1. குரோமோபுரோட்டீன் 2. நிறமி புரதம்
1. गुणसूत्र 2. क्रोमोसोम,1. குரோமோசோம்கள் 2. குரோமோசோம்கள்
1. चिरकाली 2. दीर्घकाली 3. जीर्ण 4. पुराना,1. நாள்பட்ட 2. நாள்பட்ட 3. நாள்பட்ட 4. வழக்கற்று
सिट्रेंज,சிட்ரேஞ்ச்
पर्णाभपर्व,இலையுதிர் திருவிழா
वर्गीकरण,வகைப்பாடு
1.मृत्तिका 2. चिकनी मिट्टी,1. களிமண் 2. களிமண்
1. निर्मलन 2. मार्जन 3. सफाई 4.  शोधन,1. சுத்தம் செய்தல் 2. ஸ்க்ரப்பிங் 3. சுத்தம் செய்தல் 4. சுத்திகரிப்பு
अनुन्मील्य परागण,தொடர்ந்து மகரந்த சேர்க்கை
क्रतिक श्वसनी फल,சிலுவை பழம்
जलवायु,காலநிலை
जलवायु विज्ञान,காலநிலையியல்
कतरनी,வெட்டு
ढेला (मिट्टी का),கட்டி (களிமண்)
क्लोन,குளோன்
1.मेघ 2. बादल,1.மேகங்கள் 2.மேகங்கள்
पुंज (क्लंप,கொத்து
गुच्छ,கொத்து
1.स्थूल 2. मोटा 3. कच्चा 4. अपरिष्कृत,1. கரடுமுரடான 2. கரடுமுரடான 3. கச்சா 4. கரடுமுரடான
1. आवरण 2.  चर्मावरण,1. கவர் 2. leatherette
कोया,கோயா
1. कोएन्जाइम 2. सह-एन्जाइम,1. கோஎன்சைம் 2. கோ-என்சைம்
संसंजन,ஒற்றுமை
1. रेशा (जूट पटसन) 2. नारियल जटा,1. நார்ச்சத்து (சணல் சணல்) 2. தேங்காய் கரடுமுரடானது
मूलांकुर चोल,மூலங்கூர் சோழன்
,
कोलॉइड (मृदा),கொலாய்டு (மண்)
1.स्तंभिका 2. कॉलुमेला,1.நெடுவரிசை 2.கொலுமல்லா
1.दंड 2. स्तंभ 3. कॉलम,1. தண்டனை 2. நெடுவரிசை 3. நெடுவரிசை
सहभोजिता,ஒற்றுமை
वाणिज्यिक बैंक,வணிக வங்கி
1. जिंस 2. पण्य वस्तु,1. சரக்கு 2. வணிகப் பொருட்கள்
समुदाय,சமூக
संहनन (मृदा का),சுருக்கம் (மண்)
1. सुसंगति 2. संगतता,1. இணக்கம் 2. இணக்கம்
सुसंगतता,பொருந்தக்கூடிய தன்மை
1. क्षतिपूर्ति 2. मुआवजा,1. இழப்பீடு 2. இழப்பீடு
स्पर्धी अन्योन्यक्रिया,போட்டி தொடர்பு
पूरक सस्य,துணை பயிர்
1.सम्मिश्र 2. जटिल,1.கலவை 2. சிக்கலானது
घटक,தொகுதி
संघटन,கலவை
कंपोस्ट,உரம்
चक्रवृद्धि ब्याज,கூட்டு வட்டி
अभिकलन,கணக்கீடு
1.अभिकलित्र 2.कंप्यूटर,1. கணினி 2. கணினி
1. सांद्रण 2. संकेद्रण,1. செறிவு 2. செறிவு
1. अनुकूलक 2. पुनरुद्धारक,1. Optimizer 2. Revitalizer
चालकता,கடத்துத்திறன்
1. विन्यास 2. संरूपण,1. கட்டமைப்பு 2. கட்டமைப்பு
1. अनुरूपता 2. समविन्यास 3. संरूपता,1. இணக்கம் 2. கட்டமைப்பு 3. இணக்கம்
1.समाकुलन 2. संकरण,1. ஒருங்கிணைப்பு 2. கலப்பு
संयुग्मन,இணைத்தல்
1. योजी 2. संयोजी,1. சேர்க்கை 2. இணைப்பு
सरंक्षण,பாதுகாப்பு
चकबंदी,ஒருங்கிணைப்பு
1.संघटक 2. अवयव,1. மூலப்பொருள் 2. தேவையான பொருட்கள்
उपभोक्ता,நுகர்வோர்
उपभोग,நுகர்வு
संदूषण,மாசுபடுதல்
समोच्च रोपण,விளிம்பு நடவு
समोच्च रेखा,விளிம்பு கோடு
1.संविदा कृषि 2. ठेका कृषि 3. अनुबंधित खेती,1. ஒப்பந்த விவசாயம் 2. ஒப்பந்த விவசாயம் 3. ஒப்பந்த விவசாயம்
नियंत्रित वातावरणीय भंडारण,கட்டுப்படுத்தப்பட்ட வளிமண்டல சேமிப்பு
सहकारी बैंक,கூட்டுறவு வங்கி
सहकारी संस्था सदस्य,கூட்டுறவு சங்க உறுப்பினர்
गुल्मवन,குல்மவன்
घनकंद,க்யூப்ஸ்
1.दलपुंज 2. कोरोला,1. தல்புஞ்ச் 2. கொரோலா
1. वल्कुट 2. कोर्टेक्स,1. கோர்டெக்ஸ் 2. கார்டெக்ஸ்
लागत,செலவு
बीजपत्र,கோட்டிலிடன்
ऋण समिति,கடன் குழு
1.उधार 2. साख,1. கடன் கொடுத்தல் 2. கடன்
1. ऋणदाता 2. लेनदार,1. கடன் கொடுத்தவர் 2. கடன் கொடுத்தவர்
1.शिखा 2. शीर्ष 3. शिखर,1. முகடு 2. உச்சி 3. கோபுரம்
व्याकुंचन,திரும்பப் பெறுதல்
संकट,பிரச்சனை
कसौटी,சோதனை
क्रांतिक,முக்கியமான
फसल बीमा,பயிர் காப்பீடு
फसल ऋण,பயிர் கடன்
1. सस्य 2. फसल,1. பயிர் 2. பயிர்
सस्यन क्षेत्र,சாகுபடி பகுதி
पार-असंगत,குறுக்கு இணக்கமற்ற
1. मुकुट 2. शिखर (पादप),1. கிரீடம் 2. உச்சம் (தாவரம்)
मृदुकण,மென்மையான துகள்கள்
पपड़ी,மேல் ஓடு
1. क्रिप्टोगैम 2. अपुष्पीपादप,1. கிரிப்டோகம் 2. புளோரிஃபார்ம் அல்லாதது
छांटन (फल),கொடிமுந்திரி (பழம்)
कल्म,பேனா
कृष्य किस्म,சாகுபடி வகை
1.कर्षण 2. कृषि 3. खेती,1. இழுவை 2. விவசாயம் 3. விவசாயம்
1.किसान 2. कल्टीवेटर (यंत्र),1. விவசாயி 2. உழவர்
1.संवर्ध 2. संवर्धन 3. पालन,1. சாகுபடி 2. சாகுபடி 3. வளர்ப்பு
1.संसाधन 2.तैयार करना,1.வளம் 2.தயாரிப்பு
1.कुंतलन 2. कुंचन,1.குந்தலன் 2.குஞ்சன்
मुद्रा,தோரணை
1. उपत्वचा 2. क्यूटिकल,1. மேல்தோல் 2. க்யூட்டிகல்
1.कलम 2. कटाई 3. काटना 4.कटाग्र 5. कटावा,1. பேனா 2. வெட்டுதல் 3. வெட்டுதல் 4. வெட்டுதல் 5. வெட்டுதல்
1.कृमि कोष 2. सिस्ट 3. पुटी 4.विकृत गुल्म 5. रसौली,1. புழு கார்பஸ் 2. நீர்க்கட்டி 3. நீர்க்கட்டி 4. சிதைந்த கட்டி 5. நியோபிளாசம்
साइटोक्रोम,சைட்டோக்ரோம்
कोशिका युग्मन,செல் இணைப்பு
कोशिका जनन,செல் இனப்பெருக்கம்
कोशिका आनुवंशिकी,செல் மரபியல்
कोशिका द्रव्य विभाजन,சைட்டோபிளாஸ்மிக் பிரிவு
कोशिका विज्ञान,உயிரணு உயிரியல்
कोशिका लयन,செல் சிதைவு
1. साइटोमियर 2. कोशिका खंड,1. சைட்டோமியர் 2. செல் பிரிவு
कोशिका द्रव्य,சைட்டோபிளாசம்
1.डेरी 2. दुग्धशाला,1. பால்பண்ணை 2. பால்பண்ணை
डेरी उदयोग,பால் தொழில்
1. बांध 2. प्रजननी,1. அணை 2. வளர்ப்பவர்
दिवस निरपेक्ष पादप,நாள் முழுமையான தாவரம்
पुष्पन के बाद दिन,பூக்கும் மறுநாள்
पूर्ण पुष्पन के बाद दिन,முழு பூக்கும் மறுநாள்
निष्पुष्पन,திறமையின்மை
विकैल्सीकरण,சுண்ணாம்பு நீக்கம்
1. निथारना 2. निस्तारना,1. அப்புறப்படுத்து 2. அப்புறப்படுத்து
क्षय,சிதைவு
पर्णपाती,இலையுதிர்
1. दशमिक 2. दशमलव,1. தசமம் 2. தசம
न्यूनता,தாழ்வு மனப்பான்மை
अनूर्णन (मृदा),அனுரன் (மண்)
विपुष्पन,விபுஷ்பன்
विपत्रण,பில்லிங்
वनोन्मूलन,காடழிப்பு
अपहासन,அவமானம்
निम्नीकरण,சீரழிவு
अंश दिवस,பகுதி நாள்
1.मात्रा 2. अंश,1. அளவு 2. பகுதி
स्फुटन,விலகல்
भूसी हटाना,உமி அகற்றுதல்
भूसी हटाना,உமி அகற்றுதல்
निर्जलीकरण,நீரிழப்பு
निर्जलकारित्र,நீரற்ற
मांग,கோரிக்கை
1. विकृतीकरण 2. गुणनाशन,1. டினாட்டரேஷன் 2. பெருக்கல்
अनाच्छादन,கண்டனம்
1. निक्षेप (मृदा) 2. जमा (अर्थशास्त्र),1. வைப்பு (மண்) 2. வைப்பு (பொருளாதாரம்)
निक्षेपण,வைப்பு
1. मूल्यहास 2.अवमूल्यन,1. தேய்மானம் 2. தேய்மானம்
विलवणीकरण,உப்புநீக்கம்
1. जल शुष्कन 2. निर्जलीकरण,1. நீர் உலர்த்துதல் 2. நீரிழப்பு
1.अभिकल्पना 2. डिजाइन,1. வடிவமைப்பு 2. வடிவமைப்பு
शुष्कित्र,உலர்
गुठली निकालना,கர்னல் அகற்றுதல்
वि-अंतः भूस्तारीकरण,இடைக்கணிப்பு
वियुग्मन,இணைத்தல்
1. नर मंजरी निकालना (मक्का) 2. बल्लर निकालना,1. ஆண் மஞ்சரி பிரித்தெடுத்தல் (சோளம்) 2. பல்லார் பிரித்தெடுத்தல்
बल्लर या कुंदन को काटना,பல்லார் அல்லது குந்தன் வெட்டுதல்
निर्धारक,தீர்மானிப்பவர்
अवमूल्यन,மதிப்பிழப்பு
वनस्पतिरहित करना,தாவரங்களை நீக்கும்
विचलन,விலகல்
द्विक,இரட்டை
निदान,நோய் கண்டறிதல்
भिन्नकाल पक्वता,வெவ்வேறு முதிர்ச்சி
द्विभाजन,பிளவு
1.दविबीजपत्री 2.डाइकोटिलेड़न (बीज),1. டைகோடைலிடன் 2. டைகோடைலிடன் (விதை)
पश्चमारी (रोग),முதுகு நோய்
1. विसरण 2. विसार,1. பரவல் 2. பரவல்
पाचनीयता,செரிமானம்
द्विसंकर,இருகலப்பின
1. बांध 2. नाली 3. परिवाह,1. அணை 2. வாய்க்கால் 3. குடும்பம்
तनु,அற்ப
1. एकलिंगाश्रयी 2. पृथक् लिंगी,1. தனிக்குடித்தனம் 2. ஒருதார மணம்
द्विगुणित,டிப்ளாய்டு
1. द्विगुणित 2. डिप्लॉइड,1. டிப்ளாய்டு 2. டிப்ளாய்டு
द्विसूत्र,இருமுனை
1. निष्कलिकायन 2. कलिका निकालना,1. பிரித்தெடுத்தல் 2. மொட்டு அகற்றுதல்
1. तवेदार हल चलाना 2. चक्काकरण,1. கலப்பை உழுதல் 2. நூற்பு
छूट,தள்ளுபடி
रोगाणुनाशन,கிருமி நீக்கம்
1. परिक्षेपण 2. प्रकीर्णन,1. சிதறல் 2. சிதறல்
1.प्रकीर्णन 2.प्रसरण,1. சிதறல் 2. மாறுபாடு
विविधीकरण,பல்வகைப்படுத்தல்
विविधीकृत कृषि,பல்வகைப்பட்ட விவசாயம்
डी एन ए सोपान,டிஎன்ஏ படி
डी.एन.ए. ग्राही,டிஎன்ஏ பெறுபவர்
गोदी-भाड़ा,கப்பல்துறை வாடகை
प्रभावी,பயனுள்ள
प्रसुप्ति,செயலற்ற நிலை
1. मात्रा 2. खुराक 3. डोज,1. அளவு 2. அளவு 3. அளவு
दोहरा सिग्माभ वक्र,இரட்டை சிக்மாய்டு வளைவு
1. झोंका 2. खिंचाव,1. புயல் 2. நீட்சி
1. निकास नाली 2. अपवाहिका,1. வெளியேற்ற வடிகால் 2. கழிவுநீர்
जलनिकास,வடிகால்
कर्षण,இழுவை
1.दवा पिलाना 2. दवाई से तर करना,1. மருந்து கொடு 2. நனை
प्रसाधन (बीज),அழகுசாதனப் பொருட்கள் (விதைகள்)
1.बरमा 2. उथली भूल 3. ड्रिल 4. वपित्र,1. ஆகர் 2. ஆழமற்ற தவறு 3. துளை 4. துருப்பு
1.सूराख करना 2. बेधन 3. बरमाना,1. துளை 2. துளை 3. துளை
1.वेधना 2. ड्रिल से बोना 3. ड्रिल से डालना,1. துளையிடுதல் 2. துரப்பணம் மூலம் விதைத்தல் 3. துரப்பணம் மூலம் ஊற்றுதல்
बूंद-बूंद सिंचाई,சொட்டு நீர் பாசனம்
शुष्क खेती,உலர் விவசாயம்
1.धूल 2. बुकनी,1.தூசி 2.புக்னி
1.धूलित्र 2. प्रकीर्णक,1. டஸ்டர் 2. சிதறல்
बुरकना,தெளிக்க
1. बौना 2. वामन,1. குள்ளன் 2. வாமனன்
वामन पिरामिड,வாமன பிரமிட்
वामिनीभवन,வாமினி பவன்
पारिस्थितिकी,சூழலியல்
अर्थमिति,பொருளாதார அளவியல்
आर्थिक दक्षता,பொருளாதார திறன்
परिस्थितिक प्ररूप,சூழ்நிலை வகை
बहिःस्तरपोषित,கூடுதல் அடுக்கு
मृदीय,மென்மையான
मृदा विज्ञान,மண் அறிவியல்
1. मेड़बंदी 2. किनारा बनाना 3. किनारा बंदी,1. பாலம் 2. விளிம்பு 3. இழை மூடல்
खाद्य अंश,உணவு பகுதி
मांग की लोच,தேவை நெகிழ்ச்சி
उत्पादन लोच,உற்பத்தி நெகிழ்ச்சி
विद्युत्-अपघटन,மின்னாற்பகுப்பு
वैद्युतकण-संचलन,எலக்ட்ரோபோரேசிஸ்
अवक्षालन,ஆவியாதல்
1.विपुंसीकारित्र 2. बंधकारित्र 3.विपुंसीकार 4. बंध्यकार,1. சிரச்சேதம் 2. பிடிப்பவர் 3. தலை துண்டிப்பவர் 4. ஸ்டெரிலைசர்
1.मेड़ बंदी 2. डौलबंदी,1. வெயிர் பாண்டி 2. ஸ்ட்ராபாண்டி
भ्रूण,கரு
1. भ्रूणविज्ञान 2. भौणिकी,1. கருவியல் 2. இயற்பியல்
1. निकलना 2. निर्गमन,1. வெளியேறு 2. வெளியேறு
पायसीकारक,குழம்பாக்கி
अंतर्जात,உட்புறம்
अंतः सूत्री विभाजन,உள்-புள்ளி பிரிவு
अंतः परजीवी,உள் ஒட்டுண்ணி
भ्रूणपोष,எண்டோஸ்பெர்ம்
उद्यम,நிறுவன
कीटविज्ञान,பூச்சியியல்
पर्यावरण,சூழல்
1. प्रकिण्व 2. एन्जाइम,1. என்சைம் 2. என்சைம்
दलपुंज कलमबंदी,கொத்து ஒட்டுதல்
1. अधिपादप 2. एपिफाइट,1. எபிஃபைட் 2. எபிஃபைட்
समानधारिता,பங்கு
उन्मूलन,நீக்குதல்
आवश्यक पोषक तत्व,அத்தியாவசிய ஊட்டச்சத்துக்கள்
1. परिमापन 2. कूतना 3. आकलन,1. அளவீடு 2. தாவி 3. மதிப்பீடு
पांडुरता,நேர்த்தியான
सुजननिक,சுஜன்னிக்
मूल्यांकन,மதிப்பீடு
वाष्पनमापी,நீராவி மானி
वाष्पन-वाष्पोत्सर्जन,ஆவியாதல்
सदाहरित क्रांति,நித்திய புரட்சி
1. सदाहरित 2. सदापर्णी,1. evergreen 2. evergreen
विकास,வளர்ச்சி
उच्छेद करना,துண்டிக்கப்பட்டது
परिक्षय (उर्वरता),பரீக்ஷய் (கருவுறுதல்)
शोषण,சுரண்டல்
1. खोज 2. अन्वेषण,1. ஆய்வு 2. ஆய்வு
1. बहिर्वेधन 2. उत्सारण,1. வெளியேற்றம் 2. உமிழ்வு
आंख,கண்
1. कारक 2. घटक 3. उपादान 4. साधन,1. காரணி 2. கூறு 3. காரணி 4. வளம்
कारक उत्पादकता,காரணி உற்பத்தித்திறன்
आढ़तिये का बट्टा,வர்த்தகர் தள்ளுபடி
क्रमगुणित ब्लॉक डिजाइन,காரணி தொகுதி வடிவமைப்பு
विकल्पी,மாற்று
1. पड़ती 2. पलिहर,1. பட்டி 2. பலிஹார்
कुल,மொத்த
प्रक्षेत्र मूल्यांकन,கள மதிப்பீடு
प्रक्षेत्र का बजट बनाना,பண்ணை பட்ஜெட்
कृषि व्यवसाय,விவசாய வணிகம்
प्रक्षेत्र नियोजन,கள திட்டமிடல்
1. किसान 2. कृषक,1. விவசாயி 2. விவசாயி
1. कृषि 2. खेती,1. விவசாயம் 2. விவசாயம்
संघट्टन,மோதல்
बहुप्रजनन,பல இனப்பெருக்கம்
किण्वन,நொதித்தல்
उर्वरता,கருவுறுதல்
उर्वरक,உரம்
उर्वरक उपयोग दक्षता,உர பயன்பாடு திறன்
रेशेदार,நார்ச்சத்து
1. खेत 2. क्षेत्र 3. स्थान,1. பண்ணை 2. பகுதி 3. இடம்
मृदा जलधारिता,மண் நீர் பிடித்து
प्रक्षेत्र प्रदर्शन,கள ஆர்ப்பாட்டம்
1. स्थिरीकरण 2. यौगिकीकरण 3. निर्धारण,1. அசையாமை 2. ஃபிக்சேஷன் 3. ஃபிக்சேஷன்
1. आप्लावन 2. अधिसिंचन,1. ஊடுருவல் 2. செறிவூட்டல்
प्रवाह आरेख,ஓட்ட வரைபடம்
खाद्य मान,உணவு மதிப்பு
चारा,தீவனம்
पूर्वानुमान,முன்னறிவிப்பு
वन,காடு
वनरोपण,காடு வளர்ப்பு
1. ताड़पर्ण 2. प्रपर्ण,1. டாட்பார்ன் 2. படிவம்
तुषार रोधी,உறைபனி எதிர்ப்பு
1.पाला 2. तुषार,1. பாலா 2. ப்ளைட்
1. हिमशीतित 2. हिमीकृत,1. உறைந்த 2. உறைந்த
फलन,செயல்பாடு
1. फल पातन 2. फल का झड़ना,1. பழம் வீழ்ச்சி 2. பழம் வீழ்ச்சி
फल बनना,பழங்கள் ஆக
1. धूमन 2. धूम देना,1. புகைத்தல் 2. புகைத்தல்
कवकनाशी,பூஞ்சைக் கொல்லி
कवकरोधी,பூஞ்சை எதிர்ப்பு
कवक,பூஞ்சை
1. खूड़ 2. सीता,1. குத் 2. சீதா
1. संलयन 2. संगलन,1. இணைவு 2. இணைவு
रूआं,பருத்தி கம்பளி
रोएंदार,முடிகள் நிறைந்த
1. वृक्ष व्रण 2. पिटिका,1. மரப்புண் 2. பிடிகா
1. युग्मक 2. गैमीट,1. கேமட்கள் 2. கேமட்கள்
1. उद्यान 2. बाग,1. தோட்டம் 2. தோட்டம்
1. पनसाल 2. जलमापी,1. பான்சால் 2. ஹைட்ரோமீட்டர்
जीन संग्रह,மரபணு சேகரிப்பு
जीन टैगन,ஜீன் டேகன்
वंशावली विज्ञान,பரம்பரை
जीन मानचित्र,மரபணு வரைபடம்
आनुवंशिकी,மரபியல்
1. जीनोम 2. संजीन,1. ஜீனோம் 2. சங்கீன்
संजीनी संग्रह,சஞ்சினி சேகரிப்பு
जीनोमिक्स,மரபியல்
जीनप्ररूपी,மரபணு வகை
1. जीनी संरचना 2. जीन प्ररूप,1. மரபணு அமைப்பு 2. மரபணு வகை
वंश,பரம்பரை
1. जीनस 2. वंश,1. பேரினம் 2. பரம்பரை
1. रोगाणु 2. जर्म,1. கிருமி 2. கிருமி
रोगाणुनाशी,கிருமி நாசினி
अंकुरण,முளைத்தல்
1. जननद्रव्य 2. जर्मप्लाज्म,1. ஜெர்ம்பிளாசம் 2. ஜெர்ம்பிளாசம்
जिबरेलिक अम्ल,ஜிபெரெலிக் அமிலம்
ओटना,பொறுக்கி
तुष,துஷ்
1. लसदार 2. ग्लूटिनी,1. பசையம் 2. பெருந்தீனி
ग्लाइकोलिसिस,கிளைகோலிசிஸ்
नाइस,நைஸ்
स्वर्णिम क्रांति,பொன் புரட்சி
1. श्रेणीकरण 2. वर्गीकरण 3. स्तरीकरण,1. வகைப்பாடு 2. வகைப்பாடு 3. அடுக்குப்படுத்தல்
1. कलमबंद पादप 2. कलमी पौधा,1. ஒட்டு செடி 2. பெனும்பிரல் செடி
कलम असंगत,பேனா சீரற்ற
ग्रैना,கிரானா
कणिकायन,குருணையாக்கம்
हरी खाद,பச்சை உரம்
हरित क्रांति,பசுமைப் புரட்சி
वृद्धि और परिवर्धन,வளர்ச்சி மற்றும் வளர்ச்சி
1. गोंद रोग 2. गोंदार्ति,1. ஈறு நோய்
भिन्नस्थ - उभयस्त्रीलिंगी,வேற்றுபாலின
1. प्रकृति 2. स्वभाव 3. रूपगुण 4. स्वरूप,1. பிரகிருதி 2. இயல்பு 3. ரூபகுணம் 4. தோற்றம்
1. ओला 2. करकापात 3. करका,1. ஓலா 2. கர்கபட் 3. கர்கா
रोमिलवैच,ரோமில்வாட்ச்
लवणमृदोद्भिद्,உப்பு நீர்க்கட்டி
हैरो,ஹாரோ
1. तुड़ाई सूचकांक 2. कटाई सूचकांक,1. அறுவடை குறியீடு 2. அறுவடை குறியீடு
1.कटाई 2. कटी फसल 3. तैयार फसल 4. उपज,1. அறுவடை 2. அறுவடை செய்த பயிர் 3. முடிக்கப்பட்ட பயிர் 4. மகசூல்
1. तोड़ना 2. कटाई 3. तुड़ाई,1. பறித்தல் 2. அறுவடை 3. பறித்தல்
1. अंडे से निकलना 2. अंडा सेना,1. முட்டை இடுதல் 2. முட்டை படை
सूखी घास,உலர்ந்த புல்
सूखा चारा,உலர் தீவனம்
गंजी,கஞ்சி
धुंध,மூடுபனி
धुंधता,மங்கலான
1. बाली 2. सिट्टा 3.मुंडक 4. शीर्ष 5. सिर 6. सिरा,1. பாலி 2. சித்தா 3. முண்டக் 4. மேல் 5. தலை 6. சிரா
सिरा (नाली का),பள்ளத்தின் முடிவு
शीर्ष छंटाई,மேல் கத்தரித்து
बाड़,வேலி
अधिरक्षण,காவலில்
कुंडलिनी,குண்டலினி
हेमैटाइट,ஹெமாடைட்
1. शाक 2. बूटी,1. மூலிகை 2. மூலிகை
1.वनस्पति संग्रह 2. वनस्पति संग्रहालय,1.தாவரவியல் சேகரிப்பு 2.தாவரவியல் அருங்காட்சியகம்
शाकनाशी,களைக்கொல்லி
आनुवंशिकता,பரம்பரை
वंशागतित्व,பரம்பரை
उभयलिंगी,இருபாலினம்
विषमवर्णी,ஹீட்டோரோக்ரோமடிக்
विषम-निषेचन,பன்முக கருத்தரித்தல்
1. संकरओज 2. हेटेरोसिस,1. ஹைபிரிடோஸ் 2. ஹெட்டோரோசிஸ்
लिंगक्रोमोसोम,செக்ஸ்க்ரோமோசோம்கள்
परपोषित,பராமரிக்கவில்லை
षड्गुणित,பதினாறுமாதம்
शीत निष्क्रियता,குளிர் உறக்கம்
उच्च सघनता रोपण,அதிக அடர்த்தி நடவு
1. पिंडलक 2. हिल (धान),1. பிண்டலாக் 2. மலை (நெல்)
आयतचित्र,ஹிஸ்டோகிராம்
उच्च तकनीकी औद्यानिकी,உயர் தொழில்நுட்ப தோட்டக்கலை
1.करंड 2. छत्ता,1.தயிர் 2. ஹைவ்
1.गुड़ाई 2. गोड़ना,1. களையெடுத்தல் 2. களையெடுத்தல்
जोत,வைத்திருக்கும்
निजी फार्म,தனியார் பண்ணை
समस्थिति,ஹோமியோஸ்டாஸிஸ்
वासभूमि,தாயகம்
समांगता,ஒருமைப்பாடு
1.सजातीय 2. समांगी,1. ஒரே மாதிரியான 2. ஒரே மாதிரியான
समधर्मी,அனுதாபம்
समयुग्मज,ஓரினச்சேர்க்கை
1.खुरलिका 2. खाद्यधानी 3. हापर,1. குர்லிகா 2. உணவுப் பாத்திரம் 3. ஹாப்பர்
1.संस्तर 2. क्षितिज,1. அடுக்கு 2. அடிவானம்
औद्यानिक फसलें,தோட்டக்கலை பயிர்கள்
1. उद्यान विज्ञान 2. बागवानी 3. उद्यान कृषि 4.औदयानिकी,1. தோட்டக்கலை 2. தோட்டக்கலை 3. தோட்டக்கலை 4. தோட்டக்கலை
