Odiya,English
ଅସ୍ୱାଭାବିକ |,Abnormal
ପରିତ୍ୟାଗ,Abort
ଅଳିଆ ଆବେଗ,Abrasion
ଆକସ୍ମିକ,Abrupt
ସଂପୂର୍ଣ୍ଣ କ୍ଷେତ୍ର ଶକ୍ତି |,Absolute field strength
ସଂପୂର୍ଣ୍ଣ ତାପମାତ୍ରା |,Absolute temperature
ସଂପୂର୍ଣ୍ଣ ମୂଲ୍ୟ,Absolute value
ଶୋଷଣ,Absorb
ଅବଶୋଷଣ ସହ-ଦକ୍ଷ |,Absorption co-efficient
ଶୋଷଣୀୟ କ୍ଷତି |,Absorption loss
ବିସ୍ତୃତ,Abstract
ଆକ୍ସଲେରୋମିଟର |,Accelerometer
ଗ୍ରହଣ ପରୀକ୍ଷା,Acceptance test
ପ୍ରବେଶ,Access
ପ୍ରବେଶ ନିୟନ୍ତ୍ରଣ,Access control
ପ୍ରବେଶ ବିନ୍ଦୁ,Access point
ସମୟ ପ୍ରବେଶ କରନ୍ତୁ |,Access time
ଅଭିଗମ୍ୟତା |,Accessibility
ଆକ୍ୟୁଲେଟର କକ୍ଷ |,Accumulator cell
ସଠିକତା,Accuracy
ସଠିକ୍,Accurate
ଆଖୋଟୋମାଟିକ୍ ଲେନ୍ସ |,Achromatic lens
ଏସିଡ୍ |,Acid
ଏସିଡ୍ ପ୍ରମାଣ |,Acid proof
ଅମ୍ଳତା,Acidity
ସ୍ୱୀକୃତି ବିଟ୍,Acknowledgement bit
ଆକାଶବାଣୀ |,Acoustic
ଆକାଶବାଣୀ ଯୋଗାଯୋଗ |,Acoustic communication
ଆକାଶବାଣୀ ବିସ୍ତାର,Acoustic diffusion
ଆକାଶବାଣୀ ସମାନତା |,Acoustic equalizer
ଆକାଶବାଣୀ ମତାମତ |,Acoustic feedback
ଆକାଶବାଣୀ ଫିଲ୍ଟର |,Acoustic filter
ଆକାଶବାଣୀ ପ୍ରତିରୋଧ |,Acoustic impedance
ଆକାଶବାଣୀ ମାସ୍କିଂ |,Acoustic masking
ଆକାଶବାଣୀ ଶକ୍ତି |,Acoustic power
ଆକାଶବାଣୀ ସମ୍ପତ୍ତି |,Acoustic property
ଆକାଶବାଣୀ ପ୍ରତିକ୍ରିୟା |,Acoustic reactance
ଆକାଶବାଣୀ ପ୍ରତିଫଳନ |,Acoustic reflex
ଆକାଶବାଣୀ ଟାଇଲ୍ |,Acoustic tile
ଆକାଶବାଣୀ ତରଙ୍ଗ |,Acoustic wave
ଆକାଶବାଣୀ ଅବଶୋଷଣ |,Acoustical absorption
ଆକାଶବାଣୀ ଆଟେନେସନ୍ ସ୍ଥିର |,Acoustical attenuation constant
ଆକାଶବାଣୀ ଡମ୍ପିଂ |,Acoustical damping
ଆକାଶବାଣୀ ବିଳମ୍ବ ରେଖା |,Acoustical delay line
ଆକାଶବାଣୀ ବିକୃତି |,Acoustical distortion
ଆକାଶବାଣୀ ନଳୀ |,Acoustical duct
ଆକାଶବାଣୀ ଶକ୍ତି |,Acoustical energy
ଆକାଶବାଣୀ ମତାମତ |,Acoustical feedback
ଆକାଶବାଣୀ ଫିଲ୍ଟର |,Acoustical filter
ଆକାଶବାଣୀ ପ୍ରତିରୋଧକ |,Acoustical impedance
ଆକାଶବାଣୀ ପ୍ରଚାର ସ୍ଥିର |,Acoustical propagation constant
ଆକାଶବାଣୀ ପ୍ରତିରୋଧ |,Acoustical resistance
ଆକାଶ ଭାବରେ ଇନସୁଲେଡ୍ |,Acoustically insulated
ଆକାଶବାଣୀ |,Acoustics
ଅଧିଗ୍ରହଣ,Acquisition
ଆକ୍ରୋନିମ୍ |,Acronym
କ୍ରିୟା କ୍ଷେତ୍ର,Action area
ସକ୍ରିୟ ଚିଲାମେଣ୍ଟ |,Activated filament
ସକ୍ରିୟ,Active
ସକ୍ରିୟ କ୍ଷେତ୍ର,Active area
ସକ୍ରିୟ ୱିଣ୍ଡୋ |,Active window
ଅନୁକେତ,Adaptability
ଆଡାପ୍ଟର (ଆଡାପ୍ଟର),Adapter (adaptor)
ଆଡାପ୍ଟିଭ୍ ଡିଫେରିଏଲ୍ ପଲ୍ସ କୋଡ୍ ମୋଡୁଲେସନ୍ |,Adaptive differential pulse code modulation
ଠିକଣା ବହି,Address book
ଠିକଣା ବସ୍,Address bus
ଠିକଣା ରେଜୋଲୁସନ,Address resolution
ସଂଲଗ୍ନ ଚ୍ୟାନେଲର ହସ୍ତକ୍ଷେପ |,Adjacent channel interference
ସଂଲଗ୍ନ ଚ୍ୟାନେଲ ଚୟନ,Adjacent channel selectivity
ସଂଲଗ୍ନ ଫ୍ରିକ୍ୱେନ୍ସି |,Adjacent frequency
ସଂଲଗ୍ନ ଫ୍ରିକ୍ୱେନ୍ସି ଚ୍ୟାନେଲ |,Adjacent frequency channel
ସଂଲଗ୍ନ ଚିତ୍ର ବାହକ |,Adjacent picture carrier
ସଂଲଗ୍ନ ସାଉଣ୍ଡ ବାହକ |,Adjacent sound carrier
ସଂଲଗ୍ନ ଷ୍ଟେସନ |,Adjacent station
ନିୟନ୍ତ୍ରିତ,Adjustable
ନିୟନ୍ତ୍ରିତ କଣ୍ଡେନ୍ସର୍ |,Adjustable condenser
ଚାପକୁ ସଜାଡିବା |,Adjusting pressure
ରେଞ୍ଚ ଆଡଜଷ୍ଟ କରିବା |,Adjusting wrench
ଆଡଜଷ୍ଟମେଣ୍ଟ୍,Adjustment
ପ୍ରଶାସକ,Administrator
ଉନ୍ନତ ଟେକ୍ନୋଲୋଜି |,Advanced technology
ବାୟୁ,Aerial
ଏରିଲ୍ ଆରେ |,Aerial array
ଏରିଲ୍ ବୁଷ୍ଟର୍ |,Aerial booster
ଏରିଲ୍ କରେଣ୍ଟ୍ |,Aerial current
ଏରିଲ୍ ମାଟିଙ୍ଗ୍ ସୁଇଚ୍ |,Aerial earthing switch
ଏରିଲ୍ ଦକ୍ଷତା |,Aerial efficiency
ଏରିଲ୍ ଇନପେଟେନ୍ସ |,Aerial impedance
ଏରିଲ୍ ଇଣ୍ଡିକାନ୍ସ |,Aerial inductance
ଏରିଆଲ୍ ଇନସୁଲେଟର |,Aerial insulator
ଏରିଆଲ୍ ଲୋଡିଂ କୋଇଲ୍ |,Aerial loading coil
ଏରିଲ୍ ଫଟୋଗ୍ରାଫି |,Aerial photography
ଏରିଲ୍ ଶକ୍ତି |,Aerial power
ଏରିଆଲ୍ ବିକିରଣର ଲାଭ |,Aerial radiation reistance
ଏରିୟାଲ୍ ପ୍ରତିକ୍ରିୟା |,Aerial reactance
ଏରୋଡାଇନାମିକ୍ସ,Aerodynamics
ସଂସ୍ଥା,Agency
ବାୟୁ କମ୍ପ୍ରେସାକ୍ର,Air compressor
ବାୟୁ କଣ୍ଡନସର୍ |,Air condenser
ବାୟୁ ଥଣ୍ଡା,Air cooled
ବାୟୁ କୋଡ୍ କୋଇଲ୍ |,Air cored coil
Accometication,Airconditioning
ଆଲବେଡୋ |,Albedo
ଆଲଗୋରିଦମ,Algorithm
ଛଦ୍ମନାମ,Aliasing
ମିଶ୍ରଣ,Aligning
ପରିଚାଳିତ,Alignment
ସମସ୍ତ ତରଙ୍ଗ ବାୟୁ |,All wave aerial
ଆବଣ୍ଟନ,Allocation
ବର୍ଣ୍ଣାନୁକ୍ରମିକ,Alphabetic
ବର୍ଣ୍ଣମାଳା,Alphanumeric
ବର୍ଣ୍ଣମାଳା ଚରିତ୍ର |,Alphanumeric character
ବର୍ଣ୍ଣମାଳା ସୂଚନା,Alphanumeric information
ବିକଳ୍ପ ସାମ୍ପ୍ରତିକ (AC.),Alternating current (a.c.)
ବିକଳ୍ପ,Alternation
Atternator,Alternator
ଉଚ୍ଚତା,Altitude
ଆପୋଜି ର ଉଚ୍ଚତା |,Altitude of the apogee
PERIGEE ର ଉଚ୍ଚତା |,Altitude of the perigee
ଆମୋଦିତ ରେଡିଓ ଯୋଗାଯୋଗ |,Amateur radio communication
ଅଭିଳାଷୀ |,Ambience
ଆମ୍ବିଏନ୍ସ ମାଇକ୍ରୋଫୋନ୍ |,Ambience microphone
ପରିବେଶ ସର୍ତ୍ତ,Ambient condition
ପରିବେଶ ଆଲୋକ |,Ambient lighting
ଆମ୍ବିକ୍ ଶବ୍ଦ,Ambient noise
ପରିବେଶ ତାପମାତ୍ରା |,Ambient temperature
ଆମେରିକୀୟ ମାନକ କୋଡ୍ |,American standard code
ଆମ୍ପେର୍,Ampere
ଆମ୍ପେର୍ ମିଟର |,Ampere meter
ବୃଦ୍ଧି,Amplification
Amplfication ଫ୍ୟାକ୍ଟର୍ |,Amplification factor
ଏମ୍ପ୍ଲିଫାୟର୍,Amplifier
ଏମ୍ପ୍ଲିଫାୟର୍ ଲାଭ |,Amplifier gain
ଏମ୍ପ୍ଲିଫାୟର୍ ଶବ୍ଦ |,Amplifier noise
ଯନ୍ତ୍ରପାତି ଯନ୍ତ୍ରପାତି |,Amplifying equipment
କାଲିଷ୍ଟ୍ରନ୍,Amplifying klystron
Amplifying ୟୁନିଟ୍ |,Amplifying unit
ପ୍ରଶସ୍ତତା,Amplitude
ପ୍ରସଙ୍ଗଯୁକ୍ତ ବିକୃତି |,Amplitude distortion
ପ୍ରୟୋଗ ହୋଇଥିବା ଭ୍ରମଣ |,Amplitude excursion
ପ୍ରଶସ୍ତତା ଫ୍ୟାକ୍ଟର୍ |,Amplitude factor
ପ୍ରଶସ୍ତତା ସୀମା,Amplitude limiter
ପ୍ରୟୋଗ ମୋଡ୍ୟୁଲେଟ୍ |,Amplitude modulated
ପ୍ରଶସ୍ତତା ମୋଡ୍ୟୁଲେସନ୍ |,Amplitude modulation
ଆନାଗଲ୍ (ଆନାଗଲ୍),Analog (analogue)
ଆନାଗଲ୍ ସର୍କିଟ୍ |,Analog circuit
ଆନାଗଲ୍ କମ୍ପ୍ୟୁଟର |,Analog computer
ଆନାଗଲ୍ ରେଡିଓ ଫ୍ରିକ୍ୱେନ୍ସି ଚ୍ୟାନେଲ |,Analog radio frequency channel
ଆନାଗଲ୍ ଉପସ୍ଥାପନା |,Analog representation
ଆନାଗଲ୍ ସିଗନାଲ୍ |,Analog signal
ଅନୁରୂପ କରିବାକୁ ଅନୁରୂପ |,Analog to digital
ଡିଜିଟାଲ୍ କନଭର୍ଟର ପାଇଁ ଆନାଗଲ୍ |,Analog to digital converter
ଆନାଗଲ୍ ଭିଡିଓ |,Analog video
ଅନୁରୂପ,Analogous
ଆନାଲୋଜି,Analogy
ବିଶ୍ଳେଷଣ |,Analysis
ତଥ୍ୟର ବିଶ୍ଳେଷଣ |,Analysis of data
ଆନାଲିଟିକାଲ୍ ଘନତା |,Analytical density
ବିଶ୍ଳେଷଣ କର |,Analyze
ଆନିପ୍ରିଣ୍ଟେଜର |,Analyzer
ଅର୍କିଲିଡିଆ ଉପକରଣ |,Ancilliary equipment
ଏବଂ ଫାଟକ,AND Gate
କଲିମିର କୋଣ |,Angle of collimation
ପୋଲାରାଇଜେସନ୍ କୋଣ |,Angle of polarization
ଘୂର୍ଣ୍ଣନର କୋଣ |,Angle of rotation
Agtstom (å),Angstrom (Å)
କୋଣାର୍କ,Angular
କୋଣାର୍କ ତ୍ୱରାନ୍ୱିତ |,Angular acceleration
କୋଣାର୍କ ସମବେଦନା |,Angular co-ordinates
କୋଣାର୍କ ବିବେକ |,Angular deflection
କୋଣାର୍କ ବିପରୀତ |,Angular dispersion
କୋଣାର୍କ ବିସ୍ଥାପନ |,Angular displacement
କୋଣାର୍କ ତ୍ରୁଟି |,Angular error
କୋଣାର୍କ ଫ୍ରିକ୍ୱେନ୍ସି |,Angular frequency
କୋଣାର୍କ ଗତି |,Angular momentum
କୋଣାର୍କ ଗତି,Angular motion
କୋଣାର୍କ ବେଗ |,Angular velocity
ଆନିମେସନ୍,Animation
Anode,Anode
Anodod ବ୍ୟାଟେରୀ |,Anode battery
Andod ବ istic ଶିଷ୍ଟ୍ୟ |,Anode characteristic
ଆନୋଡ ସର୍କିଟ୍ |,Anode circuit
ଆନୁଷ୍ଠାନିକ ଡିସପିଏସନ,Anode dissipation
ଆନୁଷ୍ଠାନିକ ଦକ୍ଷତା |,Anode efficiency
ଆନୁଷ୍ଠାନିକ ଇନପୁଟ୍ ଶକ୍ତି |,Anode input power
ଆନୁଷ୍ଠାନିକ ମୋଡୁଲେସନ୍ |,Anode modulation
ଆଣ୍ଟେନା |,Antenna
ଆଣ୍ଟେନା ବିମ୍ୱିଡଥ୍ |,Antenna beamwidth
ଆଣ୍ଟେନା ବୁଷ୍ଟର୍ |,Antenna booster
ଆଣ୍ଟେନା ପରିବର୍ତ୍ତନକାରୀ ସୁଇଚ୍ |,Antenna changeover switch
ଆଣ୍ଟେନା କୋଇଲ୍ |,Antenna coil
ଆଣ୍ଟେନା ବିନ୍ୟାସ,Antenna configuration
ଆଣ୍ଟେନା କପଟର୍ |,Antenna coupler
ଆଣ୍ଟେନା କ୍ରସ୍ ପୋଲାର୍ ପ୍ୟାଟର୍ |,Antenna cross polar pattern
ଆଣ୍ଟେନା କରେଣ୍ଟ୍ |,Antenna current
ଆଣ୍ଟେନା ପ୍ରତ୍ୟକ୍ଷ ପ୍ରତ୍ୟକ୍ଷ ଲାଭ |,Antenna directivity gain
ଆଣ୍ଟେନା ଡୁପ୍ଲେକ୍ସର |,Antenna duplexer
ଆଣ୍ଟେନା ପ୍ରଭାବଶାଳୀ କ୍ଷେତ୍ର |,Antenna effective area
ଆଣ୍ଟେନା ଦକ୍ଷତା |,Antenna efficiency
ଆଣ୍ଟେନା ଫିଡ୍ |,Antenna feed
ଆଣ୍ଟେନା ପାଦ ପ୍ରିଣ୍ଟ୍ |,Antenna foot print
ଆଣ୍ଟେନା ଲାଭ,Antenna gain
ଆଣ୍ଟେନା ଉଚ୍ଚତା |,Antenna height
ଆଣ୍ଟେନା ପ୍ରତିରକ୍ଷା |,Antenna impedance
ଆଣ୍ଟେନା ଇଣ୍ଡିକାନ୍ସ |,Antenna inductance
ଆଣ୍ଟେନା ପାଟର୍ନ |,Antenna pattern
ଆଣ୍ଟେନା ପ୍ଲେକ୍ସର୍ |,Antenna plexer
ଆଣ୍ଟେନା ପୋଲାରାଇଜେସନ୍ |,Antenna polarization
ଆଣ୍ଟେନା ଶକ୍ତି |,Antenna power
ଆଣ୍ଟେନା ପାୱାର ଲାଭ |,Antenna power gain
ଆଣ୍ଟିନା ବିକିରଣ ପ୍ରତିରୋଧ |,Antenna radiation resistance
ଆଣ୍ଟେନା ପ୍ରତିକ୍ରିୟା |,Antenna reactance
ଆଣ୍ଟେନା ରିଫଲେକ୍ଟର |,Antenna reflector
ଆଣ୍ଟେନା ପ୍ରତିରୋଧ,Antenna resistance
ଆଣ୍ଟେନା ପର୍ଯ୍ୟଟକଗଣ ବିସ୍ତାରିତ ଫ୍ରିକ୍ୱେନ୍ସି |,Antenna resonant frequency
ଆଣ୍ଟେନା ବ୍ୟବଧାନ |,Antenna spacing
ଆଣ୍ଟେନା ସୁଇଚ୍ ରୁମ୍ |,Antenna switching room
ଆଣ୍ଟେନା ଟ୍ୟୁନିଂ କୋଇଲ୍ |,Antenna tuning coil
ଆଣ୍ଟେନା ଟ୍ୟୁନିଂ ହାଟ |,Antenna tuning hut
ଆପେଚର,Aperture
ଆପୋଲେଜ୍,Apogee
ଆପୋଲେ ରକେଟ୍ |,Apogee rocket
ଉପକରଣ,Apparatus
ସ୍ପଷ୍ଟ,Apparent
ଆପଲେଟ୍,Applet
ପ୍ରୟୋଗ,Application
ଆନୁମାନିକ,Approximate
ଜଳପ୍ରବାହକାରୀ ସମାଧାନ |,Aquous solution
ଆର୍କ,Arc
ସ୍ଥାପତ୍ୟ,Architecture
ଶବ୍ଦ ରେକର୍ଡିଂର ଅଭିଲେଖାଗାର ସ୍ଥାନାନ୍ତର |,Archival transfer of sound recording
ଅଭିଲେଖାଗାର,Archives
ଗାଣିତିକ କୋଡିଂ |,Arithmetic coding
ଅର୍ଗର,Armature
ଅରତା ପବନ,Armature winding
ଆରେ,Array
ଆରେଷ୍ଟ୍ରର୍,Arrester
ଆର୍ଟଲେସନ୍,Articulation
କଳାକୃତି (= କଳାକୃତି),Artifact (=artefact)
ଆରୋହଣ,Ascending
ଆନୁମାନିକ ଅନୁପାତ,Aspect ratio
ଏକତ୍ରିତ |,Assembler
ଧାରଣା,Assertion
ଆସାଇନମେଣ୍ଟ,Assignment
ଆସାଇନମେଣ୍ଟ ଚ୍ୟାନେଲ୍ |,Assignment channel
ଅସମାନଗତ,Asymmetrical
ଅସନ୍ତୁଳିତ,Asynchronous
ବାୟୁମଣ୍ଡଳ,Atmosphere
ବାୟୁମଣ୍ଡଳୀୟ କ୍ଷତି |,Atmospheric loss
ବାୟୁମଣ୍ଡଳୀୟ ଶବ୍ଦ |,Atmospheric noise
ବାୟୁମଣ୍ଡଳୀୟ ଚାପ |,Atmospheric pressure
ବାୟୁମଣ୍ଡଳୀୟ ପ୍ରସାର |,Atmospheric propagation
ବାୟୁମଣ୍ଡଳୀୟ ରେଡିଓ-ତରଙ୍ଗ |,Atmospheric radio-wave
ବାୟୁମଣ୍ଡଳ,Atmospherics
ପରମାଣୁ,Atom
ପରମାଣୁ ଗଠନ,Atomic structure
ସଂଲଗ୍ନ,Attachment
ସାଧନ,Attenuation
ଆଟେନେସନ୍ କ୍ଷତି |,Attenuation loss
ଶବ୍ଦ ତରଙ୍ଗର ଆଭିମୁଖ୍ୟ |,Attenuation of sound waves
ଆଟେଟୋଲେଟର୍ |,Attenuator
ଆଟେନୁଏଟର୍-ପ୍ୟାଡ୍ |,Attenuator-pad
ପରିମାପ ସୀମା,Audibility threshold
ମୂଳଦୁଆ,Audible
ଶରଣଯୋଗର ଫ୍ରିକ୍ୱେନ୍ସି |,Audible frequency
ଶ୍ରବଣୀୟ ସ୍ୱର,Audible tone
ଶ୍ରୋଚନା-ସ୍ପେକ୍ଟ୍ରମ୍ |,Audible-spectrum
ଦର୍ଶକ |,Audience
ଅଡିଓ,Audio
ଅଡିଓ ଏମ୍ପ୍ଲିଫାୟର୍ |,Audio amplifier
ଅଡିଓ ଆନାଲିଜର |,Audio analyzer
ଅଡିଓ ପ୍ରସାରଣକାରୀ |,Audio broadcasting
ଅଡିଓ କେବୁଲ୍ |,Audio cable
ଅଡିଓ ଶୃଙ୍ଖଳା,Audio chain
ଅଡିଓ କୋଡେକ,Audio codec
ଅଡିଓ ସଙ୍କୋଚନ |,Audio compression
ଅଡିଓ ସଙ୍କୋଚନ |,Audio compressor
ଅଡିଓ କୋନସୋଲ |,Audio console
ଅଡିଓ ବିକୃତ |,Audio distortion
ଅଡିଓ ଗତିଶୀଳ ପରିସର |,Audio dynamic range
ଅଡିଓ ଫାଇଲ୍ ଫର୍ମାଟ୍ |,Audio file format
ଅଡିଓ ଫ୍ରେମ୍ ଫର୍ମାଟ୍ |,Audio frame format
ଅଡିଓ ଫ୍ରିକ୍ୱେନ୍ସି ଏମ୍ପ୍ଲିଫାୟର୍ |,Audio frequency amplifier
ଅଡିଓ ଫ୍ରିକ୍ୱେନ୍ସି ଜେନେରେଟର |,Audio frequency generator
ଅଡିଓ ଫ୍ରିକ୍ୱେନ୍ସି ରେଞ୍ଜ |,Audio frequency range
ଅଡିଓ ଫ୍ରିକ୍ୱେନ୍ସି ପ୍ରତିକ୍ରିୟା |,Audio frequency response
ଅଡିଓ ସୀମା,Audio limiter
ଅଡିଓ ରେଖା |,Audio line
ଅଡିଓ ମିକ୍ସର୍ |,Audio mixer
ଅଡିଓ ମୋଣ୍ଟୁଲେସନ୍ |,Audio modulation
ଅଡିଓ ଓସକ୍ଲଟର |,Audio oscillator
ଅଡିଓ ଆଉଟପୁଟ୍,Audio output
ଅଡିଓ ଶକ୍ତି |,Audio power
ଅଡିଓ ଗୁଣ,Audio quality
ଅଡିଓ ସଙ୍କେତ,Audio signal
ଅଡିଓ ସଙ୍କେତ ପ୍ରକ୍ରିୟାକରଣ |,Audio signal processing
ଅଡିଓ ସ୍ପେକ୍ଟ୍ରମ୍,Audio spectrum
ଅଡିଓ ଷ୍ଟୋରେଜ୍ |,Audio storage
ଅଡିଓ ସବ୍-କ୍ୟାରିଅର୍ |,Audio sub-carrier
ଅଡିଓ ଟ୍ରାନ୍ସଫର୍ମର |,Audio transformer
ଅଡିଓ ଟ୍ରାନ୍ସମିଟର |,Audio transmitter
ଅଡିଓ / ଭିଡିଓ ସଙ୍କୋଚନ |,Audio/video compression
ଅଡିଓ-ଫ୍ରିକ୍ୱେନ୍ସି ଓସକ୍ଲୁଟର |,Audio-frequency oscillator
ଅଡିଓ-ଫ୍ରିକ୍ୱେନ୍ସି ସିଗ୍ନାଲ୍ |,Audio-frequency signal
ଅଡିଓମେଟ୍ରି |,Audiometry
ଅଡିଓ-ଭିଜୁଆଲ୍ ସାହାଯ୍ୟ |,Audio-visual aid
ଅଡିଟୋରୀ ଧାରଣା |,Auditory perception
ପ୍ରାମାଣିକିକରଣ,Authentication
ପ୍ରାଧିକୃତ ବାହକ ଫ୍ରିକ୍ୱେନ୍ସି |,Authorised carrier frequency
ଅଟୋ କ୍ୟାଡ୍,Auto CAD
ଅଟୋ ଡାଇଗ୍ନୋଷ୍ଟିକ୍ |,Auto diagnostics
ସ୍ୱୟଂଚାଳିତ |,Automatic
ସ୍ୱୟଂଚାଳିତ ନିୟନ୍ତ୍ରଣ |,Automatic control
ସ୍ୱୟଂଚାଳିତ ଚିହ୍ନଟ |,Automatic detection
ସ୍ୱୟଂଚାଳିତ ଯନ୍ତ୍ରପାତି |,Automatic equipment
ସ୍ୱୟଂଚାଳିତ ଫ୍ରିକ୍ୱେନ୍ସି କଣ୍ଟ୍ରୋଲ୍ |,Automatic frequency control
ସ୍ୱୟଂଚାଳିତ ସୀମା |,Automatic limiter
ସ୍ୱୟଂଚାଳିତ ଯନ୍ତ୍ର,Automatic machine
ସ୍ୱୟଂଚାଳିତ ଫାସା ନିୟନ୍ତ୍ରଣ |,Automatic phasae control
ସ୍ୱୟଂଚାଳିତ ଚିତ୍ର ଟ୍ରାନ୍ସମିସନ୍ |,Automatic picture transmission
ସ୍ୱୟଂଚାଳିତ ପ୍ଲେକ୍ |,Automatic playback
ସ୍ୱୟଂଚାଳିତ ଶକ୍ତି ନିୟନ୍ତ୍ରଣ |,Automatic power control
ସ୍ୱୟଂଚାଳିତ ପ୍ରୋଗ୍ରାମିଂ |,Automatic programming
ସ୍ୱୟଂଚାଳିତ ରେକର୍ଡିଂ |,Automatic recording
ସ୍ୱୟଂଚାଳିତ ପୁନ et ସେଟ୍ |,Automatic reset
ସ୍ୱୟଂଚାଳିତ ସଟକଟର୍ ​​|,Automatic shutter
ସ୍ୱୟଂଚାଳିତ ସିଷ୍ଟମ୍ |,Automatic system
ସ୍ୱୟଂଚାଳିତ ଟେଲିଫୋନ୍ |,Automatic telephone
ସ୍ୱୟଂଚାଳିତ ତାପମାତ୍ରା ନିୟନ୍ତ୍ରଣ |,Automatic temperature control
ସ୍ୱୟଂଚାଳିତ ଭୋଲଟେଜ୍ ନିୟାମକ |,Automatic voltage regulator
ସ୍ୱୟଂଚାଳିତ ଭଲ୍ୟୁମ୍ ସଙ୍କେତ ଅନୁବାଦକ |,Automatic volume compressor
ସ୍ୱୟଂଚାଳିତ ଭଲ୍ୟୁମ୍ କଣ୍ଟ୍ରୋଲ୍ |,Automatic volume control
ସ୍ୱୟଂଚାଳିତ ଭଲ୍ୟୁମ୍ ବିସ୍ତାର କରନ୍ତୁ |,Automatic volume expander
ସ୍ୱୟଂଚାଳିତ,Automation
ସ୍ୱୟଂଚାଳିତ ନିୟନ୍ତ୍ରଣ,Automation control
ସ୍ୱୟଂଚାଳିତ ଫ୍ରିକ୍ୱେନ୍ସି କଣ୍ଟ୍ରୋଲ୍ |,Automation frequency controller
ସହାୟକକାରୀ,Auxiliary
ସହାୟକ ଅଡିଓ ବସ୍ |,Auxiliary audio bus
ଉପଲବ୍ଧ ଶକ୍ତି ଉପଲବ୍ଧ |,Available power
ଆଭାଲାନେ ଭାଙ୍ଗିବା |,Avalanche breakdown
ହାରାହାରି ଜୀବନ,Average life
ହାରାହାରି ଚାପ,Average pressure
ହାରାହାରି ଗତି,Average speed
ସ୍ପିନ୍ ର ଅକ୍ଷ |,Axis of spin
ଆଜିମ୍ୟୁଥ୍,Azimuth
ଆଜିମ୍ୟୁଥ କୋଣ |,Azimuth angle
ଆଜିମ୍ୟୁଥ୍ ତ୍ରୁଟି |,Azimuth error
ପଛ ହାଲୁକା,Back light
ବ୍ୟାକ୍ ପ୍ରୋଜେକସନ |,Back projection
ବ୍ୟାକ୍ ଭୋଲଟେଜ୍ (= ଓଲଟା ଭୋଲଟେଜ୍),Back voltage (=reverse voltage)
ବ୍ୟାକଫାୟାର (ଆକ୍ ବ୍ୟାକ୍),Backfire (arc back)
ପୃଷ୍ଠଭୂମି ଆଲୋକ |,Background light
ପୃଷ୍ଠଭୂମି ଶବ୍ଦ,Background noise
ପୃଷ୍ଠଭୂମି ପ୍ରୋଜେକସନ |,Background projection
ନକଲ ସଂରକ୍ଷଣ,Backup
ବାଧା,Baffle
ବେକିଂ,Baking
ସନ୍ତୁଳିତ ଅଡିଓ,Balanced audio
ସନ୍ତୁଳିତ ଅଡିଓ ରେଖା |,Balanced audio line
ସନ୍ତୁଳିତ ଟ୍ରାନ୍ସମିସନ ଲାଇନ୍ |,Balanced transmission line
ସନ୍ତୁଳନ |,Balancing
ବାଲାଷ୍ଟ |,Ballast
ବାଲାଷ୍ଟ ଫ୍ୟାକ୍ଟର୍ |,Ballast factor
ବାଲୁନ୍ |,Balun
ବ୍ୟାଣ୍ଡ,Band
ବ୍ୟାଣ୍ଡ ପାସ୍ ଫିଲ୍ଟର୍ |,Band pass filter
ବ୍ୟାଣ୍ଡ ସିଲେକ୍ଟର୍ |,Band selector
ବ୍ୟାଣ୍ଡ ବିଭାଜନ,Band splitting
ବ୍ୟାଣ୍ଡ ଷ୍ଟପ୍ ଫିଲ୍ଟର୍ |,Band stop filter
ବ୍ୟାଣ୍ଡ ସୁଇଚ୍,Band switch
ବ୍ୟାଣ୍ଡ ଟ୍ୟୁନିଂ,Band tuning
ବ୍ୟାଣ୍ଡୱିଡଥ୍ |,Bandwidth
ଦଣ୍ଡିକା,Bar
ବାର୍ କୋଡ୍,Bar code
ବାର୍ ଡାଟା |,Bar data
ଖାଲି ବ୍ୟାଣ୍ଡ |,Bare band
ଖାଲି ଦୀପ,Bare lamp
ବର୍ଣ୍ଣ କବାଟ,Barn door
ମୂଳା ବ୍ୟାଣ୍ଡ,Base band
ବେସ୍ ବ୍ୟାଣ୍ଡ ସିଗ୍ନାଲ୍ |,Base band signal
ମୂଳ ବ୍ୟାଣ୍ଡ ସିଷ୍ଟମ୍ |,Base band system
ବେସ୍ ବ୍ରାଉଜର୍ |,Base browser
ମୂଳ କଲେକ୍ଟର ଜଙ୍କସନ |,Base collector junction
ମୂଳ ଇନସୁଲେଟର |,Base insulator
ବାସ୍,Bass
ବାସ୍ କ୍ଷତିପୂରଣ |,Bass compensation
ବ୍ୟାସ୍ ଉଚ୍ଚ ସ୍ୱିସ୍ ଶିଖର (ୱୋଫର୍),Bass loudspeaker (woofer)
ବ୍ୟାଚ୍ ସ୍କାନିଂ |,Batch scanning
ବ୍ୟାଟେରୀ ଚାର୍ଜିଂ |,Battery charging
ବିମ୍,Beam
Beat,Beat
ଫ୍ରିକ୍ୱେନ୍ସି ଓସ୍କିଲେଟର୍ ବିଟ୍ କରନ୍ତୁ |,Beat frequency oscillator
ବେଲ,Bel
ପକ୍ଷ,Bias
ପକ୍ଷର ସର୍କିଟ |,Bias circuit
ବାୟିଆସ୍ ଫ୍ରିକ୍ୱେନ୍ସି,Bias frequency
ପକ୍ଷପାତ ଭୋଲଟେଜ୍ |,Bias voltage
ଅଗ୍ରଗାମୀ ଦିଗରେ ପକ୍ଷପାତିତ |,Biased in the forward direction
ଦ୍ୱି-ଦିଗଦର୍ଶନ ମାଇକ୍ରୋଫୋନ୍ |,Bi-directional microphone
ବିଲବୋର୍ଡ |,Billboard
ବିଲବୋର୍ଡ ଆବେଦନ |,Billboard application
ଦ୍ୱି-ଧାତବ ଉପାଦାନ |,Bi-metallic element
ବାଇନାରୀ,Binary
ବାଇନାରୀ କୋଡେଡ୍ ଦଶମିକ |,Binary coded decimal
ବାଇନାରୀ ଅଙ୍କ (ବିଟ୍),Binary digit (bit)
ବାଇନାରୀ ନମ୍ବର |,Binary number
ମହଲାରିକାରୀ ଶ୍ରବଣ |,Binaural hearing
ଦ୍ୱିପାକ୍ଷିକ |,Binocular
ବାୟୋମେଟ୍ରିକ୍ |,Biometric
ଦ୍ୱିପାକ୍ଷିକ ଟ୍ରାନ୍ସସିଗର |,Bipolar transistor
ବିଟ୍ ଆବଣ୍ଟନ,Bit allocation
ବିଟ୍ ହାର |,Bit rate
କଳା ଏବଂ ଧଳା ଟିଭି |,Black & white TV
ଖାଲି,Blank
ଖାଲି ବ୍ୟବଧାନ,Blanking interval
ଖାଲି ସ୍ତର,Blanking level
ରକ୍ତସ୍ରାବ ପ୍ରତିରୋଧ,Bleeder resistance
ବ୍ଲାକ୍ କ୍ୟାମେରା |,Blimped camera
ଅନ୍ଧାର ଚମକ,Blinding glare
Ink ଲକ,Blink
ବ୍ଲିଙ୍କିଂ |,Blinking
ବ୍ଲକ କୋଡ୍,Block code
ଚିତ୍ରକୁ ଅବରୋଧ କରନ୍ତୁ |,Block diagram
ବ୍ଲକ ଇଣ୍ଟରଲେଭ୍ କରନ୍ତୁ |,Block interleave
କ୍ୟାପେସିଟରକୁ ଅବରୋଧ କରିବା |,Blocking capacitor
ଓସିଲେଟରକୁ ଅବରୋଧ କରିବା |,Blocking oscillator
ଫୁଲ,Bloom
ଲ୍ୟାମ୍ପ ଉଡ଼ାନ୍ତୁ |,Blow lamp
Blow ଟକା ପାଇପ୍,Blow pipe
ଡ଼ିଆ,Blower
ବ୍ଲୁଟୁଥ୍,Bluetooth
ଶରୀର ଆକ୍ରୀତା |,Body capacitance
ବୁକମାର୍କ,Bookmark
ବୁଲିଅନ୍ ଆଲଜେବ୍ରା |,Boolean algebra
ବ om ାନ୍ତୁ,Boom
ବୃଦ୍ଧି କର |,Boost
ବୁଷ୍ଟର୍,Booster
ବଷ୍ଟର୍ ଆଲୋକ |,Booster light
ବୃଦ୍ଧି କରିବା,Boosting
ବୁଟିଙ୍ଗ,Booting
ବୁଟଷ୍ଟ୍ରାପ,Bootstrap
ତଳ ଆଲୋକ,Bottom light
ବାଉନ୍ସ ଆଲୋକ,Bounce light
ଭାଙ୍ଗନ୍ତୁ,Break down
ଭୋଲଟେଜ୍ ଭାଙ୍ଗନ୍ତୁ |,Break down voltage
ସେଜ୍ ଉପାଦାନ,Bridge element
ବ୍ରିଜ୍ ରେକ୍ଟିଫିରିଟ୍ |,Bridge rectifier
ବ୍ରିଜ୍ 'ଟୋଟେଏଟ୍ସର୍ |,Bridged ‘T’ attenuator
ବ୍ରିଜ୍ ଗଠନ |,Bridged structure
Eriding,Bridging
ଏମ୍ପଲିଫାୟର୍ ବ୍ରିଜ୍ |,Bridging amplifier
କ୍ଷୟକ୍ଷତି,Bridging loss
ଉଜ୍ଜ୍ୱଳତା,Brightness
ଉଜ୍ଜ୍ୱଳତା ନିୟନ୍ତ୍ରଣ |,Brightness control
ଭଗ୍ନ,Brittle
ଭଗ୍ନ ପଦାର୍ଥ |,Brittle substance
ବ୍ରଡବ୍ୟାଣ୍ଡ |,Broadband
ବ୍ରଡବ୍ୟାଣ୍ଡ ଏମ୍ପ୍ଲିଫାୟର୍ |,Broadband amplifier
ବ୍ରଡବ୍ୟାଣ୍ଡ ISDN,Broadband ISDN
ବ୍ରଡବ୍ୟାଣ୍ଡ ସିଷ୍ଟମ |,Broadband system
ପ୍ରସାରଣ ଏବଂ ଯୋଗାଯୋଗ ପ୍ରଯୁକ୍ତିବିଦ୍ୟା |,Broadcast and communication technology
ପ୍ରସାରଣ କଭରେଜ୍ |,Broadcast coverage
ବ୍ରଡକାଷ୍ଟ ରିସିଭର୍ |,Broadcast receiver
ପ୍ରସାରଣ ସେବା ଯୋଜନା,Broadcast service planning
ବିସ୍ତାରିତ ଟ୍ରାନ୍ସମିଟର |,Broadcast transmitter
ବ୍ରଡ୍ କ୍ୟାଷ୍ଟର |,Broadcaster
ପ୍ରସାରଣ,Broadcasting
ପ୍ରସାରଣ ଷ୍ଟେସନ |,Broadcasting station
ଭଙ୍ଗା,Broken
ବ୍ରାଉଜର୍,Browser
ବ୍ରାଉଜିଂ,Browsing
ବବୁଲ୍ |,Bubble
ବଫର୍,Buffer
ବଫର୍ ଏମ୍ପିଫାୟର୍ |,Buffer amplifier
ବଫର୍ ଟ୍ୟୁବ୍ |,Buffer tube
ତ୍ରୁଟି,Bug
ବିଲ୍ଟ-ଇନ୍ ଆଣ୍ଟେନା |,Built-in antenna
ବର୍ନର୍,Burner
ଜଳିବା,Burning
ବିସ୍ଫୋରଣ ତ୍ରୁଟି |,Burst error
ବିସ୍ଫୋରଣ ସନ୍ନିବେଶ ନାଡ |,Burst insertion pulse
ବିସ୍ଫୋରଣ ପର୍ଯ୍ୟାୟ |,Burst phase
ବସ୍,Bus
ବ୍ୟବସାୟ ବୁଦ୍ଧି,Business intelligence
ବଜର୍,Buzzer
ପାସ୍ ଦ୍ୱାରା,By pass
ପାସ୍ କରି,By passing
ବାଇପାସ୍ କଣ୍ଡେନ୍ସର୍ |,Bypass condenser
ଗ,C
C + ପ୍ରୋଗ୍ରାମିଂ ଭାଷା |,C+programming language
କ୍ୟାବିନେଟ୍,Cabinet
କେବୁଲ୍ |,Cable
କେବୁଲ୍ କମ୍ପାଉଣ୍ଡ |,Cable compound
କେବୁଲ ସମାନତା,Cable equalization
କେବୁଲ୍ ହ୍ରାସ |,Cable loss
କ୍ୟାଚ୍,Cache
କ୍ୟାଚିଂ,Caching
କ୍ୟାଡମିୟମ୍ କକ୍ଷ,Cadmium cell
ଯନ୍ତ୍ର ଗଣନା,Calculating machine
ଗଣନା,Calculation
କାଲକୁଲେଟର,Calculator
କାଲିବ୍ରେଟ୍ କରନ୍ତୁ |,Calibrate
କାଲିପର୍,Calipers
କାଲୋରିମିଟର |,Calorimeter
କ୍ୟାମକାର୍ଡ,Camcorder
କ୍ୟାମେରା,Camera
କ୍ୟାମେରା ଆଲାଇନ୍ମେଣ୍ଟ |,Camera alignment
କ୍ୟାମେରା ଆପେଚର |,Camera aperture
କ୍ୟାମେରା କଭରେଜ୍ |,Camera coverage
କ୍ୟାମେରା ଲାଇନ- ଅପ୍ |,Camera line-up
କ୍ୟାମେରା ଟ୍ୟୁବ୍ |,Camera tube
ଛାତ,Canopy
ସାମର୍ଥ୍ୟ |,Capability
ପତ୍ର,Capacitance
କ୍ୟାପେସିଟିଭ୍ ଭାର |,Capacitive load
କ୍ୟାପେସିଟିଭ୍ ପ୍ରତିକ୍ରିୟା |,Capacitive reactance
କ୍ୟାପେସିଟର |,Capacitor
କ୍ୟାପକେଟର ଇନପୁଟ୍ ଫିଲ୍ଟର୍ |,Capacitor input filter
କ୍ଷମତା,Capacity
Capsule,Capsule
କ୍ୟାପସନ୍,Caption
କ୍ୟାପଚର ପ୍ରଭାବ,Capture effect
କାର୍ଡ,Card
କାର୍ଡିଓଏଡ୍,Cardioid
କାର୍ଡିଓଡ୍ ମାଇକ୍ରୋଫୋନ୍ |,Cardioid microphone
ବାହକ,Carrier
ବାହକ ଫ୍ରିକ୍ୱେନ୍ସି,Carrier frequency
ବାହକ ଫ୍ରିକ୍ୱେନ୍ସି ସିଫ୍ଟ |,Carrier frequency shift
ବାହକ ଶକ୍ତି,Carrier power
ବାହକ ସେନ୍ସ ସଙ୍କେତ |,Carrier sense signal
ବାହକ ସମ୍ବେଦନଶୀଳତା |,Carrier sensitivity
ବାହକ ପୃଥକତା |,Carrier separation
ବାହକ ସିଫ୍ଟ,Carrier shift
ବାହକ ବ୍ୟବଧାନ,Carrier spacing
ବାହକ ଦତନା,Carrier suppression
ବାହକ ତରଙ୍ଗ |,Carrier wave
କାର୍ଟ୍ରିଜ୍,Cartridge
ଖୋଦନ,Carving
କାସ୍କେଡ୍,Cascade
କ୍ୟାସକେଡ୍ ସର୍କିଟ୍ |,Cascaded circuit
କ୍ୟାସେଟ୍,Cassette
ପରିତ୍ୟାଗ କର,Cast iron
କାଷ୍ଟିଂ,Casting
କାଟାଲଗ୍ |,Catalogue
ବିପର୍ଯ୍ୟୟ ବାଧା,Catastrophic interference
କ୍ୟାଥୋଡ୍ |,Cathode
କ୍ୟାଥୋଡ୍ ଅନୁସରଣକାରୀ |,Cathode follower
କ୍ୟାଥୋଡ୍ ପ୍ରତିରୋଧକ |,Cathode resistor
ମୋବାଇଲ୍ ଫୋନ୍,Cellphone
ସେଲୁଲାର୍ |,Cellular
କେନ୍ଦ୍ରୀୟ ନିୟନ୍ତ୍ରଣ,Central control
କେନ୍ଦ୍ରୀୟ ଫ୍ରିକ୍ୱେନ୍ସି |,Central frequency
କେନ୍ଦ୍ରୀୟ ପ୍ରକ୍ରିୟାକରଣ ୟୁନିଟ୍ |,Central processing unit
କେନ୍ଦ୍ରୀୟ ଡାଟାବେସ୍ |,Centralised database
କେନ୍ଦ୍ରୀଭୂତ ପ୍ରଣାଳୀ,Centralised system
ସିରାମିକ୍ |,Ceramic
ଚାମ୍ବର,Chamber
ପରିବର୍ତ୍ତନ କରିବା ସୁଇଚ୍,Changeover switch
ଚ୍ୟାନେଲ୍ |,Channel
ଚ୍ୟାନେଲ ଏନକୋଡର |,Channel encoder
ଚ୍ୟାନେଲ ପୃଥକତା |,Channel separation
ଚ୍ୟାନେଲ ବ୍ୟବଧାନ |,Channel spacing
ଚ୍ୟାନେଲ ସୁଇଚ୍ |,Channel switching
ଚରିତ୍ରଗତ ପ୍ରତିରୋଧ,Characteristic impedance
ବେଶ୍ୟା,Characteristics
ବାହକ ବାହକ |,Charge carrier
ଚାର୍ଜ ଘନତା |,Charge density
ଚାର୍ଜ କରାଯାଇଛି,Charged
ଚାର୍ଜର୍,Charger
ଭୋଲଟେଜ୍ ଚାର୍ଜ କରିବା |,Charging voltage
ଚାର୍ଟ,Chart
ଅଧ୍ୟାୟ,Chasis
ଚାଟ୍ କରନ୍ତୁ |,Chat
ଚିପ୍,Chip
କୋଇଲା କୋଇଲା |,Choke coil
ଚାପି ଇନପୁଟ,Choke input
ଚପ୍ପର ଆମ୍ପଲିଫାୟର୍ |,Chopper amplifier
କ୍ରୋମା,Chroma
କ୍ରୋମୋ ନମୁନା ଗଠନ |,Chroma sampling structure
କ୍ରୋଣ୍ଟାନ୍ସ,Chrominance
ସିନେମାଟୋମ୍ରାଫି,Cinematography
ସର୍କିଟ,Circuit
ସର୍କିଟ ବୋର୍ଡ |,Circuit board
ସର୍କିଟ୍ ବ୍ରେକର୍ |,Circuit breaker
ସର୍କିଟ୍ ଉପାଦାନ |,Circuit element
ସର୍କିଟ୍ ସୁଇଚ୍ |,Circuit switching
ସର୍କିଟ୍ରି |,Circuitry
ବୃତ୍ତାକାର ଗତି,Circular motion
ବୃତ୍ତାକାର ପୋଲାରାଇଜେସନ୍ |,Circular polarization
ବୃତ୍ତାକାର ସାଟେଲାଇଟ୍ କକ୍ଷପଥ |,Circular satellite orbit
ସର୍କୁଲାର୍ ବେଗ |,Circular velocity
ବୃତ୍ତାକାର ପୋଲାରାଇଜଡ୍ ଆଣ୍ଟେନା |,Circularly polarised antenna
ବୃତ୍ତାକାର ପୋଲାରାଇଜଡ୍ ଟ୍ରାନ୍ସମିସନ୍ |,Circularly polarised transmission
ରକ୍ତ ସଞ୍ଚାଳକ |,Circulator
କ୍ଲାଡିଂ,Cladding
କ୍ଲମ୍ପ,Clamp
କ୍ଲେମ୍ପିଂ ସର୍କିଟ୍ |,Clamping circuit
ଶ୍ରେଣୀ ଏକ ଅପରେସନ୍ |,Class A operation
ଶ୍ରେଣୀ c ଟ୍ୟୁନ୍ ଏମ୍ପଲିଫାୟର୍ |,Class C tuned amplifier
ନିର୍ଗମନ ସ୍ଥାନ,Class of emission
ଶାସ୍ତ୍ରୀୟ ପଦାର୍ଥ ବିଜ୍ଞାନ,Classical physics
ବର୍ଗୀକରଣ,Classification
ସଫା କରିବା ଏଜେଣ୍ଟ |,Cleaning agent
ସଫା,Clear
ଚ୍ୟାନେଲ ସଫା କରନ୍ତୁ |,Clear channel
କ୍ଲିକ୍ କରନ୍ତୁ |,Click
କ୍ଲାଏଣ୍ଟ,Client
କ୍ଲାଏଣ୍ଟ ସମ୍ପର୍କ (ସର୍ଭର ସମ୍ପର୍କ),Client relationship  (server relationship)
କ୍ଲିଫ୍ ପ୍ରଭାବ,Cliff effect
କ୍ଲିପ୍ ବୋର୍ଡ |,Clip board
କ୍ଲିପ୍,Clipping
ଘଣ୍ଟା ନାଜ୍ |,Clock pulse
ଘଣ୍ଟା ଫ୍ଲିପ୍ ଫ୍ଲପ୍ |,Clocked flip flop
ଘଣ୍ଟା ପାଇଁ ମାଇକ୍ |,Clockfaced mike
ଘଣ୍ଟା-ଆବୃତ୍ତି,Clock-frequency
ଘଣ୍ଟା ବୁଲାଇ |,Clockwise
ବନ୍ଦ ସର୍କିଟ |,Closed circuit
ବନ୍ଦ ଲୁପ୍ |,Closed loop
କ୍ଲଷ୍ଟର,Cluster
କ୍ଲଷ୍ଟରିଙ୍ଗ,Clustering
କ୍ଲଟର୍,Clutter
କ୍ଲଟର୍ କ୍ଷତି |,Clutter loss
ଆବରଣ,Coating
କୋକ୍ସିଆଲ୍ କେବୁଲ୍ |,Coaxial cable
କୋକ୍ିଆଲ୍ ଲାଇନ୍ |,Coaxial line
କୋଇସିଆଲ୍ ଟ୍ରାନ୍ସମିସନ୍ ଲାଇନ୍ |,Coaxial transmission line
ସହ-ଚ୍ୟାନେଲ |,Co-channel
ସହ-ଚ୍ୟାନେଲ ହସ୍ତକ୍ଷେପ |,Co-channel interference
କୋଚେଲା,Cochlea
କୋଡ୍,Code
କୋଡ୍ ସଂଖ୍ୟା,Code number
କୋଡ୍ ହାର,Code rate
କୋଡ୍ ଶବ୍ଦ,Code word
କୋଡେକ୍ (କୋଡିଂ ଡିକୋଡିଂ),Codec (coding decoding)
କୋଡ୍ ଅଡିଓ |,Coded audio
Couder,Coder
ସହଯୋଗ,Coding
କୋଡିଂ ଡିକୋଡିଂ କ techni ଶଳ |,Coding decoding technique
କୋଡିଂ ତ୍ରୁଟି |,Coding error
କୋଡିଙ୍ଗ୍ ହାର,Coding rate
କୋଡିଂ କ techni ଶଳ |,Coding technique
ସହଯୋଗୀ,Coefficient
ବାଧ୍ୟତାମୂଳକ,Coercivity
ସମନ୍ୱିତ ମୋଡୁଲେସନ୍ |,Coherent modulation
କୋଇଲା |,Coil
ସହଯୋଗ,Collaboration
ଭୁଶୁଡ଼ିବା,Collapse
କଲେକ୍ଟର |,Collector
ସଂଗୃହକ କରେଣ୍ଟ୍ |,Collector current
କେନିୟରମାନେ ବେସ୍ ଆଚରଣକୁ |,Collector to base conductance
କଲେକ୍ଟର-ବେସ୍ ଜଙ୍କସନ |,Collector-base junction
ରଙ୍ଗ,Colour
ରଙ୍ଗ ଆନାଲିଜର |,Colour analyzer
ରଙ୍ଗ ବାଲାନ୍ସ |,Colour balance
ରଙ୍ଗ ଫାଟିଗଲା,Colour burst
ରଙ୍ଗ ଚାର୍ଟ |,Colour chart
ରଙ୍ଗ ମିଶ୍ରଣ |,Colour combination
ରଙ୍ଗ ସ୍ଥିର |,Colour constant
ରଙ୍ଗ ନିୟନ୍ତ୍ରଣ (କ୍ରୋମ୍ କଣ୍ଟ୍ରୋଲ୍),Colour control      (chrome control)
ରଙ୍ଗ ଗଭୀରତା,Colour depth
ରଙ୍ଗ ଥକ୍କୁମାନେ |,Colour fatigue
ରଙ୍ଗ ଫିଲ୍ଟର୍ |,Colour filter
ରଙ୍ଗ ଘନକାରୀ ସର୍କିଟ୍ |,Colour killer circuit
ରଙ୍ଗ କିନ୍ସୋପେପ୍ |,Colour kinescope
ରଙ୍ଗ ମିକ୍ସର୍ |,Colour mixer
ରଙ୍ଗ pattern ାଞ୍ଚା |,Colour pattern
ରଙ୍ଗ ଧାରଣା,Colour perception
ରଙ୍ଗ ଚିତ୍ର ପରଦା |,Colour picture screen
ରଙ୍ଗ ସ୍ଥାନ |,Colour space
ରଙ୍ଗ ସବ୍କରାରିର୍ |,Colour subcarrier
ରଙ୍ଗ ତାପମାତ୍ରା |,Colour temperature
ରଙ୍ଗ ଟ୍ରାନ୍ସମିସନ୍ |,Colour transmission
ରଙ୍ଗ ଟ୍ୟୁବ୍ |,Colour tube
ରଙ୍ଗ,Colouration
ରଙ୍ଗହୀନ |,Colourless
ମିଶ୍ରଣ,Combination
ମିଶ୍ରଣ,Combiner
ମିଶ୍ରଣ ପ୍ରକ୍ରିୟା,Combining process
ଜଜ୍,Combustion
ନିର୍ଦ୍ଦେଶ,Command
ଆରମ୍ଭ,Commencement
ବାଣିଜ୍ୟିକ ପ୍ରସାରଣକାରୀ |,Commercial broadcasting
ବାଣିଜ୍ୟିକ ଟେଲିଭିଜନ |,Commercial television
ସାଧାରଣ ସଂଗ୍ରହକାରୀ ସର୍କିଟ୍ |,Common collector circuit
ଯୋଗାଯୋଗ |,Communication
ଯୋଗାଯୋଗ ସାଟେଲାଇଟ୍ |,Communication satellite
ସମ୍ପ୍ରଦାୟ ରେଡିଓ ସେଣ୍ଟର |,Community radio centre
ସମ୍ପ୍ରଦାୟ ରେଡିଓ ଷ୍ଟେସନ |,Community radio station
କମ୍ପାକ୍ଟ ଡିସ୍କ (CD),Compact disc (CD)
କମ୍ପାକ୍ଟ ଡିସ୍କ ପ୍ଲେୟାର |,Compact disc player
ତୁଳନା,Compander
ତୁଳନା,Companding
ସୁସଙ୍ଗତତା,Compatibility
ସୁସଙ୍ଗତ,Compatible
ସଙ୍କଳନକାରୀ,Compiler
ସମ୍ପୃକ୍ତ,Complementary
ସଂପନ୍ନ ଟ୍ରାନଜିଷ୍ଟର |,Complementary transistor
ଜଟିଳ ତରଙ୍ଗ |,Complex wave
ଉପାଦାନ,Component
ମିଶ୍ରିତ,Composite
ରଚନା ସର୍କିଟ୍ |,Composite circuit
ମିଶ୍ରିତ ଡିଜିଟାଲ୍ |,Composite digital
କମ୍ପୋଜିଟ୍ ରେଡିଓ ଫ୍ରିକ୍ୱେନ୍ସି ସିଗ୍ନଙ୍କ ସଙ୍କେତ |,Composite radio frequency signal
ମିଶ୍ରିତ ସଙ୍କେତ |,Composite signal
ମିଶ୍ରିତ ଭିଡିଓ,Composite video
ମିଶ୍ରିତ ଭିଡିଓ ସଙ୍କେତ |,Composite video signal
ରଚନା,Composition
ସଙ୍କଳନ ତଥ୍ୟ,Compressed data
ସଙ୍କୋଚିତ ଡିଜିଟାଇଜଡ୍ ଭିଡିଓ |,Compressed digitized video
ସଙ୍କୋଚିତ ଭିଡିଓ |,Compressed video
ସଙ୍କୋଚନ,Compression
ସଙ୍କୋଚନ କଳାକୃତି |,Compression artifact
ସଙ୍କୋଚନ ବିପଦ |,Compression hazard
ସଙ୍କୋଚନ କ techni ଶଳ |,Compression technique
ସଙ୍କଣଶକ,Compressor
ଗଣଯୋଗୀ,Compute
କମ୍ପ୍ୟୁଟର,Computer
କମ୍ପ୍ୟୁଟର ଆଧାରିତ ମଲ୍ଟିମିଡିଆ |,Computer based multimedia
କମ୍ପ୍ୟୁଟର ପ୍ରୋଗ୍ରାମିଂ |,Computer programming
କମ୍ପ୍ୟୁଟର ଟେକ୍ନୋଲୋଜି |,Computer technology
କନକଭ୍ ଲେନ୍ସ,Concave lens
କନକଭ୍ ଦର୍ପଣ |,Concave mirror
ଲୁଚାନ୍ତୁ,Concealment
ଏକାଗ୍ର,Concentrated
ଏକାଗ୍ରତା,Concentration
ଏକାଗ୍ର ଲେନ୍ସ,Concentric lens
ଘନିଷ୍ଠ ମାଇକ୍ରୋଫୋନ୍ |,Condenser microphone
ସନ୍ତୁଳନର ଅବସ୍ଥା |,Condition of equilibrium
ଧାଜାକରଣ,Conduction
କଣ୍ଡନ୍ସ କରେଣ୍ଟ୍ |,Conduction current
ପରିଚୟ,Conductivity
କଣ୍ଡକ୍ଟର |,Conductor
ବିନ୍ୟାସ,Configuration
ସଂଯୋଗ,Connection
ସଂଯୋଗ,Connectivity
ସଂଯୋଜକ |,Connector
ସ୍ଥିରତା,Consistency
କ୍ରମାଗତ ଭାବରେ |,Consistently
କନସୋଲ୍ |,Console
ସ୍ଥିର,Constant
ନିରନ୍ତର ପ୍ରଶସ୍ତତା |,Constant  amplitude
ମାଇକ୍ରୋଫୋନ୍ ସହିତ ଯୋଗାଯୋଗ କରନ୍ତୁ |,Contact microphone
ପାତ୍ର ଫର୍ମାଟ୍ |,Container format
ପ୍ରଦୂଷଣ,Contamination
ବିଷୟବସ୍ତୁ,Content
ସଂଲଗ୍ନ,Contiguous
ନିରନ୍ତରତା,Continuity
ନିରନ୍ତରତା ବୁଥ୍ |,Continuity booth
ନିରନ୍ତର ଗଣ୍ଠି |,Continuity knob
ନିରନ୍ତର |,Continuous
କ୍ରମାଗତ ଆର୍କ,Continuous arc
କ୍ରମାଗତ ତରଙ୍ଗ |,Continuous wave
ବିଷୟବସ୍ତୁ ଧାଡ଼ି,Contour line
ବିଷୟବସ୍ତୁ ଯୋଜନା,Contour plan
ଚୁକ୍ତିନାମା,Contract
ସଂକୋଚନ,Contraction
ବିପରୀତ ଅନୁପାତ,Contrast ratio
କଣ୍ଟ୍ରୋଲ୍ ସର୍କିଟ୍ |,Control circuit
ଇଲେକ୍ଟ୍ରୋଡ୍ ନିୟନ୍ତ୍ରଣ କରନ୍ତୁ |,Control electrode
ନିୟନ୍ତ୍ରଣ ଉପକରଣ |,Control equipment
କଣ୍ଟ୍ରୋଲ୍ ଗ୍ରୀଡ୍,Control grid
ନିୟନ୍ତ୍ରଣ ରେଖା,Control line
କଣ୍ଟ୍ରୋଲ୍ ପ୍ୟାନେଲ୍ |,Control panel
ନିୟନ୍ତ୍ରଣ କକ୍ଷ |,Control room
ନିୟନ୍ତ୍ରଣ ଟେବୁଲ୍ |,Control table
ନିୟନ୍ତ୍ରଣ ଟାୱାର |,Control tower
ନିୟନ୍ତ୍ରକ,Controller
ଏକତ୍ରିତତା,Convergence
ଏକତ୍ରିତ ଲେନ୍ସ |,Convergent lens
Contenker,Convertor
କନଭକ୍ସ ଲେନ୍ସ |,Convex lens
ଦୋଷ,Convolution
Convolution cended,Convolution coded
ଦୋଷୀ ଜଣା,Convolutional interleave
ଦୋଷୀ ଅସହଯୋଗୀ |,Convolutional interleaving
କୁକି |,Cookie
କୁକିଅର୍,Cookier
ତମ୍ବାସେସୋର,Coprocessor
କର୍ଡ,Cord
କରୋନା |,Corona
କରୋନା ଡିସଚାର୍ଜ |,Corona discharge
ସମ୍ପର୍କ |,Correlation
କସିନ୍ ଉପାଦାନ |,Cosine component
କସିନ୍ ତରଙ୍ଗ |,Cosine wave
କସମିକ୍ ଶବ୍ଦ,Cosmic noise
କାଉଣ୍ଟର,Counter
ଘଣ୍ଟା ବୁଲାଇ କାଉଣ୍ଟର କରନ୍ତୁ |,Counter clockwise
କପଟର୍ |,Coupler
ଯୋଡିଙ୍ଗ୍,Coupling
ସହଯୋଗୀ କଣ୍ଡେନ୍ସର୍ |,Coupling condenser
Coupling ନେଟୱାର୍କ,Coupling network
ସହଯୋଗ ପ୍ରତିରୋଧ,Coupling resistance
ସହଯୋଗୀ ବଣ୍ଡ |,Covalent bond
କଭରେଜ୍,Coverage
ଦୁର୍ଘଟଣା,Crash
ଜଟିଳ ବ୍ୟାଣ୍ଡ |,Critical band
ଗୁରୁତର ଅବସ୍ଥା |,Critical condition
ଗୁରୁତର ଚିନ୍ତା |,Critical coupling
ଅହଂକାରୀ ଫ୍ରିକ୍ୱେନ୍ସି |,Critical frequency
ଗୁରୁତର ପାରାମିଟର |,Critical parameter
କୁମ୍ଭୀର କ୍ଲିପ୍ |,Crocodile clip
କ୍ରସ୍ କ୍ଷୀଣ |,Cross fading
କ୍ରସ୍ ମୋଡୁଲେସନ୍ |,Cross modulation
କ୍ରସ୍ ଟକ୍ |,Cross talk
କ୍ରସଫେଡ୍,Crossfade
କ୍ରିପ୍ଟୋଗ୍ରାଫି,Cryptography
ସ୍ଫଟିକ୍,Crystal
ସ୍ଫଟିକ୍ ଫିଲ୍ଟର୍ |,Crystal filter
କ୍ୟୁ,Cue
କ୍ୟୁ ମାର୍କ,Cue marks
କ୍ୟୁରିଂ ଉପକରଣ,Cueing device
ସାମ୍ପ୍ରତିକ ଡ୍ରେନ୍ |,Current drain
ସାମ୍ପ୍ରତିକ ମିଟର,Current meter
ସାମ୍ପ୍ରତିକ ଟ୍ରାନ୍ସଫର୍ମର |,Current transformer
କର୍ସର୍,Cursor
ବକ୍ର,Curve
ଫ୍ରିକ୍ୱେନ୍ସି କାଟନ୍ତୁ |,Cut off frequency
କଟର,Cutter
ସାଇବର କାଫେ |,Cyber cafe
ସାଇବର ସୁରକ୍ଷା |,Cyber security
ସାଇବର ସ୍ଥାନ |,Cyber space
ଚକ୍ର,Cycle
ସାଇକ୍ଲିକ୍ |,Cyclic
D.C. ଉପାଦାନ,D.c. component
D.C. ଥାଳି ଶକ୍ତି,D.c. plate power
D.C. ପୁନରୁଦ୍ଧାର,D.c. restoration
ଡ୍ୟାମ୍ପର୍ ଡିଏଡ୍ |,Damper diode
ବନ୍ଧପ,Damping
ଅନ୍ଧାର,Dark
ତଥ୍ୟ,Data
ଡାଟା ପ୍ରସାରଣ |,Data broadcasting
ତଥ୍ୟ ସଙ୍କୋଚନ |,Data compression
ଡାଟା ଡ୍ରିଲିଂ |,Data drilling
ତଥ୍ୟ ଏନକ୍ରିପସନ୍,Data encryption
ଡାଟା ଫାଇଲ୍ |,Data file
ତଥ୍ୟ ନିୟନ୍ତ୍ରଣ,Data handling
ତଥ୍ୟ ଖଣି,Data mining
ଡାଟା ପ୍ରକ୍ରିୟାକରଣ |,Data processing
ଡାଟା ସଞ୍ଚାଳକ |,Data processor
ଡାଟା ହ୍ରାସ ବିଟ୍ ସିଷ୍ଟମ୍ |,Data reduced bit system
ଡାଟା ସେବା |,Data service
ତଥ୍ୟ ଫର୍ଦ୍ଦ,Data sheet
ତଥ୍ୟ ସଂରକ୍ଷଣ,Data storage
ଡାଟା ଷ୍ଟ୍ରିମ୍ |,Data stream
ତଥ୍ୟ ଟ୍ରାନ୍ସଫର୍ମାେସନ୍,Data transformation
ତଥ୍ୟ ଟ୍ରାନ୍ସମିସନ୍ |,Data transmission
ଡାଟାବେସ୍ |,Database
ଡେସ୍କାଷ୍ଟିଂ |,Datacasting
ଡାଟାଗ୍ରାମ୍,Datagram
DB ମିଟର,DB meter
ମୃତ ପବନ,Dead air
ମୃତ ସର୍ଟ ସର୍କିଟ୍ |,Dead short circuit
ମୃତ ସ୍ପଟ୍,Dead spot
ଜଳଖିଆ,Deadlock
କିବଗ୍ ପ୍ରୋଗ୍ରାମ୍,Debug programme
ତ୍ରୁଟି ନିବାରଣ କରୁଛି |,Debugging
ଶବ୍ଦର କ୍ଷୟ |,Decay of sound
ଡେକ୍ସିବେଲ୍ (DB),Decibel (dB)
ଦଶମିକ,Decimal
ଦଶମିକ କୋଡ୍ |,Decimal code
ଦଶମିକ ଅଙ୍କ |,Decimal digit
ଡିସପିଅର୍ କରିବା,Deciphering
ଡେକୋଡର୍,Decoder
ଡିକୋଡିଂ,Decoding
ଡିଜିଟାଲ୍ ଟ୍ରାନ୍ସମିସନ୍ ରେ ଡିକୋଡିଂ |,Decoding in digital transmission
ସଙ୍କଳନ,Decompression
ସଜାଇବା,Decoupling
ସିକ୍ୟୁପିଙ୍ଗ୍ ସର୍କିଟ୍ |,Decoupling circuit
ନେଟୱର୍କ ନେଟୱାର୍କ |,Decoupling network
ଡିକ୍ରିପ୍ସନ୍,Decryption
ଉତ୍ସର୍ଗୀକୃତ ରେଖା |,Dedicated line
ଦେ-ଏମ୍ବେଡିଂ |,De-embedding
ଡି-ଫାଟିସ୍ |,De-emphasis
ଡିଫଲ୍ଟ |,Default
ଗୁଣବତ୍ତାରେ ତ୍ରୁଟି |,Defect in quality
ତ୍ରୁଟିଯୁକ୍ତ,Defective
ତ୍ରୁଟିପୂର୍ଣ୍ଣ ଏକକ,Defective unit
ସଂଜ୍ଞା,Definition
ଡିସଲେନେକସନ |,Deflection
ବିକଳାଙ୍ଗ,Deformation
ନବିଣ୍ଡେସନ୍,Defragmentation
ଡି-ଗସିଂ କୋଇଲ୍ |,De-gaussing coil
ଡିଗ୍ରୀ,Degree
ଡି-ଇଣ୍ଟରଲିଭେଭର |,De-interleaver
ବିଳମ୍ବ ରେଖା,Delay line
ବିଳମ୍ବ ସମୟ,Delay time
ବିଳମ୍ବିତ ଫ୍ରେମ୍ ମେମୋରୀ |,Delayed frame memory
ବିଳମ୍ବିତ ସ୍କାନିଂ |,Delayed scanning
ବିଳମ୍ବିତ ସିଙ୍କ୍ରୋନାଇଜେସନ୍ ସିଗନାଲ୍ |,Delayed synchronization signal
ବିତରଣ,Delivery
ବିତରଣ ବ୍ୟବସ୍ଥା,Delivery system
ଡେମୋଡୁଲେସନ୍,Demodulation
ଡେମୋଡୁଲେଟର କାର୍ଡ |,Demodulator card
Demultipleter,Demultiplexer
କ୍ଷେତ୍ରର ଗଭୀରତା |,Depth of field
ଅବତରଣ,Descending
ଡିଜାଇନ୍ ନିର୍ଦ୍ଦିଷ୍ଟକରଣ,Design specification
ଡେସ୍କଟପ,Desktop
ଡିଟ୍ଟର୍ ଆଉଟପୁଟ୍,Detector output
ବ୍ୟତିକ୍ରମ,Deviation
ଉପକରଣ,Device
ଉପକରଣ ଡ୍ରାଇଭର |,Device driver
ଡାଇଗ୍ନୋଷ୍ଟିକ୍ |,Diagnostics
ଚିତ୍ର,Diagram
ସଂଳାପ ଟ୍ରାକ୍ |,Dialog track
ଡାଇମେଟ୍ରାଲ୍ ମୋଡ୍ |,Diameteral mode
ହୀରା ଷ୍ଟାଇଲସ୍ |,Diamond stylus
ଡାଇଫ୍ରାଗମ୍ |,Diaphragm
ଡାଇଫ୍ରାଗମେଟିକ୍ ଶୋଷକ |,Diaphragmatic absorber
ଡିକଟିକ୍ ଶୁଣିବା |,Dichotic listening
DiWeLictericorick,Dielectric
Divelostic Brock- ତଳକୁ |,Dielectric break- down
Divelostic କ୍ଷତି |,Dielectric loss
ପାର୍ଥକ୍ୟ ଫ୍ରିକ୍ୱେନ୍ସି |,Difference frequency
ପାର୍ଥକ୍ୟ ଫ୍ରିକ୍ୱେନ୍ସି ବିକୃତି (DFD),Difference frequency distortion (DFD)
ପାର୍ଥକ୍ୟ ସ୍ୱର୍ଣ୍ଣ |,Difference tone
ଭିନ୍ନ ଭିନ୍ନ ଏମ୍ପ୍ଲିଫାୟର୍ |,Differential amplifier
ଭିନ୍ନ,Diffraction
ଭିନ୍ନ,Diffuser
ଅଙ୍କ,Digit
ଡିଜିଟାଲ୍ |,Digital
ଡିଜିଟାଲ୍ କଳାକୃତି |,Digital artifact
ଡିଜିଟାଲ୍ ଅଡିଓ |,Digital audio
ଡିଜିଟାଲ୍ ଅଡିଓ ଫିଲ୍ଟର |,Digital audio filter
ଡିଜିଟାଲ୍ ଅଡିଓ କାର୍ଯ୍ୟ ଷ୍ଟେସନ୍ |,Digital audio work station
ଡିଜିଟାଲ୍ କ୍ୟାମେରା,Digital camera
ଡିଜିଟାଲ୍ କମ୍ପ୍ୟୁଟର |,Digital computer
ଡିଜିଟାଲ୍ ଡାଟା |,Digital data
ଡିଜିଟାଲ୍ ଏଡିଟିଂ |,Digital editing
ଡିଜିଟାଲ୍ ଉତ୍ତେଜନା |,Digital exciter
ଡିଜିଟାଲ୍ ଫିଲ୍ଟର |,Digital filter
ଡିଜିଟାଲ୍ ଫ୍ରେମ୍ ସିଙ୍କ୍ରୋନାଇଜେରିଜର୍ |,Digital frame synchronizer
ଡିଜିଟାଲ୍ ହେରିଟେଜ୍ |,Digital heritage
ଡିଜିଟାଲ୍ ଇମେଜ୍ |,Digital image
ଡିଜିଟାଲ୍ ଲାଇବ୍ରେରୀ |,Digital library
ଡିଜିଟାଲ୍ ମିଟର |,Digital meter
ଡିଜିଟାଲ୍ ମୋଡୁଲେସନ୍ |,Digital modulation
ଡିଜିଟାଲ୍ ମଲ୍ଟିପ୍ସକ୍ସ |,Digital multiplex
ଡିଜିଟାଲ୍ ନେଟୱାର୍କ |,Digital network
ଡିଜିଟାଲ୍ ଆଉଟପୁଟ୍ |,Digital output
ଡିଜିଟାଲ୍ ପ୍ଲେକ୍ |,Digital playback
ଡିଜିଟାଲ୍ ରେଡିଓ ମୁଣ୍ଡିଆଲ୍ (DRM),Digital Radio Mondiale (DRM)
ଡିଜିଟାଲ୍ ରେକର୍ଡିଂ |,Digital recording
ଡିଜିଟାଲ୍ ବିପ୍ଳବ |,Digital revolution
ଡିଜିଟାଲ୍ ସିଗନାଲ୍ |,Digital signal
ଡିଜିଟାଲ୍ ସିଗନାଲ୍ ପ୍ରକ୍ରିୟାକରଣ (DSP),Digital signal processing (DSP)
ଡିଜିଟାଲ୍ ଦସ୍ତଖତ |,Digital signature
ଡିଜିଟାଲ୍ ଟେକ୍ନୋଲୋଜି |,Digital technology
ଆନାଗଲ୍ କନଭର୍ଟର ପାଇଁ ଡିଜିଟାଲ୍ |,Digital to analog converter
ଡିଜିଟାଲ୍ ଭିଡିଓ |,Digital video
ଡିଜିଟାଲ୍ ଭୋଲ୍ଟୋମିଟର |,Digital voltmeter
ଡିଜିଟାଲ୍ାଇଜେସନ୍ |,Digitalization
ଡିଜିଟାଇଜେସନ୍,Digitization
ଡିଜିଟାଇଜଡ୍ ଭିଡିଓ |,Digitized video
ଅଗ୍ରଗାମୀ,Digitizer
ଅନ୍ଧ,Dim
ପରିମାପ,Dimension
ଡିମର୍,Dimmer
ଡାୟୋଡ୍,Diode
ବୁଡ଼ାନ୍ତୁ |,Dip
Dlixer,Diplexer
ଡିପୋଲ୍ ଆଣ୍ଟେନା |,Dipole antenna
ସିଧାସଳଖ ପ୍ରସାରଣ,Direct broadcast
ସିଧାସଳଖ ସାମ୍ପ୍ରତିକ (D c),Direct current (d c)
ସିଧାସଳଖ ଉଠାଇବା,Direct pick up
ସିଧାସଳଖ ପଠନ ଉପକରଣ |,Direct reading instrument
ସିଧାସଳଖ ରେକର୍ଡିଂ |,Direct recording
ଦିଗଦର୍ଶନ ଆଣ୍ଟେନା |,Directional antenna
ଦିଗଦର୍ଶନ କପଟ,Directional coupler
ଦିଗଦର୍ଶନ ମାଇକ୍ରୋଫୋନ୍ |,Directional microphone
ନିର୍ଦ୍ଦେଶନାପତି,Directivity
ଡିରେକ୍ଟୋରୀ,Directory
ଅକ୍ଷମ କରନ୍ତୁ |,Disable
ଡିସ୍କ ଆଣ୍ଟେନା |,Disc antenna
ଡିସ୍କ ଆଧାରିତ ଷ୍ଟୋରେଜ୍ |,Disc based storage
ପ୍ରତିରୋଧ,Discrete
ଡିସ୍କ,Disk
ଡିସ୍କ ଡ୍ରାଇଭ,Disk drive
ଡିସ୍କ କୋଟା,Disk quota
ଡିସ୍କେଟ୍,Diskette
ସ୍ଥାନାନ୍ତର,Dislocation
ବିଚ୍ଛେଦ,Dispersion
ବିସ୍ଥାପନ,Displacement
ପ୍ରଦର୍ଶନ,Display
ପ୍ରଦର୍ଶନ ୟୁନିଟ୍ (କନସୋଲ୍),Display unit (console)
ରୂପାନ୍ତର,Dissipation
ବିସୋନ୍ସ,Dissonance
ଡିଷ୍ଟିଲ୍ ପାଣି |,Distilled water
ବିକୃତି,Distortion
ବଣ୍ଟନ,Distribution
ବଣ୍ଟନ ଏମ୍ପଲିଫାୟର୍ |,Distribution amplifier
ବିଭାଜନ,Division
ଡିଭିସିଆସର,Divisor
ଡକ୍ୟୁମେଣ୍ଟ୍,Document
ଡଲବି ଡିଜିଟାଲ୍ |,Dolby digital
ଡୋମେନ୍,Domain
ଡୋମେନ୍ ନିୟନ୍ତ୍ରକ |,Domain controller
ଡୋପେଲର ପ୍ରଭାବ,Doppler effect
ଡବଲ୍ ପୋଲ୍ (ଡିପୋଲ୍),Double pole (dipole)
ଡବଲ୍ ପୋଲ୍ ସିଙ୍ଗଲ୍ ଥ୍ରୋ ସୁଇଚ୍ |,Double pole single throw switch
ଡବଲ୍ ସାଇଡ୍ ଡିସ୍କ |,Double sided disk
ଦ୍ୱନ୍ଦ୍ୱ,Doublet
ତଳକୁ ଆସୁଥିବା ତରଙ୍ଗ |,Down coming wave
ତଳେ ସ୍ରୋତ |,Down stream
ଅଦୃଶ୍ୟ,Downlink
ଡାଉନଲୋଡ୍ କରନ୍ତୁ |,Download
ଡାଉନଲୋଡ୍ କରିବା,Downloading
ଚିତ୍ରାଙ୍କନ,Drawing
ଡ୍ରିଲିଂ ବିଟ୍,Drilling bit
ଡ୍ରିଲିଂ ମେସିନ୍ |,Drilling machine
ଡ୍ରାଇଭ୍,Drive
ଡ୍ରମ୍,Drum
ଶୁଖିଲା ବଲ୍ବ ତାପମାତ୍ରା |,Dry bulb temperature
ଶୁଖିଲା କୋଷ,Dry cell
ଶୁଖିଲା ସୋଲିୟର |,Dry solder
ଡୁଆଲ୍ ଚ୍ୟାନେଲ ମୋଡ୍ |,Dual channel mode
ଅଳିଆ,Dubbing
ଡୁଡ୍,Dud
ଡମ୍ପ୍ |,Dump
ଡୁପ୍ଲେକ୍ସ,Duplex
ଅବଧି,Duration
ଧୂଳି,Dust
ଧୂଳି ବଗ୍,Dust bug
ଧୂଳି ପ୍ରମାଣ,Dust proof
ଡଷ୍ଟର୍,Duster
ଗତିଶୀଳତା |,Dynamic
ଗତିଶୀଳ ବିଟ୍ ଆବଣ୍ଟନ |,Dynamic bit allocation
ଡାଇନାମିକ୍ ଇଣ୍ଟରମୋଡୁଲେସନ୍ ବିକୃତ (DIM),Dynamic intermodulation distortion (DIM)
ଡାଇନାମିକ୍ ପରିମାଣ,Dynamic quantization
ଗତିଶୀଳ ପରିସର,Dynamic range
ଡାଇନାମିକ୍ ରେଞ୍ଜ ନିୟନ୍ତ୍ରଣ |,Dynamic range control
ଡାଇନାମୋ |,Dynamo
କାନ ଫୋନ୍,Ear phone
ପୃଥିବୀ,Earth
ପୃଥିବୀ ବଲଜ |,Earth bulge
ପୃଥିବୀ ପ୍ରତିରୋଧ,Earth resistance
ପୃଥିବୀ ରୋଡ୍ |,Earth rod
ପୃଥିବୀ ଉପଗ୍ରହ |,Earth satellite
ପୃଥିବୀ କେନ୍ଦ୍ର |,Earth station
ପୃଥିବୀ ଟର୍ମିନାଲ୍ |,Earth terminal
ଘିଅ |,Earthing
ଇକୋ,Echo
ଇକୋ ଚାମ୍ବର |,Echo chamber
ଏଡି କରେଣ୍ଟ୍ |,Eddy current
ଏଡି ସାମ୍ପ୍ରତିକ କ୍ଷତି |,Eddy current loss
ଧାରବାହୀ ମିଟର,Edgewise meter
ସମ୍ପାଦନା,Editing
ପ୍ରଭାବଶାଳୀ ଆଣ୍ଟେନନା ଉଚ୍ଚତା |,Effective antenna height
ପ୍ରଭାବଶାଳୀ ଆଣ୍ଟେନନା ଲମ୍ବ |,Effective antenna length
ପ୍ରଭାବଶାଳୀ ଭୋଲଟେଜ୍ |,Effective voltage
ଦକ୍ଷତା,Efficiency
ଇଲାସ୍ଟିସିଟି |,Elasticity
ବ electric ଦ୍ୟୁତିକ ଡିସଚାର୍ଜ,Electric discharge
ବ electric ଳିକ କ୍ଷେତ୍ର,Electric field
ବ electrical ଳିକ ଫ୍ଲାସ,Electric flash
ବ electric ଦ୍ୟୁତିକ ହିଟର |,Electric heater
ଇଲେକ୍ଟ୍ରିକ୍ ମିଟର,Electric meter
ଇଲେକ୍ଟ୍ରିକ୍ ମୋଟର,Electric motor
ବ electric ଦ୍ୟୁତିକ ଶକ୍,Electric shock
ଇଲେକ୍ଟ୍ରିକ୍ ସ୍ପାର୍କ |,Electric spark
ବ electrical ଦ୍ୟୁତିକ ଉପକରଣ |,Electrical appliance
ବ electrical ଦ୍ୟୁତିକ ଶବ୍ଦ,Electrical noise
ବ electrical ଦୁତିକ storm ଡ |,Electrical storm
ବ als ତିକ ଭାବରେ ବାଦ୍ୟଯନ୍ତ୍ରିତ ବାଦ୍ୟଯନ୍ତ୍ର |,Electrically operated musical instrument
ବିଦ୍ୟୁତ୍,Electricity
ବିଦ୍ୟୁତ୍ ଯୋଗାଣ |,Electricity supply
ଇଲେକ୍ଟ୍ରୋଡାମନ |,Electrodynamic
ଇଲେକ୍ଟ୍ରୋଲାଇଟିକ୍ କ୍ୟାପେସିଟର |,Electrolytic capacitor
ବ elect ଦ୍ୟୁତିକ ଚୁମ୍ବକୀୟ |,Electromagnetic
ବ elect ଦ୍ୟୁତିକ ଚୁମ୍ବକୀୟ ବିଶୃଙ୍ଖଳା |,Electromagnetic disturbance
ବ elect ଦ୍ୟୁତିକ ଚୁମ୍ବକୀୟ ଅନ୍ତ incer କଣ୍ଟାକ୍ଟ |,Electromagnetic interferrence
ବ elect ଦ୍ୟୁତିକ ଚୁମ୍ବକୀୟ ସ୍ପେକ୍ଟ୍ରମ୍ |,Electromagnetic spectrum
ବ elect ଦ୍ୟୁତିକ ଚୁମ୍ବକୀୟ ତରଙ୍ଗ |,Electromagnetic wave
ବ elect ଦ୍ୟୁତିକ ଚୁମ୍ବକୀୟ ତରଙ୍ଗ ପ୍ରସାରଣ |,Electromagnetic wave propagtion
ଇଲେକ୍ଟ୍ରନ୍ ଏକାଧିକ ଫଟୋ |,Electron multiple phototube
ଇଲେକ୍ଟ୍ରୋନିକ୍ କାଲକୁଲେଟର |,Electronic calculator
ଇଲେକ୍ଟ୍ରୋନିକ୍ ଡାଟା ପ୍ରକ୍ରିୟାକରଣ (EDP),Electronic data processing (EDP)
ଇଲେକ୍ଟ୍ରୋନିକ୍ ମେଲ୍ (ଇ-ମେଲ୍),Electronic mail (e-mail)
ବ Elect ଦ୍ୟୁତିକ ସୁଇଚ୍ ସିଷ୍ଟମ୍ |,Electronic switching system
ଇଲେକ୍ଟ୍ରୋନିକ୍ସ |,Electronics
ଇଲେକ୍ଟ୍ରୋପିଂ,Electroplating
ଇଲେକ୍ଟ୍ରୋଷ୍ଟାଟିକ୍,Electrostatic
ଉଚ୍ଚତା,Elevation
ଏମ୍ବେଡ୍,Embedded
ଏମ୍ବେଡ୍ ଅଡିଓ |,Embedded audio
ଏମ୍ବେଡ୍ ସିଷ୍ଟମ୍ |,Embedded system
ପ୍ରତୀକ,Emblem
ଉଦତର ଟ୍ରେଣ୍ଡଗୁଡିକ,Emerging trends
ନିର୍ଗରଣ,Emission
ତିକ୍ତ,Emitter
ଏମିଟର ଅନୁସରଣକାରୀ |,Emitter follower
ଏମୋଟିକ୍ ଟର୍ମିନାଲ୍ |,Emitter terminal
ଏମିଟର-ବେସ୍-ଜଙ୍କସନ |,Emitter-base-junction
ସକ୍ଷମ କରନ୍ତୁ |,Enable
ଏନନେଲ୍ ତାର,Enamelled wire
ଆବଦ୍ଧ,Encipher
ଏନକ୍ଲୋଜର,Enclosure
ଏନକୋଡ୍ |,Encode
ଏନକୋଡର୍ |,Encoder
ଏନକୋଡିଂ,Encoding
ଏନକ୍ରିପସନ୍,Encryption
ଶେଷ ଚିହ୍ନ,End mark
ଶେଷ ବ୍ୟବହାରକାରୀ |,End user
ଶକ୍ତି,Energy
ଶକ୍ତି ବିସର୍ଜନ |,Energy dispersal
ଶକ୍ତି ବଣ୍ଟନ,Energy distribution
ଅଭିଶନ୍ତ,Enforcement
ଇଞ୍ଜିନ୍,Engine
ଇଞ୍ଜିନିୟର,Engineer
ଇଞ୍ଜିନିୟରିଂ,Engineering
ଇଞ୍ଜିନିୟରିଂ ଷ୍ଟୋର,Engineering store
ଖୋଦନ,Engraving
ବାରଣ କରନ୍ତୁ,Enhance
Entemble,Ensemble
କୀ ପ୍ରବେଶ କରନ୍ତୁ |,Enter key
ଅତିରିକ୍ତ ସ୍ଥାପତ୍ୟ,Enterprise architecture
ସମ୍ପତ୍ତି |,Enthalpy
ଏଣ୍ଟ୍ରପି |,Entropy
ଏଣ୍ଟ୍ରପି କୋଡିଂ |,Entropy coding
ଏଣ୍ଟ୍ରପି ଅନାବଶ୍ୟକତା |,Entropy redundancy
ସମାନ,Equalising
ସମାନତା,Equalization
ସମାନ,Equalizer
ଉପକରଣ,Equipment
ଯନ୍ତ୍ରପାତି ବନ୍ଦ |,Equipment cover
ସମାନ,Equivalent
ଲିଭାନ୍ତୁ,Erase
ମୁଣ୍ଡ ଲିଭାନ୍ତୁ |,Erase head
କ୍ଷୟ,Erosion
ତ୍ରୁଟି,Erratic
ତ୍ରୁଟି,Error
ତ୍ରୁଟି ବିନା କଣ୍ଟ୍ରୋଡିଂ |,Error control coding
ତ୍ରୁଟି ସଂଶୋଧନ |,Error correction
ତ୍ରୁଟି ଚିହ୍ନଟ |,Error detection
ତ୍ରୁଟି ନିୟନ୍ତ୍ରଣ କରିବା |,Error handling
ତ୍ରୁଟି ସମ୍ଭାବନା |,Error probability
ଇଥରନେଟ୍ |,Ethernet
ଇଥରନେଟ୍ କେବୁଲ୍ |,Ethernet cable
ଇଉଜେନିକ୍ସ,Eugenics
ସ୍ଥାନାନ୍ତର କର |,Evacuate
ବିନିମୟ,Exchange
ଉତ୍ତେଜନା,Exciter
ଏକଜେକ୍ୟୁଟ୍ କର,Execute
ସମୟିଆନିଆ ସମୟ,Execution time
ନିଷ୍କାସନ,Exhaust
ପ୍ରସ୍ଥାନ,Exit
ବିସ୍ତାରିତ,Expanded
ବିସ୍ତାର ଭଲଭ୍ |,Expansion valve
ପରୀକ୍ଷଣ |,Experiment
ବିଶେଷଜ୍ଞ ସିଷ୍ଟମ୍ |,Expert system
ଅନୁସନ୍ଧାନ କର |,Explore
ଏକ୍ସପ୍ଲୋରର |,Explorer
ଏକ୍ସପୋ (ପ୍ରଦର୍ଶନୀ),Expo(exhibition)
ବିଦ୍ୟୁତ୍ ଯୋଗାଣର ବିସ୍ତାର |,Extension of power supply
ବାହ୍ୟ ନିୟନ୍ତ୍ରଣ,External control
ବାହ୍ୟ ସ୍ମୃତି,External memory
ବାହ୍ୟ ସଂରକ୍ଷଣ,External storage
ବାହ୍ୟ ସୂତ୍ର,External thread
ବାହାର,Extract
ଅତିରିକ୍ତ,Extranet
କପଡା |,Fabricate
ଫେନ୍ସ,Facet
କାରସିମ୍,Facsimile
କାରକ,Factor
ମଳିନ,Fade
ମଳିନ,Fade in
କମେ,Fade out
ଫ୍ୟାଜର୍,Fader
କ୍ଷୀଣ,Fading
କ୍ଷୀଣ ଜୋନ୍ |,Fading zone
ଫ୍ୟାନ୍ମ୍ (= ଫାଣ୍ଟମ୍),Fantom (=phantom)
ଦ୍ରୁତ ଅଧିକକ ପରିବର୍ତ୍ତନ (FFT) ଆଲଗୋରିଦମ |,Fast fourier transform (FFT) algorithm
ସାଂଘାତିକ ତ୍ରୁଟି |,Fatal error
ଦୋଷ,Fault
ବ feature ଶିଷ୍ଟ୍ୟ,Feature
ଫିଡ୍,Feed
ମତାମତ,Feedback
ମତାମତ ଏମ୍ପ୍ଲିଫାୟର୍ |,Feedback amplifier
ଥାପର୍ସ ସର୍କିଟ |,Feedback circuit
ମନିକଲ୍ସ ଭୋଲଟେଜ୍ |,Feedback voltage
ଫିଡର୍,Feeder
ଫିଡର୍ କେବୁଲ୍ |,Feeder cable
ଫିଡର୍ ହଟ୍ |,Feeder hut
ଫିଡର୍ ଲାଇନ୍ |,Feeder line
ଫିଡର୍ ସିଷ୍ଟମ୍ |,Feeder system
ଫିଡର୍ ତାର,Feeder wire
ଫାଇବର,Fibre
ଫାଇବର ଅପ୍ଟିକ୍ସ |,Fibre optics
ବିଶ୍ୱସ୍ତତା,Fidelity
ଫିଡେଲିଟି ରେଞ୍ଜ୍ ବିସ୍ତାର |,Fidelity range extension
କ୍ଷେତ୍ର,Field
କ୍ଷେତ୍ର ଡ୍ରାଇଭ୍,Field drive
କ୍ଷେତ୍ର ପ୍ରଭାବ ଟ୍ରାନ୍ସଜିଷ୍ଟର |,Field effect transistor
କ୍ଷେତ୍ର ଶକ୍ତି,Field strength
କ୍ଷେତ୍ର ଶକ୍ତି ମିଟର |,Field strength meter
କ୍ଷେତ୍ର ଶକ୍ତି ସର୍ବେକ୍ଷଣ |,Field strength survey
ଚିତ୍ର,Figure
ଯୋଗ୍ୟତା ଚିତ୍ର,Figure of merit
ଚମକ,Filament
ଫାଇଲ୍ |,File
ଫାଇଲ୍ ସର୍ଭର |,File server
ଫାଇଲ୍ ସିଷ୍ଟମ୍ |,File system
ଫିଲର୍,Filler
ଚଳଚ୍ଚିତ୍ର ରେକର୍ଡର୍ |,Film recorder
ଚଳଚ୍ଚିତ୍ର ଧୂପ,Film speed
ଫିଲ୍ଟର୍,Filter
ଫିଲ୍ଟର ଚକ୍କର |,Filter choke
ଫିଲ୍ଟର୍ ସର୍କିଟ୍ |,Filter circuit
ଫିଲ୍ଟରିଙ୍ଗ୍,Filtering
ସୂକ୍ଷ୍ମ ଟ୍ୟୁନିଂ ନିୟନ୍ତ୍ରଣ |,Fine tuning control
ସୀମିତ କ୍ଷେତ୍ର,Finite field
ଅଗ୍ନି କାନ୍ଥ,Fire wall
ଫାୟାରଫକ୍ସ,Firefox
ଫାୟାରିଙ୍ଗ୍ ଆଙ୍ଗଲ୍,Firing angle
ଫର୍ମୱେୟାର |,Firmware
ଫିଟିଂ |,Fittings
ଫିକ୍ସଡ୍ ପଏଣ୍ଟ ଚାର୍ଟ |,Fixed point chart
ଫିକ୍ସଡ୍ ପଏଣ୍ଟ ଆଇଟମ୍ |,Fixed point item
ଫ୍ଲାସ୍,Flash
ଫ୍ଲାଟ,Flat
ଫ୍ଲିକର୍,Flicker
ଫ୍ଲପ୍ ଫ୍ଲପ୍ |,Flip flop
ଭାସମାନ ଭଲଭ୍ |,Float valve
ଭାସମାନ,Floating
ଭାସମାନ ବ୍ୟାଟେରୀ |,Floating  battery
ଫ୍ଲୋଟିଂ ପଏଣ୍ଟ,Floating point
ଭାସମାନ ପୋର୍ଟ,Floating port
ବନ୍ୟା ଆଲୋକ,Flood light
ବନ୍ୟା ଆଲୋକ,Flood lighting
ଚଟାଣ,Floor
ଫ୍ଲପି,Floppy
ଫ୍ଲୋ ଚାର୍ଟ |,Flow chart
ଉତ୍ତୋଳନ,Fluctuation
ତରଳ,Fluid
ଫ୍ଲୋରୋସେଣ୍ଟ୍ ଲ୍ୟାମ୍ପ |,Fluorescent lamp
ଫ୍ଲୋରୋସେଣ୍ଟ୍ ଟ୍ୟୁବ୍ |,Fluorescent tube
ଫ୍ଲୁଟର୍,Flutter
ଫ୍ଲକ୍ସ,Flux
ଫ୍ଲକ୍ସ ଲିଙ୍କେଜ୍ |,Flux linkage
FM ନେଟୱର୍କ,FM network
FM ଟାୱାର,FM tower
ଧ୍ୟାନ ଦିଅନ୍ତୁ,Focus
ନିୟନ୍ତ୍ରଣ ନିୟନ୍ତ୍ରଣ |,Focus control
ଫୋକସ୍,Focussing
ଫୋକସ୍ ଚୁମ୍ବକ,Focussing magnet
କୁହୁଡି,Fog
ଫଏଲ୍,Foil
ଗୁଣ୍ଡ ଫେରାଇ ଦିଅ,Fold back
ଫୋଲଡ୍ ଡିପୋଲ୍ |,Folded dipole
ଫୋଲ୍ଡର,Folder
ଫୁଟେଜ୍,Footage
ଫୁଟର୍,Footer
ବାଧ୍ୟତାମୂଳକ ଓତିମାନେ ବାଧ୍ୟ |,Forced oscillation
ବାଧ୍ୟତାମୂଳକ ଭେଣ୍ଟିଲେସନ୍ |,Forced ventilation
ବାଧ୍ୟତାମୂଳକ କମ୍ପନ |,Forced vibration
ଜଗେ,Forge
ଫର୍ମାଟ୍,Format
ଫର୍ମାଟ୍ ସ୍ଥାନାନ୍ତର କରନ୍ତୁ |,Format shifting
ଫର୍ମାଟ୍ ଟ୍ୟୁନ୍,Format tunes
ଫର୍ମାଟିଂ,Formatting
ଅଗ୍ରଗାମୀ ପକ୍ଷପାତ,Forward bias
ଆଗକୁ ବାହାଘର,Forward biased
ଅଗ୍ରଗାମୀ କରେଣ୍ଟ୍ |,Forward current
ଅଗ୍ରଗାମୀ ଦିଗ,Forward direction
ଅଗ୍ରଗାମୀ ପ୍ରତିରୋଧ,Forward resistance
ଚାରିଟି ରୂପାନ୍ତର |,Fourier transform
ଭଗ୍ନାଂଶ,Fractal
ବନ୍ଧ୍ୟା,Fragmentation
ଫ୍ରେମ୍,Frame
ଫ୍ରେମ୍ ଫର୍ମାଟିଂ,Frame formatting
ଫ୍ରେମ୍ ସିଙ୍କ୍ରୋନେରୋଇଜର୍ |,Frame synchroniser
ଫ୍ରିମି ବାନ୍ଧିବା,Framing
ମାଗଣା ଇଲେକ୍ଟ୍ରନ୍ |,Free electron
ଖାଲି ସ୍ପେସ୍ କ୍ଷତି |,Free space loss
ମାଗଣା ସ୍ପେସ୍ ପଥ କ୍ଷତି |,Free space path loss
ଆବୃତ୍ତି,Frequency
ଫ୍ରିକ୍ୱେନ୍ସି ଆବଣ୍ଟନ |,Frequency allocation
ଫ୍ରିକ୍ୱେନ୍ସି ଚେଞ୍ଜର |,Frequency changer
ଫ୍ରିକ୍ୱେନ୍ସି କନଭର୍ଟର |,Frequency converter
ବାର୍ଷିକିକାତୁ ଗଣନା |,Frequency counter
ଫ୍ରିକ୍ୱେନ୍ସି ବିକୃତି |,Frequency distortion
ଫ୍ରିକ୍ୱେନ୍ସି ଡିସରସର୍ |,Frequency divider
ଫ୍ରିକ୍ୱେନ୍ସି ଡୋମେନ୍ |,Frequency domain
ଫ୍ରିକ୍ୱେନ୍ସି ଡବଲ୍୍ର |,Frequency doubler
ଫ୍ରିକ୍ୱେନ୍ସି ମୋଡ୍ୟୁଲ୍ୟୁଲେସନ୍ |,Frequency modulation
ଫ୍ରିକ୍ୱେନ୍ସି ମନିଟର |,Frequency monitor
ଫ୍ରିକ୍ୱେନ୍ସି ମିଲ୍ୟାକ୍ସ,Frequency multiplex
ଫ୍ରିକ୍ୱେନ୍ସି କଳ୍ପନା |,Frequency multiplier
ଫ୍ରିକ୍ୱେନ୍ସି ପରିସର,Frequency range
ଆବୃତ୍ତି ପ୍ରତିକ୍ରିୟା,Frequency response
ଫ୍ରିକ୍ୱେନ୍ସି ସିଫ୍ଟ |,Frequency shift
ଫ୍ରିକ୍ୱେନ୍ସି ସ୍ପେକ୍ଟ୍ରମ୍,Frequency spectrum
ଫ୍ରିକ୍ୱେନ୍ସି ସିଣ୍ଟେସିଜର୍ |,Frequency synthesizer
ଫ୍ରିକ୍ୱେନ୍ସି ଟୋଲେରାନ୍ସ |,Frequency tolerance
ଫ୍ରିକ୍ୱେନ୍ସି ଅନୁବାଦକ ବାକ୍ସ |,Frequency translator box
ଫ୍ରିକ୍ୱେନ୍ସି ପରୀକରଣ |,Frequency variation
ଫ୍ରେସେଲ ଜୋନ୍ |,Fresnel zone
ଫ୍ରିଙ୍ଗ୍ ଏରିଆ,Fringe-area
ଆଗ ବାରଣ୍ଡା,Front porch
ପୁରା ଯୋଗକାରୀ,Full adder
ପୂର୍ଣ୍ଣ ତରଙ୍ଗ ସଂଶୋଧନ |,Full wave rectification
ପୂର୍ଣ୍ଣ ତରଙ୍ଗ ରେକ୍ଟିଫାୟର୍ |,Full wave rectifier
କାର୍ଯ୍ୟ,Function
କାର୍ଯ୍ୟ କୀ,Function key
କାର୍ଯ୍ୟକ୍ଷମ ପରୀକ୍ଷଣ,Functional testing
ମୌଳିକ,Fundamental
ମ fundamental ଳିକ ଫ୍ରିକ୍ୱେନ୍ସି,Fundamental frequency
ମ fundamental ଳିକ ବେଗ |,Fundamental velocity
ଫନେଲ୍ |,Funnel
ଫ୍ୟୁଜ୍,Fuse
ଫ୍ୟୁଜ୍ ତାର,Fuse wire
ଅସ୍ପଷ୍ଟ ତର୍କ |,Fuzzy logic
ଲାଭ,Gain
ନିୟନ୍ତ୍ରଣ,Gain control
ଗଲିସ୍ ଫିଲ୍ଡ |,Galois field
ଗାମୁଟ୍,Gamut
ଗ୍ୟାଙ୍ଗ କଣ୍ଡିଏନ୍ସର୍ |,Gang condenser
ଫାଙ୍କ,Gap
ଗେଟୱେ,Gateway
ଗେଜ୍,Gauge
ଗାଉସିଆନ୍ ବକ୍ର |,Gaussian curve
ଗାଉସିଆନ୍ ଧଳା ଶବ୍ଦ |,Gaussian white noise
ଜେନେରେଟର,Generator
ସାଧାରଣ ନାମ,Generic name
ଜିଓଷ୍ଟେସନାରୀ ସାଟେଲାଇଟ୍ |,Geostationary satellite
ଜିଓସେନେକ୍ରୋନସ୍ ସାଟେଲାଇଟ୍ |,Geosynchronous satellite
ଗ୍ଲିଚ୍,Glitch
ଗ୍ରାଫିକ୍ ଆର୍ଟ,Graphic art
ଗ୍ରାଫିକ୍ ସମାନତା |,Graphic equalizer
ଗ୍ରାଫିକ୍ସ |,Graphics
ଗ୍ରାଟୋଟୁଲ୍ |,Graticule
ମାଧ୍ୟାକର୍ଷଣ ତ୍ୱରାନ୍ୱିତ |,Gravitational acceleration
ଧୂସର ସ୍କେଲ,Gray scale
ଗ୍ରୀଡ୍,Grid
ଗ୍ରୀଡ୍ ପକ୍ଷପାତ,Grid bias
ଗ୍ରୀଡ୍ ଡ୍ରାଇଭିଂ ଶକ୍ତି |,Grid driving power
ଗ୍ରୀଡ୍ ନିର୍ଗମନ |,Grid emission
ଗ୍ରୀଡ୍ ମୋଡ୍ୟୁଲେଟେଡ୍ ଶ୍ରେଣୀ C ଏମ୍ପ୍ଲିଫାୟର୍ |,Grid modulated class C amplifier
ଗ୍ରିଲ୍,Grill
ଗ୍ରାଇଣ୍ଡିଂ,Grinding
ଖୋଳା,Groove
ଭୂମି ଆଚରଣ,Ground conductivity
ଗ୍ରାଉଣ୍ଡ ରିଟର୍ନ ସର୍କିଟ୍ |,Ground return circuit
ଭୂମି ରଡ୍ (ପୃଥିବୀ ରୋଡ୍),Ground rod (earth rod)
ଭୂମି ବିସ୍ତାର କରେ |,Ground scatter propagation
ଭୂମି ବିଭାଗ,Ground segment
ଭୂମି ତରଙ୍ଗ |,Ground wave
ଭୂମି ତରଙ୍ଗ ପ୍ରସାର |,Ground wave propagation
ଭୂମି ତରଙ୍ଗ ସଙ୍କେତ |,Ground wave signal
ଭୂମି,Grounded
ଗୋଷ୍ଠୀ ବିଳମ୍ବ,Group delay
ନେଟୱର୍କ ଏବଂ କଭରେଜ୍ ର ଅଭିବୃଦ୍ଧି |,Growth of network & coverage
ସୋର ବ୍ୟାଣ୍ଡ,Guard band
ପର୍ଯ୍ୟବେକ୍ଷଣକାରୀ,Guard interval
ଗୁନ୍ ଡିଏଡ୍ |,Gunn diode
ବାଡ଼ି,Guy
Su ତାର ତାର,Guy wire
ଗୁଡ୍ ଆରିଏଲ୍ ମାଷ୍ଟର (ଗେଡିତ ଆଣ୍ଟେନା ମାଷ୍ଟ),Guyed aerial mast (guyed antenna mast)
ହ୍ୟାକ୍,Hack
ହ୍ୟାକର୍,Hacker
ଅଧା ଆଡର୍ |,Half adder
ଅଧା ଡୁପ୍ଲେକ୍ସ |,Half duplex
ଅଧା ପାୱାର ବ୍ୟାଣ୍ଡୱିଡଥ୍ |,Half power bandwidth
ଅଧା ତରଙ୍ଗ ଡିପୋଲ୍ |,Half wave dipole
ଅଧା ତରଙ୍ଗ ସଂଶୋଧନ |,Half wave rectification
ଅର୍ଦ୍ଧକଟ,Halftone
ହାମିଂ ଦୂରତା |,Hamming distance
ହାର୍ଡ ଡିସ୍କ ଦୁର୍ଘଟଣା |,Hard disc crash
ହାର୍ଡ ଡିସ୍କ ଆଧାରିତ ଅଡିଓ ବିତରଣ ବ୍ୟବସ୍ଥା |,Hard disk based audio delivery system
ହାର୍ଡ ଡିସ୍କ ଆଧାରିତ ରେକର୍ଡିଂ |,Hard disk based recording
ହାର୍ଡୱେର୍,Hardware
ହାର୍ଡୱେର ଠିକଣା,Hardware address
ହାରମୋନିକ୍ |,Harmonic
ହରମୋନିକ୍ ବିକୃତ |,Harmonic distortion
ହରମୋନିକ୍ ନିର୍ଗମନ |,Harmonic emission
ହରମୋନିକ୍ ଫିଲ୍ଟର ୟୁନିଟ୍ |,Harmonic filter unit
ହାରମୋନିକ୍ ଜେନେରେଟର |,Harmonic generator
ହାରମୋନିକ୍ ଦଖଲକାରୀ |,Harmonic suppressor
ହାରମୋନିକ୍ସ,Harmonics
ସଙ୍କଟ,Hazard
ମୁଣ୍ଡ ଫୋନ୍ |,Head phone
ମୁଣ୍ଡ କକ୍ଷ,Head room
ଶୀର୍ଷ,Headend
ଶୀର୍ଷଲେଖ,Header
ଯନ୍ତ୍ର ଶ୍ୱରତା ଶୁଣିବା |,Hearing mechanism
ଉତ୍ତାପ ଶୋଷିବା |,Heat absorber
ଉତ୍ତାପ ବାଲାନ୍ସ,Heat balance
ଉତ୍ତାପ ପ୍ରତିବନ୍ଧକ |,Heat barrier
ଉତ୍ତାପ କଣ୍ଡକ୍ଟର |,Heat conductor
ଉତ୍ତାପ ସିଙ୍କ |,Heat sink
ହେର୍ଟଜ୍ (HZ),Hertz (Hz)
HerTroyne,Heterodyne
ହେଟେରୋଡାନ ରିସିଭର୍ |,Heterodyne receiver
ହେଟେରାଇଡେନ୍ ହ୍ୱିଷ୍ଟଲ୍ (ହେଟେରାଇଡିନ୍ ହସ୍ତକ୍ଷେପ),Heterodyne whistle (heterodyne interference)
ହ୍ୟୁରିଷ୍ଟିକ୍ |,Heuristic
ଷୋଡଶମିକ |,Hexadecimal
ହାଇରାର୍କିକାଲ୍ ମୋଡ୍ୟୁଲେସନ୍ |,Hierarchical modulation
ହାଇ-ଫାଇ (ଉଚ୍ଚ ବିଶ୍ୱସ୍ତତା),Hi-Fi (high fidelity)
ଉଚ୍ଚ ଆବୋର,High boost
ଉଚ୍ଚ ଫ୍ରିକ୍ୱେନ୍ସି,High frequency
ଉଚ୍ଚ ଫ୍ରିକ୍ୱେନ୍ସି ଓସଲେସନ୍ |,High frequency oscillation
ଉଚ୍ଚ ଫ୍ରିକ୍ୱେନ୍ସି ପ୍ରତିକ୍ରିୟା |,High frequency response
ଉଚ୍ଚ ସ୍ତରୀୟ କାର୍ଯ୍ୟକ୍ରମ ଭାଷା |,High level programme language
ଉଚ୍ଚ ପାସ୍ ଫିଲ୍ଟର୍ |,High pass filter
ଉଚ୍ଚ ଶକ୍ତି ଟ୍ରାନ୍ସମିଟର |,High power transmitter
ଉଚ୍ଚମାନର ରିସେପ୍ସନ୍ |,High quality reception
ଉଚ୍ଚ ଗତିର ସଂଯୋଗ,High speed connectivity
ହାଇ ସ୍ପିଡ୍ ଡାଟା ସିଷ୍ଟମ୍ |,High speed data system
ହିଷ୍ଟୋଗ୍ରାମ୍,Histogram
ମୂଳପୃଷ୍ଠା |,Home page
ହୁକ୍,Hook
ତାରକୁ ହୁକ୍ ଅପ୍ କରନ୍ତୁ |,Hook up wire
ଭୂସମାନ୍ତର ବ୍ଲାକଆଉଟ୍ ଅବଧି |,Horizontal blackout period
ଭୂସମାନ୍ତର ବ୍ଲାନକିଂ |,Horizontal blanking
ଭୂସମାନ୍ତର ସଂଜ୍ଞା (ଭୂସମାନ୍ତର ରେଜୋଲୁସନ),Horizontal definition (horizontal resolution)
ଭୂସମାନ୍ତର ଡିଫେନ୍ସ ଓସେନାସନ୍ |,Horizontal deflection oscillation
ଭୂସମାନ୍ତର ରେଖା,Horizontal line
ଭୂସମାନ୍ତର ବିଭାଗ,Horizontal section
ଭୂସମାନ୍ତର ସୁଇପ୍ ସର୍କିଟ୍ |,Horizontal sweep circuit
ଶୃଙ୍ଗ ଉଚ୍ଚ ସ୍ୱରରେ |,Horn loudspeaker
ହୋଷ୍ଟ,Host
ଗରମ ସ୍ପଟ୍,Hot spot
ଘର ରଖୁଛି |,House keeping
ହବ୍,Hub
ହୁସ୍,Hue
ହଫମ୍ୟାନ୍ କୋଡିଂ |,Huffman coding
ହମ୍,Hum
ମାନବ ଅଡିଓ ଧାରଣା |,Human audio perception
ମାନବ ଅଡିଓ ସିଷ୍ଟମ୍ |,Human audio system
ମାନବ ଶ୍ରବଣ ପ୍ରଣାଳୀ |,Human hearing mechanism
ମାନବ ଭିଡିଓ ଧାରଣା |,Human video perception
ଆର୍ଦ୍ରତା,Humidity
ହାଇବ୍ରିଡ୍ |,Hybrid
ହାଇବ୍ରିଡ୍ ସର୍କିଟ୍ |,Hybrid circuit
ହାଇବ୍ରିଡ୍ ଇଣ୍ଟିଗ୍ରେଟେଡ୍ ସର୍କିଟ୍ |,Hybrid intergrated circuit
ହାଇଡ୍ରୋମିଟର |,Hydrometer
ହାଇପର,Hyper
ହାଇପର ମିଡିଆ |,Hyper media
ହାଇପର ଟେକ୍ସଟ୍ |,Hyper text
ହାଇପରଲିଙ୍କ୍ |,Hyperlink
ଆଇକନ୍ |,Icon
ପରିଚୟ,Identification
ପରିଚାୟକ,Identifier
ପ୍ରଜ୍ୱଳିତ କର |,Ignite
ଇଗ୍ନିସନ୍,Ignition
ଆଲୋକ,Illuminance
ଆଲୋକ,Illumination
ପ୍ରତିଛବି |,Image
ପ୍ରତିଛବି ଆଣ୍ଟେନା |,Image antenna
ପ୍ରତିଛବି କ୍ୟାପଚର |,Image capture
ପ୍ରତିଛବି ଆଇକନୋସକୋପ୍ |,Image iconoscope
ପ୍ରତିଛବି ମାନଚିତ୍ର,Image map
ଇମେଜ୍ ୱର୍ଥିକନ୍ |,Image orthicon
ପ୍ରତିଛବି ପ୍ରକ୍ରିୟାକରଣ |,Image processing
ପ୍ରତିଛବି ସେଟର୍ |,Image setter
କଳ୍ପନା,Imaginary
ପ୍ରତିରୋଧକ,Impedance
ପ୍ରତିରୋଧ ମେଳ |,Impedance matching
ଇମ୍ପେଟେନ୍ସ ମେଳକ ସର୍କିଟ୍ |,Impedance matching circuit
ପ୍ରତିରୋଧର ମେଳ ଖାଉ ନାହିଁ |,Impedance mismatch
ଖାଲି ସ୍ଥାନର ପ୍ରତିରୋଧ |,Impedance of free space
ପ୍ରତିରୋଧ ରୂପାନ୍ତର |,Impedance transformation
ଆମଦାନି କରନ୍ତୁ |,Import
ଗର୍ଭଧାରଣ,Impregnated
ଭୋଲଟେଜ୍ ଇମ୍ପ୍ରେସ୍ କରନ୍ତୁ |,Impress voltage
ପ୍ରେରଣା,Impulse
ପ୍ରେରଣା ପ୍ରତିକ୍ରିୟା |,Impulse response
ଅପରିଷ୍କାର ଆଚରଣ |,Impurity conductivity
ଅପ୍ରାକୃତିକତା ସେମେନିକ୍ୟୁସନ୍ |,Impurity semiconduction
ନିଷ୍କ୍ରିୟ |,Inactive
ନିଷ୍କ୍ରିୟ ୱିଣ୍ଡୋ |,Inactive window
ନିରବଚ୍ଛିନ୍ନ,Inaudible
ଅବିସ୍ମରଣୀୟ,Incandescence
ଘଟଣା ରୟ,Incident ray
ଅନ୍ତର୍ଭୂକ୍ତ,Inclusion
ଆସୁଥିବା ସିଗନାଲ୍ |,Incoming signal
ସୂଚକ,Indicator
ଅଦୃଶ୍ୟ,Indigenous
ଚିତ୍ତାକର୍ଷକ,Inductance
ଚିତ୍ତାକର୍ଷକ-ପ୍ରତିକ୍ରିୟା |,Inductive-reactance
ଭେଦଲାମୁକ୍ତ ସାମଗ୍ରୀ |,Inflammable material
ଇନ୍ଫୋର ପ୍ୟାଚ୍,Infor patch
ସୂଚନା,Information
ସୂଚନା ସ୍ଥାପତ୍ୟ,Information architecture
ସୂଚନା ବିଟ୍,Information bit
ସୂଚନା ଅଙ୍କ,Information digit
ସୂଚନା କିଓସ୍କ,Information kiosk
ସୂଚନା ପ୍ରକ୍ରିୟା,Information process
ସୂଚନା ପ୍ରଯୁକ୍ତିବିଦ୍ୟା,Information technology
Invoattion,Infotainment
ଇନଫ୍ରାଡ୍ ବିକିରଣ |,Infrared radiation
ଭିତ୍ତିଭୂମି,Infrastructure
କନ୍ସଷ୍ଟ,Ingest
ଉପାଦାନ,Ingredients
ପ୍ରାରମ୍ଭିକରଣ ଶବ୍ଦ (iw),Initialization word (IW)
ଭିତର ସଂକେତ,Inner codes
ଉଦ୍ଭାବନ |,Innovation
ଇନପୁଟ୍,Input
ନିବେଶ ରେଖା,Input line
ନିବେଶ ୟୁନିଟ୍,Input unit
ଇନପୁଟ୍ ଭୋଲଟେଜ୍ |,Input voltage
ଇନପୁଟ୍-ଆଉଟପୁଟ୍ |,Input-output
ସନ୍ନିବେଶ କରନ୍ତୁ |,Insert
ସନ୍ନିବେଶ କ୍ଷତି |,Insertion loss
ସ୍ଥାପନ,Installation
ତତକ୍ଷଣାତ୍ ଭୋଲଟେଜ୍ |,Instantaneous voltage
ନିର୍ଦ୍ଦେଶ,Instruction
ଇନସୁଲେଟିଂ ସାମଗ୍ରୀ |,Insulating material
ଇନସୁଲେସନ୍,Insulation
ଇନସଲେସନ୍ ପ୍ରତିରୋଧ |,Insulation resistance
ଇନସୁଲେଟର |,Insulator
ଇଣ୍ଟିଗ୍ରେଟେଡ୍ ସର୍କିଟ |,Integrated circuit
ନେଟୱାର୍କ ସଂଯୋଗ,Integrating network
ଇଣ୍ଟିଗାର୍ଡ,Integrator
ବୁଦ୍ଧି,Intelligence
ତୀବ୍ରତା,Intensity
ବକ୍ତବ୍ୟର ତୀବ୍ରତା |,Intensity of speech
ଆନ୍ତ Cankellାନ ହସ୍ତକ୍ଷେପ |,Inter channel interference
ହସ୍ତକ୍ଷେପ କରନ୍ତୁ |,Interleave
ପାରସ୍ପରିକ କ୍ରିୟା,Interaction
ପାରସ୍ପରିକତା,Interactivity
ଇଣ୍ଟରକମ୍ |,Intercom
ଆନ୍ତ c- ସଂଯୋଗକାରୀତା |,Interconnectivity
ଇଣ୍ଟରଫେସ୍,Interface
ଇଣ୍ଟରଫେସ୍ ସ୍କାନିଂ |,Interface scanning
ହସ୍ତକ୍ଷେପ,Interference
ହସ୍ତକ୍ଷେଳ୍ପ ଜୋନ୍ |,Interference zone
ହସ୍ତକ୍ଷେପ କରୁଥିବା ଚ୍ୟାନେଲ |,Interfering channel
ପରିବେଶ ଫ୍ରିକ୍ୱେନ୍ସି କରିବା |,Interfering frequency
ରେଡିଓ ଫ୍ରିକ୍ୱେନ୍ସି ସଙ୍କେତ ହସ୍ତକ୍ଷେପ କରିବା |,Interfering radio frequency signal
ଆନ୍ତରିକରାତ୍ରା,Interframe
ହସ୍ତକ୍ଷେପ କରନ୍ତୁ |,Interleave
ଅନ୍ତର୍ଭୁକ୍ତ |,Interleaved
ମଧ୍ୟବର୍ତ୍ତୀ stream ରଣା |,Interleaved stream
ସାଧାରଣତ। |,Interleaver
ଅନ୍ତର୍ଭୁକ୍ତ,Interleaving
ଅନ୍ତର୍ଭୁକ୍ତ,Interleaving
ଇଣ୍ଟରଲିଭେଭିଙ୍ଗ୍ ଅବଧି |,Interleaving period
ପୂର୍ବରୁ ସର୍କିଟ୍ |,Interlock circuit
ଇଣ୍ଟରଲକ୍ ସୁଇଚ୍ |,Interlock switch
ତାଲିମପ୍ରାପ୍ତ,Interlocking
ମଧ୍ୟବର୍ତ୍ତୀ ବିଫଳତା |,Intermediate failure
ମଧ୍ୟବର୍ତ୍ତୀ ଫ୍ରିକ୍ୱେନ୍ସି,Intermediate frequency
ମଧ୍ୟବର୍ତ୍ତୀ ଫ୍ରିକ୍ୱେନ୍ସି ଓସିଲେଟର |,Intermediate frequency oscillator
ମଧ୍ୟବର୍ତ୍ତୀ,Intermittent
ମଧ୍ୟସ୍ଥି କରେଣ୍ଟ୍ |,Intermittent current
ଇଣ୍ଟମୋଡୋଡୁଲେସନ୍,Intermodulation
ଇଣ୍ଟରମୋଡୁଲେସନ୍ ବିକୃତି |,Intermodulation distortion
ଇଣ୍ଟରମୋଡୁଲେସନ୍ ନିର୍ଗମନ |,Intermodulation emission
ସାଂଖ୍ୟିକ ଭାବରେ ଅସନ୍ତୁଷ୍ଟ ପରୀକ୍ଷା |,Intermodulation test
ଇଣ୍ଟରନେଟ୍,Internet
ଇଣ୍ଟରନେଟ୍ ପ୍ରସାରଣକାରୀ |,Internet broadcasting
ଇଣ୍ଟରନେଟ୍ ଚାଟିଂ |,Internet chatting
ଇଣ୍ଟରନେଟ୍ ପ୍ରୋଟୋକଲ୍ ଷ୍ଟାକ |,Internet protocol stack
ଇଣ୍ଟରନେଟ୍ ରେଡିଓ |,Internet radio
ଇଣ୍ଟରନେଟ୍ ଷ୍ଟ୍ରିମିଂ |,Internet streaming
ଇଣ୍ଟରନେଟ୍ ଭିଡିଓ |,Internet video
ପାରସ୍ପରିକ କାର୍ଯ୍ୟଦକ୍ଷତା,Interoperability
ଇଣ୍ଟରପୋଲେସନ୍,Interpolation
ଅନୁବାଦକ,Interpreter
ବାଧା,Interrupt
ବାଧା,Interruption
ସାଂଘାତିକ,Interruptor
ବ୍ୟବଧାନ,Interval
ଅନୁରୂପ,Intracoding
ଇଣ୍ଟ୍ରାଫ୍ରେମ୍ |,Intraframe
ଇଣ୍ଟ୍ରାନେଟ୍ |,Intranet
ଚିତ୍ରାଙ୍କ୍ |,Intrapicture
ଇଣ୍ଟ୍ରାୱେବ |,Intraweb
ଅନ୍ତର୍ନିହିତ ସେମିକଣ୍ଡକ୍ଟର |,Intrinsic semiconductor
ଇନଭର୍ସ କରେଣ୍ଟ୍ |,Inverse current
ଇନଭର୍ସ ସ୍ପାଟିଆଲ୍ କାର୍ଯ୍ୟ |,Inverse spatial operate
ଓଲଟା,Inverted
ଓଲଟା l ଆଣ୍ଟେନା |,Inverted L antenna
ଓଲଟା ଭି ଆଣ୍ଟେନା |,Inverted V antenna
ଜିଭର୍,Inverter
ଅନିୟମିତ |,Irregular
ଅପ୍ରାସଙ୍ଗିକର ଉପାଦାନ |,Irrelevant element
ବିଚ୍ଛିନ୍ନାଙ୍କନ ନେଟୱର୍କ |,Isolation network
ଆଇସୋଲେଟର,Isolator
ଜାମର୍,Jammer
ଜାମ୍,Jamming
ଜାରଗନ୍ ଫାଇଲ୍ |,Jargon file
ଜାଭା ସ୍କ୍ରିପ୍ଟ,Java script
ଜିଙ୍ଗଲ୍,Jingle
ଠେକୁଟର୍,Jitter
ଯୋନା,Joiner
ମିଳିତ,Joint
ମିଳିତ ଧିକ୍,Jointed
ଜମ୍ପର୍,Jumper
ଜଙ୍କ୍ |,Junk
ଜଙ୍କ୍ ମେଲ୍ |,Junk mail
କର୍ଣ୍ଣଲ |,Kernel
ଚାବି,Key
କୀବୋର୍ଡ୍,Keyboard
କୀ,Keyer
କି /ଟ୍ |,Keynote
କିଲୋସେଲ୍କର |,Kilocycle
କିଲୋଲଟ୍ |,Kilovolt
କିଡୋୋଟାଟ୍ |,Kilowatt
ସମ୍ପର୍କୀୟ,Kinematics
ଆଣ୍ଠୁ ପଏଣ୍ଟ ଭୋଲଟେଜ୍ |,Knee point voltage
ଗାଡ଼ି,Knob
ଜ୍ଞାନ କୋଷ,Knowledge base
ଜ୍ଞାନ ପ୍ରତିନିଧିତ୍ୱ |,Knowledge representation
L ନେଟୱର୍କ,L network
L ବିଭାଗ ଫିଲ୍ଟର୍ |,L section filter
ଲେଗ୍ ଏବଂ ଲିଡ୍ |,Lag and lead
ଲଗିଂ କରେଣ୍ଟ୍ |,Lagging current
ଶକ୍ତିଯୁକ୍ତ ଫ୍ୟାକ୍ଟର୍ |,Lagging power factor
ବିଳମ୍ବ,Laminated
ପ୍ରଦୀପ,Lamp
ଲାପଟପ୍,Laptop
ଲେଜର ଫ୍ରିକ୍ୱେନ୍ସି |,Laser frequency
ପରିଶ୍ରମୀ ତ୍ରୁଟି |,Latent error
ଅହଂତ୍ତତା,Latent heat
ଅକ୍ଷାଂଶ,Latitude
ସ୍ତର,Layer
ଲେଆଉଟ୍ |,Layout
ଲେଆଉଟ୍ ଯୋଜନା,Layout plan
ସୀସା |,Lead
ଅଗ୍ରଣୀ ପର୍ଯ୍ୟାୟ |,Leading phase
ଲିକ୍ ପ୍ରମାଣ |,Leak proof
ଲିକେଜ୍ |,Leakage
ଲିଜ୍ ସର୍କିଟ୍ |,Leased circuit
ଲେନ୍ସ,Lens
ସ୍ତରୀୟ ସୂଚକ,Level indicator
ହାଲୁକା ନିୟନ୍ତ୍ରଣ,Light control
ଲାଇଟ୍ କଲମ,Light pen
ବଜ୍ରପାତ,Lightning arrester
ସୀମା,Limiter
ଏମ୍ପ୍ଲିଫାୟର୍ ସୀମିତ କରିବା |,Limiting amplifier
ରେଖା କ୍ଷତି |,Line loss
ରେଖା ଶବ୍ଦ,Line noise
ଦୃଷ୍ଟିଶକ୍ତ,Line of sight
ରେଖା ପର୍ଯ୍ୟାୟ,Line phase
ରେଖା ପ୍ରସାରଣ,Line transmission
ରେଖା ଅନଲୋଡ୍ ହୋଇଛି |,Line unloaded
ର line ଖିକ ପରିମାଣର |,Linear quantiser
ର line ଖ,Linearity
ରେଖା-କୋଇକ୍ସିଆଲ୍ |,Line-coaxial
ରେଖା-ସମାନଜୀବୀ |,Line-equaliser
ରେଖା-ଫ୍ରିକ୍ୱେନ୍ସି,Line-frequency
ରେଖା-ପ୍ରତିବନ୍ଧକତା |,Line-impedance
ରେଖା-ଚତୁର୍ଥାଂଶ ତରଙ୍ଗଦ eng ର୍ଘ୍ୟ |,Line-quarter wavelength
ଲିଙ୍କ୍,Link
ଲିନର,Linker
ଓଠ-ମାଇକ୍ରୋଫୋନ୍ |,Lip-microphone
ଲାଇଭ୍ ବ୍ରଡକାଷ୍ଟ |,Live broadcast
ଜୀବନ୍ତ ସର୍କିଟ |,Live circuit
ଲାଇଭ୍ ପ୍ରୋଗ୍ରାମ୍ |,Live programme
ଲୋଡ୍,Load
ଲୋଡ୍ କ୍ଷମତା |,Load capacity
ବହନ କ୍ଷମତା ଭାର ବହନ କରନ୍ତୁ |,Load carrying capacity
ଲୋଡ୍ ବର୍ଣ୍ଣିତ |,Load characteristic
ଲୋଡ୍ ଟେପିସନ୍ |,Load impedance
ଲୋଡ୍ ହୋଇଛି,Loaded
ଲୋଡର୍,Loader
ଲୋଡ୍ କରୁଛି,Loading
କୋଇଲା ଲୋଡିଙ୍ଗ୍ |,Loading coil
ଲୋଡ୍-ଟେଷ୍ଟ୍ |,Load-test
ଲୋବ,Lobe
ଲବ୍ ଆଣ୍ଟେନା |,Lobe antenna
ସ୍ଥାନୀୟ କ୍ଷେତ୍ର ନେଟୱାର୍କ |,Local area network
ସ୍ଥାନୀୟ ବ୍ୟାଟେରୀ |,Local battery
ସ୍ଥାନୀୟ ଓକିଲର୍ |,Local oscillator
ଲଗ୍,Log
ଲଗ ବୁକ୍ |,Log book
ଲଗ୍ ଇନ୍ କରନ୍ତୁ (ଲଗ୍ ଅନ୍),Log in (log on)
ଲଗ୍ ଅଫ୍ କରନ୍ତୁ (ଲଗ୍ ଆଉଟ୍),Log off (log out)
ଲଗ୍ ସିଟ୍ |,Log sheet
Logarithm,Logarithm
ଲୋଗାରିଥମିକ୍ ଏମ୍ପ୍ଲିଫାୟର୍ |,Logarithmic amplifier
ଲୋଗାରିଥମିକ୍ ଅନୁପାତ,Logarithmic ratio
Logarithmic ପ୍ରତିକ୍ରିୟା |,Logarithmic response
ଲୋଗାରିଥମିକ୍ ସ୍କେଲ୍ |,Logarithmic scale
ଲଗିଂ,Logging
ତର୍କ,Logic
ଏକାଧିକ ଗେଟ୍ |,Logic gate
ତର୍କ କାର୍ଯ୍ୟ,Logic operation
ଯୁକ୍ତିଯୁକ୍ତ,Logical
ଲଜିକାଲ୍ ଫ୍ରେମ୍ |,Logical frame
ଲୋଗୋ ଇନ୍ସର୍ଟerar ର |,Logo inserter
ଦ୍ରାଘିମା,Longitude
ଲୁପ୍ |,Loop
ଲୁପ୍ ଆଣ୍ଟେନା |,Loop antenna
ଲୁପ୍ ଲାଭ |,Loop gain
ଲୁପ୍ ପରୀକ୍ଷା |,Loop test
ଖାଲି ଯୋଗାଯୋଗ |,Loose contact
ଖାଲି କନ୍ସଲିଂ |,Loose coupling
କ୍ଷତିହୀନ ଆଣ୍ଟେନା |,Lossless antenna
କ୍ଷତିହୀନ ସଙ୍କୋଚନ |,Lossless compression
କ୍ଷତି ହୋଇଥିବା ସଙ୍କୋଚନ |,Lossy compression
ଉଚ୍ଚ ସ୍ୱର (ଧ୍ୱନି),Loudness (sound)
ଉଚ୍ଚ ସ୍ୱରରେ,Loudspeaker
ନିମ୍ନ ଫ୍ରିକ୍ୱେନ୍ସି |,Low frequency
ନିମ୍ନ ସ୍ତରୀୟ ଭାଷା |,Low level language
କମ୍ କ୍ଷତି ଫିଡର୍ |,Low loss feeder
କମ୍ କ୍ଷତି ନମନୀୟ କୋକ୍ସିଆଲ୍ କେବୁଲ୍ |,Low loss flexible coaxial cable
କମ୍ ଶବ୍ଦ ରିସିଭର୍ |,Low noise receiver
କମ୍ କକ୍ଷପଥଗୁଡ଼ିକ ସାଟେଲାଇଟ୍ |,Low orbitting satellite
କମ୍ ପାସ୍ ଫିଲ୍ଟର୍ |,Low pass filter
କମ୍ ପ୍ରତିକ୍ରିୟାଶୀଳ earting |,Low reactance earthing
ନିମ୍ନ ପ୍ରତିରୋଧ ପଥ |,Low resistance path
ଲୁଗ୍ |,Lug
ଲୁମିନାନ୍ସ |,Luminance
ଗୁଣ୍ଡ,Lumped
ମାକ୍ରୋ ବ୍ଲକ୍ |,Macro block
ମାକ୍ରୋ ସଂଜ୍ଞା,Macro definition
ମାକ୍ରୋ ଦର୍ଶନ |,Macro vision
ଯାଦୁ ଆଖି,Magic eye
ଚୁମ୍ବକ,Magnet
ଚୁମ୍ବକୀୟ କ୍ଷେତ୍ର |,Magnetic field
ଚୁମ୍ବକୀୟ ଫ୍ଲକ୍ସ |,Magnetic flux
ଚୁମ୍ବକୀୟ ପୋଲ |,Magnetic pole
ଚୁମ୍ବକୀୟ storm ଡ |,Magnetic storm
ଚୁମ୍ବକୀୟ ସୁଇଚ୍ |,Magnetic switch
ଚୁମ୍ବକୀୟ ଟେପ୍ |,Magnetic tape
ଚୁମ୍ବକବାଦ,Magnetism
ମେଲ୍ ମିଶ୍ରଣ,Mail merge
ମେଲିଂ ତାଲିକା,Mailing list
ମୁଖ୍ୟ ବାହକ |,Main carrier
ରକ୍ଷଣାବେକ୍ଷଣ,Maintain
ରକ୍ଷଣାବେକ୍ଷଣ,Maintenance
ରକ୍ଷଣାବେକ୍ଷଣ ଦଳ |,Maintenance team
ସଂଖ୍ୟା କିମ୍ବା ପ୍ରତୀକ ସହିତ ଅକ୍ଷର ମଧ୍ଯ ବ୍ୟବହାର କରି,Majority carrier
ଯୋଗାଯୋଗ ରିଲେ କର |,Make contact relay
ମେକ୍-ଏବଂ-ବ୍ରେକ୍ ସୁଇଚ୍ |,Make-and-break switch
ପୁରୁଷ-ସଂଯୋଜକ |,Male-connector
ମଣିଷ ଶବ୍ଦ କଲା |,Man made noise
ପରିଚାଳନା ସୂଚନା ସିଷ୍ଟମ୍ (MIS),Management information system (MIS)
ମନିପ୍ୟୁଲେଟ୍ |,Manipulated
ମାନୁଆଲ୍ ନିୟନ୍ତ୍ରଣ |,Manual control
ମାନୁଆଲ୍ ପଦ୍ଧତି |,Manual method
ସୁରକ୍ଷା ସତର୍କତାର ମାନୁଆଲ୍ |,Manual of safety precaution
ମାନୁଆଲୀ ପରିଚାଳିତ |,Manually operated
ନିର୍ମାତା,Manufacturer
ମାସ୍କ,Mask
ମାସ୍କେ,Maskee
ମାସ୍କର୍,Masker
ମାସ୍କିଂ |,Masking
ମାସ୍କିଂ ଆଚରଣ |,Masking behaviour
ଅଡିଓର ମାସ୍କିଂ ପ୍ରଭାବ |,Masking effect of audio
ମାସ୍କିଂ ସୀମା,Masking threshold
ମାସ୍କିଂ ସ୍ୱର,Masking tone
ମାଷ୍ଟ,Mast
ମସ୍ତଷ୍ଟ ରେଡିଆର୍ |,Mast radiator
ମାଷ୍ଟର ନିୟନ୍ତ୍ରଣ |,Master control
ମାଷ୍ଟର ଓସ୍କିଲାଟିଟି |,Master oscillatror
ମ୍ୟାଚ୍-ପ୍ରତିବନ୍ଧକ |,Match-impedance
ନେଟୱର୍କ ନେଟୱର୍କ ସହିତ ମେଳ ଖାଉଛି |,Matching network
ଷ୍ଟବ୍ ମେଳ |,Matching stub
ଟ୍ରାନ୍ସଫର୍ମର ସହିତ ମେଳ |,Matching transformer
ବସ୍ତୁ-କ୍ରୟ,Material-procurement
ମାଟ୍ରିକ୍ସ,Matrix
ସର୍ବାଧିକକରଣ,Maximization
ସର୍ବାଧିକ ଚାହିଦା ସୂଚକ |,Maximum demand indicator
ସର୍ବାଧିକ ପାୱାର୍ ଘନତା |,Maximum power density
ସର୍ବାଧିକ ସମ୍ବେଦନଶୀଳତା |,Maximum sensitivity
ସର୍ବାଧିକ ତାପମାତ୍ରା,Maximum temperature
ସର୍ବାଧିକ ଉପଯୋଗୀ ଫ୍ରିକ୍ୱେନ୍ସି |,Maximum usable frequency
ସର୍ବାଧିକ ମୂଲ୍ୟ,Maximum value
ବିଫଳତାର ଅର୍ଥ ସମୟ |,Mean time to failure
ଅର୍ଥ ମୂଲ୍ୟ,Mean value
ମାପ ହୋଇଥିବା ସଙ୍କେତ |,Measured signal
ମାପ,Measurement
ଉପକରଣ ମାପିବା |,Measuring device
ଉପକରଣ ମାପିବା |,Measuring equipment
ଯନ୍ତ୍ର ମାପିବା,Measuring instrument
କ୍ଷେତ୍ର ଶକ୍ତିର ଯନ୍ତ୍ର ମାପିବା |,Measuring instrument of field strength
ଟେପ୍ ମାପିବା |,Measuring tape
ଯନ୍ତ୍ରକ .ଶଳ |,Mechanism
ମିଡିଆ ସର୍ଭର |,Media server
ମଧ୍ୟମ,Medium
ମଧ୍ୟମ ଫ୍ରିକ୍ୱେନ୍ସି |,Medium frequency
ମଧ୍ୟମ ଫ୍ରିକ୍ୱେନ୍ସି ତରଙ୍ଗ |,Medium frequency wave
ମଧ୍ୟମ ତରଙ୍ଗ (MW),Medium wave (MW)
ମେଗା-ଓହମ୍ |,Mega-ohm
Megger,Megger
ସ୍ମୃତି,Memory
ଉପକୃତ,Mentoring
ମେନୁ ବାର୍,Menu bar
ମର୍କୁରୀ ସୁଇଚ୍ |,Mercury switch
ମିଶ୍ରଣ,Merging
ବାର୍ତ୍ତା |,Message
ମେଟାଡାଟା |,Metadata
ଧାତୁ-ଅକ୍ସାଇଡ୍ ସେମିକଣ୍ଡକ୍ଟର ଡିଏଚ୍ |,Metal-oxide semiconductor diode
ଧାତୁ-ଶନିବା କେବୁଲ୍ |,Metal-sheathed cable
ମିଟର,Meter
ଭୋଜନର ପ୍ୟାନେଲ୍ |,Metering panel
ମିକା,Mica
ମିକା-ଇନସୁଲେସନ୍ |,Mica-insulation
ମାଇକ୍ରୋ-,Micro-
ମାଇକ୍ରୋ ଉପାଦାନ |,Micro component
ମାଇକ୍ରୋ କମ୍ପ୍ୟୁଟର |,Micro computer
ମାଇକ୍ରୋ-ନିୟନ୍ତ୍ରକ |,Micro-controller
ମାଇକ୍ରୋ-ଇଲେକ୍ଟ୍ରୋନିକ୍ସ |,Micro-electronics
ମାଇକ୍ରୋଫୋନ୍ |,Microphone
ମାଇକ୍ରୋଫୋନିକ୍ସ |,Microphonics
ମାଇକ୍ରୋ ପ୍ରପ୍ସେସନସର,Microprocessor
ମାଇକ୍ରୋ-ଭୋଲ୍ଟ (MV),Micro-volt (mV)
ମାଇକ୍ରୋୱେଭ୍ |,Microwave
ମାଇକ୍ରୋୱେଭ୍ ଆଣ୍ଟେନା |,Microwave antenna
ମାଇକ୍ରୋୱେଭ୍ ବିମ୍ |,Microwave beam
ମଧ୍ୟଭାଗ ବ୍ୟାଣ୍ଡ,Mid-band
ସ୍ଥାନାନ୍ତରଣ,Migration
ସ୍ଥାନାନ୍ତରଣ ପଥ,Migration path
କ୍ଷୁଦ୍ରତା |,Miniature
ମିନିୟରାଇଜଡ୍ |,Miniaturized
ସର୍ବନିମ୍ନ,Minimum
ସର୍ବନିମ୍ନ ତାପମାତ୍ରା |,Minimum temperature
ସର୍ବନିମ୍ନ ବ୍ୟବହାର ଯୋଗ୍ୟ କ୍ଷେତ୍ର ଶକ୍ତି |,Minimum usable field strength
ସଂଖ୍ୟାଲଘୁ ବାହକ |,Minority carrier
ଭୁଲ ବୁ misାନ୍ତୁ |,Miscue
ମିଶ୍ରଣ କରନ୍ତୁ |,Mix
ମିଶ୍ରିତ ବ୍ଲାନକିଙ୍ଗ |,Mixed blanking
ମିଶ୍ରିତ ସିଙ୍କ୍ |,Mixed sync
ମିକ୍ସର୍,Mixer
ମିକ୍ସର୍ ଟ୍ୟୁବ୍ |,Mixer tube
ମିଶ୍ରଣ ଙ୍କ,Mixing
ମିଶ୍ରଣ ସର୍କିଟ |,Mixing circuit
ମିସୋନିକ୍ |,Mnemonic
ମନମୋନିକ୍ସ |,Mnemonics
ମୋବାଇଲ୍ |,Mobile
ମୋବାଇଲ ମଲ୍ଟିମିଡ଼ିଆ ପ୍ରୟୋଗ,Mobile multimedia application
ମୋବାଇଲ ଟିଭି,Mobile TV
ମୋଡ୍,Mode
ବିଫଳତାର ଧାରା |,Mode of failure
ପ୍ରସାର ଧାରା,Mode of propagation
ମଡେଲ୍,Model
ମୋଡେମ୍,Modem
ଆଧୁନିକ FM ଟ୍ରାନ୍ସମିଟର |,Modern FM transmitter
ଆଧୁନିକ ଧାରା,Modern trends
ବିନ୍ୟାସ କରିବାର ମୋଡ୍ |,Modes of configuration
ପରିବର୍ତ୍ତନ କରନ୍ତୁ |,Modify
କ୍ରମାଗତ କ୍ରମାଗତ ତରଙ୍ଗ |,Modulated continuous wave
ମୋଡଲେଡ୍ ସଙ୍କେତ |,Modulated signal
ମୋଡ୍ୟୁଲେଟ୍ ତରଙ୍ଗଫର୍ମ |,Modulated waveform
ମୋଡ୍ୟୁଲେସନ୍,Modulation
ମୋଡ୍ୟୁଲେସନ୍ ଆଡପ୍ଟିଟ୍ |,Modulation amplitude
ମୋଡ୍ୟୁଲେସନ୍ କ୍ଷମତା |,Modulation capability
ମୋଡଲେସନ୍ ଫ୍ରିକ୍ୱେନ୍ସି,Modulation frequency
Modutulation Index,Modulation index
ମୋଡୁଲେସନ୍ ର linc ଖଦତା |,Modulation linearity
ମୋଡ୍ୟୁଲେସନ୍ ମିଟର,Modulation meter
ମୋଡୁଲେସନ୍ ମନିଟର |,Modulation monitor
ମୋଡୁଲେସନ୍ ଶତକଡା,Modulation percentage
ମୋଡ୍ୟୁଲେଟର,Modulator
ମଡ୍ୟୁଲ୍ |,Module
ଆର୍ଦ୍ରତା,Moisture
ମୁକ୍ତି,Momentum
ମନିଟର,Monitor
ମନିଟରିଂ,Monitoring
ମନିଟରିଂ ଏବଂ ବିଶ୍ଳେଷଣ କ ques ଶଳ |,Monitoring and analysis techniques
ମନିଟରିଂ ଏବଂ ନିୟନ୍ତ୍ରଣ କରନ୍ତୁ |,Monitoring and control
ମନିଟରିଂ ଷ୍ଟେସନ |,Monitoring station
ମୋନୋକ୍ରୋମ୍ |,Monochrome
ମୋନୋଫୋଲିକ୍ ଟ୍ରାନ୍ସମିସନ୍ |,Monophonic transmission
ମର୍ଗେଙ୍କ,Morph
ମଠ,Morphing
ମର୍ଫିଜିମ୍,Morphism
ମୋସାକାଲ,Mosaic
ମଦରବୋର୍ଡ |,Motherboard
ଗତି କ୍ଷତିପୂରଣ |,Motion compensation
ଗତି ଆକଳନ |,Motion estimation
ମୋନ୍ ଭେନ୍ଟର୍ |,Motion vector
ଗତି ଭିଡିଓ |,Motion video
ମୋଟର,Motor
ମୋଟର ଅପରେଟର |,Motor operator
ମୋଟର ଷ୍ଟାର୍ଟର୍ |,Motor starter
ମାଉଣ୍ଟ,Mount
ମାଉସ୍,Mouse
ମାଉସ୍ ଇଣ୍ଟରଫେସ୍ |,Mouse interface
ଗତି,Movement
ମଲ୍ଟି ଚ୍ୟାନେଲ୍ ଏକ୍ସଟେନ୍ସନ୍ |,Multi channel extension
ମଲ୍ଟିକାଷ୍ଟିଂ,Multicasting
ମଲ୍ଟିଚାନେଲ୍ ସିଗନାଲ୍ |,Multichannel signals
ବହୁରାଷ୍ଟ୍ରୀୟ ମାଇକ୍ରୋଫୋନ୍ |,Multidirectional microphone
ବହୁଭାଷାର ମନ୍ତବ୍ୟ,Multilingual commentary
ମଲ୍ଟିମିଡ଼ିଆ,Multimedia
ମଲ୍ଟିମିଡ଼ିଆ କିଓସକ୍କ,Multimedia kiosk
ମଲ୍ଟିମିଟର |,Multimeter
ଏକାଧିକ ପଥ,Multipath
ଏକାଧିକସଂକ୍ତି ପୁନ repolation |,Multipath reception
ଚମତ୍କାର,Multiphase
ଏକାଧିକ,Multiple
ଏକାଧିକ ଆକ୍ସେସ୍ ସିଷ୍ଟମ୍ |,Multiple access system
ସ୍ୱତନ୍ତ୍ର-,Multiplex
ସ୍ୱଦଶିଳ,Multiplexer
ସ୍ୱାର୍ଥକ,Multiplexing
ମଲ୍ଟିସେଜ୍ ଆମ୍ପ୍ଲିଫାୟର୍ |,Multistage amplifier
ମଲ୍ଟିଟେକିଙ୍ଗ୍,Multitasking
ମଲ୍ଟିଭାଟି ଆକ୍ଟର୍ |,Multivibrator
ମୂକ,Mute
ମ୍ୟୁଚୁଆଲ୍ ଆଚରଣ |,Mutual conductance
ମ୍ୟୁଚୁଆଲ୍ ପ୍ରତିରୋପଣ |,Mutual impedance
ମ୍ୟୁଚୁଆଲ୍ ଇଣ୍ଡିକାନ୍ସ |,Mutual inductance
ମ୍ୟୁଚୁଆଲ୍ ହସ୍ତକ୍ଷେପ |,Mutual interference
ନାନୋ-ଟେକ୍ନୋଲୋଜି |,Nano-technology
ସଂକୀର୍ଣ୍ଣ ବନ୍ଧନ |,Narrowband
ନାରୀ ବୁ understanding ାନ |,Narrowcasting
ପ୍ରାକୃତିକ ଡ୍ରାଫ୍ଟ |,Natural draft
ନାଭିଗେଟର୍,Navigator
ନକାରାତ୍ମକ,Negative
ନକାରାତ୍ମକ ପକ୍ଷପାତ,Negative bias
ନକାରାତ୍ମକ ଦେୟ |,Negative charge
ନକାରାତ୍ମକ ମତାମତ |,Negative feedback
ନକାରାତ୍ମକ ଶିଖର |,Negative peak
ନକାରାତ୍ମକ ପ୍ରତିରୋଧ |,Negative resistance
ନିଟ୍ ଲାଭ,Net gain
ନିଟ୍ କ୍ଷତି |,Net loss
Netifette,Netiquette
ନେଟୱର୍କ,Network
ନେଟୱାର୍କ ଆନାଲିଜର୍,Network analyzer
ନେଟୱର୍କ ଫାଇଲତନ୍ତ୍ର |,Network file system
ନେଟୱର୍କ ଯୋଜନା,Network planning
ନେଟୱର୍କ ସମାପ୍ତି,Network termination
ନେଟୱର୍କିଙ୍ଗ,Networking
ନିରପେକ୍ଷ |,Neutral
ନିରପେକ୍ଷ କରିବା,Neutralising
ନ୍ୟୁଜ୍ ରୁମ୍ ସ୍ୱୟଂଚାଳିତ |,News room automation
ନିବଲ୍,Nibble
ନାଚେ,Niche
କ laver ଣସି ଭାର ପରୀକ୍ଷା ନାହିଁ |,No load test
ନୋଡ୍,Node
ଶବ୍ଦ,Noise
ଶବ୍ଦ ଚିତ୍ର,Noise figure
ଶବ୍ଦ ଫିଲ୍ଟର୍,Noise filter
ଶବ୍ଦ ଚଟାଣ,Noise floor
ଶବ୍ଦ ଫାଟକ,Noise gate
ଶବ୍ଦ ପ୍ରତିରୋପଣ |,Noise immunity
ଶବ୍ଦ ଘାତକ |,Noise killer
ଶବ୍ଦ ସ୍ତର,Noise level
ଶବ୍ଦ ଶକ୍ତି,Noise power
ଶବ୍ଦ ଶ୍ ipping ୀଜର |,Noise shaping quantizer
ଶବ୍ଦ ଉତ୍ସ,Noise source
ଶବ୍ଦ ଦମନ ସର୍କିଟ୍ |,Noise suppression circuit
ଶବ୍ଦ ଦମନକାରୀ,Noise suppressor
ଶବ୍ଦ ତାପମାତ୍ରା |,Noise temperature
ଶବ୍ଦ ତାପମାତ୍ରା |,Noise temperature
ଶବ୍ଦ ତ୍ରିରଙ୍ଗା |,Noise triangle
ଶବ୍ଦ ଭୋଲଟେଜ୍ |,Noise voltage
ଶବ୍ଦହୀନ |,Noiseless
ଶବ୍ଦହୀନ କୋଡିଂ |,Noiseless coding
କୋଳାହଳପୂର୍ଣ୍ଣ ରିସେପ୍ସନ୍ |,Noisy reception
ନାମମାତ୍ର ସ୍ୱତନ୍ତ୍ର କ୍ଷେତ୍ର ଶକ୍ତି |,Nominal usable field strength
ଅଣ-ନିର୍ଦ୍ଦେଶନାମା ମାଇକ୍ରୋଫୋନ୍ |,Non-direcitonal microphone
ଅଣ-ନିର୍ଗତ ଭାର |,Non-inductive load
ଅଣ-ନିରୀକ୍ଷକ ପ୍ରତିରୋଧ |,Non-inductive resistance
ଅନୁକୂଳ ତରଙ୍ଗ |,Non-sinosoidal wave
ଅଣ-ଅସ୍ଥିର ସ୍ମୃତି |,Non-volatile memory
କିମ୍ବା ଫାଟକ,NOR gate
ସାଧାରଣ ଗତି,Normal speed
ସାଧାରଣ ଯୋଗାଣ |,Normal supply
Etch,Notch
Notch ଫିଲ୍ଟର୍ |,Notch filter
ସାଂଖ୍ୟିକ,Numerical
ସାଂଖ୍ୟିକ ନିୟନ୍ତ୍ରିତ ଓକିଲର୍ |,Numerically controlled oscillator
ବାଦାମ-ବୋଲ୍ଟ |,Nut-bolt
Nyquist- ଶାନନ୍ ଥିଓରେମ୍ |,Nyquist-Shannon theorem
ବସ୍ତୁ-ଆଧାରିତ,Object-oriented
ଅକ୍ଟାଲ୍ |,Octal
ଓକ୍ୱେନ୍ସି ଅଫ୍ ଫ୍ରିକ୍ୱେନ୍ସି |,Octave of frequency
ଅକ୍ଟେଟ୍,Octet
ଅଫ-ଲାଇନ୍ |,Off-line
ଅଫସେଟଗୁଡିକ,Offset
ଓମ୍,Ohm
OHM ମିଟର,Ohm meter
ତେଲ ସର୍କିଟ୍ ବ୍ରେକର୍ |,Oil circuit breaker
ତେଲ ଫିଲ୍ଟର୍,Oil filter
ତେଲ ବୁଡିଗଲା |,Oil immersed
ତେଲ ସ୍ତରୀୟ ଗେଜ୍ |,Oil level gauge
ଓମନି-ଦିଗାଲ୍ ଆଣ୍ଟେନା |,Omni-directional antenna
ଓମନି-ଦିଗାଲ୍ ମାଇକ୍ରୋଫୋନ୍ |,Omni-directional microphone
ଦରକାର ଅନୁସାର,On demand
ଚାହିଦା ଷ୍ଟ୍ରିମିଂ |,On-demand streaming
ଅନ-ଲାଇନ (ଅନଲାଇନ୍),On-line (online)
ଅନଲାଇନ୍ ଆନାଲିଟିକାଲ୍ ପ୍ରକ୍ରିୟାକରଣ |,Online analytical processing
ଚାଲୁ ବନ୍ଦ,On-off
ଅନ୍-ଅଫ୍ କୀ ମଡ୍ୟୁଲେସନ୍ |,On-off keying modulation
ଖୋଲିବା ସର୍କିଟ |,Open circuit
ମୁକ୍ତ ଉତ୍ସ,Open source
ଖୋଲା ସିଷ୍ଟମ୍,Open system
କାର୍ଯ୍ୟ୍କାର ଫ୍ରିକ୍ୱେନ୍ସି |,Operating frequency
ପରିଚାଳନା ପ୍ରଣାଳୀ,Operating system
ଅପରେସନ୍,Operation
ଅପରେଟର୍,Operator
ଅପ୍ଟିକାଲ୍ ଫାଇବର |,Optical fibre
ଅପ୍ଟିକାଲ୍ ଫ୍ରିକ୍ୱେନ୍ସି |,Optical frequency
ଅପ୍ଟିକାଲ୍ ହ୍ରାସ |,Optical reduction
ଅପ୍ଟିକାଲ୍ ରେଜୋଲୁସନ,Optical resolution
ଅପ୍ଟିକାଲ୍ ଟ୍ରାକ୍ |,Optical track
ସର୍ବୋତ୍କୃଷ୍ଟ କାର୍ଯ୍ୟ ଫ୍ରିକ୍ୱେନ୍ସି |,Optimum working frequency
Optocoleler,Optocoupler
OptookeCelections,Optoelectronics
କିମ୍ବା ଫାଟକ,OR gate
କକ୍ଷପଥ,Orbit
ଓସକେଟର,Oscillator
ଓସିଲ୍ଲିଗ୍ରାମ |,Oscillogram
ଓସିଲ୍ଲୋଗ୍ରାଫ୍ |,Oscillograph
ଓସିକେଲୋସକୋପ୍ |,Oscilloscope
ବାହ୍ୟ ଇଣ୍ଟରଲିଭେଭର |,Outer interleaver
ଯାଉଥିବା ଫିଡର୍ |,Outgoing feeder
ଆଉଟପୁଟ୍,Output
ଆଉଟପୁଟ୍ ସ୍ତର,Output level
ଆଉଟପୁଟ୍ ମିଟର,Output meter
ଆଉଟପୁଟ୍ ଟ୍ରାନ୍ସଫର୍ମର |,Output transformer
ଭଲଭ୍ ଭଲଭ୍ |,Output valve
ଆଉଟପୁଟ୍ ତରଙ୍ଗଫର୍ମ |,Output waveform
ବାହ୍ୟ ପ୍ରସାରଣ (OB),Outside broadcast (OB)
ଚୁଲି,Oven
କୁପଲିଂ ଉପରେ,Over coupling
ମୋଡ୍ୟୁଲେସନ୍,Over modulation
ଭୋଲଟେଜ୍ ଉପରେ |,Over voltage
ସାମଗ୍ରିକ ଆଟେନାସନ୍ |,Overall attenuation
ସାଧାରଣ ବ୍ରୋଡକାଷ୍ଟ ନିର୍ଭରଯୋଗ୍ୟତା |,Overall broadcast reliability
ମୋଟାମୋଟି ଦକ୍ଷତା |,Overall efficiency
ସାମଗ୍ରିକ ଗ୍ରହଣ ନିର୍ଭରଯୋଗ୍ୟତା |,Overall reception reliability
ସାମଗ୍ରିକ ପ୍ରତିକ୍ରିୟା |,Overall response
ମୋଟାମୋଟି ସିଷ୍ଟମ୍ |,Overall system
ସମୟସୀମ,Overdubbing
ଓଭରହେଡ୍ ଲାଇନ |,Overhead line
ଓଭରହେଡ୍ ତାର,Overhead wire
ଓଭରଲୋଡ୍ |,Overload
ସୁରକ୍ଷା ଉପକରଣଗୁଡ଼ିକୁ ଓଭରଲୋଡ୍ କରନ୍ତୁ |,Overload protection devices
ଓଭରଲୋଡ୍ ଯାତ୍ରା କରନ୍ତୁ |,Overload trip
ଅତ୍ୟଧିକ ପଡିଛି |,Oversampling
ପ୍ୟାକ୍ ହୋଇଛି |,Packed
ପ୍ୟାକେଟ୍ ସୁଇଚ୍,Packet switching
ରାଜକୋଷୀକରଣ,Packetization
ରାଜକାମା,Packetized
ପ୍ୟାଡ୍,Pad
ଭଡା,Paging
ପାନ୍ ସ୍କ୍ରିନ୍,Pan screen
ପ୍ୟାନେଲ୍ |,Panel
ପ୍ୟାନିଂ,Panning
ପାନୋରାମା,Panorama
ପାରାବୋଲିକ୍ ମାଇକ୍ରୋଫୋନ୍ |,Parabolic microphone
ପାରାଦୀପ ଶିଫ୍ଟ |,Paradigm shift
ବିପରୀତ,Paradox
ସମାନ୍ତରାଳ ପୋର୍ଟ |,Parallel port
ପାରାମିଟର,Parameter
ପରଜୀବୀ କ୍ଷତି |,Parasitic loss
ପରଜୀବୀ ଓଭେନ୍ସନ୍ |,Parasitic oscillation
ପାର୍ସନି ବିଟ୍,Parity bit
ପାର୍ ଦୟା ପରୀକ୍ଷଣ,Parity testing
ପାର୍ସେକ୍,Parsec
ଆଂଶିକ ରେଜୋଲୁସନ |,Partial resolution
ପାସବ୍ୟାଣ୍ଡ |,Passband
ନିଷ୍କ୍ରିୟ,Passive
ପାସ୍ ନେଟୱାର୍କ |,Passive network
ପାସୱାର୍ଡ,Password
ପ୍ୟାଚ୍,Patch
ପ୍ୟାଚ୍ କର୍ଡ |,Patch cord
ପଥ କ୍ଷତି,Path loss
ନମୁନା,Pattern
ପେଲୋଡ୍,Payload
ଶିଖର ଉଚ୍ଚତା |,Peak altitude
ଶିଖର ଆଣ୍ଟୋଡ୍ କରେଣ୍ଟ୍ କରେଣ୍ଟ୍ |,Peak anode current
ଶିଖର ସୀମା,Peak limiter
ପିକ୍ ଲୋଡ୍ |,Peak load
ଶିଖର ମୂଲ୍ୟ,Peak value
ପେକିଂ,Peaking
ଶିଖର-ଟୁ-ଶିଖର ଭୋଲଟେଜ୍ |,Peak-to-peak voltage
ସାଥୀ-ଟୁ-ସାଥୀ |,Peer-to-peer
ବୁଦ୍ଧିମାନ ମଡେଲ |,Perceptional model
ଅନୁଭବ ମଡେଲ,Perceptual model
କାର୍ଯ୍ୟଦକ୍ଷତା,Performance
Perigee,Perigee
ପର୍ଯ୍ୟାୟ ପରୀକ୍ଷା |,Periodic test
ପେରିଫେରାଲ୍ |,Peripheral
ପେରିଫେରାଲ୍ |,Peripherals
Permly,Permeability
ଅନୁମତି,Permittivity
ଫାଣ୍ଟମ୍ ପାୱାର୍ ଯୋଗାଣ |,Phantom power supply
ପର୍ଯ୍ୟାୟ,Phase
ପର୍ଯ୍ୟାୟ ବଣ୍ଟନ ରେଖା |,Phase alteration line
ପର୍ଯ୍ୟାୟ ବ୍ୟବସାୟ,Phase comparator
ପର୍ଯ୍ୟାୟ ବିଳମ୍ବ |,Phase delay
ପର୍ଯ୍ୟାୟ ଭେଦଭାବକାରୀ |,Phase discriminator
ପର୍ଯ୍ୟାୟ ଲକ୍ ଲକ୍ ଫ୍ରିକ୍ୱେନ୍ସି ସାନ୍ତଥେସିଜୀ |,Phase locked loop frequency synthesizer
ପର୍ଯ୍ୟାୟ ମୋଡୁଲେସନ୍ |,Phase modulation
ପର୍ଯ୍ୟାୟ ଓଲଟା |,Phase reversal
ପର୍ଯ୍ୟାୟ ଶିଫ୍ଟ କୀ।,Phase shift keying
କନସୋଲରେ ଫୋନ୍ |,Phone in console
ପ୍ରୋଗ୍ରାମ୍ ରେ ଫୋନ୍ |,Phone in programme
ଶାରୀରିକ ସ୍ତର,Physical layer
ଚିତ୍ରକଳା,Pictorial
ପାଇଜୋଲେକ୍ଟ୍ରିକ୍ |,Piezoelectric
ପାଇଲଟ୍ ଜେନେରେଟର |,Pilot generator
ପାଇଲଟ୍ ସିଗନାଲ୍ |,Pilot signal
ପାଇଲଟ୍ ସ୍ୱର,Pilot tone
ଡକାୟତି,Piracy
ପିଚ୍,Pitch
ପିକ୍ସେଲ |,Pixel
ପିକ୍ସେଲାଇଜେସନ୍,Pixelization
ଉଦ୍ଭିଦ,Plant
ପ୍ଲାସା,Plasma
ପ୍ଲାଟଫର୍ମ |,Platform
ବ୍ୟାକ୍ ଚଲାନ୍ତୁ |,Play back
ଏମ୍ପଲିଫାୟର୍ ଚଲାନ୍ତୁ |,Play back amplifier
ପଛକୁ ଫେରନ୍ତୁ,Play back head
ପ୍ଲେଲିଷ୍ଟ,Playlist
ପ୍ଲେଆଉଟ୍ |,Playout
ପ୍ଲଟର୍,Plotter
ପ୍ଲଗ୍,Plug
ନିମୋଟିକ୍ କଣ୍ଟ୍ରୋଲ୍ ସିଷ୍ଟମ୍ |,Pneumatic control system
ପୋଲାଓରୀସନ,Polarisation
ପୋଲାରିଟିସ୍,Polarity
ବହୁଭୋଗନ୍ |,Polygon
ବହୁଭିନୋମିୟଲ୍ |,Polynomial
ପଲଫୋସି ଫିଲ୍ଟର ବ୍ୟାଙ୍କ |,Polyphase filter bank
ବାରଣ୍ଡା,Porch
ଖଣ୍ଡୀୟ ଶୋଷଦ୍ୱାରା,Porous absorber
ପୋର୍ଟ,Port
ସକରାତ୍ମକ ଶିଖର |,Positive peak
ସିଙ୍କ୍ରୋନାଇଜେସନ୍ ପୋଷ୍ଟ କରନ୍ତୁ |,Post synchronisation
ପୋଟେଣ୍ଟିସିଆର୍ |,Potentiometer
ଶକ୍ତି,Power
ଶକ୍ତି ଏମ୍ପଲିଫାୟର୍ |,Power amplifier
ଶକ୍ତି ମିଶ୍ରଣ |,Power combining
ଶକ୍ତି ବ୍ୟବହାର,Power consumption
ଶକ୍ତି ନିୟନ୍ତ୍ରଣ |,Power control
ଶକ୍ତି ଘନତା |,Power density
ଶକ୍ତି ବଣ୍ଟନ |,Power distribution
ଶକ୍ତି ବିଫଳତା |,Power failure
ଶକ୍ତି ଲାଭ,Power gain
ଶକ୍ତି ସୂଚକ,Power indicator
ଶକ୍ତି ଇଣ୍ଟରଫେସ୍ |,Power interface
ଶକ୍ତି ଯୋଗାଣ,Power supply
ଶକ୍ତି ଯୋଗାଣ- ସ୍କିମମେଟିକ୍ |,Power supply- schematic
ଶକ୍ତି ସୁଇଚ୍ |,Power switch
ଶକ୍ତି ଟ୍ରାନ୍ସଫର୍ମର |,Power transformer
ପୂର୍ବାନର୍ଷୋଗର ପ୍ରଭାବ,Precedence effect
ପୂର୍ବାନୁମାନ କରି ପଡିଛି |,Predictive coding
ପ୍ରି-ଫାଟିସ୍ |,Pre-emphasis
ପ୍ରେ-ମିକ୍ସ,Pre-mix
ପୂର୍ବ-ରେକର୍ଡ କରାଯାଇଛି |,Pre-recorded
ସଂରକ୍ଷଣ,Preservation
ବଟନ୍ ଦବାନ୍ତୁ |,Press button
ଚାପ ପରୀକ୍ଷା,Pressure testing
ପ୍ରାଥମିକ ରଙ୍ଗ,Primary colour
ପ୍ରାଥମିକ କଭରେଜ୍ |,Primary coverage
ପ୍ରାଥମିକ ବହୁବତ୍ତା |,Primitive polynomial
ମୁଦ୍ରିତ ସର୍କିଟ୍ ବୋର୍ଡ (PCB),Printed circuit board (PCB)
ପ୍ରିଣ୍ଟର୍,Printer
ପ୍ରଣାଳୀ,Procedure
ପ୍ରକ୍ରିୟା,Process
ପ୍ରକ୍ରିୟାକରଣ,Processing
ସଞ୍ଚାଳକ,Processor
ପ୍ରୋଫାଇଲ୍,Profile
କାର୍ଯ୍ୟକ୍ରମ ମଲ୍ଟିସିଂ,Program multiplexing
ପ୍ରୋଗ୍ରାମ୍ (ପ୍ରୋଗ୍ରାମ୍),Programme (program)
ପ୍ରୋଗ୍ରାମର,Programmer
ପ୍ରକଳ୍ପ ବ୍ୟବସ୍ଥାପନା,Project management
ପ୍ରବନ୍ଧ,Proliferation
ପ୍ରସାର,Propagation
ରେଡିଓ ତରଙ୍ଗର ପ୍ରସାର |,Propagation  of radio waves
ପ୍ରସାର ବକ୍ର,Propagation curve
ସମ୍ପତ୍ତି,Property
ଆନୁପାତିକ,Proportional
ସୁରକ୍ଷା ଅନୁପାତ,Protection ratio
ପ୍ରତିରକ୍ଷା ରିଲେ |,Protective relay
ପ୍ରୋଟୋକଲ୍,Protocol
ପ୍ରୋଟୋଟାଇପ୍,Prototype
ପ୍ରକ୍ସି ସର୍ଭର |,Proxy server
ସାଇକୋଆକୋଷ୍ଟିକ୍ କୋଡର୍ |,Psychoacoustic coder
ସାଇକୋଆକୋଷ୍ଟିକ୍ ମୋଡ୍ |,Psychoacoustic mode
ସାଇକୋଆକୋଷ୍ଟିକ୍ ମଡେଲ୍ |,Psychoacoustic model
ସାଇକୋଆକୋଷ୍ଟିକ୍ ଘଟଣା |,Psychoacoustic phenomenon
ସାଇକୋଆକୋଷ୍ଟିକ୍ |,Psychoacoustics
ସାଇକୋମେଟଟ୍ରିକ୍ ଚାର୍ଟ |,Psychometric chart
ଜନସାଧାରଣ ଠିକଣା AMPLIFIER |,Public address amplifier
ଜନସାଧାରଣ ବିସ୍ତାରକ,Public broadcaster
ନାଡ,Pulse
ପଲ୍ସ କୋଡ୍ ମୋଡୁଲେସନ୍ |,Pulse code modulation
ନାଡ ଜେନେରେଟର |,Pulse generator
ପଲ୍ସ ମୋଡୁଲେସନ୍ |,Pulse modulation
ପଲ୍ସ ବୃଦ୍ଧି ସମୟ |,Pulse rise time
ନାଡ ଓସାର |,Pulse width
ଦଣ୍ଡିତା କାର୍ଡ |,Punched card
ଘୂର୍ଣ୍ଣଣକାରୀ,Puncturing
ପୁସ୍ ବଟନ୍ |,Push button
ପାୱାର ଏମ୍ପ୍ଲିଫାୟର୍ ପୁସ୍ କରନ୍ତୁ |,Push pull power amplifier
ଚତୁର୍ଦ୍ଦଶ,Quadraphonic
ଉଦ୍ୟାନ,Quadrature
ଗୁଣବତ୍ତା,Quality
ଗୁଣବତ୍ତା ନିୟନ୍ତ୍ରଣ,Quality control
ଗୁଣାତ୍ମକ କାରଣ,Quality factor
ପରିମାଣ,Quantity
ପରିମାଣ,Quantization
ପରିମାଣ ତ୍ରୁଟି |,Quantization error
ପରିମାଣ,Quantizing
ଲିଭର୍,Quenching
ବିକଶିତ ଶକ୍ତି,Radiated power
ବିକିରଣ,Radiation
ବିକିରଣ ଦକ୍ଷତା |,Radiation efficiency
ରେଡିଓ,Radio
ରେଡିଓ କାର୍ଯ୍ୟକଳାପ ବିପଦ |,Radio activity hazards
ରେଡିଓ ଜ୍ୟୋତିର୍ବିଜ୍ଞାନ |,Radio astronomy
ରେଡିଓ ଫ୍ରିକ୍ୱେନ୍ସି |,Radio frequency
ରେଡିଓ ଫ୍ରିକ୍ୱେନ୍ସି (RF) ଡ୍ରାଇଭ୍ |,Radio frequency (RF) drive
ରେଡିଓ ଫ୍ରିକ୍ୱେନ୍ସି (RF) ଫିଡର୍ |,Radio frequency (RF) feeder
ରେଡିଓ ଫ୍ରିକ୍ୱେନ୍ସି (RF) ଓସକିଲର୍ |,Radio frequency (RF) oscillator
ରେଡିଓ ଫ୍ରିକ୍ୱେନ୍ସି (RF) ସଙ୍କାଥେସିଜର୍ |,Radio frequency (RF) synthesizer
ରେଡିଓ ହସ୍ତକ୍ଷେହନୀ |,Radio interference
ରେଡିଓ ଅବସ୍ଥାନ |,Radio location
ରେଡିଓ ନେଟୱାର୍କିଂ (RN) ଚ୍ୟାନେଲ |,Radio networking (RN) channel
ରେଡିଓ ପ୍ରଚାର ମାଧ୍ୟମ |,Radio propagation medium
ରେଡିଓ ରସିଦ |,Radio receiver
ରେଡିଓ ନିୟମାବଳୀ |,Radio regulations
ରେଡିଓ ସିଗନାଲ୍ |,Radio signal
ରେଡିଓ ସ୍ପେକ୍ଟ୍ରମ୍,Radio spectrum
ରେଡିଓ ଟ୍ରାକିଂ,Radio tracking
ରେଡିଓ ଟ୍ରାନ୍ସମିଟର |,Radio transmitter
ରେଡିଓ ତରଙ୍ଗ |,Radio wave
ବ୍ୟାସାର୍ଦ୍ଧ,Radius
ରେମ୍ପ,Ramp
ଅନିୟମିତ |,Random
ଅନିୟମିତ ତଥ୍ୟ |,Random data
ଅନିୟମିତ ତ୍ରୁଟି |,Random error
ଅନିୟମିତ ପରିବର୍ତ୍ତନ |,Random fluctuations
ପରିସର,Range
Raster,Raster
ରାଷ୍ଟର ପ୍ରତିଛବି ଫର୍ମାଟ୍ |,Raster image format
ହାର ନିୟନ୍ତ୍ରଣ,Rate control
ପରିବର୍ତ୍ତନ ହାର,Rate of change
ମୂଲ୍ୟାୟନ କ୍ଷମତା |,Rated capacity
ରେଟେଡ୍ ଘୋଡା ଶକ୍ତି |,Rated horse power
ଶକ୍ତିର ଶକ୍ତିରେ |,Rated power
ମୂଲ୍ୟାୟନ,Rating
R-c coupling,R-C coupling
ପ୍ରତିକ୍ରିୟା,Reactance
ପ୍ରତିକ୍ରିୟା,Reaction
ପ୍ରତିକ୍ରିୟାଶୀଳ ଉପାଦାନ |,Reactive component
ପ୍ରତିକ୍ରିୟାଶୀଳ ଭାର |,Reactive load
ରେଗିଂ ଇଞ୍ଚିଂ |,Reagent etching
ପ୍ରକୃତ ସମୟ ପ୍ରସାରଣ |,Real time transmission
ପୁନରାବୃତ୍ତି,Rebroadcasting
ପ୍ରାପ୍ତକର୍ତ୍ତା |,Receiver
ଆଣ୍ଟେନା ଗ୍ରହଣ କରିବା |,Receiving antenna
ଗ୍ରହଣକାରୀ କେନ୍ଦ୍ର,Receiving centre
ଗ୍ରହଣ,Reception
ଗ୍ରହଣ କରାଯାଇଥିବା ରିପୋର୍ଟ,Reception report
ରିସେପ୍ସନ୍ ସର୍ଭେ |,Reception survey
ପାରସ୍ପରିକ,Reciprocal
ପୁନ struction ନିର୍ମାଣ ଫିଲ୍ଟର,Reconstruction filter
ରେକର୍ଡ ଯୋଗ୍ୟ |,Recordable
ରେକର୍ଡ କରାଯାଇଛି |,Recorded
ରେକର୍ଡର୍,Recorder
ରେକର୍ଡିଂ,Recording
ରେକର୍ଡିଂ ବୁଥ୍ |,Recording booth
ମିଛ କହିବା,Recording head
ଡିସ୍କରେ ରେକର୍ଡିଂ |,Recording on disc
ରେକର୍ଡିଂ ରୁମ୍ |,Recording room
ରେକର୍ଡିଂ ସିଷ୍ଟମ୍,Recording system
ରେକର୍ଡିଂ ଟେପ୍ |,Recording tape
ସଂଶୋଧନ,Rectification
ପୁନ rest ସକ୍ରିୟ ସଙ୍କେତ |,Rectified signal
ପୁନ wectifier,Rectifier
ପୁନ y ବ୍ୟବହାର,Recycle
ଅନାବଶ୍ୟକତା |,Redundancy
ଅନାବଶ୍ୟକ |,Redundant
ଅନାବଶ୍ୟକ ଉପାଦାନ |,Redundant element
ପୁନ-ଇଞ୍ଜିନିୟରିଂ |,Re-engineering
ପୁନ rel- ବୃଦ୍ଧି |,Re-enlargement
ସନ୍ଦର୍ଭ ଫ୍ରିକ୍ୱେନ୍ସି |,Reference frequency
ସନ୍ଦର୍ଭ ମୂଲ୍ୟ |,Reference value
ସ୍ତରୀୟ ସ୍ତର,Reflecting layer
ମାଧ୍ୟମକୁ ପ୍ରତିଫଳିତ କରିବା |,Reflecting medium
ପୃଷ୍ଠଭୂମି,Reflecting surface
ପ୍ରତିଫଳନ,Reflection
ପ୍ରତିଫଳନ,Reflector
ଆଣ୍ଟେନା ପାଇଁ ପ୍ରତିଫଳକ |,Reflector for antenna
ପ୍ରତିଫଳନ,Refraction
ପ୍ରତିକ୍ରିୟାଶୀଳ ସୂଚକାଙ୍କ |,Refractive index
ପ୍ରତିଫଳନ,Refrigeration
ପୁନ el ନିର୍ମାଣ,Regeneration
ପଞ୍ଜିକରଣ କର |,Register
ଭଲଭ୍ ନିୟନ୍ତ୍ରଣ |,Regulating valve
ନିୟମ,Regulation
ନିୟାମକ,Regulator
ନିୟାମକ,Regulatory
ଦୃ for ୀକରଣ,Reinforcement
ପରିଚ,Relational
ଆପେକ୍ଷିକ ଅନୁମତିଗୁଡିକ |,Relative permittivity
ରିଲେ,Relay
ରିଲେ କେନ୍ଦ୍ର |,Relay centre
ରିଲେ ଗୁଟିଙ୍ଗ୍ |,Relay muting
ରିଲେ ଟ୍ରାନ୍ସମିଟର |,Relay transmitter
ପ୍ରକାଶନ,Release
କ vol ଣସି ଭୋଲ୍ଟ ମୁକ୍ତ କରନ୍ତୁ ନାହିଁ |,Release no volt
ନିର୍ଭରଯୋଗ୍ୟତା,Reliability
ନିର୍ଭରଯୋଗ୍ୟ,Reliable
ସୁଦୂର,Remote
ସୁଦୂର ନିୟନ୍ତ୍ରଣ,Remote control
ରିମୋଟ୍ କଣ୍ଟ୍ରୋଲ୍ ଏବଂ ନାଭିଗେସନ୍ ସିଷ୍ଟମ |,Remote control and navigation system
ରିମୋଟ୍ କଣ୍ଟ୍ରୋଲ୍ ୟୁନିଟ୍ |,Remote control unit
ସୁଦୂର ତନ୍ତ୍ରଗୁଡ଼ିକ,Remote system
ଦୂରରୁ ନିୟନ୍ତ୍ରିତ ଉପକରଣ |,Remotely controlled equipment
ପୁନରାବୃତ୍ତି କର,Repeat coil
ରିମୁଟର୍,Repeater
ସ୍ଥାନାନ୍ତର,Replacement
ପୁର୍ଣ୍ଣିକର,Replenishment
ପ୍ରଜନନ,Reproduce
ପ୍ରଜନନ,Reproduction
ପୁନ-ରେକର୍ଡିଂ |,Re-recording
ଅନୁସନ୍ଧାନ ଏବଂ ବିକାଶ,Research and development
ପୁନ et ସେଟ୍ କରନ୍ତୁ |,Reset
ଅବଶିଷ୍ଟ ରେଶଫଲିଂ |,Residual reshuffling
ଅବଶିଷ୍ଟାଂଶ,Residue
ପ୍ରତିରୋଧ,Resistance
ପ୍ରତିରୋଧ ଭାର,Resistance load
ପ୍ରତିରୋଧକ,Resistor
ସମାଧାନ,Resolution
ପର୍ସନ୍,Resonance
ପର୍ସନ୍ ଫ୍ରିକ୍ୱେନ୍ସି |,Resonance frequency
ପରିତ୍ୟନ୍ତ,Resonant
ପର୍ସନ୍ ରେଖା |,Resonant line
ପୁନ on ନିର୍ମାଣକାରୀ |,Resonator
ଉତ୍ସ,Resource
ଉତ୍ସ ଅଂଶୀଦାର,Resource sharing
ପ୍ରତିକ୍ରିୟାଶୀଳ ଅବଧି |,Responding period
ପ୍ରତିକ୍ରିୟା,Response
ପୁନରୁଦ୍ଧାର,Restoration
ଫଳାଫଳ,Resultant
ଅବଧାରଣ,Retention
ପୁନ on ସଂସ୍କୃତି,Retransmission
ପୁନରୁଦ୍ଧାର,Retrieval
ରେଡ୍ରିଭାଲ୍ ଇଞ୍ଜିନ୍ |,Retrieval engine
ପୁନ ry ଚେଷ୍ଟା କର,Retry
ଫେରନ୍ତୁ,Return
ଫେରସ୍ତ ପଥ,Return path
Reverberation,Reverberation
Reverberation ସମୟ,Reverberation  time
ଓଲଟା ପକ୍ଷପାତ ଡାୟୋଡ୍ |,Reverse biased diode
ଓଲଟା କରେଣ୍ଟ୍ |,Reverse current
ଘୂର୍ଣ୍ଣନ,Revolving
ରିଭାଇଣ୍ଡ୍,Rewind
ଆରୋହୀ ଫ୍ୟୁଜ୍ |,Rewirable fuse
ଆରୋଗ୍ୟ କରିବା,Rewiring
ପୁନ rew ଲିଖନଯୋଗ୍ୟ,Rewritable
Rf ଡ୍ରାଇଭ୍ |,RF drive
Rf ଫିଡର୍ |,RF feeder
Rf ବିପଦ,RF hazards
Rf ସୁରକ୍ଷା ଅନୁପାତ,RF protection ratio
R ଥିଷ୍ଟାଟ |,Rheostat
ରିବନ୍,Ribbon
ରିଭେଟ୍ |,Rivet
ରିଭେଟ୍ ଗଣ୍ଠି |,Rivetted joint
ବିଲିଂ କରିବା |,Rivetting
Rn ଚ୍ୟାନେଲ |,RN channel
ରୋବଟ୍ |,Robot
ରୋବୋଟିକ୍ସ |,Robotics
ଗଡ଼,Roll in
ଗଡ଼,Roll out
ମୂଳ,Root
ଘୋର,Rotary
ଘୂର୍ଣ୍ଣନ,Rotation
ମାର୍ଗ,Route
ରାଉଟର,Router
ରୁଟିନ୍ ଅପରେସନ୍ସ |,Routine operations
ରାଉଟିଙ୍ଗ୍,Routing
ସମୟ ଚଲାନ୍ତୁ |,Run time
ସୁରକ୍ଷା ବ୍ୟବସ୍ଥା,Safety arrangement
ସୁରକ୍ଷା ଇଣ୍ଟରଲକ୍ |,Safety interlock
ସାଗ୍,Sag
ଯୁକ୍ତି ବ features ଶିଷ୍ଟ୍ୟଗୁଡିକ,Salient features
ନମୁନା,Sample
ନମୁନା ଏବଂ ସିର୍କିଟ |,Sample and hold circuit
ନମୁନା ଆକାର |,Sample size
ନମୁନା ତଥ୍ୟ |,Sampled data
ନମୁନା,Sampling
ନମୁନା ହାର,Sampling rate
ଦମନ କରିବା,Sampling saturation
ସମ୍ବିଧାନ / ଥିଓରେମ୍ |,Sampling theory/theorem
ଉପଗ୍ରହ,Satellite
ସାଟେଲାଇଟ୍ ଯୋଗାଯୋଗ |,Satellite communication
ସାଟେଲାଇଟ୍ କଭରେଜ୍ |,Satellite coverage
ଉପଗ୍ରହ ଡିଜିଟାଲ୍ ଲିଙ୍କ୍ |,Satellite digital link
ସାଟେଲାଇଟ୍ ହସ୍ତକ୍ଷେପ |,Satellite interference
ଉପଗ୍ରହ ରେଡିଓ |,Satellite radio
ସାଟେଲାଇଟ୍ ରେଡିଓ ଟ୍ରାନ୍ସମିସନ୍ |,Satellite radio transmission
ସାଟେଲାଇଟ୍ ଟ୍ରାନ୍ସମିସନ୍ |,Satellite transmission
ସନ୍ତୁଳିତ ବାୟୁ,Saturated air
ଶ୍ୱରକାରୀ କରେଣ୍ଟ୍ |,Saturating current
ସାଚୁଚରେସନ୍ |,Saturation
ଦାନ୍ତ ତରଙ୍ଗ ଦେଖିଲା |,Saw tooth wave
ମାପନୀୟତା |,Scalability
ସ୍କେଲ,Scale
ଶ୍ୟାମ କାରକ,Scale factor
ମାପକାଠି,Scaling
ସ୍କାନ୍ ହୋଇଥିବା ବିମ୍ |,Scanned beam
ସ୍କାନର୍,Scanner
ସ୍କାନିଂ ଫ୍ରିକ୍ୱେନ୍ସି,Scanning frequency
ସ୍କାନିଂ ରେଖା |,Scanning line
ଛିନ୍ନଭିନ୍ନ କରିବା |,Scattering
ଦୃଶ୍ୟ,Scenario
ନିର୍ଧନର,Scheduler
ସ୍କିମେଟିକ୍ |,Schematic
ସ୍କଟ୍ ମାର୍କର୍ |,Schottkey barrier
Scinttlation,Scintillation
ସ୍କ୍ରାମବ୍ଲର୍ |,Scrambler
ସ୍କ୍ରାମଲିଂ |,Scrambling
ସ୍କ୍ରାପ୍,Scrap
ସ୍କ୍ରାପିଙ୍ଗ୍ |,Scraping
Scratch,Scratch
ସ୍କ୍ରିନ୍,Screen
ସ୍କ୍ରିନ୍ ଜଳିବା |,Screen burn
ସ୍କ୍ରିନ୍ ବାଇପାସ୍ |,Screen bypass
ସ୍କ୍ରିନ୍ ସାମ୍ପ୍ରତିକ |,Screen current
ସ୍କ୍ରିନ୍ ଗ୍ରୀଡ୍ |,Screen grid
ସ୍କ୍ରିନ୍ ସେଭର୍ |,Screen saver
ସ୍କ୍ରିନିଡ୍ କେବୁଲ୍ |,Screened cable
ପରଦା,Screening
ସ୍କ୍ରୋଲ୍ |,Scroll
ସ୍କ୍ରୋଲ୍ ବାର୍ |,Scroll bar
ସ୍କ୍ରୋଲିଂ |,Scrolling
ଖୋଜିବା ଯନ୍ତ୍ର,Search engine
ଦ୍ secondary ିତୀୟ,Secondary
ମାଧ୍ୟମିକ ସେଲ୍,Secondary cell
କ୍ଷେତ୍ର,Sector
ବିଭାଗ,Segment
ଆତ୍ମ ନିଦାନ,Self diagnostic
ସେମିକଣ୍ଡକ୍ଟରକ୍ଟର |,Semiconductor
ପ୍ରେରକ,Sender
ସମ୍ବେଦନଶୀଳତା,Sensitivity
ସେନସର |,Sensor
କ୍ରମ |,Sequence
କ୍ରମିକ,Serial
କ୍ରମିକ ପ୍ରବେଶ,Serial access
କ୍ରମିକ ପୋର୍ଟ,Serial port
କ୍ରମସନ୍ତାନ୍ସ |,Series resonance
ସର୍ଭର,Server
ସେଟଅପ୍,Setup
ଛାୟା,Shading
ଛାୟା,Shadow
ଶାନନଙ୍କ ଥିଓରେମ୍ |,Shannon’s theorem
ଶୋପିଂ,Shaping
ଅଂଶୀଦାର,Shareware
ଖଣ୍ଡ,Sheath
ଶିଫ୍ଟ,Shift
ସ୍ଥାନାନ୍ତର,Shifting
Shock ଟକା,Shock
ସର୍ଟ ସର୍କିଟ |,Short circuit
ସଂକ୍ଷିପ୍ତ ସର୍କିଟ୍ ପରୀକ୍ଷା |,Short circuit test
ସଂକ୍ଷିପ୍ତ ତରଙ୍ଗ |,Short wave
ସଂକ୍ଷିପ୍ତ ତରଙ୍ଗ କେନ୍ଦ୍ର |,Short wave centre
ସର୍ଟକଟ୍,Shortcut
ବନ୍ଦ କର,Shutdown
ବନ୍ଦ ସଙ୍କେତ,Shutdown signal
ପାର୍ଶ୍ୱ ବ୍ୟାଣ୍ଡ,Side band
ପାର୍ଶ୍ୱ ବ୍ୟାଣ୍ଡ ଶକ୍ତି |,Side band power
ସଙ୍କେତ,Signal
ସଙ୍କେତର ପ୍ରଶସ୍ତତା |,Signal amplitude
ସଙ୍କେତ ପ୍ରବାହର ଗ୍ରାଫ୍ |,Signal flow graph
ସଙ୍କେତ ଜେନେରେଟର |,Signal generator
ସଙ୍କେତ ଆଲୋକ,Signal light
ସଙ୍କେତ ରୁଟିବା |,Signal routing
ସଙ୍କେତ ଶକ୍ତି,Signal strength
ଟକ୍ ଅନୁପାତ ଅତିକ୍ରମ କରିବାକୁ ସଙ୍କେତ |,Signal to cross talk ratio
ଶବ୍ଦ ଅନୁପାତ ପାଇଁ ସଙ୍କେତ |,Signal to noise ratio
ମରାମତି ଶବ୍ଦ ଅନୁପାତକୁ ସଙ୍କେତ |,Signal to unweighted noise ratio
ସଙ୍କେତ ଏବଂ ସୁଇଚ୍ କରିବା |,Signalling and switching
ବିଟ୍ ସିଗନାଲ୍,Signalling bit
ଗୁରୁତ୍ୱପୂର୍ଣ୍ଣ ପାର୍ଶ୍ୱଗୁଡିକ |,Significant sidebands
ସିମ୍ପଲେକ୍ସ,Simplex
ଅନୁକରଣ,Simulation
ସିମୁଲେଟର,Simulator
ସିମୁକା ଦୃଶ୍ୟ,Simulcast
ଏକକାଳୀନ ମାସ୍କିଂ |,Simultaneous masking
ସାଇନ୍ସ ଉପାଦାନ |,Sine component
ସିନ୍ ତରଙ୍ଗ |,Sine wave
ଏକ ଫ୍ରିକ୍ୱେନ୍ସି ନେଟୱାର୍କ |,Single frequency network
ଏକକ ପର୍ଯ୍ୟାୟ ମୋଟର |,Single phase motor
ସାଇଟ୍ |,Site
ସାଇଟ୍ ଲେଆଉଟ୍ ଯୋଜନା |,Site layout plan
କୁଶଳୀ ଅପରେଟର |,Skilled operator
ଦୂରତା ଛାଡିଦିଅ |,Skip distance
ଆକାଶ ତରଙ୍ଗ |,Sky wave
ଆକାଶ ତରଙ୍ଗ ପ୍ରସାର |,Sky wave propagation
ଅଳ୍ଡ଼ା,Slab
ସ୍ଲାଣ୍ଟ ପଥ,Slant path
ସ୍ଲଟ୍,Slot
ସ୍ମାର୍ଟ କାର୍ଡ |,Smart card
ସୋଡିୟମ୍ ବାଷ୍ପ ପ୍ରଦୀପ |,Sodium vapour lamp
ସଫ୍ଟ କି,Soft key
ସଫ୍ଟୱେର୍,Software
ସ ar ର କାର୍ଯ୍ୟକଳାପ |,Solar activity
ସୌର ଶକ୍ତି,Solar energy
ସ ar ର ଜ୍ୟାକ |,Solar flares
ସ olar ର ଚାଳିତ |,Solar powered
କଠିନ ଅବସ୍ଥା |,Solid state
କଠିନ ରାଜ୍ୟ ସଂରକ୍ଷଣ |,Solid state storage
କଠିନ ରାଜ୍ୟ ଟ୍ରାନ୍ସମିଟର |,Solid state transmitter
ସର୍ଟ କରନ୍ତୁ |,Sort
ଶବ୍ଦ,Sound
ଧ୍ୱନି ଅବଶୋଷଣ,Sound absorption
ଧ୍ୱନି ସନ୍ତୁଳନ |,Sound balance
ଧ୍ୱନି ଡିଟେକ୍ଟର |,Sound detector
ଶବ୍ଦ ମିକ୍ସର୍ |,Sound mixer
ଶବ୍ଦ ଦୃଷ୍ଟିକୋଣ |,Sound perspective
ଶବ୍ଦ ଶକ୍ତି,Sound power
ଶବ୍ଦ ପ୍ରମାଣ,Sound proof
ଶବ୍ଦ ରେକର୍ଡିଂ |,Sound recording
ଶବ୍ଦ ପ୍ରତିଫଳନ,Sound reflection
ସାଉଣ୍ଡ ଟ୍ରାନ୍ସମିସନ୍ ନଷ୍ଟ |,Sound transmission loss
ଉତ୍ସ,Source
ଉତ୍ସ ଏନକୋଡର୍ |,Source encoder
ସ୍ଥାନ,Space
ସ୍ପେସ୍ ବିବିଧତା |,Space diversity
ସ୍ପେସ୍ ଟେଲକାସିଂ |,Space telecasting
ସ୍ପେସ୍ ତରଙ୍ଗ |,Space wave
ବ୍ୟବଧାନ,Spacing
Spam,Spam
Spaminging,Spamming
ସ୍ପାନ୍,Span
ଖାଲି ବିଟ୍,Spare bit
ଖର୍ଚ୍ଚ କରିଛନ୍ତି |,Spares
ଛଡ଼ାଇବା,Sparking
ସ୍ଥାନଟି,Spatial
ସ୍ଥାନିକ ପ୍ରଭାବ,Spatial effect
ସ୍ଥାନିକ ଅନାବଶ୍ୟକତା |,Spatial redundancy
ବିଶେଷ ପ୍ରଭାବ,Special effect
ବିଶେଷ ପ୍ରଭାବ ଏମ୍ପଲିଫାୟର୍ |,Special effects amplifier
ବିଶେଷକରଣ,Specialization
ନିର୍ଦ୍ଦିଷ୍ଟକରଣ,Specification
ସ୍ପେକ୍ଟ୍ରାଲ୍ ଅବଶୋଷଣ |,Spectral absorption
ସ୍ପେକ୍ଟାଲ୍ ବ୍ୟାଣ୍ଡ ନକଲ |,Spectral band replication
ସ୍ପେକ୍ଟାଲ୍ ବଣ୍ଟନ |,Spectral distribution
ସ୍ପେକ୍ଟାଲ୍ ଅନାବଶ୍ୟକତା |,Spectral redundancy
ସ୍ପେକ୍ଟ୍ରୋଫୋଟୋମିଟର |,Spectrophotometer
ସ୍ପେକ୍ଟ୍ରୋସ୍କୋପ୍ |,Spectroscope
ସ୍ପେକ୍ଟ୍ରମ୍,Spectrum
ସ୍ପେକ୍ଟ୍ରମ୍ରମ୍ ଆନାଲିଜର୍ |,Spectrum analyzer
ସ୍ପେକ୍ଟ୍ରମ୍ ଶୋପିଂ |,Spectrum shaping
ବକ୍ତବ୍ୟ ଆରିକିକ୍ୟୁଲେସନ୍,Speech articulation
ବକ୍ତବ୍ୟ ଚ୍ୟାନେଲ |,Speech channel
ବକ୍ତବ୍ୟ ସଙ୍କୋଚନ |,Speech compression
ବକ୍ତବ୍ୟ ଏନକୋଡିଂ |,Speech encoding
ବାଣୀ ଚିହ୍ନିବା,Speech recognition
ସ୍ପିନ୍,Spin
Spiral,Spiral
ସ୍ପ୍ଲୋର୍ସିଂ |,Splicing
ସ୍ପ୍ଲିଟର,Splitter
Spol,Spool
Sporadic,Sporadic
ସ୍ପଟ୍ ବିମ୍ |,Spot beams
ସିଟ୍ ବିସ୍ତାର କରନ୍ତୁ |,Spread sheet
ଭ୍ରାନ୍ତ ଏବଂ ହରମୋନିକ୍ ବିକିରଣ |,Spurious and harmonic radiation
ଭେଦଲ ପାର୍ଶ୍ୱ ବାରମ୍ବାର |,Spurious sideband frequencies
ଭିଡିଓ ଚିପିଦେଲା |,Squeezed video
ଷ୍ଟାପ୍ କରିବା |,Stamping
ଷ୍ଟାଣ୍ଡାର୍ଡ ସଫ୍ଟୱେର୍ |,Standard software
ମାନକ,Standardization
ସମର୍ଥନ,Standby
ଷ୍ଟାଣ୍ଡବାଇ ଉପକରଣ |,Standby equipment
ଠିଆ ହୋଇଥିବା ତରଙ୍ଗ |,Standing wave
ଠିଆ ହୋଇଥିବା ତରଙ୍ଗ ଅନୁପାତ |,Standing wave ratio
ଟର୍କ ଆରମ୍ଭ କରିବା |,Starting torque
ଷ୍ଟାର୍ଟ-ଷ୍ଟପ୍ |,Start-stop
ପରିସଂଖ୍ୟାନ,Static
ପରିସଂଖ୍ୟାନ ପଦ୍ଧତି |,Statistical method
ସ୍ଥିତି,Status
ସ୍ଥିତି ସୂଚକ,Status indication
ସ୍ଥିର,Steady
ଷ୍ଟେରିଓ,Stereo
ଷ୍ଟେରିଓ ସନ୍ତୁଳନ |,Stereo balance
ଷ୍ଟେରିଓ ଏନକୋଡର୍ |,Stereo encoder
ଷ୍ଟେରିଓ ଜେନେରେଟର |,Stereo generator
ଷ୍ଟେରିଓ ମୋଡ୍ |,Stereo mode
ଷ୍ଟେରିଓ ଟ୍ରାନ୍ସମିସନ୍ |,Stereo transmission
ଷ୍ଟେରିଓଫୋନିକ୍ ଧ୍ୱନି ପ୍ରଜନନ |,Stereophonic sound reproduction
ଷ୍ଟେରିଓଫୋନୀ |,Stereophony
ଷ୍ଟେରିଓସ୍କୋପି |,Stereoscopy
ତଥାପି ଚିତ୍ର,Still picture
ଉତ୍ସାହ,Stimulus
ଷ୍ଟପବ୍ୟାଣ୍ଡ |,Stopband
ସଂରକ୍ଷଣ,Storage
ସଂରକ୍ଷଣ ବ୍ୟାଟେରୀ କୋଠରୀ |,Storage battery room
ସଂରକ୍ଷଣ ଉପକରଣ,Storage device
ଷ୍ଟ୍ରାଟୋସପେରେଜେରେ,Stratosphere
ପ୍ରବାହିତ,Streaming
ବିସ୍ତାର,Stretch
ଷ୍ଟ୍ରିଙ୍ଗ,String
ଗଠନମୂଳକ,Structured
ଷ୍ଟୁଡିଓ ବ୍ଲକ୍ |,Studio block
ଷ୍ଟୁଡିଓ ସେଣ୍ଟର୍ |,Studio centre
ଷ୍ଟୁଡିଓ ଲାଇଟ କରିବା |,Studio lighting
ଷ୍ଟୁଡିଓ ମନିଟର |,Studio monitors
ଷ୍ଟାଇଲସ୍,Stylus
ସବ୍ ବ୍ୟାଣ୍ଡ ଏନକୋଡିଂ |,Subband encoding
ସବବ୍ୟାଣ୍ଡ ମାସ୍କିଂ |,Subband masking
ସବବ୍ୟାଣ୍ଡ ନମୁନାଗୁଡିକ |,Subband samples
ସବନେଟ,Subnet
ଅଭିଶାପ,Subsampling
ଗ୍ରାହକ |,Subscriber
ହଠାତ୍ ଆଇଓନୋସେପ୍ର୍ ବ୍ୟାଘାତ |,Sudden ionosphere disturbance
ସନ୍ ସ୍ପଟ୍ କାର୍ଯ୍ୟକଳାପ |,Sun spot activity
ସୁପର ପାୱାର୍ ଟ୍ରାନ୍ସମିଟର |,Super power transmitter
ସୁପର ନମେଲିଙ୍ଗ୍ |,Super sampling
ସୁପର ସକେଟ୍ |,Super socket
ସୁପରହିଟ୍ ବାଷ୍ପ |,Superheated vapour
ସୁପରହିଟେରାଇଜ୍ |,Superheterodyne
ସୁପରହିଟ୍ ରେଡର୍ କନଭର୍ଟର |,Superheterodyne converter
ସୁପରହିଟ୍ ରେଡିନ୍ ରିସିଭର୍ |,Superheterodyne receiver
ସୁପରମାସିଡ୍ (କରେଣ୍ଟ),Superimposed (current)
ସୁପିର୍ସିଂସନନ୍,Superimposition
ସୁପ୍ୟୁପସନ୍,Superposition
ସୁପରସୋନିକ୍ |,Supersonic
ଯୋଗାଣ ନଳୀ |,Supply duct
ଦମନ ଗ୍ରୀଡ୍,Suppression grid
ଭୂପୃଷ୍ଠ ଶବ୍ଦ,Surface noise
ଭୂପୃଷ୍ଠ ତରଙ୍ଗ |,Surface wave
ସର୍ଫିଙ୍ଗ୍,Surfing
ସର୍ଜନ,Surge
ଆଖପାଖ,Surroundings
ସଂଗୃହିତ,Susceptance
ସ୍ଥଗିତତା,Susceptibility
ନିଲମ୍ବିତ |,Suspended
ଅଦଳବଦି,Swap
Sapep ସର୍କିଟ୍ |,Sweep circuit
ସୁଇଚ୍,Switch
ସୁଇଚ୍ ବୋର୍ଡ,Switch board
ନିୟନ୍ତ୍ରଣ ୟୁନିଟ୍ ଉପରେ ସୁଇଚ୍ କରନ୍ତୁ |,Switch on control unit
ସୁଇଚ୍,Switching
ପ୍ରତୀକ ହାର,Symbol rate
ସମୃଦ୍ଧ,Symmetrical
ସିଙ୍କ୍ (ସିଙ୍କ୍ରୋନସ୍),Sync (synchronous)
ସିନ୍ଙ୍କ୍ ପଲ୍ସ |,Sync pulse
ସିଙ୍କ ସ୍ଥାନାନ୍ତର |,Sync transfer
ସିଙ୍କ୍ରୋନାଇଜେସନ୍,Synchronization
ସିଙ୍କ୍ରୋନାଇଜ୍ |,Synchronized
ସିଙ୍କ୍ରୋନସ୍,Synchronous
ସିଙ୍କ୍ରୋନୋସସ୍ ମୋଟର |,Synchronous motor
Sionnergic,Synergic
ସିନିମ୍ଟିକ୍ |,Synergistic
ସିନର୍ଜି,Synergy
ସିନଫାକ୍ଟିକ୍,Syntactic
ବାକ୍ୟବିନ୍ୟାସ,Syntax
ବାକ୍ୟବିନ୍ୟାସ ତ୍ରୁଟି |,Syntax error
ସିନ୍ଥେସିଜର,Synthesizer
ସିନ୍ଥେସିଜ୍ କାର୍ଡ |,Synthesizer cards
ସିଷ୍ଟମ୍,System
ସିଷ୍ଟମ୍ପରଦ୍ଧତା |,System architecture
ସିଷ୍ଟମ୍ ଡିଜାଇନ୍ |,System design
ସିଷ୍ଟମ୍ ମେନୁ |,System menu
ଟ୍ୟାଗ୍ |,Tag
ଜବାବ୍ ଦେବା,Talk back
ଟେପ୍,Tape
ଟେପ୍ ରେକର୍ଡର୍ |,Tape recorder
ଟେପ୍ କାଟିଙ୍ଗ୍ |,Tape slicing
ଟେପରେଡ୍ |,Tapered
ଲକ୍ଷ୍ୟ,Target
ଶୁଳ୍କ,Tariff
ଟାସ୍କ ବାର୍ |,Task bar
ଯାନ୍ତ୍ରିକ |,Technical
ଯାନ୍ତ୍ରିକ ଚ୍ୟାଲେଞ୍ଜ |,Technical challenge
ଯାନ୍ତ୍ରିକ ବ features ଶିଷ୍ଟ୍ୟଗୁଡିକ |,Technical features
ଯାନ୍ତ୍ରିକ ନିର୍ଦ୍ଦେଶାବଳୀ |,Technical guidelines
ଯାନ୍ତ୍ରିକ ପାରାମିଟର,Technical parameter
ଯାନ୍ତ୍ରିକ ଗୁଣ,Technical quality
ଯାନ୍ତ୍ରିକ ସ୍ନାଗ୍,Technical snag
କ techni ଶଳ |,Technique
ବ techn ଷୟିକ ପ୍ରତିବନ୍ଧକ |,Technological constraint
ଟେକ୍ନୋଲୋଜି,Technology
ଟେକ୍ନୋଲୋଜି ମୂଲ୍ୟାଙ୍କନ |,Technology assessment
ଟେଲକାଷ୍ଟିଂ,Telecasting
ଟେଲିକାଇନ୍,Telecine
ଟେଲିଗ୍ରାଫି,Telegraphy
ଟେଲିମେଟିକ୍ସ |,Telematics
ଟେଲିମିଂ,Telemetering
ଟେଲିଫୋନ୍ |,Telephone
ଟେଲି ଟେକ୍ସଟ୍ କରନ୍ତୁ |,Teletext
ଟେଲିଭିଜନ |,Television
ତାପମାତ୍ରା,Temperature
ତାପମାତ୍ରା ନିୟନ୍ତ୍ରଣ |,Temperature control
ସାମୟିକ,Temporal
ସାମାଜିକ ପରିଚାଳନା,Temporal management
ସାମୟିକ ଅନାବଶ୍ୟକତା |,Temporal redundancy
ତନଯ ସକତୀ,Tensile strength
ଟେଣ୍ଟସାକ୍,Tentacle
ଟେରାବାଇଟ୍ (tb),Terabyte (TB)
ଟର୍ମିନାଲ୍,Terminal
ଟର୍ମିନାଲ୍ ଆଡାପ୍ଟରଗୁଡିକ |,Terminal adapters
ଟର୍ମିନାଲ୍ ଉପକରଣ |,Terminal equipment
ସମାପ୍ତ,Terminating
ପ୍ରତିରୋଧକୁ ସମାପ୍ତ କରିବା |,Terminating resistance
ସମାପ୍ତି,Termination
ଟର୍ମିନାଟର,Terminator
ଭୂମି ପ୍ରୋଫାଇଲ୍ |,Terrain profiles
ତୃତୀୟ ପବନ,Tertiary winding
ପରୀକ୍ଷା,Test
ପରୀକ୍ଷା ତଥ୍ୟ,Test data
ପରୀକ୍ଷା ପ୍ରତିଛବି,Test image
ପରୀକ୍ଷା ସଙ୍କେତ,Test signal
ପରୀକ୍ଷକ,Tester
ପରୀକ୍ଷା,Testing
ପରୀକ୍ଷା ଏବଂ ମାପ |,Tests and measurement
ଥର୍ମାଲ୍ ଶବ୍ଦ,Thermal noise
ଥର୍ମାଲ୍ ଓଭରଲୋଡ୍ ରିଲେ |,Thermal overload relay
ଥର୍ମୋନିଅନ୍ ରେକ୍ଟିଫାୟର୍ |,Thermionic rectifier
ଥର୍ମୋକଲ୍,Thermocouple
ଥର୍ମୋମିଟର,Thermometer
ଥର୍ମୋସାଟ,Thermostat
ଥମ୍ବଲ୍ |,Thimble
ଥୋରାଟେଡ୍ ଫିଲାମେଣ୍ଟ |,Thoriated filament
ସୂତା,Thread
ତିନୋଟି ଚରଣ ଯୋଗାଣ |,Three phase supply
ତିନୋଟି ପର୍ଯ୍ୟାୟ ଟ୍ରାନ୍ସଫର୍ମର |,Three phase transformer
ଥ୍ରେସହୋଲ୍ଡ,Threshold
ଗଳା ମାଇକ୍ରୋଫୋନ୍ |,Throat microphone
ଥ୍ରଷ୍ଟ,Thrust
ତୁମର ଅସୀର୍ୟ,Thyratron
ତୁମର,Thyristor
ଟିଲ୍ଟ,Tilt
ଟିମ୍ବ୍ରେ |,Timbre
ସମୟ,Time
ସମୟ ବେସ୍,Time base
ସମୟ କୋଡ଼,Time code
ସମୟ ସ୍ଥିର,Time constant
ସମୟ ବିଳମ୍ବ |,Time delay
ସମୟ ଡୋମେନ୍ |,Time domain
ସମୟ ନମୁନା |,Time sampling
ସମୟ ପ୍ରସାରିତ ସମୟ |,Time stretching
ଟାଇମର୍,Timer
ଆଖ୍ୟା ଦଣ୍ଡିକା |,Title bar
ଏବଂ ଫ୍ରୋ ମୋସନ୍ |,To and fro motion
ସୁଇଚ୍ ଟୋଗଲ୍ କରନ୍ତୁ |,Toggle switch
ଟୋକେନ୍ ରିଙ୍ଗ୍ ନେଟୱାର୍କ |,Token ring network
ସହନଶୀଳତା,Tolerance
ସ୍ୱର ନିୟନ୍ତ୍ରଣ |,Tone control
ସାଧନ ବାର୍ |,Tool bar
ସାଧନଗୁଡ଼ିକ |,Tools
ଦାନ୍ତ,Toothed gearing
ଟପୋଲୋଜି |,Topology
ଟୋରେଡାଲ୍ ୱିଣ୍ଡିଂ |,Toroidal winding
ଟର୍କ,Torque
ସମୁଦାୟ ଗୁଣାତ୍ମକ ପରିଚାଳନ ପରିଚାଳନା (TQM),Total quality management (TQM)
ସମୁଦାୟ,Totalizer
ଦୁର୍ଗ,Tower
ଟ୍ରେସର୍,Tracer
ଅନୁସନ୍ଧାନ,Tracing
ଟ୍ରାକ୍,Track
ବଲ୍ ଟ୍ରାକ୍ କରନ୍ତୁ |,Track ball
ଟ୍ରାକିଂ,Tracking
ଟ୍ରାଫିକ୍ ପରିଚାଳନା,Traffic management
କାରବାର ଫାଇଲତନ୍ତ୍ର |,Transactional file system
ଅନୁବାଦ କରନ୍ତୁ |,Transcode
ଟ୍ରାନ୍ସଡ୍ୟୁସର,Transducer
ଟ୍ରାନ୍ସସିଭର୍ |,Transeiver
ସ୍ଥାନାନ୍ତର ବର୍ଣ୍ଣମାଳା,Transfer characteristics
ସ୍ଥାନାନ୍ତର ସ୍ଥାନ,Transfer function
ଟ୍ରାନ୍ସଫର୍ମର,Transformer
ଟ୍ରାନ୍ସଫର୍ମର ଉତ୍ତେଜନା |,Transformer exciter
ଟ୍ରାନ୍ସଫର୍ମର ଟ୍ରଲି |,Transformer trolley
ଧୀରେ ଗର୍ଜନ,Transient
କ୍ଷଣଜନିତ କୋଡିଂ |,Transient coding
କ୍ଷଣଜନ ତ୍ରୁଟି,Transient error
କ୍ଷତିକରଣ ସୁଇଚ୍ିଂ,Transient switching
ଟ୍ରାନଜିଷ୍ଟର,Transistor
ଅନୁବାଦ,Translation
ଅନୁବାଦକ,Translator
ସଂକ୍ରମଣ,Transmission
ପ୍ରସାରଣ ଇଣ୍ଟରଫେସ୍ |,Transmission interface
ଟ୍ରାନ୍ସମିସନ ରେଖା,Transmission line
ପ୍ରସାରଣ କ୍ଷତି,Transmission loss
ଟ୍ରାନ୍ସମିସନ୍ ଷ୍ଟୁଡିଓ |,Transmission studio
ସ୍ନାନ,Transmitter
ଟ୍ରାନ୍ସମିଟର ନିୟନ୍ତ୍ରକ |,Transmitter controller
ଟ୍ରାନ୍ସମର୍ ରକ୍ଷଣାବେକ୍ଷଣ |,Transmitter maintenance
ଶକ୍ତି ବାହାର କରିବା ଶକ୍ତି ବାହାର କର |,Transmitter out put power
ଆଣ୍ଟେନା ପ୍ରସାରଣ କରୁଛି |,Transmitting antenna
ଆଣ୍ଟେନା ଲାଭ ପଠାଇବା |,Transmitting antenna gain
ଫ୍ରିକ୍ୱେନ୍ସି ଟ୍ରାନ୍ସମିଟ୍ |,Transmitting frequency
ଷ୍ଟେସନ ଟ୍ରାନ୍ସମିଟିଂ |,Transmitting station
ସ୍ଥାନାନ୍ତର,Transponder
ଟ୍ରାପେଟ୍ ଡୋଇଡ୍ |,Trapatt diode
ଭ୍ରମଣ ତରଙ୍ଗ,Travelling wave
ଟ୍ରେଲିସ୍ ଡିକୋଡିଂ |,Trellis decoding
ଟ୍ରେଞ୍ଚ ଏବଂ କଣ୍ଡିଟ୍ |,Trench and conduit
ଟ୍ରିଗର ସର୍କିଟ୍ |,Trigger circuit
ଟ୍ରିମ୍,Trim
ଛେଦନ,Trimming
ତ୍ରିପୋଡ୍,Tripod
ଟ୍ରପୋସଫିସର,Troposphere
ତ୍ରିକୋଣ,Truncation
ସତ୍ୟ ସାରଣୀ |,Truth table
ସନ୍ଧ୍ୟାରେ,Tuned
Tuner,Tuner
Tuninging,Tuning
ଟନେଲ୍ ଡିଏଡ୍ |,Tunnel diode
ଟନେଲିଂ,Tunnelling
ମ୍ୟାନେଜମେଣ୍ଟ ଟର୍ନ୍ ଅନ୍ କରନ୍ତୁ |,Turn around management
ସାରଣୀ,Turn table
ଟ୍ୱିଟର,Tweeter
ମୋଡ଼,Twisted
ଟ୍ୱିଷ୍ଟଡ୍ ଯୋଡି କେବୁଲ୍ |,Twisted pair cable
ଅସନ୍ତୁଳିତ ଅଡିଓ ଲାଇନ୍ |,Unbalanced audio line
ଭୋଲଟେଜ୍ ତଳେ |,Under voltage
ଅଯଥା,Unicasting
ସର୍ବଭାରତୀୟ ଫାଟକ |,Universal gate
ୟୁନିଭର୍ସାଲ୍ ନେଟୱାର୍କ |,Universal network
ଅଣସଂରକ୍ଷିତ ଫିଲ୍ଟର୍ |,Unweighted filter
ଅପ୍ କନଭର୍ଟର |,Up convertor
Uplink,Uplink
ଅପଲୋଡ୍ କରନ୍ତୁ |,Upload
ବ୍ୟବହାର ଯୋଗ୍ୟ କ୍ଷେତ୍ର ଶକ୍ତି |,Usable field strength
ମୂଲ୍ୟ ଯୋଗ କରାଯାଇଛି ସେବାଗୁଡିକ |,Value added services
ଭ୍ୟାକାକ୍ଟର ଡିଏଡ୍ |,Varactor diode
ଭେରିଏବଲ୍,Variable
ଭେରିଏବଲ୍ ଏରାର୍ ସାଉଣ୍ଡ ଟ୍ରାକ୍ |,Variable area sound track
ଭେରିଏବଲ୍ ଡାଟା ହାର ସଙ୍କୋଚନ |,Variable data rate compression
ଭେରିଏବଲ୍ ଗେନ୍ସିଟି ସାଉଣ୍ଡ ଟ୍ରାକ୍ |,Variable density sound track
ଭେରିଏବଲ୍ ଆଉଟପୁଟ୍ ଡାଟା ହାର |,Variable output data rate
ଭେକ୍ଟର,Vector
ଭେକ୍ଟର ପ୍ରତିରୋପଣ ମିଟର |,Vector impedance meter
ଭେକ୍ଟର ନେଟୱାର୍କ ଆନାଲିଜର୍ |,Vector network analyzer
ଆଲୋକର ବେଗ |,Velocity of light
ଭେଣ୍ଟେଡ୍ ବାକ୍ସ,Vented box
ବହୁମୟତା |,Versatility
ସଂସ୍କରଣ,Version
ଭୂଲମ୍ବ ବିମାନ |,Vertical plane
ଭୂଲମ୍ବ ଭାବରେ ପୋଲାରାଇଜଡ୍ |,Vertically polarized
ଭେଷ୍ଟିଗାଏଲ୍ ସାଇଡ୍ ବ୍ୟାଣ୍ଡ (VSB),Vestigial side band (VSB)
କମ୍ପ୍ରେସନ,Vibration
ଭିବୋରୀ,Vibrator
ଭିଡିଓ,Video
ଭିଡିଓ ଏମ୍ପ୍ଲିଫାୟର୍ |,Video amplifier
ଭିଡିଓ ଚେନ୍ |,Video chain
ଭିଡିଓ ବାଦ୍ୟଯନ୍ତ୍ର,Video characteristics
ଭିଡିଓ କୋଡ୍,Video code
ଭିଡିଓ ସଙ୍କୋଚନ,Video compression
ଭିଡିଓ କନଫରେନ୍ସିଂ |,Video conferencing
ଭିଡିଓ ଗ୍ରାଫିକ୍ସ ଆଡାପ୍ଟର |,Video graphics adapter
ଭିଡିଓ ଷ୍ଟ୍ରିମିଂ |,Video streaming
ଭିଡିଓ ସୁଇଚ୍he,Video switcher
ଭ୍ରମଣଗତ,Videography
ଦର୍ଶନ,View
ଦୂରତା ଦେଖିବା |,Viewing distance
ଭର୍ଚୁଆଲ୍,Virtual
ଭର୍ଚୁଆଲ୍ ଠିକଣା,Virtual address
ଭର୍ଚୁଆଲ୍ ଉଚ୍ଚତା |,Virtual height
ଭର୍ଚୁଆଲ୍ ମେମୋରୀ |,Virtual memory
ଭର୍ଚୁଆଲ୍ ବ୍ୟକ୍ତିଗତ ନେଟୱାର୍କ |,Virtual private network
ଭର୍ଚୁଆଲ୍ ବାସ୍ତବତା |,Virtual reality
ଜୀବାଣୁ,Virus
ବିଶୃଙ୍ଖଳା |,Viscosity
ଦୃଶ୍ୟମାନତା |,Visibility
ଦର୍ଶନ,Vision
ଭିଜୁଆଲ୍ ପ୍ରଦର୍ଶନ,Visual display
ଭିଜୁଆଲ୍ ଯାଞ୍ଚ |,Visual inspection
ଭିଜୁଆଲ୍ ରେଡିଓ,Visual radio
ସ୍ୱର ଫ୍ରିକ୍ୱେନ୍ସି,Voice frequency
ଭଏସ୍ ମେଲ୍,Voice mail
IP ଉପରେ ସ୍ୱର,Voice over IP
ରେକର୍ଡିଂ ଉପରେ ସ୍ୱର (Vor),Voice over recording (VOR)
ଅସ୍ଥିର ତରଳ |,Volatile liquid
ଅସ୍ଥିର ସ୍ମୃତି,Volatile memory
ଭୋଲ୍ଟ,Volt
ଭୋଲଟେଜ୍,Voltage
ଭୋଲଟେଜ୍ ନିୟନ୍ତ୍ରିତ ଓକିଲର୍ (vco),Voltage controlled oscillator (VCO)
ଭୋଲଟେଜ୍ ଫ୍ଲାକ୍ୟୁସନ୍ |,Voltage flactuation
ଭୋଲଟେଜ୍ ରେଣ୍ଡ୍ୟୁଲେସନ୍ |,Voltage regulation
ଭୋଲଟେଜ୍ ସାଗ୍,Voltage sag
ଭୋଲଟେଜ୍ ସ୍ପାଇକ୍ |,Voltage spike
ଭୋଲଟେଜ୍ ଷ୍ଟାବିଲିଜର୍ |,Voltage stabilizer
ଭୋଲଟେଜ୍ ଷ୍ଟେଭ୍ ୱେଭ୍ ଅନୁପାତ |,Voltage standing wave ratio
ଭୋଲ୍ଟୋମିଟର,Voltmeter
ଭଲ୍ୟୁମ୍,Volume
ଭଲ୍ୟୁମ୍ ନିୟନ୍ତ୍ରଣ |,Volume control
ଅପେକ୍ଷା କରିବାକୁ,Waiting time
ୱାଟର ମାର୍କିଂ |,Watermarking
ୱାଟ୍ଟ (w),Watt (W)
ୱାଟର ଘଣ୍ଟା |,Watt hour
ୱାଟଲେସ୍ ଉପାଦାନ |,Wattless component
ତରଙ୍ଗ,Wave
ତରଙ୍ଗ ଗତି,Wave motion
ତରଙ୍ଗଫର୍ମ |,Waveform
ତରଙ୍ଗଫ୍ରଣ୍ଟ |,Wavefront
ତରଙ୍ଗ ଗାଇଡ୍,Waveguide
ତରଙ୍ଗଦ eng ର୍ଘ୍ୟ |,Wavelength
ୱେଭଲେଟ୍ |,Wavelet
ୱେବ୍,Web
ୱେବ୍ ବ୍ରାଉଜର୍,Web browser
ୱେବ୍ ପୃଷ୍ଠା |,Web page
ୱେବ୍ ପୋର୍ଟାଲ୍ |,Web portal
ୱେବ୍ ସର୍ଭର |,Web server
ବୁକ୍କ୍ରେିଂ,Webcasting
Webbopipedia |,Webopedia
ୱେବସାଇଟ୍ |,Website
ଓଜନିଆ ଫିଲ୍ଟର |,Weighted filter
ଓଦା ବଲ୍ବ ତାପମାତ୍ରା |,Wet bulb temperature
ଧଳା ଶବ୍ଦ,White noise
ବ୍ୟାପ କୋଣ ଲେନ୍ସ |,Wide angle lens
ବିସ୍ତୃତ କ୍ଷେତ୍ର ନେଟୱାର୍କ |,Wide area network
ସିପ୍ଦ୍ଦ୍ମାଙ୍କନ |,Wideband
ଉଇକିମିଡ଼ିଆ,Wikimedia
ଉଇକିପିଡ଼ିଆନୀୟ |,Wikipedia
ବିଚ୍ଛିନ୍ନ ଡିସ୍କ |,Winchester disk
ୱିଣ୍ଡୋଜ୍ |,Windows
ୱିଣ୍ଡୋଜ୍ ମିଡିଆ ପ୍ଲେୟାର୍ |,Windows media player
ପବନ,Windshield
ତାର,Wire
ବେତାର,Wireless
ବେତାର ପ୍ରସାରଣ,Wireless transmission
ତାର,Wiring
Woofer,Woofer
ଶବ୍ଦ ପ୍ରକ୍ରିୟାକରଣ |,Word processing
ଶବ୍ଦ ସଞ୍ଚାଳକ |,Word processor
କାର୍ଯ୍ୟ ପ୍ରକ୍ରିୟା,Work process
କାର୍ଯ୍ୟ ସ୍ଥାନ,Work space
ୱାର୍କ ଗ୍ରୁପ୍ |,Workgroup
କାର୍ଯ୍ୟଭାରିବାସ,Workload
କର୍ମଶାଳା,Workshop
ୱର୍କଷ୍ଟେସନ୍,Workstation
ବିଶ୍ୱବ୍ୟାପୀ ୱେବ୍ (www),Worldwide web (www)
କ୍ଷତ ରୋଟର୍ |,Wound rotor
ୱୋ ଏବଂ ଫ୍ଲଟର୍ |,Wow and flutter
ତୁମେ ଟ୍ୟୁବ୍ କର |,You tube
ଜେନିଥ୍,Zenith
Zigzag,Zigzag
ଜିପ୍,Zip
ଜିପ୍ ଫାଇଲଗୁଡିକ |,Zip files
ଜିପ୍,Zipped
ଜୋନ୍,Zone
ଜୁମ୍ କରନ୍ତୁ |,Zoom
ଜୁମ୍ ଇନ୍,Zoom in
ଜୁମ୍ ମାଇକ୍ରୋଫୋନ୍ |,Zoom microphone
ଜୁମ୍ ଆଉଟ୍ କରନ୍ତୁ |,Zoom out
ଜୁମ୍ କରିବା,Zooming
