Hindi,Marathi
अपसामान्य,असामान्य
विफलन,गर्भपात
"अपघर्षण, घिसाई",घर्षण
"असंलग्न, अचानक, सहसा, विच्छिन्न",अचानक
निरपेक्ष क्षेत्र सामर्थ्य,परिपूर्ण फील्ड सामर्थ्य
परम ताप,परिपूर्ण तापमान
निरपेक्ष मान,परिपूर्ण मूल्य
"अवशोषित करना, अवशोषण करना",शोषून घ्या
अवशोषण गुणांक,शोषण सह-कार्यक्षम
अवशोषण हानि,शोषण तोटा
"अमूर्त, सारांश, सार, संक्षेप",गोषवारा
त्वरणमापी,एक्सेलरोमीटर
स्वीकृति परीक्षण,स्वीकृती चाचणी
अभिगम,प्रवेश
अभिगम नियंत्रण,प्रवेश नियंत्रण
अभिगम बिंदु,प्रवेश बिंदू
अभिगम काल,प्रवेश वेळ
अभिगम्यता,प्रवेशयोग्यता
संचायक सेल,संचयक सेल
यथार्थता,अचूकता
यथार्थ,अचूक
अवर्णक लेन्स,अ‍ॅक्रोमॅटिक लेन्स
"अम्ल, ऐसिड",आम्ल
अम्लसह,आम्ल पुरावा
अम्लता,आंबटपणा
"पावती द्वयंक, पावती बिट",पावती बिट
ध्वानिक,ध्वनिक
ध्वानिक संचार,ध्वनिक संप्रेषण
ध्वानिक विसरण,ध्वनिक प्रसार
ध्वानिक समकारी,ध्वनिक समतुल्य
"ध्वानिक पुनर्भरण, ध्वानिक पुनर्निवेश",ध्वनिक अभिप्राय
"ध्वानिक फिल्टर, ध्वानिक निस्यंदक",ध्वनिक फिल्टर
ध्वानिक प्रतिबाधा,ध्वनिक प्रतिबाधा
"ध्वानिक आवरण, ध्वानिक प्रच्छादन",ध्वनिक मास्किंग
ध्वानिक षक्ति,ध्वनिक शक्ती
ध्वानिक गुणधर्म,ध्वनिक मालमत्ता
ध्वानिक प्रतिघात,ध्वनिक प्रतिक्रिया
ध्वानिक प्रतिवर्त,ध्वनिक प्रतिक्षेप
ध्वानिक टाइल,ध्वनिक टाइल
ध्वानिक तरंग,ध्वनिक लाट
ध्वानिक अवशोषण गुणांक,ध्वनिक शोषण
ध्वानिक                                                                                                                                                                                                                                                                                                                                                                                                                                                                                                                                                                                                                                                                                                                                                                                                                                                                                                                                                                                                                                                                                                                                                                                                                                                                                                                                                                                                                                                                                                                                                                                                                                                                                                                                                                                                                                                                                                                                                            क्षीणनांक,ध्वनीविषयक क्षीणन स्थिर
ध्वानिक अवमंदन,ध्वनिकी ओलसर
ध्वानिक विलंब लाइन,ध्वनिक विलंब रेखा
ध्वानिक विरूपण,ध्वनिक विकृती
ध्वनि-वाहिनी,ध्वनिक नलिका
ध्वानिक ऊर्जा,ध्वनिक ऊर्जा
ध्वानिक पुनर्निवेश,ध्वनिक अभिप्राय
"ध्वानिक फिल्टर, ध्वानिक  निस्यंदक",ध्वनिक फिल्टर
ध्वानिक प्रतिबाधा,ध्वनीविषयक प्रतिबाधा
ध्वानिक संचरण नियतांक,ध्वनीविषयक प्रसार स्थिर
ध्वानिक प्रतिरोध,ध्वनिक प्रतिकार
ध्वानिकतः रुद्ध,ध्वनिकरित्या इन्सुलेटेड
"ध्वानिकी, ध्वनि विज्ञान",ध्वनिकी
"अधिग्रहण, अर्जन, उपार्जन",संपादन
संक्षिप्त रूप,परिवर्णी शब्द
कार्य क्षेत्र,कृती क्षेत्र
"सक्रियकृत तंतु, सक्रियित तंतु",सक्रिय फिलामेंट
सक्रिय,सक्रिय
सक्रिय क्षेत्र,सक्रिय क्षेत्र
सक्रिय विंडो,सक्रिय विंडो
अनुकूलनीयता,अनुकूलता
"अनुकूलक, अनुकूलित्र",अ‍ॅडॉप्टर (अ‍ॅडॉप्टर)
अनुकूली विभेदी स्पंद कोड मॉडुलन,अ‍ॅडॉप्टिव्ह डिफरेंशनल पल्स कोड मॉड्यूलेशन
"पता पुस्तिका, एड्रेस बुक",अॅड्रेस बुक
"पता बस, एड्रेस बस",अ‍ॅड्रेस बस
"पता विभेदन, एड्रेस विभेदन",पत्ता ठराव
"आसन्न सरणी व्यतिकरण, आसन्न चैनल व्यतिकरण",लगतच चॅनेल हस्तक्षेप
"आसन्न चैनल वरण-क्षमता, आसन्न चैनल चयनात्मकता",लगतच चॅनेल निवड
आसन्न आवृत्ति,समीप वारंवारता
आसन्न आवृत्ति चैनल,समीप फ्रिक्वेन्सी चॅनेल
"आसन्न चित्र वाहक, संलग्न वीडियो वाहक",लगतचे चित्र वाहक
आसन्न ध्वनि वाहक,समीप ध्वनी वाहक
"निकटवतब स्टेशन, निकटवतब केंद्र",समीप स्टेशन
समायोज्य,समायोज्य
समायोज्य संधारित्र,समायोज्य कंडेन्सर
समायोज्य दाब,दबाव समायोजित करणे
समायोजी रिंच,पाना समायोजित करणे
समायोजन,समायोजन
"प्रशासक, नियंत्रक",प्रशासक
उन्नत प्रौद्योगिकी,आधुनिक तंत्रज्ञान
"एरियल (ऐन्टेना), आकाशी, वायव, हवाई",हवाई
एरियल व्यूह,एरियल अ‍ॅरे
"एरियल वर्धक, ऐन्टेना वर्धक",एरियल बूस्टर
ऐन्टेना धारा,एरियल करंट
ऐन्टेना भूसंपर्कक स्विच,एरियल अर्थिंग स्विच
ऐन्टेना दक्षता,हवाई कार्यक्षमता
ऐन्टेना प्रतिबाधा,हवाई प्रतिबाधा
ऐन्टेना प्रेरकत्व,एरियल इंडक्टन्स
ऐन्टेना विद्तरोधी,एरियल इन्सुलेटर
ऐन्टेना भारण कुंडली,एरियल लोडिंग कॉइल
आकाषी फोटोग्राफी,एरियल फोटोग्राफी
ऐन्टेना षक्ति,हवाई शक्ती
आकाशी विकिरण प्रतिरोध,एरियल रेडिएशन रीस्टन्स
ऐन्टेना प्रतिघात,हवाई प्रतिक्रिया
वायुगतिकी,एरोडायनामिक्स
"एजेंसी, अभिकरण",एजन्सी
वायु संपीडक,एअर कॉम्प्रेसर
वायु संधारित्र,एअर कंडेन्सर
वायुशीतित,वातानुकूलित
वायु क्रोडित कुंडली,एअर कोर्ड कॉइल
वातानुकूलन,वातानुकुलीत
ऐल्बीडो,अल्बेडो
"कलन विधि, एल्गोरिथ्म",अल्गोरिदम
एलियासिंग,अलियासिंग
संरेखण,संरेखित
संरेखण,संरेखन
सर्व तरंग एरियल,सर्व वेव्ह एरियल
नियतन,वाटप
"वर्णक्रमीय, वर्णक्रमिक",वर्णमाला
अक्षरांकीय,अल्फान्यूमेरिक
अक्षरांकीय संप्रतीक,अल्फान्यूमेरिक वर्ण
अक्षरांकीय सूचना,अल्फान्यूमेरिक माहिती
प्रत्यावतब धारा (ए सी),वैकल्पिक चालू (ए.सी.)
प्रत्यावर्तन,वैकल्पिक
"प्रत्यावर्तक, प्रत्यावर्तित्र",अल्टरनेटर
"तुंगता, उन्नतांश, शीर्षलंब",समुद्रसपाटीपासूनची उंची
अपभू-तुंगता,अपोजीची उंची
उपभू-तुंगता,पेरिगीची उंची
अव्यावसायिक रेडियो संचार,हौशी रेडिओ संप्रेषण
परिवेश,वातावरण
परिवेश माइक्रोफोन,वातावरण मायक्रोफोन
परिवेशी दशा,वातावरणीय स्थिती
परिवेश प्रकाश व्यवस्था,वातावरणीय प्रकाश
परिवेशी रव,सभोवतालचा आवाज
"परिवेशी ताप, परिवेश ताप",वातावरणीय तापमान
अमरीकी मानक कोड,अमेरिकन मानक कोड
ऐम्पियर,अँपियर
ऐम्पियर मापी,अ‍ॅम्पेअर मीटर
प्रवर्धन,प्रवर्धन
प्रवर्धन गुणक,प्रवर्धन घटक
प्रवर्धक,एम्पलीफायर
प्रवर्धक लब्धि,एम्पलीफायर गेन
प्रवर्धक रव,एम्पलीफायर आवाज
प्रवर्धन उपस्कर,एम्प्लिफाइंग उपकरणे
प्रवर्धन क्लाइस्ट्रॉन,क्लीस्ट्रॉनचे विस्तार
प्रवर्धन एकक,एम्प्लिफाइंग युनिट
"आयाम, कोणांक",मोठेपणा
आयाम विरूपण,मोठेपणा विकृती
आयाम प्रसार,मोठेपणा सहन
आयाम गुणक,मोठेपणा घटक
आयाम सीमक,मोठेपणा मर्यादा
आयाम मॉडुलित,मोठेपणा मॉड्यूलेटेड
आयाम मॉडुलन,मोठेपणा मॉड्यूलेशन
"अनुरूप, एनालॉग",एनालॉग (अ‍ॅनालॉग)
अनुरूप परिपथ,एनालॉग सर्किट
अनुरूप कंप्यूटर,एनालॉग संगणक
अनुरूप रेडियो आवृत्ति चैनल,एनालॉग रेडिओ फ्रिक्वेन्सी चॅनेल
अनुरूप निरूपण,एनालॉग प्रतिनिधित्व
"अनुरूप संकेत, अनुरूप सिगनल",एनालॉग सिग्नल
अनुरूप से अंकीय,डिजिटल टू डिजिटल
अनुरूप-अंकीय परिवर्तक,डिजिटल कन्व्हर्टर टू एनालॉग
अनुरूप वीडियो,एनालॉग व्हिडिओ
"अनुरूप, स–श",समान
अनुरूपता,समानता
विष्लेषण,विश्लेषण
आंकड़ा विष्लेषण,डेटाचे विश्लेषण
विष्लेषी घनत्व,विश्लेषणात्मक घनता
विष्लेषण करना,विश्लेषण
विष्लेषक,विश्लेषक
सहायक उपस्कर,उपकरणे
"ऐन्ड गेट, तथा द्वार, AND गेट",आणि गेट
समांतरण कोण,कोलिमेशनचा कोन
धुवण कोण,ध्रुवीकरणाचा कोन
घूर्णन कोण,रोटेशनचा कोन
ऐंग्स्ट्रम(Å),अँगस्ट्रॉम (Å)
"कोणीय, d¨f.kd",कोनीय
d¨.kh; त्वरण,कोनीय प्रवेग
कोणीय निर्देशांक,कोनीय समन्वय
कोणीय विक्षेपण,कोनीय विक्षेपण
कोणीय परिक्षेपण,कोनीय फैलाव
कोणीय विस्थापन,कोनीय विस्थापन
कोणीय त्रुटि,कोनीय त्रुटी
कोणीय आवृत्ति,कोनीय वारंवारता
कोणीय संवेग,कोनीय गती
कोणीय गति,कोनीय गती
कोणीय वेग,कोनीय गती
"ऐनीमेशन, सजीवन",अ‍ॅनिमेशन
ऐनोड,एनोड
ऐनोड बैटरी,एनोड बॅटरी
ऐनोड अभिलक्षण,एनोड वैशिष्ट्य
ऐनोड परिपथ,एनोड सर्किट
ऐनोड क्षय,एनोड अपव्यय
ऐनोड दक्षता,एनोड कार्यक्षमता
ऐनोड निवेश षक्ति,एनोड इनपुट पॉवर
ऐनोड मॉडुलन,एनोड मॉड्यूलेशन
ऐन्टेना,अँटेना
ऐन्टेना किरणपुंज चौड़ाई,अँटेना बीमविड्थ
ऐन्टेना वर्धक,अँटेना बूस्टर
ऐन्टेना परिवर्तन स्विच,अँटेना चेंजओव्हर स्विच
ऐन्टेना कुंडली,अँटेना कॉइल
"ऐन्टेना विन्यास, ऐन्टेना संरूपण",अँटेना कॉन्फिगरेशन
ऐन्टेना युग्मक,अँटेना कपलर
ऐन्टेना अनुप्रस्थ धुवीय प्रतिरूप,अँटेना क्रॉस ध्रुवीय नमुना
ऐन्टेना धारा,अँटेना करंट
ऐन्टेना दैशिकता लब्धि,अँटेना डायरेक्टिव्हिटी गेन
ऐन्टेना द्वैध संकेतक,अँटेना डुप्लेक्सर
ऐन्टेना प्रभावी क्षेत्र,अँटेना प्रभावी क्षेत्र
ऐन्टेना दक्षता,अँटेना कार्यक्षमता
ऐन्टेना प्रभरण,अँटेना फीड
ऐन्टेना व्याप्ति,अँटेना फूट प्रिंट
ऐन्टेना लब्धि,अँटेना गेन
ऐन्टेना ऊंचाई,अँटेना उंची
ऐन्टेना प्रतिबाधा,अँटेना प्रतिबाधा
ऐन्टेना प्रेरकत्व,अँटेना इंडक्टन्स
ऐन्टेना प्रतिरूप,अँटेना पॅटर्न
"ऐन्टेना द्विसंकेतक, ऐन्टेना द्वियुग्मक",अँटेना प्लेक्सर
ऐन्टेना धुवण,अँटेना ध्रुवीकरण
ऐन्टेना षक्ति,अँटेना पॉवर
ऐन्टेना षक्ति लब्धि,अँटेना पॉवर गेन
ऐन्टेना विकिरण प्रतिरोध,अँटेना रेडिएशन प्रतिरोध
ऐन्टेना प्रतिघात,अँटेना रिएक्टन्स
ऐन्टेना परावर्तक,अँटेना परावर्तक
ऐन्टेना प्रतिरोध,अँटेना प्रतिकार
ऐन्टेना अनुनादी आवृत्ति,अँटेना रेझोनंट वारंवारता
ऐन्टेना अंतरालन,अँटेना स्पेसिंग
ऐन्टेना स्विचन कक्ष,अँटेना स्विचिंग रूम
ऐन्टेना समस्वरक कुंडली,अँटेना ट्यूनिंग कॉइल
ऐन्टेना समस्वरक कुटीर,अँटेना ट्यूनिंग झोपडी
द्वारक,छिद्र
"भूमि उच्च, अपभू",अपोजी
अपभू राकेट,अपोजी रॉकेट
उपकरण,उपकरणे
आभासी,उघड
ऐपलेट (जावा में प्रोग्राम),Let पलेट
"अनुप्रयोग, आवेदन",अर्ज
"आसन्न, लगभग, सन्निकट",अंदाजे
जलीय घोल,जलीय द्रावण
"चाप, आर्क",कंस
"संरचना, स्थापत्यकला, वास्तुकला",आर्किटेक्चर
पुरालेखीय ध्वनि-अभिलेखन अंतरण,ध्वनी रेकॉर्डिंगचे संग्रहण हस्तांतरण
अभिलेखागार; पुरालेख,संग्रहण
अंकगणितीय कोडन,अंकगणित कोडिंग
आर्मेचर,आर्मेचर
"आर्मेचर कुंडलन, आर्मेचर कुंडली",आर्मेचर विंडिंग
"व्यूह, सरणी",रचना
"प्रग्राही, निरोधक",अरेस्टर
सुस्पष्ट उच्चारण,बोलता
शिल्पतथ्य; छविदोष,कलाकृती (= कलाकृती)
आरोहण,चढत्या
अभिमुखता अनुपात,प्रसर गुणोत्तर
समायोजक,असेंबलर
निष्चयन,प्रतिपादन
"समनुदेशन, नियत कार्य",असाइनमेंट
नियतन चैनल,असाइनमेंट चॅनेल
असममित,असममित
अतुल्यकालिक,एसिन्क्रोनस
वायुमंडल,वातावरण
वायुमंडलीय हानि,वातावरणीय नुकसान
वायुमंडलीय रव,वातावरणीय आवाज
वायुमंडलीय दाब,वातावरणीय दबाव
वायुमंडलीय संचरण,वातावरणीय प्रसार
वायुमंडलीय रेडियो तरंग,वातावरणीय रेडिओ-वेव्ह
वायु-वैद्युत् क्षोभ,वातावरण
परमाणु,अणू
परमाणु संरचना,अणु रचना
संलग्नक,संलग्नक
क्षीणन,क्षीणन
क्षीणन हानि,क्षमतेचे नुकसान
ध्वनि तरंग क्षीणन,ध्वनी लहरींचे लक्ष वेधणे
क्षीणकारी,अ‍ॅटेन्युएटर
क्षीणकारी पैड,अ‍ॅटेन्युएटर-पॅड
श्रव्यता देहली,ऑडिबिलिटी थ्रेशोल्ड
श्रव्य,ऐकण्यायोग्य
श्रव्य आवृत्ति,ऐकण्यायोग्य वारंवारता
श्रव्य स्वरक,ऐकण्यायोग्य टोन
श्रव्य स्पेक्ट्रम,ऐकण्यायोग्य-स्पेक्ट्रम
"श्रोतागण, दर्शकगण, श्रोता समुदाय",प्रेक्षक
"श्रव्य, ऑडियो",ऑडिओ
श्रव्य प्रवर्धक,ऑडिओ एम्पलीफायर
श्रव्य विष्लेषक,ऑडिओ विश्लेषक
श्रव्य प्रसारण,ऑडिओ प्रसारण
"श्रव्य केबल, ऑडियो केबल",ऑडिओ केबल
श्रव्य  शृंखला,ऑडिओ साखळी
"श्रव्य कोडेक, श्रव्य कोडक-विकोडक",ऑडिओ कोडेक
श्रव्य संपीडन,ऑडिओ कॉम्प्रेशन
श्रव्य संपीडक,ऑडिओ कॉम्प्रेसर
श्रव्य कंसोल,ऑडिओ कन्सोल
श्रव्य विरूपण,ऑडिओ विकृती
"श्रव्य गतिक सीमा, श्रव्य गतिक परास",ऑडिओ डायनॅमिक श्रेणी
श्रव्य संचिका आरूप,ऑडिओ फाइल स्वरूप
श्रव्य फ्रेम आरूप,ऑडिओ फ्रेम स्वरूप
श्रव्य आवृत्ति प्रवर्धक,ऑडिओ फ्रिक्वेन्सी एम्पलीफायर
श्रव्य आवृत्ति जनित्र,ऑडिओ फ्रिक्वेन्सी जनरेटर
श्रव्य आवृत्ति परास,ऑडिओ वारंवारता श्रेणी
श्रव्य आवृत्ति अनुक्रिया,ऑडिओ वारंवारता प्रतिसाद
श्रव्य सीमक,ऑडिओ लिमिटर
श्रव्य लाइन,ऑडिओ लाइन
श्रव्य मिश्रक,ऑडिओ मिक्सर
श्रव्य मॉडुलन,ऑडिओ मॉड्यूलेशन
"श्रव्य दोलक, श्रव्य दोलित्र",ऑडिओ ऑसीलेटर
श्रव्य निर्गत,ऑडिओ आउटपुट
श्रव्य षक्ति,ऑडिओ पॉवर
श्रव्य गुणवत्ता,ऑडिओ गुणवत्ता
"श्रव्य संकेत, ध्वनि संकेत, ध्वनि सिगनल",ऑडिओ सिग्नल
श्रव्य संकेत प्रक्रमण,ऑडिओ सिग्नल प्रक्रिया
"श्रव्य स्पेक्ट्रम, ध्वनि स्पेक्ट्रम",ऑडिओ स्पेक्ट्रम
श्रव्य भंडारण,ऑडिओ स्टोरेज
श्रव्य (आवृत्ति) उपवाहक,ऑडिओ सब-कॅरियर
श्रव्य रूपांतरक,ऑडिओ ट्रान्सफॉर्मर
श्रव्य प्रेषित्र,ऑडिओ ट्रान्समीटर
–श्य/श्रव्य संपीडन,ऑडिओ/व्हिडिओ कॉम्प्रेशन
श्रव्य आवृत्ति दोलक,ऑडिओ-फ्रिक्वेन्सी ऑसीलेटर
"श्रव्य आवृत्ति संकेत, श्रव्य आवृत्ति सिगनल",ऑडिओ-फ्रिक्वेन्सी सिग्नल
श्रव्यमिति,ऑडिओमेट्री
–ष्य-श्रव्य साधन,ऑडिओ-व्हिज्युअल मदत
श्रवण बोध,श्रवणविषयक समज
"अधिप्रमाणन, प्रमाणीकरण",प्रमाणीकरण
"प्राधिकृत वाहक आवृति, अधिकृत वाहक आवृत्ति",अधिकृत वाहक वारंवारता
"ऑटो कैड, ऑटो CAD",ऑटो कॅड
स्वतः नैदानिकी,ऑटो डायग्नोस्टिक्स
"स्वचल, स्वचालित, स्वतः, स्व",स्वयंचलित
स्वतः नियंत्रण,स्वयंचलित नियंत्रण
स्वतः संसूचन,स्वयंचलित शोध
स्वचालित उपस्कर,स्वयंचलित उपकरणे
स्वतःआवृत्ति नियंत्रण,स्वयंचलित वारंवारता नियंत्रण
स्वचालित सीमक,स्वयंचलित मर्यादा
स्वचालित मशीन,स्वयंचलित मशीन
स्वतः कला नियंत्रण,स्वयंचलित Phasae नियंत्रण
स्वतः चित्र प्रेषण,स्वयंचलित चित्र संप्रेषण
"स्व प्रतिश्रवण, स्व प्रति–श्यण",स्वयंचलित प्लेबॅक
स्वतः षक्ति नियंत्रण,स्वयंचलित उर्जा नियंत्रण
"स्वतःप्रोग्रामन, स्वतः क्रमादेशन",स्वयंचलित प्रोग्रामिंग
स्वतः अभिलेखन,स्वयंचलित रेकॉर्डिंग
स्वतः पुनः स्थापन,स्वयंचलित रीसेट
स्वचालित कपाट,स्वयंचलित शटर
स्वचल तंत्र,स्वयंचलित प्रणाली
स्वचालित टेलीफोन,स्वयंचलित टेलिफोन
स्वतः ताप-नियंत्रण,स्वयंचलित तापमान नियंत्रण
स्वतः वोल्टता नियामक,स्वयंचलित व्होल्टेज नियामक
स्वतः प्रबलता संपीडक,स्वयंचलित व्हॉल्यूम कॉम्प्रेसर
स्वतः प्रबलता नियंत्रक,स्वयंचलित व्हॉल्यूम नियंत्रण
स्वतः प्रबलता विस्तारक,स्वयंचलित व्हॉल्यूम विस्तारक
स्वचालन,ऑटोमेशन
"स्वचालन नियंत्रण, स्वतः नियंत्रण, स्वनियंत्रण",ऑटोमेशन नियंत्रण
स्वतः आवृत्ति नियंत्रक,ऑटोमेशन फ्रिक्वेन्सी कंट्रोलर
सहायक,सहाय्यक
सहायक श्रव्य बस,सहाय्यक ऑडिओ बस
उपलब्ध षक्ति,उपलब्ध शक्ती
"ऐवेलांशी भंग, अवधाव भंग",हिमस्खलन ब्रेकडाउन
"औसत आयु, औसत जीवन",सरासरी जीवन
औसत दाब,सरासरी दबाव
औसत चाल,सरासरी वेग
प्रचक्रण-अक्ष,फिरकीची अक्ष
दिगंश,अजीमुथ
दिगंश कोण,अजीमुथ कोन
दिगंश त्रुटि,अजीमुथ त्रुटी
"पृष्ठ प्रकाश, पश्च प्रकाश",मागे प्रकाश
पश्च प्रक्षेपण,बॅक प्रोजेक्शन
विरोधी वोल्टता,बॅक व्होल्टेज (= रिव्हर्स व्होल्टेज)
विपरीत आर्क,बॅकफायर (आर्क बॅक)
पृष्ठभूमि प्रकाश,पार्श्वभूमी प्रकाश
पृष्ठभूमि रव,पार्श्वभूमी आवाज
पृष्ठभूमि प्रक्षेपण,पार्श्वभूमी प्रोजेक्शन
"बैक-अप, पूर्तिकर, प्रतिपोषक",बॅकअप
"गतिरोधक, व्यारोध, बाधिका",बफल
भर्जन,बेकिंग
संतुलित श्रव्य,संतुलित ऑडिओ
संतुलित श्रव्य लाइन,संतुलित ऑडिओ लाइन
संतुलित संचरण लाइन,संतुलित ट्रान्समिशन लाइन
संतुलन,संतुलन
स्थिरक,गिट्टी
स्थिरण कारक,गिट्टी फॅक्टर
बलून,बालुन
"बैंड, पट्टी",बँड
"बैंड पारक फिल्टर, बैंड पारक निस्यंदक",बँड पास फिल्टर
बैंड वरक,बँड निवडकर्ता
बैंड विपाटन,बँड स्प्लिटिंग
"बैंड वर्जक फिल्टर, बैंड वर्जक निस्यंदक",बँड स्टॉप फिल्टर
बैंड स्विच,बँड स्विच
"पट्टी समस्वरण, बैंड ट्यूनिंग",बँड ट्यूनिंग
"बैंड विस्तार, बैंडविड्थ, बैंड चौड़ाई",बँडविड्थ
"बार, दंड",बार
बार कोड,बार कोड
"बार डाटा, बार आंकड़ा",बार डेटा
खुली पट्टी,बेअर बँड
अनावृत लैम्प,बेअर दिवा
बार्न द्वार,धान्याचे कोठार
आधार बैंड,बेस बँड
आधार बैंड संकेत,बेस बँड सिग्नल
आधार बैंड तंत्र,बेस बँड सिस्टम
आधार विचरक,बेस ब्राउझर
आधार संग्राही संधि,बेस कलेक्टर जंक्शन
आधार विद्युत्रोधी,बेस इन्सुलेटर
"मन्द्रस्वर, बास",बास
मन्द्रस्वर क्षतिपूर्ति,बास भरपाई
मन्द्रस्वर लाउडस्पीकर,बास लाऊडस्पीकर (वूफर)
समूह क्रमवीक्षण,बॅच स्कॅनिंग
बैटरी आवेशन,बॅटरी चार्जिंग
किरण पुंज,तुळई
विस्पंद,बीट
विस्पंद आवृत्ति दोलित्र,बीट फ्रिक्वेन्सी ऑसीलेटर
बेल,बेल
"अभिनति, बायस",पूर्वाग्रह
"बायस परिपथ, अभिनति परिपथ",बायस सर्किट
"अभिनति आवृत्ति, बायस-आवृत्ति",पूर्वाग्रह वारंवारता
बायस वोल्टता,बायस व्होल्टेज
"अग्रबायसित, अग्राभिनत",पुढील दिशेने पक्षपाती
उभयमुखी माइक्रोफोन,द्वि-दिशात्मक मायक्रोफोन
"बिलबोर्ड, विज्ञापन फलक",बिलबोर्ड
बिलबोर्ड अनुप्रयोग,बिलबोर्ड अर्ज
द्विधात्विक अवयव,द्वि-धातूचा घटक
द्विआधारी,बायनरी
द्विआधारी कोडित दशमलव,बायनरी कोडित दशांश
द्विआधारी अंक (बिट),बायनरी अंक (बिट)
द्विआधारी संख्या,बायनरी नंबर
द्विकणब श्रवण,बिनौरल सुनावणी
"द्विनेत्री, बाइनॉक्युलर",दुर्बिणी
"जैवमितीय, जैवमितिक",बायोमेट्रिक
द्विधुवी ट्रांजिस्टर,द्विध्रुवीय ट्रान्झिस्टर
बिट नियतन,बिट वाटप
बिट दर,बिट रेट
श्वेत-श्याम टेलीविजन,काळा आणि पांढरा टीव्ही
"रिक्त, शून्य, विलोप",रिक्त
विलोपन अंतराल,ब्लँकिंग मध्यांतर
विलोपन स्तर,ब्लँकिंग लेव्हल
स्रावी प्रतिरोध,ब्लेडर रेझिस्टन्स
ध्वनिरूद्ध कैमरा,ब्लिम्पेड कॅमेरा
"अंधक चौंध, चकाचौंध",आंधळे चकाकी
टिमटिमाना,डोळे मिचकावणे
टिमटिमाना,डोळे मिचकावणे
ब्लॉक कोड,ब्लॉक कोड
ब्लॉक आरेख,ब्लॉक आकृती
ब्लॉक अंतरापत्र,ब्लॉक इंटरलीव्ह
अवरोधक संधारित्र,कॅपेसिटर अवरोधित करणे
अवरोधक दोलित्र,ऑसीलेटर अवरोधित करणे
प्रफुल्लन,ब्लूम
ब्लो लैम्प,ब्लो दिवा
फूंकनी,ब्लो पाईप
"धौंकनी, ब्लोअर",ब्लोअर
ब्लूटूथ,ब्लूटूथ
कायिक धारिता,बॉडी कॅपेसिटन्स
"बुक मार्क, पृष्ठ स्मृति",बुकमार्क
बूलीय बीजगणित,बुलियन बीजगणित
"बूम, तीव्रवृद्धि",भरभराट
"बढ़ाना; वर्धन, उछाल",चालना
वर्धक,बूस्टर
वर्धक प्रकाश,बूस्टर लाइट
वर्धन,चालना
बूटकरण,बूटिंग
बूटस्ट्रैप,बूटस्ट्रॅप
तलीय प्रकाश,तळाशी प्रकाश
"उच्छलन प्रकाश, प्रस्कन्द प्रकाश",बाउन्स लाइट
"भंग, भंजन",यंत्रातील बिघाड
भंजन वोल्टता,व्होल्टेज खाली करा
सेतु अवयव,पूल घटक
सेतुबद्ध दिष्टकारी,ब्रिज रेक्टिफायर
सेतुबद्ध ‘T’ क्षीणकारी,ब्रिज केलेले ‘टी’ अ‍ॅटेन्युएटर
सेतुबद्ध संरचना,ब्रिज केलेली रचना
सेतुबंधन,ब्रिजिंग
सेतुबंधन प्रवर्धक,ब्रिजिंग एम्पलीफायर
सेतुबंधन हानि,ब्रिजिंग लॉस
"द्युति, दीप्ति",चमक
"द्युति नियंत्रण, दीप्ति नियंत्रण",ब्राइटनेस कंट्रोल
भंगुर,ठिसूळ
भंगुर पदार्थ,ठिसूळ पदार्थ
विस्तृत बैंड,ब्रॉडबँड
विस्तृत बैंड प्रवर्धक,ब्रॉडबँड एम्पलीफायर
"विस्तृत बैंड आई एस डी एन, विस्तृत बैंड ISDN",ब्रॉडबँड आयएसडीएन
विस्तृत बैंड तंत्र,ब्रॉडबँड सिस्टम
प्रसारण एवं संचार प्रौद्योगिकी,प्रसारण आणि संप्रेषण तंत्रज्ञान
प्रसारण व्याप्ति,प्रसारण कव्हरेज
प्रसारण अभिग्राही,ब्रॉडकास्ट रिसीव्हर
प्रसारण सेवा योजना,प्रसारण सेवा नियोजन
प्रसारण प्रेषित्र,ब्रॉडकास्ट ट्रान्समीटर
प्रसारणकर्ता,प्रसारक
प्रसारण,प्रसारण
प्रसारण केंद्र,प्रसारण स्टेशन
खंडित,तुटलेली
"विचरक, ब्राउजर",ब्राउझर
विचरण,ब्राउझिंग
"बुदबुद, बुलबुला",बबल
बफर,बफर
बफर प्रवर्धक,बफर एम्पलीफायर
बफर नलिका,बफर ट्यूब
"दोष, बग",किडा
अंतर्निर्मित ऐन्टेना,अंगभूत अँटेना
"बर्नर, ज्वालक",बर्नर
ज्वलन,बर्निंग
प्रस्फोट त्रुटि,स्फोट त्रुटी
प्रस्फोट निवेशन स्पंद,स्फोट अंतर्भूत नाडी
प्रस्फोट प्रावस्था,स्फोट टप्पा
बस,बस
"व्यापार बोध, व्यापार बुद्धि",व्यवसाय बुद्धिमत्ता
बज़र,बजर
उपमार्ग,पास द्वारे
"उपमार्गन, उपपथन, उपनिकासन",पास करून
उपमार्ग संधारित्र,बायपास कंडेन्सर
उभयनिष्ठ,सी
C+प्रोग्रामन भाषा,सी+प्रोग्रामिंग भाषा
"कैबिनेट, पेटिका",कपाट
केबल,केबल
"केबल यौगिक, केबल कम्पाउंड",केबल कंपाऊंड
"केबल तुल्यकरण, केबल समकरण",केबल समानता
"केबल हानि, केबल दास",केबल तोटा
"कैश, द्रुतिका",कॅशे
द्रुतीकरण,कॅशिंग
कैडमियम सेल,कॅडमियम सेल
परिकलन-यंत्र,गणना मशीन
परिकलन,गणना
परिकलित्र,कॅल्क्युलेटर
"अंशशोधन, अंशांकन",कॅलिब्रेट
कैलिपर्स,कॅलिपर
"ऊष्मामापी, कैलोरीमीटर",कॅलरीमीटर
कैमकॉर्डर (कैमरा+ रिकार्डर),कॅमकॉर्डर
कैमरा,कॅमेरा
कैमरा संरेखण,कॅमेरा संरेखन
कैमरा द्वारक,कॅमेरा छिद्र
कैमरा –श्यक्षेत्र,कॅमेरा कव्हरेज
कैमरा परिसमंजन,कॅमेरा लाइन-अप
कैमरा नलिका,कॅमेरा ट्यूब
"चांदनी, छतरी, वितान",छत
"योग्यता, सामर्थ्य, क्षमता",क्षमता
धारिता,कॅपेसिटन्स
धारिता लोड,कॅपेसिटिव्ह लोड
धारिता प्रतिघात,कॅपेसिटिव्ह रिएक्टन्स
संधारित्र,कॅपेसिटर
संधारित्र निवेश फिल्टर,कॅपेसिटर इनपुट फिल्टर
"क्षमता, धारिता",क्षमता
"संपुटिका, कैप्सूल",कॅप्सूल
"शीर्षक, अनुशीर्षक",मथळा
अधिग्रहण प्रभाव,कॅप्चर इफेक्ट
कार्ड,कार्ड
"हृदयाभ, हृदयाकार",कार्डिओइड
हृदयाभ माइक्रोफोन,कार्डिओइड मायक्रोफोन
वाहक,वाहक
वाहक आवृत्ति,वाहक वारंवारता
वाहक आवृत्ति विस्थापन,कॅरियर फ्रिक्वेन्सी शिफ्ट
वाहक षक्ति,वाहक शक्ती
वाहक संवेद संकेत,कॅरियर सेन्स सिग्नल
वाहक संवेदनशीलता,वाहक संवेदनशीलता
"वाहक पृथकन, वाहक पृथक्करण",वाहक वेगळे
वाहक विस्थापन,कॅरियर शिफ्ट
वाहक अंतराल,कॅरियर स्पेसिंग
वाहक निरोध,वाहक दडपशाही
वाहक तरंग,कॅरियर वेव्ह
काट्रिज,काडतूस
"उत्कीर्णन, नक्काशी",कोरीव काम
"सोपानी पात, सोपानी",कॅसकेड
सोपानी परिपथ,कॅसकेड सर्किट
कैसेट,कॅसेट
ढलवां लोहा,ओतीव लोखंड
ढालना; संचकन,कास्टिंग
सूचीपत्र,कॅटलॉग
"प्रलयकारी व्यतिकरण, प्रलयकारी बाधा",आपत्तीजनक हस्तक्षेप
कैथोड,कॅथोड
कैथोड अनुगामी,कॅथोड अनुयायी
कैथोड प्रतिरोधक,कॅथोड रेझिस्टर
सेलफोन,सेलफोन
सैलुलर,सेल्युलर
केंद्रीय नियंत्रण,केंद्रीय नियंत्रण
केंद्रीय आवृत्ति,मध्यवर्ती वारंवारता
"केंद्रीय प्रक्रिया इकाई, केंद्रीय प्रक्रमण एकक",सेंट्रल प्रोसेसिंग युनिट
केंद्रीकृत डाटाबेस,केंद्रीकृत डेटाबेस
केंद्रीकृत तंत्र,केंद्रीकृत प्रणाली
"सिरेमिक, मृद्भांड",सिरेमिक
कक्ष,खोली
परिवर्तक स्विच,चेंजओव्हर स्विच
"प्रणाल, चैनल",चॅनल
चैनल कोडक,चॅनेल एन्कोडर
"चैनल पृथकन, चैनल पृथक्करण",चॅनेल पृथक्करण
चैनल अंतराल,चॅनेल स्पेसिंग
चैनल स्विचन,चॅनेल स्विचिंग
अभिलाक्षणिक प्रतिबाधा,वैशिष्ट्यपूर्ण प्रतिबाधा
"लक्षण, विशेषता, अभिलक्षण",वैशिष्ट्ये
आवेश वाहक,चार्ज कॅरियर
आवेश घनत्व,शुल्क घनता
आवेशित,शुल्क आकारले
"चार्जक, आवेशक",चार्जर
"चार्जकारी वोल्टता, आवेशन वोल्टता",चार्जिंग व्होल्टेज
"संचित्र, चार्ट",चार्ट
चैसिस,Chasis
"चैट, उन्मुक्त वार्ता, गपशप",गप्पा
चिप,चिप
चोक-कुंडली,चोक कॉइल
चोक निवेश,चोक इनपुट
संकर्तक प्रवर्धक,हेलिकॉप्टर एम्पलीफायर
वर्ण,क्रोमा
वर्ण प्रतिचयन संरचना,क्रोमा सॅम्पलिंग स्ट्रक्चर
"क्रोमिनेंस, वर्णकत्व",क्रोमिनेन्स
"चल-चित्रकी, चलचित्र विज्ञान",सिनेमॅटोग्राफी
परिपथ,सर्किट
परिपथ पट्ट,सर्किट बोर्ड
परिपथ विच्छेदक,सर्किट ब्रेकर
परिपथ अवयव,सर्किट घटक
परिपथ स्विचन,सर्किट स्विचिंग
परिपथिकी,सर्किटरी
"वर्तुल गति, वृत्तीय गति",परिपत्रक गती
वृत्तीय धुवण,परिपत्रक ध्रुवीकरण
वृत्तीय उपग्रह कक्षा,परिपत्रक उपग्रह कक्षा
वृत्तीय वेग,परिपत्रक वेग
वृत्तीयतः धुवित ऐन्टेना,परिपत्रक ध्रुवीय अँटेना
वृत्तीयतः धुवित संचरण,परिपत्रक ध्रुवीकरण ट्रान्समिशन
परिसंचारक,फिरणारा
आवरण,क्लेडिंग
"शिकंजा, क्लैम्प",क्लॅम्प
"बंधन-परिपथ, क्लैम्पन परिपथ",क्लॅम्पिंग सर्किट
"ए वर्ग प्रचालन, A वर्ग प्रचालन",वर्ग ए ऑपरेशन
"सी वर्ग समस्वरित प्रवर्धक, C वर्ग समस्वरित प्रचालन",वर्ग सी ट्यून केलेले एम्पलीफायर
उत्सर्जन वर्ग,उत्सर्जन वर्ग
चिरसम्मत भौतिकी,शास्त्रीय भौतिकशास्त्र
वगबकरण,वर्गीकरण
शोधन मार्जक,क्लीनिंग एजंट
"अपमार्जित, अपमार्जन",स्पष्ट
अपमार्जित चैनल,साफ चॅनेल
क्लिक,क्लिक करा
"ग्राहक, क्लाइंट",ग्राहक
"ग्राहक संबंध, (सर्वर संबंध)",क्लायंट रिलेशनशिप (सर्व्हर संबंध)
क्लिफ प्रभाव,क्लिफ प्रभाव
क्लिप बोर्ड,क्लिप बोर्ड
"कर्तन, क्लिपिंग",क्लिपिंग
"घड़ी स्पंद, कालद स्पंद, क्लॉक पल्स",घड्याळ नाडी
काल फ्लिप-फ्लॉप,क्लोक्ड फ्लिप फ्लॉप
कालदमुखी माइक,घड्याळाच्या बाजूने माइक
कालद-आवृत्ति,घड्याळ-वारंवारता
दक्षिणावर्त,घड्याळाच्या दिशेने
संवृत परिपथ,बंद परिक्रमा
"संवृत पाश, संवृत लूप",बंद पळवाट
"गुच्छ, क्लस्टर",क्लस्टर
गुच्छन,क्लस्टरिंग
कोलाहल,गोंधळ
"कोलाहल हानि, कोलाहल क्षति",गोंधळ तोटा
"आलेप, विलेपन",कोटिंग
समाक्ष केबल,कोएक्सियल केबल
समाक्ष लाइन,कोएक्सियल लाइन
समाक्ष संचरण लाइन,कोएक्सियल ट्रान्समिशन लाइन
सह-चैनल,सह-चॅनेल
"सह-चैनल व्यतिकरण, सह-चैनल बाधा",सह-चॅनेल हस्तक्षेप
कर्णावर्त,कोक्लीया
"कोड, कूट",कोड
कूट संख्या,कोड क्रमांक
कोड दर,कोड दर
"कोड शब्द, कूट शब्द",कोड शब्द
कोडक (कोडन-विकोडन),कोडेक (कोडिंग डिकोडिंग)
कोडित श्रव्य,कोड केलेले ऑडिओ
"कोडक, कूटक",कोडर
"कोडन, कूटन",कोडिंग
कोडन-विकोडन तकनीक,कोडिंग डिकोडिंग तंत्र
"कोडन त्रुटि, कूटन त्रुटि",कोडिंग त्रुटी
कोडन दर,कोडिंग दर
"कोडन तकनीक, कूटन तकनीक",कोडिंग तंत्र
गुणांक,गुणांक
निग्राहिता,जबरदस्ती
संसक्त मॉडुलन,सुसंगत मॉड्यूलेशन
कुंडली,कॉइल
सहयोग,सहयोग
निपात,कोसळणे
"संग्राहक, संग्राही, कलेक्टर",जिल्हाधिकारी
"संग्राहक धारा, कलेक्टर धारा",जिल्हाधिकारी करंट
संग्राही-आधार चालकत्व,बेस कंडक्टन्स टू कलेक्टर
आधार-संग्राही जंक्शन,कलेक्टर-बेस जंक्शन
"वर्ण, रंग",रंग
वर्ण विष्लेषक,रंग विश्लेषक
वर्ण संतुलन,रंग शिल्लक
वर्ण प्रस्फोट,रंग फुटला
वर्ण चार्ट,रंग चार्ट
वर्ण संयोजन,रंग संयोजन
वर्णांक,रंग स्थिर
वर्ण नियंत्रण,कलर कंट्रोल (क्रोम कंट्रोल)
"रंग गहराई, वर्ण गभीरता",रंग खोली
वर्ण श्रांति,रंग थकवा
"वर्ण फिल्टर, वर्ण निस्यंदक",रंग फिल्टर
वर्णांतक परिपथ,कलर किलर सर्किट
वर्ण चित्रनलिका,रंग किनेस्कोप
वर्ण मिश्रक,रंग मिक्सर
"वर्ण विन्यास, वर्ण प्रतिरूप",रंग नमुना
वर्णावगम,रंग समज
"वर्ण चित्रपट्ट, वर्ण चित्र स्क्रीन",रंग चित्र स्क्रीन
रंग समष्टि,रंग जागा
रंग उपवाहक,रंग सबकारियर
"रंग ताप, वर्ण ताप",रंग तापमान
"रंगीन प्रसारण, कलर ट्रांसमिशन",रंग संप्रेषण
वर्ण नलिका,रंग ट्यूब
रंजन,रंगरंगोटी
वर्णहीन,रंगहीन
संयोजन,संयोजन
संयोजक,संयोजक
संयोजन प्रक्रम,प्रक्रिया एकत्रित
दहन,ज्वलन
"समादेश, कमान",आज्ञा
प्रारंभ,प्रारंभ
वाणिज्यिक प्रसारण,व्यावसायिक प्रसारण
"वाणिज्यिक टेलीविजन, वाणिज्यिक दूरदर्शन",व्यावसायिक टेलिव्हिजन
उभयनिष्ठ संग्राही परिपथ,सामान्य कलेक्टर सर्किट
संचार,संप्रेषण
संचार उपग्रह,संप्रेषण उपग्रह
सामुदायिक रेडियो केंद्र,कम्युनिटी रेडिओ सेंटर
"सामुदायिक रेडियो स्टेशन, सामुदायिक रेडियो केंद्र",कम्युनिटी रेडिओ स्टेशन
कॉम्पैक्ट डिस्क (सीडी),कॉम्पॅक्ट डिस्क (सीडी)
कॉम्पैक्ट डिस्क प्लेयर,कॉम्पॅक्ट डिस्क प्लेयर
संपीडन-प्रसारित्र,कॉम्पॅन्डर
संपीडन-प्रसारण,कंपँडिंग
सुसंगतता,सुसंगतता
सुसंगत,सुसंगत
"संकलक, क्रमादेश अंतरक",कंपाईलर
पूरक,पूरक
पूरक ट्रांजिस्टर,पूरक ट्रान्झिस्टर
सम्मिश्र तरंग,कॉम्प्लेक्स वेव्ह
घटक,घटक
"संयुक्त, संयोजित, सम्मिश्र",संमिश्र
संयुक्त परिपथ,संमिश्र सर्किट
संयुक्त डिजिटल,संमिश्र डिजिटल
संयुक्त रेडियो आवृत्ति संकेत,संमिश्र रेडिओ फ्रिक्वेन्सी सिग्नल
संयुक्त संकेत,संमिश्र सिग्नल
संयुक्त वीडियो,संमिश्र व्हिडिओ
संयुक्त –श्य संकेत,संमिश्र व्हिडिओ सिग्नल
"बनावट, रचना",रचना
संपीडित आंकड़ा,संकुचित डेटा
संपीडित अंकीकृत –श्य,संकुचित डिजिटलाइज्ड व्हिडिओ
संपीडित वीडियो,संकुचित व्हिडिओ
संपीडन,कम्प्रेशन
संपीडन विरूपण साक्ष्य,कॉम्प्रेशन आर्टिफॅक्ट
संपीडन संकट,कॉम्प्रेशन धोका
संपीडन तकनीक,कॉम्प्रेशन तंत्र
संपीडित्र,कंप्रेसर
अभिकलन,गणना
"अभिकलित्र, कंप्यूटर",संगणक
कंप्यूटर आधारित बहुमाध्यम,संगणक आधारित मल्टीमीडिया
कंप्यूटर प्रोग्रामन,संगणक प्रोग्रामिंग
कंप्यूटर प्रौद्योगिकी,संगणक तंत्रज्ञान
अवतल लेन्स,अवतल लेन्स
अवतल दर्पण,अवतल आरसा
"प्रच्छादन, गोपन",लपवून ठेवणे
"सांद्रित, गाढ़ा, संकेंद्रित",एकाग्र
"संकेंद्रण, सांद्रण",एकाग्रता
संकेंद्रिक लेन्स,कॉन्सेन्ट्रिक लेन्स
"संधारित्र माइक्रोफोन, कन्डेंसर माइक्रोफोन",कंडेन्सर मायक्रोफोन
साम्यावस्था,समतोल स्थिती
चालन,वाहक
चालन धारा,वाहक चालू
चालकता,वाहकता
चालक,कंडक्टर
"संरूपण, विन्यास",कॉन्फिगरेशन
"संबंधन, संयोजन",कनेक्शन
"संबद्धता, योजकता",कनेक्टिव्हिटी
"संबंधक, योजक",कनेक्टर
सुसंगति,सुसंगतता
सुसंगततः,सातत्याने
कन्सोल,कन्सोल
"स्थिर, नियतांक, स्थिरांक, नियत",स्थिर
"अचर कोणांक, अचर आयाम",सतत मोठेपणा
संपर्क माइक्रोफोन,मायक्रोफोनशी संपर्क साधा
पात्र आरूप,कंटेनर स्वरूप
संदूषण,दूषित
"अंतर्वस्तु, अंश",सामग्री
"निकटस्थ, समीपस्थ, संलग्न, संस्पशब",संमिश्र
"सांतत्य, सातत्य, निरंतरता",सातत्य
सातत्य बूथ,सातत्य बूथ
सातत्य घुंडी,सातत्य नॉब
"सतत, निरंतर, अविरल, अविच्छिन्न",सतत
"सतत चाप, अविच्छिन्न चाप",सतत कंस
सतत तरंग,सतत लाट
समोच्च रेखा,समोच्च ओळ
समोच्च रेखीय योजना,समोच्च योजना
"संविदा, संकुचित करना",करार
संकुचन,आकुंचन
विपर्यास अनुपात,कॉन्ट्रास्ट गुणोत्तर
नियंत्रण परिपथ,नियंत्रण सर्किट
नियंत्रण इलेक्ट्रोड,इलेक्ट्रोड नियंत्रित करा
नियंत्रण उपस्कर,नियंत्रण उपकरणे
नियंत्रण ग्रिड,नियंत्रण ग्रीड
नियंत्रण रेखा,नियंत्रण ओळ
नियंत्रण पैनल,नियंत्रण पॅनेल
नियंत्रण कक्ष,नियंत्रण कक्ष
नियंत्रण सारणी,नियंत्रण सारणी
"नियंत्रण मीनार, नियंत्रण टावर",नियंत्रण टॉवर
नियंत्रक,नियंत्रक
अभिसरण,अभिसरण
अभिसारी लेन्स,कन्व्हर्जंट लेन्स
परिवर्तक,कन्व्हर्टर
उत्तल लेन्स,बहिर्गोल लेन्स
संवलन,कन्व्होल्यूशन
संवलन कोडित,कन्व्होल्यूशन कोड
"संवलनात्मक अंतरापत्र, संवलनीय अंतरापत्र",कॉन्व्होल्यूशनल इंटरलीव्ह
"संवलनात्मक अंतरापत्रण, संवलनीय अंतरापत्रण",कॉन्व्होल्यूशनल इंटरलीव्हिंग
कुकी,कुकी
कुकियर,कुकीयर
सहप्रक्रमक,कॉप्रोसेसर
"डोरी, कॉर्ड",दोरखंड
"किरीट, कोरोना",कोरोना
किरीट विसर्जन,कोरोना डिस्चार्ज
सहसंबंधन,परस्परसंबंध
"कोसाइन घटक, कोज्या घटक",कोसाइन घटक
"कोज्या तरंग, कोसाइन तरंग",कोसाइन वेव्ह
अंतरिक्ष रव,वैश्विक आवाज
"गणक, काउंटर",काउंटर
वामावर्त,घड्याळाच्या दिशेने काउंटर
युग्मक,कपलर
युग्मन,जोड्या
युग्मन संधारित्र,कपलिंग कंडेन्सर
"युग्मन जालक्रम, युग्मन नेटवर्क",कपलिंग नेटवर्क
युग्मन प्रतिरोध,कपलिंग प्रतिकार
सहसंयोजी आबंध,सहसंयोजक बंध
"व्याप्ति, कवरेज",कव्हरेज
ध्वंस,आपटी
क्रांतिक बैंड,गंभीर बँड
क्रांतिक अवस्था,चिंताजनक स्थिती
क्रांतिक युग्मन,गंभीर जोड्या
क्रांतिक आवृत्ति,गंभीर वारंवारता
क्रांतिक प्राचल,गंभीर मापदंड
मकरदंती क्लिप,मगर क्लिप
पार मंदन,क्रॉस फिकट
क्रॉस मॉडुलन,क्रॉस मॉड्यूलेशन
"क्रॉस वार्ता, क्रॉस टाक, संकर वार्ता",क्रॉस टॉक
पारमंद,क्रॉसफेड
"गूढ़लेखन, गूढ़लेखिकी, क्रिप्टोग्राफी",क्रिप्टोग्राफी
क्रिस्टल,क्रिस्टल
क्रिस्टल फिल्टर,क्रिस्टल फिल्टर
"अनुसंकेत, इंगित",क्यू
अनुसंकेत चिह्न,क्यू मार्क्स
अनुसंकेत युक्ति,क्यूइंग डिव्हाइस
धारा अपवाह,चालू नाले
धारामापी,चालू मीटर
धारा ट्रांसफार्मर,वर्तमान ट्रान्सफॉर्मर
"प्रसंकेतक, कर्सर",कर्सर
वक्र,वक्र
अंतक आवृत्ति,वारंवारता कट करा
कर्तक,कटर
साइबर कैफे,सायबर कॅफे
साइबर सुरक्षा,सायबर सुरक्षा
साइबर स्पेस,सायबर स्पेस
"चक्र, आवर्तन",चक्र
चक्रीय,चक्रीय
डी.सी. (दिष्टधारा) घटक,डी.सी. घटक
डी.सी. प्लेट षक्ति,डी.सी. प्लेट पॉवर
डी.सी. पुनः स्थापन,डी.सी. जीर्णोद्धार
अवमंदक डायोड,डॅम्पर डायोड
अवमंदन,ओलसर
अदीप्त,गडद
"आंकड़ा, डाटा",डेटा
आंकड़ा प्रसारण,डेटा प्रसारण
आंकड़ा संपीडन,डेटा कॉम्प्रेशन
"आंकड़ा प्रवेधन, डाटा प्रवेधन",डेटा ड्रिलिंग
"डाटा कूटलेखन, आंकड़ा कूटलेखन",डेटा कूटबद्धीकरण
आंकड़ा संचिका,डेटा फाइल
"डाटा संचालन, आंकड़ा संचालन",डेटा हाताळणी
आंकड़ा खनन,डेटा खाण
"आंकड़ा प्रक्रमण, डाटा प्रक्रमण",डेटा प्रक्रिया
"डाटा प्रक्रमक, आंकड़ा प्रक्रमक",डेटा प्रोसेसर
आंकड़ा लघुकृत बिट तंत्र,डेटा कमी बिट सिस्टम
आंकड़ा सेवा,डेटा सेवा
"डाटा पत्र, आंकड़ा पत्र, डाटा शीट",माहिती पत्रक
"डाटा भंडारण, आंकड़ा भंडारण",डेटा संचयन
"डाटा प्रवाह, आंकड़ा प्रवाह",डेटा प्रवाह
आंकड़ा रूपांतरण,डेटा परिवर्तन
"डाटा संचरण, आंकड़ा संचरण",डेटा ट्रान्समिशन
"आंकड़ा आधार, डाटा बेस",डेटाबेस
आंकड़ा प्रसारण,डेटाकास्टिंग
"आंकड़ा-लेख, डाटाग्राम",डेटाग्राम
"डेसिबल मीटर, dB मीटर",डीबी मीटर
अमॉडुलित प्रसारण,मृत हवा
पूर्ण लघु परिपथ,मृत शॉर्ट सर्किट
मूक स्थल,मृत जागा
गतिरोध,डेडलॉक
दोषमार्जन कार्यक्रम,डीबग प्रोग्राम
"डीबगिंग, दोषमार्जन",डीबगिंग
ध्वनि-क्षय,आवाजाचा क्षय
डेसिबल,डेसिबल (डीबी)
"दशमलव, दशमिक",दशांश
दशमिक कोड,दशांश कोड
दशमिक डिजिट,दशांश अंक
कूटवाचन,उलगडा
"कूट वाचक, विकोडक",डीकोडर
"कूट वाचन, विकोडन",डीकोडिंग
अंकीय संचरण विकोडन,डिजिटल ट्रान्समिशनमध्ये डीकोडिंग
विसंपीडन,विघटन
वियुग्मन,डीकोपलिंग
वियुग्मन परिपथ,डिकॉपलिंग सर्किट
"वियुग्मन जालक्रम, वियुग्मन नेटवर्क",डिकॉपलिंग नेटवर्क
"विकोडन, विकूटन, विगोपन",डिक्रिप्शन
समर्पित लाइन,समर्पित ओळ
वि-अंतः स्थापन,डी-एम्बेडिंग
विप्रबलन,डी-जोर
"स्वतः निर्धारित, डिफाल्ट",डीफॉल्ट
गुणता दोष,गुणवत्तेत दोष
"सदोष, दोषपूर्ण",सदोष
"सदोष एकक, दोषपूर्ण एकक",सदोष युनिट
"परिभाषा, स्पष्टता",व्याख्या
विक्षेपण,विक्षेप
"विरूपण, विकृति",विकृती
एकीकरण,डीफ्रॅगमेंटेशन
"चुंबकीय विक्षेत्रण कुंडली, विगासिंग कुंडली",डी-गॉसिंग कॉइल
"डिग्री, अंश",पदवी
वि-अंतरापत्रक,डी-इंटरलीव्हर
डिले लाइन,विलंब ओळ
विलंब काल,विलंब वेळ
विलंबित फ्रेम स्मृति,विलंब फ्रेम मेमरी
विलंबित क्रमवीक्षण,विलंब स्कॅनिंग
विलंबित तुल्यकालन संकेत,विलंब सिंक्रोनाइझेशन सिग्नल
"प्रदान, प्रस्तुति",वितरण
"वितरण तंत्र, वितरण प्रणाली, प्रदान तंत्र, प्रदान प्रणाली",वितरण प्रणाली
विमॉडुलन,डिमोड्युलेशन
विमॉडुलक कार्ड,डेमोड्युलेटर कार्ड
विबहुसंकेतक,डेमल्टिप्लेक्सर
क्षेत्र गहराई,फील्डची खोली
अवरोहण,उतरत्या
अभिकल्प विनिर्देश,डिझाइन तपशील
डेस्कटॉप,डेस्कटॉप
"संसूचक उत्पाद, संसूचक निर्गत",डिटेक्टर आउटपुट
विचलन,विचलन
"युक्ति, साधन",साधन
युक्ति चालक,डिव्हाइस ड्राइव्हर
नैदानिकी,डायग्नोस्टिक्स
आरेख,आकृती
संवाद पथ,संवाद ट्रॅक
व्यासीय विधा,व्यासाचा मोड
"हीरक स्टाइलस, हीरक सुई",डायमंड स्टाईलस
"मध्यपट, तनुपट",डायाफ्राम
तनुपटीय अवशोषक,डायाफ्रामॅटिक शोषक
द्विशाखी श्रवण,डायकोटिक ऐकणे
"डाइइलेक्ट्रिक, परावैद्युत",डायलेक्ट्रिक
"डाइइलेक्ट्रिक भंग, परावैद्युत भंग",डायलेक्ट्रिक ब्रेक- डाउन
परावैद्युत हानि,डायलेक्ट्रिक तोटा
अंतर आवृत्ति,फरक वारंवारता
अंतर आवृत्ति विरूपण,फरक वारंवारता विकृती (डीएफडी)
"अंतर स्वरक, अंतर टोन",फरक टोन
विभेदी प्रवर्धक,विभेदक एम्पलीफायर
विवर्तन,विवर्तन
विसारक,डिफ्यूझर
अंक,अंक
"अंकीय, डिजिटल",डिजिटल
अंकीय विरूपण साक्ष्य,डिजिटल कलाकृती
अंकीय श्रव्य,डिजिटल ऑडिओ
"डिजिटल ऑडियो फिल्टर, अंकीय श्रव्य फिल्टर",डिजिटल ऑडिओ फिल्टर
"डिजिटल ऑडियो कार्य स्टेशन, अंकीय श्रव्य कार्य केन्द्र",डिजिटल ऑडिओ वर्क स्टेशन
"अंकीय कैमरा, डिजिटल कैमरा",डिजिटल कॅमेरा
"अंकीय कंप्यूटर, डिजिटल कंप्यूटर",डिजिटल संगणक
"अंकीय आंकड़ा, अंकीय डाटा",डिजिटल डेटा
अंकीय संपादन,डिजिटल संपादन
"अंकीय उत्तेजक, डिजिटल एक्साइटर",डिजिटल एक्झिटर
"अंकीय फिल्टर, अंकीय निस्यंदक",डिजिटल फिल्टर
अंकीय फ्रेम तुल्यकालक,डिजिटल फ्रेम सिंक्रोनाइझर
अंकीय विरासत,डिजिटल वारसा
अंकीय प्रतिबिंब,डिजिटल प्रतिमा
अंकीय लाइबेरी,डिजिटल लायब्ररी
"डिजिटल मीटर, अंकीयमापी",डिजिटल मीटर
अंकीय मॉडुलन,डिजिटल मॉड्यूलेशन
अंकीय बहुसंकेत,डिजिटल मल्टिप्लेक्स
अंकीय जालक्रम,डिजिटल नेटवर्क
अंकीय निर्गत,डिजिटल आउटपुट
"अंकीय प्रतिश्रवण, अंकीय प्लेबैक",डिजिटल प्लेबॅक
विष्वव्यापी अंकीय रेडियो,डिजिटल रेडिओ मोंडिएल (डीआरएम)
अंकीय अभिलेखन,डिजिटल रेकॉर्डिंग
अंकीय क्रांति,डिजिटल क्रांती
अंकीय संकेत,डिजिटल सिग्नल
डिजिटल सिगनल प्रक्रमण,डिजिटल सिग्नल प्रक्रिया (डीएसपी)
"अंकीय हस्ताक्षर, अंकीय चिd",डिजिटल स्वाक्षरी
"अंकीय प्रौद्योगिकी, डिजिटल प्रौद्योगिकी",डिजिटल तंत्रज्ञान
अंकीय-अनुरूप परिवर्तक,डिजिटल टू एनालॉग कन्व्हर्टर
"अंकीय –ष्य, डिजिटल वीडियो",डिजिटल व्हिडिओ
अंकीय वोल्टतामापी,डिजिटल व्होल्टमीटर
अंकरूपण,डिजिटलायझेशन
"अंकरूपण, अंकीकरण",डिजिटलायझेशन
"अंकीकृत –ष्य, अंकीकृत वीडियो",डिजिटलाइज्ड व्हिडिओ
"अंकक, अंकरूपक",डिजिटायझर
मंद,अंधुक
"विमा, विस्तार",परिमाण
मंदक,डिमर
डायोड,डायोड
नति,बुडविणे
द्विसंकेतक,डिप्लेक्सर
द्विधुवी ऐन्टेना,द्विध्रुवीय अँटेना
सीधा प्रसारण,थेट प्रसारण
दिष्टधारा (डी सी),थेट करंट (डी सी)
"सीधा पिकअप, पकड़ना",डायरेक्ट पिक अप
प्रत्यक्ष पठन यंत्र,थेट वाचन साधन
प्रत्यक्ष अभिलेखन,थेट रेकॉर्डिंग
दिशिक ऐन्टेना,दिशात्मक ten न्टीना
दिशिक युग्मक,दिशात्मक कपलर
दिशिक माइक्रोफोन,दिशात्मक मायक्रोफोन
"दिशात्मकता, दिशिकता",निर्देश
निर्देशिका,निर्देशिका
असमर्थ,अक्षम करा
डिस्क ऐन्टेना,डिस्क अँटेना
डिस्क आधारित भंडारण,डिस्क आधारित स्टोरेज
"अलग, विविक्त, भिन्न",वेगळा
"डिस्क, चक्रिका",डिस्क
"डिस्क ड्राइव, चालक",डिस्क ड्राइव्ह
डिस्क नियतांश,डिस्क कोटा
डिस्केट,डिस्केट
"विस्थापन, प्रभ्रंश",विस्थापन
"प्रकीर्णन, परिक्षेपण",फैलाव
विस्थापन,विस्थापन
प्रदर्शित करना; प्रदर्श,प्रदर्शन
प्रदर्श एकक (कन्सोल),प्रदर्शन युनिट (कन्सोल)
क्षय,अपव्यय
"बेसुरापन, असंनादिता",असंतोष
आसुत जल,डिस्टिल्ड वॉटर
विरूपण,विकृती
वितरण,वितरण
वितरण प्रवर्धक,वितरण एम्पलीफायर
"विभाजन, प्रभाग",विभागणी
भाजक,विभाजक
"प्रलेख, दस्तावेज",दस्तऐवज
"डोल्बी अंकीय, डोल्बी डिजिटल",डॉल्बी डिजिटल
प्रक्षेत्र,डोमेन
प्रक्षेत्र नियंत्रक,डोमेन नियंत्रक
डॉप्लर प्रभाव,डॉपलर प्रभाव
द्विधुव,डबल पोल (द्विध्रुवीय)
द्विधुव एकल क्षेप स्विच,डबल पोल सिंगल थ्रो स्विच
"द्विपार्ष्व चक्रिका, द्विपार्ष्व डिस्क",डबल साइड डिस्क
द्विक,दुहेरी
अधोगामी तरंग,खाली येणारी लाट
अनुप्रवाह,खाली प्रवाह
"अधोयोजन, डाउनलिंक",डाउनलिंक
"डाउनलोड, अधोभार",डाउनलोड करा
अधोभारण,डाउनलोड करीत आहे
"आरेखण, आहरण",रेखांकन
"प्रवेधन बिट, बरमा अणी",ड्रिलिंग बिट
प्रवेधन यंत्र,ड्रिलिंग मशीन
"चालन, ड्राइव",चालवा
"ड्रम, ढोल",ड्रम
शुष्क बल्ब तापमान,कोरडे बल्ब तापमान
शुष्क सेल,कोरडे सेल
"ड्राई सोल्डर, विफल सोल्डर",कोरडे सोल्डर
द्वि चैनल विधा,ड्युअल चॅनेल मोड
"डबीकरण, काट-छाँट, अंतरण",डबिंग
"निष्फल, निरर्थक",डड
निपात,डंप
द्वैध,दुहेरी
अवधि,कालावधी
"धूल, धूलि",धूळ
धूलि दोष,धूळ बग
धूलि रोधी,धूळ पुरावा
"झाड़न, धूलित्र",डस्टर
"गतिक, गतिशील",डायनॅमिक
गतिक बिट नियतन,डायनॅमिक बिट वाटप
गतिक अंतरामॉडुलन विरूपण,डायनॅमिक इंटरमोडुलेशन विकृती (डीआयएम)
"गतिक क्वांटमन, गतिक क्वांटमीकरण",डायनॅमिक क्वांटिझेशन
गतिक परास,डायनॅमिक श्रेणी
गतिक परास नियंत्रण,डायनॅमिक श्रेणी नियंत्रण
डाइनेमो,डायनामो
"कर्णफोन, ईयरफोन",कान फोन
भूमि,पृथ्वी
भू-उभार,पृथ्वी बल्ज
भू-प्रतिरोध,पृथ्वी प्रतिकार
भू-छड़,पृथ्वी रॉड
भू-उपग्रह,पृथ्वी उपग्रह
भू-केंद्र,पृथ्वी स्टेशन
भू-टर्मिनल,पृथ्वी टर्मिनल
"भू-संपर्क करना, भू-संपर्कन",अर्थिंग
प्रतिध्वनि,प्रतिध्वनी
प्रतिध्वनि कक्ष,इको चेंबर
भंवर धारा,एडी करंट
भंवर धारा हानि,एडी चालू तोटा
"एजवाइज मीटर, अधिकोर मापी",एजवाइज मीटर
संपादन,संपादन
प्रभावी ऐन्टेना ऊंचाई,प्रभावी अँटेना उंची
प्रभावी ऐन्टेना लंबाई,प्रभावी अँटेना लांबी
प्रभावी वोल्टता,प्रभावी व्होल्टेज
दक्षता,कार्यक्षमता
प्रत्यास्थता,लवचिकता
विद्युत् विसर्जन,इलेक्ट्रिक डिस्चार्ज
विद्युत् क्षेत्र,विद्युत क्षेत्र
विद्युत् फ्लैश,इलेक्ट्रिक फ्लॅश
विद्युत् तापक,विद्युत उष्मक
विद्युत् मापी,इलेक्ट्रिक मीटर
विद्युत् मोटर,विद्युत मोटर
"बिजली का झटका, विद्युत् प्रघात",विजेचा धक्का
"विद्युत् चिनगारी, विद्युत् स्फुलिंग",इलेक्ट्रिक स्पार्क
विद्युत् उपकरण,विद्युत उपकरण
विद्युत् रव,विद्युत आवाज
विद्युत् तूफान,विद्युत वादळ
विद्युत् चालित वाद्यसंगीत यंत्र,इलेक्ट्रिकली ऑपरेट केलेले संगीत वाद्य
विद्युत्,वीज
विद्युत् प्रदाय,वीजपुरवठा
विद्युत् गतिक,इलेक्ट्रोडायनामिक
विद्युत् अपघटनी संधारित्र,इलेक्ट्रोलाइटिक कॅपेसिटर
विद्युत्चुंबकीय,इलेक्ट्रोमॅग्नेटिक
विद्युत्चुंबकीय विक्षोभ,इलेक्ट्रोमॅग्नेटिक त्रास
विदयुतचुंबकीय व्यतिकरण,इलेक्ट्रोमॅग्नेटिक इंटरफेरेन्स
विद्युत्चुंबकीय स्पेक्ट्रम/वर्णक्रम,इलेक्ट्रोमॅग्नेटिक स्पेक्ट्रम
विद्युत्चुंबकीय तरंग,इलेक्ट्रोमॅग्नेटिक वेव्ह
विद्युतचुंबकीय तरंग संचरण,इलेक्ट्रोमॅग्नेटिक वेव्ह प्रसार
इलेक्ट्रॉन बहु फोटोट्यूब,इलेक्ट्रॉन एकाधिक फोटोट्यूब
"इलेक्ट्रॉनिक परिकलित्र, कैलकुलेटर",इलेक्ट्रॉनिक कॅल्क्युलेटर
"इलेक्ट्रॉनिक आंकड़ा संसाधन, इलेक्ट्रॉनिक आंकड़ा प्रक्रमण",इलेक्ट्रॉनिक डेटा प्रक्रिया (ईडीपी)
इलेक्ट्रॉनिक मेल (ई-मेल),इलेक्ट्रॉनिक मेल (ई-मेल)
इलेक्ट्रॉनिक स्विचन तंत्र,इलेक्ट्रॉनिक स्विचिंग सिस्टम
इलेक्ट्रॉनिकी,इलेक्ट्रॉनिक्स
विद्युत्ल्ेपन,इलेक्ट्रोप्लेटिंग
स्थिर-वैद्युत,इलेक्ट्रोस्टेटिक
"उन्नयन, उच्चता",उत्थान
अंतः स्थापित,एम्बेड केलेले
अंतः स्थापित श्रव्य,एम्बेड केलेले ऑडिओ
अंतः स्थापित तंत्र,एम्बेडेड प्रणाली
"प्रतीक, चिह्न",प्रतीक
"आविर्भावी प्रवृत्तियां, आविर्भावी चलन",उदयोन्मुख ट्रेंड
उत्सर्जन,उत्सर्जन
उत्सर्जक,एमिटर
उत्सर्जक अनुगामी,एमिटर अनुयायी
उत्सर्जक टर्मिनल,एमिटर टर्मिनल
उत्सर्जक-आधार संधि,एमिटर-बेस-जंक्शन
समर्थ बनाना,सक्षम करा
इनेमलित तार,Enamelled वायर
कूटलेखक,एन्किफर
संलग्नक,संलग्न
कोडित करना,एन्कोड
"कूटलेखक, कोडक",एन्कोडर
"कूटलेखन, कोडन",एन्कोडिंग
गूढ़ लेखन,कूटबद्धीकरण
अंत चिह्न,शेवटचा चिन्ह
अंतिम प्रयोक्ता,अंतिम वापरकर्ता
ऊर्जा,ऊर्जा
ऊर्जा परिक्षेपण,उर्जा विखुरलेले
ऊर्जा वितरण,उर्जा वितरण
प्रवर्तन; लागू करना,अंमलबजावणी
इंजन,इंजिन
"इंजीनियर, अभियंता",अभियंता
"इंजीनियरी, अभियांत्रिकी",अभियांत्रिकी
अभियांत्रिकी भंडार,अभियांत्रिकी स्टोअर
उत्कीर्णन,खोदकाम
बढ़ाना; वर्धन,वाढविण्यासाठी
समूहन,एकत्रित
प्रवेश कुंजी,की प्रविष्ट करा
उद्यम संरचना,एंटरप्राइझ आर्किटेक्चर
एन्थैल्पी,एन्थॅल्पी
एन्ट्रॉपी,एन्ट्रोपी
एन्ट्रॉपी कोडन,एन्ट्रोपी कोडिंग
एन्ट्रॉपी अतिरिक्तता,एन्ट्रोपी रिडंडंसी
"समकरण, तुल्यकरण",समतुल्य
"समकरण, तुल्यकरण",समानता
"तुल्यकारी, समकारी",इक्वेलायझर
उपस्कर,उपकरणे
उपस्कर आवरण,उपकरणे कव्हर
तुल्य; तुल्यांक,समतुल्य
मिटाना,मिटवा
व्यामार्जन शीर्ष,डोके मिटवा
अपरदन,इरोशन
अनियमित,अनियमित
"त्रुटि, अशुद्धि, भूल",त्रुटी
त्रुटि नियंत्रण कोडन,त्रुटी नियंत्रण कोडिंग
"त्रुटि संशोधन, भूल सुधार",त्रुटी सुधारणे
त्रुटि संसूचन,त्रुटी शोध
त्रुटि संशोधन प्रक्रिया,त्रुटी हाताळणी
त्रुटि प्रायिकता,त्रुटी संभाव्यता
ईथरनेट,इथरनेट
ईथरनेट केबल/ईथरनेट तार,इथरनेट केबल
"सुजननिकी, सुजनन विज्ञान",युजेनिक्स
रिक्त करना; खाली कराना,खाली करा
"केंद्र, आदान प्रदान",एक्सचेंज
उत्तेजक,एक्झिटर
निष्पादन करना,अंमलबजावणी
"निष्पादन काल, निष्पादन समय",अंमलबजावणीची वेळ
"निष्कासन, रेचन करना",दमट
निर्गम,बाहेर पडा
प्रसारित,विस्तारित
प्रसार वाल्व,विस्तार वाल्व
प्रयोग,प्रयोग
विशेषज्ञ प्रणाली,तज्ञ प्रणाली
अन्वेषण करना,अन्वेषण
अन्वेषक,एक्सप्लोरर
प्रदर्शनी,एक्सपो (प्रदर्शन)
विद्युत् आपूर्ति विस्तार,वीजपुरवठा वाढवणे
बाह्य नियंत्रण,बाह्य नियंत्रण
बाह्य स्मृति,बाह्य मेमरी
बाह्य भंडारण,बाह्य संचय
बाह्य चूड़ी,बाह्य धागा
निष्कर्ष,काढा
एक्सट्रानेट,बाह्य
संविरचन,बनावट
"फलकिका, लघु चेहरा",पैलू
"प्रतिकृति, अनुलिपि",फॅसिमिले
"कारक, गुणक",घटक
मंदन,फिकट
उत्तीव्रण,ठळक होत जाणे
अवतीव्रण,फिकट बाहेर
"अवतीव्रक, मंदक",फॅडर
अवतीव्रण,लुप्त होत आहे
मंदन क्षेत्र,फिकट झोन
"फैंटम, आभासी",फॅन्टॉम (= फॅंटम)
फास्ट फूरिये रूपांतर कलनविधि,फास्ट फुरियर ट्रान्सफॉर्म (एफएफटी) अल्गोरिदम
घातक त्रुटि,गंभीर त्रुटी
दोष,दोष
लक्षण,वैशिष्ट्य
"प्रभरण, भरण",अन्न देणे
"प्रतिपुष्टि, पुनर्भरण, फीडबैक, पष्चभरण",अभिप्राय
पुनर्भरण प्रवर्धक,अभिप्राय एम्पलीफायर
पुनर्भरण परिपथ,अभिप्राय सर्किट
पुनःनिविष्ट वोल्टता,अभिप्राय व्होल्टेज
"प्रभरक, फीडर, पोषक",फीडर
"प्रभरक केबल, फीडर  केबल",फीडर केबल
"प्रभरक कुटीर, फीडर हट",फीडर झोपडी
"प्रभरक लाइन, फीडर लाइन",फीडर लाइन
"प्रभरक तंत्र, फीडर सिस्टम",फीडर सिस्टम
प्रभरक तार,फीडर वायर
"फाइबर, तंतु",फायबर
तंतु प्रकाशिकी,फायबर ऑप्टिक्स
"तद्रूपता, निष्ठा, वफादारी",निष्ठा
तद्रूपता परास विस्तार,निष्ठा श्रेणी विस्तार
क्षेत्र,फील्ड
"क्षेत्र ड्राइव, क्षेत्र चालन",फील्ड ड्राइव्ह
क्षेत्र प्रभाव ट्रांजिस्टर,फील्ड इफेक्ट ट्रान्झिस्टर
क्षेत्र तीव्रता,फील्ड सामर्थ्य
क्षेत्र तीव्रतामापी,फील्ड सामर्थ्य मीटर
क्षेत्र तीव्रता सर्वेक्षण,फील्ड सामर्थ्य सर्वेक्षण
"आकृति, चित्र, अंक",आकृती
दक्षतांक,गुणवत्तेची आकृती
तंतु,फिलामेंट
"संचिका, फाइल",फाईल
"संचिका परिसेवक, फाइल सर्वर",फाइल सर्व्हर
"संचिका तंत्र, फाइल तंत्र",फाईल सिस्टम
पूरक,फिलर
फिल्म अभिलेखित्र,फिल्म रेकॉर्डर
फिल्म चाल,चित्रपटाचा वेग
"फिल्टर, निस्यंदक",फिल्टर
फिल्टर चोक,फिल्टर चोक
फिल्टर परिपथ,फिल्टर सर्किट
"फिल्टरन, निस्यंदन",फिल्टरिंग
सूक्ष्म समस्वरण नियंत्रण,ललित ट्यूनिंग नियंत्रण
परिमित क्षेत्र,मर्यादित फील्ड
"फायर-वाल, रक्षक भित्ति",अग्नीची भिंत
फायरफॉक्स,फायरफॉक्स
"गेट कोण, फायरिंग कोण",फायरिंग कोन
फर्मवेयर,फर्मवेअर
"फिटिंग्स, अन्वायqिक्त",फिटिंग्ज
नियत समय चार्ट,निश्चित बिंदू चार्ट
नियत समय मद,निश्चित बिंदू आयटम
फ्लैश,फ्लॅश
"सपाट, चपटा",फ्लॅट
"टिमटिमाना, स्फुरण",फ्लिकर
फ्लिप फ्लॉप,फ्लिप फ्लॉप
"फ्लोट वाल्व, प्लव वाल्व",फ्लोट वाल्व्ह
प्लवमान,तरंगत
पार्ष्वपूरक बैटरी,फ्लोटिंग बॅटरी
चल बिंदु,फ्लोटिंग पॉईंट
"चल द्वार, फ्लोटिंग पोर्ट",फ्लोटिंग पोर्ट
पूर प्रदीप्ति,पूर प्रकाश
पूर प्रदीपन,पूर प्रकाश
"फर्श, तल",मजला
फ्लॉपी,फ्लॉपी
"प्रवाह संचित्र, प्रवाह चार्ट",प्रवाह चार्ट
"उतार-चढ़ाव, उच्चावचन, घट-बढ़",चढ - उतार
तरल,द्रवपदार्थ
प्रतिदीप्ति लैम्प,फ्लोरोसेंट दिवा
"प्रतिदीप्ति नलिका, प्रतिदीप्ति ट्यूब",फ्लोरोसेंट ट्यूब
फडफ़ड़ाना,फडफड
"फ्लक्स, अभिवाह",प्रवाह
फ्लक्सबद्धता,फ्लक्स लिंकेज
"एफ एम जालक्रम, FM जालक्रम",एफएम नेटवर्क
"एफ एम टावर, FM टावर",एफएम टॉवर
फोकस,फोकस
फोकस-नियंत्रक,फोकस नियंत्रण
"फोकसन, फोकसीकरण",फोकसिंग
फोकसी चुंबक,फोकसिंग मॅग्नेट
कोहरा,धुके
"पन्नी, पत्रक, पर्णिका",फॉइल
"प्रत्यावर्तन, फोल्ड बैक",परत फोल्ड करा
वलित द्विधुव,दुमडलेला द्विध्रुवीय
"चौपन्ना, फोल्डर",फोल्डर
असंपादित सामग्री,फुटेज
"पाद-उपांत, फुटर",तळटीप
प्रणोदित दोलन,सक्तीने दोलन
प्रणोदित संवातन,सक्तीने वायुवीजन
प्रणोदित कंपन,सक्तीने कंप
फोर्ज,बनावट
"आरूप, फॉर्मेट",स्वरूप
आरूप विस्थापन,स्वरूप शिफ्टिंग
आरूप समस्वर,स्वरूप सूर
"संरूपण, आरूपण",स्वरूपन
"अग्र बायस, अग्र अभिनति",अग्रेषित पूर्वाग्रह
अग्र अभिनत,पुढे पक्षपाती
अग्र धारा,पुढे चालू
अग्र दिशा,पुढे दिशा
अग्र प्रतिरोध,अग्रेषित प्रतिकार
फूरिये रूपांतर,फूरियर ट्रान्सफॉर्म
"आंशिक, फ्रैक्टल",भग्न
विखंडन,विखंडन
"फ्रेम, ढांचा",फ्रेम
फ्रेम आरूपण,फ्रेम स्वरूपन
फ्रेम तुल्यकालक,फ्रेम सिंक्रोनिझर
"फ्रेमन, फ्रेमीकरण",फ्रेमिंग
मुक्त इलेक्ट्रॉन,विनामूल्य इलेक्ट्रॉन
मुक्त अंतरिक्ष हानि,मोकळी जागा तोटा
मुक्त अंतरिक्ष पथ हानि,मोकळ्या जागेचा मार्ग तोटा
आवृत्ति,वारंवारता
आवृत्ति नियतन,वारंवारता वाटप
आवृत्ति परिवर्तक,वारंवारता चेंजर
आवृत्ति परिवर्तक,वारंवारता कन्व्हर्टर
"आवृत्ति गणक, आवृत्ति काउंटर",वारंवारता काउंटर
आवृत्ति विकृति,वारंवारता विकृती
आवृत्ति विभाजक,वारंवारता विभाजक
आवृत्ति प्रक्षेत्र,वारंवारता डोमेन
आवृत्ति द्विगुणक,वारंवारता दुहेरी
आवृत्ति मॉडुलन,वारंवारता मॉड्यूलेशन
आवृत्ति मॉनीटर,वारंवारता मॉनिटर
आवृत्ति बहुसंकेत,वारंवारता मल्टिप्लेक्स
आवृत्ति गुणक,वारंवारता गुणक
आवृत्ति परास,वारंवारता श्रेणी
आवृत्ति अनुक्रिया,वारंवारता प्रतिसाद
आवृत्ति विस्थापन,वारंवारता शिफ्ट
आवृत्ति स्पेक्ट्रम/आवृत्ति वर्णक्रम,वारंवारता स्पेक्ट्रम
आवृत्ति संश्लेषित्र,वारंवारता सिंथेसाइझर
आवृत्ति सहिष्णुता,वारंवारता सहनशीलता
आवृत्ति अंतरक पेटी,वारंवारता अनुवादक बॉक्स
आवृत्ति परिवर्तन,वारंवारता भिन्नता
फ्रेनल जोन,फ्रेस्नेल झोन
उपांत प्रदेश,फ्रिंज-एरिया
अग्र अंतराल,फ्रंट पोर्च
पूर्ण योजक,पूर्ण अ‍ॅडर
पूर्ण तरंग दिष्टकरण,पूर्ण वेव्ह सुधारणे
पूर्ण तरंग दिष्टकारी,पूर्ण वेव्ह रेक्टिफायर
"प्रकार्य, फलन, फंक्शन",कार्य
प्रकार्य कुंजी,फंक्शन की
प्रकार्यात्मक परीक्षण,कार्यात्मक चाचणी
"मौलिक, मूल",मूलभूत
मूल आवृत्ति,मूलभूत वारंवारता
मूल वेग,मूलभूत वेग
"कीप, फनल",फनेल
फ्यूज,फ्यूज
फ्यूज तार,फ्यूज वायर
"स्वानुशासित तर्क, फजी तर्क",अस्पष्ट तर्कशास्त्र
"लाभ, लब्धि",मिळवा
लब्धि नियंत्रण,नियंत्रण मिळवा
गाल्वा क्षेत्र,गॅलोइस फील्ड
वर्ण उपसमुच्चय,गर्दी
गुंफित संधारित्र,गँग कंडेन्सर
अंतराल,अंतर
द्वारपथ,गेटवे
"प्रमापी, प्रमाप",गेज
गाउसी वक्र,गौशियन वक्र
गाउसी श्वेत रव,गौशियन पांढरा आवाज
जनित्र,जनरेटर
वर्ग नाम,सामान्य नाव
भू-तुल्यकाली उपग्रह,जिओस्टेशनरी उपग्रह
भू-तुल्यकालिक उपग्रह,जिओसिंक्रोनस उपग्रह
"व्यवधान, ग्लिच",ग्लिच
ग्राफीय कला,ग्राफिक कला
"ग्राफीय समकारक, ग्राफीय समकारी",ग्राफिक इक्वेलायझर
"आलेखिकी, ग्राफिक्स",ग्राफिक्स
रेखाजाल,ग्रॅटिक्यूल
गुरूत्वीय त्वरण,गुरुत्वाकर्षण प्रवेग
गे-स्केल,राखाडी स्केल
ग्रिड,ग्रीड
"ग्रिड बायस, ग्रिड अभिनति",ग्रीड बायस
"ग्रिड चालक षक्ति, ग्रिड उत्तेजक षक्ति",ग्रीड ड्रायव्हिंग पॉवर
ग्रिड उत्सर्जन,ग्रीड उत्सर्जन
ग्रिड मॉडुलित C वगबय प्रवर्धक,ग्रिड मॉड्युलेटेड क्लास सी एम्पलीफायर
"ग्रिड, जाली, झंझरी",ग्रील
"अपघर्षण, पेषण",ग्राइंडिंग
खांचा,खोबणी
भूमि चालकता,ग्राउंड चालकता
भू-वापसी परिपथ,ग्राउंड रिटर्न सर्किट
भू-छड़,ग्राउंड रॉड (पृथ्वी रॉड)
भू-प्रकीर्ण संचरण,ग्राउंड स्कॅटर प्रसार
भूखंड,ग्राउंड सेगमेंट
भू-तरंग,ग्राउंड वेव्ह
भू-तरंग संचरण,ग्राउंड वेव्ह प्रसार
भू-तरंग संकेत,ग्राउंड वेव्ह सिग्नल
भू-संपर्कित,ग्राउंड
समूह विलम्ब,गट विलंब
जालक्रम एवं व्याप्तिक्षेत्र विकास,नेटवर्क आणि कव्हरेजची वाढ
रक्षक बैंड,गार्ड बँड
रक्षक अंतराल,गार्ड मध्यांतर
गन डायोड,गन डायोड
"गाई, तान",माणूस
तान तार,गाय वायर
तनित ऐन्टेना मस्तूल,एरियल मास्ट (गायडे अँटेना मस्त)
"हैक, विच्छेदन",खाच
"हैकर, विच्छेदक",हॅकर
अर्ध योजक,अर्धा ader
अर्ध द्वैध,अर्धा डुप्लेक्स
"अर्ध षक्ति बैंड-चौड़ाई, अर्ध षक्ति बैंडविड्थ",अर्धा पॉवर बँडविड्थ
अर्ध तरंग द्विधुव,अर्धा वेव्ह द्विध्रुवीय
अर्ध तरंग दिष्टकरण,अर्धा वेव्ह दुरुस्ती
"हाफटोन, अर्धछवि",हाफटोन
हैमिंग दूरी,हॅमिंग अंतर
हार्डडिस्क ध्वंस,हार्ड डिस्क क्रॅश
हार्ड डिस्क आधारित श्रव्य प्रदायी तंत्र,हार्ड डिस्क आधारित ऑडिओ वितरण प्रणाली
हार्ड डिस्क आधारित अभिलेखन,हार्ड डिस्क आधारित रेकॉर्डिंग
"हार्डवेयर, यंत्र सामग्री",हार्डवेअर
हार्डवेयर पता,हार्डवेअर पत्ता
"संनादी, हार्मोनिक",हार्मोनिक
"संनादी विकृति, संनादी विरूपण",हार्मोनिक विकृती
संनादी उत्सर्जन,हार्मोनिक उत्सर्जन
संनादी निस्यंदक इकाई,हार्मोनिक फिल्टर युनिट
संनादी जनित्र,हार्मोनिक जनरेटर
संनादी निरोधक,हार्मोनिक सप्रेसर
"हार्मोनिक्स, गुणवृत्ति",हार्मोनिक्स
"संकट, जोखिम",धोका
"हेडफोन, शीर्षफोन",हेड फोन
"हेडरूम, कर्णांतर",हेड रूम
शीर्षान्त,हेडएंड
"शीर्षणी, हेडर, प्रवेशिका",शीर्षलेख
श्रवण-क्रियाविधि,सुनावणी यंत्रणा
ऊष्मा अवशोषी,उष्णता शोषक
"ऊष्मा-संतुलन, शेष ऊष्मा",उष्णता शिल्लक
ऊष्मा रोधिका,उष्णता अडथळा
ऊष्मा चालक,उष्णता कंडक्टर
"ऊष्मा अभिगम, हीट सिंक",उष्णता बुडणे
हर्ट्ज,हर्ट्ज (हर्ट्ज)
"संकरण, हेटरोडाइन",हेटरोडिन
संकरण अभिग्राही,हेटरोडिन रिसीव्हर
"हेटरोडाइन सीटी, संकरण सीटी",हेटरोडिन व्हिसल (हेटरोडिन हस्तक्षेप)
स्वानुभविक,ह्युरिस्टिक
"हेक्साडेसिमल, षोडशाधारी",हेक्साडेसिमल
पदानुक्रमिक मॉडुलन,श्रेणीबद्ध मॉड्यूलेशन
हाई-फाई (उच्च तद्रूपता),हाय-फाय (उच्च निष्ठा)
उच्च आवृत्ति वर्धन,उच्च वाढ
"उच्चावृत्त, उच्च आवृत्ति",उच्च वारंवारता
उच्च आवृत्ति दोलन,उच्च वारंवारता दोलन
उच्च आवृत्ति अनुक्रिया,उच्च वारंवारता प्रतिसाद
उच्च स्तरीय प्रोग्राम भाषा,उच्च स्तरीय प्रोग्राम भाषा
उच्च आवृत्ति पारक फिल्टर,उच्च पास फिल्टर
उच्च षक्ति प्रेषित्र,उच्च उर्जा ट्रान्समीटर
उच्च गुणता अभिग्रहण,उच्च गुणवत्तेचे स्वागत
उच्च गति संयोजकता,हाय स्पीड कनेक्टिव्हिटी
उच्च गति आंकड़ा प्रणाली,हाय स्पीड डेटा सिस्टम
"आयत-चित्र, हिस्टोग्राम",हिस्टोग्राम
आमुख पृष्ठ,मुख्यपृष्ठ
हुक,हुक
"पाश-तार, हुक-अप तार",हुक अप वायर
क्षैतिज लोपन काल,क्षैतिज ब्लॅकआउट कालावधी
क्षैतिज लोपन,क्षैतिज ब्लँकिंग
क्षैतिज स्पष्टता (क्षैतिज विभेदन),क्षैतिज व्याख्या (क्षैतिज रिझोल्यूशन)
क्षैतिज विक्षेप-दोलन,क्षैतिज विक्षेपण दोलन
क्षैतिज रेखा,क्षैतिज रेखा
"क्षैतिज परिच्छेद, क्षैतिज काट",क्षैतिज विभाग
क्षैतिज प्रसर्प परिपथ,क्षैतिज स्वीप सर्किट
"तूर्य लाउडस्पीकर, हॉर्न लाउडस्पीकर",हॉर्न लाऊडस्पीकर
पोषी,होस्ट
तप्त स्थल,हॉट स्पॉट
गृह व्यवस्था,घरपट्टी
"हब, केंद्र बिन्दु",हब
"रंग, वर्ण",ह्यू
हफमैन कोडन,हफमन कोडिंग
गुंजन,हम
मानव श्रव्य बोधन,मानवी ऑडिओ समज
मानव श्रव्य प्रणाली,मानवी ऑडिओ सिस्टम
मानव श्रवण क्रियाविधि,मानवी श्रवण यंत्रणा
मानव वीडियो बोधन,मानवी व्हिडिओ समज
"नमी, आर्द्रता",आर्द्रता
संकर,संकरित
संकर परिपथ,संकरित सर्किट
संकर एकीकृत परिपथ,हायब्रीड इंटरग्रेटेड सर्किट
"उत्प्लव घनत्वमापी, हाइड्रोमीटर",हायड्रोमीटर
अति,उच्च
अति उच्च माध्यम,हायपर मीडिया
"अति उच्च पाठ्य सामग्री, हाइपर टेक्स्ट",अति मजकूर
हाइपरलिंक,हायपरलिंक
"आइकन, प्रतिबिंब",चिन्ह
"पहचान, अभिनिर्धारण",ओळख
परिज्ञापक,अभिज्ञापक
प्रज्वलन; प्रज्वलित करना,प्रज्वलित करा
प्रज्वलन,प्रज्वलन
प्रदीप्ति घनत्व,प्रकाश
प्रदीप्ति,प्रदीपन
प्रतिबिंब,प्रतिमा
प्रतिबिंब ऐन्टेना,प्रतिमा अँटेना
प्रतिबिंब प्रग्रहण,प्रतिमा कॅप्चर
प्रतिबिंब आइकोनोस्कोप,प्रतिमा आयकॉनोस्कोप
प्रतिबिंब चित्र,प्रतिमा नकाशा
प्रतिबिंब ऑथबकोन,प्रतिमा ऑर्थिकॉन
"प्रतिबिंब प्रक्रमण, प्रतिबिंब संसाधन",प्रतिमा प्रक्रिया
चित्र समायोजक,प्रतिमा सेटर
"कल्पित, काल्पनिक, अधिकल्पित",काल्पनिक
प्रतिबाधा,प्रतिबाधा
प्रतिबाधा सुमेलन,प्रतिबाधा जुळणारी
प्रतिबाधा सुमेलन परिपथ,प्रतिबाधा जुळणारे सर्किट
प्रतिबाधा कुमेल,प्रतिबाधा जुळत नाही
मुक्त आकाश प्रतिबाधा,मोकळ्या जागेची प्रतिबाधा
प्रतिबाधा रूपांतरण,प्रतिबाधा परिवर्तन
आयात,आयात
संसेचित,गर्भवती
आरोपित वोल्टता,व्होल्टेज प्रभावित करा
आवेग,प्रेरणा
आवेग अनुक्रिया,आवेग प्रतिसाद
अपद्रव्य चालकता,अशुद्धता चालकता
अपद्रव्य अर्धचालन,अशुद्धता सेमीकंडक्शन
निष्क्रिय,निष्क्रिय
निष्क्रिय विंडो,निष्क्रिय विंडो
अश्रव्य,ऐकण्यायोग्य नाही
ताप-दीप्ति,हल्ल
आपतित किरण,घटना किरण
अंतर्वेशन,समावेश
आगामी संकेत,इनकमिंग सिग्नल
सूचक,सूचक
देशज,देशी
प्रेरकत्व,प्रेरणा
प्रेरणिक-प्रतिघात,प्रेरक-प्रतिक्रिया
ज्वलनशील सामग्री,ज्वलनशील सामग्री
सूचना पैच,इन्फॉर पॅच
सूचना,माहिती
सूचना-संरचना,माहिती आर्किटेक्चर
"सूचना बिट, सूचना द्वयंक",माहिती बिट
सूचनांक,माहिती अंक
सूचना लघु केन्द्र,माहिती कियोस्क
सूचना प्रक्रम,माहिती प्रक्रिया
सूचना प्रौद्योगिकी,माहिती तंत्रज्ञान
सूचना मनोरंजन,इन्फोटेनमेंट
अवरक्त विकिरण,इन्फ्रारेड रेडिएशन
"आधारित संरचना, अवसंरचना",पायाभूत सुविधा
अंतग्रर्हण करना,अंतर्ग्रहण
"संघटक अंग, अवयव",साहित्य
प्रारंभन शब्द,आरंभिक शब्द (आयडब्ल्यू)
"आंतरिक कोड, आंतरिक कूट",अंतर्गत कोड
"नवीकरण, नवाचार",नवीनता
निवेश,इनपुट
निवेश लाइन,इनपुट लाइन
"निवेश एकक, निवेश इकाई",इनपुट युनिट
निवेश वोल्टता,इनपुट व्होल्टेज
निवेश-निर्गत,इनपुट-आउटपुट
अंतर्वेशन,घाला
"अंतर्वेशन हानि, निवेशन हानि",अंतर्भूत तोटा
"अधिष्ठापन, संस्थापन",स्थापना
ताक्षणिक वोल्टता,त्वरित व्होल्टेज
अनुदेश,सूचना
"विद्युत् रोधी पदार्थ, ऊष्मारोधी पदार्थ",इन्सुलेट सामग्री
"रोधन, रोध, विद्युत्-्रोधन, ऊष्मा-रोधन",इन्सुलेशन
"विद्युतरोधन  प्रतिरोध, ऊष्मारोधन प्रतिरोध",इन्सुलेशन प्रतिकार
"विद्युत-रोधी, ऊष्मारोधी",इन्सुलेटर
एकीकृत परिपथ,एकात्मिक सर्किट
समाकलनी जालक्रम,समाकलित नेटवर्क
समाकलक,इंटिग्रेटर
"आसूचना, बुद्धि",बुद्धिमत्ता
तीव्रता,तीव्रता
वाक्-तीव्रता,बोलण्याची तीव्रता
अंतर चैनल व्यतिकरण,इंटर चॅनेल हस्तक्षेप
"अंतरावकाश, अंतरापत्र",इंटरलीव्ह
"अन्योन्यक्रिया, अंतः क्रिया",परस्परसंवाद
अन्योन्यक्रियता,परस्परसंवादीता
"अंतःसंचार, इंटरकॉम",इंटरकॉम
अंतःयोजनीयता,इंटरकनेक्टिव्हिटी
"इंटरफेस, अंतरापृष्ठ",इंटरफेस
अंतरापृष्ठ क्रमवीक्षण,इंटरफेस स्कॅनिंग
व्यतिकरण,हस्तक्षेप
"व्यतिकारी अंचल, व्यतिकारी जोन, क्षेत्र",हस्तक्षेप झोन
व्यतिकारी चैनल,हस्तक्षेप चॅनेल
व्यतिकारी आवृत्ति,हस्तक्षेप वारंवारता
व्यतिकारी रेडियो आवृत्ति संकेत,हस्तक्षेप रेडिओ फ्रिक्वेन्सी सिग्नल
अंतराफ्रेम,इंटरफ्रेम
"अंतरापत्र, अंतरावकाश",इंटरलीव्ह
अंतरापत्रित,इंटरलीव्ह
अंतरापत्रित प्रवाह,अंतर्देशीय प्रवाह
अंतः पत्रक,इंटरलीव्हर
अंतरावकाशी अवधि,इंटरलीव्हिंग
अंतरापत्रण,इंटरलीव्हिंग
अंतरावकाश अवधि,इंटरलीव्हिंग कालावधी
अंतःपाश परिपथ,इंटरलॉक सर्किट
अंतःपाश स्विच,इंटरलॉक स्विच
अंतःपाशन,इंटरलॉकिंग
मध्यवतब विफलता,दरम्यानचे अपयश
मध्य आवृत्ति,दरम्यानचे वारंवारता
मध्य आवृत्ति दोलित्र,इंटरमीडिएट फ्रिक्वेन्सी ऑसीलेटर
आंतरायिक,अधूनमधून
आंतरायिक धारा,अधूनमधून चालू
अंतरामॉडुलन,इंटरमोड्युलेशन
अंतरामॉडुलन विरूपण,इंटरमोड्युलेशन विकृती
अंतरामॉडुलन उत्सर्जन,इंटरमोड्युलेशन उत्सर्जन
अंतरामॉडुलन परीक्षण,इंटरमोड्युलेशन चाचणी
"इंटरनेट, अंतर्जाल",इंटरनेट
इंटरनेट प्रसारण,इंटरनेट प्रसारण
इंटरनेट गपशप,इंटरनेट चॅटिंग
इंटरनेट प्रोटोकॉल स्टैक,इंटरनेट प्रोटोकॉल स्टॅक
इंटरनेट रेडियो,इंटरनेट रेडिओ
इंटरनेट प्रवाहन,इंटरनेट प्रवाह
"इंटरनेट वीडियो, इंटरनेट –ष्य",इंटरनेट व्हिडिओ
अंतरप्रचालनीयता,इंटरऑपरेबिलिटी
अंतर्वेशन,इंटरपोलेशन
"अनुदेशांतरक, निर्वचक",दुभाषे
"अंतरायक, बाधा",व्यत्यय
"अंतरायन, रूकावट, व्यवधान",व्यत्यय
"अंतरायक, बाधक",व्यत्यय आणणारा
अंतराल,मध्यांतर
अंतराकोडन,इंट्राकोडिंग
अंतराफ्रेम,इंट्राफ्रेम
"इंट्रानेट, अंतराजाल, अंतः जाल",इंट्रानेट
अंतराचित्र,इंट्रॅपिक्चर
"अंतरावेब, अंतराजाल",इंट्रावेब
नैज अर्धचालक,आंतरिक सेमीकंडक्टर
विपरीत धारा,व्यस्त करंट
व्युत्क्रम स्थानिक प्रचालन,व्यस्त स्थानिक ऑपरेट
"प्रतिलोमित, व्युत्क्रमित",उलटा
प्रतिलोमित L ऐन्टेना,इनव्हर्टेड एल ten न्टीना
प्रतिलोमित V ऐन्टेना,इनव्हर्टेड व्ही अँटेना
"प्रतीपक, अंतर्वर्तक, इनवर्टर",इनव्हर्टर
अनियमित,अनियमित
"असंगत तत्व, असंबंधित तत्व",असंबद्ध घटक
पृथक्करण जालक्रम,अलगाव नेटवर्क
"विलगक, पृथक्कारक",पृथक
"संबाधक, जामक",जैमर
"संबाधन, जाम होना",जामिंग
विशेष कूट संचिका,जर्गॉन फाइल
जावा लिपि,जावा स्क्रिप्ट
झंकार (विज्ञापन) गीत,जिंगल
"जिटर, प्रकंपन",जिटर
"जोड़ने वाला, मिलाने वाला, योजक",जॉइनर
"जोड़, संधि",संयुक्त
संधित,जोडलेले
"झंपक, जम्पर",जम्पर
"कबाड़, जंक",कंन
"अवांछित डाक, अवांछित मेल",निरुपयोगी पत्र
"vिाष्ट, कर्नेल",कर्नल
कुंजी,की
कुंजी पटल,कीबोर्ड
कुंजीयक,कीर
"मूल स्वर, मूल टिप्पणी, आरंभिक स्वर",कीनोट
किलोसाइकिल,किलोसायकल
किलोवोल्ट,किलोवॉल्ट
किलोवाट,किलोवॅट
शुद्धगतिकी,किनेमॅटिक्स
जानु बिंदु वोल्टता,गुडघा पॉईंट व्होल्टेज
"घुंडी, नॉब",नॉब
ज्ञानाधार,पायाभूत माहिती
ज्ञान निरूपण,ज्ञान प्रतिनिधित्व
L' जालक्रम,एल नेटवर्क
L' परिच्छेद फिल्टर,एल विभाग फिल्टर
पष्चता और अग्रता,अंतर आणि आघाडी
पष्चगामी धारा,चालू आहे
पष्चगामी षक्ति गुणक,उर्जा घटक मागे पडत आहे
"स्तरित, पटलित",लॅमिनेटेड
"लैम्प, दीप",दिवा
लैपटॉप,लॅपटॉप
लेसर आवृत्ति,लेसर वारंवारता
गुप्त त्रुटि,सुप्त त्रुटी
गुप्त ऊष्मा,सुप्त उष्णता
अक्षांश,अक्षांश
"परत, स्तर",थर
"अभिन्यास, नक्शा, खाका",लेआउट
"अभिन्यास योजना, अनुविक्षेप योजना",लेआउट योजना
"अग्रता, तार, लीड",आघाडी
"अग्रगामी कला, अग्रगामी फेज",अग्रगण्य टप्पा
क्षरणरोधी,गळती पुरावा
क्षरण,गळती
पट्टा परिपथ,लीज्ड सर्किट
लेन्स,लेन्स
तल सूचक,स्तर निर्देशक
प्रकाश नियंत्रण,प्रकाश नियंत्रण
"प्रकाश पेन, प्रकाश लेखनी",हलकी पेन
तडित् निरोधक,लाइटनिंग एरेस्टर
सीमक,लिमिटर
"सीमक प्रवर्धक, सीमाकारी प्रवर्धक",एम्पलीफायर मर्यादित करणे
"लाइन क्षय, लाइन हानि",ओळ तोटा
लाइन रव,लाइन आवाज
–ष्टि-रेखा,दृष्टीक्षेप
लाइन प्रावस्था,लाइन फेज
लाइन संचरण,लाइन ट्रान्समिशन
भाररहित लाइन,लाइन अनलोड केलेली
रैखिक क्वांटमकारी,रेखीय क्वांटिझर
रैखिकता,रेषात्मकता
समाक्ष लाइन,लाइन-कॉक्सियल
लाइन समकारी,लाइन-इक्वलिझर
लाइन आवृत्ति,लाइन-फ्रिक्वेन्सी
लाइन प्रतिबाधा,लाइन-इम्पेडन्स
चतुर्थांश तरंगदैर्घ्य लाइन,लाइन-क्वार्टर तरंगलांबी
"कड़ी, शृंखला, लिंक",दुवा
संयोजक शृंखलक,लिंकर
ओष्ठ माइक्रोफोन,लिप-मायक्रोफोन
सजीव प्रसारण,थेट प्रसारण
सक्रिय परिपथ,थेट सर्किट
जीवंत कार्यक्रम,थेट कार्यक्रम
भार,लोड
भार धारिता,भार क्षमता
भार वहन क्षमता,भार वाहून नेण्याची क्षमता
लोड अभिलक्षण,लोड वैशिष्ट्य
लोड प्रतिबाधा,लोड प्रतिबाधा
"भारित, लोडित",भारित
भारक,लोडर
"भारण, लोडन",लोड करीत आहे
"भारण कुंडली, लोडन कुंडली",लोडिंग कॉइल
"भार परीक्षण, लोड परीक्षण",लोड-चाचणी
पालि,लोब
पालि ऐन्टेना,लोब अँटेना
"स्थानीय क्षेत्र जालक्रम, स्थानीय क्षेत्र नेटवर्क",स्थानिक नेटवर्क
स्थानीय बैटरी,स्थानिक बॅटरी
स्थानीय दोलित्र,स्थानिक ऑसीलेटर
"लॉग, अभिलेख",लॉग
लॉग बुक,लॉग बुक
सत्रारंभ,लॉग इन (लॉग ऑन)
सत्रांत,लॉग ऑफ (लॉग आउट)
"लॉगशीट, लॉग प्रपत्र",लॉग पत्रक
"लघुगणक, लॉगेरिथ्म",लॉगरिदम
"लघुगणकीय प्रवर्धक, लॉगेरिथ्मीय प्रवर्धक",लॉगरिथमिक एम्पलीफायर
"लघुगणकीय अनुपात, लॉगेरिथ्मीय अनुपात",लॉगरिथमिक गुणोत्तर
लघुगणकीय अनुक्रिया,लॉगरिथमिक प्रतिसाद
"लघुगणकीय मापक्रम, लघुगणकीय स्केल",लॉगरिथमिक स्केल
"संलेखन, प्रचालेखन",लॉगिंग
तर्क,तर्कशास्त्र
"तर्क द्वार, तर्क गेट",लॉजिक गेट
तर्क संक्रिया,तर्कशास्त्र ऑपरेशन
तार्किक,तार्किक
तार्किक फ्रेम,तार्किक फ्रेम
"लोगो अंतर्वेशक, प्रतीक अंतर्वेशक",लोगो घालणारा
देशांतर,रेखांश
"लूप, पाश",लूप
पाश ऐन्टेना,लूप अँटेना
पाश लब्धि,लूप गेन
लूप परीक्षण,लूप चाचणी
शिथिल संपर्क,सैल संपर्क
"अल्प युग्मन, शिथिल युग्मन",सैल कपलिंग
हासहीन ऐन्टेना,लॉसलेस अँटेना
हासहीन संपीडन,लॉसलेस कॉम्प्रेशन
हासी संपीडन,लॉसि कॉम्प्रेशन
प्रबलता (ध्वनि),मोठा आवाज (आवाज)
"ध्वनि विस्तारक, लाउडस्पीकर",लाऊडस्पीकर
निम्न आवृत्ति,कमी वारंवारता
निम्न स्तर भाषा,निम्न स्तरीय भाषा
निम्न हानि प्रभरक,कमी तोटा फीडर
निम्न हानि नम्य समाक्ष केबल,कमी तोटा लवचिक कोएक्सियल केबल
निम्न रव अभिग्राही,कमी आवाज रिसीव्हर
निम्न कक्षायमान उपग्रह,कमी फिरणारी उपग्रह
निम्न पारक फिल्टर,लो पास फिल्टर
निम्न प्रतिघात भूसंपर्कन,कमी प्रतिक्रिया मिळवणे
अल्प प्रतिरोधी पथ,कमी प्रतिकार मार्ग
"लग, कर्णक",Lug
ज्योतिर्मयता,ल्युमिनेन्स
पिंडित,गठ्ठा
बृहत् खंड,मॅक्रो ब्लॉक
"बृहत् परिभाषा, बृहत् स्पष्टता",मॅक्रो व्याख्या
"बृहत् –ष्य, बृहत् –ष्टि",मॅक्रो व्हिजन
"मायाक्षि, मैजिक आई",जादू डोळा
चुंबक,चुंबक
चुंबकीय क्षेत्र,चुंबकीय क्षेत्र
चुंबकीय फ्लक्स,चुंबकीय प्रवाह
चुंबकीय धुव,चुंबकीय खांब
चुंबकीय विक्षोभ,चुंबकीय वादळ
चुंबकीय स्विच,चुंबकीय स्विच
"चुंबकीय टेप, चुंबकीय फीता",चुंबकीय टेप
चुंबकत्व,चुंबकत्व
"डाक संविलयन, मेल संविलयन",मेल विलीनीकरण
डाक सूची,पत्रव्यवहाराची यादी
मुख्य वाहक,मुख्य वाहक
अनुरक्षण करना,देखभाल
अनुरक्षण; रख-रखाव,देखभाल
अनुरक्षण दल,देखभाल कार्यसंघ
बहुसंख्यक वाहक,बहुसंख्य वाहक
संबंध संपर्क रिले,संपर्क रिले बनवा
संपर्क और विच्छेद स्विच,मेक-अँड ब्रेक स्विच
पुं-संबंधक,नर-कनेक्टर
मानव निर्मित रव,माणसाने आवाज केला
प्रबंधन सूचना तंत्र (एम आई एस),व्यवस्थापन माहिती प्रणाली (एमआयएस)
"जोड़-तोड़, जुगाड़, युक्तियोजित",हाताळले
हस्त नियंत्रण,मॅन्युअल नियंत्रण
हस्तविधि,व्यक्तिचलित पद्धत
सुरक्षा पूर्वोपाय नियम-पुस्तिका,सुरक्षिततेची खबरदारी
हस्त प्रचालित,व्यक्तिचलितपणे ऑपरेट केले
विनिर्माता,निर्माता
प्रच्छादक,मुखवटा
प्रच्छादिती,मस्की
"प्रच्छादी, प्रच्छादक",मास्कर
प्रच्छादन,मास्किंग
प्रच्छादन व्यवहार,मास्किंग वर्तन
श्रव्य प्रच्छादन प्रभाव,ऑडिओचा मास्किंग प्रभाव
प्रच्छादन देहली,मास्किंग थ्रेशोल्ड
प्रच्छादन स्वर,मास्किंग टोन
मास्ट,मास्ट
मास्ट विकिरक,मास्ट रेडिएटर
प्रधान नियंत्रण,मास्टर कंट्रोल
प्रधान दोलित्र,मास्टर ऑसिलॅटरर
"प्रतितुलन प्रतिबाधा, सुमेलन प्रतिबाधा",सामना-प्रतिबिंब
"प्रतितुलन जालक्रम, सुमेलन जालक्रम",मॅचिंग नेटवर्क
"सुमेलन स्टब, प्रतितुलन स्टब",मॅचिंग स्टब
"सुमेलन ट्रांसफार्मर, प्रतितुलन ट्रांसफार्मर",मॅचिंग ट्रान्सफॉर्मर
सामग्री प्रापण,साहित्य-प्रक्रिया
"आव्यूह, मैट्रिक्स",मॅट्रिक्स
अधिकतमीकरण,जास्तीत जास्त
अधिकतम मांग सूचक,जास्तीत जास्त मागणी निर्देशक
अधिकतम षक्ति घनत्व,जास्तीत जास्त उर्जा घनता
अधिकतम सुग्राहिता,जास्तीत जास्त संवेदनशीलता
अधिकतम ताप,जास्तीत जास्त तापमान
अधिकतम उपयोज्य आवृत्ति,जास्तीत जास्त वापरण्यायोग्य वारंवारता
अधिकतम मान,कमाल मूल्य
विफलता-माध्य समय,अयशस्वी होण्याचा अर्थ
"माध्य मूल्य, माध्य मान",म्हणजे मूल्य
मापित संकेत,मोजलेले सिग्नल
मापन,मोजमाप
मापन युक्ति,डिव्हाइस मोजत आहे
माप उपस्कर,मोजण्याचे उपकरणे
माप यंत्र,मोजण्याचे साधन
क्षेत्र सामर्थ्य माप यंत्र,फील्ड सामर्थ्याचे मोजमाप
मापन फीता,मोजपट्टी
"यंत्रावली, क्रियाविधि",यंत्रणा
"मीडिया सर्वर, माध्यम परिसेवक",मीडिया सर्व्हर
"मध्य, माध्यम, मध्यम",मध्यम
मध्यम आवृत्ति,मध्यम वारंवारता
मध्यम आवृत्ति तरंग,मध्यम वारंवारता लाट
मध्यम तरंग,मध्यम लाट (मेगावॅट)
मेगा ओम,मेगा-ओहम
मेगर,मेगर
स्मृति,मेमरी
मेंटरन,मार्गदर्शक
मेनू-बार,मेनू बार
पारद स्विच,बुध स्विच
संविलय,विलीनीकरण
संदेश,संदेश
"अधिआंकड़ा, मेटाडाटा",मेटाडेटा
धातु ऑक्साइड अर्धचालक डायोड,मेटल-ऑक्साईड सेमीकंडक्टर डायोड
धातु-कोषित केबल,मेटल-शीथ केबल
"मीटर, मापक",मीटर
मापयंत्र पैनल,मीटरिंग पॅनेल
अभ्रक,मीका
अभ्रक विद्युत् रोधन,मीका-इन्सुलेशन
"सूक्ष्म-, माइक्रो-",सूक्ष्म-
सूक्ष्म घटक,सूक्ष्म घटक
"सूक्ष्म कंप्यूटर, सूक्ष्म अभिकलित्र",सूक्ष्म संगणक
सूक्ष्म नियंत्रक,मायक्रो-कंट्रोलर
सूक्ष्म इलेक्ट्रॉनिकी,मायक्रो-इलेक्ट्रॉनिक्स
माइक्रोफोन,मायक्रोफोन
माइक्रोफोनिक्स,मायक्रोफोनिक्स
"सूक्ष्मप्रक्रमक, माइक्रोप्रोसेसर",मायक्रोप्रोसेसर
माइक्रो वोल्ट,मायक्रो-व्होल्ट (एमव्ही)
सूक्ष्म तरंग,मायक्रोवेव्ह
सूक्ष्म तरंग ऐन्टेना,मायक्रोवेव्ह अँटेना
सूक्ष्म तरंग किरणपुंज,मायक्रोवेव्ह बीम
मध्य-बैंड,मिड-बँड
"प्रवास, प्रवजन, अभिगमन, स्थानांतरण",स्थलांतर
प्रवास पथ,स्थलांतर मार्ग
"लघुरूप, लघु",सूक्ष्म
लघुरूपीकृत,लघुलेखित
न्यूनतम,किमान
न्यूनतम ताप,किमान तापमान
न्यूनतम उपयोज्य क्षेत्र सामर्थ्य,किमान वापरण्यायोग्य फील्ड सामर्थ्य
"अल्पांश वाहक, अल्पसंख्यक वाहक",अल्पसंख्याक वाहक
कुइंगित,गैरसमज
मिश्रित करना (क्रि.),मिसळा
मिश्रित लोपन,मिश्रित ब्लँकिंग
"मिश्रित सिंक, मिश्रित तुल्यकालन",मिश्रित समक्रमण
मिश्रक,मिक्सर
"मिश्रण ट्यूब, मिश्रण नलिका",मिक्सर ट्यूब
"मिश्रण करना, मिलाना",मिसळणे
मिश्रक परिपथ,मिक्सिंग सर्किट
स्मरक,मेमोनिक
स्मृति विज्ञान,मेमोनोनिक्स
"चल, मोबाइल",मोबाईल
चल बहुमाध्यम अनुप्रयोग,मोबाइल मल्टीमीडिया अनुप्रयोग
"चल दूरदर्शित्र, चल टीवी, चल TV",मोबाइल टीव्ही
विधा,मोड
भंग-विधा,अपयशाची पद्धत
संचरण-विधा,प्रसार मोड
"निदर्श, मॉडल",मॉडेल
मॉडेम,मॉडेम
आधुनिक एफ एम प्रेषित्र,आधुनिक एफएम ट्रान्समीटर
"आधुनिक प्रचलन, आधुनिक प्रवृत्तियाँ",आधुनिक ट्रेंड
"विन्यास विधा, संरूपण विधा",कॉन्फिगरेशनचे मोड
"आशोधन करना, आपरिवर्तन करना (क्रि.)",सुधारित करा
मॉडुलित सतत तरंग,मॉड्युलेटेड सतत लाट
मॉडुलित संकेत,मॉड्युलेटेड सिग्नल
मॉडुलित तरंगरूप,मॉड्युलेटेड वेव्हफॉर्म
मॉडुलन,मॉड्यूलेशन
मॉडुलन आयाम,मॉड्यूलेशन मोठेपणा
"मॉडुलन क्षमता, मॉडुलन सामर्थ्य",मॉड्युलेशन क्षमता
मॉडुलन आवृत्ति,मॉड्युलेशन वारंवारता
मॉडुलन सूचकांक,मॉड्युलेशन इंडेक्स
मॉडुलन रैखिकता,मॉड्यूलेशन रेषात्मकता
"मॉडुलेशन मीटर, मॉडुलनमापी",मॉड्युलेशन मीटर
मॉडुलन मॉनीटर,मॉड्युलेशन मॉनिटर
मॉडुलन प्रतिशत,मॉड्युलेशन टक्केवारी
मॉडुलक,मॉड्युलेटर
"मॉड्यूल, अनुखंड",मॉड्यूल
"नमी, आर्द्रता",ओलावा
संवेग,चालना
"मॉनीटर, अनुवीक्षण",मॉनिटर
"मॉनीटरन, अनुवीक्षण",देखरेख
अनुवीक्षण और विष्लेषण तकनीक,देखरेख आणि विश्लेषण तंत्र
अनुवीक्षण और नियंत्रण,देखरेख आणि नियंत्रण
"मॉनीटरन केंद्र, अनुवीक्षण केंद्र",देखरेख स्टेशन
एकल वर्ण,मोनोक्रोम
एकपथ ध्वनिक संचरण,मोनोफोनिक ट्रान्समिशन
रूप,मॉर्फ
"रूपण, आकृतीकरण",मॉर्फिंग
आकारिता,मॉर्फिझम
मोजैक,मोज़ेक
"मदर बोर्ड, उश्म पटल",मदरबोर्ड
गति प्रतिकरण,मोशन भरपाई
गति आकलन,गती अंदाज
गति सदिश,मोशन वेक्टर
"गतिक वीडियो, चल–श्य",मोशन व्हिडिओ
मोटर,मोटर
मोटर प्रचालक,मोटर ऑपरेटर
मोटर प्रवर्तक,मोटर स्टार्टर
आरोह,माउंट
"मूषक, माउस",माउस
"माउस इंटरफेस, माउस अंतरापृष्ठ",माउस इंटरफेस
गति,हालचाल
बहु चैनल विस्तार,मल्टी चॅनेल विस्तार
बहुप्रसारण,मल्टीकास्टिंग
बहु चैनल संकेत,मल्टीचेनेल सिग्नल
बहुदिश माइक्रोफोन,मल्टीडायरेक्शनल मायक्रोफोन
"बहुभाषी वृत्तविवरण, बहुभाषी कमेंट्री",बहुभाषिक भाष्य
"बहुमाध्यम, मल्टीमीडिया",मल्टीमीडिया
"बहुमाध्यम लघुकेंद्र, मल्टीमीडिया कीऑस्क",मल्टीमीडिया कियोस्क
"बहुमापी, मल्टीमीटर",मल्टीमीटर
बहुपथ,मल्टीपाथ
बहुपथ अभिग्रहण,मल्टीपाथ रिसेप्शन
"बहुप्रावस्था, बहुकला",मल्टीफेस
बहु,एकाधिक
बहुअभिगम तंत्र,एकाधिक प्रवेश प्रणाली
बहुसंकेत,मल्टीप्लेक्स
बहुसंकेतक,मल्टीप्लेक्सर
बहुसंकेतन,मल्टीप्लेक्सिंग
बहुपद प्रवर्धक,मल्टीस्टेज एम्पलीफायर
बहुकार्यन,मल्टीटास्किंग
बहुकंपित्र,मल्टीव्हिब्रेटर
"मूक, निःस्वर",निःशब्द
अन्योन्य चालकता,परस्पर आवाहन
अन्योन्य प्रतिबाधा,परस्पर प्रतिबाधा
अन्योन्य प्रेरकत्व,परस्पर इंडक्टन्स
अन्योन्य व्यतिकरण,परस्पर हस्तक्षेप
नैनो प्रौद्योगिकी,नॅनो-टेक्नॉलॉजी
संकीर्ण बैंड,अरुंदबँड
सीमित प्रसारण,अरुंदकास्टिंग
स्वाभाविक प्रवात,नैसर्गिक मसुदा
"नौसंचालक, संचालक",नेव्हिगेटर
ऋणात्मक,नकारात्मक
ऋणात्मक अभिनति,नकारात्मक पूर्वाग्रह
"ऋणात्मक आवेश, ऋण आवेश",नकारात्मक शुल्क
"ऋणात्मक पुनर्निवेश, ऋणात्मक पुनर्भरण",नकारात्मक अभिप्राय
ऋणात्मक शिखर,नकारात्मक शिखर
ऋणात्मक प्रतिरोध,नकारात्मक प्रतिकार
शुद्ध लाभ,निव्वळ फायदा
शुद्ध हानि,निव्वळ तोटा
नेट-शिष्टाचार,नेटिक्वेट
"नेटवर्क, जालक्रम",नेटवर्क
"जालक्रम, विश्लेषित्र",नेटवर्क विश्लेषक
"नेटवर्क संचिका तंत्र, जालक्रम संचिका तंत्र",नेटवर्क फाइल सिस्टम
"जालक्रम योजना, नेटवर्क योजना",नेटवर्क नियोजन
जालक्रम समापन,नेटवर्क टर्मिनेशन
"जालक्रम संचालन, नेटवर्क संचालन",नेटवर्किंग
"उदासीन, तटस्थ, न्यूट्रल",तटस्थ
"निष्प्रभावन, उदासीकरण",तटस्थीकरण
समाचार कक्ष स्वचालन,न्यूज रूम ऑटोमेशन
"चतुःबिट, चतुःद्वयंक, निबल",Nebe
"ताखा, आला",कोनाडा
शून्य भार परीक्षण,लोड चाचणी नाही
"नोड, निस्पंद, आसंधि",नोड
"रव, शोर",आवाज
रवांक,आवाज आकृती
रव फिल्टर,आवाज फिल्टर
"रव स्तर, रव फ्लोर",आवाज मजला
रव गेट,आवाज गेट
रव अवरोधक,आवाज प्रतिकारशक्ती
रव शामक,आवाज किलर
"शोर स्तर, रव तल",आवाजाची पातळी
रव षक्ति,आवाज शक्ती
रव संरूपण क्वांटमकारी,ध्वनी आकाराचे क्वांटिझर
"रव उद्गम, रव स्रोत",आवाज स्रोत
रव निरोध परिपथ,आवाज दडपशाही सर्किट
रव निरोधक,आवाज सप्रेसर
रव तापमान,आवाज तापमान
रव तापमान,आवाज तापमान
रव त्रिभुज,आवाज त्रिकोण
रव वोल्टता,आवाज व्होल्टेज
"रव रहित, रवहीन",गोंगाट
रवहीन कोडन,गोंगाट नसलेले कोडिंग
रवीय अभिग्रहण,गोंगाट करणारा रिसेप्शन
नामीय उपयोज्य क्षेत्र सामर्थ्य,नाममात्र वापरण्यायोग्य फील्ड सामर्थ्य
अदिशात्मक माइक्रोफोन,डायरेसिटोनल मायक्रोफोन
अप्रेरणिक भार,नॉन-इंडिक्वक्टिव्ह लोड
अप्रेरिणक प्रतिरोध,नॉन-इंडिक्टिव्ह प्रतिकार
ज्यावक्रेतर तरंग,नॉन-सिनोसॉइडल वेव्ह
अहासी स्मृति,नॉन-अस्थिर मेमरी
"NOR, द्वार नॉर गेट",किंवा गेट
सामान्य चाल,सामान्य वेग
सामान्य प्रदाय,सामान्य पुरवठा
"खांच, नॉच",खाच
नॉच फिल्टर,नॉच फिल्टर
"आंकिक, संख्यात्मक",संख्यात्मक
संख्यातः नियंत्रित दोलित्र,संख्यात्मक नियंत्रित ऑसीलेटर
नट-बोल्ट,नट-बोल्ट
नाइक्विस्ट-शैनन प्रमेय,Nyquist-shannon प्रमेय
लक्ष्योन्मुखी,ऑब्जेक्ट-देणारं
"अष्टाधारी, ऑक्टल",ऑक्टल
आवृत्ति अष्टक,वारंवारतेचा अष्टक
"अष्टक, अष्टपदी",ऑक्टेट
ऑफ लाइन,ऑफ-लाइन
ऑफसेट,ऑफसेट
ओम,ओहम
"ओम मीटर, ओममापी",ओम मीटर
तेल परिपथ वियोजक,तेल सर्किट ब्रेकर
"तेल निस्यंदक, तेल फिल्टर",तेलाची गाळणी
"तेल निमज्जित, तेल निमग्न",तेल बुडले
तेल तल प्रमापी,तेल पातळी गेज
सर्वदिश ऐन्टेना,ओमनी-दिशात्मक ten न्टीना
सर्वदिश माइक्रोफोन,ओमनी-दिशात्मक मायक्रोफोन
मांग सापेक्ष,मागणीवर
मांग सापेक्ष प्रवाह,ऑन-डिमांड स्ट्रीमिंग
ऑन लाइन,ऑनलाईन (ऑनलाइन)
ऑनलाइन वैश्लेषिक प्रक्रमण,ऑनलाइन विश्लेषणात्मक प्रक्रिया
"संपर्क-विच्छेद, चालू-बंद, ऑन-ऑफ",चालु बंद
संपर्क-विच्छेद कुंजीयन मॉडुलन,ऑन-ऑफ कीिंग मॉड्यूलेशन
खुला परिपथ,ओपन सर्किट
खुला स्रोत,मुक्त स्रोत
"अनावृत तंत्र, खुला तंत्र",ओपन सिस्टम
प्रचालन आवृत्ति,ऑपरेटिंग वारंवारता
प्रचालन तंत्र,ऑपरेटिंग सिस्टम
"प्रचालन, संक्रिया",ऑपरेशन
"प्रचालक, संकारक",ऑपरेटर
प्रकाशिक तंतु,ऑप्टिकल फायबर
प्रकाशिक आवृत्ति,ऑप्टिकल वारंवारता
प्रकाशिक लघुकरण,ऑप्टिकल कपात
प्रकाशिक विभेदन,ऑप्टिकल रेझोल्यूशन
प्रकाशिक पथ,ऑप्टिकल ट्रॅक
इष्टतम कार्यचालन आवृत्ति,इष्टतम कार्य वारंवारता
प्रकाशीय युग्मक,ऑप्टोकॉप्लर
प्रकाशीय इलेक्ट्रॉनिकी,ऑप्टोइलेक्ट्रॉनिक्स
"ऑर गेट, OR गेट",किंवा गेट
कक्षा,कक्षा
दोलित्र,ऑसीलेटर
"दोलनलेख, ऑसिलोग्राम",ऑसिलोग्राम
"दोलनलेखी, ऑसिलोग्राफ",ऑसिलोग्राफ
"दोलनदशब, ऑसिलोस्कोप",ऑसिलोस्कोप
बाहरी अंतः पत्रक,बाह्य इंटरलीव्हर
"निर्गमनी फीडर, निर्गमनी प्रभरक",आउटगोइंग फीडर
निर्गम,आउटपुट
निर्गम स्तर,आउटपुट स्तर
निर्गममापी,आउटपुट मीटर
निर्गम ट्रांसफार्मर,आउटपुट ट्रान्सफॉर्मर
निर्गम वाल्व,आउटपुट वाल्व
निर्गम तंरगरूप,आउटपुट वेव्हफॉर्म
बाह्य प्रसारण,बाहेरील प्रसारण (ओबी)
अवन,ओव्हन
अतियुग्मन,ओव्हर कपलिंग
"अतिमॉडुलन, अधिमॉडुलन",ओव्हर मॉड्यूलेशन
अधिवोल्टता,ओव्हर व्होल्टेज
समग्र क्षीणन,एकूणच लक्ष
समग्र प्रसारण विश्वसनीयता,एकूणच प्रसारण विश्वसनीयता
समग्र दक्षता,एकूणच कार्यक्षमता
समग्र अधिग्रहण विष्वसनीयता,एकूणच रिसेप्शन विश्वसनीयता
समग्र अनुक्रिया,एकूणच प्रतिसाद
"समग्र प्रणाली, समग्र तंत्र",एकूणच प्रणाली
ध्वनि-अतिअंतरण,ओव्हरडबिंग
शिरोपरि लाइन,ओव्हरहेड लाइन
शिरोपरि तार,ओव्हरहेड वायर
अतिभार,ओव्हरलोड
अतिभार संरक्षण युक्ति,ओव्हरलोड संरक्षण उपकरणे
"अतिभार ट्रिप, अधिभार मोचन",ओव्हरलोड ट्रिप
अधिप्रतिचयन,ओव्हरस्पलिंग
"संकुलित, बंधा हुआ",पॅक
पैकेट स्विचन,पॅकेट स्विचिंग
पैकेटीकरण,पॅकेटायझेशन
पैकेटीकृत,पॅकेटाइज्ड
पैड,पॅड
"पृष्ठन, पृष्ठीकरण",पेजिंग
विस्तार स्क्रीन,पॅन स्क्रीन
"पैनल, नामिका",पॅनेल
"पैनकरण, क्षैतिज प्रसर्पण",पॅनिंग
परि–ष्य,पॅनोरामा
परवलयाकार माइक्रोफोन,पॅराबोलिक मायक्रोफोन
"आमूल परिवर्तन, पैराडिम शिफ्ट",आमूलाग्र बदल
विरोधाभास,विरोधाभास
"समांतर पोर्ट, संद्वार",समांतर बंदर
प्राचल,पॅरामीटर
पराश्रयी हानि,परजीवी तोटा
पराश्रयी दोलन,परजीवी दोलन
"समता द्वयंक, समता बिट",पॅरिटी बिट
समता परीक्षण,पॅरिटी टेस्टिंग
पारसेक,पार्सेक
"आंशिक विभेदन, आंशिक विघटन",आंशिक ठराव
"पारण बैंड, पासबैंड",पासबँड
निष्क्रिय,निष्क्रीय
"निष्क्रिय जालक्रम, निष्क्रिय नेटवर्क",निष्क्रिय नेटवर्क
पासवर्ड,संकेतशब्द
पैच,पॅच
पैच कॉर्ड,पॅच कॉर्ड
पथ हानि,पथ नुकसान
प्रतिरूप,नमुना
लाद भार,पेलोड
शिखर तुंगता,पीक उंची
शिखर एनोड धारा,पीक एनोड करंट
शिखर सीमक,पीक लिमिटर
"शिखर भार, शिखर लोड",पीक लोड
शिखर मान,पीक मूल्य
शिखरण,पीकिंग
"उच्च- निम्न शिखर वोल्टता, पीक-टू-पीक वोल्टता",पीक-टू-पीक व्होल्टेज
"पीयर-टू-पीयर, समस्तर",पीअर-टू-पीअर
"अवगमी निदर्श, अवगमी मॉडल",समजात्मक मॉडेल
अनुबोधक निदर्श,समजूतदार मॉडेल
निष्पादन,कामगिरी
उपभू,पेरिगी
आवतब परीक्षण,नियतकालिक चाचणी
"परिधीय, उपांतीय",परिघीय
सह उपकरण,परिघीय
"पारगम्यता, चुंबकशीलता",पारगम्यता
"परावैद्युतांक, विद्युतशीलता",परवानगी
"आभासी षक्ति प्रदाय, फैंटम पावर सप्लाई",फॅंटम वीजपुरवठा
"कला; प्रावस्था, फेज",टप्पा
फेज एकांतरण लाइन,फेज बदल ओळ
"कला तुलनित्र, फेज तुलनित्र",फेज तुलनकर्ता
"कला विलंब, फेज विलंब",टप्पा विलंब
"कला विविक्तिकर, फेज विविक्तिकर",फेज भेदभाव करणारा
"कला पाशित लूप आवृत्ति, फेज पाशित लूप संष्लेषक",फेज लॉक लूप फ्रिक्वेन्सी सिंथेसाइझर
"कला मॉडुलन, फेज मॉडुलन",फेज मॉड्यूलेशन
"कला व्युत्क्रमण, व्युत्क्रमण",फेज उलट
"कला विस्थापन कुंजीयन, फेज विस्थापन कुंजीयन",फेज शिफ्ट की
फोन-कनसोल,कन्सोल मध्ये फोन
फोन-कार्यक्रम,प्रोग्राममध्ये फोन
"भौतिक परत, भौतिक स्तर",शारीरिक थर
चित्रीय,सचित्र
"दाब वैद्युत्, पीजोइलेक्ट्रिक",पायझोइलेक्ट्रिक
पायलट जनित्र,पायलट जनरेटर
पायलट संकेत,पायलट सिग्नल
पथप्रदशब समस्वर,पायलट टोन
"चौर्य, पायरेसी",पायरेसी
"अंतराल, तारत्व",खेळपट्टी
"चित्र तत्व, पिक्सेल, चित्र अवयव",पिक्सेल
चित्र अवयवीकरण,पिक्सेलायझेशन
संयंत्र,वनस्पती
प्लाज्मा,प्लाझ्मा
"प्लेटफार्म, पटल",प्लॅटफॉर्म
"प्रतिश्रवण, प्ले-बैक; प्रस्तुति",परत खेळा
प्ले-बैक प्रवर्धक,परत एम्पलीफायर खेळा
प्ले-बैक शीर्ष,मागे डोके खेळा
"प्लेलिस्ट, श्रवण सूची",प्लेलिस्ट
प्लेआउट,बाहेर खेळा
"प्लॉटर, आलेखक, अंकक",प्लॉटर
प्लग,प्लग
वातिल नियंत्रण तंत्र,वायवीय नियंत्रण प्रणाली
धुवीकरण,ध्रुवीकरण
धुवता,ध्रुवपणा
बहुभुज,बहुभुज
बहुपदीय,बहुपदीय
बहुप्रावस्था फिल्टर बैंक,पॉलीफेज फिल्टर बँक
"द्वारमंडप, पोर्च",पोर्च
सरंध्र अवशोषक,सच्छिद्र शोषक
"द्वार, पोर्ट",बंदर
धन शिखर,सकारात्मक शिखर
पष्च तुल्यकालन,पोस्ट सिंक्रोनाइझेशन
विभवमापी,पोटेंटीमीटर
"षक्ति, विद्युत्",शक्ती
षक्ति प्रवर्धक,पॉवर एम्पलीफायर
षक्ति संयोजन,शक्ती संयोजन
षक्ति खपत,वीज वापर
षक्ति नियंत्रण,उर्जा नियंत्रण
षक्ति घनत्व,उर्जा घनता
षक्ति वितरण,वीज वितरण
षक्ति भंग,शक्ती अपयश
षक्ति लब्धि,पॉवर गेन
षक्ति सूचक,पॉवर इंडिकेटर
षक्ति अंतरापृष्ठ,पॉवर इंटरफेस
"विद्युत् प्रदाय, विद्युत् संभरण, षक्ति प्रदाय",वीजपुरवठा
विद्युत् प्रदाय-योजनाबद्ध,वीजपुरवठा- योजनाबद्ध
पावर स्विच,उर्जा कळ
पावर ट्रांसफार्मर,पॉवर ट्रान्सफॉर्मर
"पूर्वता प्रभाव, पूर्ववर्तिता",प्राधान्य प्रभाव
प्रागुक्तीय कोडन,भविष्यवाणी कोडिंग
"प्राक् प्रबलन, पूर्व प्रबलन",प्री-जोर
पूर्व मिश्रण,प्री-मिक्स
पूर्व अभिलेखित,पूर्व-रेकॉर्ड केलेले
परिरक्षण,संरक्षण
दाब बटन,बटण दाबा
दाब परीक्षण,दबाव चाचणी
प्राथमिक वर्ण,प्राथमिक रंग
प्राथमिक व्याप्ति,प्राथमिक कव्हरेज
आदि बहुपद,आदिम बहुपद
"मुद्रित परिपथ पटल, मुद्रित परिपथ बोर्ड (पी सी बी)",मुद्रित सर्किट बोर्ड (पीसीबी)
"प्रिंटर, मुद्रित्र",प्रिंटर
प्रक्रिया,प्रक्रिया
"प्रक्रम, प्रक्रिया",प्रक्रिया
"प्रक्रमण, प्रक्रिया",प्रक्रिया
प्रक्रमक,प्रोसेसर
"रूपरेखा, परिच्छेदिका",प्रोफाइल
प्रोग्राम बहुसंकेतन,प्रोग्राम मल्टिप्लेक्सिंग
"प्रोग्राम, क्रमादेश, कार्यक्रम",कार्यक्रम (कार्यक्रम)
"प्रोग्रामक, क्रमादेशक",प्रोग्रामर
"परियोजना प्रबंधन, परियोजना प्रबंध",प्रकल्प व्यवस्थापन
प्रचुरोद्भवन,प्रसार
"संचरण, प्रेषण, प्रसारण",प्रसार
रेडियो तरंगों का संचरण,रेडिओ लहरींचा प्रसार
संचरण वक्र,प्रसार वक्र
गुणधर्म,मालमत्ता
समानुपातिक,प्रमाणित
संरक्षण अनुपात,संरक्षण प्रमाण
संरक्षी रिले,संरक्षणात्मक रिले
"संदेशाचार, प्रोटोकॉल",प्रोटोकॉल
"आदिरूप, प्रोटोटाइप",प्रोटोटाइप
"परोक्ष परिसेवक, परोक्ष सर्वर",प्रॉक्सी सर्व्हर
"मनोध्वानिक कूटक, मनोध्वानिक कोडक",सायकोएकॉस्टिक कोडर
मनोध्वानिक विधा,सायकोएकॉस्टिक मोड
मनोध्वानिक निदर्श,सायकोएकॉस्टिक मॉडेल
मनोध्वानिक परिघटना,सायकोएकॉस्टिक इंद्रियगोचर
मनोध्वानिकी,सायकोएकॉस्टिक्स
मनोमितीय संचित्र,सायकोमेट्रिक चार्ट
जन संबोधन प्रवर्धक,सार्वजनिक पत्ता एम्पलीफायर
लोक प्रसारक,सार्वजनिक प्रसारक
स्पंद,नाडी
स्पंद कोड मॉडुलन,नाडी कोड मॉड्यूलेशन
स्पंद जनित्र,नाडी जनरेटर
स्पंद मॉडुलन,नाडी मॉड्यूलेशन
स्पंद उत्कर्ष काल,नाडी वाढीची वेळ
"स्पंद विस्तार, स्पंद चौड़ाई",नाडी रुंदी
"छिद्रित कार्ड, छिद्रित पत्रक",पंच कार्ड
छिद्रण,पंक्चरिंग
दाब बटन,बटन दाब
दाब-कर्ष षक्ति प्रवर्धक,पुल पॉवर पॉवर एम्पलीफायर पुल
चतुर्ध्वानिक,चतुष्पाद
"समकोणांतर, समकोणिक",चतुष्पाद
गुणता,गुणवत्ता
गुणता नियंत्रण,गुणवत्ता नियंत्रण
गुणता कारक,गुणवत्ता घटक
"मात्रा, राशि, परिमाण",प्रमाण
"क्वांटमन, क्वांटमीकरण",परिमाण
क्वांटमन त्रुटि,परिमाण त्रुटी
क्वांटमीकरण,परिमाण
"द्रुत क्षीणन, द्रुत शीतन",विस्मयकारक
विकिरित षक्ति,रेडिएटेड पॉवर
विकिरण,रेडिएशन
विकिरण दक्षता,रेडिएशन कार्यक्षमता
रेडियो,रेडिओ
रेडियोसक्रियता संकट,रेडिओ क्रियाकलाप धोके
रेडियो खगोलिकी,रेडिओ खगोलशास्त्र
रेडियो आवृत्ति,रेडिओ वारंवारता
रेडियो आवृत्ति चालन,रेडिओ फ्रिक्वेन्सी (आरएफ) ड्राइव्ह
"रेडियो आवृत्ति फीडर, रेडियो आवृत्ति प्रभरक",रेडिओ फ्रिक्वेन्सी (आरएफ) फीडर
रेडियो आवृत्ति दोलित्र,रेडिओ फ्रिक्वेन्सी (आरएफ) ऑसीलेटर
रेडियो आवृत्ति संश्लेषक,रेडिओ फ्रिक्वेन्सी (आरएफ) सिंथेसाइझर
रेडियो व्यतिकरण,रेडिओ हस्तक्षेप
रेडियो स्थिति निर्धारण,रेडिओ स्थान
रेडियो नेटवर्किंग चैनल,रेडिओ नेटवर्किंग (आरएन) चॅनेल
रेडियो संचरण माध्यम,रेडिओ प्रसार माध्यम
रेडियो अभिग्राही,रेडिओ रिसीव्हर
रेडियो नियमन,रेडिओ नियम
रेडियो संकेत,रेडिओ सिग्नल
रेडियो स्पेक्ट्रम,रेडिओ स्पेक्ट्रम
"रेडियो अनुवर्तन, रेडियो अनुपथन",रेडिओ ट्रॅकिंग
"रेडियो प्रेषित्र, रेडियो ट्रांसमीटर",रेडिओ ट्रान्समीटर
रेडियो तरंग,रेडिओ वेव्ह
त्रिज्या,त्रिज्या
"रैम्प, ढलान",रॅम्प
या–च्छिक,यादृच्छिक
या–च्छिक आंकड़ा,यादृच्छिक डेटा
या–च्छिक त्रुटि,यादृच्छिक त्रुटी
या–च्छिक उच्चावचन,यादृच्छिक चढउतार
परास,श्रेणी
रास्टर,रास्टर
रास्टर प्रतिबिंब आरूप,रास्टर प्रतिमा स्वरूप
दर नियंत्रण,दर नियंत्रण
परिवर्तन-दर,बदलण्याचे प्रमाण
"निर्धारित क्षमता, निर्धारित धारिता",निर्धारित क्षमता
निर्धारित अश्वषक्ति,रेटेड हॉर्स पॉवर
निर्धारित षक्ति,रेट केलेली शक्ती
"निर्धारण, अनुमतांक",रेटिंग
"आर सी युग्मन, R-C युग्मन",आर-सी कपलिंग
प्रतिघात,प्रतिक्रिया
"प्रतिक्रिया, अभिक्रिया",प्रतिक्रिया
प्रतिघाती घटक,प्रतिक्रियाशील घटक
"प्रतिघाती भार, प्रतिघाती लोड",प्रतिक्रियाशील भार
अभिकर्मक निक्षारण,अभिकर्मक एचिंग
वास्तविक काल संचरण,रिअल टाइम ट्रान्समिशन
पुनःप्रसारण,पुनर्बांधणी
अभिग्राही,प्राप्तकर्ता
अभिग्राही ऐन्टेना,अँटेना प्राप्त
अभिग्राही केंद्र,प्राप्त केंद्र
अभिग्रहण,रिसेप्शन
अभिग्रहण रिपोर्ट,रिसेप्शन रिपोर्ट
अभिग्रहण सर्वेक्षण,रिसेप्शन सर्वेक्षण
व्युत्क्रम,परस्पर
"पुनर्निर्माण फिल्टर, पुनर्निर्माण निस्यंदक",पुनर्रचना फिल्टर
अभिलेखनीय,रेकॉर्ड करण्यायोग्य
अभिलेखित,रेकॉर्ड
अभिलेखित्र,रेकॉर्डर
अभिलेखन,मुद्रित करणे
अभिलेखन बूथ,रेकॉर्डिंग बूथ
"अभिलेखन शीर्ष, अभिलेखन हेड",रेकॉर्डिंग हेड
डिस्क-अभिलेखन,डिस्कवर रेकॉर्डिंग
अभिलेखन कक्ष,रेकॉर्डिंग रूम
अभिलेखन पद्धति,रेकॉर्डिंग सिस्टम
"अभिलेखन टेप, अभिलेखन फीता, अभिलेखन तंत्र",रेकॉर्डिंग टेप
"दिष्टकरण, परिशोधन",दुरुस्ती
दिष्टकारी संकेत,सुधारित सिग्नल
"दिष्टकारी, परिशोधक",सुधारक
पुनश्चक्र,रिसायकल
"अतिरेकता, अपेक्षाधिक्य",रिडंडंसी
"अतिरिक्त, अपेक्षाधिक",निरर्थक
अतिरिक्त तत्व,निरर्थक घटक
"पुनःअभियांत्रिकीकरण, पुनर्विन्यास",पुन्हा अभियंता
पुनर्वर्धन,पुन्हा प्रवेश
संदर्भ आवृत्ति,संदर्भ वारंवारता
संदर्भ मान,संदर्भ मूल्य
परावतब परत,प्रतिबिंबित थर
परावतब माध्यम,प्रतिबिंबित माध्यम
परावतब पृष्ठ,प्रतिबिंबित पृष्ठभाग
परावर्तन,प्रतिबिंब
परावर्तक,परावर्तक
ऐन्टेना परावर्तक,अँटेना साठी परावर्तक
अपवर्तन,अपवर्तन
अपवर्तनांक,अपवर्तक सूचकांक
प्रशीतन,रेफ्रिजरेशन
पुनर्जनन,पुनर्जन्म
"रजिस्टर, पंजी",नोंदणी करा
नियामक वाल्व,झडप नियंत्रित करणे
नियमन,नियमन
नियामक,नियामक
नियामक,नियामक
प्रबलन,मजबुतीकरण
संबंधपरक,संबंधीत
सापेक्ष विद्युत्शीलता,सापेक्ष परवानगी
"रिले, प्रतिसारण केंद्र",रिले
रिले केंद्र,रिले सेंटर
मूक रिले,रिले निःशब्द
रिले प्रेषित्र,रिले ट्रान्समीटर
मोचन,सोडणे
निर्वोल्टता मोचन,रिलीज नाही व्होल्ट
विष्वसनीयता,विश्वसनीयता
विष्वसनीय,विश्वसनीय
"सुदूर, रिमोट",दूरस्थ
"सुदूर-नियंत्रण, रिमोट कंट्रोल",रिमोट कंट्रोल
सुदूर नियंत्रण एवं संचालन तंत्र,रिमोट कंट्रोल आणि नेव्हिगेशन सिस्टम
सुदूर नियंत्रण एकक,रिमोट कंट्रोल युनिट
सुदूर तंत्र,रिमोट सिस्टम
सुदूर-नियंत्रित उपस्कर,दूरस्थपणे नियंत्रित उपकरणे
पुनरावतब कुंडली,कॉइलची पुनरावृत्ती करा
पुनरावर्तक,रीपिटर
प्रतिस्थापन,बदली
पुनः पूर्ति,पुन्हा भरती
"पुनरुत्पादन, पुनः प्रस्तुति",पुनरुत्पादित
"पुनरुत्पादन, जनन",पुनरुत्पादन
पुनः अभिलेखन,पुन्हा रेकॉर्डिंग
अनुसंधान एवं विकास,संशोधन आणि विकास
"पुनर्नियोजन, पुनः नियोजन",रीसेट
अवशिष्ट पुनर्मिश्रण,अवशिष्ट रीशफलिंग
"अवशिष्ट, अवशेष",अवशेष
प्रतिरोध,प्रतिकार
प्रतिरोध भार,प्रतिकार भार
प्रतिरोधक,प्रतिरोधक
विभेदन,ठराव
अनुनाद,अनुनाद
अनुनाद आवृत्ति,अनुनाद वारंवारता
अनुनादी,अनुनाद
अनुनादी लाइन,रेझोनंट लाइन
अनुनादक,अनुनाद
"संसाधन, साधन",संसाधन
संसाधन सहभागिता,संसाधन सामायिकरण
अनुक्रिया अवधि,प्रतिसाद कालावधी
अनुक्रिया,प्रतिसाद
पुनः स्थापन,जीर्णोद्धार
परिणामी,परिणामी
धारण,धारणा
"पुनर्प्रेषण, पुनः संचार",Retransmission
"पुनःप्रापण, पुनःप्राप्ति",पुनर्प्राप्ती
पुनःप्राप्ति इंजन,पुनर्प्राप्ती इंजिन
पुनः प्रयास,पुन्हा प्रयत्न करा
"प्रतिगम, वापसी",परत
वापसी पथ,परत मार्ग
अनुरणन,पुनर्विचार
अनुरणन काल,पुनर्विचार वेळ
विपरीत अभिनत डायोड,रिव्हर्स बायस्ड डायोड
प्रतीप धारा,उलट करंट
परिक्रमी,रिव्हॉल्व्हिंग
पुनः कुंडलन,रिवाइंड
पुनः तारयोज्य फ्यूज,रीवायरेबल फ्यूज
पुनः तार स्थापन,रीवायरिंग
"पुनः लेखनीय, पुनर्लेखनीय",पुन्हा लिहिण्यायोग्य
"रेडियो आवृत्ति चालक, आर एफ ड्राइव",आरएफ ड्राइव्ह
"रेडियो आवृत्ति प्रभरक, आर एफ फीडर",आरएफ फीडर
रेडियो आवृत्ति संकट,आरएफ धोके
"आर एफ संरक्षण अनुपात, रेडियो आवृति संरक्षण अनुपात",आरएफ संरक्षण प्रमाण
"धारा नियंत्रक, धारा नियामक",Rheostat
रिबन,रिबन
रिवेट,Rivet
रिवेटित जोड़,Riveteted संयुक्त
रिवेट लगाना,Rivetting
"रेडियो नेटवर्क चैनल, आर एन चैनल, RN चैनल",आरएन चॅनेल
"रोबोट, यंत्र मानव",रोबोट
रोबोटिक्स,रोबोटिक्स
अंतर्बेलन,रोल इन
बहिर्बेलन,बाहेर पडा
मूल,मूळ
घूणब,रोटरी
"घूर्णन, चक्रानुक्रम",रोटेशन
मार्ग,मार्ग
"अनुमार्गक, राउटर",राउटर
"नेमी प्रचालन, सामान्य क्रियाएं",नियमित ऑपरेशन्स
अनुमार्गन,मार्ग
कार्य अवधि,वेळ धाव
सुरक्षा व्यवस्था,सुरक्षा व्यवस्था
सुरक्षा अंतःपाश,सुरक्षा इंटरलॉक
"अवनमन, झोल",Sag
प्रमुख अभिलक्षण,ठळक वैशिष्ट्ये
"नमूना, प्रतिदर्श",नमुना
सैंपल ऐंड होल्ड परिपथ,नमुना आणि होल्ड सर्किट
"प्रतिदर्श आमाप, सैंपल साइज",नमुन्याचा आकार
प्रतिचयित आंकड़ा,नमुना डेटा
प्रतिचयन,नमुना
प्रतिचयन दर,नमूना दर
प्रतिचयन संतृप्ति,नमुना संपृक्तता
प्रतिचयन सिद्धांत/ प्रमेय,नमुना सिद्धांत/प्रमेय
उपग्रह,उपग्रह
उपग्रह संचार,उपग्रह संप्रेषण
उपग्रह व्याप्ति,उपग्रह कव्हरेज
"उपग्रह अंकीय कड़ी, उपग्रह अंकीय लिंक",उपग्रह डिजिटल दुवा
उपग्रह व्यतिकरण,उपग्रह हस्तक्षेप
उपग्रह रेडियो,उपग्रह रेडिओ
"उपग्रह रेडियो संचरण, उपग्रह रेडियो प्रेषण",उपग्रह रेडिओ ट्रान्समिशन
"उपग्रह संचरण, उपग्रह प्रेषण",उपग्रह प्रसारण
संतृप्त हवा,संतृप्त हवा
संतृप्ति धारा,सॅच्युरेटिंग करंट
संतृप्ति,संपृक्तता
आरा दंती तरंग,दात लाट सॉ
"अनुमापनीयता, विस्तार क्षमता",स्केलेबिलिटी
"अनुमाप, पैमाना, मापनी",स्केल
"माप गुणक, स्केल गुणक",स्केल फॅक्टर
"सोपानी, क्रम गणक, सोपानन",स्केलिंग
क्रमवीक्षित किरणपुंज,स्कॅन केलेले बीम
क्रमवीक्षक,स्कॅनर
क्रमवीक्षण आवृत्ति,स्कॅनिंग वारंवारता
क्रमवीक्षण लाइन,स्कॅनिंग लाइन
प्रकीर्णन,विखुरलेले
परि–श्य,परिस्थिती
अनुसूचक,शेड्यूलर
व्यवस्थात्मक,योजनाबद्ध
शॉटकी रोधिका,शॉटकी अडथळा
प्रस्फुरण,Scintillation
अस्फुटक,स्क्रॅम्बलर
अस्फुटन,स्क्रॅम्बलिंग
"स्क्रैप, क्षेप्य",स्क्रॅप
"खुरचन, टुकड़ा, खंड, स्क्रैप",स्क्रॅपिंग
"खरोंच, खरखराहट",स्क्रॅच
"परदा, स्क्रीन",स्क्रीन
"स्क्रीन जलन, प्रपट्ट जलन",स्क्रीन बर्न
स्क्रीन उपमार्ग,स्क्रीन बायपास
स्क्रीन धारा,स्क्रीन करंट
स्क्रीन ग्रिड,स्क्रीन ग्रीड
"स्क्रीन रक्षी, प्रपट्ट रक्षी",स्क्रीन सेव्हर
आवरित केबल,स्क्रीनिंग केबल
"विविक्तीकरण, स्क्रीन प्रदर्शन, छानबीन, छानना",स्क्रीनिंग
"स्क्रॉल, वलनी",स्क्रोल
"स्क्रॉल बार, वलनी दंड",स्क्रोल बार
"कुंडलन, स्क्रॉलन",स्क्रोलिंग
"अन्वेषी इंजन, खोजी इंजन",शोध इंजिन
"द्वितीयक, गौण",दुय्यम
"द्वितीयक सेल, संचायक सेल",दुय्यम सेल
"सेक्टर, त्रिज्यखंड",क्षेत्र
"टुकड़ा, खंड",विभाग
स्वतः नैदानिक,सेल्फ डायग्नोस्टिक
अर्धचालक,अर्धसंवाहक
प्रेषक,प्रेषक
"संवेदनशीलता, सुग्राहिता",संवेदनशीलता
"संवेदक, संवेदित्र, सुग्राही",सेन्सर
अनुक्रम,क्रम
"क्रमिक, धारावाहिक",अनुक्रमांक
क्रमिक अभिगम,अनुक्रमांक प्रवेश
"क्रमिक संपर्कस्थल, क्रमिक द्वारक",सिरियल पोर्ट
श्रेणी अनुनाद,मालिका अनुनाद
"सर्वर, परिसेवक",सर्व्हर
"व्यवस्था, व्यवस्थापन",सेटअप
"छायांकन, छायन, छादन",शेडिंग
"छाया, प्रतिछाया",सावली
शैनन प्रमेय,शॅननचे प्रमेय
संरूपण,आकार
सहभागिता सामग्री,सामायिकवेअर
"आच्छद, आवरण",म्यान
"विस्थापन, पारी",शिफ्ट
विस्थापन,शिफ्टिंग
प्रघात,शॉक
लघु परिपथ,शॉर्ट सर्किट
लघुपथ परीक्षण,शॉर्ट सर्किट चाचणी
लघु तरंग,शॉर्ट वेव्ह
लघु तरंग केंद्र,शॉर्ट वेव्ह सेंटर
"लघु पथ, सरल उपाय",शॉर्टकट
"काम-बंद, विराम, शटडाउन",शटडाउन
विराम संकेत,शटडाउन सिग्नल
"पार्ष्व बैंड, पार्ष्व पट्ट",साइड बँड
पार्ष्व बैंड षक्ति,साइड बँड पॉवर
"संकेत, सिगनल",सिग्नल
संकेत आयाम,सिग्नल मोठेपणा
संकेत प्रवाह ग्राफ,सिग्नल फ्लो आलेख
संकेत जनित्र,सिग्नल जनरेटर
संकेत प्रकाश,सिग्नल लाइट
संकेत अनुमार्गन,सिग्नल राउटिंग
संकेत सामर्थ्य,सिग्नल सामर्थ्य
"संकेत-अप्रासंगिक वार्ता अनुपात, संकेत-क्रॉस वार्ता अनुपात, संकेत संकर वार्ता अनुपात",क्रॉस टॉक रेशोचे सिग्नल
संकेत-रव अनुपात,आवाजाचे प्रमाण सिग्नल
संकेत-अभारित रव अनुपात,अन्वाट ध्वनी प्रमाण सिग्नल
संकेतन और स्विचन,सिग्नलिंग आणि स्विचिंग
"संकेत द्वयंक, संकेत बिट",सिग्नलिंग बिट
"सार्थक पार्ष्वबैंड, सार्थक पार्ष्वपट्ट",महत्त्वपूर्ण साइडबँड
"एकमुखी, सरल, एकधा, एक संकेतन",सिम्प्लेक्स
अनुकरण,सिम्युलेशन
"अनुकारक, अनुकारी",सिम्युलेटर
समकालीन प्रसारण,सिमुलकास्ट
समकालिक प्रच्छादन,एकाचवेळी मुखवटा
"ज्या घटक, साइन घटक",साइन घटक
"ज्या तरंग, साइन तरंग",साइन वेव्ह
एकल आवृत्ति जालक्रम,एकल वारंवारता नेटवर्क
एकल कला मोटर,सिंगल फेज मोटर
"स्थल, साइट",जागा
"स्थल नक्शा, स्थल अभिन्यास",साइट लेआउट योजना
कुशल प्रचालक,कुशल ऑपरेटर
प्लूति दूरी,अंतर वगळा
व्योम तरंग,स्काय वेव्ह
व्योम तरंग संचरण,स्काय वेव्ह प्रसार
"पट्ट, स्लैब",स्लॅब
तिर्यक् पथ,तिरकस मार्ग
"खांचा, नाली",स्लॉट
स्मार्ट कार्ड,स्मार्ट कार्ड
सोडियम वाष्प लैम्प,सोडियम वाष्प दिवा
सुगम कुंजी,मऊ की
सॉफ्टवेयर,सॉफ्टवेअर
सौर सक्रियता,सौर क्रिया
सौर ऊर्जा,सौर उर्जा
सौर प्रज्वाल,सौर flares
सौर षक्तियुक्त,सौर उर्जा
"ठोस अवस्था, ठोसावस्था",ठोस राज्य
ठोस अवस्था भंडारण,सॉलिड स्टेट स्टोरेज
ठोस अवस्था प्रेषित्र,सॉलिड स्टेट ट्रान्समीटर
छांटना,क्रमवारी
ध्वनि,आवाज
ध्वनि अवशोषण,ध्वनी शोषण
ध्वनि संतुलन,ध्वनी शिल्लक
ध्वनि संसूचक,ध्वनी शोधक
ध्वनि मिश्रक,ध्वनी मिक्सर
ध्वनि परिप्रेक्ष्य,ध्वनी दृष्टीकोन
ध्वनि षक्ति,ध्वनी शक्ती
ध्वनिरोधी,ध्वनी पुरावा
ध्वनि अभिलेखन,ध्वनी रेकॉर्डिंग
ध्वनि परावर्तन,ध्वनी प्रतिबिंब
ध्वनि संचरण हानि,ध्वनी संप्रेषण तोटा
"साधन, स्रोत",स्त्रोत
स्रोत कोडक,स्त्रोत एन्कोडर
"आकाश, अंतरिक्ष, अंतराल",जागा
"अंतरिक्ष विविधता, आकाशीय विविधता",अंतराळ विविधता
अंतरिक्ष दूरप्रसारण,स्पेस टेलिकास्टिंग
अंतरिक्ष तरंग,स्पेस वेव्ह
"अंतराल, अंतरण",अंतर
"स्पैम, अपसंदेश",स्पॅम
"अपसंदेशन, स्पैमन",स्पॅमिंग
"फैलाव, विस्तृति",कालावधी
"अतिरिक्त द्वयंक, अतिरिक्त बिट",मोकळा
अतिरिक्त  पुर्जे,अतिरिक्त
स्फुलिंग; स्फुलिंगन,स्पार्किंग
"आकाशीय, स्थानिक",स्थानिक
स्थानिक प्रभाव,स्थानिक प्रभाव
स्थानिक अतिरिक्त्ता,स्थानिक रिडंडंसी
"विशेष प्रभाव, विशेष आभास",विशेष प्रभाव
विशेष प्रभाव प्रवर्धक,विशेष प्रभाव एम्पलीफायर
"विशिष्टता, विशिष्टीकरण; विशेषज्ञता",विशेषज्ञता
विनिर्देश,तपशील
स्पेक्ट्रमी अवशोषण,वर्णक्रमीय शोषण
स्पेक्ट्रमी बैंड प्रतिकृति,स्पेक्ट्रल बँड प्रतिकृती
स्पेक्ट्रमी वितरण,वर्णक्रमीय वितरण
स्पेक्ट्रमी अतिरिक्तता,स्पेक्ट्रल रिडंडंसी
"स्पेक्ट्रम प्रकाशमापी, स्पेक्ट्रोफोटोमीटर",स्पेक्ट्रोफोटोमीटर
स्पेक्ट्रमदशब,स्पेक्ट्रोस्कोप
स्पेक्ट्रम,स्पेक्ट्रम
"स्पेक्ट्रम विष्लेषक, स्पेक्ट्रम विष्लेषत्र",स्पेक्ट्रम विश्लेषक
स्पेक्ट्रम संरूपण,स्पेक्ट्रम आकार
वाक् उच्चारण,भाषण बोलणे
वाक् चैनल,भाषण चॅनेल
वाक् संपीडन,भाषण कॉम्प्रेशन
वाक् कोडन,भाषण एन्कोडिंग
वाक् बोध,भाषण ओळख
प्रचक्रण,स्पिन
पेंचदार; सर्पिल,आवर्त
संयोजन,स्प्लिंग
"विपाटक, स्प्लिटर",स्प्लिटर
"स्पूल, चरखी",स्पूल
कदाचनिक,तुरळक
"बिंदु किरणपुंज, स्थान किरणपुंज",स्पॉट बीम
"विस्तृतशीट, स्प्रेडशीट",पसरवा पत्रक
"भ्रामक और संनादी विकिरण, मिथ्या और संनादी विकिरण",उत्तेजक आणि हार्मोनिक रेडिएशन
भ्रामक पार्ष्वबैंड आवृत्तियां,स्पुरियस साइडबँड फ्रिक्वेन्सी
निष्पीडित वीडियो,पिळलेला व्हिडिओ
मुद्रांकन,स्टॅम्पिंग
मानक सॉफ्टवेयर,मानक सॉफ्टवेअर
मानकीकरण,मानकीकरण
आपातोपयोगी,स्टँडबाय
आपातोपयोगी उपस्कर,स्टँडबाय उपकरणे
अप्रगामी तरंग,उभे लाट
अप्रगामी तंरग अनुपात,स्थायी वेव्ह रेशो
प्रवर्तन बल-आघूर्ण,टॉर्क प्रारंभ करीत आहे
आरंभ-विराम,स्टार्ट-स्टॉप
"स्थिर, स्थैतिक",स्थिर
सांख्यिकीय विधि,सांख्यिकीय पद्धत
अवस्थिति,स्थिती
"अवस्थिति संकेत, अवस्थिति चिह्न",स्थिती संकेत
स्थिर,स्थिर
"त्रिविम, स्टीरियो",स्टिरीओ
"त्रिविम संतुलन, स्टीरियो संतुलन",स्टीरिओ शिल्लक
स्टीरियो कोडक,स्टीरिओ एन्कोडर
स्टीरियो जनित्र,स्टीरिओ जनरेटर
त्रिविम विधा,स्टीरिओ मोड
"त्रिविम संचरण, स्टीरियो संचरण",स्टीरिओ ट्रान्समिशन
त्रिविम ध्वनि पुनरुत्पादन,स्टिरिओफोनिक ध्वनी पुनरुत्पादन
"त्रिविम ध्वनि, स्टीरियोफोनी",स्टिरिओफोनी
"त्रिविमदशब, स्टीरियोदशब",स्टिरिओस्कोपी
स्थिर चित्र,तरीही चित्र
उद्दीपक,उत्तेजन
विराम बैंड,स्टॉपबँड
भंडारण,संचयन
संचायक बैटरी कक्ष,स्टोरेज बॅटरी रूम
संचायक युक्ति,स्टोरेज डिव्हाइस
समतापमंडल,स्ट्रॅटोस्फीयर
धाराप्रवाह,प्रवाह
तनन,ताणून लांब करणे
"रस्सी, तार., कड़ी",स्ट्रिंग
संरचित,संरचित
"स्टूडियो ब्लॉक, स्टूडियो खंड",स्टुडिओ ब्लॉक
स्टूडियो केंद्र,स्टुडिओ सेंटर
स्टूडियो प्रकाश व्यवस्था,स्टुडिओ लाइटिंग
स्टूडियो मॉनीटर,स्टुडिओ मॉनिटर्स
"स्टाइलस, सुई (ग्रामोफोन की)",स्टाईलस
उपबैंड कोडन,सबबँड एन्कोडिंग
उपबैंड प्रच्छादन,सबबँड मास्किंग
"उपबैंड प्रतिदर्श, उपबैंड नमूना",सबबँड नमुने
उपजाल,सबनेट
उप-प्रतिचयन,सबसॅम्पलिंग
"अभिदाता, ग्राहक, उपभोक्ता",ग्राहक
सहसा आयनमंडलीय क्षोभ,अचानक आयनोस्फीयरचा त्रास
सूर्य धब्बा सक्रियता,सूर्य स्पॉट क्रियाकलाप
अति-उच्च शक्ति प्रेषित्र,सुपर पॉवर ट्रान्समीटर
अति प्रतिचयन,सुपर सॅम्पलिंग
सुपर सॉकेट,सुपर सॉकेट
अतितप्त वाष्प,सुपरहीटेड वाफ
"परासंकरण, सुपर हेटरोडाइन",सुपरहेटरोडिन
परासंकरण परिवर्तक,सुपरहेटरोडिन कन्व्हर्टर
परासंकरण ग्राही,सुपरहेटरोडिन रिसीव्हर
अध्यारोपित (धारा),सुपरइम्पोज्ड (चालू)
अध्यारोपण,सुपरपोजिशन
"अध्यारोपण, अधिस्थापन",सुपरपोजिशन
पराध्वनिक,सुपरसोनिक
"सप्लाई डक्ट, आपूर्ति वाहिनी",पुरवठा नलिका
निरोधी ग्रिड,दडपशाही ग्रीड
पृष्ठीय रव,पृष्ठभागाचा आवाज
पृष्ठीय तरंग,पृष्ठभाग लाट
"नेट विचरण, सर्फिंग",सर्फिंग
"प्रोत्कर्ष, महोर्मि",लाट
परिवेश,आसपासच्या
अनुक्रियता,संवेदनाक्षमता
सुग्राहिता,संवेदनशीलता
निलंबित,निलंबित
अदल-बदल,स्वॅप
"प्रसर्प परिपथ, स्वीप सर्विट",स्वीप सर्किट
स्विच,स्विच
स्विच बोर्ड,स्विच बोर्ड
"स्विच ऑन कंट्रोल यूनिट, स्विच ऑन नियंत्रण इकाई",नियंत्रण युनिट चालू करा
स्विचन,स्विचिंग
प्रतीक दर,प्रतीक दर
सममित,सममितीय
"सिंक, तुल्यकालिक",समक्रमित (सिंक्रोनस)
"तुल्यकालिक स्पंद, सिंक पल्स",समक्रमित नाडी
सिंक अंतरण,समक्रमण हस्तांतरण
तुल्यकालन,संकालन
तुल्यकालित,समक्रमित
तुल्यकालिक,सिंक्रोनस
तुल्यकालिक मोटर,सिंक्रोनस मोटर
समन्वित,Synergic
सहक्रियाशील,Synergistic
सहक्रिया,समन्वय
वाक्यात्मक,सिंटॅक्टिक
वाक्य-रचना,मांडणी
"वाक्य-त्रुटि, सिन्टैक्स त्रुटि",वाक्यरचनेची चूक
संष्लेषक,सिंथेसाइझर
संष्लेषक कार्ड,सिंथेसाइझर कार्ड
"प्रणाली, तंत्र, पद्धित",प्रणाली
तंत्र वास्तुकला,सिस्टम आर्किटेक्चर
"तंत्र डिजाइन, तंत्र अभिकल्प",सिस्टम डिझाइन
तंत्र मेनू,सिस्टम मेनू
"टैग, लेबल, चिह्न",टॅग
टॉक बैक,परत बोला
"टेप, फीता",टेप
"टेपरिकार्डर, टेप अभिलेखित्र",टेप रेकोर्डर
"टेपयोजन, टेपसमायोजन",टेप काप
शुंडाकार,टेपर्ड
लक्ष्य,लक्ष्य
"टेरिफ, प्रशुल्क",आयात मालावरील जकात
कार्य दर्शिका,टास्क बार
तकनीकी,तांत्रिक
तकनीकी चुनौती,तांत्रिक आव्हान
"तकनीकी विशेषता, तकनीकी लक्षण",तांत्रिक वैशिष्ट्ये
"तकनीकी नियमावली, तकनीकी दिशा-निर्देश",तांत्रिक मार्गदर्शक तत्त्वे
तकनीकी प्राचल,तांत्रिक मापदंड
तकनीकी गुणता,तांत्रिक गुणवत्ता
"तकनीकी अड़चन, तकनीकी बाधा",तांत्रिक स्नॅग
तकनीक,तंत्र
प्रौद्योगिकी प्रतिबंध,तांत्रिक अडचणी
प्रौद्योगिकी,तंत्रज्ञान
प्रौद्योगिकी  आकलन,तंत्रज्ञान मूल्यांकन
दूरप्रसारण,टेलिकास्टिंग
"दूरचलचित्र, टेलीसिने",टेलिसिन
"तार प्रेषण, टेलीग्राफी, दूरलेखन",टेलीग्राफी
दूरमितिकी,टेलिमेटिक्स
दूरमापन,टेलिमेटरिंग
"दूरभाष, टेलीफोन",टेलिफोन
दूरपाठ्य सामग्री,टेलिटेक्स्ट
"दूरदर्शन, टेलीविजन; दूरदर्शित्र",टेलिव्हिजन
"ताप, तापमान",तापमान
ताप नियंत्रण,तापमान नियंत्रण
"कालिक, श्रवण",ऐहिक
"कालिक प्रबंधन, श्रवण प्रबंधन",ऐहिक व्यवस्थापन
कालिक अतिरिक्तता,ऐहिक अनावश्यकता
तनन सामर्थ्य,ताणासंबंधीचा शक्ती
स्पर्शक,तंबू
टेराबाइट (TB),तेराबाइट (टीबी)
"अंतिम छोर, सिरा, अंतक, टर्मिनल",टर्मिनल
"अंतक अनुकूलक, टर्मिनल अनुकूलक",टर्मिनल अ‍ॅडॉप्टर्स
टर्मिनल उपस्कर,टर्मिनल उपकरणे
"समाप्तप्राय, अंतस्थ",संपुष्टात आणणे
अंतस्थ प्रतिरोध,समाप्त प्रतिकार
"अंत, समापन",समाप्ती
समापक,टर्मिनेटर
भूभाग परिच्छेदिका,भूप्रदेश प्रोफाइल
तृतीयक कुंडली,तृतीयक वळण
परीक्षण,चाचणी
परीक्षण आंकड़ा,चाचणी डेटा
"परीक्षण चित्र, परीक्षण प्रतिबिंब",चाचणी प्रतिमा
परीक्षण संकेत,चाचणी सिग्नल
"टेस्टर, परीक्षित्र",परीक्षक
परीक्षण,चाचणी
परीक्षण और मापन,चाचण्या आणि मोजमाप
"तापीय रव, ऊष्मीय रव",थर्मल आवाज
"तापीय अतिभार रिले, तापीय अतिभार प्रतिसारण",थर्मल ओव्हरलोड रिले
तापायनिक दिष्टकारी,थर्मिओनिक रेक्टिफायर
तापवैद्युत युग्म,थर्माकोपल
"तापमापी, थर्मामीटर",थर्मामीटर
"तापस्थापी, थर्मोस्टेट",थर्मोस्टॅट
परिबल,थिम्बल
थोरियमयुक्त तंतु,थोरिएटेड फिलामेंट
"चूड़ी, धागा",धागा
"त्रिकलीय प्रदाय, त्रिकलीय आपूर्ति",तीन टप्प्यात पुरवठा
"त्रिकला-परिणामित्र, त्रिकला-ट्रांसफार्मर, तीन फेज ट्रांसफार्मर",तीन फेज ट्रान्सफॉर्मर
देहली,उंबरठा
"कंठ माइक्रोफोन, कंठ माइक",घसा मायक्रोफोन
प्रणोद,थ्रस्ट
थाइरेट्रॉन,थायरट्रॉन
थाइरिस्टर,थायरिस्टर
"अभिनति, अभिनमन",टिल्ट
ध्वनि गुणता,लाकूड
"समय, काल",वेळ
समयाधार,वेळ बेस
समय कोड,वेळ कोड
कालांक,वेळ स्थिर
समय विलंब,वेळ विलंब
काल प्रक्षेत्र,वेळ डोमेन
समय प्रतिचयन,वेळ नमुना
"काल विस्तारण, समय विस्तारण",वेळ ताणणे
"काल मापित्र, कालद, काल समंजक, टाइमर",टाइमर
शीर्षक दर्शिका,शीर्षक पट्टी
गम-आगम गति,टू आणि फ्रो मोशन
टॉगल स्विच,टॉगल स्विच
टोकन रिंग नेटवर्क,टोकन रिंग नेटवर्क
सहिष्णुता,सहिष्णुता
स्वर नियंत्रण,टोन नियंत्रण
टूल बार,टूल बार
औजार,साधने
"दंतुर गियरन, दंतुर गियर",दात तयार
"स्थान विज्ञान, सांस्थितिकी",टोपोलॉजी
टोराइडी कुंडली,टोरॉइडल वळण
बल-आघूर्ण,टॉर्क
संपूर्ण गुणता प्रबंधन (टी क्यू एम),एकूण गुणवत्ता व्यवस्थापन (टीक्यूएम)
"योगित्र, योजित्र",एकूण
"टॉवर, मीनार",टॉवर
अनुरेखक,ट्रेसर
अनुरेखन,ट्रेसिंग
"पथ, मार्ग, लीक, ट्रैक",ट्रॅक
पथ गुलिका,ट्रॅक बॉल
"अनुपथन, अनुवर्तन",ट्रॅकिंग
यातायात प्रबंधन,रहदारी व्यवस्थापन
क्रिया-कलाप संचिका तंत्र,ट्रान्झॅक्शनल फाइल सिस्टम
पारकोड,ट्रान्सकोड
ट्रांसड्यूसर,ट्रान्सड्यूसर
प्रेषित्र-अभिग्राही,ट्रॅनसीव्हर
अंतरण अभिलक्षण,हस्तांतरण वैशिष्ट्ये
अंतरण फलन,हस्तांतरण कार्य
"परिणामित्र, ट्रांसफार्मर",रोहीत्र
"परिणामित्र उत्तेजक, ट्रांसफार्मर उत्तेजक",ट्रान्सफॉर्मर एक्झिटर
"परिणामित्र ट्रॉली, ट्रांसफार्मर ट्रॉली",ट्रान्सफॉर्मर ट्रॉली
"क्षणिक, चलायमान",क्षणिक
क्षणिक कोडन,क्षणिक कोडिंग
क्षणिक त्रुटि,क्षणिक त्रुटी
क्षणिक स्विचन,क्षणिक स्विचिंग
ट्रांजिस्टर,ट्रान्झिस्टर
"अनुवाद, अंतरण",अनुवाद
"अनुवादक, अंतरक, अनुवादित्र",अनुवादक
"प्रेषण, संचरण",संसर्ग
संचरण अंतरापृष्ठ,ट्रान्समिशन इंटरफेस
संचरण लाइन,ट्रान्समिशन लाइन
"संचरण हानि, प्रेषण हानि",ट्रान्समिशन लॉस
प्रेषण स्टूडियो,ट्रान्समिशन स्टुडिओ
प्रेषित्र,ट्रान्समीटर
प्रेषित्र नियंत्रक,ट्रान्समीटर कंट्रोलर
"प्रेषित्र रख-रखाव, प्रेषित्र अनुरक्षण",ट्रान्समीटर देखभाल
प्रेषक निर्गम शक्ति,ट्रान्समीटर आउट पॉवर ठेवा
प्रेषी ऐन्टेना,Ten न्टीना प्रसारित करणे
प्रेषी ऐन्टेना लब्धि,Ten न्टीना गेन प्रसारित करणे
प्रेषण आवृत्ति,प्रसारित वारंवारता
प्रेषण केंद्र,प्रसारित स्टेशन
"प्रेषानुकर, ट्रांसपोंडर",ट्रान्सपॉन्डर
ट्रैपेट डायोड,ट्रॅपॅट डायोड
प्रगामी तरंग,प्रवासी लाट
"ट्रेलिस विकोडन, जालक विकोडन",ट्रेलिस डिकोडिंग
"खाई और नाली, ट्रेंच एवं कंड्यूट",खंदक आणि नाली
"ट्रिगर परिपथ, प्रवर्तक परिपथ",ट्रिगर सर्किट
काट-छांट,ट्रिम
"संकर्तन, काट-छांट",ट्रिमिंग
तिपाई,ट्रायपॉड
क्षोभमंडल,ट्रॉपोस्फीअर
"छिन्नन, रुंडन",काटेकोर
"सत्य सारणी, सत्य तालिका",सत्य टेबल
समस्वरित,ट्यून केलेले
"समस्वरक, ट्यूनर, समंजक",ट्यूनर
"समस्वरण, ट्यूनिंग",ट्यूनिंग
टनल डायोड,बोगदा डायोड
सुरंगन,बोगदा
प्रतिवर्तन प्रबंधन,व्यवस्थापनाकडे वळा
टर्न टेबल,टर्न टेबल
"ट्वीटर, तीक्ष्ण ध्वनक, तीक्ष्णक",ट्वीटर
"व्यावर्तित, ऐंठित",मुरडले
"व्यावर्तित युग्म केबल, व्यावर्तित युगल केबल",ट्विस्ट जोडी केबल
असंतुलित ध्वनि लाइन,असंतुलित ऑडिओ लाइन
अववोल्टता,व्होल्टेज अंतर्गत
एकदिष्ट प्रसारण,युनिकास्टिंग
"सार्विक द्वार, सार्विक गेट",युनिव्हर्सल गेट
"सार्विक जालक्रम, सार्विक नेटवर्क",युनिव्हर्सल नेटवर्क
"अभारित फिल्टर, अभारित निस्यंदक",अन्वाटेड फिल्टर
ऊर्ध्व परिवर्तक,कन्व्हर्टर अप
"ऊर्ध्वयोजन, अपलिंक",अपलिंक
अभिभारण,अपलोड
उपयोज्य क्षेत्र सामर्थ्य,वापरण्यायोग्य फील्ड सामर्थ्य
मूल्यवर्धित सेवाएं,मूल्यवर्धित सेवा
वैरेक्टर डायोड,व्हेरॅक्टर डायोड
"परिवतब, चर, परिवर्तनीय",चल
परिवर्तनीय क्षेत्र ध्वनि पथ,चल क्षेत्र ध्वनी ट्रॅक
परिवर्तनीय आंकड़ा दर संपीडन,चल डेटा रेट कॉम्प्रेशन
परिवर्तनीय घनत्व ध्वनि पथ,चल घनता ध्वनी ट्रॅक
परिवर्तनीय निर्गम आंकड़ा दर,चल आउटपुट डेटा दर
सदिश,वेक्टर
सदिश प्रतिबाधा मापी,वेक्टर प्रतिबाधा मीटर
सदिश जालक्रम विश्लेषित्र,वेक्टर नेटवर्क विश्लेषक
प्रकाश वेग,प्रकाशाचा वेग
"निर्गत बॉक्स, निर्गत पेटी, सरंध्र पेटी",वेंटेड बॉक्स
"परिवर्तनशीलता, बहुआयामी प्रतिभा",अष्टपैलुत्व
"परिवर्तन, अनुवाद, रूपांतर",आवृत्ती
ऊर्ध्वाधर तल,अनुलंब विमान
ऊर्ध्व-धुवित,अनुलंब ध्रुवीकरण
अवशेषी पार्श्व बैंड,वेस्टिगियल साइड बँड (व्हीएसबी)
कंपन,कंप
कंपित्र,व्हायब्रेटर
"वीडियो, –श्य",व्हिडिओ
"–ष्य प्रवर्धक, वीडियो प्रवर्धक",व्हिडिओ एम्पलीफायर
"–ष्य शृंखला, वीडियो चेन",व्हिडिओ साखळी
वीडियो अभिलक्षण,व्हिडिओ वैशिष्ट्ये
वीडियो कोड,व्हिडिओ कोड
वीडियो संपीडन,व्हिडिओ कॉम्प्रेशन
"वीडियो दूर सम्मेलन, वीडियो कॉन्फरेन्सिंग",व्हिडिओ कॉन्फरन्सिंग
वीडियोग्राफिक्स अनुकूलक,व्हिडिओ ग्राफिक्स अ‍ॅडॉप्टर
वीडियो प्रवाह,व्हिडिओ प्रवाह
वीडियो स्विचक,व्हिडिओ स्विचर
वीडियोलेखन,व्हिडिओग्राफी
–ष्य,दृश्य
"दर्शन दूरी, –ष्य दूरी",अंतर पहात आहे
"आभासी, कल्पित",आभासी
आभासी पता,आभासी पत्ता
आभासी ऊंचाई,आभासी उंची
आभासी स्मृति,आभासी स्मृती
आभासी निजी जालक्रम,आभासी खाजगी नेटवर्क
आभासी वास्तविकता,आभासी वास्तविकता
"विषाणु, वायरस",विषाणू
ष्यानता,विस्मयकारकता
–ष्यता,दृश्यमानता
–ष्टि,दृष्टी
–ष्य प्रदर्श,व्हिज्युअल प्रदर्शन
–ष्य निरीक्षण,व्हिज्युअल तपासणी
–ष्य रेडियो,व्हिज्युअल रेडिओ
वाक् आवृत्ति,आवाज वारंवारता
"वाणी मेल, वाणी डाक",व्हॉईस मेल
अंतरजाल प्रोटोकॉल,व्हॉईस ओव्हर आयपी
"वाणी आरोपित अभिलेखन, वाणी आरूढ़ अभिलेखन",व्हॉईस ओव्हर रेकॉर्डिंग (व्हीओआर)
वाष्पशील द्रव,अस्थिर द्रव
हासी स्मृति,अस्थिर मेमरी
वोल्ट,व्होल्ट
वोल्टता,विद्युतदाब
वोल्टता नियंत्रित दोलित्र (वीसीओ),व्होल्टेज नियंत्रित ऑसीलेटर (व्हीसीओ)
वोल्टता उच्चावचन,व्होल्टेज फ्लॅकेट्युएशन
"वोल्टता नियंत्रण, वोल्टता नियमन",व्होल्टेज नियमन
वोल्टता अवतलन,व्होल्टेज सॅग
"वोल्टता प्रोत्कर्ष, वोल्टेज स्पाइक",व्होल्टेज स्पाइक
वोल्टता स्थायीकारी,व्होल्टेज स्टेबलायझर
वोल्टता अप्रगामी तरंग अनुपात,व्होल्टेज स्टँडिंग वेव्ह रेशो
"वोल्टमापी, वोल्टमीटर",व्होल्टमीटर
"आयतन, प्रबलता (ध्वनि)",खंड
प्रबलता नियंत्रण,ध्वनि नियंत्रण
प्रतीक्षा काल,वेळ वाट
"द्रव चिह्न, जलांकन, वाटरमार्क करना",वॉटरमार्किंग
वाट,वॅट (डब्ल्यू)
वाट घंटा,वॅट तास
वाटहीन घटक,वॅटलेस घटक
तरंग,वेव्ह
तरंग गति,वेव्ह मोशन
तरंगरूप,वेव्हफॉर्म
तरंगाग्र,वेव्हफ्रंट
"तरंग निर्देशित्र, तरंग पथक, वेवगाइड",वेव्हगुइड
तरंगदैर्घ्य,तरंगलांबी
तरंगिका,वेव्हलेट
"वेब, जाल",वेब
वेब विचरक,अंतर्जाल शोधक
वेब पृष्ठ,वेब पृष्ठ
"वेब पोर्टल, वेब द्वार",वेब पोर्टल
वेब परिसेवक,वेब सर्व्हर
वेब प्रसारण,वेबकास्टिंग
वेबोपीडिया,वेबोपीडिया
"वेबसाइट, वेब स्थल",संकेतस्थळ
भारित फिल्टर,भारित फिल्टर
आर्द्र बल्ब तापमान,ओले बल्ब तापमान
ष्वेत रव,पांढरा आवाज
विस्तृत कोण लेन्स,वाइड एंगल लेन्स
बृहत् क्षेत्र जालक्रम,वाइड एरिया नेटवर्क
विस्तृत बैंड,वाइडबँड
विकिमीडिया (वेब/इंटरनेट आधारित माध्यम),विकिमीडिया
विकिपीडिया (इंटरनेट आधारित बहुभाषीय शुल्क-मुक्त विष्व-कोश),विकिपीडिया
"विन्चेस्टर चक्रिका, विन्चेस्टर डिस्क",विंचेस्टर डिस्क
विंडोज,विंडोज
विंडोज मीडिया प्लेयर,विंडोज मीडिया प्लेयर
पवनपरिरक्षित,विंडशील्ड
तार,वायर
बेतार,वायरलेस
बेतार संप्रेषण,वायरलेस ट्रान्समिशन
"तार-स्थापन, वायरिंग",वायरिंग
"वूफर, निम्न ध्वनक",वूफर
शब्द प्रक्रमण,शब्द प्रक्रिया
शब्द प्रक्रमक,शब्द प्रक्रिया करणारा
कार्य प्रक्रम,कार्य प्रक्रिया
कार्य स्थान,कामाची जागा
"कार्यसमूह, कार्यदल",वर्क ग्रुप
कार्यभार,वर्कलोड
"कार्यशाला, कर्मशाला",कार्यशाळा
कार्य निष्पादित्र,वर्कस्टेशन
"वर्ल्डवाइड वेब, विष्वव्यापी संजाल",जगभरातील वेब (www)
कुंडलित घूर्णक,जखमेच्या रोटर
मंद व तीव्र विचलन,व्वा आणि फडफड
यू-ट्यूब,YouTube
शिरोबिंदु,झेनिथ
टेढ़ा-मेढ़ा,झिगझॅग
"जिप, संपीडित, संकुचित",झिप
"संपीडित संचिका, जिप फाइल",झिप फायली
संकुचित,झिप
"अंचल, जोन, क्षेत्र",झोन
"जूम, आकार परिवर्तन",झूम
"आकारवर्धन, जूम इन",प्रतिमेचे दृष्य रूप मोठे करा
"जूम माइक्रोफोन, जूम माइक",झूम मायक्रोफोन
"आकार ह्ा्रसन, आकार निम्नन, जूम आउट",झूम कमी करा
"जूमकरण, आकार परिवर्तन",झूमिंग
