Malayalam,Bengali
ആസിഡോയിഡ്,অ্যাসিডয়েড
അയോലിയൻ മണ്ണ്,বায়বীয় মাটি
ആകെത്തുകയായുള്ള,সমষ্টি
സമാഹരണം,সমষ্টি
അഗ്രോളജി,কৃষিবিদ্যা
അഗ്രോണമി,কৃষিবিদ্যা
എ-ചക്രവാളം,A- দিগন্ত
Ao-ചക്രവാളം,আও-দিগন্ত
Aoo-ചക്രവാളം,আও-দিগন্ত
മണ്ണിന്റെ വായു ശേഷി,মাটির বায়ু ক্ষমতা
മണ്ണിന്റെ വായു ഉള്ളടക്കം,মাটির বায়ু উপাদান
എയർ പിക്നോമീറ്റർ,এয়ার পিকনোমিটার
അല്ലിറ്റിക് മണ്ണ്,অ্যালিটিক মাটি
എക്കൽ മണ്ണ്,পলিমাটি
ആംഫോളിറ്റോയ്ഡ്,অ্যামফোলাইটয়েড
അനിയോൺ,অ্যানিয়ন
"പ്രത്യക്ഷമായ നിർദ്ദിഷ്ട ഗുരുത്വാകർഷണ വോളിയം ഭാരം അല്ലെങ്കിൽ ബൾക്ക് നിർദ്ദിഷ്ട ഗുരുത്വാകർഷണം,&quot;","আপাত নির্দিষ্ট মাধ্যাকর্ষণ আয়তনের ওজন বা বাল্ক নির্দিষ্ট মাধ্যাকর্ষণ,&quot;"
ആരിസ്,আরিস
അഷ്ലാർ നല്ല കൊത്തുപണി,আশলার সূক্ষ্ম গাঁথনি
ആഷ്ലാർ കൊത്തുപണി,আশলার রাজমিস্ত্রি
അസോണൽ മണ്ണ്,অ্যাজোনাল মাটি
പിന്നണി നടൻ,পেছনের অভিনেতা
പിന്നിലെ കമാനം,পিছনের খিলান
ബാക്ക് ബാൻഡ്,ব্যাক ব্যান্ড
ബാക്ക് ബ്രഷ്,পিছনের ব্রাশ
തിരികെ പരിശോധിക്കുക,ফিরে চেক
ബാക്ക് കൗണ്ടർ,পিছনে কাউন্টার
ബാക്ക് കട്ടിംഗ്,পিছনে কাটা
ബാക്ക് ഡ്രാഫ്റ്റ് ഡാംപർ,ব্যাক ড্রাফ্ট ড্যাম্পার
ബാക്ക് ഡ്രെയിനേജ്,পিছনের ড্রেন
ബാക്ക് ഡ്രോപ്പ്,ব্যাকড্রপ
തിരികെ പൂരിപ്പിക്കുക,ব্যাক ফিল
ബാക്ക് ഫില്ലറ്റ്,ব্যাক ফিললেট
ബാക്ക് ഫ്ലാപ്പ് ഹിഞ്ച്,পিছনে ফ্ল্যাপ কবজা
ബാക്ക് ഫ്ലോ കണക്ഷൻ,পিছনে প্রবাহ সংযোগ
ബാക്ക് ഫ്ലോ പ്രിവന്റർ,পিছনে প্রবাহ প্রতিরোধক
ബാക്ക് ഗേജ്,ব্যাক গেজ
പിന്നിലെ ഗട്ടർ,পিছনে নর্দমা
പിന്നിലെ അടുപ്പ്,পিছনের চুলা
പിന്തുണ,ব্যাকিং
ബാക്കിംഗ് ബോർഡ്,ব্যাকিং বোর্ড
പിന്നിലെ മർദ്ദം,ফিরতি চাপ
ബാക്ക് പ്രോപ്പ്,পিছনে প্রপ
പിന്നാമ്പുറ കാഴ്ച,পিছনের দৃষ্টি
പിൻ വെള്ളം,পিঠের জল
തടസ്സപ്പെടുത്തുക,বিভ্রান্ত
ബാഗ് വർക്ക്,ব্যাগওয়ার্ক
ബാലസ്റ്റ്,ব্যালাস্ট
പന്ത് കളിമണ്ണ്,বল কাদামাটি
ബോൾ കോൺ ക്ലാമ്പ്,বল শঙ্কু বাতা
മുള്ളുകമ്പി,কাঁটাতার
ബാർ നായ,বার কুকুর
ബാർജ് ബോർഡ്,বার্জ বোর্ড
ബേരിയം സൾഫേറ്റ് പരിശോധന,বেরিয়াম সালফেট পরীক্ষা
തടയണ,ব্যারেজ
ബാരറ്റ്,ব্যারেট
അടിസ്ഥാനം,বেস
അടിസ്ഥാന കൈമാറ്റം,বেস বিনিময়
അടിസ്ഥാന ലൈൻ,বেস লাইন
നിലവറ,বেসমেন্ট
ബേസ്മെൻറ് മതിൽ,বেসমেন্ট প্রাচীর
അടിസ്ഥാന പ്ലേറ്റ്,বেস প্লেট
"അടിസ്ഥാന പ്ലേറ്റ്, ക്രമീകരിക്കാവുന്ന","বেস প্লেট, নিয়মিত"
അടിസ്ഥാന സാച്ചുറേഷൻ,বেস স্যাচুরেশন
ബസോയ്ഡ്,বেসয়েড
ബാറ്റ്,ব্যাট
ബാത്ത് ആൻഡ് ഡബ്ല്യുസി,স্নান এবং WC
ബാറ്റർ കുറ്റി,ব্যাটার পেগ
ബാറ്റർ പിയർ,ব্যাটার পিয়ার
ബാറ്റർ ഭരണം,ব্যাটারের নিয়ম
ബോൾക്ക് (ബാക്ക്),বাল্ক (বাল্ক)
ബേ,বে
ചുമക്കുന്നയാൾ,বহনকারী
വഹിക്കാനുള്ള ശേഷി,ভারবহন ক্ষমতা
ബെയറിംഗ് പൈൽ,ভারবহন গাদা
ബെയറിംഗ് സ്ട്രാറ്റം,ভারবহন স্তর
കിടക്ക,বিছানা
ബെഡ്ഡിംഗ് വിമാനം,বেডিং প্লেন
കിടക്ക ജോയിന്റ്,বেড জয়েন্ট
കിടക്ക പാറ,বিছানা শিলা
കിടപ്പുമുറി,শয়নকক্ষ
തേനീച്ചമെഴുകിൽ,মোম
മണി പെട്ടി,বেল বক্স
ബെല്ലിംഗ് ബക്കറ്റ്,বেলিং বালতি
ബെല്ലോഫ്രം,বেলোফ্রাম
ബെഞ്ച് ചെയ്ത അടിത്തറ,বেঞ্চড ফাউন্ডেশন
ബെഞ്ചിംഗ്,বেঞ্চিং
ബെഞ്ച് മാർക്ക്,মাপকাঠি
ആനുകൂല്യ ചെലവ് വിശകലനം,বেনিফিট খরচ বিশ্লেষণ
ബെർം,বারম
ബെവൽഡ് ക്ലോഷർ,বেভেলড ক্লোজার
"ബി-ചക്രവാളം,&quot;ബി-","বি-দিগন্ত,&quot;বি-"
ബിയാറ്റ്,বিয়াট
ബൈൻഡർ,বাইন্ডার
ബൈൻഡിംഗ് മെറ്റീരിയൽ,বাঁধাই উপাদান
ബയോട്ടിന്റെ സിദ്ധാന്തം,বায়োটের তত্ত্ব
ബിറ്റുമെൻ,বিটুমেন
കറുത്ത പരുത്തി മണ്ണ്,কালো তুলার মাটি
കറുത്ത ഭൂമി,কালো পৃথিবী
കറുത്ത ടർഫ് മണ്ണ്,কালো টার্ফ মাটি
ബ്ലേഡ്,ব্লেড
ബ്ലാസ്റ്റ് ഫർണസ് സ്ലാഗ് സിമന്റ്,ব্লাস্ট ফার্নেস স্ল্যাগ সিমেন্ট
ബ്ലോക്കി ഘടന,অবরুদ্ধ কাঠামো
ബോഗി പ്രതിരോധം,বগি প্রতিরোধ
ബോഗ്-ഇരുമ്പ് അയിര്,বগ-লোহা আকরিক
ബോണ്ട്,বন্ধন
ബന്ധിത അംഗം,বন্ডেড সদস্য
ബോണ്ടഡ് പോസ്റ്റ് ടെൻഷനിംഗ്,বন্ধন পোস্ট উত্তেজনা
ബോണ്ട് കല്ല്,বন্ড পাথর
കെട്ടിയ വെള്ളം,আবদ্ধ জল
ബോക്സ് ഗട്ടർ,বক্স নর্দমা
ബ്രേസ്,বন্ধনী
ബ്രിക്ക്-ഓൺ-എഡ്ജ്,ইট-অন-এজ
കടിഞ്ഞാൺ,লাগাম
തെളിച്ചം,উজ্জ্বলতা
തവിട്ട് മണ്ണ്,বাদামী মাটি
കെട്ടിടം,বিল্ডিং
ബിൽഡിംഗ് സർവേയർ,বিল্ডিং সার্ভেয়ার
ബഫർ,বাফার
ബഫർ കർവ്,বাফার বক্ররেখা
ബഫറിംഗ്,বাফারিং
ബഫറിംഗ് ശേഷി,বাফার ক্ষমতা
ബണ്ടർ,বান্দর
ബട്രസ്,বাট্রেস
സി-ചക്രവാളം,সি-দিগন্ত
കേബിൾ,তারের
കേബിൾ മോൾഡിംഗ്,তারের ছাঁচনির্মাণ
കേബിളിംഗ്,ক্যাবলিং
ചെറിയമുറി,কেবিন
ക്യാബിൻ ഹുക്ക്,কেবিন হুক
കാബിനറ്റ്,মন্ত্রিসভা
കാബോൾട്ട് ഉപേക്ഷിച്ചു,ক্যাবল্টের পদত্যাগ
കഫറ്റീരിയ,ক্যাফেটারিয়া
കൂട്ടിൽ,খাঁচা
കൂട് നിർമ്മാണം,খাঁচা নির্মাণ
കയീൻ ഫോർമുല,কেইনের সূত্র
കൈസൺ,কাইসন
കെയ്സൺ രോഗം,ক্যাসন রোগ
കൈസൺ ഫൗണ്ടേഷൻ,ক্যাসন ফাউন্ডেশন
കൈസൺ ചിത,Caisson pile
കാൽക്കറിയസ് ഇഷ്ടിക,চুনযুক্ত ইট
സുഷിരമുള്ള കളിമണ്ണ്,চুনযুক্ত কাদামাটি
സുഷിരമുള്ള പുറംതോട്,চুনযুক্ত ভূত্বক
കാൽസിഫിക്കേഷൻ,ক্যালসিফিকেশন
കാൽസിനേഷൻ,ক্যালসিনেশন
കാൽസൈൻ,ক্যালসিন
കാൽസൈറ്റ്,ক্যালসাইট
കാൽസ്യം-അലുമിനേറ്റ് സിമന്റ്,ক্যালসিয়াম-অ্যালুমিনেট সিমেন্ট
കാൽസ്യം-സിലിക്കേറ്റ് ഇഷ്ടിക,ক্যালসিয়াম-সিলিকেট ইট
കാൽസ്യം-സിലിക്കേറ്റ് ഹൈഡ്രേറ്റ്,ক্যালসিয়াম-সিলিকেট হাইড্রেট
കാലിച്ചെ,ক্যালিছে
കാലിഫോർണിയ ബെയറിംഗ് റേഷ്യോ,ক্যালিফোর্নিয়া ভারবহন অনুপাত
കാലിപ്പർ,ক্যালিপার
കലോറിമീറ്റർ,ক্যালোরিমিটার
കാംബർ,ক্যাম্বার
കനാൽ,খাল
മേലാപ്പ്,ক্যানোপি
കാന്റിലിവർ ഫൂട്ടിംഗ്,ক্যান্টিলিভার ফুটিং
തൊപ്പി,ক্যাপ
ശേഷി,ক্ষমতা
എയിൽ ട്രാക്കിന്റെ ശേഷി,আইল ট্র্যাকের ক্ষমতা
തൊപ്പി കേബിൾ,ক্যাপ তারের
കാപ്പിലാരിറ്റി,কৈশিকতা
കാപ്പിലറി ബ്രേക്ക്,কৈশিক বিরতি
കാപ്പിലറി ഒഴുക്ക്,কৈশিক প্রবাহ
കാപ്പിലറി ഈർപ്പം അല്ലെങ്കിൽ കാപ്പിലറി വെള്ളം,কৈশিক আর্দ্রতা বা কৈশিক জল
കാപ്പിലറി പോർ സ്പേസ്,কৈশিক ছিদ্র স্থান
കാപ്പിലറി പൊറോസിറ്റി,কৈশিক ছিদ্র
കാപ്പിലറി സ്പേസ്,কৈশিক স্থান
ക്യാപ്‌ചർ വേഗത,ক্যাপচার বেগ
കാർബണേഷൻ,কার্বনেশন
കാർബൺ കറുപ്പ്,কার্বন কালো
കാസ്റ്റ്ബിൾ റിഫ്രാക്റ്ററി,কাস্টবল অবাধ্য
കാസ്റ്റ്-ഇൻ-പ്ലേസ് അല്ലെങ്കിൽ കാസ്റ്റ്-ഇൻ-സിറ്റു,কাস্ট-ইন-প্লেস বা কাস্ট-ইন-সিটু
കാസ്റ്റ്-ഇൻ-പ്ലേസ് പൈൽ,কাস্ট-ইন-প্লেস গাদা
ജാതി,ক্যাস্টর
എറിയുന്ന കല്ല്,ঢালাই পাথর
കാറ്റലിസ്റ്റ്,প্রভাবক
കാറ്റെന,ক্যাটেনা
പൂച്ച മുഖം,বিড়ালের মুখ
പൂച്ചയുടെ തല,বিড়ালের মাথা
കാറ്റേഷൻ,ক্যাটান
പൂച്ച നടത്തം,বিড়াল হাঁটা
കാവിറ്റേഷൻ കേടുപാടുകൾ,গহ্বরের ক্ষতি
സെലൈറ്റ്,সেলাইট
സെല്ലുലാർ കോൺക്രീറ്റ്,সেলুলার কংক্রিট
സെല്ലുലാർ നിർമ്മാണം,সেলুলার নির্মাণ
സിമന്റ്,সিমেন্ট
"സിമന്റ്, ബിറ്റുമിനസ്","সিমেন্ট, বিটুমিনাস"
"സിമന്റ്, ഉയർന്ന ശക്തി","সিমেন্ট, উচ্চ শক্তি"
"സിമന്റ്, ഹൈഡ്രോളിക്","সিমেন্ট, জলবাহী"
"സിമന്റ്, കുറഞ്ഞ ചൂട്","সিমেন্ট, কম তাপ"
"സിമന്റ്, കൊത്തുപണി","সিমেন্ট, রাজমিস্ত্রি"
"സിമന്റ്, പ്രകൃതി","সিমেন্ট, প্রাকৃতিক"
"സിമന്റ്, പോർട്ട്ലാൻഡ്","সিমেন্ট, পোর্টল্যান্ড"
"സിമന്റ്, പോർട്ട്ലാൻഡ് ബ്ലാസ്റ്റ് ഫർണസ് സ്ലാഗ്","সিমেন্ট, পোর্টল্যান্ড ব্লাস্ট ফার্নেস স্ল্যাগ"
"സിമന്റ്, പോർട്ട്ലാൻഡ് പോസോളാൻ","সিমেন্ট, পোর্টল্যান্ড পোজোলান"
"സിമന്റ്, സ്ലാഗ്","সিমেন্ট, স্ল্যাগ"
"സിമന്റ്, സൾഫേറ്റ് പ്രതിരോധം","সিমেন্ট, সালফেট প্রতিরোধী"
"സിമന്റ്, സൂപ്പർ സൾഫേറ്റ്","সিমেন্ট, সুপার সালফেটেড"
"സിമന്റ്, വെള്ള","সিমেন্ট, সাদা"
സിമന്റ്-അഗ്രഗേറ്റ് അനുപാതം,সিমেন্ট-সমষ্টি অনুপাত
സിമന്റ് ഉള്ളടക്കം,সিমেন্ট সামগ্রী
സിമന്റ് ജെൽ,সিমেন্ট জেল
സിമന്റ് തോക്ക്,সিমেন্টের বন্দুক
സിമന്റ് ചൂള,সিমেন্টের ভাটা
സിമന്റ് പെയിന്റ്,সিমেন্ট পেইন্ট
സിമന്റ് പ്ലാസ്റ്റർ,সিমেন্ট প্লাস্টার
സിമന്റ് പാറ,সিমেন্ট শিলা
സിമന്റ് സ്ലറി,সিমেন্ট স্লারি
സിമന്റ് സംഭരണം,সিমেন্ট স্টোরেজ
സിമന്റേഷൻ പ്രക്രിയ,সিমেন্টেশন প্রক্রিয়া
കേന്ദ്രീകരിക്കുന്നു,কেন্দ্রীভূত করা
കേന്ദ്രീകരിക്കലും ഷട്ടറിംഗും,সেন্টারিং এবং শাটারিং
സെൻട്രൽ മിക്സഡ് കോൺക്രീറ്റ്,কেন্দ্রীয় মিশ্র কংক্রিট
സെൻട്രൽ മിക്സർ,কেন্দ্রীয় মিশুক
അപകേന്ദ്ര ഫാൻ,কেন্দ্রাতিগ পাখা
ചോക്ക്,চক
ചാംഫർ,চেম্ফার
ചേംഫർ സ്ട്രിപ്പ്,চেম্ফার ফালা
ചാനൽ ബീം,চ্যানেল বিম
സ്വഭാവസവിശേഷത ലോഡ്,চরিত্রগত লোড
സ്വഭാവ ശക്തി,চারিত্রিক শক্তি
ചാർജ്ജ് ഓഫ്,বন্ধ চার্জ
ചാർജിംഗ്,চার্জিং
പരിശോധിക്കുന്നു,চেক করা হচ্ছে
കെമിക്കൽ ബോണ്ട്,রাসায়নিক বন্ধন
ചെർനോസെം,চেরনোজেম
ചെസ്റ്റ്നട്ട് മണ്ണ്,চেস্টনাট মাটি
ചിമ്മിനി ഗട്ടർ,চিমনি নর্দমা
ചിപ്പ് ബോർഡ്,চিপ বোর্ড
ചിപ്പിംഗ്,চিপিং
ചിപ്സ്,চিপস
ചട്ടി,চুট
ക്ലാസ് (കോൺക്രീറ്റ്),শ্রেণী (কংক্রিটের)
കളിമണ്ണ്,কাদামাটি
കളിമൺ ഉള്ളടക്കം,কাদামাটি বিষয়বস্তু
കളിമൺ പാൻ,মাটির প্যান
പൂർണമായി കാലിയാക്കുക,পরিস্কার করা
ക്ലീനപ്പ്,পরিষ্কার কর
ക്ലീറ്റ്,ক্লিট
ക്ലിങ്കർ,ক্লিঙ্কার
ക്ലിപ്പ്,ক্লিপ
കട്ടപിടിക്കൽ,জমাট বাঁধা
നാടൻ മൊത്തത്തിലുള്ളത്,মোটা সমষ্টি
പരുക്കൻ ധാന്യമുള്ള മണ്ണ്,মোটা দানাদার মাটি
കോട്ട്,কোট
കോഫർ ഡാം,কফার বাঁধ
ഒത്തുചേരൽ,সংহতি
കൊളോയിഡ്,কলয়েড
കൊളോയ്ഡൽ ഈർപ്പം തുല്യ അനുപാതം,কোলয়েডাল আর্দ্রতা সমতুল্য অনুপাত
കൊളോയ്ഡൽ സിസ്റ്റം,কলয়েডাল সিস্টেম
കൊളുവിയൽ മണ്ണ്,কোলুভিয়াল মাটি
കോളം,কলাম
കോമ്പഡ് ഫിനിഷ്,কম্বড ফিনিস
സംയോജിത കാൽപ്പാദം,সম্মিলিত পাদদেশ
സംയോജിത വെള്ളം,মিলিত জল
പൊതു മുറി,বৈঠকখানা
പൂർത്തീകരണ സർട്ടിഫിക്കറ്റ്,সমাপনী সনদ
ഘടകം ചതുരം,উপাদান বর্গক্ষেত্র
കോൺക്രീറ്റ്,কংক্রিট
കോൺക്രീഷൻ,কংক্রিশন
ഏകീകൃത നിരക്ക്/ഫ്ലാറ്റ് നിരക്ക്,একত্রিত হার/সমতল হার
മലിനീകരണം,দূষক
ആൽക്കോട്ട് പാചകം ചെയ്യുന്നു,আলকোভ রান্না করা
നേരിടുകയാണ്,মোকাবিলা করা
കോർബെൽ,করবেল
കോർണിസ്,কার্নিস
കപ്ലർ,কাপলার
"കപ്ലർ, ഇരട്ട","যুগল, দ্বিগুণ"
"കപ്ലർ, പുട്ട്ലോഗ്","কাপলার, পুটলগ"
"കപ്ലർ, സ്വിവൽ","কাপলার, সুইভেল"
കോഴ്സ്,কোর্স
ക്രമരഹിതമായ അവശിഷ്ടങ്ങൾ കൊത്തുപണികൾ,র্যান্ডম ধ্বংসস্তূপ রাজমিস্ত্রি কোর্স করা
മൂടിയ പ്രദേശം,ঢাকা এলাকা
ഇഴയുക,হামাগুড়ি
ക്രീപ്പ് കോഫിഫിഷ്യന്റ്,ক্রীপ সহগ
ക്രോട്ടോവിൻ,ক্রোটোভাইন
കാക്ക കാൽ,কাকের পা
നുറുക്കിന്റെ ഘടന,চূর্ণবিচূর্ণ গঠন
കർബ്,প্রতিবন্ধক
നിലവിലുള്ളത്,কারেন্ট
വക്ര പ്രതിരോധം,বক্ররেখা প্রতিরোধের
ഈർപ്പം പ്രൂഫ് കോഴ്സ്,স্যাঁতসেঁতে প্রুফ কোর্স
പൂർത്തിയാക്കിയ തീയതി,সমাপ্তির তারিখ
ഡെഡ് ലോഡ്,মৃত লোড
ചത്ത വെള്ളം,মরা জল
ഡെസിബെൽ,ডেসিবেল
ഡിഫ്ലോക്കുലേഷൻ,ডিফ্লোকুলেশন
വായുസഞ്ചാരത്തിന്റെ ഡിഗ്രി അല്ലെങ്കിൽ എയർ സ്പേസ് അനുപാതം,বায়ুচলাচল বা বায়ু স্থান অনুপাত ডিগ্রী
അഗ്രഗേഷൻ ബിരുദം,সমষ্টির ডিগ্রি
വ്യാപനത്തിന്റെ അളവ്,বিচ্ছুরণ ডিগ্রী
സാച്ചുറേഷൻ ഡിഗ്രി,স্যাচুরেশন ডিগ্রী
സാന്ദ്രത,ঘনত্ব
മരുഭൂമിയിലെ നടപ്പാത,মরুভূমির ফুটপাথ
മരുഭൂമിയിലെ മണ്ണ്,মরুভূমির মাটি
വിശദാംശങ്ങൾ,বিস্তারিত
വികസന കാലയളവ്,উন্নয়নের সময়কাল
ഡി-ചക്രവാളം,ডি-দিগন্ত
ഡയഗണൽ ബോണ്ട്,তির্যক বন্ধন
ഡയഗ്രം,ডায়াগ্রাম
ഡിജിറ്റൽ ഡോക്ക്,ডিজিটাল ডক
വ്യത്യസ്ത ജലനിരക്ക്,পার্থক্য জলের হার
ഡില്യൂഷൻ വെന്റിലേഷൻ,পাতলা বায়ুচলাচল
ഡിലുവിയം,ডিলুভিয়াম
ഡൈനിംഗ് റൂം,খাবার কক্ষ
ദിശ കുറ്റി,দিকনির্দেশনা পেগ
വിസരണം,বিচ্ছুরণ
ഡിസ്റ്റെമ്പർ,ডিস্টেম্পার
മുറിവാല്,ডক
വാതിൽ,দরজা
ഡോർമർ,ডর্মার
ഡോർമർ പരിശോധന,ডর্মার চেক
ഇരട്ട ഫ്ലെമിഷ് ബോണ്ട്,ডাবল ফ্লেমিশ বন্ড
ഇരട്ട പാളി,ডবল লেয়ার
ഡോവൽ,দোয়েল
വരക്കാനുള്ള ബോർഡ്,অঙ্কন বোর্ড
സന്ദര്ശകമുറി,বৈঠকখানা
ഡ്രിഫ്റ്റ്,প্রবাহ
ഉണങ്ങിയ ബൾബ് താപനില,শুকনো বাল্বের তাপমাত্রা
ഡ്രൈ ഡോക്ക്,শুকনো ডক
ഉണങ്ങിയ റബ്ബർ കൊത്തുപണി,শুকনো রাবার রাজমিস্ত্রি
ഡച്ച് ബോണ്ട്,ডাচ বন্ড
കുള്ളൻ മതിൽ,বামন প্রাচীর
പാർപ്പിട യൂണിറ്റ്,বাস ইউনিট
ഈവ്,ইভ
ഈവ്സ് ഗട്ടർ,ইভস নর্দমা
സാമ്പത്തിക സാധ്യത,অর্থনৈতিক সম্ভাব্যতা
എക്ടോഡൈനാമോർഫിക് മണ്ണ്,এক্টোডাইনামরফিক মাটি
എഡ്ഡി,এডি
ഫലപ്രദമായ വലിപ്പം,কার্যকরী আকার
പുഷ്പം,প্রস্ফুটিত
മലിനജലം,বর্জ্য
ഉയരത്തിലുമുള്ള,উচ্চতা
എലുവിയേഷൻ,ইলুভিয়েশন
എലൂവിയം,এলুভিয়াম
എൻഡോഡൈനാമോർഫിക് മണ്ണ്,এন্ডোডাইনামরফিক মাটি
എഞ്ചിനീയറിംഗ് സാധ്യത,ইঞ্জিনিয়ারিং সম্ভাব্যতা
ഇംഗ്ലീഷ് ബോണ്ട്,ইংরেজি বন্ড
ഇംഗ്ലീഷ് ഗാർഡൻ വാൾ ബോണ്ട്,ইংরেজি বাগান প্রাচীর বন্ধন
"EPM (ഒരു ദശലക്ഷത്തിന് തുല്യം),&quot;","EPM (প্রতি মিলিয়নের সমতুল্য),&quot;"
തുല്യ ഭാരം,সমান ওজন
ഉദാ,অর্গ
കൈമാറ്റം ചെയ്യാവുന്നത്,বিনিময়যোগ্য
കൈമാറ്റം ചെയ്യാവുന്ന അസിഡിറ്റി,বিনিময়যোগ্য অম্লতা
കൈമാറ്റം ചെയ്യാവുന്ന സോഡിയം ശതമാനം (ESP),বিনিময়যোগ্য সোডিয়াম শতাংশ (ESP)
ഇ.എസ്.പി.,ই এস পি
അസിഡിറ്റി കൈമാറ്റം ചെയ്യുക,এক্সচেঞ্জ অ্যাসিডিটি
എക്സ്ചേഞ്ച് കോംപ്ലക്സ്,এক্সচেঞ্জ কমপ্লেক্স
എക്സോസ്റ്റ്,নিষ্কাশন
തുറന്ന ഫിനിഷ്,উন্মুক্ত ফিনিস
കണ്ണ്,আই
കണ് പുരികം,ভুরু
അഭിമുഖീകരിക്കുന്നു,সম্মুখ
ഫേസിംഗ് ബോണ്ട്,বন্ড সম্মুখীন
സുരക്ഷാ ഘടകം,নিরাপত্তার ফ্যাক্টর
വീഴ്ച,পতন
ഫേഷ്യ,ফেসিয়া
ഫേഷ്യൽ ബോർഡ്,ফেসিয়া বোর্ড
തെറ്റ്,দোষ
വയലിലെ ഈർപ്പം,মাঠের আর্দ্রতা
അന്തിമ ഈർപ്പം തുല്യമാണ്,চূড়ান্ত আর্দ্রতা সমতুল্য
ഫില്ലറ്റ് (മോർട്ടാർ),ফিলেট (মর্টার)
ഫൈനൽ,চূড়ান্ত
അന്തിമ അളവ്,চূড়ান্ত পরিমাপ
അന്തിമ പേയ്മെന്റ്q,চূড়ান্ত অর্থপ্রদান
ഫൈനൽ പ്രീ-സ്ട്രെസ്,চূড়ান্ত প্রাক চাপ
അവസാന പിരിമുറുക്കം,চূড়ান্ত উত্তেজনা
സാമ്പത്തിക സാധ്യത,আর্থিক সম্ভাব্যতা
ഫൈൻ അഗ്രഗേറ്റ്,সূক্ষ্ম সমষ্টি
പിളർന്ന പാറ,ফিসার্ড শিলা
പതാക കല്ല്,পতাকা পাথর
ഫ്ലെമിഷ് ബോണ്ട്,ফ্লেমিশ বন্ড
മിന്നുന്നു,ঝলকানি
മിന്നുന്ന പ്രവാഹം,চটকদার স্রোত
പരന്ന മേൽക്കൂര,সমতল ছাদ
ഫ്ലെഷെ,ফ্লেচে
ഫ്ലെമിഷ് ഗാർഡൻ വാൾ ബോണ്ട്,ফ্লেমিশ গার্ডেন ওয়াল বন্ড
ഫ്ലിന്റ്,চকমকি
ഫ്ലിന്റ് മതിൽ,চকমকি দেয়াল
ഫ്ലോട്ടിംഗ് ഫ്ലോർ,ভাসমান মেঝে
ഫ്ലോക്കുലേഷൻ,ফ্লোকুলেশন
ഫ്ലോക്കുലേഷൻ പരിധി,ফ্লোকুলেশন সীমা
ഫ്ലോക്കുലേഷൻ അനുപാതം,ফ্লোকুলেশন অনুপাত
ഫ്ലോക്കുളുകൾ,ফ্লোকুলস
തറ,মেঝে
ഫ്ലോർ സീൽ,মেঝে সিল
ഒഴുക്ക്,প্রবাহ
ഏറ്റക്കുറച്ചിലുകൾ,ওঠানামা
കാൽനടയായി,ফুটিং
ഫൗണ്ടേഷൻ,ফাউন্ডেশন
ഫ്രീ ഫാൾ ബാരോ ടോപ്പിംഗ് മിക്സർ,ফ্রি ফল ব্যারো টপিং মিক্সার
ഫ്രീ ഫാൾ മിക്സർ (ഡ്രം തരം),ফ্রি ফল মিক্সার (ড্রাম টাইপ)
സ്വതന്ത്ര കല്ല്,বিনামূল্যে পাথর
ഫ്രെഷെറ്റ്,ফ্রেশেট
ഘർഷണ കൂമ്പാരം,ঘর্ষণ গাদা
തവള,ব্যাঙ
ഗേബിൾ,গ্যাবল
ഗബ്ലെറ്റ്,গ্যাবলেট
ഗാംബ്രൽ മേൽക്കൂര,গ্যাম্বেলের ছাদ
ഗേജ്,গেজ
അളക്കൽ വിഭാഗം,পরিমাপক বিভাগ
ഗേജിംഗ് സ്റ്റേഷൻ,গেজিং স্টেশন
പൊതുവായ ലൊക്കേഷൻ പ്ലാൻ,সাধারণ অবস্থান পরিকল্পনা
പൊതു വെന്റിലേഷൻ,সাধারণ বায়ুচলাচল
ജി ചക്രവാളം അല്ലെങ്കിൽ ഗ്ലേ ചക്രവാളം,G দিগন্ত বা gley দিগন্ত
വരെ ഗ്ലേഷ്യൽ,হিমবাহ পর্যন্ত
ഗ്നീസ്,জিনিস
ഗുഡ്സ് യാർഡ്,গুডস ইয়ার্ড
ഗ്രേഡിയന്റ് പ്രതിരോധം,গ্রেডিয়েন্ট প্রতিরোধ
ഗ്രാനൈറ്റ്,গ্রানাইট
ഗ്രാനുലാർ ഘടന,দানাদার গঠন
ഗ്രാനുലേഷൻ,দানাদার
ഗ്രാനുൾ,কণিকা
ഗുരുത്വാകർഷണ ജല രഹിത ജലം,মহাকর্ষীয় জল মুক্ত জল
ഗുരുത്വാകർഷണ മുറ്റം,গ্র্যাভিটেশনাল ইয়ার্ড
വലിയ മണ്ണ് ഗ്രൂപ്പ്,মহান মাটি গ্রুপ
ഗ്രില്ലേജ് അടിസ്ഥാനം,গ্রিলেজ ফাউন্ডেশন
ഗ്രൗണ്ട് ഹാൻഡ് മോൾഡിംഗ്,স্থল হাত ছাঁচনির্মাণ
ഗ്രൂപ്പുചെയ്ത ഡോക്ക്,দলবদ্ধ ডক
ഗ്രൂപ്പ് ഭവനം,গ্রুপ হাউজিং
അതിഥി മുറി,অতিথি কক্ষ
ഗട്ടർ,নর্দমা
ഗട്ടർ വഹിക്കുന്നയാൾ,নর্দমা বহনকারী
ഗട്ടർ പരിശോധന,গটার চেক
ചുറ്റിക ഡ്രസ്സിംഗ്,হাতুড়ি ড্রেসিং
തുറമുഖം,হারবার
അഭയകേന്ദ്രം,আশ্রয়ের পোতাশ্রয়
ഹാർഡ് പാൻ,শক্ত প্যান
തലക്കെട്ട്,হেডার
തലക്കെട്ട് ബോണ്ട്,হেডার বন্ড
ഹെഡ്ഡർ കോഴ്സ്,হেডার কোর্স
ഹെഡ് ഗേറ്റ് ഘടന,হেড গেটের গঠন
കനാലിന്റെ തലവൻ,খালের প্রধান
ഹെഡ് റെഗുലേറ്റർ,হেড রেগুলেটর
മത്തി അസ്ഥിബന്ധം,হেরিং হাড়ের বন্ধন
ഹൃദയം,হার্টিং
നനവിന്റെ ചൂട്,ভিজানোর তাপ
ഉയർന്ന അലുമിന സിമന്റ്,উচ্চ অ্যালুমিনা সিমেন্ট
ഹിപ്,নিতম্ব
ഹിപ് ക്യാപ്പിംഗ്,হিপ ক্যাপিং
ഇടുങ്ങിയ അറ്റം,নিতম্বের শেষ
ഹുഡ്,ঘোমটা
ഹുഡ് മോൾഡിംഗ്,হুড ছাঁচনির্মাণ
ഹുക്കിന്റെ നിയമം,হুকের আইন
വളയം ഇരുമ്പ്,হুপ লোহা
ചക്രവാളം,দিগন্ত
ഹ്യുമിഡിഫിക്കേഷൻ,আর্দ্রতা
"ഈർപ്പം, കേവല","আর্দ্রতা, পরম"
"ഈർപ്പം, ആപേക്ഷികം","আর্দ্রতা, আপেক্ষিক"
ഹമ്പ് യാർഡ്,হাম্প ইয়ার্ড
ഹൈഡ്രോളിക് മർദ്ദം,জলবাহী চাপ
ജലാംശം,হাইড্রেশন
ജലവിശ്ലേഷണം,হাইড্রোলাইসিস
ഹൈഡ്രോലൈറ്റിക് അസിഡിറ്റി,হাইড্রোলাইটিক অ্যাসিডিটি
ഹൈഡ്രോമോർഫിക് മണ്ണ്,হাইড্রোমরফিক মাটি
ഹൈഡ്രോഫിലിക് കൊളോയിഡ്,হাইড্রোফিলিক কলয়েড
ഹൈഡ്രോഫോബിക് കൊളോയിഡ്,হাইড্রোফোবিক কলয়েড
ഹൈഡ്രോസ്റ്റാറ്റിക് മർദ്ദം അനുപാതം,হাইড্রোস্ট্যাটিক চাপ অনুপাত
ഹൈഗ്രോസ്കാപ്റ്റിക് ഗുണകം,হাইগ্রোস্ক্যাপটিক সহগ
ഹൈഗ്രോസ്കോപ്പിക് ഈർപ്പം,হাইগ্রোস্কোপিক আর্দ্রতা
ഹൈഡ്രോസ്കോപ്പിസിറ്റി,হাইড্রোস্কোপিসিটি
ഹൈഗ്രോസ്കോപ്പിക് ഈർപ്പം,হাইগ্রোস্কোপিক আর্দ্রতা
ഹൈപ്പർബാറിക് ചേംബർ,হাইপারবারিক চেম্বার
ഹൈപ്പർസ്റ്റാറ്റിക് ഫ്രെയിം,হাইপারস্ট্যাটিক ফ্রেম
ഹൈപ്സോമീറ്റർ,হাইপসোমিটার
പ്രകാശം,আলোকসজ্জা
ഇംബിബേഷൻ ഈർപ്പം,ইমবিবেশন আর্দ্রতা
പാകമാകാത്ത മണ്ണ്,অপরিণত মাটি
പിടിച്ചെടുത്ത ഡോക്ക്,জব্দ ডক
ഭൂമിയുടെ വരുമാനം വർദ്ധിപ്പിക്കുക,ভূমি রাজস্ব বৃদ্ধি
സ്വതന്ത്ര സ്കാർഫോൾഡ്,স্বাধীন ভারা
ഇൻഡുറേറ്റഡ്,নিমজ্জিত
പ്രാരംഭ പ്രിസ്ട്രെസ്,প্রাথমিক prestress
പ്രാരംഭ ടെൻഷൻ,প্রাথমিক উত্তেজনা
ഉൾനാടൻ ജലപാത തുറമുഖം,অভ্যন্তরীণ জলপথ বন্দর
ഇൻസുലേറ്റിംഗ് ബോർഡ്,অন্তরক বোর্ড
ഇന്റർമീഡിയറ്റ് പോർട്ട്,মধ্যবর্তী বন্দর
ആന്തരിക ഘർഷണം,অভ্যন্তরীণ ঘর্ষণ
ഇൻട്രാസോണൽ മണ്ണ്,ইন্ট্রাজোনাল মাটি
അയോൺ,অয়ন
അയോൺ എക്സ്ചേഞ്ച്,আয়ন বিনিময়
ഇരുമ്പ് പാൻ,লোহার প্যান
ജലസേചന ഭൂമി,সেচ সম্পন্ন ভূমি
ജലസേചനം,সেচ
ജലസേചന സെസ്,সেচ সেস
ജാംബ്,জাম্ব
ജോഗിൾ,জগল
ജോഗിൾ പിൻ,জগল পিন
ജൂൾ,জুল
ജമ്പർ,জাম্পার
കിലോഗ്രാം,কিলোগ্রাম
കിലോഗ്രാം ശക്തി,কিলোগ্রাম বল
കിലോഗ്രാം ഫോഴ്സ് മീറ്റർ,কিলোগ্রাম ফোর্স মিটার
കിലോവാട്ട് മണിക്കൂർ,কিলোওয়াট ঘন্টা
രാജാവ് അടച്ചുപൂട്ടൽ,রাজা বন্ধ
അടുക്കള,রান্নাঘর
ലേസ്ഡ് കോളം,জরিযুক্ত কলাম
ലാഗിംഗ്,ল্যাগিং
ലാമെല്ല റൂട്ട്,ল্যামেলা মূল
ലാമിനാർ ഒഴുക്ക്,লেমিনার প্রবাহ
വിളക്ക് ദ്വാരം,বাতির গর্ত
ഭൂമി ശേഖരിക്കൽ,ভূ - বিস্তৃতি
ലാൻഡ് സ്ലൈഡിംഗ്,ল্যান্ড স্লাইডিং
ലാറ്ററൈറ്റ്,ল্যাটেরাইট
ലാറ്ററൈറ്റ് മണ്ണ്,ল্যাটেরাইট মাটি
വലിയ സംഖ്യകളുടെ നിയമം,বড় সংখ্যার আইন
ലേഔട്ട് പ്ലാൻ,বিন্যাস পরিকল্পনা
ലെഡ്ജർ,খাতা
നാരങ്ങ പാൻ,চুন প্যান
ലിന്റൽ,লিন্টেল
ദ്രാവക പരിധി,তরল সীমা
ലൈവ് ലോഡ്,লাইভ লোড
പശിമരാശി,দোআঁশ
പ്രാദേശിക എക്‌സ്‌ഹോസ്റ്റ് വെന്റിലേഷൻ,স্থানীয় নিষ্কাশন বায়ুচলাচল
ലോക്കോ യാർഡ്,লোকো ইয়ার্ড
ലോസ്,লস
കുറഞ്ഞ പ്ലാസ്റ്റിക് പരിധി,নিম্ন প্লাস্টিকের সীমা
കുറഞ്ഞ ചൂട് സിമന്റ്,কম তাপ সিমেন্ট
മെഷീൻ മോൾഡിംഗ്,মেশিন ছাঁচনির্মাণ
മാക്രോസ്ട്രക്ചർ,ম্যাক্রোস্ট্রাকচার
പ്രധാന ഹെഡ് റെഗുലേറ്റർ,প্রধান প্রধান নিয়ন্ত্রক
പ്രധാന തുറമുഖം,প্রধান বন্দর
മേക്കപ്പ് എയർ,বায়ু আপ করা
മാൻസാർഡ്,মানসার্ড
മാർഷലിംഗ് യാർഡ്,মার্শালিং ইয়ার্ড
കൊത്തുപണി,রাজমিস্ত্রির কাজ
പക്വത താപനില,পরিপক্ক তাপমাত্রা
മെസാനൈൻ തറ,মধ্যবর্তী তলা মেঝে
മെക്കാനിക്കൽ വിശകലനം,যান্ত্রিক বিশ্লেষণ
മെക്കാനിക്കൽ വെന്റിലേഷൻ,যান্ত্রিক বায়ুচলাচল
മെട്രിക് സിസ്റ്റം,মেট্রিক সিস্টেম
മൈക്രോസ്ട്രക്ചർ,মাইক্রোস্ট্রাকচার
മില്ലി തുല്യം,মিলি সমতুল্য
ഒരു ലിറ്ററിന് തുല്യമായ മില്ലി,মিলি প্রতি লিটার সমতুল্য
ധാതു,খনিজ
ധാതു മണ്ണ്,খনিজ মাটি
ചെറിയ തുറമുഖം,ছোট বন্দর
മിട്രഡ് ക്ലോഷർ,Mitred বন্ধ
മൊബൈൽ മണ്ണ് കൊളോയിഡ്,মোবাইল সয়েল কলয়েড
ഈർപ്പത്തിന്റെ ഉള്ളടക്കം,আর্দ্রতা কন্টেন্ট
ഈർപ്പം ഗ്രേഡിയന്റ്,আর্দ্রতা গ্রেডিয়েন্ট
മോണോലിത്ത്,মনোলিথ
മോണോറെയിൽ,মনোরেল
നാഷണൽ ഹാർബർ കൗൺസിൽ,জাতীয় হারবার কাউন্সিল
സ്വാഭാവിക കിടക്ക,প্রাকৃতিক বিছানা
സ്വാഭാവിക ഫിനിഷ്,প্রাকৃতিক ফিনিস
സ്വാഭാവിക തുറമുഖം,প্রাকৃতিক পোতাশ্রয়
സ്വാഭാവിക വെന്റിലേഷൻ,প্রাকৃতিক বায়ুচলাচল
നാവിക തുറമുഖം,নৌ বন্দর
ന്യൂട്ടൺ,নিউটন
ഏകീകൃതമല്ലാത്ത ഒഴുക്ക്,অ অভিন্ন প্রবাহ
ജലനിരക്ക് ഉൾക്കൊള്ളുന്നു,জলের হার দখল করে
ഓയിൽ പെയിന്റ്,তেলে আকা
എണ്ണ കിണർ സിമന്റ്,তেল কূপ সিমেন্ট
ചാനൽ ഫ്ലോ തുറക്കുക,খোলা চ্যানেল প্রবাহ
ഒപ്റ്റിമൽ ഈർപ്പം,সর্বোত্তম আর্দ্রতা
ജൈവ മണ്ണ്,জৈব মাটি
ഓറിയന്റേഷൻ,ওরিয়েন্টেশন
ഓർത്തോഗണൽ,অর্থোগোনাল
ഒർട്ട്സ്റ്റീൻ,অর্টস্টেইন
ബാഹ്യ സിഗ്നൽ,বাইরের সংকেত
ഓക്സിഡേഷൻ,জারণ
കലവറ,প্যান্ট্রি
പാരപെറ്റ്,প্যারাপেট
പാരപെറ്റ് മതിൽ,প্রাচীর প্রাচীর
പാരന്റ് മെറ്റീരിയൽ,পিতামাতার উপাদান
പെബിൾ കാസ്റ്റ് പ്ലാസ്റ്റർ,নুড়ি ঢালাই প্লাস্টার
പെഡൽഫർ,পেডালফার
പെഡോക്കൽ,পেডোকাল
പെഡോജെനിസിസ്,পেডোজেনেসিস
പെഡോളജി,পেডোলজি
പെഡോസ്ഫിയർ,পেডোস্ফিয়ার
പെനെട്രോമീറ്റർ,পেনেট্রোমিটার
പെന്റ് മേൽക്കൂര,পেন্ট ছাদ
പെപ്റ്റിസിംഗ് ഏജന്റ്,পেপটাইজিং এজেন্ট
വിശകലന കാലയളവ്,বিশ্লেষণের সময়কাল
പെർപെൻഡ്,পারপেন্ড
പെർസോർപ്ഷൻ,শোষণ
പിയർ,পিয়ার
പിലാസ്റ്റർ,পিলাস্টার
പിച്ച്,পিচ
പിച്ചിട്ട മേൽക്കൂര,গল্পটা ছাদ
പ്ലെയിൻ കോൺക്രീറ്റ്,সাধারণ কংক্রিট
തലം ആംഗിൾ,সমতল কোণ
സമതല മുറ്റം,সমতল গজ
പ്ലാൻസോൾ,প্ল্যানসোল
പ്ലാസ്റ്റിക് സ്ഥിരത,প্লাস্টিকের সামঞ্জস্য
പ്ലാസ്റ്റിറ്റി,প্লাস্টিসিটি
പ്ലാസ്റ്റിറ്റി സൂചിക,প্লাস্টিসিটি সূচক
പ്ലാസ്റ്റിറ്റി പരിധി,প্লাস্টিসিটি সীমা
പ്ലാസ്റ്റിറ്റി ശ്രേണി,প্লাস্টিসিটি পরিসীমা
പ്ലാറ്റി ഘടന,প্লাটি গঠন
സ്തംഭം,প্লিন্থ
ഉഴുതുമണ്ണ്,লাঙ্গলের মাটি
പ്ലം കല്ല്,বরই পাথর
പോഡ്സോൾ,পডজোল
ചൂണ്ടിക്കാണിക്കുന്നു,ইশারা
ബഹുഭുജ മതിൽ,বহুভুজ প্রাচীর
പോർ സ്പേസ്,ছিদ্র স্থান
തുറമുഖം,বন্দর
പോസിറ്റീവ് വെന്റിലേഷൻ,ইতিবাচক বায়ুচলাচল
പുൽമേടുള്ള മണ്ണ്,প্রাইরি মাটি
കൃത്യത,যথার্থতা
പ്രാഥമിക കണിക,প্রাথমিক কণা
പ്രിസ്മാറ്റിക് ഘടന,প্রিজম্যাটিক কাঠামো
ഉൽപ്പാദനപരമായ ജോലി,উৎপাদনশীল কাজ
പദ്ധതിയുടെ ന്യായീകരണം,প্রকল্পের ন্যায্যতা
സംരക്ഷണ പ്രവർത്തനം,প্রতিরক্ষামূলক কাজ
കപട-മൈസീലിയം,সিউডো-মাইসেলিয়াম
പുഡിൽ,পুডল
പഗ്ഗിംഗ്,পাগিং
പ്യൂമിസ്,পিউমিস
പഞ്ച്യോൺ,পাঞ্চিয়ন
പാവ,পুতুল
പുട്ട്ലോഗ്,পুটলগ
പുട്ട്ലോഗ് സ്കാർഫോൾഡ്,পুটলগ ভারা
അളവ് തൂക്ക നിരീക്ഷകൻ,পরিমাণ পরিমাপক
ക്വാറി സ്രവം,খনির রস
കടവ,কোয়ে
രാജ്ഞി അടച്ചുപൂട്ടൽ,রানী বন্ধ
ക്വോയിൻ,কুইন
റാഫ്റ്റ് അടിത്തറ,ভেলা ফাউন্ডেশন
റാക്കർ,রাকার
റാക്കിംഗ്,রেকিং
റാക്കിംഗ് ബോണ്ട്,রেকিং বন্ড
റാക്കിംഗ് ഫ്ലാഷിംഗ്,ঝলকানি raking
അതിവേഗം മാറിക്കൊണ്ടിരിക്കുന്ന ഒഴുക്ക്,দ্রুত পরিবর্তনশীল প্রবাহ
വീണ്ടെടുക്കാവുന്ന പേയ്മെന്റ്,পুনরুদ্ধারযোগ্য পেমেন্ট
ചുവന്ന ഭൂമി,লাল পৃথিবী
ചുവന്ന പശിമരാശി,লাল দোআঁশ
റെഗുലേറ്റർ,রেগুলেটর
റെഗുർ അല്ലെങ്കിൽ കറുത്ത പരുത്തി മണ്ണ്,রেগুর বা কালো তুলা মাটি
തിരിച്ചടവ് കരാർ,পরিশোধের চুক্তি
ശേഷിക്കുന്ന ചുരുങ്ങൽ,অবশিষ্ট সংকোচন
ശേഷിക്കുന്ന മണ്ണ്,অবশিষ্ট মাটি
വെളിപ്പെടുത്തുക,প্রকাশ করা
പിൻ വെളിപ്പെടുത്തുക,পিন প্রকাশ করুন
സമനില വെളിപ്പെടുത്തുക,টাই প্রকাশ
റിഡ്ജ്,রিজ
റിഡ്ജ് ക്യാപ്പിംഗ്,রিজ ক্যাপিং
നദി,নদী
റോഡ് സ്റ്റെഡ്,রোড স্টেড
പരുക്കൻ പ്ലാസ്റ്റർ,রুক্ষ প্লাস্টার
അവശിഷ്ടങ്ങൾ,ধ্বংসস্তুপ
അവശിഷ്ടങ്ങൾ,ধ্বংসস্তূপ রাজমিস্ত্রি
അവശിഷ്ടങ്ങൾ ചുവരുകൾ,ধ্বংসস্তূপ দেয়াল
റണ്ണിംഗ് മെഷർമെന്റ്,চলমান পরিমাপ
സുരക്ഷിതമായ വഹിക്കാനുള്ള ശേഷി,নিরাপদ ভারবহন ক্ষমতা
ഉപ്പ് ഗ്ലേസ്,লবণ গ্লেজ
സാമ്പിൾ വലിപ്പം,সাধারন মাপ
സാമ്പിൾ വിതരണം,নমুনা বিতরণ
സാമ്പിൾ പിശക്,নমুনা ত্রুটি
മണല്,বালি
സാൻഡ് ഫിനിഷ്,বালি ফিনিস
മണൽ കൈ മോൾഡിംഗ്,বালি হাত ছাঁচনির্মাণ
സാൻഡിംഗ്,স্যান্ডিং
പൂരിത മണ്ണ്,স্যাচুরেটেড মাটি
പൂരിത മണ്ണ് പേസ്റ്റ്,স্যাচুরেটেড মাটির পেস্ট
സാച്ചുറേഷൻ എക്സ്ട്രാക്റ്റ്,স্যাচুরেশন নির্যাস
സാച്ചുറേഷൻ ശതമാനം,স্যাচুরেশন শতাংশ
സോസർ ഡോം,সসার গম্বুজ
സ്കാർഫോൾഡ്,ভারা
ഷിസ്റ്റ്,শিস্ট
കടൽ തുറമുഖം,সমুদ্র বন্দর
രഹസ്യ ഗട്ടർ,গোপন নর্দমা
രണ്ടാമത്,দ্বিতীয়
സെഡിമെന്റേഷൻ വിശകലനം,অবক্ষেপণ বিশ্লেষণ
അർദ്ധ കൃത്രിമ തുറമുഖം,আধা-কৃত্রিম বন্দর
സെമി ടൈഡൽ ഡോക്ക്,আধা জোয়ার ডক
സെനൈൽ,বার্ধক্য
ഷെയ്ൽ,শেল
ഷീറ്റ് കൂമ്പാരം,চাদরের স্তূপ
ചുരുങ്ങൽ പരിധി,সংকোচন সীমা
ഷട്ടറിംഗ്,শাটারিং
സിയാലിറ്റിക് മണ്ണ്,সিয়ালিটিক মাটি
സീറോസെം,সিয়েরোজেম
സിൽ,সিল
ചെളി,পলি
ഏക മാംസ രക്തം,একক ফ্লেমিশ রক্ত
ഒറ്റ തരി ഘടന,একক দানাদার কাঠামো
എല്ലിൻറെ മണ്ണ്,কঙ্কালের মাটি
സ്കിർട്ടിംഗ്,স্কার্টিং
സ്ലീപ്പർ മതിൽ,ঘুমের প্রাচীর
സൈഡ് ഗട്ടർ,পাশের নর্দমা
സ്ലൈഡ് നിയമം,পিছলানো পদ্দতি
സ്ലിപ്പ് ഡോക്ക്,স্লিপ ডক
സ്മോനിസ,স্মোনিজা
കുതിർക്കുന്നു,ভিজানো
മണ്ണ് അസോസിയേഷൻ,মৃত্তিকা সমিতি
മണ്ണ് ക്ലാസ്,মাটির শ্রেণী
മണ്ണിന്റെ സമുച്ചയം,মাটি জটিল
മണ്ണിന്റെ സ്ഥിരത,মাটির সামঞ্জস্য
മണ്ണിന്റെ കുടുംബം,মাটির পরিবার
മണ്ണ് ഫ്രെയിം വർക്ക്,মাটির ফ্রেমের কাজ
മണ്ണിലെ ഈർപ്പം,মাটির আদ্রতা
മണ്ണിലെ ഈർപ്പം ശേഖരിക്കൽ,মাটির আর্দ্রতা বৃদ্ধি
മണ്ണിന്റെ ഈർപ്പം കുറവ്,মাটির আর্দ্রতার ঘাটতি
മണ്ണിന്റെ രൂപഘടന,মাটির রূপবিদ্যা
മണ്ണിന്റെ കണിക,মাটির কণা
മണ്ണിന്റെ ഘട്ടം,মাটির পর্যায়
മണ്ണിന്റെ പ്രൊഫൈൽ,মাটি প্রোফাইল
മണ്ണിന്റെ പ്രതികരണം,মাটির প্রতিক্রিয়া
മണ്ണ് വേർതിരിക്കുന്നു,মাটি আলাদা করে
മണ്ണ് പരമ്പര,মাটি সিরিজ
മണ്ണ് പരിഹാരം,মাটির সমাধান
മണ്ണിന്റെ ഘടന,মাটির গঠন
മണ്ണിന്റെ ഘടന,মাটির গঠন
മണ്ണിന്റെ തരം,মাটির ধরন
സോലം,সোলুম
സോർപ്ഷൻ,সর্পশন
സ്പാൾസ്,স্পালস
പ്രത്യേക അയോൺ പ്രഭാവം,নির্দিষ্ট আয়ন প্রভাব
ചതുരാകൃതിയിലുള്ള പാടശേഖരം,বর্গাকার কোর্সকৃত ধ্বংসস্তূপের গাঁথনি
ചതുരാകൃതിയിലുള്ള പതിവ് കോഴ്‌സ് ചെയ്ത അവശിഷ്ടങ്ങൾ,বর্গাকার নিয়মিত কোর্সকৃত ধ্বংসস্তুপ গাঁথনি
സ്ഥിരതയുള്ള ഒഴുക്ക്,অটল প্রবাহ
സ്റ്റെപ്പ് ഫ്ലാഷിംഗ്,ধাপে ধাপে ঝলকানি
ഒട്ടിപ്പിടിക്കുക,আঠালোতা
സ്റ്റിക്കിംഗ് പോയിന്റ്,স্টিকিং পয়েন্ট
കല്ല്,পাথর
സ്ലോപ്പ് ഹാൻഡ് മോൾഡിംഗ്,স্লপ হাত ছাঁচনির্মাণ
സ്ട്രാപ്പ് ഹിഞ്ച്,চাবুক কবজা
വൈക്കോൽ ബോർഡ്,খড় বোর্ড
ധാര,প্রবাহ
സമ്മർദ്ദം,মানসিক চাপ
സ്ട്രെച്ചർ,স্ট্রেচার
സ്ട്രെച്ചർ ബോണ്ട്,স্ট্রেচার বন্ড
സ്ട്രെച്ചർ കോഴ്സ്,স্ট্রেচার কোর্স
സ്ട്രിംഗ്,স্ট্রিং
സ്ട്രിംഗ് കോഴ്സ്,স্ট্রিং কোর্স
ഘടന ഘടകം,স্ট্রাকচার ফ্যাক্টর
ഘടനാ സൂചിക,গঠন সূচক
സ്റ്റക്കോ,স্টুকো
സ്റ്റഡ്,স্টুড
സ്റ്റൈലോബേറ്റ്,স্টাইলোবেট
ഉപ മണ്ണ്,সাব মাটি
ഉപ ഘടന,উপ-কাঠামো
സമ്മേഷൻ വക്രം,সমষ্টি বক্ররেখা
സൺ മൈക്ക,সূর্য মাইকা
സൂപ്പർ ഘടന,সুপার স্ট্রাকচার
സർവേയർ,সার্ভেয়ার
എസ്-മൂല്യം,এস-মান
കൊള്ളമുതൽ,চোরাই মাল
സ്വാൻ കഴുത്ത്,রাজহাঁসের ঘাড়
കൂടാരം,তাবারন্যাকল
ടേബിൾ ഹാൻഡ് മോൾഡിംഗ്,টেবিল হাত ছাঁচনির্মাণ
ടാങ്കിംഗ്,ট্যাঙ্কিং
ടെമ്പിയറ്റോ,টেম্পিয়েত্তো
ടെമ്പറിംഗ്,টেম্পারিং
ടെംപ്ലേറ്റ്,টেমপ্লেট
ടെംപ്ലേറ്റ്,টেমপ্লেট
ടെപ്പിഡാരിയം,টেপিডারিয়াম
ടെറാക്കോട്ട,পোড়ামাটির
ടെറ റോസ,টেরা রোজা
ടെറാസോ,টেরাজো
ടെട്ര ശൈലി,টেট্রা শৈলী
പരിധി പരിധി മൂല്യം,থ্রেশহোল্ড সীমা মান
തൊണ്ട,গলা
കല്ലിലൂടെ,পাথরের মাধ্যমে
ടൈഡൽ ബേസിൻ,জোয়ার বেসিন
ടൈ ബാർ,টাই বার
ബീം കെട്ടുക,টাই মরীচি
വടി കെട്ടുക,টাই রড
ടയർ,তিরস
സഹിഷ്ണുത,সহনশীলতা
പല്ലുവേദന,দাঁত তোলা
മുകളിലെ മണ്ണ് അല്ലെങ്കിൽ ഉപരിതല മണ്ണ്,উপরের মাটি বা পৃষ্ঠের মাটি
ആകെ പൊറോസിറ്റി,মোট ছিদ্র
ട്രേസറി,ট্রেসরি
ട്രെയിൻ പ്രതിരോധം,ট্রেন প্রতিরোধ
ട്രാൻസെപ്റ്റ്,ট্রান্সেপ্ট
പരിവർത്തന മണ്ണ്,ক্রান্তিকালীন মাটি
ട്രാൻസോം,ট্রান্সম
മണ്ണ് ഗതാഗതം,পরিবহন মাটি
പോഷകനദി,উপনদী
ട്രിഫോറിയം,ট্রাইফোরিয়াম
ട്രൈഗ്ലിഫ്,ট্রাইগ্লিফ
വെട്ടിച്ചുരുക്കിയ മണ്ണ്,কাটা মাটি
പ്രക്ഷുബ്ധമായ ഒഴുക്ക്,উত্তাল প্রবাহ
ടററ്റ്,বুরুজ
ടൈംപാർ നമ്പർ,টাইম্পার সংখ্যা
ആത്യന്തികമായി വഹിക്കാനുള്ള ശേഷി,চূড়ান্ত ভারবহন ক্ষমতা
ആത്യന്തിക പിഎച്ച്,চূড়ান্ত পিএইচ
ക്രമരഹിതമായ റാൻഡം അവശിഷ്ടങ്ങൾ കൊത്തുപണികൾ,এলোমেলো ধ্বংসস্তূপের গাঁথনি
കോഴ്‌സ് ചെയ്യാത്ത ചതുരാകൃതിയിലുള്ള അവശിഷ്ടങ്ങൾ,আনকোর্সড বর্গাকার ধ্বংসস্তূপ রাজমিস্ত্রি
അണ്ടർക്രോഫ്റ്റ്,আন্ডারক্রফট
നിറയാത്ത സുഷിരം,অপূর্ণ ছিদ্র
ഏകീകൃത ഒഴുക്ക്,অভিন্ন প্রবাহ
യൂണിറ്റ് ഫ്രെയിം തരം സ്കാർഫോൾഡ്,ইউনিট ফ্রেম টাইপ ভারা
ഉൽപ്പാദനക്ഷമമല്ലാത്ത ജോലി,অনুৎপাদনশীল কাজ
അപൂരിത മണ്ണ്,অসম্পৃক্ত মাটি
അസ്ഥിരമായ ഒഴുക്ക്,অস্থির প্রবাহ
മുകളിലെ പ്ലാസ്റ്റിക് പരിധി,প্লাস্টিকের উপরের সীমা
താഴ്വര ഗട്ടർ,উপত্যকা গটার
നിലവറ,ভল্ট
വെറ്റേറിയം,ভেটেরিয়াম
വെന്റിലേഷൻ,অবাধে বায়ু - চলাচলের ব্যবস্থা
വെന്റിലേറ്റർ,ভেন্টিলেটর
വരംദഹ്,ভেরামদাহ
വെസ്റ്റിബ്യൂൾ,ভেস্টিবুল
വില്ല,ভিলা
