Punjabi,Assamese
ਐਸਿਡੌਇਡ,এচিড’ইড
ਏਓਲੀਅਨ ਮਿੱਟੀ,ইঅ’লিয়ান মাটি
ਕੁੱਲ,গোট খোৱা
ਐਗਰੀਗੇਸ਼ਨ,সংগ্ৰহ
ਖੇਤੀ ਵਿਗਿਆਨ,কৃষি বিজ্ঞান
ਖੇਤੀ ਵਿਗਿਆਨ,কৃষি বিজ্ঞান
ਏ-ਹੋਰੀਜ਼ਨ,এ-দিগন্ত
ਆਉ-ਦਿਮਾਗ,আও-দিগন্ত
ਆਉ—ਅੰਦਾਜ਼,আও-দিগন্ত
ਮਿੱਟੀ ਦੀ ਹਵਾ ਦੀ ਸਮਰੱਥਾ,মাটিৰ বায়ু ক্ষমতা
ਮਿੱਟੀ ਦੀ ਹਵਾ ਸਮੱਗਰੀ,মাটিৰ বায়ুৰ পৰিমাণ
ਏਅਰ ਪਿਕਨੋਮੀਟਰ,এয়াৰ পিকনোমিটাৰ
ਐਲੀਟਿਕ ਮਿੱਟੀ,এলিটিক মাটি
ਐਲਵੀਅਲ ਮਿੱਟੀ,জলজ মাটি
ਐਮਫੋਲੀਟੋਇਡ,এম্ফোলাইট’ইড
ਐਨੀਅਨ,এনিয়ন
"ਸਪੱਸ਼ਟ ਖਾਸ ਗਰੈਵਿਟੀ ਵਾਲੀਅਮ ਭਾਰ ਜਾਂ ਬਲਕ ਖਾਸ ਗਰੈਵਿਟੀ,&quot;","আপাত নিৰ্দিষ্ট মাধ্যাকৰ্ষণৰ আয়তনৰ ওজন বা বাল্ক নিৰ্দিষ্ট মাধ্যাকৰ্ষণ,&quot;"
ਅਰਿਸ,আৰিছ
ਐਸ਼ਲਰ ਵਧੀਆ ਚਿਣਾਈ,আছলাৰ মিহি শিলৰ কাম
ਐਸ਼ਲਰ ਚਿਣਾਈ,আছলাৰ শিলৰ কাম
ਅਜੋਨਲ ਮਿੱਟੀ,এজ’নেল মাটি
ਪਿਛਲਾ ਅਦਾਕਾਰ,পিঠিৰ অভিনেতা
ਪਿਛਲਾ arch,পিছফালৰ খোলা
ਬੈਕ ਬੈਂਡ,বেক বেণ্ড
ਪਿੱਛੇ ਬੁਰਸ਼,পিছফালৰ ব্ৰাছ
ਵਾਪਸ ਜਾਂਚ,বেক চেক
ਪਿੱਛੇ ਕਾਊਂਟਰ,বেক কাউণ্টাৰ
ਵਾਪਸ ਕੱਟਣਾ,পিঠি কাটি থকা
ਬੈਕ ਡਰਾਫਟ ਡੈਂਪਰ,বেক ড্ৰাফ্ট ডেম্পাৰ
ਬੈਕ ਡਰੇਨ,বেক ড্ৰেইন
ਬੈਕ ਡਰਾਪ,বেক ড্ৰপ
ਵਾਪਸ ਭਰੋ,বেক ফিল
ਬੈਕ ਫਿਲਲੇਟ,পিছফালৰ ফিলেট
ਬੈਕ ਫਲੈਪ ਹਿੰਗ,বেক ফ্লেপ হিঞ্জ
ਵਾਪਸ ਵਹਾਅ ਕੁਨੈਕਸ਼ਨ,বেক ফ্ল&#39; সংযোগ
ਬੈਕ ਵਹਾਅ ਰੋਕਣ ਵਾਲਾ,বেক ফ্ল’ প্ৰিভেণ্টাৰ
ਬੈਕ ਗੇਜ,বেক গেজ
ਪਿਛਲਾ ਗਟਰ,পিছফালৰ নালা
ਪਿਛਲਾ ਚੁੱਲ੍ਹਾ,পিছফালৰ অগ্নিকুণ্ড
ਬੈਕਿੰਗ,বেকিং
ਬੈਕਿੰਗ ਬੋਰਡ,বেকিং বৰ্ড
ਪਿੱਠ ਦਾ ਦਬਾਅ,পিঠিৰ চাপ
ਬੈਕ ਪ੍ਰੋਪ,বেক প্ৰপ
ਪਿੱਛੇ ਦੀ ਨਜ਼ਰ,পিছফালৰ দৃষ্টি
ਵਾਪਸ ਪਾਣੀ,পিছফালৰ পানী
ਘਬਰਾਹਟ,বেফেল
ਬੈਗਵਰਕ,বেগৱৰ্ক
ਬੈਲਸਟ,বেলেষ্ট
ਬਾਲ ਮਿੱਟੀ,বল মাটি
ਬਾਲ ਕੋਨ ਕਲੈਂਪ,বল কন ক্লেম্প
ਕੰਡਿਆਲੀ ਤਾਰ,কাঁইটীয়া তাঁৰ
ਬਾਰ ਕੁੱਤਾ,বাৰ কুকুৰ
ਬਾਰਜ ਬੋਰਡ,বাৰ্জ বৰ্ড
ਬੇਰੀਅਮ ਸਲਫੇਟ ਟੈਸਟ,বেৰিয়াম ছালফেট পৰীক্ষা
ਬੈਰਾਜ,বেৰেজ
ਬੈਰੇਟ,বেৰেট
ਅਧਾਰ,ভেঁটি
ਬੇਸ ਐਕਸਚੇਂਜ,ভিত্তি বিনিময়
ਬੇਸ ਲਾਈਨ,ভিত্তি লাইন
ਬੇਸਮੈਂਟ,বেছমেণ্ট
ਬੇਸਮੈਂਟ ਦੀ ਕੰਧ,বেছমেণ্টৰ দেৱাল
ਬੇਸ ਪਲੇਟ,বেচ প্লেট
"ਬੇਸ ਪਲੇਟ, ਅਨੁਕੂਲ","বেচ প্লেট, নিয়ন্ত্ৰণযোগ্য"
ਬੇਸ ਸੰਤ੍ਰਿਪਤਾ,ভিত্তি পৰিপূৰকতা
ਬੇਸੌਇਡ,বেছ’ইড
ਬੱਲਾ,বেট
ਇਸ਼ਨਾਨ ਅਤੇ ਡਬਲਯੂ.ਸੀ,বাথ আৰু ডব্লিউ চি
ਬੈਟਰ ਪੈਗ,বেটাৰ পেগ
ਬੈਟਰ ਪੀਅਰ,বেটাৰ ঘাট
ਬੈਟਰ ਨਿਯਮ,বেটাৰৰ নিয়ম
ਬਾਲਕ (ਬਾਲਕ),Baulk (বালক)
ਬੇ,উপসাগৰ
ਧਾਰਕ,বাহক
ਬੇਅਰਿੰਗ ਸਮਰੱਥਾ,বহন ক্ষমতা
ਬੇਅਰਿੰਗ ਪਾਇਲ,বেয়াৰিং পাইল
ਬੇਅਰਿੰਗ ਸਟ੍ਰੈਟਮ,বহন স্তৰ
ਬਿਸਤਰਾ,বিছনা
ਬਿਸਤਰੇ ਦਾ ਜਹਾਜ਼,বিচনাৰ বিমান
ਬਿਸਤਰਾ ਜੋੜ,বিচনাৰ সংযোগ
ਬੈੱਡ ਰੌਕ,বিচনাৰ শিল
ਬੈੱਡ ਰੂਮ,শোৱনি কোঠা
ਮੋਮ,মৌমাখিৰ মোম
ਘੰਟੀ ਬਾਕਸ,বেল বাকচ
ਘੰਟੀ ਵਾਲੀ ਬਾਲਟੀ,বেলিং বাল্টি
ਬੇਲੋਫ੍ਰਾਮ,বেলোফ্ৰেম
ਬੈਂਚਡ ਫਾਊਂਡੇਸ਼ਨ,বেঞ্চযুক্ত ভেটি
ਬੈਂਚਿੰਗ,বেঞ্চিং কৰা
ਬੇਂਚਮਾਰਕ,বেঞ্চ মাৰ্ক
ਲਾਭ ਲਾਗਤ ਵਿਸ਼ਲੇਸ਼ਣ,লাভৰ খৰচ বিশ্লেষণ
ਬਰਮ,বাৰ্ম
Bevelled ਬੰਦ,বেভেলড বন্ধ
"ਬੀ-ਹੋਰੀਜ਼ਨ,&quot;ਬੀ-","খ-দিগন্ত,&quot;খ-"
ਬਾਇਟ,বিয়াত
ਬਿੰਦਰ,বাইণ্ডাৰ
ਬਾਈਡਿੰਗ ਸਮੱਗਰੀ,বান্ধি ৰখা সামগ্ৰী
ਬਾਇਓਟ ਦਾ ਸਿਧਾਂਤ,বায়টৰ তত্ত্ব
ਬਿਟੂਮਨ,বিটুমিন
ਕਾਲੀ ਕਪਾਹ ਦੀ ਮਿੱਟੀ,ক’লা কপাহী মাটি
ਕਾਲੀ ਧਰਤੀ,ক&#39;লা পৃথিৱী
ਕਾਲੀ ਮੈਦਾਨ ਵਾਲੀ ਮਿੱਟੀ,ক’লা টাৰ্ফ মাটি
ਬਲੇਡ,ব্লেড
ਬਲਾਸਟ ਫਰਨੇਸ ਸਲੈਗ ਸੀਮਿੰਟ,ব্লাষ্ট ফাৰ্নেচ স্লেগ চিমেণ্ট
ਬਲਾਕੀ ਬਣਤਰ,ব্লকযুক্ত গঠন
ਬੋਗੀ ਪ੍ਰਤੀਰੋਧ,বগী প্ৰতিৰোধ
ਬੋਗ-ਲੋਹੇ ਦਾ ਧਾਤ,বোগ-লোহাৰ অক্সাইড
ਬਾਂਡ,বান্ধোন
ਬੰਧੂਆ ਮੈਂਬਰ,বণ্ডেড সদস্য
ਬੰਧੂਆ ਪੋਸਟ ਤਣਾਅ,বণ্ডেড পোষ্ট টেনচিং
ਬੰਧਨ ਪੱਥਰ,বণ্ড ষ্টোন
ਬੰਨ੍ਹ ਪਾਣੀ,বান্ধি থোৱা পানী
ਬਾਕਸ ਗਟਰ,বক্স নালা
ਬ੍ਰੇਸ,ব্ৰেচ
ਇੱਟ-ਤੇ-ਕਿਨਾਰੇ,ইটা-অন-এজ
ਲਗਾਮ,লজ্জাজনক
ਚਮਕ,উজ্জ্বলতা
ਭੂਰੀ ਮਿੱਟੀ,বাদামী মাটি
ਬਿਲਡਿੰਗ,ভৱন
ਬਿਲਡਿੰਗ ਸਰਵੇਅਰ,বিল্ডিং জৰীপকাৰী
ਬਫਰ,বাফাৰ
ਬਫਰ ਕਰਵ,বাফাৰ বক্ৰ
ਬਫਰਿੰਗ,বাফাৰিং
ਬਫਰਿੰਗ ਸਮਰੱਥਾ,বাফাৰিং ক্ষমতা
ਬੰਦਰ,বাণ্ডাৰ
ਬਟਰਸ,বাট্ৰেছ
ਸੀ-ਹੋਰੀਜ਼ਨ,গ-দিগন্ত
ਕੇਬਲ,কেবল
ਕੇਬਲ ਮੋਲਡਿੰਗ,কেবল মল্ডিং
ਕੇਬਲਿੰਗ,কেবলিং
ਕੈਬਿਨ,কেবিন
ਕੈਬਿਨ ਹੁੱਕ,কেবিন হুক
ਕੈਬਨਿਟ,কেবিনেট
ਕੈਬੋਲਟ ਨੇ ਛੱਡ ਦਿੱਤਾ,কেবল্টৰ চাকৰি এৰিছে
ਕੈਫੇਟੇਰੀਆ,কেফেটেৰিয়া
ਪਿੰਜਰਾ,সঁজা
ਪਿੰਜਰੇ ਦੀ ਉਸਾਰੀ,পিঞ্জৰা নিৰ্মাণ
ਕੈਨ ਦਾ ਫਾਰਮੂਲਾ,কয়িনৰ সূত্ৰ
ਕੈਸਨ,কেইচন
ਕੈਸਨ ਦੀ ਬਿਮਾਰੀ,কেইচন ৰোগ
ਕੈਸਨ ਫਾਊਂਡੇਸ਼ਨ,কেইচন ফাউণ্ডেচন
ਕੈਸਨ ਢੇਰ,কেইচন পাইল
ਕੈਲੇਰੀਅਸ ਇੱਟ,কেলকেয়াৰযুক্ত ইটা
ਚੂਨੇ ਵਾਲੀ ਮਿੱਟੀ,কেলকেয়াৰযুক্ত মাটি
ਛਾਲੇਦਾਰ ਛਾਲੇ,কেলকেয়াৰযুক্ত খোলা
ਕੈਲਸੀਫਿਕੇਸ਼ਨ,কেলচিফিকেশন
ਕੈਲਸੀਨੇਸ਼ਨ,কেলচিনেচন
ਕੈਲਸੀਨ,কেলচিন
ਕੈਲਸਾਈਟ,কেলচাইট
ਕੈਲਸ਼ੀਅਮ-ਐਲੂਮੀਨੇਟ ਸੀਮਿੰਟ,কেলচিয়াম-এলুমিনেট চিমেণ্ট
ਕੈਲਸ਼ੀਅਮ-ਸਿਲੀਕੇਟ ਇੱਟ,কেলচিয়াম-চিলিকেট ইটা
ਕੈਲਸ਼ੀਅਮ-ਸਿਲੀਕੇਟ ਹਾਈਡਰੇਟ,কেলচিয়াম-চিলিকেট হাইড্ৰেট
ਕੈਲੀਚੇ,কালিচে
ਕੈਲੀਫੋਰਨੀਆ ਬੇਅਰਿੰਗ ਅਨੁਪਾਤ,কেলিফৰ্ণিয়া বেয়াৰিং ৰেচিঅ’
ਕੈਲੀਪਰ,কেলিপাৰ
ਕੈਲੋਰੀਮੀਟਰ,কেলৰিমিটাৰ
ਕੈਮਬਰ,কেম্বাৰ
ਨਹਿਰ,খাল
ਕੈਨੋਪੀ,কেনপি
Cantilever ਪੈਰ,কেন্টিলিভাৰ ফুটিং
ਕੈਪ,কেপ
ਸਮਰੱਥਾ,ক্ষমতা
ਏਲ ਟ੍ਰੈਕ ਦੀ ਸਮਰੱਥਾ,ail ট্ৰেকৰ ক্ষমতা
ਕੈਪ ਕੇਬਲ,কেপ কেবল
ਕੈਪੀਲੇਰਿਟੀ,কেপিলাৰিটি
ਕੇਸ਼ਿਕਾ ਬਰੇਕ,কেপিলাৰী ব্ৰেক
ਕੇਸ਼ੀਲ ਪ੍ਰਵਾਹ,কেপিলাৰী প্ৰবাহ
ਕੇਸ਼ਿਕਾ ਨਮੀ ਜਾਂ ਕੇਸ਼ੀਲ ਪਾਣੀ,কেপিলাৰী আৰ্দ্ৰতা বা কেপিলাৰী পানী
ਕੇਸ਼ਿਕਾ ਪੋਰ ਸਪੇਸ,কেপিলাৰী ছিদ্ৰ স্থান
ਕੇਸ਼ਿਕਾ ਪੋਰੋਸਿਟੀ,কেপিলাৰী ছিদ্ৰতা
ਕੇਸ਼ੀਲ ਸਪੇਸ,কেপিলাৰী স্থান
ਵੇਗ ਕੈਪਚਰ ਕਰੋ,কেপচাৰ বেগ
ਕਾਰਬਨੇਸ਼ਨ,কাৰ্বনেচন
ਕਾਰਬਨ ਕਾਲਾ,কাৰ্বন ব্লেক
ਕਾਸਟਬਲ ਰਿਫ੍ਰੈਕਟਰੀ,Castble অবাধ্য
ਕਾਸਟ-ਇਨ-ਪਲੇਸ ਜਾਂ ਕਾਸਟ-ਇਨ-ਸੀਟੂ,কাষ্ট-ইন-প্লেচ বা কাষ্ট-ইন-চিটু
ਕਾਸਟ-ਇਨ-ਪਲੇਸ ਢੇਰ,কাষ্ট-ইন-প্লেচ পাইল
ਕੈਸਟਰ,কেষ্টাৰ
ਪੱਥਰ ਸੁੱਟੋ,ঢালাই শিল
ਉਤਪ੍ਰੇਰਕ,অনুঘটক
ਕੈਟੇਨਾ,কেটেনা
ਬਿੱਲੀ ਦਾ ਚਿਹਰਾ,মেকুৰীৰ মুখ
ਬਿੱਲੀ ਦਾ ਸਿਰ,মেকুৰীৰ মূৰ
ਕੈਸ਼ਨ,কেটিয়ন
ਬਿੱਲੀ ਵਾਕ,মেকুৰী খোজ কাঢ়িব
Cavitation ਨੁਕਸਾਨ,গহ্বৰৰ ক্ষতি
ਸੇਲੀਟ,চেলাইট
ਸੈਲੂਲਰ ਕੰਕਰੀਟ,কোষীয় কংক্ৰিট
ਸੈਲੂਲਰ ਉਸਾਰੀ,কোষীয় নিৰ্মাণ
ਸੀਮਿੰਟ,চিমেণ্ট
"ਸੀਮਿੰਟ, ਬਿਟੂਮਿਨਸ","চিমেণ্ট, বিটুমিনাছ"
"ਸੀਮਿੰਟ, ਉੱਚ ਤਾਕਤ","চিমেণ্ট, উচ্চ শক্তি"
"ਸੀਮਿੰਟ, ਹਾਈਡ੍ਰੌਲਿਕ","চিমেণ্ট, হাইড্ৰলিক"
"ਸੀਮਿੰਟ, ਘੱਟ ਗਰਮੀ","চিমেণ্ট, কম জুইত"
"ਸੀਮਿੰਟ, ਚਿਣਾਈ","চিমেণ্ট, শিলৰ কাম"
"ਸੀਮਿੰਟ, ਕੁਦਰਤੀ","চিমেণ্ট, প্ৰাকৃতিক"
"ਸੀਮਿੰਟ, ਪੋਰਟਲੈਂਡ","চিমেণ্ট, পৰ্টলেণ্ড"
"ਸੀਮਿੰਟ, ਪੋਰਟਲੈਂਡ ਬਲਾਸਟ ਫਰਨੇਸ ਸਲੈਗ","চিমেণ্ট, পৰ্টলেণ্ড ব্লাষ্ট ফাৰ্নেচৰ স্লেগ"
"ਸੀਮਿੰਟ, ਪੋਰਟਲੈਂਡ ਪੋਜ਼ੋਲਨ","চিমেণ্ট, পৰ্টলেণ্ড প&#39;জ&#39;লান"
"ਸੀਮਿੰਟ, ਸਲੈਗ","চিমেণ্ট, স্লেগ"
"ਸੀਮਿੰਟ, ਸਲਫੇਟ ਰੋਧਕ","চিমেণ্ট, ছালফেট প্ৰতিৰোধী"
"ਸੀਮਿੰਟ, ਸੁਪਰ ਸਲਫੇਟਿਡ","চিমেণ্ট, ছুপাৰ ছালফেটেড"
"ਸੀਮਿੰਟ, ਚਿੱਟਾ","চিমেণ্ট, বগা"
ਸੀਮਿੰਟ-ਐਗਰੀਗੇਟ ਅਨੁਪਾਤ,চিমেণ্ট-এগ্ৰিগেটৰ অনুপাত
ਸੀਮਿੰਟ ਸਮੱਗਰੀ,চিমেণ্টৰ পৰিমাণ
ਸੀਮਿੰਟ ਜੈੱਲ,চিমেণ্ট জেল
ਸੀਮਿੰਟ ਬੰਦੂਕ,চিমেণ্টৰ বন্দুক
ਸੀਮਿੰਟ ਭੱਠਾ,চিমেণ্টৰ ভঁৰাল
ਸੀਮਿੰਟ ਪੇਂਟ,চিমেণ্টৰ ৰং
ਸੀਮਿੰਟ ਪਲਾਸਟਰ,চিমেণ্টৰ প্লাষ্টাৰ
ਸੀਮਿੰਟ ਚੱਟਾਨ,চিমেণ্টৰ শিল
ਸੀਮਿੰਟ ਸਲਰੀ,চিমেণ্টৰ গোন্ধ
ਸੀਮਿੰਟ ਸਟੋਰੇਜ਼,চিমেণ্ট সংৰক্ষণ
ਸੀਮੈਂਟੇਸ਼ਨ ਪ੍ਰਕਿਰਿਆ,চিমেণ্টেচন প্ৰক্ৰিয়া
ਸੈਂਟਰਿੰਗ,কেন্দ্ৰীকৰণ
ਸੈਂਟਰਿੰਗ ਅਤੇ ਸ਼ਟਰਿੰਗ,চেণ্টাৰিং আৰু শ্বাটাৰিং
ਕੇਂਦਰੀ ਮਿਸ਼ਰਤ ਕੰਕਰੀਟ,কেন্দ্ৰীয় মিশ্ৰিত কংক্ৰিট
ਕੇਂਦਰੀ ਮਿਕਸਰ,কেন্দ্ৰীয় মিক্সাৰ
ਸੈਂਟਰਿਫਿਊਗਲ ਪੱਖਾ,কেন্দ্ৰপৃথক ফেন
ਚਾਕ,চক
ਚੈਂਫਰ,চেমফাৰ
ਚੈਂਫਰ ਪੱਟੀ,চেমফাৰ ষ্ট্ৰিপ
ਚੈਨਲ ਬੀਮ,চেনেল বিম
ਵਿਸ਼ੇਸ਼ਤਾ ਲੋਡ,বৈশিষ্ট্যপূৰ্ণ বোজা
ਗੁਣ ਸ਼ਕਤੀ,বৈশিষ্ট্যপূৰ্ণ শক্তি
ਚਾਰਜ ਬੰਦ,চাৰ্জ অফ কৰক
ਚਾਰਜ ਹੋ ਰਿਹਾ ਹੈ,চাৰ্জিং
ਜਾਂਚ ਕਰ ਰਿਹਾ ਹੈ,পৰীক্ষা কৰি আছে
ਰਸਾਇਣਕ ਬੰਧਨ,ৰাসায়নিক বন্ধন
ਚੇਰਨੋਜ਼ਮ,চেৰনোজেম
ਚੈਸਟਨਟ ਮਿੱਟੀ,চেষ্টনাটৰ মাটি
ਚਿਮਨੀ ਗਟਰ,চিমনিৰ নালা
ਚਿੱਪ ਬੋਰਡ,চিপ বৰ্ড
ਚਿੱਪਿੰਗ,চিপিং
ਚਿਪਸ,চিপছ
ਚੂਤ,চুটে
ਕਲਾਸ (ਕੰਕਰੀਟ ਦੀ),শ্ৰেণী (কংক্ৰিটৰ)
ਮਿੱਟੀ,বোকা মাটি
ਮਿੱਟੀ ਦੀ ਸਮੱਗਰੀ,মাটিৰ পৰিমাণ
ਮਿੱਟੀ ਦਾ ਪੈਨ,মাটিৰ কেৰাহী
ਸਫਾਈ,ক্লিনআউট
ਸਾਫ਼ ਕਰੋ,চাফ-চিকুণ কৰক
ਕਲੀਟ,ক্লিট কৰক
ਕਲਿੰਕਰ,ক্লিংকাৰ
ਕਲਿਪ,ক্লিপ
ਜੰਮਣਾ,জমা হোৱা
ਮੋਟਾ ਕੁੱਲ,মোটা গোটা পদাৰ্থ
ਮੋਟੇ ਦਾਣੇ ਵਾਲੀ ਮਿੱਟੀ,মোটা দানাযুক্ত মাটি
ਕੋਟ,কোট
ਕੋਫਰ ਡੈਮ,কফাৰ বান্ধ
ਤਾਲਮੇਲ,সংহতি
ਕੋਲਾਇਡ,কলয়ড
ਕੋਲੋਇਡਲ ਨਮੀ ਦੇ ਬਰਾਬਰ ਅਨੁਪਾਤ,কলয়ডাল আৰ্দ্ৰতাৰ সমতুল্য অনুপাত
ਕੋਲੋਇਡਲ ਸਿਸਟਮ,কলয়ডাল ব্যৱস্থা
ਕੋਲੋਵੀਅਲ ਮਿੱਟੀ,কলুভিয়াল মাটি
ਕਾਲਮ,স্তম্ভ
ਕੰਬਡ ਮੁਕੰਮਲ,কম্বড ফিনিচিং
ਸੰਯੁਕਤ ਪੈਰ,সংযুক্ত ফুটিং
ਸੰਯੁਕਤ ਪਾਣੀ,সংযুক্ত পানী
ਸਾਂਝਾ ਕਮਰਾ,কমন ৰুম
ਮੁਕੰਮਲਤਾ ਸਰਟੀਫਿਕੇਟ,সম্পূৰ্ণ হোৱাৰ প্ৰমাণ পত্ৰ
ਕੰਪੋਨੈਂਟ ਵਰਗ,উপাদান বৰ্গ
ਕੰਕਰੀਟ,কংক্ৰিট
ਕੰਕਰੀਸ਼ਨ,কংক্ৰিচন
ਏਕੀਕ੍ਰਿਤ ਦਰ/ਫਲੈਟ ਦਰ,একত্ৰিত হাৰ/ফ্লেট হাৰ
ਗੰਦਗੀ,দূষক পদাৰ্থ
ਐਲਕੋਵ ਪਕਾਉਣਾ,ৰন্ধা-বঢ়াৰ এলকোভ
ਮੁਕਾਬਲਾ ਕਰਨਾ,মোকাবিলা কৰা
ਕੋਰਬੇਲ,কৰ্বেল
ਕਾਰਨੀਸ,কৰ্নিচ
ਕਪਲਰ,কাপলাৰ
"ਕਪਲਰ, ਡਬਲ","কাপলাৰ, ডাবল"
"ਕਪਲਰ, ਪੁਟਲੌਗ","কাপলাৰ, পুটলগ"
"ਕਪਲਰ, ਘੁਮਾਣ ਵਾਲਾ","কাপলাৰ, চুইভেল"
ਕੋਰਸ,ধাৰা
ਕੋਰਸ ਕੀਤਾ ਬੇਤਰਤੀਬ ਮਲਬੇ ਦੀ ਚਿਣਾਈ,কোৰ্চ কৰা ৰেণ্ডম ধ্বংসাৱশেষ শিলৰ কাম
ਕਵਰ ਕੀਤਾ ਖੇਤਰ,আবৃত অঞ্চল
ਕ੍ਰੀਪ,অধম
ਕ੍ਰੀਪ ਗੁਣਾਂਕ,ক্ৰিপ সহগ
ਕਰੋਟੋਵਾਈਨ,ক্ৰ&#39;ট&#39;ভাইন
ਕਾਂ ਦੇ ਪੈਰ,কাউৰী ভৰি
ਟੁਕੜਾ ਬਣਤਰ,ক্ৰাম গঠন
ਕਰਬ,প্ৰতিবন্ধক
ਵਰਤਮਾਨ,সোঁত
ਕਰਵ ਪ੍ਰਤੀਰੋਧ,বক্ৰ প্ৰতিৰোধ ক্ষমতা
ਨਮੀ ਪਰੂਫ਼ ਕੋਰਸ,ডেম্প প্ৰুফ কোৰ্চ
ਮੁਕੰਮਲ ਹੋਣ ਦੀ ਮਿਤੀ,সম্পূৰ্ণ হোৱাৰ তাৰিখ
ਡੈੱਡ ਲੋਡ,ডেড লোড
ਮਰੇ ਹੋਏ ਪਾਣੀ,মৰা পানী
ਡੈਸੀਬਲ,ডেচিবেল
Deflocculation,ডিফ্ল’কুলেচন
ਹਵਾਬਾਜ਼ੀ ਜਾਂ ਏਅਰ ਸਪੇਸ ਅਨੁਪਾਤ ਦੀ ਡਿਗਰੀ,বায়ুমণ্ডলৰ মাত্ৰা বা বায়ু স্থান অনুপাত
ਏਕੀਕਰਣ ਦੀ ਡਿਗਰੀ,একত্ৰীকৰণৰ মাত্ৰা
ਫੈਲਾਅ ਦੀ ਡਿਗਰੀ,বিক্ষিপ্ততাৰ মাত্ৰা
ਸੰਤ੍ਰਿਪਤਾ ਦੀ ਡਿਗਰੀ,চেচুৰেচনৰ ডিগ্ৰী
ਘਣਤਾ,ঘনত্ব
ਮਾਰੂਥਲ ਫੁੱਟਪਾਥ,মৰুভূমিৰ ফুটপাথ
ਮਾਰੂਥਲ ਦੀ ਮਿੱਟੀ,মৰুভূমিৰ মাটি
ਵੇਰਵੇ,সবিশেষ
ਵਿਕਾਸ ਦੀ ਮਿਆਦ,উন্নয়নৰ সময়ছোৱা
ਡੀ-ਹੋਰੀਜ਼ਨ,ডি-দিগন্ত
ਵਿਕਰਣ ਬੰਧਨ,তিৰ্যক বন্ধন
ਚਿੱਤਰ,ডায়াগ্ৰাম
ਡਿਜੀਟਲ ਡੌਕ,ডিজিটেল ডক
ਵਿਭਿੰਨ ਪਾਣੀ ਦੀ ਦਰ,ভিন্নতামূলক পানীৰ হাৰ
ਪਤਲਾ ਹਵਾਦਾਰੀ,পাতল কৰা ভেণ্টিলেচন
ਡਾਇਲੁਵੀਅਮ,ডিলুভিয়াম
ਭੋਜਨ ਕਕਸ਼,খোৱাঘৰ
ਦਿਸ਼ਾ ਪੈਗ,দিশৰ পেগ
ਫੈਲਾਅ,বিক্ষিপ্ততা
ਡਿਸਟੈਂਪਰ,ডিষ্টেম্পাৰ
ਡੌਕ,ডক
ਦਰਵਾਜ਼ਾ,দুৱাৰ
ਡੋਰਮਰ,ডৰ্মাৰ
ਡੋਰਮਰ ਜਾਂਚ,ডৰ্মাৰ চেক
ਡਬਲ ਫਲੇਮਿਸ਼ ਬਾਂਡ,ডাবল ফ্লেমিছ বণ্ড
ਡਬਲ ਪਰਤ,ডাবল লেয়াৰ
ਡੌਲ,ডৱেল
ਡਰਾਇੰਗ ਬੋਰਡ,অংকন বৰ্ড
ਡਰਾਇੰਗ ਰੂਮ,ড্ৰয়িং ৰুম
ਵਹਿਣਾ,ড্ৰিফ্ট
ਸੁੱਕੇ ਬੱਲਬ ਦਾ ਤਾਪਮਾਨ,শুকান বাল্বৰ উষ্ণতা
ਸੁੱਕੀ ਡੌਕ,শুকান ডক
ਸੁੱਕੀ ਰਬੜ ਦੀ ਚਿਣਾਈ,শুকান ৰবৰৰ শিলৰ কাম
ਡੱਚ ਬਾਂਡ,ডাচ বণ্ড
ਬੌਣੀ ਕੰਧ,বামন দেৱাল
ਨਿਵਾਸ ਯੂਨਿਟ,বাসস্থানৰ ইউনিট
ਈਵ,ইভ
ਈਵਸ ਗਟਰ,ইভছ নালা
ਆਰਥਿਕ ਵਿਵਹਾਰਕਤਾ,অৰ্থনৈতিক সম্ভাৱনীয়তা
ਐਕਟੋਡਾਇਨਾਮੋਰਫਿਕ ਮਿੱਟੀ,বহিঃগতিশীল মাটি
ਐਡੀ,এডি
ਪ੍ਰਭਾਵੀ ਆਕਾਰ,ফলপ্ৰসূ আকাৰ
ਪ੍ਰਫੁੱਲਤ,ফুলৰ ফুলনি
ਪ੍ਰਵਾਹ,এফ্লুৱেণ্ট
ਉਚਾਈ,উচ্চতা
ਐਲੂਵੀਏਸ਼ਨ,এলুভিয়েচন
ਐਲੂਵਿਅਮ,এলুভিয়াম
ਐਂਡੋਡਾਇਨਾਮੋਰਫਿਕ ਮਿੱਟੀ,এণ্ডোডাইনামৰ্ফিক মাটি
ਇੰਜੀਨੀਅਰਿੰਗ ਵਿਵਹਾਰਕਤਾ,অভিযান্ত্ৰিক সম্ভাৱনীয়তা
ਅੰਗਰੇਜ਼ੀ ਬਾਂਡ,ইংৰাজী বণ্ড
ਅੰਗਰੇਜ਼ੀ ਬਾਗ ਦੀ ਕੰਧ ਬਾਂਡ,ইংৰাজী বাগিচাৰ দেৱালৰ বণ্ড
"EPM (ਪ੍ਰਤੀ ਮਿਲੀਅਨ ਦੇ ਬਰਾਬਰ),&quot;","ইপিএম (প্ৰতি মিলিয়নৰ সমতুল্য),&quot;"
ਬਰਾਬਰ ਭਾਰ,সমতুল্য ওজন
ਅਰਗ,Erg
ਵਟਾਂਦਰੇਯੋਗ,বিনিময়যোগ্য
ਬਦਲਣਯੋਗ ਐਸਿਡਿਟੀ,বিনিময়যোগ্য এচিডিটি
ਬਦਲਣਯੋਗ ਸੋਡੀਅਮ ਪ੍ਰਤੀਸ਼ਤ (ESP),বিনিময়যোগ্য ছডিয়াম শতাংশ (ESP)
ਈ.ਐੱਸ.ਪੀ.,ই এছ পি.
ਐਕਸਚੇਂਜ ਐਸਿਡਿਟੀ,বিনিময় এচিডিটি
ਐਕਸਚੇਂਜ ਕੰਪਲੈਕਸ,এক্সচেঞ্জ কমপ্লেক্স
ਨਿਕਾਸ,নিষ্কাশন
ਪ੍ਰਗਟ ਮੁਕੰਮਲ,উন্মুক্ত ফিনিচিং
ਆਈ,নয়ন
ਅੱਖ ਦਾ ਭਾਂਡਾ,চকুৰ ভ্ৰূ
ਸਾਹਮਣਾ ਕਰਨਾ,মুখামুখি
ਬਾਂਡ ਦਾ ਸਾਹਮਣਾ ਕਰਨਾ,বন্ধনৰ সন্মুখীন হোৱা
ਸੁਰੱਖਿਆ ਦਾ ਕਾਰਕ,সুৰক্ষাৰ কাৰক
ਗਿਰਾਵਟ,পৰি যোৱা
ਫੇਸੀਆ,ফেচিয়া
ਫੇਸੀਆ ਬੋਰਡ,ফেচিয়া বৰ্ড
ਨੁਕਸ,দোষ
ਖੇਤ ਦੀ ਨਮੀ,পথাৰ আৰ্দ্ৰতা
ਅੰਤਮ ਨਮੀ ਦੇ ਬਰਾਬਰ,চূড়ান্ত আৰ্দ্ৰতাৰ সমতুল্য
ਫਿਲਟ (ਮੋਰਟਾਰ ਦਾ),ফিলেট (মৰ্টাৰৰ)
ਫਾਈਨਲ,চূড়ান্ত
ਅੰਤਮ ਮਾਪ,চূড়ান্ত জোখ-মাখ
ਅੰਤਿਮ ਭੁਗਤਾਨq,চূড়ান্ত পেমেণ্টq
ਅੰਤਮ ਪ੍ਰੀ ਤਣਾਅ,চূড়ান্ত প্ৰি ষ্ট্ৰেছ
ਅੰਤਮ ਤਣਾਅ,চূড়ান্ত উত্তেজনা
ਵਿੱਤੀ ਵਿਵਹਾਰਕਤਾ,আৰ্থিক সম্ভাৱনীয়তা
ਵਧੀਆ ਕੁੱਲ,মিহি গোটা পদাৰ্থ
ਫਿਸਰਡ ਚੱਟਾਨ,ছিন্নভিন্ন শিল
ਝੰਡਾ ਪੱਥਰ,পতাকা শিল
ਫਲੇਮਿਸ਼ ਬਾਂਡ,ফ্লেমিছ বন্ধন
ਫਲੈਸ਼ਿੰਗ,ফিচফিচাই থকা
ਚਮਕਦਾਰ ਸਟ੍ਰੀਮ,ঝলমলীয়া ধাৰা
ਫਲੈਟ ਛੱਤ,সমতল চাল
ਫਲੇਚੇ,ফ্লেচে
ਫਲੇਮਿਸ਼ ਗਾਰਡਨ ਵਾਲ ਬਾਂਡ,ফ্লেমিছ বাগিচাৰ দেৱালৰ বন্ধন
Flint,ফ্লিন্ট
Flint ਕੰਧ,ফ্লিণ্টৰ দেৱাল
ਫਲੋਟਿੰਗ ਮੰਜ਼ਿਲ,ভাসমান মজিয়া
ਫਲੋਕੂਲੇਸ਼ਨ,ফ্লকুলেচন
ਫਲੋਕੂਲੇਸ਼ਨ ਸੀਮਾ,ফ্লকুলেচন সীমা
ਫਲੋਕੂਲੇਸ਼ਨ ਅਨੁਪਾਤ,ফ্লকুলেচন অনুপাত
ਫਲੋਕੂਲਸ,ফ্লকুলেছ
ਮੰਜ਼ਿਲ,মজিয়া
ਮੰਜ਼ਿਲ ਸੀਲ,মজিয়াৰ ছীল
ਪ੍ਰਵਾਹ,বৈ অহা
ਉਤਰਾਅ-ਚੜ੍ਹਾਅ,উঠা-নমা
ਫੁੱਟਿੰਗ,ফুটিং
ਬੁਨਿਆਦ,ভেঁটি
ਫਰੀ ਫਾਲ ਬੈਰੋ ਟਾਪਿੰਗ ਮਿਕਸਰ,ফ্ৰী ফ&#39;ল বেৰ&#39; টপিং মিক্সাৰ
ਫਰੀ ਫਾਲ ਮਿਕਸਰ (ਡਰੱਮ ਦੀ ਕਿਸਮ),ফ্ৰী ফ&#39;ল মিক্সাৰ (ড্ৰাম টাইপ)
ਮੁਫ਼ਤ ਪੱਥਰ,মুক্ত শিল
ਫਰੈੱਸਟ,ফ্ৰেছেট
ਰਗੜ ਢੇਰ,ঘৰ্ষণৰ স্তূপ
ਡੱਡੂ,ভেকুলী
ਗੇਬਲ,গেবল
ਗੈਬਲੇਟ,গেবলেট
Gambrel ਛੱਤ,গাম্ব্ৰেলৰ চাল
ਗੇਜ,জোখ লোৱা
ਗੇਜਿੰਗ ਸੈਕਸ਼ਨ,গেজিং অংশ
ਗੇਜਿੰਗ ਸਟੇਸ਼ਨ,গেজিং ষ্টেচন
ਆਮ ਟਿਕਾਣਾ ਯੋਜਨਾ,সাধাৰণ স্থান পৰিকল্পনা
ਆਮ ਹਵਾਦਾਰੀ,সাধাৰণ বায়ু চলাচল
G ਹੋਰੀਜ਼ਨ ਜਾਂ ਗਲੇ ਹੋਰੀਜ਼ਨ,G দিগন্ত বা গ্লে দিগন্ত
ਤੱਕ ਗਲੇਸ਼ੀਅਲ,হিমবাহৰ টিল
ਗਨੀਸ,গ্নেইছ
ਮਾਲ ਵਿਹੜਾ,সামগ্ৰীৰ চোতাল
ਗਰੇਡੀਐਂਟ ਪ੍ਰਤੀਰੋਧ,গ্ৰেডিয়েণ্ট ৰেজিষ্টেন্স
ਗ੍ਰੇਨਾਈਟ,গ্ৰেনাইট
ਦਾਣੇਦਾਰ ਬਣਤਰ,দানাদাৰ গঠন
ਗ੍ਰੇਨੂਲੇਸ਼ਨ,গ্ৰেনুলেচন
ਗ੍ਰੈਨਿਊਲ,গ্ৰেনুল
ਗ੍ਰੈਵੀਟੇਸ਼ਨਲ ਪਾਣੀ ਮੁਕਤ ਪਾਣੀ,মহাকৰ্ষণীয় পানীমুক্ত পানী
ਗ੍ਰੈਵੀਟੇਸ਼ਨਲ ਯਾਰਡ,মহাকৰ্ষণীয় চোতাল
ਮਹਾਨ ਮਿੱਟੀ ਸਮੂਹ,মহান মাটিৰ গোট
ਗ੍ਰਿਲੇਜ ਬੁਨਿਆਦ,গ্ৰীলেজ ফাউণ্ডেচন
ਜ਼ਮੀਨੀ ਹੱਥ ਮੋਲਡਿੰਗ,গ্ৰাউণ্ড হেণ্ড মল্ডিং
ਸਮੂਹਬੱਧ ਡੌਕ,গ্ৰুপ কৰা ডক
ਗਰੁੱਪ ਹਾਊਸਿੰਗ,গ্ৰুপ হাউছিং
ਮਹਿਮਾਨ ਕਮਰਾ,অতিথিশালা
ਗਟਰ,নালা
ਗਟਰ ਚੁੱਕਣ ਵਾਲਾ,নালা বাহক
ਗਟਰ ਚੈੱਕ,নালা পৰীক্ষা
ਹੈਮਰ ਡਰੈਸਿੰਗ,হাতুৰীৰে ড্ৰেছিং
ਬੰਦਰਗਾਹ,বন্দৰ
ਪਨਾਹ ਦੀ ਬੰਦਰਗਾਹ,আশ্ৰয়ৰ বন্দৰ
ਹਾਰਡ ਪੈਨ,কঠিন কেৰাহী
ਸਿਰਲੇਖ,হেডাৰ
ਹੈਡਰ ਬਾਂਡ,হেডাৰ বণ্ড
ਹੈਡਰ ਕੋਰਸ,হেডাৰ পাঠ্যক্ৰম
ਮੁੱਖ ਗੇਟ ਬਣਤਰ,হেড গেটৰ গঠন
ਨਹਿਰ ਦਾ ਮੁਖੀ,খালৰ মূৰ
ਹੈੱਡ ਰੈਗੂਲੇਟਰ,হেড ৰেগুলেটৰ
ਹੈਰਿੰਗ ਹੱਡੀ ਬੰਧਨ,হেৰিং হাড়ৰ বন্ধন
ਦਿਲਦਾਰ,হৃদয়স্পৰ্শী
ਗਿੱਲਾ ਕਰਨ ਦੀ ਗਰਮੀ,তিয়াই থোৱাৰ তাপ
ਉੱਚ ਐਲੂਮਿਨਾ ਸੀਮਿੰਟ,উচ্চ এলুমিনা চিমেণ্ট
ਕਮਰ,কঁকাল
ਹਿੱਪ ਕੈਪਿੰਗ,হিপ কেপিং
ਛੁਪੇ ਸਿਰੇ,হিপড এণ্ড
ਹੁੱਡ,ডকাইত
ਹੁੱਡ ਮੋਲਡਿੰਗ,হুড মল্ডিং
ਹੁੱਕ ਦਾ ਕਾਨੂੰਨ,হুক’ৰ আইন
ਹੂਪ ਲੋਹਾ,হুপ লোহা
ਹੋਰੀਜ਼ਨ,দিগন্ত
ਨਮੀ,আৰ্দ্ৰকৰণ
"ਨਮੀ, ਪੂਰਨ","আৰ্দ্ৰতা, নিৰপেক্ষ"
"ਨਮੀ, ਰਿਸ਼ਤੇਦਾਰ","আৰ্দ্ৰতা, আপেক্ষিক"
ਹੰਪ ਵਿਹੜਾ,হাম্প চোতাল
ਹਾਈਡ੍ਰੌਲਿਕ ਦਬਾਅ,হাইড্ৰলিক চাপ
ਹਾਈਡ੍ਰੇਸ਼ਨ,জলসিঞ্চন
ਹਾਈਡ੍ਰੌਲਿਸਿਸ,হাইড্ৰ’লাইছিছ
ਹਾਈਡਰੋਲਾਈਟਿਕ ਐਸਿਡਿਟੀ,হাইড্ৰ’লাইটিক এচিডিটি
ਹਾਈਡ੍ਰੋਮੋਰਫਿਕ ਮਿੱਟੀ,জলৰূপী মাটি
ਹਾਈਡ੍ਰੋਫਿਲਿਕ ਕੋਲਾਇਡ,হাইড্ৰফিলিক কলয়ড
ਹਾਈਡ੍ਰੋਫੋਬਿਕ ਕੋਲਾਇਡ,হাইড্ৰ’ফ’বিক কলয়ড
ਹਾਈਡ੍ਰੋਸਟੈਟਿਕ ਦਬਾਅ ਅਨੁਪਾਤ,হাইড্ৰ’ষ্টেটিক চাপৰ অনুপাত
ਹਾਈਗਰੋਸਕੈਪਟਿਕ ਗੁਣਾਂਕ,হাইগ্ৰ’স্কেপ্টিক সহগ
ਹਾਈਗ੍ਰੋਸਕੋਪਿਕ ਨਮੀ,হাইগ্ৰস্কোপিক আৰ্দ্ৰতা
ਹਾਈਡ੍ਰੋਸਕੋਪੀਸੀਟੀ,হাইড্ৰস্কোপিচিটি
ਹਾਈਗ੍ਰੋਸਕੋਪਿਕ ਨਮੀ,হাইগ্ৰস্কোপিক আৰ্দ্ৰতা
ਹਾਈਪਰਬਰਿਕ ਚੈਂਬਰ,হাইপাৰবেৰিক চেম্বাৰ
ਹਾਈਪਰਸਟੈਟਿਕ ਫਰੇਮ,হাইপাৰষ্টেটিক ফ্ৰেম
ਹਾਈਪਸੋਮੀਟਰ,হাইপছ’মিটাৰ
ਪ੍ਰਕਾਸ਼,আলোকসজ্জা
ਇਮਬਿਬੇਸ਼ਨ ਨਮੀ,ইম্বিবেচন আৰ্দ্ৰতা
ਅਸ਼ੁੱਧ ਮਿੱਟੀ,অপৰিপক্ক মাটি
ਜਬਤ ਡੌਕ,জব্দ কৰা ডক
ਜ਼ਮੀਨੀ ਮਾਲੀਏ ਵਿੱਚ ਵਾਧਾ,ভূমিৰ ৰাজহ বৃদ্ধি
ਸੁਤੰਤਰ ਪਾੜ,স্বতন্ত্ৰ মৰাপাট
ਇੰਡਿਊਰੇਟਿਡ,কঠিন
ਸ਼ੁਰੂਆਤੀ ਪ੍ਰੀਸਟਰੈਸ,প্ৰাৰম্ভিক প্ৰিষ্ট্ৰেছ
ਸ਼ੁਰੂਆਤੀ ਤਣਾਅ,প্ৰাৰম্ভিক উত্তেজনা
ਅੰਦਰੂਨੀ ਜਲ ਮਾਰਗ ਬੰਦਰਗਾਹ,অভ্যন্তৰীণ জলপথ বন্দৰ
ਇੰਸੂਲੇਟਿੰਗ ਬੋਰਡ,ইনচুলেটিং বৰ্ড
ਵਿਚਕਾਰਲਾ ਪੋਰਟ,মধ্যৱৰ্তী বন্দৰ
ਅੰਦਰੂਨੀ ਰਗੜ,আভ্যন্তৰীণ ঘৰ্ষণ
ਇੰਟਰਾਜ਼ੋਨਲ ਮਿੱਟੀ,ইন্ট্ৰাজ’নেল মাটি
ਆਇਨ,আয়ন
ਆਇਨ ਐਕਸਚੇਂਜ,আয়ন বিনিময়
ਲੋਹੇ ਦਾ ਪੈਨ,লোহাৰ কেৰাহী
ਸਿੰਜਾਈ ਵਾਲੀ ਜ਼ਮੀਨ,জলসিঞ্চিত মাটি
ਸਿੰਚਾਈ,জলসিঞ্চন
ਸਿੰਚਾਈ ਸੈੱਸ,জলসিঞ্চনৰ চেছ
ਜਾਮ,জাম্ব
ਜੌਗਲ,জগল কৰক
ਜੌਗਲ ਪਿੰਨ,জগল পিন
ਜੂਲ,জৌলে
ਜੰਪਰ,জাম্পাৰ
ਕਿਲੋਗ੍ਰਾਮ,কিলোগ্ৰাম
ਕਿਲੋਗ੍ਰਾਮ ਬਲ,কিলোগ্ৰাম বল
ਕਿਲੋਗ੍ਰਾਮ ਫੋਰਸ ਮੀਟਰ,কিলোগ্ৰাম বল মিটাৰ
ਕਿਲੋਵਾਟ ਘੰਟਾ,কিলোৱাট ঘন্টা
ਰਾਜਾ ਬੰਦ,ৰজা বন্ধ
ਰਸੋਈ,পাকঘৰ
ਲੇਸਡ ਕਾਲਮ,লেচযুক্ত স্তম্ভ
ਪਛੜ ਰਿਹਾ ਹੈ,পিছ পৰি থকা
ਲਮੇਲਾ ਜੜ੍ਹ,লেমেলা শিপা
ਲੈਮਿਨਰ ਵਹਾਅ,লেমিনাৰ প্ৰবাহ
ਲੈਂਪ ਮੋਰੀ,লেম্পৰ ফুটা
ਜ਼ਮੀਨ ਦਾ ਵਾਧਾ,ভূমি বৃদ্ধি
ਲੈਂਡ ਸਲਾਈਡਿੰਗ,ভূমি পিছলি যোৱা
ਲੈਟਰਾਈਟ,লেটাৰাইট
ਲੈਟਰਾਈਟ ਮਿੱਟੀ,লেটাৰাইট মাটি
ਵੱਡੀ ਗਿਣਤੀ ਦਾ ਕਾਨੂੰਨ,বৃহৎ সংখ্যকৰ নিয়ম
ਖਾਕਾ ਯੋਜਨਾ,বিন্যাস পৰিকল্পনা
ਲੇਜ਼ਰ,লেজাৰ
ਚੂਨਾ ਪੈਨ,চূণৰ কেৰাহী
ਲਿੰਟਲ,লিণ্টেল
ਤਰਲ ਸੀਮਾ,তৰল সীমা
ਲਾਈਵ ਲੋਡ,লাইভ লোড
ਲੋਮ,লোম
ਸਥਾਨਕ ਨਿਕਾਸ ਹਵਾਦਾਰੀ,স্থানীয় এক্সজেষ্ট ভেণ্টিলেচন
ਲੋਕੋ ਵਿਹੜਾ,লোকো চোতাল
ਲੋਸ,ল&#39;ছ
ਘੱਟ ਪਲਾਸਟਿਕ ਸੀਮਾ,প্লাষ্টিকৰ সীমা কম কৰা
ਘੱਟ ਗਰਮੀ ਸੀਮਿੰਟ,কম তাপত চিমেণ্ট
ਮਸ਼ੀਨ ਮੋਲਡਿੰਗ,মেচিন মল্ডিং
ਮੈਕਰੋਸਟ੍ਰਕਚਰ,বৃহৎ গঠন
ਮੁੱਖ ਹੈੱਡ ਰੈਗੂਲੇਟਰ,মূল মূৰ নিয়ন্ত্ৰক
ਮੁੱਖ ਪੋਰਟ,মূল বন্দৰ
ਮੇਕਅਪ ਏਅਰ,মেকআপ এয়াৰ
ਮਾਨਸਾਰਡ,মানচাৰ্ড
ਮਾਰਸ਼ਲਿੰਗ ਯਾਰਡ,মাৰ্শ্বেলিং গজ
ਚਿਣਾਈ,শিলৰ কাম
ਪਰਿਪੱਕ ਤਾਪਮਾਨ,পৰিপক্ক উষ্ণতা
ਮੇਜ਼ਾਨਾਈਨ ਮੰਜ਼ਿਲ,মেজেনিন মজিয়া
ਮਕੈਨੀਕਲ ਵਿਸ਼ਲੇਸ਼ਣ,যান্ত্ৰিক বিশ্লেষণ
ਮਕੈਨੀਕਲ ਹਵਾਦਾਰੀ,যান্ত্ৰিক বায়ু চলাচল
ਮੈਟ੍ਰਿਕ ਸਿਸਟਮ,মেট্ৰিক ব্যৱস্থা
ਮਾਈਕਰੋਸਟ੍ਰਕਚਰ,অণুগাঁথনি
ਮਿਲਿ ਬਰਾਬਰ,মিলি সমতুল্য
ਮਿਲੀ ਬਰਾਬਰ ਪ੍ਰਤੀ ਲੀਟਰ,প্ৰতি লিটাৰত মিলি সমতুল্য
ਖਣਿਜ,খনিজ পদাৰ্থ
ਖਣਿਜ ਮਿੱਟੀ,খনিজ মাটি
ਮਾਮੂਲੀ ਪੋਰਟ,সৰু বন্দৰ
Mitred ਬੰਦ,মাইট্ৰেড বন্ধ
ਮੋਬਾਈਲ ਮਿੱਟੀ ਕੋਲਾਇਡ,চলন্ত মাটিৰ কলয়ড
ਨਮੀ ਸਮੱਗਰੀ,আৰ্দ্ৰতা
ਨਮੀ ਗਰੇਡੀਐਂਟ,আৰ্দ্ৰতাৰ গ্ৰেডিয়েণ্ট
ਮੋਨੋਲਿਥ,মনোলিথ
ਮੋਨੋਰੇਲ,মনোৰেল
ਨੈਸ਼ਨਲ ਹਾਰਬਰ ਕੌਂਸਲ,ৰাষ্ট্ৰীয় বন্দৰ পৰিষদ
ਕੁਦਰਤੀ ਬਿਸਤਰਾ,প্ৰাকৃতিক বিচনা
ਕੁਦਰਤੀ ਮੁਕੰਮਲ,প্ৰাকৃতিক ফিনিচিং
ਕੁਦਰਤੀ ਬੰਦਰਗਾਹ,প্ৰাকৃতিক বন্দৰ
ਕੁਦਰਤੀ ਹਵਾਦਾਰੀ,প্ৰাকৃতিক বায়ু চলাচল
ਨੇਵਲ ਬੰਦਰਗਾਹ,নৌসেনাৰ বন্দৰ
ਨਿਊਟਨ,নিউটন
ਗੈਰ ਇਕਸਾਰ ਵਹਾਅ,নন ইউনিফৰ্ম প্ৰবাহ
ਪਾਣੀ ਦੀ ਦਰ &#39;ਤੇ ਕਬਜ਼ਾ ਕਰਦਾ ਹੈ,পানীৰ হাৰ দখল কৰে
ਤੇਲ ਰੰਗਤ,তেলৰ ৰং
ਤੇਲ ਖੂਹ ਸੀਮਿੰਟ,তেলৰ কুঁৱাৰ চিমেণ্ট
ਚੈਨਲ ਦਾ ਪ੍ਰਵਾਹ ਖੋਲ੍ਹੋ,মুকলি চেনেলৰ প্ৰবাহ
ਸਰਵੋਤਮ ਨਮੀ,অনুকূল আৰ্দ্ৰতা
ਜੈਵਿਕ ਮਿੱਟੀ,জৈৱিক মাটি
ਸਥਿਤੀ,অভিবিন্যাস
ਆਰਥੋਗੋਨਲ,অৰ্থোগনেল
ਓਰਟਸਟਾਈਨ,অৰ্টষ্টেইন
ਬਾਹਰੀ ਸੰਕੇਤ,বাহিৰৰ সংকেত
ਆਕਸੀਕਰਨ,অক্সিডেচন
ਪੈਂਟਰੀ,পেণ্ট্ৰি
ਪੈਰਾਪੇਟ,পেৰাপেট
ਪੈਰਾਪੇਟ ਕੰਧ,পেৰাপেটৰ দেৱাল
ਮਾਪੇ ਸਮੱਗਰੀ,অভিভাৱকৰ সামগ্ৰী
ਪੇਬਲ ਕਾਸਟ ਪਲਾਸਟਰ,শিলগুটি ঢালাই প্লাষ্টাৰ
ਪੈਡਲਫਰ,পেডালফাৰ
ਪੈਡੋਕਲ,পেড&#39;কেল
ਪੀਡੋਜਨੇਸਿਸ,পেড’জেনেছিছ
ਪੈਡੌਲੋਜੀ,পেড’লজি
ਪੀਡੋਸਫੀਅਰ,পেড’স্ফিয়াৰ
ਪੈਨੇਟ੍ਰੋਮੀਟਰ,পেনেট্ৰ’মিটাৰ
ਪੈਂਟ ਛੱਤ,পেণ্ট ছাদ
ਪੈਪਟਾਈਜ਼ਿੰਗ ਏਜੰਟ,পেপটাইজিং এজেণ্ট
ਵਿਸ਼ਲੇਸ਼ਣ ਦੀ ਮਿਆਦ,বিশ্লেষণৰ সময়ছোৱা
ਪਰਪੇਂਡ,পাৰ্পেণ্ড
ਸ਼ੋਸ਼ਣ,পাৰ্চৰ্পচন
ਪੀਅਰ,ঘাট
ਪਿਲਾਸਟਰ,পিলাষ্টাৰ
ਪਿੱਚ,চূড়া
ਟੋਏ ਵਾਲੀ ਛੱਤ,পিচড ছাদ
ਸਾਦਾ ਕੰਕਰੀਟ,সাধাৰণ কংক্ৰিট
ਪਲੇਨ ਕੋਣ,সমতল কোণ
ਸਾਦਾ ਵਿਹੜਾ,সাধাৰণ চোতাল
ਪਲੈਨਸੋਲ,প্লেনছল
ਪਲਾਸਟਿਕ ਇਕਸਾਰਤਾ,প্লাষ্টিকৰ স্থায়িত্ব
ਪਲਾਸਟਿਕਤਾ,প্লাষ্টিচিটি
ਪਲਾਸਟਿਕਤਾ ਸੂਚਕਾਂਕ,প্লাষ্টিচিটি সূচকাংক
ਪਲਾਸਟਿਕ ਸੀਮਾ,প্লাষ্টিচিটিৰ সীমা
ਪਲਾਸਟਿਕ ਸੀਮਾ,প্লাষ্টিচিটিৰ পৰিসৰ
ਪਲੇਟੀ ਬਣਤਰ,প্লেটি গঠন
ਪਲਿੰਥ,প্লিন্থ
ਹਲ ਮਿੱਟੀ,হাল বোৱা মাটি
Plum ਪੱਥਰ,প্লামৰ শিল
ਪੋਡਜ਼ੋਲ,পডজোলে
ਇਸ਼ਾਰਾ,আঙুলিয়াই দি
ਬਹੁਭੁਜ ਕੰਧ,বহুভুজীয়া বেৰ
ਪੋਰ ਸਪੇਸ,ছিদ্ৰৰ স্থান
ਪੋਰਟ,বন্দৰ
ਸਕਾਰਾਤਮਕ ਹਵਾਦਾਰੀ,পজিটিভ ভেন্টিলেচন
ਪ੍ਰੈਰੀ ਮਿੱਟੀ,প্ৰেয়ৰী মাটি
ਸ਼ੁੱਧਤਾ,নিখুঁততা
ਪ੍ਰਾਇਮਰੀ ਕਣ,প্ৰাথমিক কণা
ਪ੍ਰਿਜ਼ਮੈਟਿਕ ਬਣਤਰ,প্ৰিজমেটিক গঠন
ਲਾਭਕਾਰੀ ਕੰਮ,উৎপাদনশীল কাম
ਪ੍ਰੋਜੈਕਟ ਜਾਇਜ਼ਤਾ,প্ৰকল্পৰ ন্যায্যতা
ਸੁਰੱਖਿਆ ਦਾ ਕੰਮ,সুৰক্ষামূলক কাম
ਸੂਡੋ-ਮਾਈਸੀਲੀਅਮ,ছ্যুড’-মাইচেলিয়াম
ਛੱਪੜ,পুখুৰী
ਪੁੱਗਿੰਗ,পাগিং
ਪਿਊਮਿਸ,পিউমিচ
ਪੰਚ,পাঞ্চিয়ন
ਕਠਪੁਤਲੀ,পুতলা
ਪੁਟਲੌਗ,পুটলগ
ਪੁਟਲੌਗ ਸਕੈਫੋਲਡ,পুটলগ মৰাপাট
ਮਾਤਰਾ ਸਰਵੇਖਣ,পৰিমাণ জৰীপকাৰী
ਖੱਡ ਦਾ ਰਸ,শিলৰ ৰস
ਕਵੇ,ঘাট
ਰਾਣੀ ਬੰਦ,কুইন বন্ধ
ਕੋਇਨ,কুইইন
ਬੇੜਾ ਬੁਨਿਆਦ,ৰাফ্ট ফাউণ্ডেচন
ਰੇਕਰ,ৰেকাৰ
ਰੈਕਿੰਗ,ৰেকিং
ਰੈਕਿੰਗ ਬਾਂਡ,ৰেকিং বণ্ড
ਰੈਕਿੰਗ ਫਲੈਸ਼ਿੰਗ,ৰেকিং ফ্লেছিং
ਤੇਜ਼ੀ ਨਾਲ ਵੱਖ-ਵੱਖ ਵਹਾਅ,দ্ৰুতগতিত পৰিৱৰ্তনশীল প্ৰবাহ
ਰਿਕਵਰੀਯੋਗ ਭੁਗਤਾਨ,আদায়যোগ্য পেমেণ্ট
ਲਾਲ ਧਰਤੀ,ৰঙা মাটি
ਲਾਲ ਦੋਮਟ,ৰঙা লোম
ਰੈਗੂਲੇਟਰ,নিয়ন্ত্ৰক
ਰੈਗੂਰ ਜਾਂ ਕਾਲੀ ਕਪਾਹ ਦੀ ਮਿੱਟੀ,ৰেগুৰ বা ক’লা কপাহী মাটি
ਮੁੜ ਅਦਾਇਗੀ ਦਾ ਇਕਰਾਰਨਾਮਾ,ৰিপেমেণ্ট চুক্তি
ਬਕਾਇਆ ਸੰਕੁਚਨ,অৱশিষ্ট সংকোচন
ਬਕਾਇਆ ਮਿੱਟੀ,অৱশিষ্ট মাটি
ਪ੍ਰਗਟ,প্ৰকাশ কৰা
ਪਿੰਨ ਪ੍ਰਗਟ ਕਰੋ,পিন প্ৰকাশ কৰক
ਟਾਈ ਪ੍ਰਗਟ ਕਰੋ,টাই প্ৰকাশ কৰক
ਰਿਜ,ৰিজ
ਰਿਜ ਕੈਪਿੰਗ,ৰিজ কেপিং
ਨਦੀ,নদী
ਸੜਕ ਦੀ ਸਥਿਤੀ,ৰোড ষ্টেড
ਮੋਟਾ ਪਲਾਸਟਰ,ৰুক্ষ প্লাষ্টাৰ
ਮਲਬਾ,ধ্বংসাৱশেষ
ਮਲਬੇ ਦੀ ਚਿਣਾਈ,ধ্বংসাৱশেষৰ শিলৰ কাম
ਮਲਬੇ ਦੀ ਕੰਧ,ধ্বংসাৱশেষৰ দেৱাল
ਚੱਲ ਰਿਹਾ ਮਾਪ,চলি থকা জোখ-মাখ
ਸੁਰੱਖਿਅਤ ਬੇਅਰਿੰਗ ਸਮਰੱਥਾ,নিৰাপদ বহন ক্ষমতা
ਲੂਣ ਗਲੇਜ਼,নিমখৰ গ্লেজ
ਨਮੂਨਾ ਦਾ ਆਕਾਰ,নমুনাৰ আকাৰ
ਨਮੂਨਾ ਵੰਡ,নমুনা বিতৰণ
ਨਮੂਨਾ ਲੈਣ ਵਿੱਚ ਗੜਬੜ,নমুনা সংগ্ৰহৰ ভুল
ਰੇਤ,বালি
ਰੇਤ ਮੁਕੰਮਲ,বালিৰ ফিনিচিং
ਰੇਤ ਹੱਥ ਮੋਲਡਿੰਗ,বালিৰ হাতৰ মল্ডিং
ਸੈਂਡਿੰਗ,ছেণ্ডিং
ਸੰਤ੍ਰਿਪਤ ਮਿੱਟੀ,সংপৃক্ত মাটি
ਸੰਤ੍ਰਿਪਤ ਮਿੱਟੀ ਦਾ ਪੇਸਟ,সংপৃক্ত মাটিৰ পেষ্ট
ਸੰਤ੍ਰਿਪਤ ਐਬਸਟਰੈਕਟ,চেচুৰেচন এক্সট্ৰেক্ট
ਸੰਤ੍ਰਿਪਤ ਪ੍ਰਤੀਸ਼ਤਤਾ,চেচুৰেচন শতাংশ
ਸਾਸਰ ਗੁੰਬਦ,চচৰ গম্বুজ
ਸਕੈਫੋਲਡ,মৰাপাট
ਸ਼ਿਸਟ,শ্বিষ্ট
ਸਮੁੰਦਰੀ ਬੰਦਰਗਾਹ,সাগৰীয় বন্দৰ
ਗੁਪਤ ਗਟਰ,গোপন নালা
ਦੂਜਾ,দ্বিতীয়
ਸੈਡੀਮੈਂਟੇਸ਼ਨ ਵਿਸ਼ਲੇਸ਼ਣ,পলস বিশ্লেষণ
ਅਰਧ-ਨਕਲੀ ਬੰਦਰਗਾਹ,অৰ্ধকৃত্ৰিম বন্দৰ
ਸੈਮੀ ਟਾਈਡਲ ਡੌਕ,অৰ্ধ জোৱাৰ-ভাটাৰ ডক
ਬਜ਼ੁਰਗ,চেনিল
ਸ਼ੈਲ,শ্বেল
ਸ਼ੀਟ ਦੇ ਢੇਰ,শ্বীটৰ স্তূপ
ਸੁੰਗੜਨ ਦੀ ਸੀਮਾ,সংকোচনৰ সীমা
ਸ਼ਟਰਿੰਗ,শ্বাটাৰিং
ਸਿਏਲੀਟਿਕ ਮਿੱਟੀ,চিয়ালিটিক মাটি
ਸੀਰੋਜ਼ਮ,ছিয়েৰ’জেম
ਸਿਲ,চিল
ਗਾਦ,পলি
ਸਿੰਗਲ ਫਲੇਮਿਸ਼ ਲਹੂ,একক ফ্লেমিছ তেজ
ਸਿੰਗਲ ਦਾਣੇਦਾਰ ਬਣਤਰ,একক দানাযুক্ত গঠন
ਪਿੰਜਰ ਮਿੱਟੀ,কংকালৰ মাটি
ਸਕਰਟਿੰਗ,স্কাৰ্টিং
ਸਲੀਪਰ ਕੰਧ,স্লিপাৰ ৱাল
ਸਾਈਡ ਗਟਰ,কাষৰ নালা
ਸਲਾਈਡ ਨਿਯਮ,স্লাইড নিয়ম
ਸਲਿਪ ਡੌਕ,স্লিপ ডক
Smoniza,স্মোনিজা
ਭਿੱਜਣਾ,তিয়াই থোৱা
ਮਿੱਟੀ ਦੀ ਸਾਂਝ,মাটিৰ সংঘ
ਮਿੱਟੀ ਦੀ ਸ਼੍ਰੇਣੀ,মাটিৰ শ্ৰেণী
ਮਿੱਟੀ ਕੰਪਲੈਕਸ,মাটিৰ জটিলতা
ਮਿੱਟੀ ਦੀ ਇਕਸਾਰਤਾ,মাটিৰ স্থায়িত্ব
ਮਿੱਟੀ ਪਰਿਵਾਰ,মাটি পৰিয়াল
ਮਿੱਟੀ ਫਰੇਮ ਦਾ ਕੰਮ,মাটিৰ ফ্ৰেমৰ কাম
ਮਿੱਟੀ ਦੀ ਨਮੀ,মাটিৰ আৰ্দ্ৰতা
ਮਿੱਟੀ ਦੀ ਨਮੀ ਦਾ ਵਾਧਾ,মাটিৰ আৰ্দ্ৰতা বৃদ্ধি
ਮਿੱਟੀ ਦੀ ਨਮੀ ਦੀ ਘਾਟ,মাটিৰ আৰ্দ্ৰতাৰ ঘাটি
ਮਿੱਟੀ ਰੂਪ ਵਿਗਿਆਨ,মাটিৰ আকৃতিবিজ্ঞান
ਮਿੱਟੀ ਦਾ ਕਣ,মাটিৰ কণা
ਮਿੱਟੀ ਦਾ ਪੜਾਅ,মাটিৰ পৰ্যায়
ਮਿੱਟੀ ਪਰੋਫਾਇਲ,মাটিৰ প্ৰফাইল
ਮਿੱਟੀ ਪ੍ਰਤੀਕਰਮ,মাটিৰ বিক্ৰিয়া
ਮਿੱਟੀ ਵੱਖ ਕਰਦੀ ਹੈ,মাটি পৃথক হয়
ਮਿੱਟੀ ਦੀ ਲੜੀ,মাটিৰ শৃংখলা
ਮਿੱਟੀ ਦਾ ਹੱਲ,মাটিৰ দ্ৰৱ
ਮਿੱਟੀ ਦੀ ਬਣਤਰ,মাটিৰ গঠন
ਮਿੱਟੀ ਦੀ ਬਣਤਰ,মাটিৰ টেক্সচাৰ
ਮਿੱਟੀ ਦੀ ਕਿਸਮ,মাটিৰ প্ৰকাৰ
ਸੋਲਮ,ছলুম
ਸੋਰਪਸ਼ਨ,শোষণ
ਸਪੱਲਸ,Spalls
ਖਾਸ ਆਇਨ ਪ੍ਰਭਾਵ,নিৰ্দিষ্ট আয়ন প্ৰভাৱ
ਵਰਗਾਕਾਰ ਕੋਰਸਡ ਮਲਬੇ ਦੀ ਚਿਣਾਈ,বৰ্গক্ষেত্ৰৰ কোৰ্চযুক্ত ধ্বংসাৱশেষৰ শিলৰ কাম
ਵਰਗਾਕਾਰ ਰੈਗੂਲਰ ਕੋਰਸਡ ਮਲਬੇ ਦੀ ਚਿਣਾਈ,বৰ্গক্ষেত্ৰৰ নিয়মীয়া কোৰ্চযুক্ত ধ্বংসাৱশেষ শিলৰ কাম
ਸਥਿਰ ਵਹਾਅ,স্থিৰ প্ৰবাহ
ਸਟੈਪਡ ਫਲੈਸ਼ਿੰਗ,ফিচফিচাই ষ্টেপ কৰিলে
ਚਿਪਕਣਾ,আঠাযুক্ততা
ਸਟਿਕਿੰਗ ਪੁਆਇੰਟ,ষ্টিক পইণ্ট
ਪੱਥਰ,শিল
ਢਲਾਣ ਹੱਥ ਮੋਲਡਿੰਗ,স্লপ হেণ্ড মল্ডিং
ਪੱਟੜੀ ਦਾ ਕਬਜਾ,ষ্ট্ৰেপ হিঞ্জ
ਤੂੜੀ ਬੋਰਡ,ষ্ট্ৰ’ বৰ্ড
ਸਟ੍ਰੀਮ,নিজৰা
ਤਣਾਅ,চাপ
ਸਟ੍ਰੈਚਰ,ষ্ট্ৰেচাৰ
ਸਟ੍ਰੈਚਰ ਬਾਂਡ,ষ্ট্ৰেচাৰ বণ্ড
ਸਟਰੈਚਰ ਕੋਰਸ,ষ্ট্ৰেচাৰ কোৰ্চ
ਸਤਰ,তাঁৰ
ਸਤਰ ਕੋਰਸ,ষ্ট্ৰিং কোৰ্চ
ਬਣਤਰ ਕਾਰਕ,গঠন কাৰক
ਬਣਤਰ ਸੂਚਕਾਂਕ,গঠন সূচকাংক
ਸਟੁਕੋ,ষ্টুকো
ਸਟੱਡ,ষ্টড
ਸਟਾਈਲੋਬੇਟ,ষ্টাইলবেট
ਉਪ ਮਿੱਟੀ,উপ মাটি
ਉਪ ਬਣਤਰ,উপ গঠন
ਸਮੀਕਰਨ ਵਕਰ,যোগফল বক্ৰ
ਸੂਰਜ ਮੀਕਾ,সূৰ্য্যৰ মাইকা
ਸੁਪਰ ਬਣਤਰ,চুপাৰ ষ্ট্ৰাকচাৰ
ਸਰਵੇਖਣ ਕਰਨ ਵਾਲਾ,জৰীপকাৰী
S-ਮੁੱਲ,S-মান
ਸਵੈਗ,লুট
ਹੰਸ ਦੀ ਗਰਦਨ,হাঁসৰ ডিঙি
ਤੰਬੂ,তম্বু
ਟੇਬਲ ਹੱਥ ਮੋਲਡਿੰਗ,টেবুল হেণ্ড মল্ডিং
ਟੈਂਕਿੰਗ,টেংকিং
ਟੈਂਪੀਏਟੋ,টেম্পিয়েট্টো
ਟੈਂਪਰਿੰਗ,টেম্পাৰিং
ਟੈਂਪਲੇਟ,টেমপ্লেট
ਟੈਂਪਲੇਟ,টেমপ্লেট
ਟੇਪੀਡੇਰਿਅਮ,টেপিডাৰিয়াম
ਟੈਰਾਕੋਟਾ,টেৰাকোটা
ਟੈਰਾ ਰੋਜ਼ਾ,টেৰা ৰোজা
ਟੈਰਾਜ਼ੋ,টেৰাজো
ਟੈਟਰਾ ਸ਼ੈਲੀ,টেট্ৰা ষ্টাইল
ਥ੍ਰੈਸ਼ਹੋਲਡ ਸੀਮਾ ਮੁੱਲ,থ্ৰেছহ&#39;ল্ড সীমা মান
ਗਲਾ,নেলু
ਪੱਥਰ ਦੁਆਰਾ,শিলৰ মাজেৰে
ਟਾਈਡਲ ਬੇਸਿਨ,জোৱাৰ-ভাটাৰ অৱবাহিকা
ਟਾਈ ਪੱਟੀ,টাই বাৰ
ਟਾਈ ਬੀਮ,টাই বিম
ਟਾਈ ਰਾਡ,টাই ৰড
ਤਿਰਸ,তিৰছ
ਸਹਿਣਸ਼ੀਲਤਾ,সহনশীলতা
ਟੂਥਿੰਗ,দাঁত ওলোৱা
ਉਪਰਲੀ ਮਿੱਟੀ ਜਾਂ ਸਤਹੀ ਮਿੱਟੀ,ওপৰৰ মাটি বা পৃষ্ঠৰ মাটি
ਕੁੱਲ porosity,মুঠ ছিদ্ৰতা
ਟਰੇਸਰੀ,ট্ৰেচাৰী
ਟ੍ਰੇਨ ਪ੍ਰਤੀਰੋਧ,ট্ৰেইন ৰেজিষ্টেন্স
ਟਰਾਂਸੇਪਟ,ট্ৰেন্সেপ্ট
ਪਰਿਵਰਤਨਸ਼ੀਲ ਮਿੱਟੀ,সংক্ৰমণকালীন মাটি
ਟ੍ਰਾਂਸੋਮ,ট্ৰেন্সম
ਆਵਾਜਾਈ ਮਿੱਟੀ,পৰিবহণ মাটি
ਸਹਾਇਕ,ট্ৰিবিউটাৰী
ਟ੍ਰਾਈਫੋਰੀਅਮ,ট্ৰাইফ’ৰিয়াম
ਟ੍ਰਾਈਗਲਾਈਫ,ট্ৰিগ্লিফ
ਕੱਟੀ ਹੋਈ ਮਿੱਟੀ,ছেদ কৰা মাটি
ਗੜਬੜ ਵਾਲਾ ਵਹਾਅ,অশান্ত প্ৰবাহ
ਬੁਰਜ,টাৰেট
Tympar ਨੰਬਰ,টিম্পাৰ num
ਅੰਤਮ ਬੇਅਰਿੰਗ ਸਮਰੱਥਾ,চূড়ান্ত বহন ক্ষমতা
ਅੰਤਮ ph,চূড়ান্ত ph
ਬੇਤਰਤੀਬੇ ਮਲਬੇ ਦੀ ਚਿਣਾਈ,আনকোৰ্চড ৰেণ্ডম ধ্বংসাৱশেষ শিলৰ কাম
ਅਨਕੋਰਸਡ ਵਰਗ ਮਲਬੇ ਦੀ ਚਿਣਾਈ,আনকোৰ্চড বৰ্গক্ষেত্ৰৰ ধ্বংসাৱশেষৰ শিলৰ কাম
ਅੰਡਰਕ੍ਰਾਫਟ,আণ্ডাৰক্ৰফ্ট
ਅਪੂਰਣ ਪੋਰੋਸਿਟੀ,ভৰোৱা নোহোৱা ছিদ্ৰতা
ਇਕਸਾਰ ਵਹਾਅ,একেধৰণৰ প্ৰবাহ
ਯੂਨਿਟ ਫਰੇਮ ਦੀ ਕਿਸਮ ਸਕੈਫੋਲਡ,ইউনিট ফ্ৰেম ধৰণৰ মৰাপাট
ਗੈਰ-ਉਤਪਾਦਕ ਕੰਮ,অনুত্পাদনশীল কাম
ਅਸੰਤ੍ਰਿਪਤ ਮਿੱਟੀ,অসংপৃক্ত মাটি
ਅਸਥਿਰ ਵਹਾਅ,অস্থিৰ প্ৰবাহ
ਉਪਰਲੀ ਪਲਾਸਟਿਕ ਸੀਮਾ,প্লাষ্টিকৰ ওপৰৰ সীমা
ਵੈਲੀ ਗਟਰ,উপত্যকাৰ নালা
ਵਾਲਟ,ভল্ট
ਵੈਟੇਰੀਅਮ,ভেটেৰিয়াম
ਹਵਾਦਾਰੀ,বায়ু চলাচল কৰা
ਵੈਂਟੀਲੇਟਰ,ভেন্টিলেটৰ
ਵਰਮਦਾਹ,ভেৰামদহ
ਵੈਸਟੀਬਿਊਲ,ভেষ্টিবুল
ਵਿਲਾ,ভিলা
