Assamese,Malayalam
এচিড’ইড,ആസിഡോയിഡ്
ইঅ’লিয়ান মাটি,അയോലിയൻ മണ്ണ്
গোট খোৱা,ആകെത്തുകയായുള്ള
সংগ্ৰহ,സമാഹരണം
কৃষি বিজ্ঞান,അഗ്രോളജി
কৃষি বিজ্ঞান,അഗ്രോണമി
এ-দিগন্ত,എ-ചക്രവാളം
আও-দিগন্ত,Ao-ചക്രവാളം
আও-দিগন্ত,Aoo-ചക്രവാളം
মাটিৰ বায়ু ক্ষমতা,മണ്ണിന്റെ വായു ശേഷി
মাটিৰ বায়ুৰ পৰিমাণ,മണ്ണിന്റെ വായു ഉള്ളടക്കം
এয়াৰ পিকনোমিটাৰ,എയർ പിക്നോമീറ്റർ
এলিটিক মাটি,അല്ലിറ്റിക് മണ്ണ്
জলজ মাটি,എക്കൽ മണ്ണ്
এম্ফোলাইট’ইড,ആംഫോളിറ്റോയ്ഡ്
এনিয়ন,അനിയോൺ
"আপাত নিৰ্দিষ্ট মাধ্যাকৰ্ষণৰ আয়তনৰ ওজন বা বাল্ক নিৰ্দিষ্ট মাধ্যাকৰ্ষণ,&quot;","പ്രത്യക്ഷമായ നിർദ്ദിഷ്ട ഗുരുത്വാകർഷണ വോളിയം ഭാരം അല്ലെങ്കിൽ ബൾക്ക് നിർദ്ദിഷ്ട ഗുരുത്വാകർഷണം,&quot;"
আৰিছ,ആരിസ്
আছলাৰ মিহি শিলৰ কাম,അഷ്ലാർ നല്ല കൊത്തുപണി
আছলাৰ শিলৰ কাম,ആഷ്ലാർ കൊത്തുപണി
এজ’নেল মাটি,അസോണൽ മണ്ണ്
পিঠিৰ অভিনেতা,പിന്നണി നടൻ
পিছফালৰ খোলা,പിന്നിലെ കമാനം
বেক বেণ্ড,ബാക്ക് ബാൻഡ്
পিছফালৰ ব্ৰাছ,ബാക്ക് ബ്രഷ്
বেক চেক,തിരികെ പരിശോധിക്കുക
বেক কাউণ্টাৰ,ബാക്ക് കൗണ്ടർ
পিঠি কাটি থকা,ബാക്ക് കട്ടിംഗ്
বেক ড্ৰাফ্ট ডেম্পাৰ,ബാക്ക് ഡ്രാഫ്റ്റ് ഡാംപർ
বেক ড্ৰেইন,ബാക്ക് ഡ്രെയിനേജ്
বেক ড্ৰপ,ബാക്ക് ഡ്രോപ്പ്
বেক ফিল,തിരികെ പൂരിപ്പിക്കുക
পিছফালৰ ফিলেট,ബാക്ക് ഫില്ലറ്റ്
বেক ফ্লেপ হিঞ্জ,ബാക്ക് ഫ്ലാപ്പ് ഹിഞ്ച്
বেক ফ্ল&#39; সংযোগ,ബാക്ക് ഫ്ലോ കണക്ഷൻ
বেক ফ্ল’ প্ৰিভেণ্টাৰ,ബാക്ക് ഫ്ലോ പ്രിവന്റർ
বেক গেজ,ബാക്ക് ഗേജ്
পিছফালৰ নালা,പിന്നിലെ ഗട്ടർ
পিছফালৰ অগ্নিকুণ্ড,പിന്നിലെ അടുപ്പ്
বেকিং,പിന്തുണ
বেকিং বৰ্ড,ബാക്കിംഗ് ബോർഡ്
পিঠিৰ চাপ,പിന്നിലെ മർദ്ദം
বেক প্ৰপ,ബാക്ക് പ്രോപ്പ്
পিছফালৰ দৃষ্টি,പിന്നാമ്പുറ കാഴ്ച
পিছফালৰ পানী,പിൻ വെള്ളം
বেফেল,തടസ്സപ്പെടുത്തുക
বেগৱৰ্ক,ബാഗ് വർക്ക്
বেলেষ্ট,ബാലസ്റ്റ്
বল মাটি,പന്ത് കളിമണ്ണ്
বল কন ক্লেম্প,ബോൾ കോൺ ക്ലാമ്പ്
কাঁইটীয়া তাঁৰ,മുള്ളുകമ്പി
বাৰ কুকুৰ,ബാർ നായ
বাৰ্জ বৰ্ড,ബാർജ് ബോർഡ്
বেৰিয়াম ছালফেট পৰীক্ষা,ബേരിയം സൾഫേറ്റ് പരിശോധന
বেৰেজ,തടയണ
বেৰেট,ബാരറ്റ്
ভেঁটি,അടിസ്ഥാനം
ভিত্তি বিনিময়,അടിസ്ഥാന കൈമാറ്റം
ভিত্তি লাইন,അടിസ്ഥാന ലൈൻ
বেছমেণ্ট,നിലവറ
বেছমেণ্টৰ দেৱাল,ബേസ്മെൻറ് മതിൽ
বেচ প্লেট,അടിസ്ഥാന പ്ലേറ്റ്
"বেচ প্লেট, নিয়ন্ত্ৰণযোগ্য","അടിസ്ഥാന പ്ലേറ്റ്, ക്രമീകരിക്കാവുന്ന"
ভিত্তি পৰিপূৰকতা,അടിസ്ഥാന സാച്ചുറേഷൻ
বেছ’ইড,ബസോയ്ഡ്
বেট,ബാറ്റ്
বাথ আৰু ডব্লিউ চি,ബാത്ത് ആൻഡ് ഡബ്ല്യുസി
বেটাৰ পেগ,ബാറ്റർ കുറ്റി
বেটাৰ ঘাট,ബാറ്റർ പിയർ
বেটাৰৰ নিয়ম,ബാറ്റർ ഭരണം
Baulk (বালক),ബോൾക്ക് (ബാക്ക്)
উপসাগৰ,ബേ
বাহক,ചുമക്കുന്നയാൾ
বহন ক্ষমতা,വഹിക്കാനുള്ള ശേഷി
বেয়াৰিং পাইল,ബെയറിംഗ് പൈൽ
বহন স্তৰ,ബെയറിംഗ് സ്ട്രാറ്റം
বিছনা,കിടക്ക
বিচনাৰ বিমান,ബെഡ്ഡിംഗ് വിമാനം
বিচনাৰ সংযোগ,കിടക്ക ജോയിന്റ്
বিচনাৰ শিল,കിടക്ക പാറ
শোৱনি কোঠা,കിടപ്പുമുറി
মৌমাখিৰ মোম,തേനീച്ചമെഴുകിൽ
বেল বাকচ,മണി പെട്ടി
বেলিং বাল্টি,ബെല്ലിംഗ് ബക്കറ്റ്
বেলোফ্ৰেম,ബെല്ലോഫ്രം
বেঞ্চযুক্ত ভেটি,ബെഞ്ച് ചെയ്ത അടിത്തറ
বেঞ্চিং কৰা,ബെഞ്ചിംഗ്
বেঞ্চ মাৰ্ক,ബെഞ്ച് മാർക്ക്
লাভৰ খৰচ বিশ্লেষণ,ആനുകൂല്യ ചെലവ് വിശകലനം
বাৰ্ম,ബെർം
বেভেলড বন্ধ,ബെവൽഡ് ക്ലോഷർ
"খ-দিগন্ত,&quot;খ-","ബി-ചക്രവാളം,&quot;ബി-"
বিয়াত,ബിയാറ്റ്
বাইণ্ডাৰ,ബൈൻഡർ
বান্ধি ৰখা সামগ্ৰী,ബൈൻഡിംഗ് മെറ്റീരിയൽ
বায়টৰ তত্ত্ব,ബയോട്ടിന്റെ സിദ്ധാന്തം
বিটুমিন,ബിറ്റുമെൻ
ক’লা কপাহী মাটি,കറുത്ത പരുത്തി മണ്ണ്
ক&#39;লা পৃথিৱী,കറുത്ത ഭൂമി
ক’লা টাৰ্ফ মাটি,കറുത്ത ടർഫ് മണ്ണ്
ব্লেড,ബ്ലേഡ്
ব্লাষ্ট ফাৰ্নেচ স্লেগ চিমেণ্ট,ബ്ലാസ്റ്റ് ഫർണസ് സ്ലാഗ് സിമന്റ്
ব্লকযুক্ত গঠন,ബ്ലോക്കി ഘടന
বগী প্ৰতিৰোধ,ബോഗി പ്രതിരോധം
বোগ-লোহাৰ অক্সাইড,ബോഗ്-ഇരുമ്പ് അയിര്
বান্ধোন,ബോണ്ട്
বণ্ডেড সদস্য,ബന്ധിത അംഗം
বণ্ডেড পোষ্ট টেনচিং,ബോണ്ടഡ് പോസ്റ്റ് ടെൻഷനിംഗ്
বণ্ড ষ্টোন,ബോണ്ട് കല്ല്
বান্ধি থোৱা পানী,കെട്ടിയ വെള്ളം
বক্স নালা,ബോക്സ് ഗട്ടർ
ব্ৰেচ,ബ്രേസ്
ইটা-অন-এজ,ബ്രിക്ക്-ഓൺ-എഡ്ജ്
লজ্জাজনক,കടിഞ്ഞാൺ
উজ্জ্বলতা,തെളിച്ചം
বাদামী মাটি,തവിട്ട് മണ്ണ്
ভৱন,കെട്ടിടം
বিল্ডিং জৰীপকাৰী,ബിൽഡിംഗ് സർവേയർ
বাফাৰ,ബഫർ
বাফাৰ বক্ৰ,ബഫർ കർവ്
বাফাৰিং,ബഫറിംഗ്
বাফাৰিং ক্ষমতা,ബഫറിംഗ് ശേഷി
বাণ্ডাৰ,ബണ്ടർ
বাট্ৰেছ,ബട്രസ്
গ-দিগন্ত,സി-ചക്രവാളം
কেবল,കേബിൾ
কেবল মল্ডিং,കേബിൾ മോൾഡിംഗ്
কেবলিং,കേബിളിംഗ്
কেবিন,ചെറിയമുറി
কেবিন হুক,ക്യാബിൻ ഹുക്ക്
কেবিনেট,കാബിനറ്റ്
কেবল্টৰ চাকৰি এৰিছে,കാബോൾട്ട് ഉപേക്ഷിച്ചു
কেফেটেৰিয়া,കഫറ്റീരിയ
সঁজা,കൂട്ടിൽ
পিঞ্জৰা নিৰ্মাণ,കൂട് നിർമ്മാണം
কয়িনৰ সূত্ৰ,കയീൻ ഫോർമുല
কেইচন,കൈസൺ
কেইচন ৰোগ,കെയ്സൺ രോഗം
কেইচন ফাউণ্ডেচন,കൈസൺ ഫൗണ്ടേഷൻ
কেইচন পাইল,കൈസൺ ചിത
কেলকেয়াৰযুক্ত ইটা,കാൽക്കറിയസ് ഇഷ്ടിക
কেলকেয়াৰযুক্ত মাটি,സുഷിരമുള്ള കളിമണ്ണ്
কেলকেয়াৰযুক্ত খোলা,സുഷിരമുള്ള പുറംതോട്
কেলচিফিকেশন,കാൽസിഫിക്കേഷൻ
কেলচিনেচন,കാൽസിനേഷൻ
কেলচিন,കാൽസൈൻ
কেলচাইট,കാൽസൈറ്റ്
কেলচিয়াম-এলুমিনেট চিমেণ্ট,കാൽസ്യം-അലുമിനേറ്റ് സിമന്റ്
কেলচিয়াম-চিলিকেট ইটা,കാൽസ്യം-സിലിക്കേറ്റ് ഇഷ്ടിക
কেলচিয়াম-চিলিকেট হাইড্ৰেট,കാൽസ്യം-സിലിക്കേറ്റ് ഹൈഡ്രേറ്റ്
কালিচে,കാലിച്ചെ
কেলিফৰ্ণিয়া বেয়াৰিং ৰেচিঅ’,കാലിഫോർണിയ ബെയറിംഗ് റേഷ്യോ
কেলিপাৰ,കാലിപ്പർ
কেলৰিমিটাৰ,കലോറിമീറ്റർ
কেম্বাৰ,കാംബർ
খাল,കനാൽ
কেনপি,മേലാപ്പ്
কেন্টিলিভাৰ ফুটিং,കാന്റിലിവർ ഫൂട്ടിംഗ്
কেপ,തൊപ്പി
ক্ষমতা,ശേഷി
ail ট্ৰেকৰ ক্ষমতা,എയിൽ ട്രാക്കിന്റെ ശേഷി
কেপ কেবল,തൊപ്പി കേബിൾ
কেপিলাৰিটি,കാപ്പിലാരിറ്റി
কেপিলাৰী ব্ৰেক,കാപ്പിലറി ബ്രേക്ക്
কেপিলাৰী প্ৰবাহ,കാപ്പിലറി ഒഴുക്ക്
কেপিলাৰী আৰ্দ্ৰতা বা কেপিলাৰী পানী,കാപ്പിലറി ഈർപ്പം അല്ലെങ്കിൽ കാപ്പിലറി വെള്ളം
কেপিলাৰী ছিদ্ৰ স্থান,കാപ്പിലറി പോർ സ്പേസ്
কেপিলাৰী ছিদ্ৰতা,കാപ്പിലറി പൊറോസിറ്റി
কেপিলাৰী স্থান,കാപ്പിലറി സ്പേസ്
কেপচাৰ বেগ,ക്യാപ്‌ചർ വേഗത
কাৰ্বনেচন,കാർബണേഷൻ
কাৰ্বন ব্লেক,കാർബൺ കറുപ്പ്
Castble অবাধ্য,കാസ്റ്റ്ബിൾ റിഫ്രാക്റ്ററി
কাষ্ট-ইন-প্লেচ বা কাষ্ট-ইন-চিটু,കാസ്റ്റ്-ഇൻ-പ്ലേസ് അല്ലെങ്കിൽ കാസ്റ്റ്-ഇൻ-സിറ്റു
কাষ্ট-ইন-প্লেচ পাইল,കാസ്റ്റ്-ഇൻ-പ്ലേസ് പൈൽ
কেষ্টাৰ,ജാതി
ঢালাই শিল,എറിയുന്ന കല്ല്
অনুঘটক,കാറ്റലിസ്റ്റ്
কেটেনা,കാറ്റെന
মেকুৰীৰ মুখ,പൂച്ച മുഖം
মেকুৰীৰ মূৰ,പൂച്ചയുടെ തല
কেটিয়ন,കാറ്റേഷൻ
মেকুৰী খোজ কাঢ়িব,പൂച്ച നടത്തം
গহ্বৰৰ ক্ষতি,കാവിറ്റേഷൻ കേടുപാടുകൾ
চেলাইট,സെലൈറ്റ്
কোষীয় কংক্ৰিট,സെല്ലുലാർ കോൺക്രീറ്റ്
কোষীয় নিৰ্মাণ,സെല്ലുലാർ നിർമ്മാണം
চিমেণ্ট,സിമന്റ്
"চিমেণ্ট, বিটুমিনাছ","സിമന്റ്, ബിറ്റുമിനസ്"
"চিমেণ্ট, উচ্চ শক্তি","സിമന്റ്, ഉയർന്ന ശക്തി"
"চিমেণ্ট, হাইড্ৰলিক","സിമന്റ്, ഹൈഡ്രോളിക്"
"চিমেণ্ট, কম জুইত","സിമന്റ്, കുറഞ്ഞ ചൂട്"
"চিমেণ্ট, শিলৰ কাম","സിമന്റ്, കൊത്തുപണി"
"চিমেণ্ট, প্ৰাকৃতিক","സിമന്റ്, പ്രകൃതി"
"চিমেণ্ট, পৰ্টলেণ্ড","സിമന്റ്, പോർട്ട്ലാൻഡ്"
"চিমেণ্ট, পৰ্টলেণ্ড ব্লাষ্ট ফাৰ্নেচৰ স্লেগ","സിമന്റ്, പോർട്ട്ലാൻഡ് ബ്ലാസ്റ്റ് ഫർണസ് സ്ലാഗ്"
"চিমেণ্ট, পৰ্টলেণ্ড প&#39;জ&#39;লান","സിമന്റ്, പോർട്ട്ലാൻഡ് പോസോളാൻ"
"চিমেণ্ট, স্লেগ","സിമന്റ്, സ്ലാഗ്"
"চিমেণ্ট, ছালফেট প্ৰতিৰোধী","സിമന്റ്, സൾഫേറ്റ് പ്രതിരോധം"
"চিমেণ্ট, ছুপাৰ ছালফেটেড","സിമന്റ്, സൂപ്പർ സൾഫേറ്റ്"
"চিমেণ্ট, বগা","സിമന്റ്, വെള്ള"
চিমেণ্ট-এগ্ৰিগেটৰ অনুপাত,സിമന്റ്-അഗ്രഗേറ്റ് അനുപാതം
চিমেণ্টৰ পৰিমাণ,സിമന്റ് ഉള്ളടക്കം
চিমেণ্ট জেল,സിമന്റ് ജെൽ
চিমেণ্টৰ বন্দুক,സിമന്റ് തോക്ക്
চিমেণ্টৰ ভঁৰাল,സിമന്റ് ചൂള
চিমেণ্টৰ ৰং,സിമന്റ് പെയിന്റ്
চিমেণ্টৰ প্লাষ্টাৰ,സിമന്റ് പ്ലാസ്റ്റർ
চিমেণ্টৰ শিল,സിമന്റ് പാറ
চিমেণ্টৰ গোন্ধ,സിമന്റ് സ്ലറി
চিমেণ্ট সংৰক্ষণ,സിമന്റ് സംഭരണം
চিমেণ্টেচন প্ৰক্ৰিয়া,സിമന്റേഷൻ പ്രക്രിയ
কেন্দ্ৰীকৰণ,കേന്ദ്രീകരിക്കുന്നു
চেণ্টাৰিং আৰু শ্বাটাৰিং,കേന്ദ്രീകരിക്കലും ഷട്ടറിംഗും
কেন্দ্ৰীয় মিশ্ৰিত কংক্ৰিট,സെൻട്രൽ മിക്സഡ് കോൺക്രീറ്റ്
কেন্দ্ৰীয় মিক্সাৰ,സെൻട്രൽ മിക്സർ
কেন্দ্ৰপৃথক ফেন,അപകേന്ദ്ര ഫാൻ
চক,ചോക്ക്
চেমফাৰ,ചാംഫർ
চেমফাৰ ষ্ট্ৰিপ,ചേംഫർ സ്ട്രിപ്പ്
চেনেল বিম,ചാനൽ ബീം
বৈশিষ্ট্যপূৰ্ণ বোজা,സ്വഭാവസവിശേഷത ലോഡ്
বৈশিষ্ট্যপূৰ্ণ শক্তি,സ്വഭാവ ശക്തി
চাৰ্জ অফ কৰক,ചാർജ്ജ് ഓഫ്
চাৰ্জিং,ചാർജിംഗ്
পৰীক্ষা কৰি আছে,പരിശോധിക്കുന്നു
ৰাসায়নিক বন্ধন,കെമിക്കൽ ബോണ്ട്
চেৰনোজেম,ചെർനോസെം
চেষ্টনাটৰ মাটি,ചെസ്റ്റ്നട്ട് മണ്ണ്
চিমনিৰ নালা,ചിമ്മിനി ഗട്ടർ
চিপ বৰ্ড,ചിപ്പ് ബോർഡ്
চিপিং,ചിപ്പിംഗ്
চিপছ,ചിപ്സ്
চুটে,ചട്ടി
শ্ৰেণী (কংক্ৰিটৰ),ക്ലാസ് (കോൺക്രീറ്റ്)
বোকা মাটি,കളിമണ്ണ്
মাটিৰ পৰিমাণ,കളിമൺ ഉള്ളടക്കം
মাটিৰ কেৰাহী,കളിമൺ പാൻ
ক্লিনআউট,പൂർണമായി കാലിയാക്കുക
চাফ-চিকুণ কৰক,ക്ലീനപ്പ്
ক্লিট কৰক,ക്ലീറ്റ്
ক্লিংকাৰ,ക്ലിങ്കർ
ক্লিপ,ക്ലിപ്പ്
জমা হোৱা,കട്ടപിടിക്കൽ
মোটা গোটা পদাৰ্থ,നാടൻ മൊത്തത്തിലുള്ളത്
মোটা দানাযুক্ত মাটি,പരുക്കൻ ധാന്യമുള്ള മണ്ണ്
কোট,കോട്ട്
কফাৰ বান্ধ,കോഫർ ഡാം
সংহতি,ഒത്തുചേരൽ
কলয়ড,കൊളോയിഡ്
কলয়ডাল আৰ্দ্ৰতাৰ সমতুল্য অনুপাত,കൊളോയ്ഡൽ ഈർപ്പം തുല്യ അനുപാതം
কলয়ডাল ব্যৱস্থা,കൊളോയ്ഡൽ സിസ്റ്റം
কলুভিয়াল মাটি,കൊളുവിയൽ മണ്ണ്
স্তম্ভ,കോളം
কম্বড ফিনিচিং,കോമ്പഡ് ഫിനിഷ്
সংযুক্ত ফুটিং,സംയോജിത കാൽപ്പാദം
সংযুক্ত পানী,സംയോജിത വെള്ളം
কমন ৰুম,പൊതു മുറി
সম্পূৰ্ণ হোৱাৰ প্ৰমাণ পত্ৰ,പൂർത്തീകരണ സർട്ടിഫിക്കറ്റ്
উপাদান বৰ্গ,ഘടകം ചതുരം
কংক্ৰিট,കോൺക്രീറ്റ്
কংক্ৰিচন,കോൺക്രീഷൻ
একত্ৰিত হাৰ/ফ্লেট হাৰ,ഏകീകൃത നിരക്ക്/ഫ്ലാറ്റ് നിരക്ക്
দূষক পদাৰ্থ,മലിനീകരണം
ৰন্ধা-বঢ়াৰ এলকোভ,ആൽക്കോട്ട് പാചകം ചെയ്യുന്നു
মোকাবিলা কৰা,നേരിടുകയാണ്
কৰ্বেল,കോർബെൽ
কৰ্নিচ,കോർണിസ്
কাপলাৰ,കപ്ലർ
"কাপলাৰ, ডাবল","കപ്ലർ, ഇരട്ട"
"কাপলাৰ, পুটলগ","കപ്ലർ, പുട്ട്ലോഗ്"
"কাপলাৰ, চুইভেল","കപ്ലർ, സ്വിവൽ"
ধাৰা,കോഴ്സ്
কোৰ্চ কৰা ৰেণ্ডম ধ্বংসাৱশেষ শিলৰ কাম,ക്രമരഹിതമായ അവശിഷ്ടങ്ങൾ കൊത്തുപണികൾ
আবৃত অঞ্চল,മൂടിയ പ്രദേശം
অধম,ഇഴയുക
ক্ৰিপ সহগ,ക്രീപ്പ് കോഫിഫിഷ്യന്റ്
ক্ৰ&#39;ট&#39;ভাইন,ക്രോട്ടോവിൻ
কাউৰী ভৰি,കാക്ക കാൽ
ক্ৰাম গঠন,നുറുക്കിന്റെ ഘടന
প্ৰতিবন্ধক,കർബ്
সোঁত,നിലവിലുള്ളത്
বক্ৰ প্ৰতিৰোধ ক্ষমতা,വക്ര പ്രതിരോധം
ডেম্প প্ৰুফ কোৰ্চ,ഈർപ്പം പ്രൂഫ് കോഴ്സ്
সম্পূৰ্ণ হোৱাৰ তাৰিখ,പൂർത്തിയാക്കിയ തീയതി
ডেড লোড,ഡെഡ് ലോഡ്
মৰা পানী,ചത്ത വെള്ളം
ডেচিবেল,ഡെസിബെൽ
ডিফ্ল’কুলেচন,ഡിഫ്ലോക്കുലേഷൻ
বায়ুমণ্ডলৰ মাত্ৰা বা বায়ু স্থান অনুপাত,വായുസഞ്ചാരത്തിന്റെ ഡിഗ്രി അല്ലെങ്കിൽ എയർ സ്പേസ് അനുപാതം
একত্ৰীকৰণৰ মাত্ৰা,അഗ്രഗേഷൻ ബിരുദം
বিক্ষিপ্ততাৰ মাত্ৰা,വ്യാപനത്തിന്റെ അളവ്
চেচুৰেচনৰ ডিগ্ৰী,സാച്ചുറേഷൻ ഡിഗ്രി
ঘনত্ব,സാന്ദ്രത
মৰুভূমিৰ ফুটপাথ,മരുഭൂമിയിലെ നടപ്പാത
মৰুভূমিৰ মাটি,മരുഭൂമിയിലെ മണ്ണ്
সবিশেষ,വിശദാംശങ്ങൾ
উন্নয়নৰ সময়ছোৱা,വികസന കാലയളവ്
ডি-দিগন্ত,ഡി-ചക്രവാളം
তিৰ্যক বন্ধন,ഡയഗണൽ ബോണ്ട്
ডায়াগ্ৰাম,ഡയഗ്രം
ডিজিটেল ডক,ഡിജിറ്റൽ ഡോക്ക്
ভিন্নতামূলক পানীৰ হাৰ,വ്യത്യസ്ത ജലനിരക്ക്
পাতল কৰা ভেণ্টিলেচন,ഡില്യൂഷൻ വെന്റിലേഷൻ
ডিলুভিয়াম,ഡിലുവിയം
খোৱাঘৰ,ഡൈനിംഗ് റൂം
দিশৰ পেগ,ദിശ കുറ്റി
বিক্ষিপ্ততা,വിസരണം
ডিষ্টেম্পাৰ,ഡിസ്റ്റെമ്പർ
ডক,മുറിവാല്
দুৱাৰ,വാതിൽ
ডৰ্মাৰ,ഡോർമർ
ডৰ্মাৰ চেক,ഡോർമർ പരിശോധന
ডাবল ফ্লেমিছ বণ্ড,ഇരട്ട ഫ്ലെമിഷ് ബോണ്ട്
ডাবল লেয়াৰ,ഇരട്ട പാളി
ডৱেল,ഡോവൽ
অংকন বৰ্ড,വരക്കാനുള്ള ബോർഡ്
ড্ৰয়িং ৰুম,സന്ദര്ശകമുറി
ড্ৰিফ্ট,ഡ്രിഫ്റ്റ്
শুকান বাল্বৰ উষ্ণতা,ഉണങ്ങിയ ബൾബ് താപനില
শুকান ডক,ഡ്രൈ ഡോക്ക്
শুকান ৰবৰৰ শিলৰ কাম,ഉണങ്ങിയ റബ്ബർ കൊത്തുപണി
ডাচ বণ্ড,ഡച്ച് ബോണ്ട്
বামন দেৱাল,കുള്ളൻ മതിൽ
বাসস্থানৰ ইউনিট,പാർപ്പിട യൂണിറ്റ്
ইভ,ഈവ്
ইভছ নালা,ഈവ്സ് ഗട്ടർ
অৰ্থনৈতিক সম্ভাৱনীয়তা,സാമ്പത്തിക സാധ്യത
বহিঃগতিশীল মাটি,എക്ടോഡൈനാമോർഫിക് മണ്ണ്
এডি,എഡ്ഡി
ফলপ্ৰসূ আকাৰ,ഫലപ്രദമായ വലിപ്പം
ফুলৰ ফুলনি,പുഷ്പം
এফ্লুৱেণ্ট,മലിനജലം
উচ্চতা,ഉയരത്തിലുമുള്ള
এলুভিয়েচন,എലുവിയേഷൻ
এলুভিয়াম,എലൂവിയം
এণ্ডোডাইনামৰ্ফিক মাটি,എൻഡോഡൈനാമോർഫിക് മണ്ണ്
অভিযান্ত্ৰিক সম্ভাৱনীয়তা,എഞ്ചിനീയറിംഗ് സാധ്യത
ইংৰাজী বণ্ড,ഇംഗ്ലീഷ് ബോണ്ട്
ইংৰাজী বাগিচাৰ দেৱালৰ বণ্ড,ഇംഗ്ലീഷ് ഗാർഡൻ വാൾ ബോണ്ട്
"ইপিএম (প্ৰতি মিলিয়নৰ সমতুল্য),&quot;","EPM (ഒരു ദശലക്ഷത്തിന് തുല്യം),&quot;"
সমতুল্য ওজন,തുല്യ ഭാരം
Erg,ഉദാ
বিনিময়যোগ্য,കൈമാറ്റം ചെയ്യാവുന്നത്
বিনিময়যোগ্য এচিডিটি,കൈമാറ്റം ചെയ്യാവുന്ന അസിഡിറ്റി
বিনিময়যোগ্য ছডিয়াম শতাংশ (ESP),കൈമാറ്റം ചെയ്യാവുന്ന സോഡിയം ശതമാനം (ESP)
ই এছ পি.,ഇ.എസ്.പി.
বিনিময় এচিডিটি,അസിഡിറ്റി കൈമാറ്റം ചെയ്യുക
এক্সচেঞ্জ কমপ্লেক্স,എക്സ്ചേഞ്ച് കോംപ്ലക്സ്
নিষ্কাশন,എക്സോസ്റ്റ്
উন্মুক্ত ফিনিচিং,തുറന്ന ഫിനിഷ്
নয়ন,കണ്ണ്
চকুৰ ভ্ৰূ,കണ് പുരികം
মুখামুখি,അഭിമുഖീകരിക്കുന്നു
বন্ধনৰ সন্মুখীন হোৱা,ഫേസിംഗ് ബോണ്ട്
সুৰক্ষাৰ কাৰক,സുരക്ഷാ ഘടകം
পৰি যোৱা,വീഴ്ച
ফেচিয়া,ഫേഷ്യ
ফেচিয়া বৰ্ড,ഫേഷ്യൽ ബോർഡ്
দোষ,തെറ്റ്
পথাৰ আৰ্দ্ৰতা,വയലിലെ ഈർപ്പം
চূড়ান্ত আৰ্দ্ৰতাৰ সমতুল্য,അന്തിമ ഈർപ്പം തുല്യമാണ്
ফিলেট (মৰ্টাৰৰ),ഫില്ലറ്റ് (മോർട്ടാർ)
চূড়ান্ত,ഫൈനൽ
চূড়ান্ত জোখ-মাখ,അന്തിമ അളവ്
চূড়ান্ত পেমেণ্টq,അന്തിമ പേയ്മെന്റ്q
চূড়ান্ত প্ৰি ষ্ট্ৰেছ,ഫൈനൽ പ്രീ-സ്ട്രെസ്
চূড়ান্ত উত্তেজনা,അവസാന പിരിമുറുക്കം
আৰ্থিক সম্ভাৱনীয়তা,സാമ്പത്തിക സാധ്യത
মিহি গোটা পদাৰ্থ,ഫൈൻ അഗ്രഗേറ്റ്
ছিন্নভিন্ন শিল,പിളർന്ന പാറ
পতাকা শিল,പതാക കല്ല്
ফ্লেমিছ বন্ধন,ഫ്ലെമിഷ് ബോണ്ട്
ফিচফিচাই থকা,മിന്നുന്നു
ঝলমলীয়া ধাৰা,മിന്നുന്ന പ്രവാഹം
সমতল চাল,പരന്ന മേൽക്കൂര
ফ্লেচে,ഫ്ലെഷെ
ফ্লেমিছ বাগিচাৰ দেৱালৰ বন্ধন,ഫ്ലെമിഷ് ഗാർഡൻ വാൾ ബോണ്ട്
ফ্লিন্ট,ഫ്ലിന്റ്
ফ্লিণ্টৰ দেৱাল,ഫ്ലിന്റ് മതിൽ
ভাসমান মজিয়া,ഫ്ലോട്ടിംഗ് ഫ്ലോർ
ফ্লকুলেচন,ഫ്ലോക്കുലേഷൻ
ফ্লকুলেচন সীমা,ഫ്ലോക്കുലേഷൻ പരിധി
ফ্লকুলেচন অনুপাত,ഫ്ലോക്കുലേഷൻ അനുപാതം
ফ্লকুলেছ,ഫ്ലോക്കുളുകൾ
মজিয়া,തറ
মজিয়াৰ ছীল,ഫ്ലോർ സീൽ
বৈ অহা,ഒഴുക്ക്
উঠা-নমা,ഏറ്റക്കുറച്ചിലുകൾ
ফুটিং,കാൽനടയായി
ভেঁটি,ഫൗണ്ടേഷൻ
ফ্ৰী ফ&#39;ল বেৰ&#39; টপিং মিক্সাৰ,ഫ്രീ ഫാൾ ബാരോ ടോപ്പിംഗ് മിക്സർ
ফ্ৰী ফ&#39;ল মিক্সাৰ (ড্ৰাম টাইপ),ഫ്രീ ഫാൾ മിക്സർ (ഡ്രം തരം)
মুক্ত শিল,സ്വതന്ത്ര കല്ല്
ফ্ৰেছেট,ഫ്രെഷെറ്റ്
ঘৰ্ষণৰ স্তূপ,ഘർഷണ കൂമ്പാരം
ভেকুলী,തവള
গেবল,ഗേബിൾ
গেবলেট,ഗബ്ലെറ്റ്
গাম্ব্ৰেলৰ চাল,ഗാംബ്രൽ മേൽക്കൂര
জোখ লোৱা,ഗേജ്
গেজিং অংশ,അളക്കൽ വിഭാഗം
গেজিং ষ্টেচন,ഗേജിംഗ് സ്റ്റേഷൻ
সাধাৰণ স্থান পৰিকল্পনা,പൊതുവായ ലൊക്കേഷൻ പ്ലാൻ
সাধাৰণ বায়ু চলাচল,പൊതു വെന്റിലേഷൻ
G দিগন্ত বা গ্লে দিগন্ত,ജി ചക്രവാളം അല്ലെങ്കിൽ ഗ്ലേ ചക്രവാളം
হিমবাহৰ টিল,വരെ ഗ്ലേഷ്യൽ
গ্নেইছ,ഗ്നീസ്
সামগ্ৰীৰ চোতাল,ഗുഡ്സ് യാർഡ്
গ্ৰেডিয়েণ্ট ৰেজিষ্টেন্স,ഗ്രേഡിയന്റ് പ്രതിരോധം
গ্ৰেনাইট,ഗ്രാനൈറ്റ്
দানাদাৰ গঠন,ഗ്രാനുലാർ ഘടന
গ্ৰেনুলেচন,ഗ്രാനുലേഷൻ
গ্ৰেনুল,ഗ്രാനുൾ
মহাকৰ্ষণীয় পানীমুক্ত পানী,ഗുരുത്വാകർഷണ ജല രഹിത ജലം
মহাকৰ্ষণীয় চোতাল,ഗുരുത്വാകർഷണ മുറ്റം
মহান মাটিৰ গোট,വലിയ മണ്ണ് ഗ്രൂപ്പ്
গ্ৰীলেজ ফাউণ্ডেচন,ഗ്രില്ലേജ് അടിസ്ഥാനം
গ্ৰাউণ্ড হেণ্ড মল্ডিং,ഗ്രൗണ്ട് ഹാൻഡ് മോൾഡിംഗ്
গ্ৰুপ কৰা ডক,ഗ്രൂപ്പുചെയ്ത ഡോക്ക്
গ্ৰুপ হাউছিং,ഗ്രൂപ്പ് ഭവനം
অতিথিশালা,അതിഥി മുറി
নালা,ഗട്ടർ
নালা বাহক,ഗട്ടർ വഹിക്കുന്നയാൾ
নালা পৰীক্ষা,ഗട്ടർ പരിശോധന
হাতুৰীৰে ড্ৰেছিং,ചുറ്റിക ഡ്രസ്സിംഗ്
বন্দৰ,തുറമുഖം
আশ্ৰয়ৰ বন্দৰ,അഭയകേന്ദ്രം
কঠিন কেৰাহী,ഹാർഡ് പാൻ
হেডাৰ,തലക്കെട്ട്
হেডাৰ বণ্ড,തലക്കെട്ട് ബോണ്ട്
হেডাৰ পাঠ্যক্ৰম,ഹെഡ്ഡർ കോഴ്സ്
হেড গেটৰ গঠন,ഹെഡ് ഗേറ്റ് ഘടന
খালৰ মূৰ,കനാലിന്റെ തലവൻ
হেড ৰেগুলেটৰ,ഹെഡ് റെഗുലേറ്റർ
হেৰিং হাড়ৰ বন্ধন,മത്തി അസ്ഥിബന്ധം
হৃদয়স্পৰ্শী,ഹൃദയം
তিয়াই থোৱাৰ তাপ,നനവിന്റെ ചൂട്
উচ্চ এলুমিনা চিমেণ্ট,ഉയർന്ന അലുമിന സിമന്റ്
কঁকাল,ഹിപ്
হিপ কেপিং,ഹിപ് ക്യാപ്പിംഗ്
হিপড এণ্ড,ഇടുങ്ങിയ അറ്റം
ডকাইত,ഹുഡ്
হুড মল্ডিং,ഹുഡ് മോൾഡിംഗ്
হুক’ৰ আইন,ഹുക്കിന്റെ നിയമം
হুপ লোহা,വളയം ഇരുമ്പ്
দিগন্ত,ചക്രവാളം
আৰ্দ্ৰকৰণ,ഹ്യുമിഡിഫിക്കേഷൻ
"আৰ্দ্ৰতা, নিৰপেক্ষ","ഈർപ്പം, കേവല"
"আৰ্দ্ৰতা, আপেক্ষিক","ഈർപ്പം, ആപേക്ഷികം"
হাম্প চোতাল,ഹമ്പ് യാർഡ്
হাইড্ৰলিক চাপ,ഹൈഡ്രോളിക് മർദ്ദം
জলসিঞ্চন,ജലാംശം
হাইড্ৰ’লাইছিছ,ജലവിശ്ലേഷണം
হাইড্ৰ’লাইটিক এচিডিটি,ഹൈഡ്രോലൈറ്റിക് അസിഡിറ്റി
জলৰূপী মাটি,ഹൈഡ്രോമോർഫിക് മണ്ണ്
হাইড্ৰফিলিক কলয়ড,ഹൈഡ്രോഫിലിക് കൊളോയിഡ്
হাইড্ৰ’ফ’বিক কলয়ড,ഹൈഡ്രോഫോബിക് കൊളോയിഡ്
হাইড্ৰ’ষ্টেটিক চাপৰ অনুপাত,ഹൈഡ്രോസ്റ്റാറ്റിക് മർദ്ദം അനുപാതം
হাইগ্ৰ’স্কেপ্টিক সহগ,ഹൈഗ്രോസ്കാപ്റ്റിക് ഗുണകം
হাইগ্ৰস্কোপিক আৰ্দ্ৰতা,ഹൈഗ്രോസ്കോപ്പിക് ഈർപ്പം
হাইড্ৰস্কোপিচিটি,ഹൈഡ്രോസ്കോപ്പിസിറ്റി
হাইগ্ৰস্কোপিক আৰ্দ্ৰতা,ഹൈഗ്രോസ്കോപ്പിക് ഈർപ്പം
হাইপাৰবেৰিক চেম্বাৰ,ഹൈപ്പർബാറിക് ചേംബർ
হাইপাৰষ্টেটিক ফ্ৰেম,ഹൈപ്പർസ്റ്റാറ്റിക് ഫ്രെയിം
হাইপছ’মিটাৰ,ഹൈപ്സോമീറ്റർ
আলোকসজ্জা,പ്രകാശം
ইম্বিবেচন আৰ্দ্ৰতা,ഇംബിബേഷൻ ഈർപ്പം
অপৰিপক্ক মাটি,പാകമാകാത്ത മണ്ണ്
জব্দ কৰা ডক,പിടിച്ചെടുത്ത ഡോക്ക്
ভূমিৰ ৰাজহ বৃদ্ধি,ഭൂമിയുടെ വരുമാനം വർദ്ധിപ്പിക്കുക
স্বতন্ত্ৰ মৰাপাট,സ്വതന്ത്ര സ്കാർഫോൾഡ്
কঠিন,ഇൻഡുറേറ്റഡ്
প্ৰাৰম্ভিক প্ৰিষ্ট্ৰেছ,പ്രാരംഭ പ്രിസ്ട്രെസ്
প্ৰাৰম্ভিক উত্তেজনা,പ്രാരംഭ ടെൻഷൻ
অভ্যন্তৰীণ জলপথ বন্দৰ,ഉൾനാടൻ ജലപാത തുറമുഖം
ইনচুলেটিং বৰ্ড,ഇൻസുലേറ്റിംഗ് ബോർഡ്
মধ্যৱৰ্তী বন্দৰ,ഇന്റർമീഡിയറ്റ് പോർട്ട്
আভ্যন্তৰীণ ঘৰ্ষণ,ആന്തരിക ഘർഷണം
ইন্ট্ৰাজ’নেল মাটি,ഇൻട്രാസോണൽ മണ്ണ്
আয়ন,അയോൺ
আয়ন বিনিময়,അയോൺ എക്സ്ചേഞ്ച്
লোহাৰ কেৰাহী,ഇരുമ്പ് പാൻ
জলসিঞ্চিত মাটি,ജലസേചന ഭൂമി
জলসিঞ্চন,ജലസേചനം
জলসিঞ্চনৰ চেছ,ജലസേചന സെസ്
জাম্ব,ജാംബ്
জগল কৰক,ജോഗിൾ
জগল পিন,ജോഗിൾ പിൻ
জৌলে,ജൂൾ
জাম্পাৰ,ജമ്പർ
কিলোগ্ৰাম,കിലോഗ്രാം
কিলোগ্ৰাম বল,കിലോഗ്രാം ശക്തി
কিলোগ্ৰাম বল মিটাৰ,കിലോഗ്രാം ഫോഴ്സ് മീറ്റർ
কিলোৱাট ঘন্টা,കിലോവാട്ട് മണിക്കൂർ
ৰজা বন্ধ,രാജാവ് അടച്ചുപൂട്ടൽ
পাকঘৰ,അടുക്കള
লেচযুক্ত স্তম্ভ,ലേസ്ഡ് കോളം
পিছ পৰি থকা,ലാഗിംഗ്
লেমেলা শিপা,ലാമെല്ല റൂട്ട്
লেমিনাৰ প্ৰবাহ,ലാമിനാർ ഒഴുക്ക്
লেম্পৰ ফুটা,വിളക്ക് ദ്വാരം
ভূমি বৃদ্ধি,ഭൂമി ശേഖരിക്കൽ
ভূমি পিছলি যোৱা,ലാൻഡ് സ്ലൈഡിംഗ്
লেটাৰাইট,ലാറ്ററൈറ്റ്
লেটাৰাইট মাটি,ലാറ്ററൈറ്റ് മണ്ണ്
বৃহৎ সংখ্যকৰ নিয়ম,വലിയ സംഖ്യകളുടെ നിയമം
বিন্যাস পৰিকল্পনা,ലേഔട്ട് പ്ലാൻ
লেজাৰ,ലെഡ്ജർ
চূণৰ কেৰাহী,നാരങ്ങ പാൻ
লিণ্টেল,ലിന്റൽ
তৰল সীমা,ദ്രാവക പരിധി
লাইভ লোড,ലൈവ് ലോഡ്
লোম,പശിമരാശി
স্থানীয় এক্সজেষ্ট ভেণ্টিলেচন,പ്രാദേശിക എക്‌സ്‌ഹോസ്റ്റ് വെന്റിലേഷൻ
লোকো চোতাল,ലോക്കോ യാർഡ്
ল&#39;ছ,ലോസ്
প্লাষ্টিকৰ সীমা কম কৰা,കുറഞ്ഞ പ്ലാസ്റ്റിക് പരിധി
কম তাপত চিমেণ্ট,കുറഞ്ഞ ചൂട് സിമന്റ്
মেচিন মল্ডিং,മെഷീൻ മോൾഡിംഗ്
বৃহৎ গঠন,മാക്രോസ്ട്രക്ചർ
মূল মূৰ নিয়ন্ত্ৰক,പ്രധാന ഹെഡ് റെഗുലേറ്റർ
মূল বন্দৰ,പ്രധാന തുറമുഖം
মেকআপ এয়াৰ,മേക്കപ്പ് എയർ
মানচাৰ্ড,മാൻസാർഡ്
মাৰ্শ্বেলিং গজ,മാർഷലിംഗ് യാർഡ്
শিলৰ কাম,കൊത്തുപണി
পৰিপক্ক উষ্ণতা,പക്വത താപനില
মেজেনিন মজিয়া,മെസാനൈൻ തറ
যান্ত্ৰিক বিশ্লেষণ,മെക്കാനിക്കൽ വിശകലനം
যান্ত্ৰিক বায়ু চলাচল,മെക്കാനിക്കൽ വെന്റിലേഷൻ
মেট্ৰিক ব্যৱস্থা,മെട്രിക് സിസ്റ്റം
অণুগাঁথনি,മൈക്രോസ്ട്രക്ചർ
মিলি সমতুল্য,മില്ലി തുല്യം
প্ৰতি লিটাৰত মিলি সমতুল্য,ഒരു ലിറ്ററിന് തുല്യമായ മില്ലി
খনিজ পদাৰ্থ,ധാതു
খনিজ মাটি,ധാതു മണ്ണ്
সৰু বন্দৰ,ചെറിയ തുറമുഖം
মাইট্ৰেড বন্ধ,മിട്രഡ് ക്ലോഷർ
চলন্ত মাটিৰ কলয়ড,മൊബൈൽ മണ്ണ് കൊളോയിഡ്
আৰ্দ্ৰতা,ഈർപ്പത്തിന്റെ ഉള്ളടക്കം
আৰ্দ্ৰতাৰ গ্ৰেডিয়েণ্ট,ഈർപ്പം ഗ്രേഡിയന്റ്
মনোলিথ,മോണോലിത്ത്
মনোৰেল,മോണോറെയിൽ
ৰাষ্ট্ৰীয় বন্দৰ পৰিষদ,നാഷണൽ ഹാർബർ കൗൺസിൽ
প্ৰাকৃতিক বিচনা,സ്വാഭാവിക കിടക്ക
প্ৰাকৃতিক ফিনিচিং,സ്വാഭാവിക ഫിനിഷ്
প্ৰাকৃতিক বন্দৰ,സ്വാഭാവിക തുറമുഖം
প্ৰাকৃতিক বায়ু চলাচল,സ്വാഭാവിക വെന്റിലേഷൻ
নৌসেনাৰ বন্দৰ,നാവിക തുറമുഖം
নিউটন,ന്യൂട്ടൺ
নন ইউনিফৰ্ম প্ৰবাহ,ഏകീകൃതമല്ലാത്ത ഒഴുക്ക്
পানীৰ হাৰ দখল কৰে,ജലനിരക്ക് ഉൾക്കൊള്ളുന്നു
তেলৰ ৰং,ഓയിൽ പെയിന്റ്
তেলৰ কুঁৱাৰ চিমেণ্ট,എണ്ണ കിണർ സിമന്റ്
মুকলি চেনেলৰ প্ৰবাহ,ചാനൽ ഫ്ലോ തുറക്കുക
অনুকূল আৰ্দ্ৰতা,ഒപ്റ്റിമൽ ഈർപ്പം
জৈৱিক মাটি,ജൈവ മണ്ണ്
অভিবিন্যাস,ഓറിയന്റേഷൻ
অৰ্থোগনেল,ഓർത്തോഗണൽ
অৰ্টষ্টেইন,ഒർട്ട്സ്റ്റീൻ
বাহিৰৰ সংকেত,ബാഹ്യ സിഗ്നൽ
অক্সিডেচন,ഓക്സിഡേഷൻ
পেণ্ট্ৰি,കലവറ
পেৰাপেট,പാരപെറ്റ്
পেৰাপেটৰ দেৱাল,പാരപെറ്റ് മതിൽ
অভিভাৱকৰ সামগ্ৰী,പാരന്റ് മെറ്റീരിയൽ
শিলগুটি ঢালাই প্লাষ্টাৰ,പെബിൾ കാസ്റ്റ് പ്ലാസ്റ്റർ
পেডালফাৰ,പെഡൽഫർ
পেড&#39;কেল,പെഡോക്കൽ
পেড’জেনেছিছ,പെഡോജെനിസിസ്
পেড’লজি,പെഡോളജി
পেড’স্ফিয়াৰ,പെഡോസ്ഫിയർ
পেনেট্ৰ’মিটাৰ,പെനെട്രോമീറ്റർ
পেণ্ট ছাদ,പെന്റ് മേൽക്കൂര
পেপটাইজিং এজেণ্ট,പെപ്റ്റിസിംഗ് ഏജന്റ്
বিশ্লেষণৰ সময়ছোৱা,വിശകലന കാലയളവ്
পাৰ্পেণ্ড,പെർപെൻഡ്
পাৰ্চৰ্পচন,പെർസോർപ്ഷൻ
ঘাট,പിയർ
পিলাষ্টাৰ,പിലാസ്റ്റർ
চূড়া,പിച്ച്
পিচড ছাদ,പിച്ചിട്ട മേൽക്കൂര
সাধাৰণ কংক্ৰিট,പ്ലെയിൻ കോൺക്രീറ്റ്
সমতল কোণ,തലം ആംഗിൾ
সাধাৰণ চোতাল,സമതല മുറ്റം
প্লেনছল,പ്ലാൻസോൾ
প্লাষ্টিকৰ স্থায়িত্ব,പ്ലാസ്റ്റിക് സ്ഥിരത
প্লাষ্টিচিটি,പ്ലാസ്റ്റിറ്റി
প্লাষ্টিচিটি সূচকাংক,പ്ലാസ്റ്റിറ്റി സൂചിക
প্লাষ্টিচিটিৰ সীমা,പ്ലാസ്റ്റിറ്റി പരിധി
প্লাষ্টিচিটিৰ পৰিসৰ,പ്ലാസ്റ്റിറ്റി ശ്രേണി
প্লেটি গঠন,പ്ലാറ്റി ഘടന
প্লিন্থ,സ്തംഭം
হাল বোৱা মাটি,ഉഴുതുമണ്ണ്
প্লামৰ শিল,പ്ലം കല്ല്
পডজোলে,പോഡ്സോൾ
আঙুলিয়াই দি,ചൂണ്ടിക്കാണിക്കുന്നു
বহুভুজীয়া বেৰ,ബഹുഭുജ മതിൽ
ছিদ্ৰৰ স্থান,പോർ സ്പേസ്
বন্দৰ,തുറമുഖം
পজিটিভ ভেন্টিলেচন,പോസിറ്റീവ് വെന്റിലേഷൻ
প্ৰেয়ৰী মাটি,പുൽമേടുള്ള മണ്ണ്
নিখুঁততা,കൃത്യത
প্ৰাথমিক কণা,പ്രാഥമിക കണിക
প্ৰিজমেটিক গঠন,പ്രിസ്മാറ്റിക് ഘടന
উৎপাদনশীল কাম,ഉൽപ്പാദനപരമായ ജോലി
প্ৰকল্পৰ ন্যায্যতা,പദ്ധതിയുടെ ന്യായീകരണം
সুৰক্ষামূলক কাম,സംരക്ഷണ പ്രവർത്തനം
ছ্যুড’-মাইচেলিয়াম,കപട-മൈസീലിയം
পুখুৰী,പുഡിൽ
পাগিং,പഗ്ഗിംഗ്
পিউমিচ,പ്യൂമിസ്
পাঞ্চিয়ন,പഞ്ച്യോൺ
পুতলা,പാവ
পুটলগ,പുട്ട്ലോഗ്
পুটলগ মৰাপাট,പുട്ട്ലോഗ് സ്കാർഫോൾഡ്
পৰিমাণ জৰীপকাৰী,അളവ് തൂക്ക നിരീക്ഷകൻ
শিলৰ ৰস,ക്വാറി സ്രവം
ঘাট,കടവ
কুইন বন্ধ,രാജ്ഞി അടച്ചുപൂട്ടൽ
কুইইন,ക്വോയിൻ
ৰাফ্ট ফাউণ্ডেচন,റാഫ്റ്റ് അടിത്തറ
ৰেকাৰ,റാക്കർ
ৰেকিং,റാക്കിംഗ്
ৰেকিং বণ্ড,റാക്കിംഗ് ബോണ്ട്
ৰেকিং ফ্লেছিং,റാക്കിംഗ് ഫ്ലാഷിംഗ്
দ্ৰুতগতিত পৰিৱৰ্তনশীল প্ৰবাহ,അതിവേഗം മാറിക്കൊണ്ടിരിക്കുന്ന ഒഴുക്ക്
আদায়যোগ্য পেমেণ্ট,വീണ്ടെടുക്കാവുന്ന പേയ്മെന്റ്
ৰঙা মাটি,ചുവന്ന ഭൂമി
ৰঙা লোম,ചുവന്ന പശിമരാശി
নিয়ন্ত্ৰক,റെഗുലേറ്റർ
ৰেগুৰ বা ক’লা কপাহী মাটি,റെഗുർ അല്ലെങ്കിൽ കറുത്ത പരുത്തി മണ്ണ്
ৰিপেমেণ্ট চুক্তি,തിരിച്ചടവ് കരാർ
অৱশিষ্ট সংকোচন,ശേഷിക്കുന്ന ചുരുങ്ങൽ
অৱশিষ্ট মাটি,ശേഷിക്കുന്ന മണ്ണ്
প্ৰকাশ কৰা,വെളിപ്പെടുത്തുക
পিন প্ৰকাশ কৰক,പിൻ വെളിപ്പെടുത്തുക
টাই প্ৰকাশ কৰক,സമനില വെളിപ്പെടുത്തുക
ৰিজ,റിഡ്ജ്
ৰিজ কেপিং,റിഡ്ജ് ക്യാപ്പിംഗ്
নদী,നദി
ৰোড ষ্টেড,റോഡ് സ്റ്റെഡ്
ৰুক্ষ প্লাষ্টাৰ,പരുക്കൻ പ്ലാസ്റ്റർ
ধ্বংসাৱশেষ,അവശിഷ്ടങ്ങൾ
ধ্বংসাৱশেষৰ শিলৰ কাম,അവശിഷ്ടങ്ങൾ
ধ্বংসাৱশেষৰ দেৱাল,അവശിഷ്ടങ്ങൾ ചുവരുകൾ
চলি থকা জোখ-মাখ,റണ്ണിംഗ് മെഷർമെന്റ്
নিৰাপদ বহন ক্ষমতা,സുരക്ഷിതമായ വഹിക്കാനുള്ള ശേഷി
নিমখৰ গ্লেজ,ഉപ്പ് ഗ്ലേസ്
নমুনাৰ আকাৰ,സാമ്പിൾ വലിപ്പം
নমুনা বিতৰণ,സാമ്പിൾ വിതരണം
নমুনা সংগ্ৰহৰ ভুল,സാമ്പിൾ പിശക്
বালি,മണല്
বালিৰ ফিনিচিং,സാൻഡ് ഫിനിഷ്
বালিৰ হাতৰ মল্ডিং,മണൽ കൈ മോൾഡിംഗ്
ছেণ্ডিং,സാൻഡിംഗ്
সংপৃক্ত মাটি,പൂരിത മണ്ണ്
সংপৃক্ত মাটিৰ পেষ্ট,പൂരിത മണ്ണ് പേസ്റ്റ്
চেচুৰেচন এক্সট্ৰেক্ট,സാച്ചുറേഷൻ എക്സ്ട്രാക്റ്റ്
চেচুৰেচন শতাংশ,സാച്ചുറേഷൻ ശതമാനം
চচৰ গম্বুজ,സോസർ ഡോം
মৰাপাট,സ്കാർഫോൾഡ്
শ্বিষ্ট,ഷിസ്റ്റ്
সাগৰীয় বন্দৰ,കടൽ തുറമുഖം
গোপন নালা,രഹസ്യ ഗട്ടർ
দ্বিতীয়,രണ്ടാമത്
পলস বিশ্লেষণ,സെഡിമെന്റേഷൻ വിശകലനം
অৰ্ধকৃত্ৰিম বন্দৰ,അർദ്ധ കൃത്രിമ തുറമുഖം
অৰ্ধ জোৱাৰ-ভাটাৰ ডক,സെമി ടൈഡൽ ഡോക്ക്
চেনিল,സെനൈൽ
শ্বেল,ഷെയ്ൽ
শ্বীটৰ স্তূপ,ഷീറ്റ് കൂമ്പാരം
সংকোচনৰ সীমা,ചുരുങ്ങൽ പരിധി
শ্বাটাৰিং,ഷട്ടറിംഗ്
চিয়ালিটিক মাটি,സിയാലിറ്റിക് മണ്ണ്
ছিয়েৰ’জেম,സീറോസെം
চিল,സിൽ
পলি,ചെളി
একক ফ্লেমিছ তেজ,ഏക മാംസ രക്തം
একক দানাযুক্ত গঠন,ഒറ്റ തരി ഘടന
কংকালৰ মাটি,എല്ലിൻറെ മണ്ണ്
স্কাৰ্টিং,സ്കിർട്ടിംഗ്
স্লিপাৰ ৱাল,സ്ലീപ്പർ മതിൽ
কাষৰ নালা,സൈഡ് ഗട്ടർ
স্লাইড নিয়ম,സ്ലൈഡ് നിയമം
স্লিপ ডক,സ്ലിപ്പ് ഡോക്ക്
স্মোনিজা,സ്മോനിസ
তিয়াই থোৱা,കുതിർക്കുന്നു
মাটিৰ সংঘ,മണ്ണ് അസോസിയേഷൻ
মাটিৰ শ্ৰেণী,മണ്ണ് ക്ലാസ്
মাটিৰ জটিলতা,മണ്ണിന്റെ സമുച്ചയം
মাটিৰ স্থায়িত্ব,മണ്ണിന്റെ സ്ഥിരത
মাটি পৰিয়াল,മണ്ണിന്റെ കുടുംബം
মাটিৰ ফ্ৰেমৰ কাম,മണ്ണ് ഫ്രെയിം വർക്ക്
মাটিৰ আৰ্দ্ৰতা,മണ്ണിലെ ഈർപ്പം
মাটিৰ আৰ্দ্ৰতা বৃদ্ধি,മണ്ണിലെ ഈർപ്പം ശേഖരിക്കൽ
মাটিৰ আৰ্দ্ৰতাৰ ঘাটি,മണ്ണിന്റെ ഈർപ്പം കുറവ്
মাটিৰ আকৃতিবিজ্ঞান,മണ്ണിന്റെ രൂപഘടന
মাটিৰ কণা,മണ്ണിന്റെ കണിക
মাটিৰ পৰ্যায়,മണ്ണിന്റെ ഘട്ടം
মাটিৰ প্ৰফাইল,മണ്ണിന്റെ പ്രൊഫൈൽ
মাটিৰ বিক্ৰিয়া,മണ്ണിന്റെ പ്രതികരണം
মাটি পৃথক হয়,മണ്ണ് വേർതിരിക്കുന്നു
মাটিৰ শৃংখলা,മണ്ണ് പരമ്പര
মাটিৰ দ্ৰৱ,മണ്ണ് പരിഹാരം
মাটিৰ গঠন,മണ്ണിന്റെ ഘടന
মাটিৰ টেক্সচাৰ,മണ്ണിന്റെ ഘടന
মাটিৰ প্ৰকাৰ,മണ്ണിന്റെ തരം
ছলুম,സോലം
শোষণ,സോർപ്ഷൻ
Spalls,സ്പാൾസ്
নিৰ্দিষ্ট আয়ন প্ৰভাৱ,പ്രത്യേക അയോൺ പ്രഭാവം
বৰ্গক্ষেত্ৰৰ কোৰ্চযুক্ত ধ্বংসাৱশেষৰ শিলৰ কাম,ചതുരാകൃതിയിലുള്ള പാടശേഖരം
বৰ্গক্ষেত্ৰৰ নিয়মীয়া কোৰ্চযুক্ত ধ্বংসাৱশেষ শিলৰ কাম,ചതുരാകൃതിയിലുള്ള പതിവ് കോഴ്‌സ് ചെയ്ത അവശിഷ്ടങ്ങൾ
স্থিৰ প্ৰবাহ,സ്ഥിരതയുള്ള ഒഴുക്ക്
ফিচফিচাই ষ্টেপ কৰিলে,സ്റ്റെപ്പ് ഫ്ലാഷിംഗ്
আঠাযুক্ততা,ഒട്ടിപ്പിടിക്കുക
ষ্টিক পইণ্ট,സ്റ്റിക്കിംഗ് പോയിന്റ്
শিল,കല്ല്
স্লপ হেণ্ড মল্ডিং,സ്ലോപ്പ് ഹാൻഡ് മോൾഡിംഗ്
ষ্ট্ৰেপ হিঞ্জ,സ്ട്രാപ്പ് ഹിഞ്ച്
ষ্ট্ৰ’ বৰ্ড,വൈക്കോൽ ബോർഡ്
নিজৰা,ധാര
চাপ,സമ്മർദ്ദം
ষ্ট্ৰেচাৰ,സ്ട്രെച്ചർ
ষ্ট্ৰেচাৰ বণ্ড,സ്ട്രെച്ചർ ബോണ്ട്
ষ্ট্ৰেচাৰ কোৰ্চ,സ്ട്രെച്ചർ കോഴ്സ്
তাঁৰ,സ്ട്രിംഗ്
ষ্ট্ৰিং কোৰ্চ,സ്ട്രിംഗ് കോഴ്സ്
গঠন কাৰক,ഘടന ഘടകം
গঠন সূচকাংক,ഘടനാ സൂചിക
ষ্টুকো,സ്റ്റക്കോ
ষ্টড,സ്റ്റഡ്
ষ্টাইলবেট,സ്റ്റൈലോബേറ്റ്
উপ মাটি,ഉപ മണ്ണ്
উপ গঠন,ഉപ ഘടന
যোগফল বক্ৰ,സമ്മേഷൻ വക്രം
সূৰ্য্যৰ মাইকা,സൺ മൈക്ക
চুপাৰ ষ্ট্ৰাকচাৰ,സൂപ്പർ ഘടന
জৰীপকাৰী,സർവേയർ
S-মান,എസ്-മൂല്യം
লুট,കൊള്ളമുതൽ
হাঁসৰ ডিঙি,സ്വാൻ കഴുത്ത്
তম্বু,കൂടാരം
টেবুল হেণ্ড মল্ডিং,ടേബിൾ ഹാൻഡ് മോൾഡിംഗ്
টেংকিং,ടാങ്കിംഗ്
টেম্পিয়েট্টো,ടെമ്പിയറ്റോ
টেম্পাৰিং,ടെമ്പറിംഗ്
টেমপ্লেট,ടെംപ്ലേറ്റ്
টেমপ্লেট,ടെംപ്ലേറ്റ്
টেপিডাৰিয়াম,ടെപ്പിഡാരിയം
টেৰাকোটা,ടെറാക്കോട്ട
টেৰা ৰোজা,ടെറ റോസ
টেৰাজো,ടെറാസോ
টেট্ৰা ষ্টাইল,ടെട്ര ശൈലി
থ্ৰেছহ&#39;ল্ড সীমা মান,പരിധി പരിധി മൂല്യം
নেলু,തൊണ്ട
শিলৰ মাজেৰে,കല്ലിലൂടെ
জোৱাৰ-ভাটাৰ অৱবাহিকা,ടൈഡൽ ബേസിൻ
টাই বাৰ,ടൈ ബാർ
টাই বিম,ബീം കെട്ടുക
টাই ৰড,വടി കെട്ടുക
তিৰছ,ടയർ
সহনশীলতা,സഹിഷ്ണുത
দাঁত ওলোৱা,പല്ലുവേദന
ওপৰৰ মাটি বা পৃষ্ঠৰ মাটি,മുകളിലെ മണ്ണ് അല്ലെങ്കിൽ ഉപരിതല മണ്ണ്
মুঠ ছিদ্ৰতা,ആകെ പൊറോസിറ്റി
ট্ৰেচাৰী,ട്രേസറി
ট্ৰেইন ৰেজিষ্টেন্স,ട്രെയിൻ പ്രതിരോധം
ট্ৰেন্সেপ্ট,ട്രാൻസെപ്റ്റ്
সংক্ৰমণকালীন মাটি,പരിവർത്തന മണ്ണ്
ট্ৰেন্সম,ട്രാൻസോം
পৰিবহণ মাটি,മണ്ണ് ഗതാഗതം
ট্ৰিবিউটাৰী,പോഷകനദി
ট্ৰাইফ’ৰিয়াম,ട്രിഫോറിയം
ট্ৰিগ্লিফ,ട്രൈഗ്ലിഫ്
ছেদ কৰা মাটি,വെട്ടിച്ചുരുക്കിയ മണ്ണ്
অশান্ত প্ৰবাহ,പ്രക്ഷുബ്ധമായ ഒഴുക്ക്
টাৰেট,ടററ്റ്
টিম্পাৰ num,ടൈംപാർ നമ്പർ
চূড়ান্ত বহন ক্ষমতা,ആത്യന്തികമായി വഹിക്കാനുള്ള ശേഷി
চূড়ান্ত ph,ആത്യന്തിക പിഎച്ച്
আনকোৰ্চড ৰেণ্ডম ধ্বংসাৱশেষ শিলৰ কাম,ക്രമരഹിതമായ റാൻഡം അവശിഷ്ടങ്ങൾ കൊത്തുപണികൾ
আনকোৰ্চড বৰ্গক্ষেত্ৰৰ ধ্বংসাৱশেষৰ শিলৰ কাম,കോഴ്‌സ് ചെയ്യാത്ത ചതുരാകൃതിയിലുള്ള അവശിഷ്ടങ്ങൾ
আণ্ডাৰক্ৰফ্ট,അണ്ടർക്രോഫ്റ്റ്
ভৰোৱা নোহোৱা ছিদ্ৰতা,നിറയാത്ത സുഷിരം
একেধৰণৰ প্ৰবাহ,ഏകീകൃത ഒഴുക്ക്
ইউনিট ফ্ৰেম ধৰণৰ মৰাপাট,യൂണിറ്റ് ഫ്രെയിം തരം സ്കാർഫോൾഡ്
অনুত্পাদনশীল কাম,ഉൽപ്പാദനക്ഷമമല്ലാത്ത ജോലി
অসংপৃক্ত মাটি,അപൂരിത മണ്ണ്
অস্থিৰ প্ৰবাহ,അസ്ഥിരമായ ഒഴുക്ക്
প্লাষ্টিকৰ ওপৰৰ সীমা,മുകളിലെ പ്ലാസ്റ്റിക് പരിധി
উপত্যকাৰ নালা,താഴ്വര ഗട്ടർ
ভল্ট,നിലവറ
ভেটেৰিয়াম,വെറ്റേറിയം
বায়ু চলাচল কৰা,വെന്റിലേഷൻ
ভেন্টিলেটৰ,വെന്റിലേറ്റർ
ভেৰামদহ,വരംദഹ്
ভেষ্টিবুল,വെസ്റ്റിബ്യൂൾ
ভিলা,വില്ല
