Odiya,Tamil
ଏସିଡଏଡ୍ |,அமிலத்தன்மை
ଆଓଲିୟାନ୍ ମାଟି |,அயோலியன் மண்
ସମୁଦାୟ,மதிப்பீட்டு
ଏକୀକରଣ,திரட்டுதல்
ଏଗ୍ରୋଲୋଜି,வேளாண்மை
କୃଷି,வேளாண்மை
ଏକ ରାଶି,A- அடிவானம்
ଆଓ-ରାଶି,Ao- அடிவானம்
ଆଓ-ରାଶି |,Aoo- அடிவானம்
ମାଟିର ବାୟୁ କ୍ଷମତା |,மண்ணின் காற்று திறன்
ମାଟିର ବାୟୁ ସାମଗ୍ରୀ |,மண்ணின் காற்றின் உள்ளடக்கம்
ବାୟୁ ପିକନୋମିଟର |,காற்று பிக்னோமீட்டர்
ଆଲିଟିକ୍ ମାଟି |,அல்லிடிக் மண்
ଆଲୁଭିଆଲ୍ ମାଟି |,வண்டல் மண்
ଆମ୍ଫୋଲାଇଟଏଡ୍ |,ஆம்போலிடாய்டு
ଆନିଅନ୍ |,அயன்
"ସ୍ପଷ୍ଟ ନିର୍ଦ୍ଦିଷ୍ଟ ମାଧ୍ୟାକର୍ଷଣ ପରିମାଣ ଓଜନ କିମ୍ବା ବହୁଳ ନିର୍ଦ୍ଦିଷ୍ଟ ମାଧ୍ୟାକର୍ଷଣ, &quot;","வெளிப்படையான குறிப்பிட்ட ஈர்ப்பு அளவு எடை அல்லது மொத்த குறிப்பிட்ட ஈர்ப்பு,&quot;"
ଆରିସ୍,அரிஸ்
ଆଶଲାର୍ ସୂକ୍ଷ୍ମ ଚୁକ୍ତି |,Ashlar நன்றாக கொத்து
ଆଶଲାର୍ ରାଜକନିକା |,ஆஷ்லர் கொத்து
ଆଜୋନାଲ ମାଟି |,அசோனல் மண்
ପଛ ଆକ୍ଟର୍ |,பின் நடிகர்
ପଛ ଆର୍କ,பின் வளைவு
ବ୍ୟାକ୍ ବ୍ୟାଣ୍ଡ |,பின் இசைக்குழு
ପଛ ବ୍ରଶ୍ |,பின் தூரிகை
ପଛକୁ ଯା check ୍ଚ କରନ୍ତୁ |,மீண்டும் சரிபார்க்கவும்
ପଛ କାଉଣ୍ଟର |,பின் கவுண்டர்
ପଛ କାଟିବା |,முதுகு வெட்டுதல்
ପଛ ଡ୍ରାଫ୍ଟ ଡ୍ୟାମ୍ପର୍ |,பின் வரைவு damper
ପଛ ଡ୍ରେନ୍ |,பின் வடிகால்
ବ୍ୟାକ୍ ଡ୍ରପ୍ |,பின் துளி
ପଛକୁ ପୁରଣ କରନ୍ତୁ |,பின் நிரப்பவும்
ପଛ ଫିଲେଟ୍ |,பின் ஃபில்லட்
ପଛ ଫ୍ଲାପ୍ ହିଙ୍ଗ୍ |,பின் மடல் கீல்
ପଛ ପ୍ରବାହ ସଂଯୋଗ |,பின் ஓட்ட இணைப்பு
ପଛ ପ୍ରବାହ ପ୍ରତିରୋଧକ |,பின் ஓட்டம் தடுப்பான்
ବ୍ୟାକ୍ ଗେଜ୍ |,பின் அளவுகோல்
ପଛ ଗୁଟର୍ |,பின்புற சாக்கடை
ପଛ ଚୁଲି,பின் அடுப்பு
ସମର୍ଥନ,ஆதரவு
ବ୍ୟାକିଂ ବୋର୍ଡ |,பேக்கிங் போர்டு
ପଛ ଚାପ |,பின் அழுத்தம்
ପଛ ପ୍ରପ,பின் முட்டு
ପଛ ଦୃଶ୍ୟ |,பின் பார்வை
ପଛ ପାଣି |,பின் நீர்
ବାଫଲ୍ |,குழப்பம்
ବ୍ୟାଗୱାର୍କ |,பை வேலை
ବାଲାଷ୍ଟ,பேலாஸ்ட்
ବଲ୍ ମାଟି |,பந்து களிமண்
ବଲ୍ କୋଣ କ୍ଲମ୍ପ୍ |,பந்து கூம்பு கவ்வி
କଣ୍ଟା ତାର,முள்வேலி
ବାର୍ କୁକୁର |,பார் நாய்
ବ୍ୟାରେଜ୍ ବୋର୍ଡ |,விசைப்படகு பலகை
ବାରିୟମ୍ ସଲଫେଟ୍ ପରୀକ୍ଷା |,பேரியம் சல்பேட் சோதனை
ବ୍ୟାରେଜ୍,சரமாரி
ବାରେଟ୍ |,பாரெட்
ଆଧାର,அடித்தளம்
ଆଧାର ବିନିମୟ |,அடிப்படை பரிமாற்றம்
ଆଧାର ରେଖା |,அடிப்படை வரி
ବେସମେଣ୍ଟ୍ |,அடித்தளம்
ବେସମେଣ୍ଟ କାନ୍ଥ |,அடித்தள சுவர்
ବେସ୍ ପ୍ଲେଟ୍ |,அடித்தட்டு
"ବେସ୍ ପ୍ଲେଟ୍, ନିୟନ୍ତ୍ରିତ |","அடிப்படை தட்டு, சரிசெய்யக்கூடியது"
ମୂଳ ପରିପୃଷ୍ଠା |,அடிப்படை செறிவு
ବାସୋଏଡ୍ |,பாசாய்டு
ବ୍ୟାଟ୍,வௌவால்
ସ୍ନାନ ଏବଂ WC,பாத் மற்றும் WC
ବାଟା ପେଗ୍ |,இடி ஆப்பு
ବାଟା ପାଇର୍ |,பேட்டர் பையர்
ବ୍ୟାଟର ନିୟମ |,பேட்டர் விதி
ବାଲ୍କ (ବାଲ୍କ),பால்க் (பால்க்)
ବାଇ,விரிகுடா
ଧାରକ,தாங்குபவர்
ବହନ କରିବାର କ୍ଷମତା |,தாங்கும் திறன்
ଗଦା ବହନ କରିବା |,தாங்கும் பைல்
ଷ୍ଟ୍ରାଟମ୍ ବହନ କରିବା |,தாங்கி அடுக்கு
ଶଯ୍ୟା,படுக்கை
ବିଛଣା ବିମାନ |,படுக்கை விமானம்
ଶଯ୍ୟା ଗଣ୍ଠି |,படுக்கை கூட்டு
ବେଡ୍ ପଥର |,படுக்கை பாறை
ବେଡ୍ ରୁମ୍ |,படுக்கை அறை
ମହୁମାଛି,தேன் மெழுகு
ବେଲ୍ ବାକ୍ସ |,மணி பெட்டி
ବାଲ୍ଟି ବାଲିଙ୍ଗ୍ |,பெல்லிங் வாளி
ବେଲୋଫ୍ରାମ୍ |,பெல்லோஃப்ராம்
ବେଞ୍ଚ ଭିତ୍ତିଭୂମି |,பெஞ்ச் அடித்தளம்
ବେଞ୍ଚିଂ,பெஞ்சிங்
ବେଞ୍ଚ ମାର୍କ |,பெஞ்ச் மார்க்
ଲାଭ ମୂଲ୍ୟ ବିଶ୍ଳେଷଣ |,நன்மை செலவு பகுப்பாய்வு
ବରମ,பெர்ம்
ବେଭେଲଡ୍ ବନ୍ଦ |,வளைந்த மூடல்
"ବି-ରାଶି, &quot;B-","பி-ஹரைசன்,&quot;பி-"
ବିଟ୍ |,பயாட்
ବାଇଣ୍ଡର୍ |,பைண்டர்
ବାନ୍ଧିବା ସାମଗ୍ରୀ |,பிணைப்பு பொருள்
ବାୟୋଟ ସିଦ୍ଧାନ୍ତ |,பயோட்டின் கோட்பாடு
ବିଟୁମେନ |,பிடுமின்
କଳା ସୂତା ମାଟି |,கருப்பு பருத்தி மண்
କଳା ପୃଥିବୀ |,கருப்பு பூமி
କଳା ଟର୍ଫ ମାଟି |,கருப்பு தரை மண்
ବ୍ଲେଡ୍ |,கத்தி
ବ୍ଲାଷ୍ଟ ଫର୍ଣ୍ଣେସ୍ ସ୍ଲାଗ୍ ସିମେଣ୍ଟ |,ஊது உலை கசடு சிமெண்ட்
ଅବରୋଧ ସଂରଚନା |,தடுப்பு அமைப்பு
ବଗି ପ୍ରତିରୋଧ |,போகி எதிர்ப்பு
ବଗ୍-ଲୁହାପଥର |,போக்-இரும்பு தாது
ବନ୍ଧ,பத்திரம்
ବନ୍ଧିତ ସଦସ୍ୟ |,பிணைக்கப்பட்ட உறுப்பினர்
ବନ୍ଧିତ ପୋଷ୍ଟ ଟେନସିଂ |,பிணைக்கப்பட்ட பிந்தைய பதற்றம்
ବନ୍ଧ ପଥର |,பத்திர கல்
ସୀମା ଜଳ |,கட்டுப்பட்ட நீர்
ବାକ୍ସ ଗୁଟର୍ |,பெட்டி சாக்கடை
ବନ୍ଧନୀ,பிரேஸ்
ଇଟା-ଧାର,விளிம்பில் செங்கல்
ବ୍ରିଡଲ୍ |,கடிவாளம்
ଉଜ୍ଜ୍ୱଳତା |,பிரகாசம்
ବାଦାମୀ ମାଟି |,பழுப்பு மண்
ବିଲଡିଂ,கட்டிடம்
ବିଲ୍ଡିଂ ସର୍ବେକ୍ଷଣକାରୀ |,கட்டிட சர்வேயர்
ବଫର୍ |,தாங்கல்
ବଫର୍ ବକ୍ର,தாங்கல் வளைவு
ବଫରିଂ |,தாங்கல்
ବଫରିଂ କ୍ଷମତା |,தாங்கல் திறன்
ବଣ୍ଡର୍ |,பண்டர்
ଦୁର୍ଗ,பட்டர்ஸ்
ସି-ରାଶି,சி-அடிவானம்
କେବୁଲ୍ |,கேபிள்
କେବୁଲ୍ ମୋଲିଡିଂ |,கேபிள் மோல்டிங்
କ୍ୟାବଲିଂ |,கேபிளிங்
କ୍ୟାବିନ,அறை
କ୍ୟାବିନ ହୁକ୍ |,கேபின் ஹூக்
କ୍ୟାବିନେଟ୍,மந்திரி சபை
କ୍ୟାବୋଲ୍ଟଙ୍କ ବିଦାୟ,கபோல்ட் வெளியேறினார்
କାଫେରିଆ |,சிற்றுண்டியகம்
କେଜ୍ |,கூண்டு
କେଜ୍ ନିର୍ମାଣ,கூண்டு கட்டுமானம்
କ ain ନଙ୍କ ସୂତ୍ର |,கெய்னின் சூத்திரம்
କେସନ୍ |,கெய்சன்
କେସନ୍ ରୋଗ |,கெய்சன் நோய்
କେସନ୍ ଫାଉଣ୍ଡେସନ୍ |,கெய்சன் அடித்தளம்
କେସନ୍ ଗଦା |,கெய்சன் குவியல்
କାଲ୍କେରିସ୍ ଇଟା |,சுண்ணாம்பு செங்கல்
କାଲକେୟାର ମାଟି |,சுண்ணாம்பு களிமண்
କାଲ୍କେରିସ୍ କ୍ରଷ୍ଟ୍ |,சுண்ணாம்பு மேலோடு
ଗଣନା,கால்சிஃபிகேஷன்
ଗଣନା,கால்சினேஷன்
କାଲସିନ୍,கால்சின்
କାଲସିଟ୍ |,கால்சைட்
କ୍ୟାଲସିୟମ୍-ଆଲୁମିନିଟ୍ ସିମେଣ୍ଟ |,கால்சியம்-அலுமினேட் சிமெண்ட்
କ୍ୟାଲସିୟମ୍-ସିଲିକେଟ୍ ଇଟା |,கால்சியம்-சிலிகேட் செங்கல்
କ୍ୟାଲସିୟମ୍-ସିଲିକେଟ୍ ହାଇଡ୍ରେଟ୍ |,கால்சியம்-சிலிகேட் ஹைட்ரேட்
କାଲିଚେ |,கலிச்சே
କାଲିଫର୍ନିଆର ଅନୁପାତ ଅନୁପାତ |,கலிபோர்னியா தாங்கி விகிதம்
କାଲିପର୍ |,காலிபர்
କ୍ୟାଲୋରିମିଟର |,கலோரிமீட்டர்
କ୍ୟାମ୍ବର |,கேம்பர்
କେନାଲ |,கால்வாய்
କାନୋପି |,விதானம்
କ୍ୟାଣ୍ଟିଲାଇଭର ଫୁଟିଂ |,கான்டிலீவர் அடிவாரம்
କ୍ୟାପ୍,தொப்பி
ସାମର୍ଥ୍ୟ |,திறன்
ସମସ୍ତ ଟ୍ରାକର କ୍ଷମତା |,ஆயில் பாதையின் திறன்
କ୍ୟାପ୍ କେବୁଲ୍ |,தொப்பி கேபிள்
କ୍ଷମତା,கேபிலரிட்டி
କ୍ୟାପିଲାରୀ ବ୍ରେକ୍ |,தந்துகி முறிவு
କ୍ୟାପିଲାରୀ ପ୍ରବାହ |,தந்துகி ஓட்டம்
କ୍ୟାପିଲାରୀ ଆର୍ଦ୍ରତା କିମ୍ବା କ୍ୟାପିଲାରୀ ପାଣି |,தந்துகி ஈரப்பதம் அல்லது தந்துகி நீர்
କ୍ୟାପିଲାରୀ ପୋର ସ୍ପେସ୍ |,தந்துகி துளை இடம்
କ୍ୟାପିଲାରୀ ପୋରୋସିଟି |,கேபிலரி போரோசிட்டி
କ୍ୟାପିଲାରୀ ସ୍ପେସ୍ |,தந்துகி வெளி
ବେଗ କ୍ୟାପଚର କରନ୍ତୁ |,பிடிப்பு வேகம்
କାର୍ବନେସନ୍ |,கார்பனேற்றம்
କାର୍ବନ କଳା,கார்பன் கருப்பு
କାଷ୍ଟବଲ୍ ଚିତ୍ତାକର୍ଷକ |,காஸ்ட்பிள் பயனற்ற
କାଷ୍ଟ-ଇନ୍-ପ୍ଲେସ୍ କିମ୍ବା କାଷ୍ଟ-ଇନ୍-ସିଟ୍ |,காஸ்ட்-இன்-பிளேஸ் அல்லது காஸ்ட்-இன்-சிட்டு
କାଷ୍ଟ-ଇନ୍-ପ୍ଲେସ୍ ଗଦା |,காஸ்ட்-இன்-பிளேஸ் பைல்
କାଷ୍ଟର |,ஆமணக்கு
ପଥର ପକାନ୍ତୁ |,வார்ப்பு கல்
ଅନୁକ୍ରମଣିକା,வினையூக்கி
କ୍ୟାଟେନା |,கேட்டனா
ବିଲେଇ ମୁହଁ |,பூனை முகம்
ବିଲେଇ ମୁଣ୍ଡ,பூனை தலை
କେସନ୍,கேஷன்
ବିଲେଇ ଚାଲିବା |,பூனை நடை
କ୍ୟାଭିଟେସନ୍ କ୍ଷତି |,குழிவுறுதல் சேதம்
ସେଲିଟ୍,செலைட்
ସେଲୁଲାର୍ କଂକ୍ରିଟ୍ |,செல்லுலார் கான்கிரீட்
ସେଲ୍ୟୁଲାର୍ ନିର୍ମାଣ,செல்லுலார் கட்டுமானம்
ସିମେଣ୍ଟ |,சிமெண்ட்
"ସିମେଣ୍ଟ, ବିଟୁମିନିୟସ୍ |","சிமெண்ட், பிட்மினஸ்"
"ସିମେଣ୍ଟ, ଉଚ୍ଚ ଶକ୍ତି |","சிமெண்ட், அதிக வலிமை"
"ସିମେଣ୍ଟ, ହାଇଡ୍ରୋଲିକ୍ |","சிமெண்ட், ஹைட்ராலிக்"
"ସିମେଣ୍ଟ, କମ୍ ଉତ୍ତାପ |","சிமெண்ட், குறைந்த வெப்பம்"
"ସିମେଣ୍ଟ, ରାଜକୋଷ |","சிமெண்ட், கொத்து"
"ସିମେଣ୍ଟ, ପ୍ରାକୃତିକ |","சிமெண்ட், இயற்கை"
"ସିମେଣ୍ଟ, ପୋର୍ଟଲ୍ୟାଣ୍ଡ |","சிமெண்ட், போர்ட்லேண்ட்"
"ସିମେଣ୍ଟ, ପୋର୍ଟଲ୍ୟାଣ୍ଡ ବ୍ଲାଷ୍ଟ ଫର୍ଣ୍ଣେସ୍ ସ୍ଲାଗ୍ |","சிமெண்ட், போர்ட்லேண்ட் பிளாஸ்ட் ஃபர்னேஸ் ஸ்லாக்"
"ସିମେଣ୍ଟ, ପୋର୍ଟଲ୍ୟାଣ୍ଡ ପୋଜଜୋଲାନ୍ |","சிமெண்ட், போர்ட்லேண்ட் போஸோலன்"
"ସିମେଣ୍ଟ, ସ୍ଲାଗ୍ |","சிமெண்ட், கசடு"
"ସିମେଣ୍ଟ, ସଲଫେଟ୍ ପ୍ରତିରୋଧକ |","சிமெண்ட், சல்பேட் எதிர்ப்பு"
"ସିମେଣ୍ଟ, ସୁପର ସଲଫେଟ୍ |","சிமெண்ட், சூப்பர் சல்பேட்"
"ସିମେଣ୍ଟ, ଧଳା |","சிமெண்ட், வெள்ளை"
ସିମେଣ୍ଟ-ଏଗ୍ରିଗେଟ୍ ଅନୁପାତ |,சிமெண்ட்-மொத்த விகிதம்
ସିମେଣ୍ଟ ବିଷୟବସ୍ତୁ |,சிமெண்ட் உள்ளடக்கம்
ସିମେଣ୍ଟ ଜେଲ୍ |,சிமெண்ட் ஜெல்
ସିମେଣ୍ଟ ବନ୍ଧୁକ |,சிமெண்ட் துப்பாக்கி
ସିମେଣ୍ଟ କିଲ୍ |,சிமெண்ட் சூளை
ସିମେଣ୍ଟ ରଙ୍ଗ |,சிமெண்ட் பெயிண்ட்
ସିମେଣ୍ଟ ପ୍ଲାଷ୍ଟର |,சிமெண்ட் பூச்சு
ସିମେଣ୍ଟ ପଥର |,சிமெண்ட் பாறை
ସିମେଣ୍ଟ ସ୍ଲୁରି |,சிமெண்ட் குழம்பு
ସିମେଣ୍ଟ ଷ୍ଟୋରେଜ୍ |,சிமெண்ட் சேமிப்பு
ସିମେଣ୍ଟେସନ୍ ପ୍ରକ୍ରିୟା |,சிமெண்டேஷன் செயல்முறை
କେନ୍ଦ୍ରକରଣ |,மையப்படுத்துதல்
ସେଣ୍ଟରିଂ ଏବଂ ସଟରିଂ |,மையப்படுத்துதல் மற்றும் மூடுதல்
କେନ୍ଦ୍ରୀୟ ମିଶ୍ରିତ କଂକ୍ରିଟ୍ |,மத்திய கலப்பு கான்கிரீட்
କେନ୍ଦ୍ରୀୟ ମିକ୍ସର୍ |,மத்திய கலவை
ସେଣ୍ଟ୍ରିଫୁଗୁଲ୍ ପ୍ରଶଂସକ |,மையவிலக்கு விசிறி
ଚକ,சுண்ணாம்பு
ଚାମ୍ଫର୍ |,சேம்ஃபர்
ଚାମ୍ଫର୍ ଷ୍ଟ୍ରିପ୍ |,சேம்பர் துண்டு
ଚ୍ୟାନେଲ୍ ବିମ୍ |,சேனல் கற்றை
ଚରିତ୍ରଗତ ଭାର |,சிறப்பியல்பு சுமை
ବ istic ଶିଷ୍ଟ୍ୟ ଶକ୍ତି |,பண்பு வலிமை
ଚାର୍ଜ ଅଫ୍ |,சார்ஜ் ஆஃப்
ଚାର୍ଜିଂ,சார்ஜ் செய்கிறது
ଯା cking ୍ଚ,சரிபார்க்கிறது
ରାସାୟନିକ ବନ୍ଧ |,இரசாயன பிணைப்பு
ଚେର୍ନୋଜେମ୍ |,செர்னோசெம்
ଛାତି ମାଟି |,கஷ்கொட்டை மண்
ଚିମନି ଗୁଟର |,புகைபோக்கி சாக்கடை
ଚିପ୍ ବୋର୍ଡ |,சிப் போர்டு
ଚିପିଙ୍ଗ୍ |,சிப்பிங்
ଚିପ୍ସ |,சீவல்கள்
ଚୁଟ୍,சரிவு
କ୍ଲାସ୍ (କଂକ୍ରିଟ୍ ର),வகுப்பு (கான்கிரீட்)
ମାଟି,களிமண்
ମାଟି ବିଷୟବସ୍ତୁ |,களிமண் உள்ளடக்கம்
ମାଟି ପ୍ୟାନ |,களிமண் பான்
ପରିଷ୍କାର,சுத்தம் செய்
ସଫା କର,சுத்தம் செய்
ସଫା କର |,கிளீட்
କ୍ଲିଙ୍କର୍ |,கிளிங்கர்
କ୍ଲିପ୍,கிளிப்
ଜମାଟ ବାନ୍ଧିବା |,உறைதல்
କଠିନ ଏଗ୍ରିଗେଟ୍ |,கரடுமுரடான மொத்த
କଠିନ ଶସ୍ୟ ମାଟି |,கரடுமுரடான தானிய மண்
କୋଟ,கோட்
କଫର୍ ଡ୍ୟାମ୍ |,காஃபர் அணை
ମିଳନ,ஒருங்கிணைப்பு
କୋଲଏଡ୍ |,கொலாய்டு
କୋଲଏଡାଲ୍ ଆର୍ଦ୍ରତା ସମାନ ଅନୁପାତ |,கூழ் ஈரப்பதம் சமமான விகிதம்
କୋଲଏଡାଲ୍ ସିଷ୍ଟମ୍ |,கூழ் அமைப்பு
ମିଳିତ ମାଟି |,கொலுவல் மண்
ସ୍ତମ୍ଭ,நெடுவரிசை
କମ୍ବିଂ ଶେଷ,சீப்பு பூச்சு
ମିଳିତ ପଦଚିହ୍ନ |,இணைந்த அடி
ମିଶ୍ରିତ ଜଳ |,ஒருங்கிணைந்த நீர்
ସାଧାରଣ କୋଠରୀ |,பொதுவான அறை
ସଂପୂର୍ଣ୍ଣ ପ୍ରମାଣପତ୍ର,நிறைவு சான்றிதழ்
ଉପାଦାନ ବର୍ଗ,கூறு சதுரம்
କଂକ୍ରିଟ୍ |,கான்கிரீட்
ସଂକଳନ,கான்கிரீட்
ଏକତ୍ରିତ ହାର / ଫ୍ଲାଟ ହାର |,ஒருங்கிணைந்த விகிதம்/தட்டை விகிதம்
ପ୍ରଦୂଷକ,அசுத்தங்கள்
ଆଲକୋଭ୍ ରାନ୍ଧିବା |,அல்கோவ் சமையல்
ମୁକାବିଲା,சமாளிப்பது
କରବେଲ |,கோர்பெல்
କର୍ନିସ୍ |,கார்னிஸ்
ଦମ୍ପତି,இணைப்பான்
"ଦମ୍ପତି, ଦୁଇଥର |","கப்லர், இரட்டை"
"ଦମ୍ପତି, ପୁଟ୍ଲଗ୍ |","கப்லர், புட்லாக்"
"ଦମ୍ପତି, ସ୍ୱିଭେଲ୍ |","இணைப்பு, சுழல்"
ପାଠ୍ୟକ୍ରମ,பாடநெறி
ରାଣ୍ଡମ୍ ରାଣ୍ଡଲ୍ ଚୁକ୍ତି |,சீரற்ற இடிந்த கொத்து
ଆଚ୍ଛାଦିତ କ୍ଷେତ୍ର |,மூடப்பட்ட பகுதி
କ୍ରିପ୍,தவழும்
କ୍ରିପ୍ କୋଏଫିସିଏଣ୍ଟ୍ |,க்ரீப் குணகம்
କ୍ରୋଟୋଭାଇନ୍ |,குரோடோவின்
କାଉ ପାଦ |,காக்கை கால்
ଖଣ୍ଡ ଗଠନ |,நொறுக்குத் தீனி அமைப்பு
ବନ୍ଦ କର |,கட்டுப்படுத்து
ସାମ୍ପ୍ରତିକ,தற்போதைய
ବକ୍ର ପ୍ରତିରୋଧ,வளைவு எதிர்ப்பு
ଓଦା ପ୍ରୁଫ୍ ପାଠ୍ୟକ୍ରମ |,ஈரப்பதம் இல்லாத பாடநெறி
ସମାପ୍ତ ତାରିଖ,நிறைவு தேதி
ମୃତ ଭାର,நிலைச்சுமை
ମୃତ ଜଳ |,இறந்த நீர்
ଡେସିବେଲ୍ |,டெசிபல்
ଡିଫ୍ଲୋକ୍କୁଲେସନ୍ |,டிஃப்ளோகுலேஷன்
ବାୟୁମଣ୍ଡଳ କିମ୍ବା ବାୟୁ ସ୍ଥାନ ଅନୁପାତର ଡିଗ୍ରୀ |,காற்றோட்டம் அல்லது காற்று விண்வெளி விகிதம்
ଏକୀକରଣର ଡିଗ୍ରୀ |,திரட்டல் பட்டம்
ବିଚ୍ଛେଦର ଡିଗ୍ରୀ |,சிதறல் பட்டம்
ପରିପୃଷ୍ଠାର ଡିଗ୍ରୀ |,செறிவூட்டல் பட்டம்
ଘନତା,அடர்த்தி
ମରୁଭୂମି ରାସ୍ତା,பாலைவன நடைபாதை
ମରୁଭୂମି ମାଟି |,பாலைவன மண்
ବିବରଣୀ,விவரங்கள்
ବିକାଶ ଅବଧି,வளர்ச்சி காலம்
ଡି-ରାଶି,டி-அடிவானம்
ତ୍ରିକୋଣୀୟ ବନ୍ଧନ |,மூலைவிட்ட பிணைப்பு
ଚିତ୍ର,வரைபடம்
ଡିଜିଟାଲ୍ ଡକ୍ |,டிஜிட்டல் டாக்
ଭିନ୍ନ ଭିନ୍ନ ଜଳ ହାର |,வேறுபட்ட நீர் விகிதம்
ଦିଲ୍ୟୁସନ୍ ଭେଣ୍ଟିଲେସନ୍ |,நீர்த்த காற்றோட்டம்
ଦିଲୁଭିୟମ୍,டிலுவியம்
ଭୋଜନ ଗୃହ,சாப்பிடும் அல்லது உணவருந்தும் அறை
ଦିଗ ପେଗ୍ |,திசை ஆப்பு
ବିଚ୍ଛେଦ |,சிதறல்
ବିଭ୍ରାନ୍ତକାରୀ |,டிஸ்டெம்பர்
ଡକ୍ |,கப்பல்துறை
ଦ୍ୱାର,கதவு
ଛାତ୍ରାବାସ,டார்மர்
ଛାତ୍ରାବାସ ଯାଞ୍ଚ |,டார்மர் சோதனை
ଡବଲ୍ ଫ୍ଲେମିଶ୍ ବଣ୍ଡ୍ |,இரட்டை சதை பிணைப்பு
ଡବଲ୍ ସ୍ତର |,இரட்டை அடுக்கு
ଡୋଭେଲ୍ |,டோவல்
ଚିତ୍ରାଙ୍କନ ବୋର୍ଡ |,வரைதல் பலகை
ଚିତ୍ରାଙ୍କନ କକ୍ଷ |,வரைதல் அறை
ଡ୍ରାଇଫ୍,சறுக்கல்
ଶୁଖିଲା ବଲ୍ବ ତାପମାତ୍ରା |,உலர் குமிழ் வெப்பநிலை
ଶୁଖିଲା ଡକ୍ |,உலர் கப்பல்துறை
ଶୁଖିଲା ରବର ନିର୍ମାଣ,உலர் ரப்பர் கொத்து
ଡଚ୍ ବନ୍ଧନ |,டச்சு பத்திரம்
ବାଣ୍ଡ କାନ୍ଥ |,குள்ள சுவர்
ବାସସ୍ଥାନ ଏକକ,குடியிருப்பு அலகு
ଇଭ୍,ஈவ்
ଗୁପ୍ତାଙ୍ଗ,ஈவ்ஸ் சாக்கடை
ଆର୍ଥିକ ସମ୍ଭାବ୍ୟତା |,பொருளாதார சாத்தியம்
ଏକ୍ଟୋଡାଇନାମୋରଫିକ୍ ମାଟି |,எக்டோடைனமார்பிக் மண்
ଏଡି,எட்டி
ପ୍ରଭାବଶାଳୀ ଆକାର |,பயனுள்ள அளவு
ଇଫ୍ଲୋରସେନ୍ସ |,மலர்ச்சி
ପ୍ରଭାବଶାଳୀ |,கழிவுநீர்
ଉଚ୍ଚତା,உயரம்
ବହିଷ୍କାର,எலுவியேஷன்
ଇଲୁଭିୟମ୍ |,எலுவியம்
ଏଣ୍ଡୋଡାଇନାମୋରଫିକ୍ ମାଟି |,எண்டோடைனமார்பிக் மண்
ଇଞ୍ଜିନିୟରିଂ ସମ୍ଭାବ୍ୟତା |,பொறியியல் சாத்தியம்
ଇଂରାଜୀ ବନ୍ଧନ |,ஆங்கில பத்திரம்
ଇଂରାଜୀ ବଗିଚା କାନ୍ଥ ବନ୍ଧ |,ஆங்கில தோட்ட சுவர் பத்திரம்
"ଇପିଏମ୍ (ପ୍ରତି ମିଲିୟନ୍ ସହିତ ସମାନ), &quot;","EPM (ஒரு மில்லியனுக்கு சமம்),&quot;"
ସମାନ ଓଜନ,சமமான எடை
Erg,எ.கா
ଅଦଳବଦଳଯୋଗ୍ୟ |,மாற்றத்தக்கது
ଅଦଳବଦଳ ଅମ୍ଳତା |,மாற்றக்கூடிய அமிலத்தன்மை
ଅଦଳବଦଳ ସୋଡିୟମ୍ ପ୍ରତିଶତ (ESP),மாற்றக்கூடிய சோடியம் சதவீதம் (ESP)
E. S P.,ஈ.எஸ்.பி.
ଅମ୍ଳତା ବିନିମୟ କରନ୍ତୁ |,பரிமாற்ற அமிலத்தன்மை
ଏକ୍ସଚେଞ୍ଜ୍ କମ୍ପ୍ଲେକ୍ସ |,பரிமாற்ற வளாகம்
ନିଷ୍କାସନ,வெளியேற்ற
ପ୍ରକାଶିତ ସମାପ୍ତ,வெளிப்பட்ட பூச்சு
ଆଖି,கண்
ଆଖି ବ୍ରୋ,கண் புருவம்
ସାମ୍ନା କରିବା |,எதிர்கொள்ளும்
ବନ୍ଧନର ସମ୍ମୁଖୀନ |,எதிர்கொள்ளும் பிணைப்பு
ନିରାପତ୍ତା କାରକ,பாதுகாப்பு காரணி
ପତନ,வீழ்ச்சி
ଫେସିଆ |,ஃபேசியா
ଫେସିଆ ବୋର୍ଡ |,முக பலகை
ତ୍ରୁଟି,தவறு
କ୍ଷେତ୍ର ଆର୍ଦ୍ରତା |,வயல் ஈரப்பதம்
ଅନ୍ତିମ ଆର୍ଦ୍ରତା ସମାନ |,இறுதி ஈரப்பதம் சமம்
ଫିଲେଟ୍ (ମୋର୍ଟାର),ஃபில்லட் (மோட்டார்)
ଅନ୍ତିମ,இறுதி
ଅନ୍ତିମ ମାପ |,இறுதி அளவீடு
ଅନ୍ତିମ ଦେୟ,இறுதி கட்டணம்
ଅନ୍ତିମ ପୂର୍ବ ଚାପ |,இறுதி முன் மன அழுத்தம்
ଅନ୍ତିମ ଟେନସନ |,இறுதி பதற்றம்
ଆର୍ଥିକ ସମ୍ଭାବନା |,நிதி சாத்தியம்
ଭଲ ଏଗ୍ରିଗେଟ୍ |,நேர்த்தியான மொத்த
ଖଣ୍ଡ ଖଣ୍ଡ |,பிளவுபட்ட பாறை
ପତାକା ପଥର |,கொடி கல்
ଫ୍ଲେମିସ୍ ବନ୍ଧନ |,பிளெமிஷ் பிணைப்பு
ଫ୍ଲାସ୍,ஒளிரும்
ଚମତ୍କାର ଷ୍ଟ୍ରିମ୍ |,பளிச்சிடும் ஓடை
ଫ୍ଲାଟ ଛାତ |,தட்டையான கூரை
ଫ୍ଲେଚେ,Fleche
ଫ୍ଲେମିସ୍ ବଗିଚା କାନ୍ଥ ବନ୍ଧ |,பிளெமிஷ் தோட்ட சுவர் பிணைப்பு
ଫ୍ଲିଣ୍ଟ |,பிளின்ட்
ଫ୍ଲିଣ୍ଟ କାନ୍ଥ |,பிளின்ட் சுவர்
ଭାସମାନ ଚଟାଣ |,மிதக்கும் தளம்
ଫ୍ଲୋକ୍ୟୁଲେସନ୍ |,ஃப்ளோக்குலேஷன்
ଫ୍ଲୋକ୍ୟୁଲେସନ୍ ସୀମା |,ஃப்ளோகுலேஷன் வரம்பு
ଫ୍ଲୋକ୍ୟୁଲେସନ୍ ଅନୁପାତ |,ஃப்ளோகுலேஷன் விகிதம்
ଫ୍ଲୋକ୍ୟୁଲ୍ସ |,ஃப்ளோக்குல்ஸ்
ଚଟାଣ,தரை
ଚଟାଣ ସିଲ୍ |,மாடி முத்திரை
ପ୍ରବାହ,ஓட்டம்
ଅସ୍ଥିରତା |,ஏற்ற இறக்கம்
ଫୁଟିଂ,காலடி
ଫାଉଣ୍ଡେସନ୍,அறக்கட்டளை
ମାଗଣା ପତନ ବାରୋ ଟପିଙ୍ଗ୍ ମିକ୍ସର୍ |,இலவச வீழ்ச்சி பாரோ டாப்பிங் மிக்சர்
ମାଗଣା ପତନ ମିକ୍ସର୍ (ଡ୍ରମ୍ ପ୍ରକାର),இலவச வீழ்ச்சி கலவை (டிரம் வகை)
ମାଗଣା ପଥର |,இலவச கல்
ଫ୍ରେଶେଟ୍ |,புதியது
ଘର୍ଷଣ ଗଦା |,உராய்வு குவியல்
ବେଙ୍ଗ,தவளை
ଗେବୁଲ୍ |,கேபிள்
ଗାବଲେଟ୍ |,கேப்லெட்
ଗାମ୍ବ୍ରେଲ୍ ଛାତ |,சூதாட்ட கூரை
ଗେଜ୍,அளவீடு
ଗଗିଂ ବିଭାଗ |,அளவிடும் பிரிவு
ଗଗିଂ ଷ୍ଟେସନ୍ |,அளவிடும் நிலையம்
ସାଧାରଣ ଅବସ୍ଥାନ ଯୋଜନା |,பொதுவான இருப்பிடத் திட்டம்
ସାଧାରଣ ଭେଣ୍ଟିଲେସନ୍ |,பொது காற்றோட்டம்
ଜି ରାଶି କିମ୍ବା ଗଲି ରାଶି |,G அடிவானம் அல்லது gley அடிவானம்
ଗ୍ଲାସିଆଲ୍ ପର୍ଯ୍ୟନ୍ତ,வரை பனிப்பாறை
ଗ୍ନିସ୍ |,Gneiss
ଦ୍ରବ୍ୟ ପ୍ରାଙ୍ଗଣ,பொருட்கள் முற்றம்
ଗ୍ରେଡିଏଣ୍ଟ୍ ପ୍ରତିରୋଧ |,சாய்வு எதிர்ப்பு
ଗ୍ରାନାଇଟ୍ |,கிரானைட்
ଗ୍ରାନୁଲାର୍ ଗଠନ |,சிறுமணி அமைப்பு
ଗ୍ରାନୁଲେସନ୍ |,குருணையாக்கம்
ଗ୍ରାନୁଲ୍ |,சிறுமணி
ମାଧ୍ୟାକର୍ଷଣ ଜଳ ମୁକ୍ତ ଜଳ |,ஈர்ப்பு நீர் இல்லாத நீர்
ମାଧ୍ୟାକର୍ଷଣ ପ୍ରାଙ୍ଗଣ |,ஈர்ப்பு முற்றம்
ମହାନ ମାଟି ଗୋଷ୍ଠୀ |,பெரிய மண் குழு
ଗ୍ରିଲେଜ୍ ଫାଉଣ୍ଡେସନ୍ |,கிரில்லேஜ் அடித்தளம்
ଗ୍ରାଉଣ୍ଡ ହ୍ୟାଣ୍ଡ ମୋଲିଡିଂ |,தரையில் கை மோல்டிங்
ଗ୍ରୁପ୍ ଡକ୍ |,குழுவாக்கப்பட்ட கப்பல்துறை
ଗୋଷ୍ଠୀ ଗୃହ,குழு வீடுகள்
ଅତିଥି ଗୃହ,விருந்தினர் அறை
ଗୁଟର୍ |,சாக்கடை
ଗୁଟର ଧାରକ |,சாக்கடை சுமப்பவர்
ଗୁଟର ଯାଞ୍ଚ |,கால்வாய் சோதனை
ହାମର ଡ୍ରେସିଂ |,சுத்தி அலங்காரம்
ହାରବର୍,துறைமுகம்
ଆଶ୍ରୟସ୍ଥଳ,புகலிடத் துறைமுகம்
ହାର୍ଡ ପ୍ୟାନ |,கடினமான பான்
ହେଡର୍,தலைப்பு
ହେଡର୍ ବଣ୍ଡ୍ |,தலைப்பு பத்திரம்
ହେଡର୍ ପାଠ୍ୟକ୍ରମ,தலைப்பு பாடநெறி
ହେଡ୍ ଗେଟ୍ ଗଠନ |,தலை வாயில் அமைப்பு
କେନାଲର ମୁଖ୍ୟ |,கால்வாயின் தலைவர்
ମୁଖ୍ୟ ନିୟନ୍ତ୍ରକ |,தலைமை சீராக்கி
ହେରିଙ୍ଗ ହାଡ ବନ୍ଧନ |,ஹெர்ரிங் எலும்பு பிணைப்பு
ହୃଦୟ,இதயம்
ଓଦା ଗରମ |,ஈரமாக்கும் வெப்பம்
ଉଚ୍ଚ ଆଲୁମିନା ସିମେଣ୍ଟ |,உயர் அலுமினா சிமெண்ட்
ହିପ୍,இடுப்பு
ହିପ୍ କ୍ୟାପିଙ୍ଗ୍ |,ஹிப் கேப்பிங்
ହିପ୍ ଶେଷ,இடுப்பு முனை
ହୁଡ୍ |,ஹூட்
ହୁଡ୍ ମୋଲିଡିଂ |,ஹூட் மோல்டிங்
ହୁକର ନିୟମ |,ஹூக்கின் சட்டம்
ଲୁହା ହୁପ୍ |,வளைய இரும்பு
ରାଶି,அடிவானம்
ଆର୍ଦ୍ରତା,ஈரப்பதமாக்குதல்
"ଆର୍ଦ୍ରତା, ସଂପୂର୍ଣ୍ଣ |","ஈரப்பதம், முழுமையானது"
"ଆର୍ଦ୍ରତା, ଆପେକ୍ଷିକ |","ஈரப்பதம், உறவினர்"
ହମ୍ପ୍ ୟାର୍ଡ |,ஹம்ப் யார்டு
ହାଇଡ୍ରୋଲିକ୍ ଚାପ |,ஹைட்ராலிக் அழுத்தம்
ହାଇଡ୍ରେସନ୍ |,நீரேற்றம்
ହାଇଡ୍ରୋଲାଇସିସ୍ |,நீராற்பகுப்பு
ହାଇଡ୍ରୋଲାଇଟିକ୍ ଅମ୍ଳତା |,ஹைட்ரோலைடிக் அமிலத்தன்மை
ହାଇଡ୍ରୋମୋର୍ଫିକ୍ ମାଟି |,ஹைட்ரோமார்பிக் மண்
ହାଇଡ୍ରୋଫିଲିକ୍ କୋଲଏଡ୍ |,ஹைட்ரோஃபிலிக் கொலாய்டு
ହାଇଡ୍ରୋଫୋବିକ୍ କୋଲଏଡ୍ |,ஹைட்ரோபோபிக் கொலாய்டு
ହାଇଡ୍ରୋଷ୍ଟାଟିକ୍ ଚାପ ଅନୁପାତ |,ஹைட்ரோஸ்டேடிக் அழுத்தம் விகிதம்
ହାଇଗ୍ରୋସ୍କାପ୍ଟିକ୍ କୋଏଫିସିଏଣ୍ଟ୍ |,ஹைக்ரோஸ்காப்டிக் குணகம்
ହାଇଗ୍ରୋସ୍କୋପିକ୍ ଆର୍ଦ୍ରତା |,ஹைக்ரோஸ்கோபிக் ஈரப்பதம்
ହାଇଡ୍ରୋସ୍କୋପିକ୍ଟି |,ஹைட்ரோஸ்கோபிசிட்டி
ହାଇଗ୍ରୋସ୍କୋପିକ୍ ଆର୍ଦ୍ରତା |,ஹைக்ரோஸ்கோபிக் ஈரப்பதம்
ହାଇପରବାରିକ୍ ଚାମ୍ବର |,ஹைபர்பேரிக் அறை
ହାଇପରଷ୍ଟାଟିକ୍ ଫ୍ରେମ୍ |,ஹைப்பர்ஸ்டேடிக் சட்டகம்
ହାଇପୋସୋମିଟର |,ஹைப்சோமீட்டர்
ଆଲୋକ,வெளிச்சம்
ଇମ୍ବିବେସନ୍ ଆର୍ଦ୍ରତା |,உட்புகுதல் ஈரப்பதம்
ଅପରିପକ୍ୱ ମାଟି |,முதிர்ச்சியடையாத மண்
ପ୍ରଭାବିତ ଡକ୍ |,சிறைபிடிக்கப்பட்ட கப்பல்துறை
ଜମି ରାଜସ୍ୱ ବୃଦ୍ଧି,நில வருவாய் அதிகரிப்பு
ସ୍ Independ ାଧୀନ ସ୍କାଫୋଲ୍ଡ |,சுதந்திர சாரக்கட்டு
ପ୍ରେରିତ |,உள்வாங்கப்பட்டது
ପ୍ରାରମ୍ଭିକ ସମ୍ମାନ,ஆரம்ப அழுத்த அழுத்தம்
ପ୍ରାରମ୍ଭିକ ଟେନସନ |,ஆரம்ப பதற்றம்
ଆଭ୍ୟନ୍ତରୀଣ ଜଳପଥ ବନ୍ଦର |,உள்நாட்டு நீர்வழி துறைமுகம்
ଇନସୁଲେଟିଂ ବୋର୍ଡ |,காப்பு பலகை
ମଧ୍ୟବର୍ତ୍ତୀ ବନ୍ଦର |,இடைநிலை துறைமுகம்
ଆଭ୍ୟନ୍ତରୀଣ ଘର୍ଷଣ |,உள் உராய்வு
ଇଣ୍ଟ୍ରାଜୋନାଲ ମାଟି |,உள் மண்டல மண்
ଆଇନ୍,அயன்
ଆଇନ୍ ବିନିମୟ |,அயன் பரிமாற்றம்
ଲୁହା ପ୍ୟାନ |,இரும்பு சட்டி
ଜଳସେଚିତ ଜମି |,பாசன நிலம்
ଜଳସେଚନ,நீர்ப்பாசனம்
ଜଳସେଚନ ବନ୍ଦ,பாசன செஸ்
ଜାମ୍,ஜம்ப்
ଜୋଗଲ୍ |,தள்ளாட்டம்
ଜୋଗଲ୍ ପିନ୍ |,ஜாக்கிள் முள்
ଜୁଲେ |,ஜூல்
ଜମ୍ପର୍ |,குதிப்பவர்
କିଲୋଗ୍ରାମ |,கிலோகிராம்
କିଲୋଗ୍ରାମ ଫୋର୍ସ |,கிலோகிராம் படை
କିଲୋଗ୍ରାମ ଫୋର୍ସ ମିଟର |,கிலோகிராம் விசை மீட்டர்
କିଲୋୱାଟ ଘଣ୍ଟା |,கிலோவாட் மணி
ରାଜା ବନ୍ଦ,கிங் மூடல்
ରୋଷେଇ ଘର |,சமையலறை
ସ୍ତମ୍ଭ,லேஸ்டு நெடுவரிசை
ଲଗିଂ,பின்னடைவு
ଲାମେଲା ମୂଳ |,லமெல்லா வேர்
ଲାମିନାର୍ ପ୍ରବାହ |,லேமினார் ஓட்டம்
ଦୀପ ଗର୍ତ୍ତ |,விளக்கு துளை
ଜମି ଅଧିଗ୍ରହଣ,நிலப் பெருக்கம்
ଭୂମି ସ୍ଲାଇଡିଂ |,நில சறுக்கல்
ଲାଟେରାଇଟ୍ |,லேட்டரைட்
ଲାଟେରାଇଟ୍ ମାଟି |,லேட்டரைட் மண்
ବହୁ ସଂଖ୍ୟକ ନିୟମ |,பெரிய எண்களின் சட்டம்
ଲେଆଉଟ୍ ଯୋଜନା |,தளவமைப்பு திட்டம்
ଲେଜର,பேரேடு
ଚୂନ ପ୍ୟାନ |,சுண்ணாம்பு பான்
ଲିନଟେଲ୍ |,லிண்டல்
ତରଳ ସୀମା |,திரவ வரம்பு
ଲାଇଭ୍ ଲୋଡ୍ |,நேரடி சுமை
ଲୋମ୍ |,களிமண்
ସ୍ଥାନୀୟ ନିଷ୍କାସନ ଭେଣ୍ଟିଲେସନ୍ |,உள்ளூர் வெளியேற்ற காற்றோட்டம்
ଲୋକୋ ଅଗଣା |,லோகோ முற்றம்
ଲୋସ୍ |,லூஸ்
ନିମ୍ନ ପ୍ଲାଷ୍ଟିକ୍ ସୀମା |,குறைந்த பிளாஸ்டிக் வரம்பு
କମ୍ ଉତ୍ତାପ ସିମେଣ୍ଟ |,குறைந்த வெப்ப சிமெண்ட்
ମେସିନ୍ ମୋଲିଡିଂ |,இயந்திர மோல்டிங்
ମାକ୍ରୋଷ୍ଟ୍ରକଚର |,மேக்ரோஸ்ட்ரக்சர்
ମୁଖ୍ୟ ମୁଖ୍ୟ ନିୟନ୍ତ୍ରକ |,முக்கிய தலைமை சீராக்கி
ମୁଖ୍ୟ ବନ୍ଦର,முக்கிய துறைமுகம்
ମେକ୍ଅପ୍ ବାୟୁ |,ஒப்பனை காற்று
ମାନସାର୍ଡ |,மான்சார்ட்
ମାର୍ଶାଘାଇ ଅଗଣା |,மார்ஷலிங் முற்றம்
ମାନସ,கொத்து
ପରିପକ୍ୱ ତାପମାତ୍ରା |,முதிர்ச்சியடைந்த வெப்பநிலை
ମେଜଜାନାଇନ୍ ଚଟାଣ |,இடைமட்ட மாடி
ଯାନ୍ତ୍ରିକ ବିଶ୍ଳେଷଣ |,இயந்திர பகுப்பாய்வு
ଯାନ୍ତ୍ରିକ ଭେଣ୍ଟିଲେସନ୍ |,இயந்திர காற்றோட்டம்
ମେଟ୍ରିକ୍ ସିଷ୍ଟମ୍ |,மெட்ரிக் அமைப்பு
ମାଇକ୍ରୋସ୍ଟ୍ରଷ୍ଟ୍ରକଚର |,நுண் கட்டமைப்பு
ମିଲି ସମାନ |,மில்லிக்கு சமம்
ଲିଟର ପିଛା ମିଲି ସମାନ |,ஒரு லிட்டருக்கு மில்லி சமம்
ମିନେରାଲ୍ |,கனிம
ଖଣିଜ ମାଟି |,கனிம மண்
ଛୋଟ ବନ୍ଦର,சிறிய துறைமுகம்
ମିତ୍ରେଡ୍ ବନ୍ଦ |,மிட்ரெட் மூடல்
ମୋବାଇଲ୍ ମାଟି କୋଲଏଡ୍ |,நடமாடும் மண் கொலாய்டு
ଆର୍ଦ୍ରତା ବିଷୟବସ୍ତୁ |,ஈரப்பதம்
ଆର୍ଦ୍ରତା ଗ୍ରେଡିଏଣ୍ଟ୍ |,ஈரப்பதம் சாய்வு
ମୋନୋଲିଥ୍ |,ஒற்றைக்கல்
ମୋନୋରାଇଲ୍ |,மோனோரயில்
ଜାତୀୟ ବନ୍ଦର ପରିଷଦ |,தேசிய துறைமுக சபை
ପ୍ରାକୃତିକ ଶଯ୍ୟା |,இயற்கை படுக்கை
ପ୍ରାକୃତିକ ସମାପ୍ତି |,இயற்கையான பூச்சு
ପ୍ରାକୃତିକ ବନ୍ଦର,இயற்கை துறைமுகம்
ପ୍ରାକୃତିକ ଭେଣ୍ଟିଲେସନ୍ |,இயற்கை காற்றோட்டம்
ନାଭାଲ୍ ବନ୍ଦର,கடற்படை துறைமுகம்
ନ୍ୟୁଟନ୍ |,நியூட்டன்
ଅଣ ୟୁନିଫର୍ମ ପ୍ରବାହ |,சீரற்ற ஓட்டம்
ଜଳ ହାର ଦଖଲ କରେ |,நீர் வீதத்தை ஆக்கிரமித்துள்ளது
ତେଲ ରଙ୍ଗ |,எண்ணெய் வண்ணப்பூச்சு
ତେଲ କୂଅ ସିମେଣ୍ଟ |,எண்ணெய் கிணறு சிமெண்ட்
ଖୋଲା ଚ୍ୟାନେଲ ପ୍ରବାହ |,திறந்த சேனல் ஓட்டம்
ସର୍ବୋଚ୍ଚ ଆର୍ଦ୍ରତା |,உகந்த ஈரப்பதம்
ଜ Organ ବିକ ମାଟି |,கரிம மண்
ଓରିଏଣ୍ଟେସନ୍,நோக்குநிலை
Orthogonal,ஆர்த்தோகனல்
ଅର୍ଟଷ୍ଟାଇନ୍ |,ஆர்ட்ஸ்டீன்
ବାହ୍ୟ ସଙ୍କେତ,வெளிப்புற சமிக்ஞை
ଅକ୍ସିଡେସନ୍ |,ஆக்சிஜனேற்றம்
ପାନ୍ଟ୍ରି |,சரக்கறை
ପାରାପେଟ୍ |,பாரபெட்
ପାରାପେଟ୍ କାନ୍ଥ |,பாரபெட் சுவர்
ପିତାମାତା ସାମଗ୍ରୀ |,பெற்றோர் பொருள்
ପେବଲ୍ କାଷ୍ଟ ପ୍ଲାଷ୍ଟର |,கூழாங்கல் வார்ப்பு பிளாஸ்டர்
ପେଡାଲଫର୍ |,பெடல்பர்
ପେଡୋକାଲ୍ |,பெடோகல்
ପେଡୋଜେନେସିସ୍ |,பெடோஜெனெசிஸ்
ପେଡୋଲୋଜି |,பெடாலஜி
ପେଡୋସଫିସର୍ |,பெடோஸ்பியர்
ପେନେଟ୍ରୋମିଟର |,பெனெட்ரோமீட்டர்
ପେଣ୍ଟ ଛାତ |,பென்ட் கூரை
ପେପ୍ଟାଇଜିଂ ଏଜେଣ୍ଟ |,பெப்டிசிங் முகவர்
ବିଶ୍ଳେଷଣର ସମୟ |,பகுப்பாய்வு காலம்
Perpend,பெர்பென்ட்
ପର୍ସପର୍ସନ୍ |,பெர்ஸர்ப்ஷன்
ପିଆର୍ |,பையர்
ପାଇଲଷ୍ଟର |,பிலாஸ்டர்
ପିଚ୍,பிட்ச்
ଛାତ ଛାତ,பிட்ச் கூரை
ସାଧା କଂକ୍ରିଟ୍ |,வெற்று கான்கிரீட்
ବିମାନ କୋଣ,விமான கோணம்
ସମତଳ ପ୍ରାଙ୍ଗଣ,சமவெளி முற்றம்
ପ୍ଲାନସୋଲ୍ |,பிளான்சோல்
ପ୍ଲାଷ୍ଟିକ୍ ସ୍ଥିରତା |,பிளாஸ்டிக் நிலைத்தன்மை
ପ୍ଲାଷ୍ଟିକ୍ |,பிளாஸ்டிசிட்டி
ପ୍ଲାଷ୍ଟିକ୍ ଇଣ୍ଡେକ୍ସ |,பிளாஸ்டிசிட்டி இன்டெக்ஸ்
ପ୍ଲାଷ୍ଟିକ୍ ସୀମା |,பிளாஸ்டிசிட்டி வரம்பு
ପ୍ଲାଷ୍ଟିକ୍ ପରିସର |,பிளாஸ்டிசிட்டி வரம்பு
ପ୍ଲାଟି ଗଠନ |,பிளாட்டி அமைப்பு
ପ୍ଲିଣ୍ଟ୍ |,பீடம்
ହଳ ମାଟି,உழவு மண்
ଘିଅ ପଥର |,பிளம் கல்
ପୋଡଜୋଲ୍ |,போட்ஸோல்
ସୂଚାଉଛି |,சுட்டி
ବହୁମୁଖୀ କାନ୍ଥ |,பலகோண சுவர்
ଖୋଲା ସ୍ଥାନ |,துளை இடம்
ବନ୍ଦର,துறைமுகம்
ସକରାତ୍ମକ ଭେଣ୍ଟିଲେସନ୍ |,நேர்மறை காற்றோட்டம்
ପ୍ରିରି ମାଟି |,புல்வெளி மண்
ସଠିକତା,துல்லியம்
ପ୍ରାଥମିକ କଣିକା |,முதன்மை துகள்
ପ୍ରିଜାମେଟିକ୍ ଗଠନ |,பிரிஸ்மாடிக் அமைப்பு
ଉତ୍ପାଦକ କାର୍ଯ୍ୟ |,உற்பத்தி வேலை
ପ୍ରକଳ୍ପ ଯଥାର୍ଥତା |,திட்ட நியாயப்படுத்தல்
ପ୍ରତିରକ୍ଷା କାର୍ଯ୍ୟ |,பாதுகாப்பு வேலை
ସିଉଡୋ-ମାଇସେଲିୟମ୍ |,போலி-மைசீலியம்
ପୁଡଲ୍ |,குட்டை
ପଗ୍ କରିବା |,புக்கிங்
ପୁମିସ୍ |,பியூமிஸ்
ପୁଞ୍ଚେନ୍ |,குத்து
ପପୁଟ୍,பொம்மை
ପୁଟଲଗ୍ |,புட்லாக்
ପୁଟ୍ଲଗ୍ ସ୍କାଫୋଲ୍ଡ |,புட்லாக் சாரக்கட்டு
ପରିମାଣ ସର୍ବେକ୍ଷଣକାରୀ |,அளவு சர்வேயர்
କ୍ୱାରି ସପ୍ |,குவாரி சாறு
କ୍ୱେ,குவே
ରାଣୀ ବନ୍ଦ,ராணி மூடல்
କୁଇନ୍ |,குவோயின்
ରାଫ୍ଟ ଫାଉଣ୍ଡେସନ୍ |,ராஃப்ட் அடித்தளம்
ରାକର୍ |,ரேக்கர்
Raking,ரேக்கிங்
ବନ୍ଧନ,ரேக்கிங் பத்திரம்
ଫ୍ଲାସ୍ କରିବା,ரேக்கிங் ஒளிரும்
ଶୀଘ୍ର ଭିନ୍ନ ଭିନ୍ନ ପ୍ରବାହ |,வேகமாக மாறுபடும் ஓட்டம்
ପୁନରୁଦ୍ଧାରଯୋଗ୍ୟ ଦେୟ |,திரும்பப் பெறக்கூடிய கட்டணம்
ଲାଲ ପୃଥିବୀ |,சிவப்பு பூமி
ଲାଲ୍ ଲୋମ୍ |,சிவப்பு களிமண்
ନିୟାମକ,சீராக்கி
ରେଗୁର କିମ୍ବା କଳା ସୂତା ମାଟି |,ரெகர் அல்லது கருப்பு பருத்தி மண்
ପରିଶୋଧ ଚୁକ୍ତି,திருப்பிச் செலுத்தும் ஒப்பந்தம்
ଅବଶିଷ୍ଟ ସଙ୍କୋଚନ |,எஞ்சிய சுருக்கம்
ଅବଶିଷ୍ଟ ମାଟି |,எஞ்சிய மண்
ପ୍ରକାଶ କରନ୍ତୁ |,வெளிப்படுத்து
ପିନ୍ ପ୍ରକାଶ କରନ୍ତୁ |,பின்னை வெளிப்படுத்து
ଟାଇ ପ୍ରକାଶ କରନ୍ତୁ |,டை வெளிப்படுத்து
ରିଜ୍,ரிட்ஜ்
ରିଜ୍ କ୍ୟାପିଙ୍ଗ୍ |,ரிட்ஜ் கேப்பிங்
ନଦୀ,நதி
ରାସ୍ତା ସ୍ଥିର,சாலை நிலை
କଠିନ ପ୍ଲାଷ୍ଟର |,கரடுமுரடான பிளாஸ்டர்
ଅଳିଆ |,இடிபாடுகள்
ଅଳିଆ ଆବର୍ଜନା |,இடிந்த கொத்து
ଅଳିଆ ଆବର୍ଜନା |,இடிந்த சுவர்
ଚାଲୁଥିବା ପରିମାପ |,இயங்கும் அளவீடு
ନିରାପଦ ବହନ କ୍ଷମତା |,பாதுகாப்பான தாங்கும் திறன்
ଲୁଣ ଗ୍ଲେଜ୍ |,உப்பு படிந்து
ନମୁନା ଆକାର,மாதிரி அளவு
ନମୁନା ବଣ୍ଟନ,மாதிரி விநியோகம்
ନମୁନା ତ୍ରୁଟି |,மாதிரி பிழை
ବାଲି,மணல்
ବାଲି ଶେଷ,மணல் பூச்சு
ବାଲି ହାତ ତିଆରି,மணல் கை மோல்டிங்
ବାଲିଯାତ୍ରା |,மணல் அள்ளுதல்
ପରିପୂର୍ଣ୍ଣ ମାଟି,நிறைவுற்ற மண்
ସନ୍ତୁଳିତ ମାଟି ପେଷ୍ଟ |,நிறைவுற்ற மண் பேஸ்ட்
ସାଚୁଚରେସନ୍ ଏକ୍ସଟ୍ରାକ୍ଟ |,செறிவூட்டல் சாறு
ସାଚୁଚରେସନ୍ ଶତକଡା,செறிவூட்டல் சதவீதம்
ସସ୍ ଗମ୍ବୁଜ |,சாசர் குவிமாடம்
ସ୍କାଫୋଲ୍ଡ |,சாரக்கட்டு
ସ୍କିଷ୍ଟ୍ |,ஷிஸ்ட்
ସମୁଦ୍ର ବନ୍ଦର,கடல் துறைமுகம்
ଗୁପ୍ତ ଗୁଟର୍ |,ரகசிய சாக்கடை
ଦ୍ୱିତୀୟ |,இரண்டாவது
ଅବତରଣ ବିଶ୍ଳେଷଣ |,வண்டல் பகுப்பாய்வு
ସେମି-କୃତ୍ରିମ ବନ୍ଦର |,அரை செயற்கை துறைமுகம்
ସେମି ଜୁଆର ଡକ୍ |,அரை அலை கப்பல்
ସେନିଲ୍ |,முதுமை
ଶେଲ୍,ஷேல்
ସିଟ୍ ଗଦା |,தாள் குவியல்
ସଙ୍କୋଚନ ସୀମା |,சுருக்க வரம்பு
ବନ୍ଦ,ஷட்டரிங்
ସିଆଲିଟିକ୍ ମାଟି |,சியாலிடிக் மண்
ସିରୋଜେମ୍ |,சிரோஜெம்
ସିଲ୍ |,சில்லு
ସିଲ୍ଟ |,வண்டல் மண்
ଏକକ ଫ୍ଲେମିସ୍ ରକ୍ତ |,ஒற்றை சதை இரத்தம்
ଏକକ ଶସ୍ୟ ଗଠନ |,ஒற்றை தானிய அமைப்பு
କଙ୍କାଳ ମାଟି |,எலும்பு மண்
ସ୍କର୍ଟିଂ,பாவாடை
ଶୋଇବା କାନ୍ଥ |,ஸ்லீப்பர் சுவர்
ସାଇଡ୍ ଗୁଟର୍ |,பக்கவாட்டு சாக்கடை
ସ୍ଲାଇଡ୍ ନିୟମ |,ஸ்லைடு விதி
ସ୍ଲିପ୍ ଡକ୍ |,ஸ்லிப் டாக்
ସ୍ମୋନିଜା |,ஸ்மோனிசா
ଭିଜିବା |,ஊறவைத்தல்
ମୃତ୍ତିକା ସଙ୍ଗଠନ |,மண் சங்கம்
ମୃତ୍ତିକା ଶ୍ରେଣୀ,மண் வகுப்பு
ମୃତ୍ତିକା ଜଟିଳ |,மண் வளாகம்
ମୃତ୍ତିକାର ସ୍ଥିରତା |,மண் நிலைத்தன்மை
ମୃତ୍ତିକା ପରିବାର |,மண் குடும்பம்
ମୃତ୍ତିକା ଫ୍ରେମ୍ କାମ |,மண் சட்ட வேலை
ମୃତ୍ତିକାର ଆର୍ଦ୍ରତା |,மண்ணின் ஈரப்பதம்
ମୃତ୍ତିକାର ଆର୍ଦ୍ରତା ବୃଦ୍ଧି |,மண்ணின் ஈரப்பதம் பெருக்கம்
ମୃତ୍ତିକାର ଆର୍ଦ୍ରତା ଅଭାବ |,மண்ணின் ஈரப்பதம் குறைபாடு
ମୃତ୍ତିକା ରୂପବିଜ୍ ology ାନ |,மண் உருவவியல்
ମୃତ୍ତିକା କଣିକା |,மண் துகள்
ମୃତ୍ତିକା ପର୍ଯ୍ୟାୟ |,மண் கட்டம்
ମୃତ୍ତିକା ପ୍ରୋଫାଇଲ୍ |,மண் விவரக்குறிப்பு
ମୃତ୍ତିକା ପ୍ରତିକ୍ରିୟା |,மண் எதிர்வினை
ମୃତ୍ତିକା ଅଲଗା ହୁଏ |,மண் பிரிகிறது
ମୃତ୍ତିକା କ୍ରମ |,மண் தொடர்
ମୃତ୍ତିକା ସମାଧାନ |,மண் தீர்வு
ମୃତ୍ତିକା ଗଠନ,மண் அமைப்பு
ମୃତ୍ତିକା ଗଠନ,மண் அமைப்பு
ମୃତ୍ତିକା ପ୍ରକାର |,மண் வகை
ସୋଲମ୍ |,சோலம்
Sorption,சோர்ப்ஷன்
ସ୍ପଲ୍,ஸ்பால்கள்
ନିର୍ଦ୍ଦିଷ୍ଟ ଆୟନ ପ୍ରଭାବ |,குறிப்பிட்ட அயனி விளைவு
ବର୍ଗାକାର କୋର୍ସଡ୍ ଅଳିଆ ଆବର୍ଜନା |,சதுர வடிவ இடிபாடுகள்
ସ୍କ୍ୱାର୍ଡ ନିୟମିତ କୋର୍ସଡ୍ ଅଳିଆ ଆବର୍ଜନା |,ஸ்கொயர் ரெகுலர் கோர்ஸ்டு இடிந்த கல் கொத்து
ସ୍ଥିର ପ୍ରବାହ |,நிலையான ஓட்டம்
ଷ୍ଟେପ୍ ଫ୍ଲାସ୍,மிளிரும் படி
ସ୍ଥିରତା |,ஒட்டும் தன்மை
ଷ୍ଟିକ୍ ପଏଣ୍ଟ |,ஒட்டும் புள்ளி
ପଥର |,கல்
ସ୍ଲପ୍ ହ୍ୟାଣ୍ଡ ମୋଲିଡିଂ |,ஸ்லோப் கை மோல்டிங்
ଷ୍ଟ୍ରାପ୍ ହିଙ୍ଗ୍ |,பட்டா கீல்
ଷ୍ଟ୍ରୋ ବୋର୍ଡ |,வைக்கோல் பலகை
ଷ୍ଟ୍ରିମ୍,ஸ்ட்ரீம்
ଚାପ,மன அழுத்தம்
ଷ୍ଟ୍ରେଚର୍,நீட்டுபவர்
ଷ୍ଟ୍ରେଚର୍ ବଣ୍ଡ୍ |,ஸ்ட்ரெச்சர் பிணைப்பு
ଷ୍ଟ୍ରେଚର୍ ପାଠ୍ୟକ୍ରମ,ஸ்ட்ரெச்சர் படிப்பு
ବାକ୍ୟ,லேசான கயிறு
ଷ୍ଟ୍ରିଙ୍ଗ୍ ପାଠ୍ୟକ୍ରମ,சரம் பாடநெறி
ଗଠନ କାରକ |,கட்டமைப்பு காரணி
ସଂରଚନା ସୂଚକାଙ୍କ |,கட்டமைப்பு குறியீடு
ଷ୍ଟୁକୋ |,ஸ்டக்கோ
ଅଧ୍ୟୟନ |,வீரியமான
ଷ୍ଟାଇଲୋବେଟ୍ |,ஸ்டைலோபேட்
ଉପ ମାଟି |,துணை மண்
ଉପ ଗଠନ,துணை அமைப்பு
ସମୀକରଣ ବକ୍ର,கூட்டுத்தொகை வளைவு
ସୂର୍ଯ୍ୟ ମିକା |,சன் மைக்கா
ସୁପର ଗଠନ,சூப்பர் கட்டமைப்பு
ସର୍ବେକ୍ଷଣକାରୀ |,நிலமளப்போர்
S- ମୂଲ୍ୟ,எஸ்-மதிப்பு
ଚୋରାମାଲ,அங்கும் இங்கும் அசை
ସ୍ an ାନ୍ ବେକ,ஸ்வான் கழுத்து
ତମ୍ବୁ,கூடாரம்
ଟେବୁଲ୍ ହ୍ୟାଣ୍ଡ ମୋଲିଡିଂ |,மேஜை கை மோல்டிங்
ଟ୍ୟାଙ୍କିଂ |,டேங்கிங்
ଟେମ୍ପିଏଟୋ |,டெம்பீட்டோ
ତାପମାତ୍ରା,வெப்பநிலை மாற்றம்
ଟେମ୍ପଲେଟ୍ |,டெம்ப்ளேட்
ଟେମ୍ପଲେଟ୍ |,டெம்ப்ளேட்
ଟେପିଡାରିୟମ୍ |,டெபிடேரியம்
ଟେରାକୋଟା |,டெரகோட்டா
ଟେରା ରୋସା |,டெர்ரா ரோசா
ଟେରାଜଜୋ |,டெர்ராஸோ
ଟେଟ୍ରା ଶ style ଳୀ,டெட்ரா பாணி
ସୀମା ସୀମା ମୂଲ୍ୟ,வரம்பு வரம்பு மதிப்பு
ଗଳା,தொண்டை
ପଥର ମାଧ୍ୟମରେ |,கல் மூலம்
ଜୁଆର ବେସିନ |,டைடல் பேசின்
ଟାଇ ବାର୍ |,டை பார்
ବିମ୍ ବାନ୍ଧ |,கற்றை கட்டவும்
ବାଡ଼ି ବାନ୍ଧ |,டை ராட்
ତିରସ୍,Tirs
ସହନଶୀଳତା |,சகிப்புத்தன்மை
ଦାନ୍ତ,பல்வலி
ଉପର ମାଟି କିମ୍ବା ଭୂପୃଷ୍ଠ ମାଟି |,மேல் மண் அல்லது மேற்பரப்பு மண்
ସମୁଦାୟ ପୋରୋସିଟି |,மொத்த போரோசிட்டி
ଟ୍ରେସରୀ,டிரேசரி
ଟ୍ରେନ୍ ପ୍ରତିରୋଧ |,ரயில் எதிர்ப்பு
ଟ୍ରାନ୍ସସେପ୍ଟ,இடமாற்றம்
ଗତିଶୀଳ ମାଟି |,இடைநிலை மண்
ଟ୍ରାନ୍ସମ୍ |,டிரான்ஸ்சம்
ପରିବହନ ମାଟି |,போக்குவரத்து மண்
ଉପନଦୀ,துணை நதி
ଟ୍ରାଇଫୋରିୟମ୍ |,டிரிஃபோரியம்
ଟ୍ରାଇଗ୍ଲିଫ୍ |,ட்ரைகிளிஃப்
କଟା ମାଟି |,துண்டிக்கப்பட்ட மண்
ଅଶାନ୍ତ ପ୍ରବାହ |,கொந்தளிப்பான ஓட்டம்
ଟୁରେଟ୍ |,சிறு கோபுரம்
ଟାଇମ୍ପର୍ ନମ୍,டைம்பார் எண்
ଅନ୍ତିମ ବହନ କ୍ଷମତା |,இறுதி தாங்கும் திறன்
ଅନ୍ତିମ ph,அல்டிமேட் பிஎச்
ଅଣସଂରକ୍ଷିତ ରାଣ୍ଡମ ପଥର ନିର୍ମାଣ |,ஒழுங்கற்ற சீரற்ற இடிந்த கொத்து
ଅଣସଂରକ୍ଷିତ ସ୍କ୍ୱାର୍ଡ ଅଳିଆ ଆବର୍ଜନା |,கட்டமைக்கப்படாத சதுர இடிபாடுகள்
ଅଣ୍ଡରକ୍ରଫ୍ଟ |,அண்டர்கிராஃப்ட்
ଅସମ୍ପୂର୍ଣ୍ଣ ପୋରୋସିଟି |,நிரப்பப்படாத போரோசிட்டி
ୟୁନିଫର୍ମ ପ୍ରବାହ |,சீரான ஓட்டம்
ୟୁନିଟ୍ ଫ୍ରେମ୍ ପ୍ରକାର ସ୍କାଫୋଲ୍ଡ |,அலகு சட்ட வகை சாரக்கட்டு
ଅଣ-ଉତ୍ପାଦନ କାର୍ଯ୍ୟ |,பயனற்ற வேலை
ଅସନ୍ତୁଷ୍ଟ ମାଟି |,நிறைவுறா மண்
ଅସ୍ଥିର ପ୍ରବାହ |,நிலையற்ற ஓட்டம்
ଉପର ପ୍ଲାଷ୍ଟିକ୍ ସୀମା |,மேல் பிளாஸ்டிக் வரம்பு
ଉପତ୍ୟକା,பள்ளத்தாக்கு சாக்கடை
ଭାଲ୍ଟ |,வால்ட்
ଭେଟାରିୟମ୍ |,வெட்டாரியம்
ଭେଣ୍ଟିଲେସନ୍ |,காற்றோட்டம்
ଭେଣ୍ଟିଲେଟର,மறுபடியும்
ଭେରାମଦା,வெரம்தா
ଭେଷ୍ଟିବୁଲ୍ |,வேஸ்டிபுல்
ଭିଲ୍ଲା,வில்லா
