Bengali,Gujarati
অ্যাবাকাস,અબેકસ
অস্বাভাবিক সমাপ্তি,અસામાન્ય સમાપ્તિ
গর্ভপাত,ગર્ભપાત
পরম,સંપૂર્ણ
পরম ঠিকানা,સંપૂર્ણ સરનામું
পরম ঠিকানা,સંપૂર્ણ સંબોધન
পরম সংযোজনকারী,સંપૂર્ણ એસેમ્બલર
পরম কোড,સંપૂર્ણ કોડ
পরম আদেশ,સંપૂર્ણ આદેશ
পরম তথ্য,સંપૂર્ણ ડેટા
পরম নির্দেশ,સંપૂર્ણ સૂચના
পরম মোড,સંપૂર્ણ મોડ
পরম পথ,સંપૂર્ણ માર્ગ
পরম প্রোগ্রামিং,સંપૂર્ણ પ્રોગ્રામિંગ
বিমূর্ত ক্লাস,અમૂર્ત વર્ગ
বিমূর্ত তথ্য প্রকার,અમૂર્ત ડેટા પ્રકાર
বিমূর্ত মেশিন,અમૂર્ત મશીન
বিমূর্ত প্রতীক,અમૂર્ત પ્રતીક
বিমূর্ত বাক্য গঠন,અમૂર્ત વાક્યરચના
স্বীকৃতি যাচাইকরণ,સ્વીકૃતિ પરીક્ષણ
অ্যাক্সেস প্রমাণীকরণ,ઍક્સેસ પ્રમાણીકરણ
প্রবেশাধিকার কোড,ઍક્સેસ કોડ
প্রবেশাধিকার নিয়ন্ত্রণ,વપરાશ નિયંત્રણ
অ্যাক্সেস স্ক্যান,એક્સેસ સ્કેન
আনুষঙ্গিক,સહાયક
অ্যাকাউন্ট,એકાઉન્ટ
অ্যাকাউন্ট আইডি,એકાઉન્ટ ID
সঞ্চয়কারী,સંચયક
সঠিকতা,ચોકસાઈ
অ্যাক্সেস,ઍક્સેસ
অ্যাক্সেস নিয়ন্ত্রণ বাইট,એક્સેસ કંટ્રોલ બાઈટ
অ্যাক্সেস সূচক,એક્સેસ ઇન્ડેક્સ
অ্যাক্সেস কী,ઍક્સેસ કી
অ্যাক্সেস ম্যাট্রিক্স,એક્સેસ મેટ્રિક્સ
অ্যাক্সেস মোড,ઍક્સેસ મોડ
প্রবেশাধিকার,એક્સેસ વિશેષાધિકાર
অ্যাক্সেস নিরাপত্তা,ઍક્સેસ સુરક્ષા
অ্যাক্সেস সার্ভার,ઍક્સેસ સર્વર
অ্যাক্সেস সময়,ઍક્સેસ સમય
স্বীকৃতি,સ્વીકૃતિ
ধ্বনিবিদ্যা,ધ્વનિશાસ્ત્ર
সংক্ষিপ্ত রূপ,ટૂંકાક્ષર
কর্ম বার্তা,ક્રિયા સંદેશ
সক্রিয়করণ,સક્રિયકરણ
সক্রিয় সার্ভার পৃষ্ঠা (এএসপি),સક્રિય સર્વર પૃષ્ઠ (ASP)
সক্রিয় সংস্করণ,સક્રિય સંસ્કરણ
অ্যাসাইক্লিক,એસાયક્લિક
অ্যাসাইক্লিক গ্রাফ,એસાયક્લિક ગ્રાફ
অ্যাডা ভাষা,અદા ભાષા
অ্যাডাপ্টার,એડેપ્ટર
যোগ করুন,ઉમેરો
ফাইল যুক্ত কর,ફાઇલ ઉમેરો
অপারেশন যোগ করুন,કામગીરી ઉમેરો
যোগকারী,ઉમેરનાર
ঠিকানা,સરનામું
ঠিকানা বাস,સરનામું બસ
ঠিকানা ফাইল,સરનામું ફાઇલ
ঠিকানা বিন্যাস,સરનામું ફોર્મેટ
ঠিকানা জেনারেটর,સરનામું જનરેટર
ঠিকানা লাইন,એડ્રેસ લાઇન
ঠিকানা ম্যাপিং,સરનામું મેપિંગ
ঠিকানা নির্দেশক,સરનામું નિર્દેશક
ঠিকানা রেজিস্টার,સરનામું રજીસ્ટર
ঠিকানা রেজোলিউশন,સરનામું રિઝોલ્યુશન
ঠিকানা অনুবাদ,સરનામા અનુવાદ
ঠিকানাযুক্ত স্মৃতি,સંબોધિત મેમરી
সম্বোধন,સંબોધન
পর্যাপ্ততার মানদণ্ড,પર્યાપ્તતા માપદંડ
সংলগ্ন,સંલગ્ન
প্রশাসন,વહીવટ
প্রশাসক,સંચાલક
অ্যাডোবি অ্যাক্রোব্যাট,એડોબ એક્રોબેટ
অ্যাডোবি ফটোশপ,એડોબ ફોટોશોપ
অ্যাডভান্স বিজনেস অ্যাপ্লিকেশন প্রোগ্রামিং (ABAP),એડવાન્સ બિઝનેસ એપ્લિકેશન પ્રોગ્રામિંગ (ABAP)
উন্নত তথ্য,અદ્યતન ડેટા
উন্নত তথ্য সিস্টেম,અદ્યતન માહિતી સિસ્ટમ
উন্নত প্রযুক্তি (AT),અદ્યતન ટેકનોલોજી (AT)
প্রতিনিধি,એજન્ટ
সমষ্টি,એકત્રીકરણ
বায়ুবাহিত কম্পিউটার সিস্টেম,એરબોર્ન કમ્પ્યુટર સિસ્ટમ
aldus পেজ মেকার,aldus પૃષ્ઠ નિર્માતા
সতর্কতা বাক্স,ચેતવણી બોક્સ
algol,algol
অ্যালগরিদম,અલ્ગોરિધમ
অ্যালগরিদম বিশ্লেষণ,અલ્ગોરિધમ વિશ્લેષણ
অ্যালগরিদম দক্ষতা,અલ્ગોરિધમ કાર્યક્ષમતા
উপনাম,ઉપનામ
প্রান্তিককরণ,ગોઠવણી
বরাদ্দ,ફાળવણી
বর্ণানুক্রমিক,આલ્ફાબેટીક
আলফানিউমেরিক,આલ્ફાન્યૂમેરિક
আলফানিউমেরিক কী বোর্ড,આલ્ફાન્યૂમેરિક કી બોર્ડ
আলফা-পরীক্ষা,આલ્ફા-પરીક્ષણ
আলফা-সংস্করণ,આલ્ફા-સંસ્કરણ
alt কী,alt કી
আলতাভিস্তা,અલ્ટાવિસ્ટા
অস্পষ্টতা,અસ્પષ્ટતા
অস্পষ্ট ব্যাকরণ,અસ્પષ્ટ વ્યાકરણ
আমেরিকান ন্যাশনাল স্ট্যান্ডার্ড ইনস্টিটিউট (ANSI),અમેરિકન નેશનલ સ્ટાન્ડર્ડ ઇન્સ્ટિટ્યૂટ (ANSI)
আমেরিকান স্ট্যান্ডার্ড কোড ফর ইনফরমেশন ইন্টারচেঞ্জ (ASCII),અમેરિકન સ્ટાન્ડર્ડ કોડ ફોર ઇન્ફોર્મેશન ઇન્ટરચેન્જ (ASCII)
এনালগ,એનાલોગ
এনালগ কম্পিউটার,એનાલોગ કમ્પ્યુટર
এনালগ ডিভাইস,એનાલોગ ઉપકરણ
এনালগ মডেম,એનાલોગ મોડેમ
এনালগ থেকে ডিজিটাল কনভার্টার (ADC),એનાલોગ થી ડિજિટલ કન્વર્ટર (ADC)
এবং,અને
এবং সার্কিট,અને સર્કિટ
এবং গেট,અને દરવાજો
এবং অপারেশন নয় (বর্জন),અને ઓપરેશન નહીં (બાકાત)
অ্যানিমেশন,એનિમેશન
টীকা,ટીકા
ব্যতিক্রম,વિસંગતતા
পূর্ববর্তী,પૂર્વવર્તી
প্রত্যাশিত পেজিং,આગોતરી પેજીંગ
বিরোধী প্রতিসম,વિરોધી સપ્રમાણ
অ্যান্টিভাইরাস প্রোগ্রাম,એન્ટિવાયરસ પ્રોગ્રામ
অ্যাপলেট,એપ્લેટ
অ্যাপ্লিকেশন ডেভেলপার,એપ્લિકેશન ડેવલપર
অ্যাপ্লিকেশন প্রোগ্রামিং,એપ્લિકેશન પ્રોગ્રામિંગ
অ্যাপ্লিকেশন প্রোগ্রামিং ইন্টারফেস (API),એપ્લિકેશન પ્રોગ્રામિંગ ઈન્ટરફેસ (API)
অ্যাপ্লিকেশন সফ্টওয়্যার,એપ્લિકેશન સોફ્ટવેર
প্রয়োগমূলক ভাষা,લાગુ પડતી ભાષા
আনুমানিক তত্ত্ব,અંદાજ સિદ્ધાંત
স্থাপত্য,સ્થાપત્ય
এলাকা স্থানান্তর,વિસ્તાર ટ્રાન્સફર
যুক্তি,દલીલ
গাণিতিক এবং যুক্তিবিদ্যা ইউনিট,અંકિત અને તર્ક એકમ
গাণিতিক চেক,અંકિત તપાસ
গাণিতিক ধ্রুবক,અંકિત સ્થિરાંક
গাণিতিক তথ্য,અંકિત માહિતી
গাণিতিক নির্দেশনা,અંકગણિત સૂચના
পাটিগণিত এবং যুক্তি ইউনিট (ALU),અંકગણિત અને તર્ક એકમ (ALU)
আরপানেট,અર્પાનેટ
অ্যারে,એરે
অ্যারে ক্যাশে,એરે કેશ
অ্যারে কম্পিউটার,એરે કમ્પ્યુટર
অ্যারে উপাদান,એરે તત્વ
অ্যারের নাম,એરે નામ
অ্যারে প্রসেসর,એરે પ્રોસેસર
তীর চিহ্ন,તીર કીઓ
উচ্চারণ,ઉચ્ચારણ
উচ্চারণ বিন্দু,ઉચ્ચારણ બિંદુ
কৃত্রিম কম্প্যাকশন,કૃત્રિમ કોમ્પેક્શન
কৃত্রিম নিয়ন্ত্রণ,કૃત્રિમ નિયંત્રણ
কৃত্রিম বুদ্ধিমত্তা,કૃત્રિમ બુદ્ધિ
আরোহী,ચડતા
আরোহী সাজানোর,ચડતા સૉર્ટ
ASCII বেটিকাল অর্ডার,ASCII બેટીકલ ઓર્ડર
ASCII নিয়ন্ত্রণ চরিত্র,ASCII નિયંત્રણ પાત્ર
ASCII ফাইল,ASCII ફાઇલ
ASCII ফন্ট,ASCII ફોન્ટ
ASCII স্থানান্তর,ASCII ટ્રાન્સફર
আনুমানিক অনুপাত,પાસા ગુણોત્તર
এএসপিআই,ASPI
ASR টাইমার,ASR ટાઈમર
একত্রিত করা,ભેગા
সংযোজনকারী,એસેમ્બલર
সমাবেশ,એસેમ્બલી
এসেম্বলি,એસેમ્બલી ભાષા
দাবী,નિવેદન
নিয়োগ,સોંપણી
সংঘ,સંગઠન
সহযোগী ঠিকানা,સહયોગી સરનામું
সহযোগী স্মৃতি,સહયોગી મેમરી
asteric,એસ્ટરીક
অপ্রতিসম,અસમપ્રમાણ
অ্যাসিঙ্ক্রোনাস,અસુમેળ
অ্যাসিঙ্ক্রোনাস ডিজিটাল সাবস্ক্রাইবার লাইন (ADSL),અસુમેળ ડિજિટલ સબસ્ક્રાઇબર લાઇન (ADSL)
অ্যাসিঙ্ক্রোনাস টাইম ডিভিশন মাল্টিপ্লেক্সিং (ATDM),અસુમેળ સમય વિભાગ મલ્ટિપ્લેક્સીંગ (ATDM)
অ্যাসিঙ্ক্রোনাস স্থানান্তর,અસુમેળ ટ્રાન્સફર
অ্যাসিঙ্ক্রোনাস ট্রান্সফার মোড (এটিএম),અસુમેળ ટ્રાન્સફર મોડ (ATM)
পরমাণু,અણુ
সংযুক্ত নথি,જોડાયેલ દસ્તાવેજ
সংযুক্ত ফাইল,જોડેલી ફાઈલ
সংযুক্তি,જોડાણ
বৈশিষ্ট্য,લક્ષણ
শ্রুতি,ઓડિયો
অডিট প্রোগ্রামিং,ઓડિટ પ્રોગ્રામિંગ
নিরীক্ষা পথ,વિષ્લેષણ
বৃদ্ধি,વૃદ્ધિ
প্রমাণীকরণ প্রোটোকল,પ્રમાણીકરણ પ્રોટોકોલ
অথরিং সিস্টেম,ઓથરિંગ સિસ્ટમ
অনুমোদন,અધિકૃતતા
স্বয়ংক্রিয় বিমূর্ত,સ્વતઃ અમૂર્ત
অটোবুটিং,ઓટોબૂટિંગ
অটোক্যাড,ઓટોકેડ
অটোলগ চালু,ઓટોલોગ ચાલુ
স্বয়ংক্রিয়,ઓટોમેટા
স্বয়ংক্রিয় তত্ত্ব,ઓટોમેટા સિદ્ધાંત
স্বয়ংক্রিয় কম্পিউটিং,આપોઆપ કમ્પ્યુટિંગ
স্বয়ংক্রিয় তথ্য প্রক্রিয়াকরণ,સ્વચાલિત ડેટા પ્રોસેસિંગ
স্বয়ংক্রিয় ত্রুটি সংশোধন,આપોઆપ ભૂલ સુધારણા
স্বয়ংক্রিয় ফাংশন,સ્વચાલિત કાર્ય
স্বয়ংক্রিয় সূচীকরণ,આપોઆપ અનુક્રમણિકા
স্বয়ংক্রিয় লাইব্রেরি কল,સ્વચાલિત પુસ્તકાલય કૉલ
স্বয়ংক্রিয় প্রোগ্রামিং,આપોઆપ પ્રોગ્રામિંગ
স্বয়ংক্রিয় পুনরুদ্ধার প্রোগ্রাম,સ્વચાલિત પુનઃપ્રાપ્તિ કાર્યક્રમ
স্বয়ংক্রিয় রুটিন,આપોઆપ નિયમિત
স্বয়ংক্রিয় সিস্টেম পুনরুদ্ধার,આપોઆપ સિસ્ટમ પુનઃપ્રાપ્તિ
স্বয়ংক্রিয় টেলার মেশিন (এটিএম),ઓટોમેટિક ટેલર મશીન (ATM)
অটোমেশন,ઓટોમેશન
স্বয়ংক্রিয় চালু,ઑટોપ્લે
অটোসেভ,સ્વતઃ સાચવો
সহায়ক,સહાયક
অক্জিলিয়ারী মেমরি,સહાયક મેમરી
অক্জিলিয়ারী স্টোরেজ,સહાયક સંગ્રહ
প্রাপ্তিসাধ্য তালিকা,ઉપલબ્ધ યાદી
উপলব্ধ সময়,ઉપલબ્ધ સમય
গড়,સરેરાશ
awk (ভাষা),awk (ભાષા)
ব্যাকএন্ড,બેકએન્ડ
ব্যাকএন্ড প্রসেসর,બેકએન્ડ પ્રોસેસર
ব্যাকফেস অপসারণ,બેકફેસ દૂર કરવું
পটভূমি প্রক্রিয়াকরণ,પૃષ્ઠભૂમિ પ્રક્રિયા
ব্যাকিং স্টোর,બેકિંગ સ્ટોર
ব্যাকপ্যাচিং,બેકપેચિંગ
ব্যাকস্পেস,બેકસ્પેસ
ব্যাকট্র্যাকিং,બેકટ્રેકિંગ
ব্যাক আপ,બેકઅપ
ব্যাক আপ মেমরি,બેકઅપ મેમરી
পিছনের ত্রুটি পুনরুদ্ধার,પછાત ભૂલ પુનઃપ્રાપ્તિ
ব্যালেন্স শীট,સરવૈયા
ব্যান্ড,બેન્ડ
ব্যান্ড প্রস্থ,બેન્ડ પહોળાઈ
ব্যাংকারের অ্যালগরিদম,બેંકરનું અલ્ગોરિધમ
বার কোড,બાર કોડ
বারকোড স্ক্যানার,બાર કોડ સ્કેનર
বার গ্রাফ,બાર ગ્રાફ
ভিত্তি ঠিকানা,આધાર સરનામું
বেস ব্যান্ড,આધાર બેન્ડ
ভিত্তি নম্বর,આધાર નંબર
ভিত্তি টেবিল,આધાર ટેબલ
বেসিক,પાયાની
মৌলিক নিয়ন্ত্রণ,મૂળભૂત નિયંત્રણ
মৌলিক ইনপুট,મૂળભૂત ઇનપુટ
মৌলিক নির্দেশ,મૂળભૂત સૂચના
মৌলিক আউটপুট,મૂળભૂત આઉટપુટ
মৌলিক পদক্ষেপ,મૂળભૂત પગલું
ব্যাচ,બેચ
ব্যাচ ফাইল,બેચ ફાઇલ
ব্যাচ অবস্থান,બેચ સ્થિતિ
ধির গতির কাজ,બેચ પ્રક્રિયા
ব্যাচ সিস্টেম,બેચ સિસ્ટમ
বউড,બાઉડ
বড হার,બાઉડ દર
মরীচি,બીમ
মাপকাঠি,બેન્ચમાર્ક
দ্বিমুখী যোগাযোগ,દ્વિદિશ સંચાર
দ্বিমুখী লিঙ্ক,દ્વિદિશ લિંક
বাইনারি কোড,દ્વિસંગી કોડ
বাইনারি সংখ্যা,દ્વિસંગી અંક
বাইনারি ইনপুট আউটপুট সিস্টেম (BIOS),બાઈનરી ઇનપુટ આઉટપુટ સિસ્ટમ (BIOS)
বাইনারি সংখ্যা,દ્વિસંગી સંખ્યા
বাইনারি অপারেটর,બાઈનરી ઓપરેટર
বাইনারি সম্পর্ক,દ્વિસંગી સંબંધ
বাইনারি অনুসন্ধান,દ્વિસંગી શોધ
বাইনারি সার্চ ট্রি (BST),દ્વિસંગી શોધ વૃક્ષ (BST)
বাইনারি স্থানান্তর,બાઈનરી ટ્રાન્સફર
বাইনারি গাছ,દ્વિસંગી વૃક્ષ
বাইপোলার মেমরি,બાયપોલર મેમરી
জন্ম মৃত্যু মডেল,જન્મ મૃત્યુ મોડેલ
জন্ম মৃত্যু প্রক্রিয়া,જન્મ મૃત્યુ પ્રક્રિયા
বিট,બીટ
বিট দোষ,થોડી ખામી
বিট মানচিত্র,બીટ નકશો
বিট ম্যাপ পিক্সেল (BMP),બીટ મેપ પિક્સેલ (BMP)
বিট ম্যাট্রিক্স,બીટ મેટ્રિક્સ
বিট প্যাটার্ন,બીટ પેટર્ન
বিট অবস্থান,બીટ સ્થિતિ
বিট হার,બીટ દર
কালো বক্স পরীক্ষা,બ્લેક બોક્સ પરીક્ષણ
মিটমিট করে,ઝબકવું
ব্লক,બ્લોક
ব্লক ক্যাশে,બ્લોક કેશ
ব্লক চেক,બ્લોક ચેક
ব্লক কপি,બ્લોક નકલ
ব্লক ডায়াগ্রাম,રેખાક્રુતિ
ব্লকিং নেটওয়ার্ক,બ્લોકીંગ નેટવર્ક
বোর্ড,પાટીયું
বই চিহ্ন,પુસ્તક ચિહ્ન
বুলিয়ান বীজগণিত,બુલિયન બીજગણિત
বুলিয়ান সম্পর্ক,બુલિયન સંબંધ
বুট পার্টিশন,બુટ પાર્ટીશન
বুট strapping,બુટ strapping
বুট-স্ট্র্যাপ লোডার,બુટ-સ્ટ્રેપ લોડર
সেতু,પુલ
ব্রডব্যান্ড নেটওয়ার্কিং,બ્રોડબેન્ડ નેટવર્કિંગ
সম্প্রচার,પ્રસારણ
রেডিও সম্প্রচার,પ્રસારણ રેડિયો
ব্রাউজ,બ્રાઉઝ કરો
ব্রাউজার,બ્રાઉઝર
বি-বৃক্ষ,બી-ટ્રી
বুদ্বুদ মেমরি,બબલ મેમરી
বুদ্বুদ সাজানোর,બબલ સૉર્ટ
বালতি,ડોલ
বন্ধু সিস্টেম,મિત્ર સિસ્ટમ
বাজেট কার্যকর নিয়ন্ত্রণ,બજેટ અસરકારક નિયંત્રણ
বাফার,બફર
বাগ,ભૂલ
বাস,બસ
বাইট,બાઈટ
বাইট কোড,બાઈટ કોડ
গ,c
সি++,C++
ক্যাশে,કેશ
ক্যাশে বাফার,કેશ બફર
ক্যাশ মেমরি,કેશ મેમરી
গণনা,ગણતરી
ক্যালকুলেটর,કેલ્ક્યુલેટર
ক্যালকুলেটর চিপ,કેલ્ક્યુલેટર ચિપ
কল,કૉલ
নামে ডাক,નામથી બોલાવો
রেফারেন্স দ্বারা কল করুন,સંદર્ભ દ્વારા કૉલ કરો
মূল্য দ্বারা কল,મૂલ્ય દ્વારા કૉલ કરો
ভেরিয়েবল দ্বারা কল,ચલ દ્વારા કૉલ કરો
কল গেট,કૉલ ગેટ
বাতিল,રદ કરો
বাতিল বোতাম,રદ કરો બટન
ক্যানোনিকাল,પ્રમાણભૂત
ক্যানোনিকাল ফর্ম,પ્રમાણભૂત સ્વરૂપ
ক্ষমতা,ક્ષમતા
ক্ষমতা তালিকা,ક્ષમતા યાદી
ক্ষমতা,ક્ષમતા
ক্যাপ লক কী,કેપ્સ લોક કી
কার্ড,કાર્ડ
কার্ড পাঠক,કાર્ડ રીડર
কার্ডিনালিটি,મુખ્યત્વ
বাহক,વાહક
ক্যারিয়ার ব্যান্ড,વાહક બેન્ડ
ক্যারিয়ার লোড,વાહક લોડ
ক্যারিয়ার সংকেত,વાહક સંકેત
ক্যারিয়ার তরঙ্গ,વાહક તરંગ
বহন,વહન
অঙ্ক বহন,વહન અંક
পতাকা বহন,ધ્વજ વહન કરો
কার্তুজ ডিস্ক,કારતૂસ ડિસ્ક
ক্যাসকেড,કાસ્કેડ
মামলা,કેસ
ক্যাথড রে টিউব (সিআরটি),કેથોડ રે ટ્યુબ (CRT)
ক্যাথোড রে টিউব (CRT),કેથોડ રે ટ્યુબ (CRT)
সিডি রম ডিস্ক ড্রাইভ,CD ROM ડિસ્ક ડ્રાઇવ
কোষ,કોષ
সেল অ্যানিমেশন,સેલ એનિમેશન
মোবাইল ফোন,સેલ્યુલર ફોન
কেন্দ্রীয় স্মৃতি,કેન્દ્રીય મેમરી
কেন্দ্রীয় প্রক্রিয়াকরণ ইউনিট (CPU),સેન્ટ્રલ પ્રોસેસિંગ યુનિટ (CPU)
কেন্দ্রীভূত ব্যবস্থা,કેન્દ્રિય સિસ્ટમ
প্রত্যয়িত টেপ,પ્રમાણિત ટેપ
চেইন,સાંકળ
চেইন ডেটা,સાંકળ ડેટા
চেইন লিঙ্ক,સાંકળ કડી
চেইনিং,સાંકળ
চ্যানেল,ચેનલ
চ্যানেল ব্যস্ত টোন,ચેનલ વ્યસ્ત સ્વર
চ্যানেল ক্ষমতা,ચેનલ ક્ષમતા
চ্যানেল কন্ট্রোলার,ચેનલ નિયંત્રક
চ্যানেল ত্রুটি,ચેનલ ભૂલ
চ্যানেল প্রোগ্রাম,ચેનલ કાર્યક્રમ
চ্যানেল নির্ভরযোগ্যতা,ચેનલ વિશ્વસનીયતા
চ্যানেল সেট,ચેનલ સેટ
চরিত্র,પાત્ર
অক্ষর কোড,અક્ષર કોડ
অক্ষর কী,અક્ષર કી
চরিত্র পাঠক,પાત્ર વાચક
অক্ষরের আকার,અક્ષરનું કદ
চার্ট,ચાર્ટ
চ্যাসিস,ચેસિસ
চেক বিট,બીટ તપાસો
অংকের চেক,અંક તપાસો
চেক যোগফল,રકમ તપાસો
চেক শব্দ,શબ્દ તપાસો
চিপ,ચિપ
চিপ সেট,ચિપ સેટ
পছন্দ করা,પસંદ કરો
বর্ণগতভাবে,રંગીન રીતે
গোপনীয় কোড,સાઇફર
সার্কিট,સર્કિટ
বৃত্তাকার তালিকা,પરિપત્ર યાદી
সাইরাস,સિરસ
উদ্ধৃতি,અવતરણ
ক্লাস,વર્ગ
ক্লাস পরিবর্তনশীল,વર્ગ ચલ
শ্রেণীবিভাগ,વર્ગીકરણ
স্পষ্ট,ચોખ્ખુ
পরিষ্কার এলাকা,સ્પષ્ટ વિસ્તાર
পরিষ্কার চ্যানেল,સ્પષ્ટ ચેનલ
ক্লিক,ક્લિક કરો
ক্লায়েন্ট,ગ્રાહક
ক্লায়েন্ট সার্ভার,ક્લાયંટ સર્વર
ক্লায়েন্ট স্টাব,ક્લાઈન્ટ સ્ટબ
ক্লিপ আর্ট,ક્લિપ આર્ટ
ক্লিপ আর্ট লাইব্রেরি,ક્લિપ આર્ટ લાઇબ્રેરી
ক্লিপ বোর্ড,ક્લિપ બોર્ડ
ক্লিপার,ક્લિપર
ক্লিপার চিপ,ક્લિપર ચિપ
চক্র,સમૂહ
ঘড়ি,ઘડિયાળ
ঘড়ি চক্র,ઘડિયાળ ચક્ર
ঘড়ি ফ্রিকোয়েন্সি,ઘડિયાળની આવર્તન
ঘড়ির হার্ডওয়্যার,ઘડિયાળ હાર્ડવેર
ঘড়ির নাড়ি,ઘડિયાળની પલ્સ
ঘরির গতি,ઘડિયાળની ઝડપ
ঘড়ি সিঙ্ক্রোনাইজেশন,ઘડિયાળ સુમેળ
ঘড়ির টিক টিক,ઘડિયાળની ટીક
ক্লোন,ક્લોન
বন্ধ,બંધ
ক্লোজ সার্কিট টিভি (সিসিটিভি),ક્લોઝ સર્કિટ ટીવી (CCTV)
বন্ধ,બંધ
ক্লাউড কম্পিউটিং,ક્લાઉડ કમ્પ્યુટિંગ
ক্লাস্টার,ક્લસ્ટર
প্রলিপ্ত কার্ড,કોટેડ કાર્ડ
লেপা কাগজ,કોટેડ કાગળ
সমাক্ষীয়,કોક્સિયલ
সমাক্ষ তারের,કો - એક્ષેલ કેબલ
কোডাসাইল,કોડાસિલ
কোড,કોડ
উৎপাদকের কোড,કોડ જનરેટર
কোড পৃষ্ঠা,કોડ પેજ
কোড শব্দ,કોડ શબ્દ
কোডার,કોડર
কোডিং চেক,કોડિંગ તપાસ
কোডিং ফর্ম,કોડિંગ ફોર્મ
কোডিং শীট,કોડિંગ શીટ
গুণাঙ্ক,ગુણાંક
সমন্বয়,સુસંગતતા
শীতল বুটজুতা,ઠંડા બૂટ
ঠান্ডা শুরু,ઠંડી શરૂઆત
সহযোগিতা,સહયોગ
পতন,પતન
জমাট বাঁধা,કોલેટ
কোলেট টেপ,કોલેટ ટેપ
সংঘর্ষ,અથડામણ
কোলন,કોલોન
রঙ রঙ),રંગ (રંગ)
রঙ স্যাচুরেশন,રંગ સંતૃપ્તિ
রঙের টেবিল,રંગ ટેબલ
কলাম,કૉલમ
সংমিশ্রণ,સંયોજન
কম্বো বাক্স,કૉમ્બો બૉક્સ
আদেশ,આદેશ
আদেশ বোতাম,આદેશ બટન
কমান্ড তালিকা,આદેશ યાદી
মন্তব্য,ટિપ્પણી
অঙ্গীকার,પ્રતિબદ્ધતા
পণ্য,કોમોડિટી
কমন বিজনেস ওরিয়েন্টেড ল্যাঙ্গুয়েজ (কোবোল),કોમન બિઝનેસ ઓરિએન્ટેડ લેંગ્વેજ (કોબોલ)
সাধারণ ত্রুটি,સામાન્ય ભૂલ
সাধারণ ভাষা,સામાન્ય ભાષા
সাধারণ রুটিন,સામાન્ય દિનચર્યા
যোগাযোগ,સંચાર
যোগাযোগ লাইন,સંચાર લાઇન
যোগাযোগ মোড,સંચાર મોડ
যোগাযোগ নেটওয়ার্ক,સંચાર નેટવર્ક
যোগাযোগ পরামিতি,સંચાર પરિમાણ
যোগাযোগ ব্যবস্থা,સંચાર વ્યવસ્થા
কম্প্যাকশন,કોમ્પેક્શન
সঙ্গী,કમ્પેન્ડર
companding,સંયોજન
কোম্পানি নেটওয়ার্ক,કંપની નેટવર્ક
তুলনা পরীক্ষা,સરખામણી કસોટી
সামঞ্জস্য,સુસંગતતા
উপযুক্ত,સુસંગત
সংকলন,સંકલન
কম্পাইল এবং যান,કમ્પાઇલ કરો અને જાઓ
কম্পাইলার,કમ્પાઇલર
কম্পাইলার ভাষা,કમ્પાઇલર ભાષા
পরিপূরক,પૂરક
পরিপূরক-অন-দশ,દસ પર પૂરક
পরিপূরক,પૂરક
সম্পূর্ণ বহন,સંપૂર્ણ વહન
জটিল,જટિલ
জটিল সংখ্যা,જટિલ સંખ્યા
উপাদান,ઘટક
কম্পোনেন্ট অবজেক্ট মডেল (COM),કમ્પોનન્ટ ઑબ્જેક્ટ મોડલ (COM)
যৌগিক,સંયુક્ત
গঠন,રચના
গণনামূলক,કોમ્પ્યુટેશનલ
কম্পিউটার,કમ્પ્યુટર
কম্পিউটার কেন্দ্র,કમ્પ્યુટર કેન્દ્ર
কম্পিউটার বিশেষজ্ঞ,કમ્પ્યુટર નિષ્ણાત
কম্পিউটার গ্রাফিক্স,કમ્પ્યુટર ગ્રાફિક્સ
কম্পিউটার নির্দেশনা,કમ્પ્યુટર સૂચના
কম্পিউটার ভাষা,કમ્પ્યુટર ભાષા
কম্পিউটার নেটওয়ার্ক,કમ્પ્યુટર નેટવર્ક
কম্পিউটার বিজ্ঞান,કમ્પ્યુટર વિજ્ઞાન
কম্পিউটার নিরাপত্তা,કમ્પ્યુટર સુરક્ષા
কম্পিউটার সিমুলেটন,કમ્પ્યુટર સિમ્યુલેટન
কম্পিউটার বিশেষজ্ঞ,કમ્પ્યુટર નિષ્ણાત
কম্পিউটারাইজেশন,કોમ્પ્યુટરાઇઝેશન
কম্পিউটারবিদ,કમ્પ્યુટરિસ્ટ
কম্পিউটারাইজ করা,કમ્પ્યુટરાઇઝેશન
কম্পিউটিং,કમ્પ્યુટિંગ
ধারণা,ખ્યાલ
সঙ্গতি,સંમતિ
সমবর্তী,સમવર્તી
শর্ত পরিবর্তনশীল,સ્થિતિ ચલ
শর্তসাপেক্ষ অপারেটর,શરતી ઓપરેટર
শর্তসাপেক্ষ বিবৃতি,શરતી નિવેદન
কন্ডাক্টর,વાહક
কনফারেন্সিং,કોન્ફરન્સિંગ
গোপনীয়তা,ગોપનીયતા
কনফিগারেশন,રૂપરેખાંકન
যানজট,ભીડ
সংযোগ,જોડાણમાં
সংযোগ গতি,કનેક્ટ ગતિ
সংযোগ,જોડાણ
সংযোগ কম যোগাযোগ,કનેક્શન ઓછું સંચાર
সংযোগ মুক্তি,જોડાણ પ્રકાશન
সংযোগ,કનેક્ટિવિટી
সংযোগকারী,કનેક્ટર
একটানা,સળંગ
ফলে,પરિણામે
কনসোল,કન્સોલ
একত্রীকরণের,એકીકરણ
ধ্রুবক,સતત
ধ্রুবক নির্দেশ,સતત સૂચના
বাধা,અવરોધ
নির্মাণকারী,કન્સ્ટ્રક્ટર
ধারক,કન્ટેનર
বিষয়বস্তু,સામગ્રી
প্রসঙ্গ,સંદર્ભ
প্রসঙ্গ মুক্ত ব্যাকরণ (CFG),સંદર્ભ મુક્ત વ્યાકરણ (CFG)
প্রসঙ্গ সুইচ,સંદર્ભ સ્વીચ
আকস্মিকতা,આકસ્મિક
সংকোচন,સંકોચન
বিপরীত,વિપરીત
নিয়ন্ত্রণ,નિયંત્રણ
নিয়ন্ত্রণ এলাকা,નિયંત્રણ વિસ્તાર
নিয়ন্ত্রণ বিট,નિયંત્રણ બીટ
নিয়ন্ত্রণ বাস,નિયંત્રણ બસ
নিয়ন্ত্রণ কার্ড,નિયંત્રણ કાર્ડ
নিয়ন্ত্রণ বর্তনী,નિયંત્રણ સર્કિટ
নিয়ন্ত্রণ চক্র,નિયંત્રણ ચક્ર
নিয়ন্ত্রণ প্রকৌশল,નિયંત્રણ એન્જિનિયરિંગ
নিয়ন্ত্রণ কী,નિયંત્રણ કી
নিয়ন্ত্রণ যুক্তি,નિયંત્રણ તર્ક
নিয়ন্ত্রণ লুপ,નિયંત્રણ લૂપ
নিয়ন্ত্রণ চিহ্ন,નિયંત્રણ ચિહ્ન
নিয়ন্ত্রণ অপারেশন,નિયંત્રણ કામગીરી
নিয়ন্ত্রণ প্যানেল,કંટ્રોલ પેનલ
নিয়ন্ত্রণ সংকেত,નિયંત્રણ સંકેત
কন্ট্রোল সুইচ,નિયંત્રણ સ્વીચ
নিয়ন্ত্রণ টেপ,નિયંત્રણ ટેપ
নিয়ন্ত্রণ টার্মিনাল,નિયંત્રણ ટર્મિનલ
কন্ট্রোল ইউনিট (CU),કંટ્રોલ યુનિટ (CU)
অভিন্নতা,કન્વર્જન્સ
কথোপকথন,વાતચીત
কথোপকথন সময় ভাগ করা,વાતચીત સમયની વહેંચણી
রূপান্তর,રૂપાંતર
রূপান্তরকারী,કન્વર્ટર
কুকের উপপাদ্য,કૂકનું પ્રમેય
সহ-প্রসেসর,સહ-પ્રોસેસર
অনুলিপি,નકલ
কপিরাইট,કૉપિરાઇટ
কর্ড,દોરી
কর্ডলেস টেলিফোন,કોર્ડલેસ ટેલિફોન
ফলাফল,પરિણામ
সংশোধন,કરેક્શન
দূষিত,દૂષિત
গণনা,ગણતરી
পাল্টা,કાઉન્ટર
কান্ট্রি কোড,દેશનો કોડ
সহবাস,સહપ્રવૃત્તિ
কভারেজ,કવરેજ
ক্র্যাশ,ક્રેશ
জটিল পথ,મુશ્કેલ રસ્તો
সমালোচনামূলক পথ পদ্ধতি (CPM),જટિલ માર્ગ પદ્ધતિ (CPM)
ক্রস চেক,ક્રોસ ચેક
ক্রস কম্পাইলার,ક્રોસ કમ્પાઇલર
ক্রস ফায়ার,ક્રોસ ફાયર
ক্রস আলাপ,ક્રોસ ટોક
ক্রিপ্টোগ্রাফিক,ક્રિપ્ટોગ્રાફિક
ক্রিপ্টোগ্রাফি,સંકેતલિપી
মুদ্রার প্রতীক,ચલણ પ્રતીક
বর্তমান ডিরেক্টরি,વર્તમાન ડિરેક્ટરી
বর্তমান উইন্ডো,વર્તમાન વિન્ડો
কার্সার,કર્સર
বক্ররেখা,વળાંક
কাটা এবং পেস্ট,કાપો અને પેસ્ટ કરો
কাটা পদ্ধতি,કાપવાની પદ્ધતિ
সাইবার,સાયબર
সাইবার ক্যাফে,સાયબર કાફે
সাইবার নগদ,સાયબર રોકડ
সাইবার অপরাধ,સાયબર અપરાધ
সাইবার ডেলিক্স,સાયબર ડેલીક્સ
সাইবার আইন,સાયબર કાયદો
সাইবার সেক্স,સાયબર સેક્સ
সাইবারনাটিক্স,સાયબરનેટિક્સ
সাইবারনেশন,સાયબરનેશન
সাইকেল,ચક્ર
চক্র মেমরি,ચક્ર મેમરી
সাইকেল চুরি,સાયકલ ચોરી
চক্রাকারে,ચક્ર સમય
চক্রাকার,ચક્રીય
ডেমন,ડિમન
ডেইজি চাকা,ડેઝી વ્હીલ
ডেটা অ্যাডমিনিস্ট্রেটর,ડેટા એડમિનિસ્ટ્રેટર
তথ্য বরাদ্দ,ડેટા ફાળવણી
তথ্য এলাকা,ડેટા વિસ્તાર
ডেটা অ্যারে,ડેટા એરે
তথ্যশালা,ડેટા બેઝ
তথ্য বিরতি,ડેટા બ્રેક
তথ্য বাস,ડેટા બસ
তথ্য ক্যারিয়ার,ડેટા વાહક
ডেটা সেল,ડેટા સેલ
ডেটা চ্যানেল,ડેટા ચેનલ
তথ্য যোগাযোগ,ડેટા કમ્યુનિકેશન
তথ্য সংকোচন,ડેટા કમ્પ્રેશન
উপাত্ত ক্ষেত্র,માહિતી ક્ષેત્ર
আমার স্নাতকের,ડેટા ફાઇલ
তথ্য প্রবাহ,માહિતી પ્રવાહ
তথ্য প্রবাহ চার্ট,ડેટા ફ્લો ચાર્ટ
ডেটা অনুক্রম,ડેટા વંશવેલો
তথ্য স্তর,ડેટા સ્તર
ডেটা লাইব্রেরি,ડેટા લાઇબ્રેરી
ডেটা লিঙ্ক স্তর,ડેટા લિંક સ્તર
ডেটা লিঙ্ক স্তর (DLL),ડેટા લિંક લેયર (DLL)
ডাটা ব্যাবস্থাপনা,માહિતી વ્યવસ્થાપન
ডেটা ম্যানিপুলেশন,ડેટા મેનીપ્યુલેશન
ডেটা ম্যানিপুলেশন ল্যাঙ্গুয়েজ (DML),ડેટા મેનીપ્યુલેશન લેંગ્વેજ (DML)
ডেটা মডেম,ડેટા મોડેમ
তথ্য পরিবর্তন,ડેટા ફેરફાર
তথ্য জালিকা,ડેટા નેટવર્ક
ডেটা অপারেশন,માહિતી કામગીરી
তথ্য সংস্থা,ડેટા સંસ્થા
ডেটা আউটপুট,ડેટા આઉટપુટ
তথ্য পথ,ડેટા પાથ
তথ্য প্রস্তুতি,ડેટાની તૈયારી
ডেটা গোপনীয়তা,ડેટા ગોપનીયતા
ডাটা প্রসেসর,ડેટા પ્રોસેસર
তথ্য সুরক্ষা,ડેટા જાણવણી
তথ্য রেকর্ড,ડેટા રેકોર્ડ
তথ্য পুনরুদ্ধার,માહિતી પુનઃપ્રાપ્તિ
ডেটা রুটিন,ડેટા રૂટિન
তথ্য নিরাপত্তা,ડેટા સુરક્ષા
ডেটা সেট,ડેટા સેટ
তথ্য সংকেত,ડેટા સિગ્નલ
ডেটা সিঙ্ক,ડેટા સિંક
তথ্য সূত্র,માહિતીનું પ્રાપ્તિસ્થાન
ডেটা স্পেসিফিকেশন,ડેટા સ્પષ્ટીકરણ
ডেটা স্টেশন,ડેટા સ્ટેશન
তথ্য ভান্ডার,માહિતી સંગ્રાહક
ডেটা স্টোরেজ কাঠামো,માહિતી સંગ્રહ માળખું
তথ্য কাঠামো,ડેટા માળખું
ডেটা সুইচ,ડેટા સ્વીચ
ডেটা টেবিল,ડેટા ટેબલ
ডেটা টার্মিনাল,ડેટા ટર્મિનલ
ডেটা ট্রান্সক্রিপশন,ડેટા ટ્રાન્સક્રિપ્શન
তথ্য স্থানান্তর,ડેટા ટ્રાન્સફર
ডেটা ট্রান্সমিশন,ડેટા ટ્રાન્સમિશન
ডেটা ট্রান্সমিশন চ্যানেল,ડેટા ટ્રાન્સમિશન ચેનલ
ডেটা টাইপ,ડેટા પ્રકાર
ডেটা ইউনিট,ડેટા યુનિટ
তথ্য বৈধতা,માહિતી માન્યતા
তথ্যশালা,ડેટાબેઝ
ডাটাবেস প্রশাসন,ડેટાબેઝ વહીવટ
ডাটাবেস ডিজাইন,ડેટાબેઝ ડિઝાઇન
ডাটাবেস ম্যানেজমেন্ট সিস্টেম,ડેટાબેઝ મેનેજમેન્ટ સિસ્ટમ
ডেটাগ্রাভ,ડેટાગ્રાવ
তথ্য,ડેટમ
মৃত এলাকা,મૃત્યુ ક્ષેત્ર
অচলাবস্থা,મડાગાંઠ
অচলাবস্থা প্রতিরোধ,ડેડલોક નિવારણ
ডিবাগ,ડિબગ
সিদ্ধান্ত বক্স,નિર્ણય બોક્સ
সিদ্ধান্ত গ্রহণের প্রক্রিয়া,નિર્ણય લેવાની પ્રક્રિયા
সিদ্ধান্ত সমর্থন সিস্টেম,નિર્ણય સપોર્ટ સિસ્ટમ
সিদ্ধান্ত গাছ,નિર્ણય વૃક્ષ
ডিকোডার,ડીકોડર
পচন নীতি,વિઘટન સિદ્ધાંત
ডিক্রিপশন,ડિક્રિપ્શન
ডেডিকেটেড চ্যানেল,સમર્પિત ચેનલ
ডেডিকেটেড পোর্ট,સમર્પિત બંદર
প্রতিরক্ষা ডেটা নেটওয়ার্ক (DDN),સંરક્ષણ ડેટા નેટવર્ક (DDN)
প্রতিরক্ষা তথ্য সিস্টেম,સંરક્ષણ માહિતી સિસ્ટમ
ডিফ্র্যাগমেন্টেশন,ડિફ્રેગમેન્ટેશન
বিলম্ব,વિલંબ
বিলম্ব পাল্টা,વિલંબ કાઉન્ટર
বিলম্ব সময়,વિલંબ સમય
মুছে ফেলা,કાઢી નાખો
মুছে ফেলার রেকর্ড,કાઢી નાખવાનો રેકોર્ડ
ডিলিমিটার,સીમાંકક
ডেল্টা মড্যুলেশন,ડેલ્ટા મોડ્યુલેશન
চাহিদা পেজিং,માંગ પેજીંગ
ডেমো,ડેમો
demodulation,ડિમોડ્યુલેશન
demultiplexer,demultiplexer
অস্বাভাবিককরণ,વિકૃતિકરણ
ঘনত্ব,ઘનતા
নির্ভরতা,નિર્ભરતા
নির্ভরশীল ইউনিট,આશ્રિત એકમ
ডিকিউ,ડેક્યુ
ডিরেফারেন্সিং,સંદર્ભ
উদ্ভূত গাছ,વ્યુત્પન્ન વૃક્ષ
প্রাপ্ত ক্ষেত্র,વ્યુત્પન્ન ક્ષેત્ર
অবরোহী সাজানোর,ઉતરતા ક્રમ
নকশা,ડિઝાઇન
ডেস্ক ক্যালকুলেটর,ડેસ્ક કેલ્ક્યુલેટર
ডেস্কটপ কম্পিউটার,ડેસ્ક ટોપ કમ્પ્યુટર
ডেস্কটপ উপস্থাপনা,ડેસ્કટોપ પ્રસ્તુતિ
ডেস্কটপ প্রকাশনা (DTP),ડેસ્કટોપ પબ્લિશિંગ (DTP)
ডেস্কটপ ভিডিও,ડેસ્કટોપ વિડિઓ
গন্তব্য ঠিকানা,ગંતવ્ય સરનામું
ধ্বংসকারী,વિનાશક
নির্ধারক স্বয়ংক্রিয়,નિર્ણાયક ઓટોમેટો
বিকাশকারী,વિકાસકર્તા
উন্নয়ন ব্যবস্থা,વિકાસ પ્રણાલી
যন্ত্র,ઉપકરણ
ডিভাইস নিয়ন্ত্রণ ইউনিট,ઉપકરણ નિયંત્રણ એકમ
ডিভাইস নিয়ামক,ઉપકરણ નિયંત્રક
যন্ত্র ব্যবস্থাপনা,ઉપકરણ સંચાલન
ডিভাইস মোড,ઉપકરણ મોડ
রোগ নির্ণয়,નિદાન
ডায়াগনস্টিক সিস্টেম,ડાયગ્નોસ્ટિક સિસ્ટમ
কারণ নির্ণয়,ડાયગ્નોસ્ટિક્સ
চিত্র,રેખાકૃતિ
ডায়াল,ડાયલ
ডায়াল লাইন,ડાયલ લાઇન
ডায়াল টোন,ડાયલ ટોન
ডায়াল আপ,ડાયલ કરો
ডায়ালগ,સંવાદ
সংলাপ বাক্স,સંવાદ બોક્સ
ডায়ালআপ মডেম,ડાયલઅપ મોડેમ
মাত্রা,પરિમાણ
অভিধান,શબ્દકોશ
পৃথকীকরণ,તફાવત
ডিজিটাল,ડિજિટલ
ডিজিটাল চ্যানেল,ડિજિટલ ચેનલ
ডিজিটাল সার্কিট,ડિજિટલ સર્કિટ
ডিজিটাল কম্পিউটার,ડિજિટલ કમ્પ્યુટર
ডিজিটাল তথ্য,ડિજિટલ ડેટા
ডিজিটাল সুবিধা,ડિજિટલ સુવિધા
ডিজিটাল ফিল্টার,ડિજિટલ ફિલ્ટર
ডিজিটাল লাইব্রেরি,ડિજિટલ પુસ્તકાલય
ডিজিটাল মড্যুলেশন,ડિજિટલ મોડ્યુલેશન
ডিজিটাল মনিটর,ડિજિટલ મોનિટર
ডিজিটাল ছবি,ડિજિટલ ચિત્ર
ডিজিটাল স্বাক্ষর,ડિજિટલ હસ્તાક્ષર
ডিজিটাল সুইচ,ડિજિટલ સ્વીચ
ডিজিটাল থেকে এনালগ (D/A) রূপান্তরকারী,ડિજિટલ થી એનાલોગ (D/A) કન્વર્ટર
ডিজিটাইজেশন,ડિજિટાઇઝેશન
ডিজিটাইজ করা,ડિજિટાઇઝ કરો
ডিজিটাইজার,ડિજિટાઇઝર
ডায়োড,ડાયોડ
সরাসরি,પ્રત્યક્ષ
সরাসরি ঠিকানা,સીધું સરનામું
সরাসরি রূপান্তর,સીધું રૂપાંતર
সরাসরি সংযোগ,સીધું જોડાણ
সরাসরি মেমরি অ্যাক্সেস (DMA),ડાયરેક્ટ મેમરી એક્સેસ (DMA)
সরাসরি মেমরি অ্যাক্সেস (DMA),ડાયરેક્ટ મેમરી એક્સેસ (DMA)
সরাসরি পদ্ধতি,સીધી પદ્ધતિ
নির্দেশ,નિર્દેશ
ডিরেক্টরি,ડિરેક્ટરી
ডিরেক্টরি সার্ভার,ડિરેક્ટરી સર્વર
ডিরেক্টরি সেবা,ડિરેક્ટરી સેવા
নিষ্ক্রিয়,નિષ્ક્રિય
অক্ষম সংকেত,નિષ્ક્રિય સંકેત
সংযোগ বিচ্ছিন্ন,ડિસ્કનેક્ટ
বিযুক্ত,અલગ
ডিস্ক,ડિસ્ક
ডিস্ক ঠিকানা,ડિસ્ક સરનામું
ডিস্ক অ্যারে,ડિસ્ક એરે
ডিস্ক ক্ষমতা,ડિસ્ક ક્ષમતા
তথ্য ধারণ করে যে চাকতি,ડિસ્ક ડ્રાઇવ
ডিস্ক ফাইল,ડિસ્ક ફાઇલ
ডিস্ক মেমরি,ડિસ્ક મેમરી
ডিস্ক অপারেটিং সিস্টেম (DOS),ડિસ્ક ઓપરેટિંગ સિસ્ટમ (DOS)
ডিস্ক প্যাক,ડિસ્ક પેક
ডিস্ক সার্ভার,ડિસ્ક સર્વર
ডিস্ক স্টোরেজ,ડિસ્ક સંગ્રહ
ডিস্কেট,ડિસ્કેટ
প্রদর্শন ফাইল,ડિસ્પ્લે ફાઇલ
প্রদর্শন চিত্র,પ્રદર્શિત છબી
নিষ্পত্তি,નિકાલ
দূরত্ব,અંતર
দূরত্ব ফাংশন,અંતર કાર્ય
বিকৃতি,વિકૃતિ
বিতরণ করা,વિતરિત
বিতরণ করা তথ্য,વિતરિત ડેટા
বিতরণ করা সার্ভার,વિતરિત સર્વર
বিতরণ ব্যবস্থা,વિતરણ સિસ્ટમ
বিতরণকারী,વિતરણકારી
নথি,દસ્તાવેજ
নথি উদ্ধার করা হয়েছে,દસ્તાવેજ પુનઃપ્રાપ્ત
নথি উইন্ডো,દસ્તાવેજ વિન્ડો
ডকুমেন্টেশন,દસ્તાવેજીકરણ
ডোমেইন,ડોમેન
ডোমেন নাম,ડોમેન નામ
ডট ম্যাট্রিক্স প্রিন্টার,ડોટ મેટ્રિક્સ પ્રિન્ટર
নিচে,નીચે
ডাউন লিঙ্ক,ડાઉન લિંક
ডাউন লোড হচ্ছে,ડાઉન લોડિંગ
ডাউন সময়,ડાઉન સમય
টেনে আনা,ખેંચીને
DRAM (গতিশীল RAM),DRAM (ડાયનેમિક રેમ)
প্রবাহ,ડ્રિફ્ટ
ড্রাইভার,ડ્રાઈવર
ড্রপ,ડ્રોપ
ড্রপ ডাউন তালিকা বাক্স,ડ્રોપ ડાઉન સૂચિ બોક્સ
ড্রাম ড্রাইভ,ડ્રમ ડ્રાઇવ
ড্রাম প্রিন্টার,ડ્રમ પ્રિન્ટર
ড্রাম ইউনিট,ડ્રમ યુનિટ
দ্বৈত,દ્વિ
দ্বৈত ঘনত্ব,બેવડી ઘનતા
ডামি ঠিকানা,બનાવટી સરનામું
ডাম্প,ડમ્પ
ডুপ্লেক্স সার্কিট,ડુપ્લેક્સ સર્કિટ
ডুপ্লেক্সিং,દ્વિગુણિત
নকল,ડુપ્લિકેટ
ডিভিডি R/W,ડીવીડી આર/ડબલ્યુ
ডিভিডি রম,ડીવીડી રોમ
গতিশীল নির্দেশ,ગતિશીલ સૂચના
গতিশীল মেমরি,ગતિશીલ મેમરી
গতিবিদ্যা,ગતિશીલતા
ইবিসিডিআইসি,EBCDIC
ই-ব্যবসা,ઈ-વ્યવસાય
প্রতিধ্বনি,પડઘો
ই-কমার্স,ઈ-કોમર્સ
সম্পাদনা,ફેરફાર કરો
সম্পাদক,સંપાદક
শিক্ষাবিষয়ক প্রযুক্তি,શૈક્ષણિક ટેકનોલોજી
ইইপি রম,EEP રોમ
কার্যকর ঠিকানা (ভাসমান ঠিকানা),અસરકારક સરનામું (ફ્લોટિંગ સરનામું)
কার্যকর অপারেন্ড ঠিকানা,અસરકારક ઓપરેન્ડ સરનામું
কার্যকর পদ্ধতি,અસરકારક પ્રક્રિયા
কার্যকর ইউআইডি (ব্যবহারকারী সনাক্তকরণ),અસરકારક UID (વપરાશકર્તા ઓળખ)
কার্যকরী ট্রান্সমিশন অপারেন্ড,અસરકારક ટ્રાન્સમિશન ઓપરેન્ડ
আট-বিট বাইট,આઠ-બીટ બાઈટ
ই-লার্নিং,ઈ-લર્નિંગ
নির্বাচন-সংলগ্নতা,ચૂંટણી-અલગર્થમ
বৈদ্যুতিক মেইলিং (ই-মেইল),ઇલેક્ટ્રિક મેઇલિંગ (ઇ-મેલ)
বৈদ্যুতিক প্রিন্টার,ઇલેક્ટ્રિક પ્રિન્ટર
বৈদ্যুতিক অ্যাকাউন্টিং মেশিন,ઇલેક્ટ્રિકલ એકાઉન્ટિંગ મશીન
বৈদ্যুতিক,ઇલેક્ટ્રોનિક
ইলেকট্রনিক ক্লিয়ারেন্স সিস্টেম (ECS),ઇલેક્ટ્રોનિક ક્લિયરન્સ સિસ્ટમ (ECS)
ইলেকট্রনিক ডেটা ইন্টারচেঞ্জ (EDI),ઇલેક્ટ્રોનિક ડેટા ઇન્ટરચેન્જ (EDI)
ইলেকট্রনিক তথ্য প্রক্রিয়াকরণ,ઇલેક્ટ્રોનિક ડેટા પ્રોસેસિંગ
ইলেকট্রনিক ফাইলিং,ઇલેક્ટ્રોનિક ફાઇલિંગ
ইলেকট্রনিক ফান্ড ট্রান্সফার সিস্টেম (EFTS),ઇલેક્ટ્રોનિક ફંડ ટ્રાન્સફર સિસ્ટમ (EFTS)
ইলেকট্রনিক জার্নাল,ઇલેક્ટ્રોનિક જર્નલ્સ
ইলেকট্রনিক প্রকাশনা,ઇલેક્ટ્રોનિક પ્રકાશન
ইলেকট্রনিক সুইচ,ઇલેક્ટ્રોનિક સ્વીચ
উপাদান,તત્વ
ই-মেইল,ઈ-મેલ
ই-মেইল ঠিকানা,ઈ - મેઈલ સરનામું
এমবেডেড সিস্টেম,એમ્બેડેડ સિસ્ટમ
এমবেডিং,એમ્બેડિંગ
ইমিটার কাপল লজিক (ইসিএল),એમિટર કપલ લોજિક (ECL)
খালি স্ট্যাক,ખાલી સ્ટેક
খালি স্ট্রিং,ખાલી શબ્દમાળા
অনুকরণ,અનુકરણ
encapsulation,એન્કેપ્સ્યુલેશન
এনসিফার,સંકેતલિપી
এনকোড,એન્કોડ
এনকোডার,એન્કોડર
এনক্রিপ্ট করা তথ্য,એન્ક્રિપ્ટેડ ડેટા
এনক্রিপ্টিং ফাইল সিস্টেম,એન્ક્રિપ્ટીંગ ફાઇલ સિસ્ટમ
জোড়া লাগানো,એન્ક્રિપ્શન
ব্লকের শেষ,બ્લોકનો અંત
ফাইলের শেষ (EOF),ફાઇલનો અંત (EOF)
শেষ ব্যবহারকারী,અંતિમ વપરાશકર્તા
প্রবেশ করা,દાખલ કરો
এন্টার কী,એન્ટર-કી
এন্টারপ্রাইজ সার্ভার,એન્ટરપ્રાઇઝ સર્વર
এন্টারপ্রাইজ সিস্টেম,એન્ટરપ્રાઇઝ સિસ્ટમ
সত্তা,એન્ટિટી
সত্তা-সম্পর্ক,અસ્તિત્વ-સંબંધ
প্রবেশের সময়,પ્રવેશ સમય
এন্ট্রি ভেরিয়েবল,પ્રવેશ ચલ
গণনাযোগ্য,ગણી શકાય તેવું
পরিবেশ,પર્યાવરણ
যুগ,યુગ
EPROM,EPROM
epsilon বন্ধ,એપ્સીલોન બંધ
সমানকারী,બરાબરી
সরঞ্জাম,સાધનસામગ્રી
সমতা শ্রেণী,સમાનતા વર્ગ
সমতা সম্পর্ক,સમાનતા સંબંધ
মুছে ফেলা,ભુસવું
ত্রুটি সংশোধন কোড,કોડ સુધારવામાં ભૂલ
ত্রুটি সংশোধন,ભૂલ સુધારણા
ত্রুটি সনাক্তকরণ,ભૂલ શોધ
শিল্প খাত,ભૂલ હેન્ડલિંગ
ভুল বার্তা,ક્ષતી સંદેશ
ত্রুটি হার,ભૂલ દર
ত্রুটি পুনরুদ্ধার,ભૂલ પુનઃપ્રાપ્તિ
ত্রুটির রুটিন,ભૂલ નિયમિત
পালাবার চরিত্র,એસ્કેપ પાત્ર
ইথারনেট,ઈથરનેટ
ঘটনা,ઘટના
ইভেন্ট চেইন,ઘટના સાંકળ
ঘটনা নিয়ন্ত্রণ,ઘટના નિયંત્રણ
ইভেন্ট কাউন্টার,ઇવેન્ટ કાઉન્ટર
ব্যতিক্রম হ্যান্ডলিং,અપવાદ હેન્ડલિંગ
বিনিময়যোগ্য ডিস্ক স্টোরেজ,વિનિમયક્ષમ ડિસ્ક સંગ્રહ
বর্জন,બાકાત
একচেটিয়া বা (XOR),વિશિષ્ટ અથવા (XOR)
এক্সিকিউটেবল প্রোগ্রাম,એક્ઝિક્યુટેબલ પ્રોગ્રામ
নির্বাহী বিবৃতি,એક્ઝિક્યુટિવ નિવેદન
সম্পূর্ণ অনুসন্ধান,સંપૂર્ણ શોધ
বিদ্যমান,અસ્તિત્વમાં છે
প্রস্থান,બહાર નીકળો
দক্ষ পদ্ধতি,નિષ્ણાત સિસ્ટમ
অভিব্যক্তি,અભિવ્યક્તિ
বর্ধিত গ্রাফিক অ্যারে (XGA),વિસ્તૃત ગ્રાફિક એરે (XGA)
বর্ধিত শিল্প মান (EIS),વિસ્તૃત ઉદ્યોગ ધોરણ (EIS)
বর্ধিত মেশিন,વિસ્તૃત મશીન
বর্ধিত মেমরি,વિસ્તૃત મેમરી
বর্ধিত নির্ভুলতা,વિસ્તૃત ચોકસાઇ
বর্ধিত বাছাই,વિસ્તૃત વર્ગીકરણ
বাহ্যিক কল,બાહ્ય કૉલ
বাহ্যিক ত্রুটি,બાહ્ય ભૂલ
বাহ্যিক ফাংশন,બાહ્ય કાર્ય
বাহ্যিক বাধা,બાહ્ય વિક્ષેપ
বাহ্যিক স্মৃতি,બાહ્ય મેમરી
বাহ্যিক স্মৃতি,બાહ્ય મેમરી
বাহ্যিক মডেম,બાહ્ય મોડેમ
বাহ্যিক রেফারেন্স,બાહ્ય સંદર્ભ
বাহ্যিক অনুসন্ধান,બાહ્ય શોધ
বাহ্যিক স্টোরেজ ডিভাইস,બાહ્ય સંગ્રહ ઉપકરણ
নিষ্কাশন,નિષ્કર્ષણ
এক্সট্রাপোলেশন,એક્સ્ટ્રાપોલેશન
মুখ-চরিত্রের প্রিন্টার,ફેસ કેરેક્ટર પ્રિન્ટર
ব্যর্থ-নিরাপদ অপারেশন,નિષ્ફળ-સલામત કામગીરી
ব্যর্থতার হার,નિષ્ફળતા દર
ব্যর্থতা পুনরুদ্ধার,નિષ્ફળતા પુનઃપ્રાપ્તિ
মিথ্যা কোড,ખોટો કોડ
মিথ্যা ত্রুটি,ખોટી ભૂલ
ফ্যান-ইন,ફેન-ઇન
ফ্যান-আউট,ફેન-આઉટ
ফ্যাসিমাইল I/O ডিভাইস,ફેસિમિલ I/O ઉપકરણ
ফাস্ট ফোরিয়ার ট্রান্সফর্ম (FFT),ફાસ્ટ ફોરિયર ટ્રાન્સફોર્મ (FFT)
মারাত্মক ত্রুটি,જીવલેણ ભૂલ
ত্রুটি সনাক্তকরণ,ખામી શોધ
ত্রুটি নির্ণয়,ખામી નિદાન
দোষ সহনশীলতা,સહનશીલતા દોષ
ফ্যাক্স,ફેક્સ
ফ্যাক্স বার্তা,ફેક્સ સંદેશ
এফডিসি,FDC
বৈশিষ্ট্য সনাক্তকরণ,લક્ષણ શોધ
ফিড চক্র,ફીડ ચક્ર
প্রতিক্রিয়া,પ્રતિસાદ
ফিডার,ફીડર
আনা,મેળવો
ফিবোনাচি অনুসন্ধান,ફિબોનાકી શોધ
ফিবোনাচি ক্রম,ફિબોનાકી ક્રમ
ফিবোনাচি সিরিজ,ફિબોનાકી શ્રેણી
ফাইবার অপটিক,ફાઇબર ઓપ્ટિક્સ
ফিডো নেট,ફિડો નેટ
ক্ষেত্র,ક્ષેત્ર
পঞ্চম প্রজন্মের কম্পিউটার,પાંચમી પેઢીના કમ્પ્યુટર્સ
ফাইল,ફાઇલ
ফাইল অ্যাক্সেস পদ্ধতি,ફાઇલ એક્સેસ પદ્ધતિ
ফাইল বরাদ্দ টেবিল,ફાઈલ ફાળવણી ટેબલ
ফাইল কম্প্রেশন,ફાઇલ કમ્પ્રેશન
ফাইল কপি করা,ફાઇલ નકલ
ফাইল বিন্যাস,ફાઇલ લેઆઉટ
ফাইল মার্জ,ફાઇલ મર્જ
ফাইল পুনরুদ্ধার,ફાઇલ પુનઃપ્રાપ્તિ
ফাইল স্টোরেজ,ફાઇલ સંગ્રહ
ফাইল গঠন,ફાઇલ માળખું
নথি ব্যবস্থা,ફાઇલ સિસ્ટમ
ফাইল স্থানান্তর,ફાઇલ ટ્રાન્સફર
ফাইল ট্রান্সফার প্রোটোকল (FTP),ફાઇલ ટ્રાન્સફર પ્રોટોકોલ (FTP)
ছাঁকনি,ફિલ્ટર
চূড়ান্ত অবস্থা,અંતિમ સ્થિતિ
অনুসন্ধান,શોધો
সসীম রাষ্ট্র মেশিন,મર્યાદિત રાજ્ય મશીન
আগুন প্রাচীর,આગ દિવાલ
ফার্মওয়্যার,ફર્મવેર
আগে আসলে আগে পাবেন,વહેલા તે પહેલાં
প্রথম প্রজন্মের কম্পিউটার,પ્રથમ પેઢીના કમ્પ્યુટર
ফার্স্ট ইন ফার্স্ট আউট (ফিফো),ફર્સ્ટ ઇન ફર્સ્ટ આઉટ (FIFO)
প্রথম আদেশ যুক্তি,પ્રથમ ઓર્ડર તર્ક
প্রথম আদেশ তত্ত্ব,પ્રથમ ઓર્ડર સિદ્ધાંત
স্থির পার্টিশন,નિશ્ચિત પાર્ટીશન
পতাকা,ધ્વજ
নমনীয় ডিস্ক,લવચીક ડિસ્ક
ফ্লপি ডিস্ক,ફ્લોપી ડિસ્ક
ফ্লপি ডিস্ক ড্রাইভ (এফডিডি),ફ્લોપી ડિસ્ક ડ્રાઇવ (Fdd)
ফ্লো চার্ট,ફ્લો ચાર્ટ
নিয়ন্ত্রণ প্রবাহ,નિયંત્રણનો પ્રવાહ
ফ্লাশ,ફ્લશ
ফোল্ডার,ફોલ્ડર
ফন্ট,ફોન્ટ
ফন্ট পরিবার,ફોન્ટ કુટુંબ
বিদেশী চাবি,બહાર ની ચાવી
ফর্ম,ફોર્મ
অানুষ্ঠানিক ভাষা,ઔપચારિક ભાષા
আনুষ্ঠানিক ব্যবস্থা,ઔપચારિક સિસ્ટમ
বিন্যাস,ફોર્મેટ
বিন্যাস,ફોર્મેટિંગ
ফরট্রান,ફોરટ્રાન
ফরট্রান প্রোগ্রামিং,ફોરટ્રાન પ્રોગ્રામિંગ
ফরোয়ার্ড স্ল্যাশ,ફોરવર્ડ સ્લેશ
চতুর্থ প্রজন্মের কম্পিউটার,ચોથી પેઢીના કમ્પ્યુટર
টুকরা,ટુકડો
ফ্রেম,ફ્રેમ
বিনামূল্যে নেট,મફત નેટ
ফ্রি সফটওয়্যার ফাউন্ডেশন,મફત સોફ્ટવેર ફાઉન્ડેશન
বিনামূল্যে সঞ্চয়স্থান,મફત સંગ્રહ
বিনামূল্যের,ફ્રીવેર
সামনের অংশ,આગળનો છેડો
সম্মুখ প্যানেল,ફ્રન્ટ પેનલ
ফাংশন,કાર્ય
ফাংশন কী,કાર્ય કી
ফাংশন রেফারেন্স,કાર્ય સંદર્ભ
কার্যকরী নির্ভরতা,કાર્યાત્મક નિર્ભરતા
কার্যকরী পরীক্ষা,કાર્યાત્મક પરીક્ષણ
ঝাপসা যুক্তিবিজ্ঞান,અસ્પષ્ટ તર્ક
ঝাপসা সেট,અસ્પષ્ટ સમૂહ
লাভ করা,લાભ
খেলা গাছ,રમત વૃક્ષ
ফাঁক চরিত্র,ગેપ પાત્ર
আবর্জনা,કચરો
আবর্জনা সংগ্রহ,કચરો સંગ્રહ
আবর্জনা সংগ্রহ,કચરો સંગ્રહ
আবর্জনার মধ্যে আবর্জনা আউট (GIGO),ગાર્બેજ ઇન ગાર્બેજ આઉટ (GIGO)
গেট,દરવાજો
প্রবেশপথ,પ્રવેશદ્વાર
সাধারণ প্রোগ্রাম,સામાન્ય કાર્યક્રમ
সাধারণ প্রোগ্রাম,સામાન્ય કાર્યક્રમ
সাধারণ উদ্দেশ্য কম্পিউটার,સામાન્ય હેતુ કમ્પ્યુટર
সাধারণ উদ্দেশ্য কম্পিউটার,સામાન્ય હેતુ કમ્પ્યુટર
সাধারণ রেজিস্টার,સામાન્ય રજીસ્ટર
সাধারণীকরণ,સામાન્યીકરણ
সাধারণীকরণ,સામાન્યીકરણ
সাধারণ-উদ্দেশ্য ভাষা,સામાન્ય હેતુની ભાષા
সাধারণ উদ্দেশ্য অপারেটিং সিস্টেম,સામાન્ય હેતુ ઓપરેટિંગ સિસ્ટમ
সাধারণ-উদ্দেশ্য নিবন্ধক,સામાન્ય હેતુ રજીસ્ટર
উৎপন্ন ত্রুটি,જનરેટ કરેલ ભૂલ
উৎপন্ন ফাংশন,જનરેટીંગ ફંક્શન
জেনেরিক ক্লাস,સામાન્ય વર્ગ
জেনেরিক ফাংশন,સામાન્ય કાર્ય
জেনেরিক নাম,સામાન્ય નામ
গিগো,ગીગો
বিশ্বব্যাপী,વૈશ્વિક
গ্লোবাল কোড,વૈશ્વિક કોડ
গ্লোবাল লক,વૈશ્વિક લોક
বিশ্বব্যাপী নেটওয়ার্ক,વૈશ્વિક નેટવર્ક
বিশ্বব্যাপী নেটওয়ার্ক,વૈશ્વિક નેટવર્ક
বিশ্বব্যাপী ব্যবহারকারী,વૈશ્વિક વપરાશકર્તા
বিশ্ব পরিবর্তনশীল,વૈશ્વિક ચલ
বিশ্বায়ন,વૈશ્વિકરણ
গোফার,ગોફર
গোফার ক্লায়েন্ট,ગોફર ક્લાયંટ
গোফার সার্ভার,ગોફર સર્વર
গোফার সাইট,ગોફર સાઇટ
গোফার স্থান,ગોફર જગ્યા
সাবলীল পতন,આકર્ષક અધોગતિ
ব্যাকরণ পরীক্ষক,વ્યાકરણ તપાસનાર
ব্যাকরণ মার্জিত প্রস্থান,વ્યાકરણ આકર્ષક બહાર નીકળો
সর্বমোট,કુલ
চিত্রলেখ,ગ્રાફ
গ্রাফ প্লটিং,ગ્રાફ પ્લોટિંગ
গ্রাফিক চরিত্র,ગ્રાફિક પાત્ર
গ্রাফিক নিয়ামক,ગ્રાફિક નિયંત્રક
গ্রাফিক তথ্য কাঠামো,ગ્રાફિક ડેટા માળખું
গ্রাফিক ডিসপ্লে প্রোগ্রাম,ગ્રાફિક ડિસ્પ્લે પ્રોગ્રામ
গ্রাফিক ডিসপ্লে রেজোলিউশন,ગ્રાફિક ડિસ્પ્લે રીઝોલ્યુશન
গ্রাফিক ভাষা,ગ્રાફિક ભાષા
গ্রাফিক ভাষা,ગ્રાફિક ભાષા
গ্রাফিক প্যানেল,ગ્રાફિક પેનલ
গ্রাফিকাল অ্যানিমেশন,ગ્રાફિકલ એનિમેશન
গ্রাফিক্যাল ইন্টারফেস ফরম্যাট (GIF),ગ્રાફિકલ ઇન્ટરફેસ ફોર્મેટ (GIF)
গ্রাফিক্যাল ইউজার ইন্টারফেস (GUI),ગ્રાફિકલ યુઝર ઈન્ટરફેસ (GUI)
গ্রাফিক্স,ગ્રાફિક્સ
গ্রাফিক্স অ্যাপ্লিকেশন,ગ્રાફિક્સ એપ્લિકેશન
গ্রাফিক্স কার্সার,ગ્રાફિક્સ કર્સર
গ্রাফিক্স মোড,ગ્રાફિક્સ મોડ
গ্রাফিক্স প্যাকেজ,ગ્રાફિક્સ પેકેજ
গ্রাফিক্স সফটওয়্যার,ગ્રાફિક્સ સોફ્ટવેર
গ্রাফিক্স সফটওয়্যার,ગ્રાફિક્સ સોફ્ટવેર
গ্রাফিক্স সফটওয়্যার প্যাকেজ,ગ્રાફિક્સ સોફ્ટવેર પેકેજ
ধূসর স্কেল,ગ્રે સ્કેલ
লোভী পদ্ধতি,લોભી પદ્ધતિ
grep,grep
গ্রিড,ગ્રીડ
গ্রিড চার্ট,ગ્રીડ ચાર્ટ
গ্রিড কম্পিউটিং,ગ્રીડ કમ્પ્યુટિંગ
গ্রিড মড্যুলেশন,ગ્રીડ મોડ્યુલેશન
স্থল তরঙ্গ,જમીન તરંગ
দল,જૂથ
গ্রুপ ঠিকানা,જૂથ સરનામું
শঙ্ঘবদ্ধ কোড,જૂથ કોડ
গ্রুপ যোগাযোগ,જૂથ સંચાર
গ্রুপ যোগাযোগ,જૂથ સંચાર
গ্রুপ সনাক্তকরণ,જૂથ ઓળખ
দলের নাম,જૂથનું નામ
গ্রুপওয়্যার,ગ્રુપવેર
বৃদ্ধি,વૃદ્ધિ
প্রহরী,રક્ષક
নির্দেশিত মিডিয়া,માર્ગદર્શિત મીડિયા
বন্দুক,ગનઝિપ
টাট্টু,હેક
হ্যাকার,હેકર
হ্যাকারের অভিধান,હેકરનો શબ્દકોશ
অর্ধেক যোগকারী,અડધા ઉમેરનાર
অর্ধেক সেতু,અડધો પુલ
অর্ধেক দ্বৈত,અડધા ડુપ્લેક્સ
হাফ ডুপ্লেক্স লাইন,હાફ ડુપ્લેક્સ લાઇન
হাফ ডুপ্লেক্স মোড,હાફ ડુપ્લેક્સ મોડ
অর্ধেক তীব্রতা,અડધી તીવ્રતા
অর্ধেক রাউটার,અડધા રાઉટર
অর্ধেক বিয়োগকারী,અડધા બાદબાકી કરનાર
অর্ধেক টোনিং,અડધા ટોનિંગ
অর্ধেক শব্দ,અડધો શબ્દ
বন্ধুত্বপূর্ণ চক্র,હેમિલટોનિયસ ચક્ર
হ্যামিং কোড,હેમિંગ કોડ
হাত,હાથ
হাত কপি,હાથ નકલ
হাতল,હેન્ડલ
হ্যান্ডলিং,હેન્ડલિંગ
স্তব্ধ,અટકવું
সুখী নেট,ખુશ ચોખ્ખી
হার্ড কপি ডিভাইস,હાર્ડ કોપી ઉપકરણ
হার্ড ডিস্ক,હાર્ડ ડિસ્ક
হার্ড ডিস্ক ক্র্যাশ,હાર્ડ ડિસ્ક ક્રેશ
কঠিন ত্রুটি,સખત ભૂલ
হার্ডওয়্যার প্রবাহ নিয়ন্ত্রণ,હાર્ડવેર પ્રવાહ નિયંત્રણ
সুরেলা,હાર્મોનિક
সুরেলা গড়,હાર્મોનિક સરેરાશ
হ্যাশ,હેશ
হ্যাশ ডায়াগ্রাম,હેશ ડાયાગ્રામ
হ্যাশ টেবিল,હેશ ટેબલ
হ্যাশিং কৌশল,હેશિંગ તકનીક
হেডার,હેડર
গাদা,ઢગલો
গাদা সাজানোর,ઢગલો સૉર્ટ
সাহায্য,મદદ
সাহায্য পর্দা,મદદ સ્ક્રીન
হেল্পনেট,હેલ્પનેટ
হার্টজ,હર્ટ્ઝ
হিউরিস্টিক,સંશોધનાત્મક
হিউরিস্টিক পদ্ধতি,હ્યુરિસ્ટિક પદ્ધતિ
হেক্সাডেসিমেল সংখ্যা,હેક્સાડેસિમલ સંખ્યાઓ
লুকানো লাইন,છુપાયેલ રેખા
অনুক্রমিক ডেটা বেস,અધિક્રમિક ડેટા બેઝ
অনুক্রমিক ফাইল সিস্টেম,અધિક્રમિક ફાઇલ સિસ્ટમ
অনুক্রমিক টপোগ্রাফি,વંશવેલો ટોપોગ્રાફી
উচ্চ স্তরের ভাষা,ઉચ્ચ સ્તરની ભાષા
উচ্চ মেমরি এলাকা,ઉચ્ચ મેમરી વિસ્તાર
উচ্চ পারদর্শিতা,સારો પ્રદ્સન
আঘাত,ફટકો
লক্ষ্যভেদ হার,હિટ રેટ
আক্রমণ অনুপাত,હિટ રેશિયો
গর্ত,છિદ્ર
হোম ডিরেক্টরি,હોમ ડિરેક્ટરી
হোম পেজ,હોમ પેજ
সমজাতীয় স্থানাঙ্ক,સજાતીય સંકલન
খোঁড়ান,હોપ
হপ গণনা,હોપ ગણતરી
শিং,હોર્ન
হোস্ট কম্পিউটার,હોસ્ટ કમ્પ્યુટર
হোস্ট কম্পিউটার,હોસ્ટ કમ્પ્યુટર
হোস্ট ভাষা,યજમાન ભાષા
গরম চাবি,ગરમ કી
হাইপার টেক্সট মার্কআপ ভাষা (HTML),હાઇપર ટેક્સ્ટ માર્કઅપ લેંગ્વેજ (HTML)
অনুমান,પૂર્વધારણા
আমি পোদ,હું પોડ
I/O বাফার,I/O બફર
I/O পোর্ট,I/O પોર્ટ
I/O ইউনিট,I/O એકમ
শনাক্তকারী,ઓળખકર્તા
পরিচয়,ઓળખ
ইমেজ,છબી
ছবি সনাক্তকারী যন্ত্র,ઇમેજ સેન્સર
প্রভাব প্রিন্টার,અસર પ્રિન્ટર
প্রতিবন্ধকতা,અવરોધ
অপরিহার্য প্রোগ্রাম ভাষা,અનિવાર્ય પ્રોગ્રામ ભાષા
অপরিহার্য বিবৃতি,અનિવાર્ય નિવેદન
অন্তর্নিহিত ঠিকানা,ગર્ભિત સરનામું
অসম্ভব ঘটনা,અશક્ય ઘટના
নিষ্ক্রিয় নোড,નિષ્ક્રિય નોડ
অসঙ্গতি,અસંગતતા
বৃদ্ধি,વધારો
সূচক,અનુક્રમણિકા
সূচক ডেটা আইটেম,ઇન્ડેક્સ ડેટા આઇટમ
ইনডেক্স ফাইল,ઇન્ડેક્સ ફાઇલ
সূচক রেজিস্টার,ઇન્ડેક્સ રજિસ્ટર
সূচক অনুক্রমিক,અનુક્રમણિકા
সূচিবদ্ধ ঠিকানা,અનુક્રમિત સંબોધન
সূচিবদ্ধ ভাষা,અનુક્રમિત ભાષા
ইনডেক্সড সিকোয়েন্স ফাইল,અનુક્રમિત ક્રમ ફાઇલ
সূচীকৃত অনুক্রমিক স্কেস পদ্ধতি (ISAM),અનુક્રમિત અનુક્રમિક સ્કેસ પદ્ધતિ (ISAM)
পরোক্ষ সম্বোধন,પરોક્ષ સંબોધન
তথ্যবিদ্যা,ઇન્ફોર્મેટિક્સ
তথ্য,માહિતી
তথ্য বিট,માહિતી બીટ
তথ্য ব্যবস্থাপনা,માહિતી વ્યવસ્થાપન
তথ্য ব্যবস্থাপনা সিস্টেম (IMS),માહિતી વ્યવસ્થાપન સિસ્ટમ (IMS)
তথ্য আহরণ,માહિતી પુનઃપ્રાપ્તિ
তথ্য পদ্ধতি,ઇન્ફર્મેશન સિસ્ટમ
তথ্য প্রযুক্তি (আইটি),માહિતી ટેકનોલોજી (IT)
অবকাঠামো ব্যবস্থাপনা,ઈન્ફ્રાસ્ટ્રક્ચર મેનેજમેન્ટ
উত্তরাধিকার,વારસો
উত্তরাধিকারসূত্রে প্রাপ্ত ত্রুটি,વારસાગત ભૂલ
প্রাথমিক,પ્રારંભિક
প্রাথমিক ঠিকানা,પ્રારંભિક સરનામું
প্রারম্ভিক অবস্থা,પ્રારંભિક સ્થિતિ
আরম্ভ,આરંભ
ইঙ্কজেট প্রিন্টার,શાહી જેટ પ્રિન્ટર
অসংখ্য,અસંખ્ય
i-নোড টেবিল,i-નોડ ટેબલ
অকার্যকর সময়,બિનકાર્યક્ષમ સમય
ইনপুট বাফার রেজিস্টার,ઇનપુટ બફર રજિસ્ટર
ইনপুট আউটপুট প্রসেসর (I/O প্রসেসর),ઇનપુટ આઉટપુટ પ્રોસેસર (I/O પ્રોસેસર)
ইনপুট আউটপুট রেজিস্টার (I/O রেজিস্টার),ઇનપુટ આઉટપુટ રજિસ્ટર (I/O રજિસ્ટર)
ইনপুট আউটপুট বিবৃতি (I/O বিবৃতি),ઇનપુટ આઉટપુટ સ્ટેટમેન્ટ (I/O સ્ટેટમેન્ટ)
ইনপুট/আউটপুট (I/O),ઇનપુટ/આઉટપુટ (I/O)
ইনপুট/আউটপুট বাফার (I/O বাফার),ઇનપુટ/આઉટપુટ બફર (I/O બફર)
ইনপুট/আউটপুট ডিভাইস (I/O ডিভাইস),ઇનપુટ/આઉટપુટ ઉપકરણ (I/O ઉપકરણ)
ঢোকান,દાખલ કરો
সন্নিবেশ বাছাই,નિવેશ સૉર્ટ
ইনস্টলেশন সময়,સ્થાપન સમય
দৃষ্টান্ত,દાખલો
নির্দেশ,સૂચના
নির্দেশ কাউন্টার,સૂચના કાઉન્ટર
নির্দেশ চক্র,સૂચના ચક્ર
নির্দেশনাবলী,સૂચના સમૂહ
পূর্ণসংখ্যা প্রোগ্রামিং,પૂર્ણાંક પ્રોગ્રામિંગ
পূর্ণসংখ্যা পরিবর্তনশীল,પૂર્ણાંક ચલ
ইন্টিগ্রেটেড মডেম,સંકલિત મોડેમ
ইন্টিগ্রেটেড সার্ভিস ডিজিটাল নেটওয়ার্ক (ISDN),સંકલિત સેવાઓ ડિજિટલ નેટવર્ક (ISDN)
অখণ্ডতা,અખંડિતતા
বুদ্ধিমান নিয়ামক,બુદ્ધિશાળી નિયંત્રક
বুদ্ধিমান টার্মিনাল,બુદ્ધિશાળી ટર્મિનલ
আন্তঃ ব্লক,આંતર બ્લોક
আন্তঃ ব্লক ফাঁক,આંતર બ્લોક ગેપ
আন্তঃযোগাযোগ ব্যবস্থা,આંતર સંદેશાવ્યવહાર સિસ્ટમ
মিথষ্ক্রিয়া,ક્રિયાપ્રતિક્રિયા
ইন্টারেক্টিভ গ্রাফিক্স,ઇન્ટરેક્ટિવ ગ્રાફિક્સ
ইন্টারেক্টিভ কীবোর্ড প্রিন্টার,ઇન્ટરેક્ટિવ કીબોર્ડ પ્રિન્ટર
ইন্টারকম পরিষেবা,ઇન્ટરકોમ સેવા
ইন্টারফেস,ઈન્ટરફેસ
ইন্টারলিভিং,ઇન્ટરલીવિંગ
মধ্যবর্তী বাফার,મધ્યવર્તી બફર
অভ্যন্তরীণ ব্লক,આંતરિક બ્લોક
অভ্যন্তরীণ যোগাযোগ,આંતરિક સંચાર
অভ্যন্তরীণ বিভাজন,આંતરિક વિભાજન
অভ্যন্তরীণ মেমরি,આંતરિક મેમરી
অভ্যন্তরীণ সাজানোর,આંતરિક પ્રકાર
অভ্যন্তরীণ টাইমার,આંતરિક ટાઈમર
প্রমিতকরণের জন্য আন্তর্জাতিক সংস্থা (ISO),માનકીકરણ માટે આંતરરાષ્ટ્રીય સંસ્થા (ISO)
আন্তর্জাতিক প্রযুক্তিগত সহায়তা সংস্থা,આંતરરાષ્ટ્રીય તકનીકી સપોર્ટ સંસ્થા
ইন্টারনেট,ઈન્ટરનેટ
ইন্টারনেট ইঞ্জিনিয়ারিং টাস্ক ফোর্স (IETF),ઇન્ટરનેટ એન્જિનિયરિંગ ટાસ્ક ફોર્સ (IETF)
ইন্টারনেট এক্সপ্লোরার,ઇન્ટરનેટ એક્સપ્લોરર
ইন্টারনেট হান্ট,ઇન્ટરનેટ શિકાર
ইন্টারনেট মাসিক রিপোর্ট,ઇન્ટરનેટ માસિક અહેવાલ
ইন্টারনেট প্যাকেট বিনিময়,ઇન્ટરનેટ પેકેટ વિનિમય
ইন্টারনেট প্রোটোকল (আইপি),ઇન્ટરનેટ પ્રોટોકોલ (IP)
ইন্টারনেট প্রোটোকল রিমুভ (আইপি),ઇન્ટરનેટ પ્રોટોકોલ દૂર (IP)
ইন্টারনেট রিলে চ্যাট (IRC),ઇન્ટરનેટ રિલે ચેટ (IRC)
ইন্টারনেট সেবা প্রদানকারী,ઇન્ટરનેટ સેવા પ્રદાતા
ইন্টারনেট পরিষেবা তালিকা,ઇન્ટરનેટ સેવાઓની સૂચિ
ইন্টারনেট সমাজ,ઇન્ટરનેટ સોસાયટી
ইন্টারনেট টুল,ઇન્ટરનેટ સાધનો
ইন্টারনেট কাজ করে,ઇન્ટરનેટ કામ કરે છે
ইন্টারনেট কাজ করে,ઇન્ટરનેટ કામ કરે છે
ইন্টারপোলেশন,ઇન્ટરપોલેશન
ব্যাখ্যা করুন,અર્થઘટન કરો
দোভাষী,દુભાષિયા
আন্তঃপ্রক্রিয়া যোগাযোগ,આંતરપ્રક્રિયા સંચાર
বাধা,વિક્ષેપ
বাধা হ্যান্ডলার,વિક્ષેપ હેન્ડલર
বাধা মাস্ক,વિક્ષેપિત માસ્ક
বাধা সংকেত,વિક્ષેપ સંકેત
বাধা ভেক্টর,વિક્ષેપ વેક્ટર
বাধা,વિક્ષેપ
ছেদ,છેદાય છે
ইন্ট্রানেট,ઇન્ટ્રાનેટ
অপরিবর্তনীয়,અપરિવર્તનશીલ
ইনভেন্টরি মাস্টার ফাইল,ઇન્વેન્ટરી માસ્ટર ફાઇલ
বিপরীত মাল্টিপ্লেক্সার,વ્યસ્ત મલ્ટિપ્લેક્સર
বিপরীত স্ক্যানিং,વ્યસ્ત સ્કેનિંગ
উল্টানো ফাইল,ઊંધી ફાઇલ
উল্টানো তালিকা ফাইল,ઊંધી યાદી ફાઇલ
উল্টানো পৃষ্ঠা টেবিল,ઊંધું પૃષ્ઠ ટેબલ
বৈদ্যুতিন সংকেতের মেরু বদল,ઇન્વર્ટર
ইন্টারনেট কাজ করে,ઇન્ટરનેટ કામ કરે છે
ইন্টারপোলেশন,ઇન્ટરપોલેશન
ব্যাখ্যা করুন,અર્થઘટન કરો
দোভাষী,દુભાષિયા
আন্তঃপ্রক্রিয়া যোগাযোগ,આંતરપ્રક્રિયા સંચાર
বাধা,વિક્ષેપ
বাধা হ্যান্ডলার,વિક્ષેપ હેન્ડલર
বাধা মাস্ক,વિક્ષેપિત માસ્ક
বাধা সংকেত,વિક્ષેપ સંકેત
বাধা ভেক্টর,વિક્ષેપ વેક્ટર
বাধা,વિક્ષેપ
ছেদ,છેદાય છે
ইন্ট্রানেট,ઇન્ટ્રાનેટ
অপরিবর্তনীয়,અપરિવર્તનશીલ
ইনভেন্টরি মাস্টার ফাইল,ઇન્વેન્ટરી માસ્ટર ફાઇલ
বিপরীত মাল্টিপ্লেক্সার,વ્યસ્ત મલ્ટિપ્લેક્સર
বিপরীত স্ক্যানিং,વ્યસ્ત સ્કેનિંગ
উল্টানো ফাইল,ઊંધી ફાઇલ
উল্টানো তালিকা ফাইল,ઊંધી યાદી ફાઇલ
উল্টানো পৃষ্ঠা টেবিল,ઊંધું પૃષ્ઠ ટેબલ
বৈদ্যুতিন সংকেতের মেরু বদল,ઇન્વર્ટર
চাকরি ব্যবস্থাপনা,જોબ મેનેજમેન્ટ
কাজ ভিত্তিক ভাষা,નોકરી લક્ષી ભાષા
কাজের অগ্রাধিকার,નોકરીની અગ્રતા
কাজের সময়সূচী,નોકરીનું સમયપત્રક
কাজের সিকোয়েন্সিং,જોબ સિક્વન્સિંગ
কাজের টেবিল,જોબ ટેબલ
যোগ দিন (যোগ দিন),જોડાઓ (જોડો)
যৌথ ফটোগ্রাফিক গ্রুপ (jpg),સંયુક્ત ફોટોગ્રાફિક જૂથ (jpg)
জার্নাল,જર્નલ
আনন্দ লাঠি,આનંદની લાકડી
বিচার,જજમેન્ટ
ঝাঁপ দাও,કૂદી
লাফের নির্দেশ,કૂદવાની સૂચના
জাম্পার,જમ્પર
জংশন,જંકશન
আবর্জনা,જંક
ন্যায্যতা,વાજબીપણું
k বাইট,k બાઇટ્સ
karnaugh মানচিত্র,karnaugh નકશો
karnaugh মানচিত্র,karnaugh નકશો
KB (কিলো বাইট),KB (કિલો બાઈટ)
কার্নেল,કર્નલ
কার্নেল মোড,કર્નલ મોડ
কার্নিং,કેર્નિંગ
চাবি,કી
কী বোর্ড,કી બોર્ડ
কী বাউন্স,કી બાઉન્સ
কী ক্লিক করুন,કી ક્લિક કરો
কী কম্প্রেশন,કી કમ્પ્રેશન
কী ডিস্ক,કી ડિસ્ક
কী এনক্রিপশন,કી એન્ક્રિપ્શન
কী ক্ষেত্র,કી ક્ષેત્ર
কী ফাইল,કી ફાઇલ
কী ফ্রেম,કી ફ્રેમ
প্রকৃত ব্যবস্থাপনা,કી મેનેજમેન્ટ
কী প্যাড,કી પેડ
কী প্যাড,કી પેડ
মূল বাক্যাংশ,મુખ્ય શબ્દસમૂહ
কী পালস,કી પલ્સ
কী পাঞ্চ,કી પંચ
কী বাছাই,કી વર્ગીકરણ
কী স্ট্রোক,કી સ્ટ્રોક
ঠিকানা রূপান্তরের চাবিকাঠি,એડ્રેસ ટ્રાન્સફોર્મેશનની ચાવી
ডিস্কের চাবি,ડિસ્કની ચાવી
ফ্লপির চাবি,ફ્લોપી માટે કી
টেপের চাবি,ટેપની ચાવી
মূল শব্দ,મુખ્ય શબ્દ
লাথি,લાત
হত্যা,મારી નાખો
কিলোবিট,કિલોબિટ
নটস,ગાંઠ
জ্ঞান ভিত্তিক তথ্য সেবা,જ્ઞાન આધારિત માહિતી સેવાઓ
জ্ঞান আবিষ্কার,જ્ઞાન શોધ
জ্ঞান আবিষ্কার ডাটাবেস (KDD),જ્ઞાન શોધ ડેટાબેઝ (KDD)
জ্ঞান প্রকৌশল,જ્ઞાન ઇજનેરી
জ্ঞান ব্যবস্থাপনা,જ્ઞાન વ્યવસ્થાપન
জ্ঞান কর্মী,જ્ઞાન કાર્યકર
ল্যান অ্যাডাপ্টার,લેન એડેપ્ટર
ল্যান সার্ভার,લેન સર્વર
LAN কর্মক্ষেত্র,LAN કાર્યસ્થળ
ল্যান্ডস্কেপ,લેન્ડસ્કેપ
ল্যান্ডস্কেপ,લેન્ડસ્કેપ
ভাষা,ભાષા
ভাষা দোভাষী,ભાષા દુભાષિયા
ভাষা প্রসেসর,ભાષા પ્રોસેસર
ভাষা অনুবাদক,ભાષા અનુવાદક
ল্যাপটপ,લેપટોપ
বড় আকারের একীকরণ (এলএসআই),મોટા પાયે એકીકરણ (lsi)
বড় আকারের ইন্টিগ্রেশন (LSI),મોટા પાયે એકીકરણ (LSI)
লেজার,લેસર
লেজার প্রিন্টার,લેસર પ્રિન્ટર
লাস্ট ইন ফার্স্ট আউট (LIFO),લાસ્ટ ઇન ફર્સ્ટ આઉટ (LIFO)
স্তর,સ્તર
লেআউট,લેઆઉટ
পাতা,પર્ણ
পাতার নোড,લીફ નોડ
পাতার সাইট,પર્ણ સાઇટ
ইজারা,લીઝ
লিজড চ্যানেল,લીઝ્ડ ચેનલ
লিজড লাইন,લીઝ્ડ લાઇન
সর্বনিম্ন উল্লেখযোগ্য বিট (lsb),ઓછામાં ઓછું નોંધપાત્ર બીટ (lsb)
অন্তত উল্লেখযোগ্য সংখ্যা,ઓછામાં ઓછો નોંધપાત્ર અંક
উত্তরাধিকার ব্যবস্থা,વારસો સિસ્ટમ
লেমা,લેમ્મા
চিঠির মান (LQ),અક્ષર ગુણવત્તા (LQ)
লেক্সেম,લેક્સેમ
লেক্সিকোগ্রাফি,લેક્સિકોગ્રાફી
লাইব্রেরি,પુસ્તકાલય
লাইব্রেরি প্রোগ্রাম,પુસ્તકાલય કાર્યક્રમ
লাইব্রেরি সাব-রুটিন,પુસ્તકાલય પેટા-નિયમિત
লাইসেন্স চুক্তি,લાઇસન્સ કરાર
লাইট ইমিটার ডায়োড (এলইডি),પ્રકાશ ઉત્સર્જક ડાયોડ (LED)
হালকা বন্দুক,હળવી બંદૂક
হালকা কলম,હળવી પેન
লাইন অ্যাডাপ্টার,રેખા એડેપ્ટર
লাইন সম্পাদনা,રેખા સંપાદન
লাইন প্রিন্টার,રેખા પ્રિન્ટર
রৈখিক,રેખીય
লাইন প্রতি মিনিট (LPM),લાઇન્સ પ્રતિ મિનિટ (LPM)
লিঙ্ক,લિંક
যোজিত তালিকা,લિંક કરેલ સૂચિ
লিনাক্স,લિનક્સ
লিকুইড ক্রিস্টাল ডিসপ্লে (LCD),લિક્વિડ ક્રિસ્ટલ ડિસ્પ્લે (LCD)
তালিকা প্রক্রিয়াকরণ,યાદી પ્રક્રિયા
আক্ষরিক,શાબ્દિક
লাইভ দেখান,જીવંત
লাইভ নোড,જીવંત નોડ
ভার,લોડ
লোড মডিউল,લોડ મોડ્યુલ
স্থানীয়,સ્થાનિક
স্থানীয় অ্যাক্সেস,સ્થાનિક ઍક્સેસ
স্থানীয় এলাকা নেটওয়ার্ক (ল্যান),લોકલ એરિયા નેટવર્ક (Lan)
স্থানীয় সংজ্ঞা,સ્થાનિક વ્યાખ્યા
স্থানীয় বিনিময়,સ્થાનિક વિનિમય
স্থানীয় স্মৃতি,સ્થાનિક મેમરી
স্থানীয় মোড,સ્થાનિક મોડ
স্থানীয় পরিবর্তনশীল,સ્થાનિક ચલ
তালা,તાળું
লক করা ফাইল,લૉક કરેલી ફાઇલ
লগ ইন = লগ ইন করুন,log in=log on
লগ অফ-লগ আউট,લોગ ઓફ-લોગ આઉટ
লগিং,લોગીંગ
যুক্তি বিশ্লেষক,તર્ક વિશ્લેષક
যুক্তি বোমা,તર્ક બોમ્બ
লজিক কার্ড,લોજિક કાર્ડ
লজিক চার্ট (ফ্লো চার্ট),લોજિક ચાર્ટ (ફ્લો ચાર્ટ)
লজিক সার্কিট,લોજિક સર્કિટ
লজিক ডিজাইন,તર્ક ડિઝાઇન
লজিক ডায়াগ্রাম,લોજિક ડાયાગ્રામ
লজিক ফ্লো চার্ট,લોજિક ફ્લો ચાર્ટ
লজিক ফাংশন,તર્ક કાર્ય
লজিক গেট,તર્ક દ્વાર
লজিক প্রোগ্রামিং,લોજિક પ્રોગ્રામિંગ
যুক্তির পরিবর্তন,તર્ક પરિવર્તન
যুক্তি অবস্থা,તર્કની સ્થિતિ
লজিক সুইচ,તર્ક સ્વીચ
লজিক ইউনিট,તર્ક એકમ
যৌক্তিক,તાર્કિક
যৌক্তিক সংযোগ,તાર્કિક જોડાણ
যৌক্তিক তথ্য কাঠামো,લોજિકલ ડેટા માળખું
লজিক্যাল ডায়াগ্রাম,લોજિકલ ડાયાગ્રામ
যৌক্তিক অভিব্যক্তি,તાર્કિક અભિવ્યક્તિ
লজিক্যাল ফ্লো চার্ট (ফ্লো চার্ট),લોજિકલ ફ્લો ચાર્ટ (ફ્લો ચાર્ટ)
যৌক্তিক IF,તાર્કિક IF
যৌক্তিক অপারেশন,લોજિકલ કામગીરી
লজিক্যাল অপারেটর,લોજિકલ ઓપરેટર
যৌক্তিক সম্পর্ক,તાર્કિક સંબંધ
যৌক্তিক স্কিম,તાર્કિક યોજના
যৌক্তিক প্রতীক,તાર્કિક પ્રતીક
লজিক্যাল টাইপ,તાર્કિક પ્રકાર
যৌক্তিক মান,તાર્કિક મૂલ્ય
যৌক্তিক পরিবর্তনশীল,લોજિકલ ચલ
এগিয়ে তাকান বহন,આગળ જુઓ કેરી
সামনে সেট দেখুন,સેટ આગળ જુઓ
খুঁজে দেখো,જુઓ
লুপ,લૂપ
লুপ নিয়ন্ত্রণ,લૂપ નિયંત્રણ
লুপ ইনিশিয়ালাইজেশন,લૂપ આરંભ
লুপ পরিবর্তন,લૂપ ફેરફાર
লুপ নেটওয়ার্ক,લૂપ નેટવર્ક
লুপ শুরু,લૂપ શરૂઆત
লুপ সমাপ্তি,લૂપ સમાપ્તિ
লুপ-ব্যাক পরীক্ষা,લૂપ-બેક ટેસ્ટ
ঢিলেঢালাভাবে মিলিত,ઢીલી રીતે જોડાયેલી
ক্ষতিহীন কম্প্রেশন,લોસલેસ કમ્પ્રેશન
ক্ষতিকর কম্প্রেশন,નુકસાનકારક કમ્પ્રેશન
কম বাইট,ઓછી બાઈટ
নিম্ন স্তরের ভাষা,નિમ્ન સ્તરની ભાષા
কম পাস ফিল্টার,નીચા પાસ ફિલ્ટર
নিম্ন সীমা,ના જેટલું કે તેનાથી ઓછું
ম্যাক প্রোটোকল (মাঝারি অ্যাক্সেস নিয়ন্ত্রণ),મેક પ્રોટોકોલ (મધ્યમ ઍક્સેસ નિયંત્રણ)
মেশিন,મશીન
মেশিন ঠিকানা,મશીન સરનામું
মেশিন কোড,મશીન કોડ
মেশিন চক্র,મશીન ચક્ર
মেশিন নির্ভর ভাষা,મશીન આધારિત ભાષા
মেশিন নির্ভর সফটওয়্যার,મશીન આધારિત સોફ્ટવેર
মেশিন ত্রুটি,મશીનની ભૂલ
মেশিন অলস সময়,મશીન નિષ્ક્રિય સમય
মেশিন স্বাধীন ভাষা,મશીન સ્વતંત્ર ભાષા
মেশিনের নির্দেশনা,મશીન સૂચના
মেশিন বুদ্ধিমত্তা,મશીન બુદ્ધિ
মেশিন ভাষা,મશીન ભાષા
মেশিন লার্নিং,મશીન લર્નિંગ
মেশিন অপারেশন,મશીન કામગીરી
মেশিন ওরিয়েন্টেড ভাষা,મશીન લક્ષી ભાષા
মেশিন চালানো,મશીન ચલાવવું
মেশিন সিমুলেশন,મશીન સિમ્યુલેશન
মেশিন নষ্ট সময়,મશીનનો સમય બગડ્યો
যন্ত্রানুবাদ,મશીન અનુવાદ
মেশিন শব্দ,મશીન શબ્દ
ম্যাক্রো (= ম্যাক্রো নির্দেশ),મેક્રો (=મેક્રો સૂચના)
ম্যাক্রো যুক্তি,મેક્રો દલીલ
ম্যাক্রো সমাবেশ প্রোগ্রাম,મેક્રો એસેમ્બલી પ્રોગ્રામ
ম্যাক্রো কল,મેક્રો કોલ
ম্যাক্রো কোড,મેક્રો કોડ
ম্যাক্রো কমান্ড,મેક્રો આદેશ
ম্যাক্রো ঘোষণা,મેક્રો ઘોષણા
ম্যাক্রো সংজ্ঞা,મેક્રો વ્યાખ્યા
ম্যাক্রো ফ্লো চার্ট,મેક્રો ફ્લો ચાર્ટ
ম্যাক্রো জেনারেটর,મેક્રો જનરેટર
ম্যাক্রো নির্দেশ,મેક્રો સૂચના
ম্যাক্রো ভাষা,મેક્રો ભાષા
ম্যাক্রো লাইব্রেরি,મેક્રો લાઇબ્રેરી
ম্যাক্রো প্যারামিটার,મેક્રો પરિમાણ
ম্যাক্রো প্রক্রিয়াকরণ,મેક્રો પ્રોસેસિંગ
ম্যাক্রো প্রসেসর,મેક્રો પ્રોસેસર
ম্যাক্রো প্রোগ্রামিং,મેક્રો પ્રોગ્રામિંગ
ম্যাক্রো প্রোটোটাইপ,મેક્રો પ્રોટોટાઇપ
ম্যাক্রো-কোডিং,મેક્રો-કોડિંગ
ম্যাগাবাইট (এমবি),મેગાબાઈટ (MB)
জাদু চরিত্র,જાદુઈ પાત્ર
জাদু সংখ্যা,જાદુઈ સંખ્યા
চৌম্বকীয় বুদ্বুদ মেমরি,ચુંબકીય બબલ મેમરી
চৌম্বক কার্ড,ચુંબકીય કાર્ડ
চৌম্বক কোষ,ચુંબકીય કોષ
চৌম্বক চরিত্র,ચુંબકીય પાત્ર
চৌম্বকীয় কোর স্টোরেজ,ચુંબકીય કોર સંગ્રહ
চৌম্বকীয় ডিস্ক,ચુંબકીય ડિસ્ક
চৌম্বকীয় ডিস্ক ঠিকানা,ચુંબકીય ડિસ્ક સરનામું
চৌম্বকীয় ডিস্ক মেমরি,ચુંબકીય ડિસ્ક મેમરી
চৌম্বক ড্রাম,ચુંબકીય ડ્રમ
চৌম্বকীয় এনকোডিং,ચુંબકીય એન્કોડિંગ
চৌম্বকীয় মাথা,ચુંબકીય વડા
চৌম্বক কালি,ચુંબકીય શાહી
চৌম্বক কালি অক্ষর স্বীকৃতি (MICR),ચુંબકીય શાહી અક્ષર ઓળખ (MICR)
চৌম্বক মিডিয়া,ચુંબકીય માધ્યમ
চৌম্বকীয় পড়া,ચુંબકીય વાંચન
চৌম্বকীয় রেকর্ডিং,ચુંબકીય રેકોર્ડિંગ
চৌম্বকীয় সঞ্চয়স্থান,ચુંબકીય સંગ્રહ
চৌম্বক ফালা,ચુંબકીય પટ્ટી
চৌম্বকীয় টেপ,ચુંબકીય ટેપ
চৌম্বক টেপ কার্তুজ,ચુંબકીય ટેપ કારતૂસ
চৌম্বকীয় টেপ ড্রাইভ,ચુંબકીય ટેપ ડ્રાઇવ
চৌম্বকীয় টেপ হেডার,ચુંબકીય ટેપ હેડર
চৌম্বক টেপ গ্রন্থাগারিক,ચુંબકીય ટેપ ગ્રંથપાલ
চৌম্বকীয় টেপ পরিবহন,ચુંબકીય ટેપ પરિવહન
চৌম্বকীয় টেপ ইউনিট,ચુંબકીય ટેપ એકમ
চৌম্বকীয় পাতলা ফিল্ম,ચુંબકીય પાતળી ફિલ્મ
চৌম্বক ট্র্যাক,ચુંબકીય ટ્રેક
ম্যাগনেটো অপটিক স্টোরেজ,મેગ્નેટો ઓપ્ટિક સ્ટોરેજ
ম্যাগনেটোগ্রাফিক প্রিন্টার,મેગ્નેટોગ્રાફિક પ્રિન્ટર
ম্যাগনেটোস্ট্রিকশন,મેગ્નેટોસ્ટ્રિક્શન
ম্যাগনেটোস্ট্রিকটিভ ট্যাবলেট,મેગ્નેટોસ્ટ્રેક્ટિવ ટેબ્લેટ
মেইল বক্স,મેઈલ બોક્સ
মেইল মার্জ,મેલ મર્જ
প্রধান নিয়ন্ত্রণ ইউনিট,મુખ્ય નિયંત્રણ એકમ
প্রধান ফ্রেম,મુખ્ય ફ્રેમ
প্রধান ফ্রেম সিস্টেম,મુખ્ય ફ્રેમ સિસ્ટમ
প্রধান স্মৃতি,મુખ્ય મેમરી
প্রধান প্রোগ্রাম,મુખ્ય કાર્યક્રમ
প্রধান স্টোরেজ,મુખ્ય સંગ્રહ
প্রধান সুইচ,મુખ્ય સ્વીચ
রক্ষণাবেক্ষণ,જાળવણી
রক্ষণাবেক্ষণ প্যানেল,જાળવણી પેનલ
রক্ষণাবেক্ষণ সময়,જાળવણી સમય
প্রধান চক্র,મુખ્ય ચક્ર
প্রধান ডিভাইস,મુખ્ય ઉપકરણ
প্রধান কী,મુખ્ય ચાવી
প্রধান রাষ্ট্র,મુખ્ય રાજ્ય
প্রধান কাঠামো,મુખ્ય માળખું
প্রধান কাজ,મુખ્ય કાર્ય
সংখ্যাগরিষ্ঠ উপাদান,બહુમતી તત્વ
সংখ্যাগরিষ্ঠ গেট,બહુમતી દરવાજો
সংখ্যাগরিষ্ঠ অপারেশন,બહુમતી કામગીરી
মেকআপ সময়,મેકઅપ સમય
ত্রুটিপূর্ণ রুটিন,ખામીયુક્ત નિયમિત
ব্যবস্থাপনা উন্নয়ন,સંચાલન વિકાસ
ব্যবস্থাপনা তথ্য সিস্টেম (MIS),મેનેજમેન્ટ ઇન્ફોર્મેશન સિસ્ટમ (MIS)
ব্যবস্থাপনা বিজ্ঞান,મેનેજમેન્ટ વિજ્ઞાન
ম্যানচেস্টার কোডিং,માન્ચેસ્ટર કોડિંગ
ম্যানিফোল্ডিং,મેનીફોલ્ડિંગ
চালিত পরিবর্তনশীল,મેનિપ્યુલેટેડ ચલ
ম্যানিপুলেটিং ইনডেক্সিং,ઇન્ડેક્સીંગની હેરફેર
ম্যান-মেশিন সিমুলেশন,મેન-મશીન સિમ્યુલેશન
ম্যানুয়াল ঠিকানা সুইচ,મેન્યુઅલ એડ્રેસ સ્વીચ
ম্যানুয়াল বিশ্লেষণ,મેન્યુઅલ વિશ્લેષણ
ম্যানুয়াল উত্তর,મેન્યુઅલ જવાબો
ম্যানুয়াল এন্ট্রি,મેન્યુઅલ એન્ટ્રી
ম্যানুয়াল বিনিময়,મેન્યુઅલ વિનિમય
হস্ত পরিচালিত,મેન્યુઅલ ઇનપુટ
সংক্ষিপ্ত কাজ,મેન્યુઅલ કામગીરી
অনেক থেকে অনেক সম্পর্ক,ઘણા થી ઘણા સંબંધ
অনেক থেকে এক ডিকোডার,ઘણા થી એક ડીકોડર
মানচিত্র পদ্ধতি,નકશા પદ્ધતિ
ম্যাপিং,મેપિંગ
মার্জিন,માર્જિન
মার্জিন ত্রুটি,માર્જિન ભૂલ
প্রান্তিক চেক,સીમાંત ચેક
প্রান্তিক পরীক্ষা,સીમાંત કસોટી
চিহ্ন সনাক্তকরণ,માર્ક શોધ
পড়া চিহ্নিত করুন,માર્ક વાંચન
মার্ক স্ক্যানিং,માર્ક સ્કેનિંગ
মার্ক সেন্স,માર્ક સેન્સ
মার্কার,માર્કર
চিহ্নিত করা,માર્કિંગ
চিহ্নিত তরঙ্গ,ચિહ્નિત તરંગ
মার্কভ চেইন,માર્કોવ સાંકળ
মার্কভ উৎস,માર્કોવ સ્ત્રોત
মার্কআপ ভাষা,માર્ક-અપ ભાષા
মাসার,મેસર
মাসার,મેસર
মুখোশ,મહોરું
মাস্ক বিট,માસ્ક બીટ
মাস্ক প্রোগ্রামেবল ডিভাইস,માસ્ક પ્રોગ્રામેબલ ઉપકરણ
মাস্ক রেজিস্টার,માસ્ક રજીસ્ટર
মুখোশযুক্ত রম,માસ્ક કરેલ ROM
মাস্কিং,માસ્કીંગ
ভর তথ্য,માસ ડેટા
ভর মেমরি,માસ મેમરી
ব্যাপকভাবে সমান্তরাল,મોટા પાયે સમાંતર
ওস্তাদ,માસ્ટર
মাস্টার কার্ড,માસ્ટર કાર્ડ
মাস্টার ঘড়ি,મુખ્ય ઘડિયાળ
মাস্টার কনসোল,માસ્ટર કન્સોલ
মূল তথ্য,મુખ્ય ડેટા
মাস্টার ডায়াগ্রাম,માસ્ટર ડાયાગ્રામ
প্রধান নথি,માસ્ટર ફાઇલ
মাস্টার গ্রুপ,મુખ્ય જૂથ
প্রধান চাবি,મુખ્ય કી
মাস্টার লাইব্রেরি টেপ,માસ્ટર લાઇબ્રેરી ટેપ
মাস্টার প্রসেসর,મુખ્ય પ્રોસેસર
মাস্টার প্রোগ্রাম,માસ્ટર પ્રોગ્રામ
মাস্টার স্টেশন,મુખ્ય સ્ટેશન
মাস্টার টেপ,મુખ્ય ટેપ
মাস্টার টার্মিনাল,મુખ્ય ટર્મિનલ
মাস্টার/দাস ডিভাইস,માસ્ટર/સ્લેવ ઉપકરણ
প্রভু/দাস ব্যবস্থা,માસ્ટર/સ્લેવ સિસ્ટમ
ম্যাচ,મેચ
ম্যাচিং,મેચિંગ
গাণিতিক প্রোগ্রামিং,ગાણિતિક પ્રોગ્રામિંગ
গাণিতিক সিমুলেশন,ગાણિતિક સિમ્યુલેશન
ম্যাট্রিক্স,મેટ્રિક્સ
ম্যাট্রিক্স প্রিন্টার,મેટ્રિક્સ પ્રિન્ટર
ম্যাট্রিক্স সুইচ,મેટ્રિક્સ સ્વીચ
ম্যাট্রিক্স টেবিল,મેટ્રિક્સ ટેબલ
ম্যাক্সি কম্পিউটার,મેક્સી કમ્પ્યુટર
ম্যাক্সিকম্পিউটার,મેક્સિકોમ્પ્યુટર
সর্বাধিক উপাদান,મહત્તમ તત્વ
সর্বোচ্চ মেয়াদ (প্রমিত সমষ্টি পদ),મહત્તમ (પ્રમાણભૂત રકમ શબ્દ)
ম্যাক্সওয়েল ডেমন,મેક્સવેલ ડિમન
মানে,મીન
মানে মেরামতের সময়,અર્થ સમારકામ સમય
ব্যর্থতার মধ্যবর্তী সময় (MTBF),નિષ્ફળતા વચ્ચેનો સરેરાશ સમય (MTBF)
ব্যর্থতার মধ্যবর্তী সময় (MTBF),નિષ્ફળતા વચ્ચેનો સરેરાશ સમય (MTBF)
ব্যর্থতার সময় মানে,નિષ્ફળતાનો સમય
মেরামত করার সময় মানে,સમારકામ માટેનો સમય
মেরামতের গড় সময় (MTTR),સમારકામ માટેનો સરેરાશ સમય (MTTR)
মিডিয়াম স্কেল ইন্টিগ্রেশন (MSI),મધ્યમ પાયે એકીકરણ (MSI)
মিডিয়াম স্কেল ইন্টিগ্রেশন (MSI),મધ્યમ પાયે એકીકરણ (MSI)
মাঝারি মেয়াদী স্টোরেজ ডিভাইস,મધ્યમ ગાળાના સંગ્રહ ઉપકરણ
প্রতি সেকেন্ডে মেগাবিট (এমবি পিএস),મેગાબીટ પ્રતિ સેકન્ડ (MB Ps)
সদস্য বস্তু,સભ્ય પદાર્થ
সদস্য রেকর্ড,સભ્ય રેકોર્ડ
স্মৃতি,મેમરી
মেমরি অ্যারে,મેમરી એરે
মেমরি ব্যাংক,મેમરી બેંક
মেমরি বাফার রেজিস্টার,મેમરી બફર રજિસ્ટર
মেমরি বাস,મેમરી બસ
মেমরি কার্ড,મેમરી કાર્ડ
মেমরি সেল,મેમરી સેલ
মেমরি কম্প্যাকশন,મેમરી કોમ્પેક્શન
মেমরি কোর,મેમરી કોર
মেমরি চক্র,મેમરી ચક્ર
মেমরি ডেটা রেজিস্টার,મેમરી ડેટા રજિસ્ટર
মেমরি ডাম্প,મેમરી ડમ્પ
মেমরি বিনিময়,મેમરી વિનિમય
মেমরি অনুক্রম,મેમરી વંશવેલો
মেমরি নির্দেশনা,મેમરી સૂચના
স্মৃতি ব্যবস্থাপনা,મેમરી મેનેજમેન્ટ
মেমরি মানচিত্র,મેમરી નકશો
মেমরি ম্যাপ করা I/O,મેમરી મેપ કરેલ I/O
মেমরি মডেল,મેમરી મોડેલ
মেমরি মডিউল,મેમરી મોડ્યુલ
মেমরি পয়েন্টার রেজিস্টার,મેમરી પોઇન્ટર રજીસ્ટર
স্মৃতি শক্তি,મેમરી પાવર
মেমরি সুরক্ষা,મેમરી રક્ષણ
মেমরি রেফারেন্স নির্দেশনা,મેમરી સંદર્ભ સૂચના
মেমরি আবাসিক প্রোগ্রাম,મેમરી નિવાસી કાર્યક્રમ
মেমরি ইউনিট,મેમરી યુનિટ
তালিকা,મેનુ
মেনু বার,મેનુ બાર
মেনু ড্রাইভ,મેનુ ડ્રાઈવ
মেনু নির্বাচন,મેનુ પસંદગી
মেনু-চালিত প্রোগ্রাম,મેનુ આધારિત કાર્યક્રમ
একত্রিত করা,મર્જ કરો
একত্রিত বিনিময় সাজানোর,વિનિમય સૉર્ટ મર્જ કરો
মার্জ সাজান,મર્જ સૉર્ટ
মার্জিং,મર્જિંગ
জাল নেটওয়ার্ক,જાળીદાર નેટવર્ક
মেসেজিং,મેસેજિંગ
বার্তা,સંદેશ
বার্তা প্রমাণীকরণ,સંદેશ પ્રમાણીકરણ
বার্তা বাক্স,સંદેશ બોક્સ
বার্তা সার্কিট,સંદેશ સર્કિટ
বার্তা বিন্যাস,સંદેશ ફોર્મેટ
বার্তা শীর্ষ,સંદેશ હેડર
বার্তা মোড,સંદેશ મોડ
বার্তা পাস,સંદેશ પસાર
বার্তা পোলিং,સંદેશ મતદાન
বার্তা সারি,સંદેશ કતાર
বার্তা সুইচ,સંદેશ સ્વીચ
বার্তার পাঠ্য,સંદેશ ટેક્સ્ટ
বার্তা স্থানান্তর এজেন্ট,સંદેશ ટ્રાન્સફર એજન્ટ
মেটা অ্যাসেম্বলার,મેટા એસેમ્બલર
মেটা ক্লাস,મેટા વર્ગ
মেটা সংকলন,મેટા સંકલન
মেটা কম্পাইলার,મેટા કમ્પાઇલર
মেটা ভাষা,મેટા ભાષા
মেটা নেটওয়ার্ক,મેટા નેટવર્ક
মেটা সিস্টেম,મેટા સિસ્ટમ
পদ্ধতি,પદ્ધતિ
মেট্রোপলিটন এরিয়া নেটওয়ার্ক (ম্যান),મેટ્રોપોલિટન એરિયા નેટવર્ક (MAN)
মাইক্রো,સૂક્ષ્મ
মাইক্রো কোড,માઇક્રો કોડ
মাইক্রো কম্পিউটার,માઇક્રો કમ્પ્યુટર
মাইক্রো কন্ট্রোলার,માઇક્રો કંટ્રોલર
মাইক্রো চক্র,સૂક્ષ્મ ચક્ર
মাইক্রো ইলেকট্রনিক মেকানিক্যাল সিস্টেম (MEMS),માઇક્રો ઇલેક્ટ્રોનિક મિકેનિકલ સિસ્ટમ (MEMS)
মাইক্রো ইলেকট্রনিক্স,માઇક્રો ઇલેક્ટ્રોનિક્સ
ক্ষুদ্র ক্ষুদ্র অনুমোদন,સૂક્ષ્મ લઘુ અધિકૃતતા
মাইক্রো অর্ডার,માઇક્રો ઓર્ડર
মাইক্রো/মেনফ্রেম লিঙ্ক,માઇક્રો/મેઇનફ્રેમ લિંક
মাইক্রোচিপ,માઇક્રોચિપ
মাইক্রোকোবল,માઇક્રોકોબોલ
মাইক্রোকোড,માઇક્રોકોડ
মাইক্রোফিচ,માઇક્રોફિચે
মাইক্রোফ্লপি,માઇક્રોફ્લોપી
মাইক্রোফর্ম রিডার,માઇક્રોફોર્મ રીડર
মাইক্রোফ্রেম,માઇક્રોફ્રેમ
মাইক্রোগ্রাফিক্স,માઈક્રોગ્રાફિક્સ
মাইক্রোফোন,માઇક્રોફોન
মাইক্রোফটোগ্রাফ,માઇક્રોફોટોગ્રાફ
মাইক্রোপ্রসেসিং ইউনিট,માઇક્રોપ્રોસેસિંગ એકમ
মাইক্রোপ্রসেসর,માઇક્રોપ્રોસેસર
মাইক্রোপ্রসেসর চিপ,માઇક્રોપ્રોસેસર ચિપ
মাইক্রোপ্রসেসর কম্পাইলার,માઇક્રોપ્રોસેસર કમ્પાઇલર
মাইক্রোপ্রসেসর ইউনিট (MPU),માઇક્રોપ્રોસેસર યુનિટ (MPU)
মাইক্রোপ্রোগ্রাম,માઇક્રોપ્રોગ્રામ
মাইক্রোসিকোয়েন্স,માઇક્રોસિક્વન્સ
মাইক্রোসফট,માઈક્રોસોફ્ટ
মাইক্রোসফট উইন্ডোজ,માઇક્રોસોફ્ટ વિન્ડોઝ
মাইক্রোওয়েভ,માઇક્રોવેવ
মাইক্রোওয়েভ লিঙ্ক,માઇક્રોવેવ લિંક
মাইক্রোওয়েভ প্রচার,માઇક્રોવેવ પ્રચાર
মধ্যম ব্যবস্থাপনা,મધ્યમ સંચાલન
মিডলওয়্যার,મિડલવેર
মিডিকম্পিউটার,મિડીકોમ્પ્યુટર
মধ্যবিন্দু,મધ્યબિંદુ
মিডটার্ম,મધ્યસત્ર
অভিবাসন পথ,સ્થળાંતરનો માર્ગ
প্রতি সেকেন্ডে মিলিয়ন নির্দেশাবলী (MIPS),મિલિયન સૂચના પ્રતિ સેકન્ડ (MIPS)
মিনিকম্পিউটার,મિની કોમ્પ્યુટર
মিনিডিস্কেট,મિનિડિસ્કેટ
ন্যূনতম কার্নেল,ન્યૂનતમ કર્નલ
সর্বনিম্ন পণ্য,ન્યૂનતમ ઉત્પાદન
সর্বনিম্ন গাছ,ન્યૂનતમ વૃક્ષ
minimax (মিনিম্যাক্স-সর্বোচ্চ) অ্যালগরিদম,મિનિમેક્સ (ન્યૂનતમ-મહત્તમ) અલ્ગોરિધમ
minimax পদ্ধতি,ન્યૂનતમ પ્રક્રિયા
ন্যূনতম খরচ বিস্তৃত গাছ,લઘુત્તમ ખર્ચ ફેલાયેલા વૃક્ષ
ন্যূনতম লেটেন্সি কোডিং,ન્યૂનતમ લેટન્સી કોડિંગ
ছোট ডিভাইস,નાનું ઉપકરણ
মিন্টেরিম,મિન્ટેરિમ
বিয়োগ পতাকা,માઈનસ ધ્વજ
বিয়োগ পতাকা,માઈનસ ધ્વજ
মাইনাস জোন,માઈનસ ઝોન
আয়না,અરીસો
মিরর সাইট,મિરર સાઇટ
মিশ্র-রেডিক্স স্বরলিপি,મિશ્ર-મૂલક સંકેત
মিক্সার,મિક્સર
স্মৃতিসংক্রান্ত,નેમોનિક
স্মৃতির ঠিকানা,નેમોનિક સરનામું
স্মৃতিবিদ্যা,નેમોનિક્સ
মুঠোফোন,મોબાઈલ
মোবাইল কম্পিউটিং,મોબાઇલ કમ્પ્યુટિંગ
মডেল,મોડલ
মডেলহীন সম্পাদক,મોડલેસ એડિટર
মডেলিং,મોડેલિંગ
মডেম,મોડેમ
পরিমিত,માધ્યમ
সংযম,મધ્યસ્થતા
মডারেটর,મધ્યસ્થી
পরিবর্তিত নির্দেশ,સંશોધિત સૂચના
পরিবর্তনকারী,મોડિફાયર
সংশোধক বিট,મોડિફાયર બીટ
পরিবর্তন করুন,ફેરફાર કરો
মডুলার,મોડ્યુલર
মডুলারিটি,મોડ્યુલારિટી
মড্যুলেশন,મોડ્યુલેશન
মডিউল,મોડ્યુલ
মডিউল আর্কিটেকচার,મોડ્યુલ આર્કિટેક્ચર
মনিটর,મોનીટર
পর্যবেক্ষণ প্রোগ্রাম,મોનીટરીંગ કાર્યક્રમ
মনোক্রোম প্রদর্শন,મોનોક્રોમ ડિસ્પ્લે
মনোলিথিক ইন্টিগ্রেটেড সার্কিট,મોનોલિથિક ઇન્ટિગ્રેટેડ સર્કિટ
মনোলিথিক প্রযুক্তি,મોનોલિથિક ટેકનોલોજી
মনোস্পেস ফন্ট,મોનોસ્પેસ ફોન્ટ
একচেটিয়া,મોનોસ્ટેબલ
একঘেয়েমি,મોનોટોરિસિટી
মর্ফ,મોર્ફ
মরফিম,મોર્ફીમ
মর্ফিজম,મોર્ફિઝમ
বন্ধক,ગીરો
mosfet (MOSFET),mosfet (MOSFET)
সবচেয়ে উল্লেখযোগ্য বিট,સૌથી નોંધપાત્ર બીટ
মাদার বোর্ড,મધર બોર્ડ
মা নিবন্ধন,માતા રજીસ્ટર
চলচ্চিত্র,ગતિ ચિત્ર
মোশন পিকচার এক্সপার্টস গ্রুপ (MPEG),મોશન પિક્ચર એક્સપર્ટ્સ ગ્રુપ (MPEG)
মাউন্ট,માઉન્ટ
মাউস,માઉસ
সরান,ચાલ
চরিত্র সরান,પાત્ર ખસેડો
MS-DOS,MS-DOS
এমএস-উইন্ডোজ,એમએસ-વિન્ડોઝ
বহু দিক,બહુવિધ પાસું
মাল্টি প্রসেসর,મલ્ટી પ્રોસેસર
মাল্টি প্রোগ্রামিং,મલ્ટી પ્રોગ્રામિંગ
মাল্টি টাস্কিং,બહુવિધ કાર્ય
মাল্টিবাস,મલ્ટીબસ
মাল্টিকাস্ট,મલ્ટિકાસ્ટ
মাল্টিকাস্ট ঠিকানা,મલ્ટિકાસ્ટ સરનામું
মাল্টিকাস্টিং,મલ્ટીકાસ્ટિંગ
মাল্টিচিপ,મલ્ટીચીપ
মাল্টিক্স,મલ્ટિક્સ
বহু কাজের অপারেশন,મલ્ટિ-જોબ કામગીરી
বহুস্তর মেমরি,બહુસ્તરીય મેમરી
মাল্টিমিডিয়া প্রযুক্তি,મલ્ટીમીડિયા ટેકનોલોજી
মাল্টিমোড,મલ્ટિમોડ
একাধিক,બહુવિધ
একাধিক নির্ভুলতা,બહુવિધ ચોકસાઇ
একাধিক সংশ্লেষণ,બહુવિધ રીગ્રેસન
মাল্টিপ্লেক্স,મલ્ટિપ્લેક્સ
মাল্টিপ্লেক্স মোড,મલ્ટિપ્લેક્સ મોડ
মাল্টিপ্লেক্সার,મલ્ટિપ્લેક્સર
মাল্টিপ্লেক্সিং,મલ્ટિપ્લેક્સિંગ
মাল্টিপয়েন্ট নেটওয়ার্ক,મલ્ટિપોઇન્ટ નેટવર્ક
মাল্টিপ্রসেসিং,મલ્ટિપ્રોસેસિંગ
মাল্টিপ্রসেসর সিস্টেম,મલ્ટિપ્રોસેસર સિસ્ટમ
বহুমুখী ইন্টারনেট মেইল এক্সটেনশন (MIME),બહુહેતુક ઇન્ટરનેટ મેલ એક્સટેન્શન (MIME)
মাল্টিসিডিউল,મલ્ટિશેડ્યૂલ
মাল্টিস্টেশন,મલ્ટીસ્ટેશન
মাল্টিথ্রেডিং,મલ્ટિથ્રેડીંગ
বহুমূল্যযুক্ত যুক্তি,બહુમૂલ્યવાળું તર્ક
বহুচলকীয় বিশ্লেষণ,બહુવિધ વિશ્લેષણ
মাল্টিভাইব্রেটর,મલ્ટિવાઇબ્રેટર
পারস্পরিক বর্জন,પરસ્પર બાકાત
পারস্পরিক তথ্য,પરસ્પર માહિતી
নিষ্পাপ ব্যবহারকারী,નિષ્કપટ વપરાશકર્તા
নাম সার্ভার,નામ સર્વર
NAND অপারেশন,NAND ઓપરેશન
ন্যানো,નેનો
সংকীর্ণ ব্যান্ড,સાંકડી બેન્ડ
জাতীয় তথ্য অবকাঠামো,રાષ્ટ્રીય માહિતી ઈન્ફ્રાસ્ટ્રક્ચર
ন্যাশনাল ইনফরমেশন স্ট্যান্ডার্ড অর্গানাইজেশন (NAND NISO),નેશનલ ઇન્ફોર્મેશન સ્ટાન્ડર્ડ ઓર્ગેનાઇઝેશન (NAND NISO)
নেটিভ কোড,મૂળ કોડ
নেটিভ কম্পাইলার,મૂળ કમ્પાઇલર
নেটিভ সফটওয়্যার,મૂળ સોફ્ટવેર
প্রাকৃতিক কম্পাইলার,કુદરતી કમ્પાઇલર
স্বাভাবিক ভাষা প্রক্রিয়াকরণ,કુદરતી ભાષા પ્રક્રિયા
প্রাকৃতিক ভাষা প্রশ্ন,કુદરતી ભાષા ક્વેરી
স্বাভাবিক সংখ্যা,કુદરતી સંખ્યા
নেভিগেশন,સંશોધક
নেভিগেটর,નેવિગેટર
নেতিবাচক যুক্তি,નકારાત્મક તર્ક
নেস্টেড লুপ,નેસ્ટેડ લૂપ
নেস্টেড ম্যাক্রো,નેસ્ટેડ મેક્રો
নেট,નેટ
নেট ঠিকানা,ચોખ્ખું સરનામું
নেট নাগরিক,ચોખ્ખો નાગરિક
নেটস্কেপ নেভিগেটর,નેટસ્કેપ નેવિગેટર
নেটওয়ার্ক অ্যাক্সেস নিয়ন্ত্রণ,નેટવર્ક ઍક્સેસ નિયંત્રણ
নেটওয়ার্ক আর্কিটেকচার,નેટવર્ક આર્કિટેક્ચર
নেটওয়ার্ক ফাইল সিস্টেম (NFS),નેટવર્ક ફાઇલ સિસ્ટમ (NFS)
নেটওয়ার্ক অখণ্ডতা,નેટવર્ક અખંડિતતા
নেটওয়ার্ক আন্তঃসংযোগ,નેટવર્ક ઇન્ટરકનેક્શન
নেটওয়ার্ক স্তর,નેટવર્ક સ્તર
নেটওয়ার্ক ব্যবস্থাপনা,નેટવર્ક મેનેજમેન્ટ
নেটওয়ার্ক টপোলজি,નેટવર્ક ટોપોલોજી
নেটওয়ার্ক ভার্চুয়াল টার্মিনাল,નેટવર્ક વર્ચ્યુઅલ ટર્મિનલ
নিরপেক্ষ রিলে,તટસ્થ રિલે
নিরপেক্ষ সংক্রমণ,તટસ્થ ટ્રાન્સમિશન
নতুন লাইন চরিত্র,નવી રેખા પાત્ર
নতুন সিঙ্ক,નવું સમન્વયન
NFS/নেটওয়ার্ক ফাইল,NFS/નેટવર્ક ફાઇલ
নিবল,નિબલ
নাইন এর পরিপূরক,નવના પૂરક
নোড,નોડ
গোলমাল,ઘોંઘાટ
শব্দ মোড,અવાજ મોડ
শব্দহীন কোডিং,અવાજ વિનાનું કોડિંગ
অনির্ধারণবাদ,બિન-નિર્ધારણવાદ
অ বিতরণকারী,બિન વિતરણ
খালি সেট না,ખાલી સેટ નથી
অ প্রধান,બિન પ્રાઇમ
অ-ইন্টারেক্টিভ,બિન-અરસપરસ
অ-টার্মিনাল সিস্টেম,બિન-ટર્મિનલ સિસ્ટમ
অনুদ্বায়ী মেমরি,બિન-અસ્થિર મેમરી
অ-উদ্বায়ী রাম,બિન-અસ્થિર રેમ
নন-ওয়েটেড কোড,બિન-ભારિત કોડ
NOP নির্দেশনা,NOP સૂચના
NOR,નોર
NOR গেট,નોર ગેટ
স্বাভাবিক,સામાન્ય
স্বাভাবিককরণ,સામાન્યીકરણ
নর্মালাইজার,નોર્મલાઈઝર
NOR- অপারেশন,NOR- ઓપરેશન
না,નથી
সার্কিট নয়,સર્કિટ નથી
সমতুল্য গেট নয়,સમકક્ષ દ્વાર નથી
অপারেশন নয়,ઓપરેશન નથી
না-এন্ড,નોટ-અને
না-এবং অপারেশন,નોટ-અને ઓપરેશન
না-বা,નહીં-અથવા
না-বা অপারেশন,ના-અથવા ઓપરેશન
এনপি সম্পূর্ণতা,NP પૂર્ણતા
NULL পয়েন্টার,NULL પોઇન્ટર
সংখ্যা তত্ত্ব,સંખ્યા સિદ્ધાંત
nyquist মানদণ্ড,nyquist માપદંડ
অবজেক্ট,ઑબ્જેક્ટ
অবজেক্ট ওরিয়েন্টেড,પદાર્થ કેન્દ્રિત
অক্টাল কোড,ઓક્ટલ કોડ
অক্টাল সংখ্যা,અષ્ટાંક સંખ્યા
অক্টেট,ઓક્ટેટ
অক্টরি,ઓક્ટ્રી
অদ্ভুত সমতা,વિચિત્ર સમાનતા
অফিস অটোমেশন,ઓફિસ ઓટોમેશન
অফিস সফটওয়্যার,ઓફિસ સોફ્ટવેર
অফ লাইন,ઑફ-લાઇન
অফ-লাইন প্রক্রিয়াকরণ,ઑફ-લાઇન પ્રક્રિયા
অফ সেট,બંધ-સેટ
ওমেগা স্বরলিপি,ઓમેગા નોટેશન
অনলাইন যোগাযোগ,ઓનલાઈન સંચાર
অনলাইন প্রক্রিয়াকরণ,ઓનલાઈન પ્રક્રિયા
ওপি রেজিস্টার,ઓપી રજીસ્ટર
খোলা ঠিকানা,ઓપન એડ્રેસીંગ
খোলা সিস্টেম আন্তঃসংযোগ,ઓપન સિસ્ટમ ઇન્ટરકનેક્શન
খোলা তার,ખુલ્લા વાયર
অপারেন্ড,ઓપરેન્ડ
অপারেটিং সিস্টেম,ઓપરેટિંગ સિસ્ટમ
অপারেশন,ઓપરેશન
অপারেটর,ઓપરેટર
অপটিক্যাল ক্যারেক্টার রেকগনিশন,ઓપ્ટિકલ કેરેક્ટર રેકગ્નિશન
অপটিক্যাল ফাইবার,ઓપ્ટિકલ ફાઇબર
অপটিক্যাল ফন্ট,ઓપ્ટિકલ ફોન્ટ
অপটিক্যাল মার্ক রিকগনিশন (OMR),ઓપ્ટિકલ માર્ક રેકગ્નિશન (OMR)
অপটিক্যাল মেমরি,ઓપ્ટિકલ મેમરી
অপটিক্যাল রিডার,ઓપ્ટિકલ રીડર
অপটিক্যাল স্ক্যানিং,ઓપ્ટિકલ સ્કેનિંગ
সর্বোত্তম,શ્રેષ્ઠ
অপ্টিমাইজেশান,ઑપ્ટિમાઇઝેશન
অপটো কাপলার,ઓપ્ટો કપ્લર
অপটোইলেক্ট্রনিক্স,ઓપ્ટોઈલેક્ટ્રોનિક્સ
অপটোআইসোলেটর,ઓપ્ટોઇસોલેટર
বা,અથવા
বা গেট,અથવા દરવાજો
বা অপারেশন,અથવા ઓપરેશન
দ্বারা আদেশ,દ્વારા ઓર્ડર
অগ্রাধিকারের ক্রম,અગ્રતાનો ક્રમ
অর্ডার করা জোড়া,ઓર્ડર કરેલ જોડી
অর্ডার করা সেট,ઓર્ડર કરેલ સેટ
আদেশ করা গাছ,ઓર્ડર કરેલ વૃક્ષ
আউটপুট ডেটা,આઉટપુટ ડેટા
আউটপুট ডিভাইস,આઉટપુટ ઉપકરણ
আউটপুট ফাইল,આઉટપુટ ફાઇલ
আউটপুট মডিউল,આઉટપુટ મોડ્યુલ
আউটপুট বিবৃতি,આઉટપુટ સ્ટેટમેન્ટ
আউটপুট স্ট্রীম,આઉટપુટ સ્ટ્રીમ
আউটপুট ইউনিট,આઉટપુટ એકમ
ওভার প্রবাহ,ઓવર ફ્લો
উপর রাখা,ઉપર મૂકે છે
ওভার লোড,ઓવર લોડ
মুদ্রণ উপর,પ્રિન્ટીંગ ઉપર
ওভার রান,ઓવર રન
ওভার রান ত্রুটি,ઓવર રન ભૂલ
ওভারহেড বিট,ઓવરહેડ બીટ
ওভারল্যাপ,ઓવરલેપ
ওভারলে প্রোগ্রাম,ઓવરલે પ્રોગ્રામ
ওভাররাইড বাধা,ઓવરરાઇડ વિક્ષેપ
ওভাররাইট করুন,ઓવરરાઇટ કરો
নিজস্ব কোডিং,પોતાનું કોડિંગ
প্যাক,પૅક
প্যাকেজ,પેકેજ
প্যাকেট,પેકેટ
প্যাকেট সুইচিং,પેકેટ સ્વિચિંગ
প্যাকিং ফ্যাক্টর,પેકિંગ પરિબળ
প্যাডিং,ગાદી
পাতা,પાનું
পৃষ্ঠা ঠিকানা,પૃષ્ઠ સરનામું
পৃষ্ঠা বিরতি,પૃષ્ઠ વિરામ
পৃষ্ঠা ফুটিং,પૃષ્ઠ ફૂટિંગ
পৃষ্ঠা,માં પૃષ્ઠ
পৃষ্ঠা আউট,પાનું બહાર
পৃষ্ঠা পাঠক,પૃષ્ઠ રીડર
পৃষ্ঠা অদলবদল,પૃષ્ઠ સ્વેપ
পৃষ্ঠাযুক্ত মেমরি,પૃષ્ઠવાળી મેમરી
পেজিং,પેજીંગ
পাম শীর্ষ,પામ ટોપ
কাগজ সেন্সর,પેપર સેન્સર
সমান্তরাল অ্যালগরিথাম,સમાંતર અલ્ગોરિધમ
সমান্তরাল কম্পিউটার,સમાંતર કમ્પ્યુટર
সমান্তরাল ইন্টারফেস,સમાંતર ઈન્ટરફેસ
সমান্তরাল পোর্ট,સમાંતર બંદર
সমান্তরাল প্রক্রিয়াকরণ,સમાંતર પ્રક્રિયા
সমান্তরাল প্রোগ্রামিং,સમાંતર પ્રોગ્રામિંગ
প্যারামিটার,પરિમાણ
অভিভাবক,પિતૃ
সমতা,સમાનતા
পার্স গাছ,પાર્સ વૃક્ષ
পার্সার,પાર્સર
পার্সিং,પદચ્છેદન
বিভাজন,પાર્ટીશન
বিভাজন,પાર્ટીશન
পাসওয়ার্ড,પાસવર્ડ
পথ,પાથ
প্যাটার্ন স্বীকৃতি,પેટર્ન ઓળખ
পিসি-ডিস্ক অপারেটিং সিস্টেম (পিসিডিওএস),પીસી-ડિસ્ક ઓપરેટિંગ સિસ્ટમ (પીસીડીઓએસ)
সমকক্ষ ব্যক্তি,પીઅર
কলম চক্রান্তকারী,પેન કાવતરું
পেন্টিয়াম,પેન્ટિયમ
পর্যায়ক্রমিক,સામયિક
পেরিফেরাল,પેરિફેરલ્સ
পেরি,પેરી
স্থায়ী ভার্চুয়াল সার্কিট,કાયમી વર્ચ્યુઅલ સર્કિટ
অবিচল,નિરંતર
ব্যক্তিগত কম্পিউটার (পিসি),વ્યક્તિગત કમ્પ્યુટર (પીસી)
কর্মী ডিজিটাল সহকারী (PDA),કર્મચારી ડિજિટલ સહાયક (PDA)
ফ্যান্টম,ફેન્ટમ
পর্যায়,તબક્કો
ফোনমে,ફોનમે
ফোনেটিক সিস্টেম,ધ્વન્યાત્મક સિસ્ટમ
ফটো ডায়োড,ફોટો ડાયોડ
শারীরিক,ભૌતિક
শারীরিক ইন্টারফেস,ભૌતિક ઇન્ટરફેસ
পিকো,પીકો
পাই চিত্র,પાઇ ચાર્ટ
পাই গ্রাফ,પાઇ ગ્રાફ
পিচ,પીચ
পিক্সেল,પિક્સેલ
প্লেইন ascii (ASCII),સાદો ascii (ASCII)
প্লেইন টেক্সট,સાદો લખાણ
পরিকল্পনা,આયોજન
প্ল্যাটফর্ম,પ્લેટફોર્મ
চক্রান্তকারী,કાવતરું કરનાર
চক্রান্ত মাথা,કાવતરું વડા
প্লাগবোর্ড,પ્લગબોર્ડ
বিন্দু,બિંદુ
পয়েন্ট টু পয়েন্ট প্রোটোকল (পিপিপি),પોઈન્ટ ટુ પોઈન્ટ પ્રોટોકોલ (PPP)
পয়েন্টার,નિર્દેશક
মেরুকরণ,ધ્રુવીકરણ
পোলিং,મતદાન
বহুভুজ ক্লিপিং,બહુકોણ ક્લિપિંગ
পলিমরফিজম,પોલીમોર્ફિઝમ
বহুপদ,બહુપદી
POP (পোস্ট অফিস প্রোটোকল),POP (પોસ્ટ ઓફિસ પ્રોટોકોલ)
পপ - আপ মেনু,પોપ-અપ મેનુ
বহনযোগ্যতা,પોર્ટેબિલિટી
প্রতিকৃতি,પોટ્રેટ
পোস্ট অর্ডার,પોસ્ટ ઓર્ડર
পোস্ট স্ক্রিপ্ট,પોસ્ટ સ્ક્રિપ્ટ
পোস্টাম্বল বিট,પોસ્ટેમ્બલ બીટ
পোস্টফিক্স,પોસ્ટફિક્સ
ক্ষমতা হ্রাস,વીજળી ગુલ
যন্ত্র বন্ধ,પાવર બંધ
পাওয়ার অন,પાવર-ઑન
চালু কর,પાવર
প্রস্তাবনা বিট,પ્રસ્તાવના બીટ
অগ্রাধিকার গ্রাফ,અગ્રતા ગ્રાફ
পূর্বাভাস,અનુમાન
পূর্বনির্ধারিত সময়সূচী,પૂર્વગ્રહયુક્ત સમયપત્રક
প্রি-ফিক্স,પ્રી-ફિક્સ
প্রিপ্রসেসিং,પ્રીપ્રોસેસિંગ
প্রক্রিয়া,પ્રક્રિયા
প্রক্রিয়া সুইচ,પ્રક્રિયા સ્વીચ
প্রক্রিয়াকরণ,પ્રક્રિયા
প্রসেসর,પ્રોસેસર
উৎপাদন,ઉત્પાદન
কার্যক্রম,કાર્યક્રમ
প্রোগ্রাম সংকলন,પ્રોગ્રામ સંકલન
প্রোগ্রাম নগদ,કાર્યક્રમ રોકડ
প্রোগ্রাম ডিবাগিং,પ્રોગ્રામ ડીબગીંગ
প্রোগ্রাম ডিজাইন,પ્રોગ્રામ ડિઝાઇન
প্রোগ্রাম মূল্যায়ন এবং পর্যালোচনা কৌশল (PERT),પ્રોગ્રામ મૂલ્યાંકન અને સમીક્ષા તકનીક (PERT)
প্রোগ্রাম বন্ধ,કાર્યક્રમ બંધ
প্রোগ্রাম লাইব্রেরি,પ્રોગ્રામ લાઇબ્રેરી
প্রোগ্রাম চালানো,કાર્યક્રમ ચલાવો
প্রোগ্রামার,પ્રોગ્રામર
প্রোলগ,પ્રોલોગ
PROM,પ્રોમ
প্রচার,પ્રચાર
প্রস্তাব,દરખાસ્ત
সুরক্ষিত কী,સુરક્ષિત કી
সুরক্ষা,રક્ષણ
প্রোটোকল,પ્રોટોકોલ
প্রোটোকল অনুবাদ,પ્રોટોકોલ અનુવાદ
সুডোকোড,સ્યુડો કોડ
পাবলিক ডেটা নেটওয়ার্ক,જાહેર ડેટા નેટવર્ક
উন্মুক্ত এলাকা,જાહેર ક્ષેત્ર
পাবলিক কী এনক্রিপ্টিং,સાર્વજનિક કી એન્ક્રિપ્ટીંગ
স্পন্দন,પલ્સ
পালস কোড মডুলেশন,પલ્સ કોડ મોડ્યુલેશન
পালস ডিজিটাল মড্যুলেশন (PDM),પલ્સ ડિજિટલ મોડ્યુલેશન (PDM)
পালস ট্রেন,પલ્સ ટ્રેન
বিরাম চিহ্ন,વિરામચિહ્ન
ধাক্কা,દબાણ
অটোমেটা নিচে ধাক্কা,ઓટોમેટાને નીચે દબાણ કરો
পুশআপ তালিকা,પુશઅપ સૂચિ
চতুর্ভুজ ঘনত্ব,ચતુર્ભુજ ઘનતા
যোগ্যতা,લાયકાત
কোয়ান্টিফায়ার,ક્વોન્ટિફાયર
কোয়ান্টাইজ করুন,પરિમાણ
কোয়ান্টাইজার,ક્વોન્ટાઈઝર
কোয়ান্টাম,ક્વોન્ટમ
কোয়ান্টাম ঘড়ি,ક્વોન્ટમ ઘડિયાળ
কোয়ান্টাম কম্পিউটিং,ક્વોન્ટમ કમ્પ્યુટિંગ
উদাহরণ দ্বারা প্রশ্ন,ઉદાહરણ દ્વારા ક્વેરી
প্রশ্ন,પ્રશ્ન
প্রশ্নের ভাষা,ક્વેરી ભાષા
অনুসন্ধান প্রক্রিয়াকরণ,ક્વેરી પ્રક્રિયા
কিউ,કતાર
সারি ব্যবস্থাপনা,કતાર વ્યવસ્થાપન
সারি রেজিস্টার,કતાર રજીસ્ટર
সারিবদ্ধ নেটওয়ার্ক,કતારબદ્ધ નેટવર્ક
সারিবদ্ধ তত্ত্ব,કતાર સિદ્ધાંત
দ্রুত অ্যাক্সেস মেমরি,ઝડપી ઍક્સેસ મેમરી
ভাগফল,અવશેષ
রেডিও ফ্রিকোয়েন্সি হস্তক্ষেপ (RFI),રેડિયો આવર્તન દખલગીરી (RFI)
রেডিক্স,મૂલાંક
র্যান্ডম এক্সেস কম্পিউটার ইকুইপমেন্ট (RACE),રેન્ડમ એક્સેસ કમ્પ્યુટર સાધનો (RACE)
এলোমেলো অ্যাক্সেস মেমরি (RAM),રેન્ડમ એક્સેસ મેમરી (RAM)
র্যান্ডম স্ক্যান,રેન્ડમ સ્કેન
রাস্টার,રાસ્ટર
রাস্টার স্ক্যান,રાસ્ટર સ્કેન
আবার ইঞ্জিনিয়ারিং,ફરીથી એન્જિનિયરિંગ
পুনরায় বৃদ্ধি,પુનઃ વિસ્તરણ
নাগালযোগ্যতা,સુગમતા
পড়ুন,વાંચવું
মাথা পড়া,વડા વાંચો
শুধুমাত্র পাঠযোগ্য,ફક્ત વાંચી
শুধুমাত্র স্মৃতি পড়া,માત્ર વાંચન મેમરી
পড়া লেখা মাথা,વાંચો લખવાનું માથું
পড়া/লেখা চক্র,વાંચન/લેખન ચક્ર
পড়া/লেখা মাথা,હેડ વાંચો/લખો
পড়া/লেখা,વાંચો લખો
পাঠক,વાચક
পড়া,વાંચન
উচ্চারণ করা,વાંચવું
বাস্তব,વાસ્તવિક
বাস্তব সময় প্রক্রিয়াকরণ,વાસ્તવિક સમય પ્રક્રિયા
রিসিভার,રીસીવર
স্বীকৃতি যুক্তি,માન્યતા તર્ક
পুনরায় কম্পাইল করুন,ફરીથી કમ્પાઇલ કરો
রেকর্ড,રેકોર્ડ
রেকর্ডিং মাথা,રેકોર્ડિંગ હેડ
পুনরুদ্ধারযোগ্য ত্রুটি,પુનઃપ્રાપ્ત ભૂલ
পুনরুদ্ধার,પુન: પ્રાપ્તિ
recursim উপপাদ্য,પુનરાવર્તિત પ્રમેય
পুনরাবৃত্তি,પુનરાવર્તન
পুনরাবৃত্ত ফাংশন,પુનરાવર્તિત કાર્ય
হ্রাসকৃত নির্দেশনা সেট কম্পিউটার (RISC),ઘટાડો સૂચના સેટ કમ્પ્યુટર (RISC)
অপ্রয়োজনীয়তা,નિરર્થકતા
স্বাধীন ডিস্কের অপ্রয়োজনীয় অ্যারে (RAID),સ્વતંત્ર ડિસ્કની રીડન્ડન્ટ એરે (RAID)
পুনঃপ্রবেশকারী,પુનઃ પ્રવેશ
পুনরায় প্রবেশকারী কোড,પુનઃપ્રવેશ કોડ
রেফারেন্স,સંદર્ભ
উল্লেখ সততা,સંદર્ભ અખંડિતતા
প্রতিফলন,પ્રતિબિંબ
প্রতিবিম্ব,પ્રતિબિંબ
প্রতিসরণ,રીફ્રેક્શન
রিফ্রেশ,તાજું કરો
পুনর্জন্ম,પુનર્જન્મ
নিবন্ধন,નોંધણી કરો
নিয়মিত ব্যাকরণ,નિયમિત વ્યાકરણ
সম্পর্ক,સંબંધ
সম্পর্কিত তথ্য ভাণ্ডার,રિલેશનલ ડેટાબેઝ
রিলেশনাল ডাটাবেস ম্যানেজমেন্ট সিস্টেম (RDBMS),રિલેશનલ ડેટાબેઝ મેનેજમેન્ટ સિસ્ટમ (RDBMS)
রিলেশনাল মডেল,રિલેશનલ મોડલ
আপেক্ষিক,સંબંધી
আপেক্ষিক ঠিকানা,સંબંધિત સંબોધન
রিলে,રિલે
নির্ভরযোগ্যতা মডেলিং,વિશ્વસનીયતા મોડેલિંગ
নির্ভরযোগ্য,વિશ્વસનીય
স্থানান্তরযোগ্য কোড,રિલોકેટેબલ કોડ
দূরবর্তী,દૂરસ્થ
দূরবর্তী হোস্ট,દૂરસ્થ યજમાન
দূরবর্তী কাজের এন্ট্রি,દૂરસ્થ જોબ એન્ટ્રી
দূরবর্তী লগ ইন,દૂરસ્થ લોગ-ઇન
দূরবর্তী পদ্ধতি কল (RPC),દૂરસ્થ પ્રક્રિયા કૉલ (RPC)
রিমোট সেন্সিং,રિમોટ સેન્સિંગ
নাম পরিবর্তন করুন,નામ બદલો
রেন্ডারিং,રેન્ડરીંગ
রিপিটার,રીપીટર
উত্তর দিন,જવાબ આપો
অনুরোধ,વિનંતી
মন্তব্যের জন্য অনুরোধ (RFC),ટિપ્પણીઓ માટે વિનંતી (RFC)
অনুরোধ/উত্তর প্রোটোকল,વિનંતી/જવાબ પ્રોટોકોલ
প্রোগ্রাম পুনরায় চালান,પ્રોગ્રામ ફરીથી ચલાવો
গবেষণা,સંશોધન
চক্র পুনরায় সেট করুন,રીસેટ ચક્ર
বাসিন্দা,રહેવાસી
রেজোলিউশন,ઠરાવ
সম্পদ,સંસાધનો
প্রতিক্রিয়া সময়,પ્રતિભાવ સમય
আবার শুরু,ફરી થી શરૂ કરવું
পুনরুদ্ধার করুন,પુનઃસ્થાપિત
রিট্রেস,રીટ્રેસ
রিট্রান্সমিশন,રીટ્રાન્સમિશન
পুনরুদ্ধার করুন,પુનઃપ્રાપ્ત કરો
পুনরায় চেষ্টা করা,ફરી પ્રયાસ કરો
প্রত্যাবর্তন,પરત
রিটার্ন কোড,રીટર્ન કોડ
রিটার্ন কী,રીટર્ન કી
পুনরায় ব্যবহারযোগ্য কোড,ફરીથી વાપરી શકાય તેવા કોડ
পুনর্লিখনযোগ্য,ફરીથી લખી શકાય તેવું
আরজিবি মনিটর,આરજીબી મોનિટર
ফিতা,રિબન
সঠিক সমস্যা,યોગ્ય મુદ્દો
রোবট,રોબોટ
যন্ত্রমানব নির্মাণ বিদ্যা,રોબોટિક્સ
বলিষ্ঠ,મજબુત
ভূমিকা,ભૂમિકા
ফিরে আসা,પાછા વળો
রোল ইন,રોલ ઇન કરો
রোল আউট,રોલ આઉટ
রম,રોમ
রুট,રુટ
রুট ডিরেক্টরি,રૂટ ડિરેક્ટરી
ত্রুটির রাউন্ড,ભૂલનો રાઉન્ડ
রাউটার,રાઉટર
রাউটিং,રૂટીંગ
RS232C ইন্টারফেস,RS232C ઇન્ટરફેસ
RSA এনক্রিপশন,RSA એન્ક્રિપ્શન
আরটিসি,આરટીસી
দৈর্ঘ্য এনকোডিং চালান,લંબાઈ એન્કોડિંગ ચલાવો
রান সময়,રન સમય
রান টাইম ত্রুটি,રનટાઈમ ભૂલ
নমুনা,નમૂના
স্যাম্পলিং,સેમ્પલિંગ
স্যাটেলাইট,ઉપગ્રહ
স্যাচুরেটিং,સંતૃપ્ત
সংরক্ষণ,સાચવો
পরিমাপযোগ্যতা,માપનીયતા
স্কেলার,સ્કેલર
স্ক্যানিং,સ્કેનિંગ
দৃশ্যকল্প,દૃશ્ય
সময়সূচী,શેડ્યૂલર
স্ক্রিন ইমেজ প্রজেক্টর,સ્ક્રીન ઇમેજ પ્રોજેક્ટર
লিপি,સ્ક્રિપ્ટ
স্ক্রিপ্টিং ভাষা,સ્ક્રિપ્ટીંગ ભાષા
স্ক্রোলিং,સ્ક્રોલિંગ
SDLC (সিক্রোনাস ডেটা লিঙ্ক নিয়ন্ত্রণ),SDLC (સિક્રોનસ ડેટા લિંક નિયંત્રણ)
অনুসন্ধান করুন,શોધો
খোঁজ যন্ত্র,શોધ એન્જિન
অনুসন্ধান গাছ,શોધ વૃક્ષ
অনুসন্ধান করা হচ্ছে,શોધી રહ્યાં છે
মাধ্যমিক,ગૌણ
সেক্টর,સેક્ટર
নিরাপত্তা নীতি,સુરક્ષા નીતિ
সময় নেওয়া,સમય શોધો
সেগমেন্ট,સેગમેન્ટ
সেগমেন্টেশন,વિભાજન
নির্বাচন বাছাই,પસંદગી સૉર્ટ
স্বয়ংসম্পূর্ণ,સ્વયં સમાયેલ
শব্দার্থবিদ্যা,અર્થશાસ્ત્ર
সেমাফোর,સેમાફોર
সেমিকন্ডাক্টর,સેમિકન્ડક્ટર
শব্দার্থিক ওয়েব,સિમોન્ટિક વેબ
অনুক্রমিক অ্যাক্সেস পদ্ধতি,અનુક્રમિક ઍક્સેસ પદ્ધતિ
সিরিয়াল,સીરીયલ
সিরিয়ালাইজার,સીરીયલાઇઝર
সার্ভার,સર્વર
সার্ভার ক্র্যাশ,સર્વર ક્રેશ
সার্ভার লাইসেন্স,સર્વર લાઇસન્સ
সার্ভো গুণক,સર્વો ગુણક
সেট,સેટ
চিহ্নিত করা,પોઈન્ટ નક્કી કરો
সেট আপ,સ્થાપના
ছায়া,છાંયો
শেডিং,શેડિંગ
ছায়া,પડછાયો
ফাইল শেয়ার করুন,ફાઈલ શેર કરો
ভাগ করা অ্যাক্সেস,વહેંચાયેલ ઍક્સેસ
শেয়ারিং,શેરિંગ
শেল,શેલ
চরিত্র পরিবর্তন,પાત્ર બદલો
শর্ট সার্কিট,શોર્ટ સર્કિટ
সংক্ষিপ্ত নির্দেশ,ટૂંકી સૂચના
ভাইবোন,બહેન
পার্শ্ব প্রতিক্রিয়া,આડઅસર
সাইন বিট,સાઇન બીટ
সংকেত,સિગ્નલ
সংকেত প্রক্রিয়াজাতকরণ,સિગ્નલ પ્રોસેસિંગ
সংকেত,સિગ્નલિંગ
শব্দ অনুপাত থেকে সংকেত,સિગ્નલ-ટુ-અવાજ ગુણોત્તર
স্বাক্ষর,સહી
স্বাক্ষর পরীক্ষা,સહી પરીક્ષણ
উল্লেখযোগ্য সংখ্যা,નોંધપાત્ર અંક
সিলিকন চিপ,સિલિકોન ચિપ
সাধারণ মেল ট্রান্সফার প্রোটোকল (SMTP),સિમ્પલ મેઇલ ટ્રાન્સફર પ્રોટોકોલ (SMTP)
সিমপ্লেক্স,સિમ્પ્લેક્સ
সিমপ্লেক্স নোড,સિમ્પ્લેક્સ નોડ
সিমুলেশন,સિમ્યુલેશન
সিমুলেটর,સિમ્યુલેટર
যুগপত,એક સાથે
যুগপত প্রক্রিয়াকরণ,એક સાથે પ્રક્રિયા
সিঙ্গেলটন,સિંગલટન
সাইটের লাইসেন্স,સાઇટ લાયસન્સ
আকার,કદ
সাইজিং,કદ બદલવાનું
স্কেচিং,સ્કેચિંગ
এড়িয়ে যান,છોડો
স্কিপিং,છોડવું
স্ল্যাশ,સ્લેશ
স্লেভ কম্পিউটার,ગુલામ કમ્પ્યુટર
স্লাইডিং উইন্ডো প্রোটোকল,સ્લાઇડિંગ વિન્ડો પ્રોટોકોલ
স্লিপ,સ્લિપ
স্লট,સ્લોટ
ছোট কম্পিউটার সিস্টেম ইন্টারফেস (SCSI),નાના કમ્પ્યુટર સિસ્ટમ ઇન્ટરફેસ (SCSI)
স্মার্ট কার্ড,સ્માર્ટ કાર્ડ
শামুক মেইল,ગોકળગાય મેલ
স্ন্যাপশট,સ્નેપશોટ
নরম কম্পিউটিং,સોફ્ટ કમ્પ્યુટિંગ
সফট কপি,સોફ્ટ કોપી
নরম ফন্ট,સોફ્ટ ફોન્ટ
সফটওয়্যার,સોફ્ટવેર
সফ্টওয়্যার প্রকৌশল,સોફ્ટવેર એન્જિનિયરિંગ
সফ্টওয়্যার লাইসেন্স,સોફ્ટવેર લાઇસન્સ
সফটওয়্যার পাইরেসি,સોફ્ટવેર ચાંચિયાગીરી
বর্ণালী,સ્પેક્ટ્રમ
সর্পিল,સર્પાકાર
শীট ছড়িয়ে,શીટ ફેલાવો
স্ট্যান্ডার্ড,ધોરણ
স্ট্যান্ডার্ড সাধারণীকৃত মার্কআপ ভাষা (SGML),માનક સામાન્યકૃત માર્કઅપ ભાષા (SGML)
প্রমিতকরণ,માનકીકરણ
Standby সময়,સ્ટેન્ડબાય સમય
তারকা LAN,સ્ટાર LAN
তারকা টপোলজি,સ્ટાર ટોપોલોજી
বিট শুরু,થોડી શરૂઆત કરો
অনাহার,ભૂખમરો
স্ট্যাটিক মেমরি&#39;,સ્થિર મેમરી&#39;
স্ট্যাটাস চ্যানেল,સ્થિતિ ચેનલ
ধাপে আকার,પગલું કદ
থামুন এবং প্রোটোকল অপেক্ষা করুন,રોકો અને પ્રોટોકોલ રાહ જુઓ
স্টপ কোড,સ્ટોપ કોડ
স্টপ কী,સ્ટોપ કી
সঞ্চয়যোগ্যতা,સંગ્રહક્ષમતા
সংরক্ষিত প্রোগ্রাম,સંગ્રહિત કાર્યક્રમ
স্ট্রিং ডেটা,સ્ટ્રિંગ ડેટા
কাঠামোগত কোডিং,સંરચિત કોડિંગ
কাঠামোগত ক্যোয়ারী ভাষা (SQL),સ્ટ્રક્ચર્ડ ક્વેરી લેંગ્વેજ (SQL)
শৈলী শীট,સ્ટાઇલ શીટ
সাব-ডিরেক্টরি,સબ-ડિરેક્ટરી
সাবনেট,સબનેટ
সাবট্রি,સબટ્રી
সারসংক্ষেপ,સારાંશ
সুপার কম্পিউটার,સુપર કમ્પ્યુટર
সুপার কম্পিউটিং,સુપર કમ્પ્યુટિંગ
সুপার কী,સુપર કી
সুপার ব্যবহারকারী,સુપર વપરાશકર્તા
তত্ত্বাবধানে শিক্ষা,નિરીક્ષણ કરેલ શિક્ષણ
সমর্থন চিপ,સપોર્ટ ચિપ
সার্ফ,સર્ફ
সার্ফিং,સર્ફિંગ
অদলবদল,સ્વેપ
অদলবদল,અદલાબદલી
অদলবদল করা,બહાર કાઢો
অদলবদল,અદલાબદલી
সুইচড নেটওয়ার্ক,સ્વિચ કરેલ નેટવર્ક
সুইচিং,સ્વિચિંગ
স্যুইচিং তত্ত্ব,સ્વિચિંગ થિયરી
প্রতীকী প্রোগ্রামিং,સાંકેતિક પ્રોગ્રામિંગ
সিঙ্ক্রোনাইজেশন,સિંક્રનાઇઝેશન
সিঙ্ক্রোনাইজার,સિંક્રોનાઇઝર
সিঙ্ক্রোনাস,સિંક્રનસ
সিঙ্ক্রোনাস ডিজিটাল হায়ারার্কি (SDH),સિંક્રનસ ડિજિટલ વંશવેલો (SDH)
সিনট্যাক্স বিশ্লেষণ,વાક્યરચના વિશ્લેષણ
ধারা বিশ্লেষণ,સિસ્ટમ વિશ્લેષણ
সিস্টেম ইঞ্জিনিয়ারিং,સિસ્ટમ એન્જિનિયરિંગ
সিস্টেম হ্যাকার,સિસ્ટમ હેકર
ব্যাবস্থা সংযোগকারক,સિસ્ટમ ઇન્ટિગ્રેટર
সিস্টেম লগ,સિસ્ટમ લોગ
সিস্টেম মাস্ক,સિસ્ટમ માસ્ક
সিস্টেম নেটওয়ার্ক আর্কিটেকচার (SNA),સિસ્ટમ નેટવર્ક આર્કિટેક્ચર (SNA)
সিস্টেম প্রোগ্রামার,સિસ્ટમ પ્રોગ્રામર
সিস্টেম রিস্টার্ট,સિસ્ટમ પુનઃપ્રારંભ કરો
সিস্টেম শাটডাউন,સિસ્ટમ બંધ
সিস্টেম পরীক্ষা,સિસ્ટમ પરીક્ષણ
সিস্টেম ইউটিলিটি,સિસ્ટમ ઉપયોગિતા
পদ্ধতিগত কোড,વ્યવસ્થિત કોડ
ট্যাব কমান্ড,ટેબ આદેશ
টেবিল,ટેબલ
টেবিল দেখুন,ટેબલ ઉપર જુઓ
টেবিল স্পেস,ટેબલ જગ્યા
ট্যাবলেট,ટેબ્લેટ
ট্যাবুলার অ্যারে,ટેબ્યુલર એરે
ট্যাবুলেটিং ফাংশন,ટેબ્યુલેટીંગ કાર્ય
ট্যাগ করা আর্কিটেকচার,ટૅગ કરેલ આર્કિટેક્ચર
ট্যাগ করা ছবি ফাইল ফরম্যাট (TIFF),ટૅગ કરેલ ઇમેજ ફાઇલ ફોર્મેટ (TIFF)
ট্যান্ডাম সিস্টেম,ટેન્ડમ સિસ્ટમ
টেপ ঘনত্ব,ટેપ ઘનતા
টেপ মাস্ক,ટેપ માસ્ક
tar ফাইল,ટાર ફાઇલ
টাস্ক,કાર્ય
টাস্ক বার,કાર્ય પટ્ટી
কাজের সূচি,કાર્ય અનુસૂચિ
TCP/IP (ট্রান্সমিশন কন্ট্রোল প্রোটোকল/ইন্টারনেট প্রোটোকল),TCP/IP (ટ્રાન્સમિશન કંટ્રોલ પ્રોટોકોલ/ઇન્ટરનેટ પ્રોટોકોલ)
টিয়ারডাউন অপারেশন,ફાડવાની કામગીરી
টেলিকম,ટેલિકોમ
টেলিযোগাযোগ,ટેલિકોમ્યુનિકેશન
টেলিকনফারেন্স,ટેલિકોન્ફરન્સ
টেলিকনফারেন্সিং,ટેલિકોન્ફરન્સિંગ
টেলিগ্রাফি,ટેલિગ્રાફી
টেলিমেট্রি,ટેલિમેટ્રી
টেলিফোন,ટેલિફોન
টেলিফোনি,ટેલિફોની
টেলিপ্রিন্টার,ટેલિપ્રિંટર
টেলিপ্রসেসিং,ટેલિપ્રોસેસિંગ
টেলিভিশন,ટેલિવિઝન
টেলেক্স,ટેલેક્સ
টেলনেট,ટેલનેટ
তাপমাত্রা,તાપમાન
টেমপ্লেট,ઢાંચો
দশের পরিপূরক,દસનું પૂરક
তেরা বাইট,ટેરા બાઈટ
তেরা ফ্লপ,તેરા ફ્લોપ
টার্মিনাল কার্সার,ટર્મિનલ કર્સર
টার্মিনাল নোড,ટર્મિનલ નોડ
টার্মিনাল উইন্ডো,ટર્મિનલ વિન્ડો
সমাপ্তি,સમાપ્તિ
টারনারি,ટર્નરી
টার্নারি অপারেশন,ટર્નરી ઓપરેશન
পরীক্ষা,ટેસ્ટ
পরীক্ষার কভারেজ,પરીક્ષણ કવરેજ
পরীক্ষা চালানো,ટેસ્ટ રન
টেস্ট-ডেটা,ટેસ્ટ-ડેટા
পাঠ্য,ટેક્સ્ટ
টেক্সট বক্স,ટેક્સ્ટ બોક્સ
পাঠ্য কার্সার,ટેક્સ્ટ કર્સર
টেক্সট সম্পাদক,ટેક્સ્ટ એડિટર
লেখার ফাইল,ટેક્સ્ટ ફાઇલ
পাঠ্য মোড,ટેક્સ્ટ મોડ
পাঠ্য প্রক্রিয়াকরণ,ટેક્સ્ટ પ્રોસેસિંગ
টেক্সট টু স্পিচ (TTS),ટેક્સ્ટ ટુ સ્પીચ (TTS)
টেক্সচার ম্যাপিং,ટેક્સચર મેપિંગ
টি-ফ্লিপ-ফ্লপ,ટી-ફ્લિપ-ફ્લોપ
থারমাল প্রিন্টার,થર્મલ પ્રિન્ટર
পাতলা ফিল্ম মেমরি,પાતળી ફિલ્મ મેમરી
পাতলা ফিল্ম ট্রানজিস্টর,પાતળા ફિલ્મ ટ્રાંઝિસ્ટર
মারধর,થ્રેશિંગ
থ্রেড,થ્રેડ
থ্রেডিং,થ્રેડીંગ
ত্রিস্তর নেটওয়ার্ক,ત્રીજું નેટવર્ક
থ্রুপুট,થ્રુપુટ
সময় জটিলতা,સમયની જટિલતા
টাইম ডিভিশন মাল্টিপ্লেক্সিং (TDM),ટાઇમ ડિવિઝન મલ્ટિપ્લેક્સિંગ (TDM)
সময় ফ্রেম,સમય ફ્રેમ
সময় ফ্রেম,સમય ફ્રેમ
সময় মেশিন,સમય યંત્ર
সময় শেষ,સમય સમાપ્ત
সময় পরিমাপ,સમય પરિમાણ
সময় সিরিজ,સમય શ્રેણી
সময় ভাগ,સમય વહેંચણી
সময় ভাগ করে নেওয়ার সিস্টেম,સમય વહેંચણી સિસ્ટમ
সময় স্ট্যাম্প,સમય સ્ટેમ્પ
টাইমিং ডায়াগ্রাম,સમય રેખાકૃતિ
আভা,રંગભેદ
টগল,ટૉગલ કરો
টগল করার গতি,ટૉગલ કરવાની ઝડપ
টোকেন,ટોકન
টোকেন বাস,ટોકન બસ
টোকেন বাস,ટોકન બસ
টোকেন বাস নেটওয়ার্ক,ટોકન બસ નેટવર્ક
টোকেন রিং,ટોકન રીંગ
টোকেন কথা,ટોકન ચર્ચા
টুল,સાધન
আপাদোমোস্তোক,ઉપરથી નીચે
টপ ডাউন ডিজাইন,ટોપ ડાઉન ડિઝાઇન
টপ ডাউন পার্সিং,ઉપરથી નીચેનું પદચ્છેદન
টপোলজি,ટોપોલોજી
স্পর্শ প্যাড,ટચ પેડ
স্পর্শ পর্দা,ટચ સ્ક્રીન
ট্রেস,ટ્રેસ
ট্রেসিং,ટ્રેસિંગ
ট্র্যাক,ટ્રેક
ট্র্যাক ডিস্ক,ટ્રેક ડિસ્ક
ট্র্যাক টেপ,ટ્રેક ટેપ
ট্র্যাকিং,ટ્રેકિંગ
লতা,ટ્રેલર
গতিপথ,માર્ગ
লেনদেন,સોદા
লেনদেন ফাইল,વ્યવહાર ફાઇલ
লেনদেনের লগ,વ્યવહાર લોગ
প্রতিলিপি,ટ્રાંસ્ક્રાઇબ કરો
ট্রান্সডুসার,ટ્રાન્સડ્યુસર
স্থানান্তর হার,ટ્રાન્સફર દર
স্থানান্তর সময়,ટ્રાન્સફર સમય
রূপান্তর,પરિવર્તન
ক্ষণস্থায়ী ত্রুটি,ક્ષણિક ભૂલ
ট্রানজিট সময়,પરિવહન સમય
উত্তরণ,સંક્રમણ
ট্রানজিটিভ,સંક્રમિત
ট্রানজিটিভিটি,સંક્રમણ
অনুবাদ,અનુવાદ
সংক্রমণ,ટ્રાન્સમિશન
ট্রান্সমিশন কন্ট্রোল প্রোটোকল (TCP),ટ્રાન્સમિશન કંટ્રોલ પ્રોટોકોલ (TCP)
পরিচলন রেখা,ટ્રાન્સમિશન લાઇન
ট্রান্সমিটার,ટ્રાન્સમીટર
স্বচ্ছতা,પારદર્શિતા
ট্রান্সপন্ডার,ટ્રાન્સપોન્ડર
পরিবহন,પરિવહન
স্থানান্তর,સ્થાનાંતરણ
ট্রান্সপুটার,ટ્રાન્સપ્યુટર
ট্রান্সরিভার,ટ્રાન્સરીવર
ফাঁদে ফেলা,ટ્રેપિંગ
ট্রাভার্স,ટ્રાવર્સ
গাছ (ট্রাভার্সাল),વૃક્ષ (ટ્રાવર્સલ)
গাছ নেটওয়ার্ক,વૃક્ષ નેટવર્ક
উপনদী সার্কিট,ઉપનદી સર્કિટ
তুচ্ছ গ্রাফ,તુચ્છ ગ્રાફ
সমস্যা অঙ্কুর,મુશ્કેલી શૂટ
ছাঁটা,કાપો
সঠিক তালিকা,સત્ય ટેબલ
টিউনার,ટ્યુનર
টানেলিং,ટનલીંગ
টানিং,ટ્યુનિંગ
টুপল,ટપલ
টার্বো প্যাসকেল,ટર્બો પાસ્કલ
টিউরিং মেশিন,ટ્યુરિંગ મશીન
সময় ঘুরিয়ে দিন,સમય ફેરવો
নথি ঘুরিয়ে দিন,દસ્તાવેજ ફેરવો
পরিবর্তনের ক্রম,ટર્નઅરાઉન્ડ ક્રમ
টুইন তারের,ટ્વીન કેબલ
পাকানো জোড়া,ટ્વિસ્ટેડ જોડી
দুই অংশ সংযোজনকারী,બે ભાગ એસેમ્બલર
দুই এর পরিপূরক,બે પૂરક
টাইপ,પ્રકાર
টাইপ মুখ,પ્રકાર ચહેરો
মাথা টাইপ করুন,પ્રકાર વડા
টাইপ চাকা,પ્રકાર વ્હીલ
টাইপিং,ટાઈપિંગ
আন ইন্টারপ্টেবল পাওয়ার সোর্স (ইউপিএস),અન ઇન્ટરપ્ટેબલ પાવર સ્ત્રોત (UPS)
unary অপারেশন,યુનરી ઓપરેશન
unary অপারেশন,યુનરી ઓપરેશન
unary অপারেটর,યુનરી ઓપરેટર
অনিশ্চয়তা,અનિશ્ચિતતા
শর্তহীন বিবৃতি,બિનશરતી નિવેદન
অগণিত,અગણિત
উন্মোচন,ઉઘાડું
সিদ্ধান্তহীন,અનિર્ણાયક
অনির্ধারিত,અવ્યાખ્યાયિત
অনির্ধারিত রেকর্ড,અવ્યાખ્યાયિત રેકોર્ડ
মুছে ফেলুন,કાઢી નાખો
আন্ডারস্কোর,નીચા
অনির্দেশিত,દિશાહીન
অনির্দেশিত গ্রাফ,નિર્દેશિત ગ્રાફ
undirectional সেবা সময়,દિશાહીન સેવા સમય
পূর্বাবস্থায় ফেরান,પૂર્વવત્ કરો
বিন্যাসহীন ডিস্ক,અનફોર્મેટેડ ડિસ્ક
ইউনিকাস্টিং,યુનિકાસ્ટિંગ
ইউনিকোড,યુનિકોડ
অনির্দেশিত গাছ,દિશાહીન વૃક્ષ
ইউনিফর্ম রিসোর্স লোকেটার (URL),યુનિફોર્મ રિસોર્સ લોકેટર (URL)
ইউনিপ্রসেসিং,યુનિપ્રોસેસિંગ
অনন্য,અનન્ય
ইউনিশিল্ড টুইস্টেড পেয়ার (UTP),યુનિશિલ્ડ ટ્વિસ્ટેડ જોડી (UTP)
ইউনিট,એકમ
ইউনিট ঠিকানা,એકમ સરનામું
একক ব্যবধান,એકમ અંતરાલ
অংশ পরিক্ষাকরণ,એકમ પરીક્ષણ
একক কোড,એકાત્મક કોડ
Uniterm,યુનિટર્મ
ইউনিভার্সাল অ্যাসিঙ্ক্রোনাস রিসিভার/ট্রান্সমিটার (UART),યુનિવર્સલ અસિંક્રોનસ રીસીવર/ટ્રાન્સમીટર (UART)
সর্বজনীন ফ্লিপ ফ্লপ,સાર્વત્રિક ફ્લિપ ફ્લોપ
সার্বজনীন সেট,સાર્વત્રિક સમૂહ
সার্বজনীন অক্ষর সেট,સાર્વત્રિક અક્ષર સમૂહ
ইউনিক্স,યુનિક્સ
আনলক,અનલોક કરો
অরক্ষিত ক্ষেত্র,અસુરક્ષિત ક્ષેત્ર
অরক্ষিত ফাইল,અસુરક્ષિત ફાઇલ
অগম্য,અગમ્ય
ছায়ামুক্ত করা,છાંયો
অরক্ষিত,અશિલ્ડ
অসফল কল,અસફળ કૉલ
উন্টার,ઊંટાર
অসঙ্গতি আপডেট করুন,વિસંગતતાઓને અપડેટ કરો
আপডেট করা ফাইল,અપડેટ કરેલી ફાઇલ
আপডেট করা হচ্ছে,અપડેટ કરી રહ્યું છે
আপগ্রেড করুন,અપગ્રેડ કરો
আপগ্রেড করুন,અપગ્રેડ કરો
আপলিংক,અપલિંક
আপলোড হচ্ছে,અપલોડ કરી રહ્યું છે
উপরের মেমরি এলাকা,ઉપલા મેમરી વિસ્તાર
আপস্ট্রিম,અપસ્ટ્રીમ
আপটাইম,અપટાઇમ
ঊর্ধ্বমুখী,ઉપર તરફ
ইউজনেট,યુઝનેટ
ব্যবহারকারী,વપરાશકર્તા
ব্যবহারিক দূত,વપરાશકર્તા એજન્ટ
ব্যবহারকারী প্রমাণীকরণ,વપરાશકર્તા પ્રમાણીકરણ
ব্যবহারকারীর ডেটাগ্রাম প্রোটোকল (UDP),વપરાશકર્તા ડેટાગ્રામ પ્રોટોકોલ (UDP)
ব্যবহারকারী বান্ধব,મૈત્રીપૂર્ણ વપરાશકર્તા
ব্যবহারকারী সনাক্তকরণ,વપરાશકર્તા ઓળખ
ব্যবহারকারীর পরিচয় (UID),વપરાશકર્તા ઓળખ (UID)
ব্যবহারকারী ইন্টারফেস,વપરાશકર્તા ઈન્ટરફેસ
ব্যবহারকারীর নাম,વપરાશકર્તા નામ
ব্যবহারকারীর প্রোফাইল,વપરાશકર્તા પ્રોફાઇલ
ইউটিলিটি,ઉપયોગિતા
ইউটিলিটি সফটওয়্যার,ઉપયોગિતા સોફ્ટવેર
বৈধ,માન્ય
বৈধতা,માન્યતા
বৈধতা প্রোটোকল,માન્યતા પ્રોટોકોલ્સ
বৈধতা পরীক্ষা,માન્યતા પરીક્ષણ
বৈধতা পরীক্ষা,માન્યતા તપાસ
মূল্য সংযোজন নেটওয়ার্ক (VAN),મૂલ્ય વર્ધિત નેટવર્ક (VAN)
ভ্যালু অ্যাডেড রিসেলার (VAR),મૂલ્ય વર્ધિત પુનર્વિક્રેતા (VAR)
বিলয়বিন্দু,અદ્રશ્ય થતું બિંદુ
ভাপওয়্যার,વેપરવેર
পরিবর্তনশীল,ચલ
পরিবর্তনশীল ঠিকানা,ચલ સરનામું
পরিবর্তনশীল বিট হার,ચલ બીટ દર
পরিবর্তনশীল ক্ষেত্রের দৈর্ঘ্য,ચલ ક્ષેત્ર લંબાઈ
পরিবর্তনশীল দৈর্ঘ্য কোড,ચલ લંબાઈ કોડ
পরিবর্তনশীল নাম,ચલ નામ
ভেরিয়েল,વેરિયેલ
ভেক্টর,વેક્ટર
ভেক্টর গ্রাফিক্স,વેક્ટર ગ્રાફિક્સ
ভেক্টর প্রসেসিং,વેક્ટર પ્રીસેસિંગ
vectored interrupts,વેક્ટર કરેલ વિક્ષેપો
ভেন ডায়াগ্রাম,વેન ડાયાગ્રામ
যাচাইকরণ এবং বৈধতা (V&amp;V),ચકાસણી અને માન્યતા (V&amp;V)
ভর্সন নিয্ন্ত্র্ন,સંસ્કરણ નિયંત્રણ
সংস্করণ সংখ্যা,સંસ્કરણ નંબર
ভার্টেক্স,શિરોબિંદુ
উল্লম্ব প্রসেসর,વર્ટિકલ પ્રોસેસર
খুব বড় স্কেল ইন্টিগ্রেশন (VLSI),ખૂબ મોટા પાયે એકીકરણ (VLSI)
খুব দীর্ঘ নির্দেশ শব্দ (VLIW),ખૂબ લાંબો સૂચના શબ્દ (VLIW)
ভিএইচডিএল,વીએચડીએલ
ভিডিও ক্যামেরা,વિડિયો કેમેરા
ভিডিও কনফারেন্সিং,વિડિયો કોન્ફરન્સિંગ
ভিডিও প্রদর্শন টার্মিনাল,વિડિઓ પ્રદર્શન ટર્મિનલ
ভিডিও প্রদর্শন ইউনিট,વિડિઓ પ્રદર્શન એકમ
ভিডিও গেম,વીડિયો ગેમ
ভিডিও গ্রাফিক অ্যাডাপ্টার (ভিজিএ),વિડિયો ગ્રાફિક એડેપ્ટર (VGA)
ভিডিও গ্রাফিক্স অ্যাডাপ্টার (ভিজিএ),વિડિયો ગ્રાફિક્સ એડેપ્ટર (VGA)
ভিডিও সার্ভার,વિડિઓ સર્વર
দেখুন,જુઓ
পোর্ট দেখুন,પોર્ટ જુઓ
ভিউপোর্ট,વ્યુપોર્ટ
ভার্চুয়াল সার্কিট,વર્ચ્યુઅલ સર્કિટ
ভার্চুয়াল ফাংশন,વર્ચ્યુઅલ કાર્ય
ভার্চুয়াল মেমরি,વર્ચ્યુઅલ મેમરી
ভার্চুয়াল প্রাইভেট নেটওয়ার্ক,વર્ચ્યુઅલ ખાનગી નેટવર્ક
ভার্চুয়াল বাস্তবতা,વર્ચ્યુઅલ વાસ્તવિકતા
ভার্চুয়াল বাস্তবতা,વર્ચ્યુઅલ વાસ્તવિકતા
ভার্চুয়াল বাস্তবতা মার্কআপ ভাষা,વર્ચ્યુઅલ રિયાલિટી માર્કઅપ લેંગ્વેજ
ভার্চুয়াল রিয়েলিটি মার্কআপ ভাষা (VRML),વર્ચ્યુઅલ રિયાલિટી માર્કઅપ લેંગ્વેજ (VRML)
ভার্চুয়াল স্টোরেজ অ্যাক্সেস পদ্ধতি,વર્ચ્યુઅલ સ્ટોરેજ એક્સેસ પદ્ધતિ
ভার্চুয়াল স্টোরেজ ব্যবস্থাপনা,વર્ચ્યુઅલ સ્ટોરેજ મેનેજમેન્ટ
ভাইরাস,વાઇરસ
ভাইরাস সনাক্তকরণ,વાયરસ શોધ
ভাইরাস প্রোগ্রাম,વાયરસ પ્રોગ્રામ
দৃশ্যমানতা,દૃશ્યતા
দৃষ্টি,દ્રષ્ટિ
ভিজ্যুয়াল বেসিক,મૂળભુત દ્રશ્ય
ভিজ্যুয়াল C++,વિઝ્યુઅલ C++
চাক্ষুষ প্রদর্শন ইউনিট,દ્રશ્ય પ્રદર્શન એકમ
ভিচুয়াল,વિચ્યુઅલ
ভিচুয়াল ঠিকানা,વિચ્યુઅલ સરનામું
ভিচুয়াল মেশিন (ভিএম),વિચ્યુઅલ મશીન (VM)
ভয়েস,અવાજ
ভয়েস মেইল,વૉઇસ મેઇલ
ভয়েস মেইল সার্ভার,વૉઇસ મેઇલ સર્વર
ভয়েস স্বীকৃতি,અવાજ ઓળખ
ভয়েস-নেট,વૉઇસ-નેટ
উদ্বায়ী মেমরি,અસ્થિર મેમરી
ওয়েফার,વેફર
WAIS ম্যানেজার,WAIS મેનેજર
মরার অপেক্ষা করুন,મરવાની રાહ જુઓ
ক্ষত অপেক্ষা করুন,ઘા રાહ જુઓ
অপেক্ষা করা কোড,રાહ જોવાતો કોડ
অপেক্ষা করা মানে,રાહ જોઈ હતી સરેરાશ
অপেক্ষার সময়,રાહ સમય
প্রাচীর গ্রেড,દિવાલ ગ્રેડ
উষ্ণ পুনঃসূচনা,ગરમ પુનઃપ્રારંભ
বর্জ্য ব্যান্ড প্রস্থ,વેસ્ટ બેન્ડ પહોળાઈ
জলপ্রপাত মডেল,વોટરફોલ મોડેલ
ওয়েভলেট,વેવલેટ
তরঙ্গায়িত ইমেজ কম্প্রেশন,વેવલેટ ઇમેજ કમ્પ્રેશન
তরঙ্গায়িত রূপান্তর,વેવલેટ ટ્રાન્સફોર્મ
দুর্বল সত্তা,નબળી સંસ્થા
ওয়েব,વેબ
ওয়েব ঠিকানা,વેબ સરનામું
ওয়েব অথরিং,વેબ ઓથરિંગ
ওয়েব ব্রাউজার,વેબ બ્રાઉઝર
ওয়েব পেজ,વેબ પેજ
ওয়েব সার্ভার,વેબ સર્વર
ওয়েব সাইট,વેબ સાઇટ
ওয়েব-সক্ষম অ্যাপ্লিকেশন,વેબ-સક્ષમ એપ્લિકેશન
ওয়েব-সক্ষম,વેબ સક્ષમ
ওজনযুক্ত গ্রাফ,ભારિત ગ્રાફ
ভালভাবে সংযুক্ত,સારી રીતે જોડાયેલ છે
সুগঠিত সূত্র,સારી રીતે રચાયેલ સૂત્ર
ভাল অর্ডার সেট,સારી રીતે ઓર્ડર કરેલ સેટ
ওয়েটওয়্যার,વેટવેર
wheatstone বেঞ্চ চিহ্ন,વ્હીટસ્ટોન બેન્ચ માર્ક
চাকা,વ્હીલ
যখন লুপ,જ્યારે લૂપ
সাদা বক্স পরীক্ষা,સફેદ બોક્સ પરીક્ષણ
সাদা আলো,સફેદ પ્રકાશ
সাদা গোলমাল,સફેદ અવાજ
ওয়াইড এরিয়া নেটওয়ার্ক (WAN),વિશાળ વિસ્તાર નેટવર્ક (WAN)
ওয়াইড এরিয়া নেটওয়ার্ক (WAN),વિશાળ વિસ્તાર નેટવર્ક (WAN)
প্রশস্ত ব্যান্ড,વિશાળ બેન્ડ
ওয়াইল্ড কার্ড,વાઇલ્ડ કાર્ડ
উইম্প,વિમ્પ
জয়,જીત
জিপ জয়,ઝિપ જીતો
জানলা,બારી
জানালা,વિન્ડોવિંગ
উইন্ডোজ,વિન્ડોઝ
উইন্ডোজ এক্সপ্লোরার,વિન્ડોઝ એક્સપ્લોરર
উইন্ডোজ এনটি,વિન્ડોઝ એનટી
তারের ফ্রেম মডেল,વાયર ફ્રેમ મોડેલ
তারের প্রিন্টার,વાયર પ્રિન્ટર
তারযুক্ত যুক্তি,વાયર્ડ તર્ક
বেতার বিশ্বস্ততা (wi Fi),વાયરલેસ વફાદારી (wi Fi)
বেতার ল্যান,વાયરલેસ લેન
বেতার ট্রান্সমিশন,વાયરલેસ ટ્રાન્સમિશન
উইজার্ড,વિઝાર્ડ
শব্দ,શબ્દ
শব্দ কী,શબ્દ કી
শব্দের দৈর্ঘ্য,શબ્દ લંબાઈ
শব্দ ভিত্তিক,શબ્દ લક્ષી
শব্দ প্রক্রিয়াকরণ,શબ્દ પ્રસંસ્કરણ
শব্দ প্রক্রিয়াকরণ,શબ્દ પ્રસંસ્કરણ
শব্দ প্রসেসর,વર્ડ પ્રોસેસર
শব্দ আন্ডারস্কোর অক্ষর,શબ્દ અન્ડરસ્કોર અક્ષર
কাজের প্রবাহ ব্যবস্থাপনা,વર્ક ફ્લો મેનેજમેન્ટ
কাজের গ্রুপ,કાર્ય જૂથ
কাজের একক,કાર્ય એકમ
কাজের পরিমাণ,કામ વોલ્યુમ
কাজের ডিরেক্টরি,કાર્યકારી નિર્દેશિકા
কাজের সেট,વર્કિંગ સેટ
কাজ স্টোরেজ,કાર્યકારી સંગ્રહ
কর্মশালা,વર્કશોપ
ওয়ার্কস্টেশন,વર્કસ્ટેશન
বিশ্বের সমন্বয়,વિશ્વ સંકલન
ওয়ার্ল্ড ওয়াইড ওয়েব (WWW),વર્લ્ડ વાઈડ વેબ (WWW)
সবচেয়ে খারাপ ক্ষেত্রে বিশ্লেষণ,સૌથી ખરાબ કેસ વિશ્લેષણ
সবচেয়ে খারাপ ফিট অ্যালগরিদম,સૌથી ખરાબ ફિટ અલ્ગોરિધમ
চারপাশে মোড়ানো,આજુબાજુ વીંટાળો
কব্জি কম্পিউটিং,કાંડા કમ્પ્યુટિંગ
লেখার যোগ্য,લખવા યોગ્ય
লিখুন,લખો
ক্যাশে লিখুন,કેશ લખો
চক্র লিখুন,ચક્ર લખો
কী লিখুন,કી લખો
"একবার লিখুন, আরও পড়ুন (ওয়ার্ম)","એકવાર લખો, વધુ વાંચો (WORM)"
সুরক্ষা লিখুন,રક્ષણ લખો
পড়া মাথা লিখুন,વાંચો હેડ લખો
X বা,X અથવા
X-12,એક્સ-12
XBM X বিটম্যাপ,XBM X બીટમેપ
জেনিক্স,ઝેનીક્સ
এক্সমোডেম,એક્સમોડેમ
এক্স-অন/এক্স-অফ,એક્સ-ઓન/એક્સ-ઓફ
এক্স-টার্মিনাল,એક્સ-ટર્મિનલ
এক্সটেক্সট,Xtext
এক্স-উইন্ডো,એક્સ-વિન્ડો
YACC,YACC
ইয়াহু,યાહૂ
জোয়াল,યોક
জেড-বাফার,Z-બફર
শূন্য ঠিকানা নির্দেশনা,શૂન્ય સરનામા સૂચના
শূন্য ফাংশন,શૂન્ય કાર્ય
শূন্য স্তরের ঠিকানা,શૂન્ય સ્તર સરનામું
শূন্য ম্যাট্রিক্স,શૂન્ય મેટ્રિક્સ
শূন্য দমন,શૂન્ય દમન
শূন্য অপেক্ষা রাজ্য,શૂન્ય પ્રતીક્ષા સ્થિતિ
শূন্য-স্লট LAN,શૂન્ય-સ્લોટ લેન
জিপ,ઝિપ
জিপ কোড,પિન કોડ
জিপ ফাইল,zip ફાઇલ
জিপ ইউপিজেড মডেম,zip UPZ મોડેમ
মণ্ডল,ઝોન
জোন তালিকা,ઝોન યાદી
জুম,ઝૂમ કરો
প্রসারিত করো,મોટું કરો
ছোট করা,ઝૂમ આઉટ કરો
জুমিং,ઝૂમિંગ
Z- টার্ম,Z- ટર્મ
