Kannada,Malayalam
ಅಬ್ಯಾಕಸ್,അബാക്കസ്
ಅಸಹಜ ಮುಕ್ತಾಯ,അസാധാരണമായ അവസാനിപ്പിക്കൽ
ಸ್ಥಗಿತಗೊಳಿಸು,ഉപേക്ഷിക്കുക
ಸಂಪೂರ್ಣ,കേവല
ಸಂಪೂರ್ಣ ವಿಳಾಸ,സമ്പൂർണ്ണ വിലാസം
ಸಂಪೂರ್ಣ ವಿಳಾಸ,സമ്പൂർണ്ണ അഭിസംബോധന
ಸಂಪೂರ್ಣ ಅಸೆಂಬ್ಲರ್,കേവല അസംബ്ലർ
ಸಂಪೂರ್ಣ ಕೋಡ್,കേവല കോഡ്
ಸಂಪೂರ್ಣ ಆಜ್ಞೆ,സമ്പൂർണ്ണ കമാൻഡ്
ಸಂಪೂರ್ಣ ಡೇಟಾ,സമ്പൂർണ്ണ ഡാറ്റ
ಸಂಪೂರ್ಣ ಸೂಚನೆ,സമ്പൂർണ്ണ നിർദ്ദേശം
ಸಂಪೂರ್ಣ ಮೋಡ್,കേവല മോഡ്
ಸಂಪೂರ್ಣ ಮಾರ್ಗ,കേവല പാത
ಸಂಪೂರ್ಣ ಪ್ರೋಗ್ರಾಮಿಂಗ್,സമ്പൂർണ്ണ പ്രോഗ്രാമിംഗ്
ಅಮೂರ್ತ ವರ್ಗ,അമൂർത്ത ക്ലാസ്
ಅಮೂರ್ತ ಡೇಟಾ ಪ್ರಕಾರ,അമൂർത്ത ഡാറ്റ തരം
ಅಮೂರ್ತ ಯಂತ್ರ,അമൂർത്ത യന്ത്രം
ಅಮೂರ್ತ ಚಿಹ್ನೆ,അമൂർത്ത ചിഹ്നം
ಅಮೂರ್ತ ಸಿಂಟ್ಯಾಕ್ಸ್,അമൂർത്തമായ വാക്യഘടന
ಸ್ವೀಕಾರ ಪರೀಕ್ಷೆ,സ്വീകാര്യത പരിശോധന
ಪ್ರವೇಶ ದೃಢೀಕರಣ,ആക്സസ് പ്രാമാണീകരണം
ಪ್ರವೇಶ ಕೋಡ್,പ്രവേശന കോഡ്
ಪ್ರವೇಶ ನಿಯಂತ್ರಣ,പ്രവേശന നിയന്ത്രണം
ಪ್ರವೇಶ ಸ್ಕ್ಯಾನ್,ആക്സസ് സ്കാൻ
ಪರಿಕರ,ഉപസാധനം
ಖಾತೆ,അക്കൗണ്ട്
ಖಾತೆ ID,അക്കൗണ്ട് ID
ಸಂಚಯಕ,ശേഖരണം
ನಿಖರತೆ,കൃത്യത
ಪ್ರವೇಶ,പ്രവേശനം
ಪ್ರವೇಶ ನಿಯಂತ್ರಣ ಬೈಟ್,ആക്സസ് കൺട്രോൾ ബൈറ്റ്
ಪ್ರವೇಶ ಸೂಚ್ಯಂಕ,പ്രവേശന സൂചിക
ಪ್ರವೇಶ ಕೀ,ആക്സസ് കീ
ಪ್ರವೇಶ ಮ್ಯಾಟ್ರಿಕ್ಸ್,ആക്സസ് മാട്രിക്സ്
ಪ್ರವೇಶ ಮೋಡ್,ആക്സസ് മോഡ്
ಪ್ರವೇಶ ಸವಲತ್ತು,ആക്സസ് പ്രിവിലേജ്
ಪ್ರವೇಶ ಭದ್ರತೆ,ആക്സസ് സുരക്ഷ
ಪ್ರವೇಶ ಸರ್ವರ್,ആക്സസ് സെർവർ
ಪ್ರವೇಶ ಸಮಯ,പ്രവേശന സമയം
ಸ್ವೀಕೃತಿ,അംഗീകാരം
ಅಕೌಸ್ಟಿಕ್ಸ್,ശബ്ദശാസ്ത്രം
ಸಂಕ್ಷಿಪ್ತ ರೂಪ,സംക്ഷേപം
ಕ್ರಿಯೆಯ ಸಂದೇಶ,പ്രവർത്തന സന്ദേശം
ಸಕ್ರಿಯಗೊಳಿಸುವಿಕೆ,സജീവമാക്കൽ
ಸಕ್ರಿಯ ಸರ್ವರ್ ಪುಟ (ASP),സജീവ സെർവർ പേജ് (ASP)
ಸಕ್ರಿಯ ಆವೃತ್ತಿ,സജീവ പതിപ്പ്
ಅಸೈಕ್ಲಿಕ್,അസൈക്ലിക്
ಅಸಿಕ್ಲಿಕ್ ಗ್ರಾಫ್,അസൈക്ലിക് ഗ്രാഫ്
ಅದಾ ಭಾಷೆ,അഡാ ഭാഷ
ಅಡಾಪ್ಟರ್,അഡാപ്റ്റർ
ಸೇರಿಸಿ,ചേർക്കുക
ಕಡತವನ್ನು ಸೇರಿಸು,ഫയൽ ചേർക്കുക
ಕಾರ್ಯಾಚರಣೆಯನ್ನು ಸೇರಿಸಿ,പ്രവർത്തനം ചേർക്കുക
ಸೇರಿಸುವವನು,ചേർക്കുന്നയാൾ
ವಿಳಾಸ,വിലാസം
ವಿಳಾಸ ಬಸ್,വിലാസം ബസ്
ವಿಳಾಸ ಫೈಲ್,വിലാസ ഫയൽ
ವಿಳಾಸ ಸ್ವರೂಪ,വിലാസ ഫോർമാറ്റ്
ವಿಳಾಸ ಜನರೇಟರ್,വിലാസ ജനറേറ്റർ
ವಿಳಾಸ ಸಾಲು,വിലാസ ലൈൻ
ವಿಳಾಸ ಮ್ಯಾಪಿಂಗ್,വിലാസ മാപ്പിംഗ്
ವಿಳಾಸ ಪಾಯಿಂಟರ್,വിലാസ സൂചിക
ವಿಳಾಸ ನೋಂದಣಿ,വിലാസ രജിസ്റ്റർ
ವಿಳಾಸ ನಿರ್ಣಯ,വിലാസം റെസലൂഷൻ
ವಿಳಾಸ ಅನುವಾದ,വിലാസ വിവർത്തനം
ಸ್ಮರಣೆಯನ್ನು ಉದ್ದೇಶಿಸಿ,അഭിസംബോധന ചെയ്ത മെമ്മറി
ಉದ್ದೇಶಿಸಿ,അഭിസംബോധന
ಸಮರ್ಪಕತೆಯ ಮಾನದಂಡಗಳು,പര്യാപ്തത മാനദണ്ഡം
ಪಕ್ಕದ,അനുബന്ധം
ಆಡಳಿತ,ഭരണകൂടം
ನಿರ್ವಾಹಕ,കാര്യനിർവാഹകൻ
ಅಡೋಬ್ ಅಕ್ರೋಬ್ಯಾಟ್,അഡോബ് അക്രോബാറ്റ്
ಅಡೋಬ್ ಫೋಟೋಶಾಪ್,അഡോബ് ഫോട്ടോഷോപ്പ്
ಅಡ್ವಾನ್ಸ್ ಬಿಸಿನೆಸ್ ಅಪ್ಲಿಕೇಶನ್ ಪ್ರೋಗ್ರಾಮಿಂಗ್ (ABAP),അഡ്വാൻസ് ബിസിനസ് ആപ്ലിക്കേഷൻ പ്രോഗ്രാമിംഗ് (ABAP)
ಸುಧಾರಿತ ಡೇಟಾ,വിപുലമായ ഡാറ്റ
ಸುಧಾರಿತ ಮಾಹಿತಿ ವ್ಯವಸ್ಥೆ,വിപുലമായ വിവര സംവിധാനം
ಸುಧಾರಿತ ತಂತ್ರಜ್ಞಾನ (AT),നൂതന സാങ്കേതികവിദ്യ (AT)
ಏಜೆಂಟ್,ഏജന്റ്
ಒಟ್ಟುಗೂಡಿಸುವಿಕೆ,സമാഹരണം
ವಾಯುಗಾಮಿ ಕಂಪ್ಯೂಟರ್ ವ್ಯವಸ್ಥೆ,വായുവിലൂടെയുള്ള കമ്പ്യൂട്ടർ സംവിധാനം
ಅಲ್ಡಸ್ ಪೇಜ್ ಮೇಕರ್,ആൽഡസ് പേജ് മേക്കർ
ಎಚ್ಚರಿಕೆ ಪೆಟ್ಟಿಗೆ,മുന്നറിയിപ്പ് ബോക്സ്
ಆಲ್ಗೋಲ್,ആൽഗോൾ
ಅಲ್ಗಾರಿದಮ್,അൽഗോരിതം
ಅಲ್ಗಾರಿದಮ್ ವಿಶ್ಲೇಷಣೆ,അൽഗോരിതം വിശകലനം
ಅಲ್ಗಾರಿದಮ್ ದಕ್ಷತೆ,അൽഗോരിതം കാര്യക്ഷമത
ಅಲಿಯಾಸ್,അപരനാമം
ಜೋಡಣೆ,വിന്യാസം
ಹಂಚಿಕೆ,വിഹിതം
ವರ್ಣಮಾಲೆಯ,അക്ഷരമാലാക്രമം
ಆಲ್ಫಾನ್ಯೂಮರಿಕ್,ആൽഫാന്യൂമെറിക്
ಆಲ್ಫಾನ್ಯೂಮರಿಕ್ ಕೀ ಬೋರ್ಡ್,ആൽഫാന്യൂമെറിക് കീ ബോർഡ്
ಆಲ್ಫಾ-ಪರೀಕ್ಷೆ,ആൽഫ-ടെസ്റ്റ്
ಆಲ್ಫಾ-ಆವೃತ್ತಿ,ആൽഫ പതിപ്പ്
ಆಲ್ಟ್ ಕೀ,alt കീ
ಅಲ್ಟಾವಿಸ್ತಾ,അൾട്ടാവിസ്റ്റ
ಅಸ್ಪಷ್ಟತೆ,അവ്യക്തത
ಅಸ್ಪಷ್ಟ ವ್ಯಾಕರಣ,അവ്യക്തമായ വ്യാകരണം
ಅಮೇರಿಕನ್ ನ್ಯಾಷನಲ್ ಸ್ಟ್ಯಾಂಡರ್ಡ್ಸ್ ಇನ್ಸ್ಟಿಟ್ಯೂಟ್ (ANSI),അമേരിക്കൻ നാഷണൽ സ്റ്റാൻഡേർഡ് ഇൻസ്റ്റിറ്റ്യൂട്ട് (ANSI)
ಮಾಹಿತಿ ವಿನಿಮಯಕ್ಕಾಗಿ ಅಮೇರಿಕನ್ ಸ್ಟ್ಯಾಂಡರ್ಡ್ ಕೋಡ್ (ASCII),അമേരിക്കൻ സ്റ്റാൻഡേർഡ് കോഡ് ഫോർ ഇൻഫർമേഷൻ ഇന്റർചേഞ്ച് (ASCII)
ಅನಲಾಗ್,അനലോഗ്
ಅನಲಾಗ್ ಕಂಪ್ಯೂಟರ್,അനലോഗ് കമ്പ്യൂട്ടർ
ಅನಲಾಗ್ ಸಾಧನ,അനലോഗ് ഉപകരണം
ಅನಲಾಗ್ ಮೋಡೆಮ್,അനലോഗ് മോഡം
ಅನಲಾಗ್ ಟು ಡಿಜಿಟಲ್ ಪರಿವರ್ತಕ (ADC),അനലോഗ് ടു ഡിജിറ്റൽ കൺവെർട്ടർ (ADC)
ಮತ್ತು,ഒപ്പം
ಮತ್ತು ಸರ್ಕ್ಯೂಟ್,കൂടാതെ സർക്യൂട്ട്
ಮತ್ತು ಗೇಟ್,ഒപ്പം ഗേറ്റും
ಮತ್ತು ಕಾರ್ಯಾಚರಣೆಯಲ್ಲ (ಹೊರಗಿಡುವಿಕೆ),കൂടാതെ പ്രവർത്തനമല്ല (ഒഴിവാക്കൽ)
ಅನಿಮೇಷನ್,ആനിമേഷൻ
ಟಿಪ್ಪಣಿ,വ്യാഖ്യാനം
ಅಸಂಗತತೆ,അപാകത
ಪೂರ್ವಭಾವಿ,മുൻഗാമി
ನಿರೀಕ್ಷಿತ ಪೇಜಿಂಗ್,മുൻകൂർ പേജിംഗ്
ವಿರೋಧಿ ಸಮ್ಮಿತೀಯ,വിരുദ്ധ സമമിതി
ಆಂಟಿವೈರಸ್ ಪ್ರೋಗ್ರಾಂ,ആന്റിവൈറസ് പ്രോഗ്രാം
ಆಪ್ಲೆಟ್,ആപ്ലെറ്റ്
ಅಪ್ಲಿಕೇಶನ್ ಡೆವಲಪರ್,ആപ്ലിക്കേഷൻ ഡെവലപ്പർ
ಅಪ್ಲಿಕೇಶನ್ ಪ್ರೋಗ್ರಾಮಿಂಗ್,ആപ്ലിക്കേഷൻ പ്രോഗ്രാമിംഗ്
ಅಪ್ಲಿಕೇಶನ್ ಪ್ರೋಗ್ರಾಮಿಂಗ್ ಇಂಟರ್ಫೇಸ್ (API),ആപ്ലിക്കേഷൻ പ്രോഗ്രാമിംഗ് ഇന്റർഫേസ് (API)
ಅಪ್ಲಿಕೇಶನ್ ಸಾಫ್ಟ್ವೇರ್,ആപ്ലിക്കേഷൻ സോഫ്റ്റ്വെയർ
ಅನ್ವಯಿಕ ಭಾಷೆ,ബാധകമായ ഭാഷ
ಅಂದಾಜು ಸಿದ್ಧಾಂತ,ഏകദേശ സിദ്ധാന്തം
ವಾಸ್ತುಶಿಲ್ಪ,വാസ്തുവിദ്യ
ಪ್ರದೇಶ ವರ್ಗಾವಣೆ,ഏരിയ കൈമാറ്റം
ವಾದ,വാദം
ಅಂಕಗಣಿತ ಮತ್ತು ತರ್ಕ ಘಟಕ,"ഗണിത, യുക്തി യൂണിറ്റ്"
ಅಂಕಗಣಿತದ ಪರಿಶೀಲನೆ,ഗണിത പരിശോധന
ಅಂಕಗಣಿತ ಸ್ಥಿರ,ഗണിത സ്ഥിരാങ്കം
ಅಂಕಗಣಿತದ ಡೇಟಾ,ഗണിത ഡാറ്റ
ಅಂಕಗಣಿತದ ಸೂಚನೆ,ഗണിത നിർദ്ദേശം
ಅಂಕಗಣಿತ ಮತ್ತು ತರ್ಕ ಘಟಕ (ALU),ഗണിതവും യുക്തിയും യൂണിറ്റ് (ALU)
ಅರ್ಪಾನೆಟ್,അർപാനെറ്റ്
ಶ್ರೇಣಿ,അറേ
ರಚನೆಯ ಸಂಗ್ರಹ,അറേ കാഷെ
ಅರೇ ಕಂಪ್ಯೂಟರ್,അറേ കമ്പ്യൂട്ടർ
ರಚನೆಯ ಅಂಶ,അറേ ഘടകം
ರಚನೆಯ ಹೆಸರು,അറേ പേര്
ರಚನೆಯ ಪ್ರೊಸೆಸರ್,അറേ പ്രോസസർ
ಬಾಣದ ಕೀಲಿಗಳು,അമ്പടയാള കീകൾ
ಉಚ್ಚಾರಣೆ,ഉച്ചാരണം
ಉಚ್ಚಾರಣಾ ಬಿಂದು,ആർട്ടിക്കുലേഷൻ പോയിന്റ്
ಕೃತಕ ಸಂಕೋಚನ,കൃത്രിമ കോംപാക്ഷൻ
ಕೃತಕ ನಿಯಂತ್ರಣ,കൃത്രിമ നിയന്ത്രണം
ಕೃತಕ ಬುದ್ಧಿವಂತಿಕೆ,നിർമ്മിത ബുദ്ധി
ಆರೋಹಣ,ആരോഹണം
ಆರೋಹಣ ರೀತಿಯ,ആരോഹണ തരം
ASCII ಬೆಟಿಕಲ್ ಆರ್ಡರ್,ASCII ബെറ്റിക്കൽ ഓർഡർ
ASCII ನಿಯಂತ್ರಣ ಪಾತ್ರ,ASCII നിയന്ത്രണ പ്രതീകം
ASCII ಫೈಲ್,ASCII ഫയൽ
ASCII ಫಾಂಟ್,ASCII ഫോണ്ട്
ASCII ವರ್ಗಾವಣೆ,ASCII കൈമാറ്റം
ಆಕಾರ ಅನುಪಾತ,വീക്ഷണാനുപാതം
ASPI,എ.എസ്.പി.ഐ
ASR ಟೈಮರ್,ASR ടൈമർ
ಜೋಡಿಸು,കൂട്ടിച്ചേർക്കുക
ಅಸೆಂಬ್ಲರ್,അസംബ്ലർ
ಸಭೆ,അസംബ്ലി
ಅಸೆಂಬ್ಲಿ ಭಾಷೆ,അസംബ്ലി ഭാഷ
ಪ್ರತಿಪಾದನೆ,അവകാശവാദം
ನಿಯೋಜನೆ,നിയമനം
ಸಂಘ,അസോസിയേഷൻ
ಸಹಾಯಕ ವಿಳಾಸ,അനുബന്ധ വിലാസം
ಸಹಾಯಕ ಸ್ಮರಣೆ,അനുബന്ധ മെമ്മറി
ಆಸ್ಟರಿಕ್,ആസ്റ്ററിക്
ಅಸಮ್ಮಿತ,അസമമായ
ಅಸಮಕಾಲಿಕ,അസമന്വിത
ಅಸಮಕಾಲಿಕ ಡಿಜಿಟಲ್ ಚಂದಾದಾರರ ಸಾಲು (ADSL),അസിൻക്രണസ് ഡിജിറ്റൽ സബ്സ്ക്രൈബർ ലൈൻ (ADSL)
ಅಸಮಕಾಲಿಕ ಸಮಯ ವಿಭಾಗ ಮಲ್ಟಿಪ್ಲೆಕ್ಸಿಂಗ್ (ATDM),അസിൻക്രണസ് ടൈം ഡിവിഷൻ മൾട്ടിപ്ലെക്സിംഗ് (ATDM)
ಅಸಮಕಾಲಿಕ ವರ್ಗಾವಣೆ,അസമന്വിത കൈമാറ്റം
ಅಸಮಕಾಲಿಕ ವರ್ಗಾವಣೆ ಮೋಡ್ (ATM),അസിൻക്രണസ് ട്രാൻസ്ഫർ മോഡ് (എടിഎം)
ಪರಮಾಣು,ആറ്റം
ಲಗತ್ತಿಸಲಾದ ಡಾಕ್ಯುಮೆಂಟ್,അറ്റാച്ചുചെയ്ത പ്രമാണം
ಲಗತ್ತಿಸಲಾದ ಕಡತ,അറ്റാച്ചുചെയ്ത ഫയൽ
ಬಾಂಧವ್ಯ,ബന്ധം
ಗುಣಲಕ್ಷಣ,ആട്രിബ്യൂട്ട്
ಆಡಿಯೋ,ഓഡിയോ
ಆಡಿಟ್ ಪ್ರೋಗ್ರಾಮಿಂಗ್,ഓഡിറ്റ് പ്രോഗ്രാമിംഗ്
ಆಡಿಟ್ ಟ್ರಯಲ್,ഓഡിറ്റ് ട്രയൽ
ವರ್ಧನೆ,വർദ്ധിപ്പിക്കൽ
ದೃಢೀಕರಣ ಪ್ರೋಟೋಕಾಲ್,പ്രാമാണീകരണ പ്രോട്ടോക്കോൾ
ಲೇಖಕ ವ್ಯವಸ್ಥೆ,എഴുത്ത് സംവിധാനം
ಅಧಿಕಾರ,അംഗീകാരം
ಸ್ವಯಂ ಅಮೂರ್ತ,യാന്ത്രിക സംഗ്രഹം
ಸ್ವಯಂಬೂಟ್ ಮಾಡುವಿಕೆ,ഓട്ടോബൂട്ടിംഗ്
ಆಟೋಕ್ಯಾಡ್,ഓട്ടോകാഡ്
ಸ್ವಯಂ ಲಾಗ್ ಆನ್,ഓട്ടോലോഗ് ഓൺ
ಸ್ವಯಂಚಾಲಿತ,ഓട്ടോമാറ്റ
ಸ್ವಯಂಚಾಲಿತ ಸಿದ್ಧಾಂತ,ഓട്ടോമാറ്റ സിദ്ധാന്തം
ಸ್ವಯಂಚಾಲಿತ ಕಂಪ್ಯೂಟಿಂಗ್,ഓട്ടോമാറ്റിക് കമ്പ്യൂട്ടിംഗ്
ಸ್ವಯಂಚಾಲಿತ ಡೇಟಾ ಸಂಸ್ಕರಣೆ,ഓട്ടോമാറ്റിക് ഡാറ്റ പ്രോസസ്സിംഗ്
ಸ್ವಯಂಚಾಲಿತ ದೋಷ ತಿದ್ದುಪಡಿ,യാന്ത്രിക പിശക് തിരുത്തൽ
ಸ್ವಯಂಚಾಲಿತ ಕಾರ್ಯ,യാന്ത്രിക പ്രവർത്തനം
ಸ್ವಯಂಚಾಲಿತ ಸೂಚ್ಯಂಕ,ഓട്ടോമാറ്റിക് ഇൻഡെക്സിംഗ്
ಸ್ವಯಂಚಾಲಿತ ಲೈಬ್ರರಿ ಕರೆ,ഓട്ടോമാറ്റിക് ലൈബ്രറി കോൾ
ಸ್ವಯಂಚಾಲಿತ ಪ್ರೋಗ್ರಾಮಿಂಗ್,ഓട്ടോമാറ്റിക് പ്രോഗ്രാമിംഗ്
ಸ್ವಯಂಚಾಲಿತ ಚೇತರಿಕೆ ಪ್ರೋಗ್ರಾಂ,യാന്ത്രിക വീണ്ടെടുക്കൽ പ്രോഗ്രാം
ಸ್ವಯಂಚಾಲಿತ ದಿನಚರಿ,യാന്ത്രിക ദിനചര്യ
ಸ್ವಯಂಚಾಲಿತ ಸಿಸ್ಟಮ್ ಚೇತರಿಕೆ,ഓട്ടോമാറ്റിക് സിസ്റ്റം വീണ്ടെടുക്കൽ
ಸ್ವಯಂಚಾಲಿತ ಟೆಲ್ಲರ್ ಯಂತ್ರ (ATM),ഓട്ടോമാറ്റിക് ടെല്ലർ മെഷീൻ (എടിഎം)
ಯಾಂತ್ರೀಕೃತಗೊಂಡ,ഓട്ടോമേഷൻ
ಸ್ವಚಾಲಿತ,ഓട്ടോപ്ലേ
ಸ್ವಯಂ ಉಳಿಸಿ,സ്വയം സംരക്ഷിക്കുക
ಸಹಾಯಕ,സഹായകമായ
ಸಹಾಯಕ ಸ್ಮರಣೆ,സഹായ മെമ്മറി
ಸಹಾಯಕ ಸಂಗ್ರಹಣೆ,സഹായ സംഭരണം
ಲಭ್ಯವಿರುವ ಪಟ್ಟಿ,ലഭ്യമായ പട്ടിക
ಲಭ್ಯವಿರುವ ಸಮಯ,ലഭ്യമായ സമയം
ಸರಾಸರಿ,ശരാശരി
awk (ಭಾಷೆ),awk (ഭാഷ)
ಬ್ಯಾಕೆಂಡ್,പിൻഭാഗം
ಬ್ಯಾಕೆಂಡ್ ಪ್ರೊಸೆಸರ್,ബാക്കെൻഡ് പ്രോസസർ
ಹಿಂಬದಿ ತೆಗೆಯುವಿಕೆ,ബാക്ക്ഫേസ് നീക്കം
ಹಿನ್ನೆಲೆ ಸಂಸ್ಕರಣೆ,പശ്ചാത്തല പ്രോസസ്സിംഗ്
ಬ್ಯಾಕಿಂಗ್ ಅಂಗಡಿ,ബാക്കിംഗ് സ്റ്റോർ
ಬ್ಯಾಕ್‌ಪ್ಯಾಚಿಂಗ್,ബാക്ക്പാച്ചിംഗ്
ಬ್ಯಾಕ್‌ಸ್ಪೇಸ್,ബാക്ക്സ്പേസ്
ಬ್ಯಾಕ್‌ಟ್ರ್ಯಾಕಿಂಗ್,ബാക്ക്ട്രാക്കിംഗ്
ಬ್ಯಾಕ್ ಅಪ್,ബാക്ക്-അപ്പ്
ಬ್ಯಾಕ್-ಅಪ್ ಮೆಮೊರಿ,ബാക്കപ്പ് മെമ്മറി
ಹಿಂದುಳಿದ ದೋಷ ಚೇತರಿಕೆ,പിന്നോട്ട് പിശക് വീണ്ടെടുക്കൽ
ಆಯವ್ಯಯ ಪಟ್ಟಿ,ബാലൻസ് ഷീറ്റ്
ಬ್ಯಾಂಡ್,ബാൻഡ്
ಬ್ಯಾಂಡ್ ಅಗಲ,ബാൻഡ് വീതി
ಬ್ಯಾಂಕರ್ ಅಲ್ಗಾರಿದಮ್,ബാങ്കറുടെ അൽഗോരിതം
ಬಾರ್ ಕೋಡ್,ബാർ കോഡ്
ಬಾರ್ ಕೋಡ್ ಸ್ಕ್ಯಾನರ್,ബാർ കോഡ് സ്കാനർ
ಬಾರ್ ಗ್ರಾಫ್,ബാർ ഗ്രാഫ്
ಮೂಲ ವಿಳಾಸ,അടിസ്ഥാന വിലാസം
ಬೇಸ್ ಬ್ಯಾಂಡ್,അടിസ്ഥാന ബാൻഡ്
ಮೂಲ ಸಂಖ್ಯೆ,അടിസ്ഥാന നമ്പർ
ಬೇಸ್ ಟೇಬಲ್,അടിസ്ഥാന പട്ടിക
ಬೇಸಿಕ್,അടിസ്ഥാനം
ಮೂಲ ನಿಯಂತ್ರಣ,അടിസ്ഥാന നിയന്ത്രണം
ಮೂಲ ಇನ್ಪುಟ್,അടിസ്ഥാന ഇൻപുട്ട്
ಮೂಲ ಸೂಚನೆ,അടിസ്ഥാന നിർദ്ദേശം
ಮೂಲ ಔಟ್ಪುಟ್,അടിസ്ഥാന ഔട്ട്പുട്ട്
ಮೂಲ ಹಂತ,അടിസ്ഥാന ഘട്ടം
ಬ್ಯಾಚ್,ബാച്ച്
ಬ್ಯಾಚ್ ಫೈಲ್,ബാച്ച് ഫയൽ
ಬ್ಯಾಚ್ ಸ್ಥಾನ,ബാച്ച് സ്ഥാനം
ಬ್ಯಾಚ್ ಸಂಸ್ಕರಣೆ,ബാച്ച് പ്രോസസ്സിംഗ്
ಬ್ಯಾಚ್ ವ್ಯವಸ್ಥೆ,ബാച്ച് സിസ്റ്റം
ಬಾಡ್,ബൗഡ്
ಬೌಡ್ ದರ,ബാഡ് നിരക്ക്
ಕಿರಣ,ബീം
ಮಾನದಂಡ,ബെഞ്ച്മാർക്ക്
ದ್ವಿಮುಖ ಸಂವಹನ,ദ്വിദിശ ആശയവിനിമയം
ದ್ವಿಮುಖ ಲಿಂಕ್,ദ്വിദിശ ലിങ്ക്
ಬೈನರಿ ಕೋಡ್,ബൈനറി കോഡ്
ದ್ವಿಮಾನ ಅಂಕಿ,ബൈനറി അക്കം
ಬೈನರಿ ಇನ್‌ಪುಟ್ ಔಟ್‌ಪುಟ್ ಸಿಸ್ಟಮ್ (BIOS),ബൈനറി ഇൻപുട്ട് ഔട്ട്പുട്ട് സിസ്റ്റം (BIOS)
ಬೈನರಿ ಸಂಖ್ಯೆ,ബൈനറി നമ്പർ
ಬೈನರಿ ಆಪರೇಟರ್,ബൈനറി ഓപ്പറേറ്റർ
ದ್ವಿಮಾನ ಸಂಬಂಧ,ബൈനറി ബന്ധം
ಬೈನರಿ ಹುಡುಕಾಟ,ബൈനറി തിരയൽ
ಬೈನರಿ ಸರ್ಚ್ ಟ್ರೀ (BST),ബൈനറി സെർച്ച് ട്രീ (BST)
ಬೈನರಿ ವರ್ಗಾವಣೆ,ബൈനറി കൈമാറ്റം
ಅವಳಿ ಮರ,ബൈനറി മരം
ಬೈಪೋಲಾರ್ ಮೆಮೊರಿ,ബൈപോളാർ മെമ്മറി
ಜನನ ಮರಣ ಮಾದರಿ,ജനന മരണ മാതൃക
ಜನನ ಮರಣ ಪ್ರಕ್ರಿಯೆ,ജനന മരണ പ്രക്രിയ
ಸ್ವಲ್ಪ,ബിറ്റ്
ಸ್ವಲ್ಪ ತಪ್ಪು,ചെറിയ തെറ്റ്
ಬಿಟ್ ನಕ್ಷೆ,ബിറ്റ് മാപ്പ്
ಬಿಟ್ ಮ್ಯಾಪ್ ಪಿಕ್ಸೆಲ್ (BMP),ബിറ്റ് മാപ്പ് പിക്സൽ (BMP)
ಬಿಟ್ ಮ್ಯಾಟ್ರಿಕ್ಸ್,ബിറ്റ് മാട്രിക്സ്
ಬಿಟ್ ಮಾದರಿ,ബിറ്റ് പാറ്റേൺ
ಬಿಟ್ ಸ್ಥಾನ,ബിറ്റ് സ്ഥാനം
ಬಿಟ್ ದರ,ബിറ്റ് നിരക്ക്
ಕಪ್ಪು ಪೆಟ್ಟಿಗೆ ಪರೀಕ್ಷೆ,ബ്ലാക്ക് ബോക്സ് പരിശോധന
ಮಿಟುಕಿಸುವುದು,മിന്നിമറയുന്നു
ಬ್ಲಾಕ್,തടയുക
ಬ್ಲಾಕ್ ಸಂಗ್ರಹ,കാഷെ തടയുക
ಬ್ಲಾಕ್ ಚೆಕ್,ബ്ലോക്ക് ചെക്ക്
ಬ್ಲಾಕ್ ನಕಲು,ബ്ലോക്ക് കോപ്പി
ಬ್ಲಾಕ್ ರೇಖಾಚಿತ್ರ,ബ്ലോക്ക് ഡയഗ്രം
ನಿರ್ಬಂಧಿಸುವ ನೆಟ್ವರ್ಕ್,തടയൽ ശൃംഖല
ಬೋರ್ಡ್,ബോർഡ്
ಪುಸ್ತಕ ಗುರುತು,ബുക്ക് മാർക്ക്
ಬೂಲಿಯನ್ ಬೀಜಗಣಿತ,ബൂലിയൻ ബീജഗണിതം
ಬೂಲಿಯನ್ ಸಂಬಂಧ,ബൂളിയൻ ബന്ധം
ಬೂಟ್ ವಿಭಾಗ,ബൂട്ട് പാർട്ടീഷൻ
ಬೂಟ್ ಸ್ಟ್ರಾಪಿಂಗ್,ബൂട്ട് സ്ട്രാപ്പിംഗ്
ಬೂಟ್-ಸ್ಟ್ರಾಪ್ ಲೋಡರ್,ബൂട്ട് സ്ട്രാപ്പ് ലോഡർ
ಸೇತುವೆ,പാലം
ಬ್ರಾಡ್‌ಬ್ಯಾಂಡ್ ನೆಟ್‌ವರ್ಕಿಂಗ್,ബ്രോഡ്‌ബാൻഡ് നെറ്റ്‌വർക്കിംഗ്
ಪ್ರಸಾರ,പ്രക്ഷേപണം
ರೇಡಿಯೋ ಪ್ರಸಾರ,പ്രക്ഷേപണം റേഡിയോ
ಬ್ರೌಸ್,ബ്രൗസ് ചെയ്യുക
ಬ್ರೌಸರ್,ബ്രൗസർ
ಬಿ-ಟ್ರೀ,ബി-ട്രീ
ಬಬಲ್ ಮೆಮೊರಿ,ബബിൾ മെമ്മറി
ಬಬಲ್ ರೀತಿಯ,ബബിൾ അടുക്കുക
ಬಕೆಟ್,ബക്കറ്റ്
ಸ್ನೇಹಿತರ ವ್ಯವಸ್ಥೆ,ബഡ്ഡി സിസ്റ്റം
ಬಜೆಟ್ ಪರಿಣಾಮಕಾರಿ ನಿಯಂತ್ರಣ,ബജറ്റ് ഫലപ്രദമായ നിയന്ത്രണം
ಬಫರ್,ബഫർ
ದೋಷ,ബഗ്
ಬಸ್,ബസ്
ಬೈಟ್,ബൈറ്റ്
ಬೈಟ್ ಕೋಡ್,ബൈറ്റ് കോഡ്
ಸಿ,സി
C++,C++
ಸಂಗ್ರಹ,കാഷെ
ಸಂಗ್ರಹ ಬಫರ್,കാഷെ ബഫർ
ಸಂಗ್ರಹ ಮೆಮೊರಿ,കാഷെ മെമ്മറി
ಲೆಕ್ಕಾಚಾರ,കണക്കുകൂട്ടല്
ಕ್ಯಾಲ್ಕುಲೇಟರ್,കാൽക്കുലേറ്റർ
ಕ್ಯಾಲ್ಕುಲೇಟರ್ ಚಿಪ್,കാൽക്കുലേറ്റർ ചിപ്പ്
ಕರೆ,വിളി
ಹೆಸರಿನಿಂದ ಕರೆ ಮಾಡಿ,പേര് വിളിക്കുക
ಉಲ್ಲೇಖದ ಮೂಲಕ ಕರೆ ಮಾಡಿ,റഫറൻസ് വഴി വിളിക്കുക
ಮೌಲ್ಯದಿಂದ ಕರೆ ಮಾಡಿ,മൂല്യമനുസരിച്ച് വിളിക്കുക
ವೇರಿಯಬಲ್ ಮೂಲಕ ಕರೆ ಮಾಡಿ,വേരിയബിളുകൾ വഴി വിളിക്കുക
ಕರೆ ಗೇಟ್,കോൾ ഗേറ്റ്
ರದ್ದುಮಾಡು,റദ്ദാക്കുക
ರದ್ದು ಬಟನ್,റദ്ദാക്കുക ബട്ടൺ
ಅಂಗೀಕೃತ,കാനോനിക്കൽ
ಅಂಗೀಕೃತ ರೂಪ,കാനോനിക്കൽ രൂപം
ಸಾಮರ್ಥ್ಯ,കഴിവ്
ಸಾಮರ್ಥ್ಯ ಪಟ್ಟಿ,കഴിവ് പട്ടിക
ಸಾಮರ್ಥ್ಯ,ശേഷി
ಕ್ಯಾಪ್ಸ್ ಲಾಕ್ ಕೀ,ക്യാപ്സ് ലോക്ക് കീ
ಕಾರ್ಡ್,കാർഡ്
ಕಾರ್ಡ್ ರೀಡರ್,കാർഡ് റീഡർ
ಕಾರ್ಡಿನಲಿಟಿ,കാർഡിനാലിറ്റി
ವಾಹಕ,വാഹകൻ
ವಾಹಕ ಬ್ಯಾಂಡ್,കാരിയർ ബാൻഡ്
ವಾಹಕ ಲೋಡ್,കാരിയർ ലോഡ്
ವಾಹಕ ಸಂಕೇತ,കാരിയർ സിഗ്നൽ
ವಾಹಕ ತರಂಗ,കാരിയർ തരംഗം
ಒಯ್ಯುತ್ತಾರೆ,കൊണ്ടുപോകുക
ಅಂಕೆ ಸಾಗಿಸಿ,അക്കം കൊണ്ടുപോകുക
ಧ್ವಜವನ್ನು ಒಯ್ಯುತ್ತಾರೆ,പതാക വഹിക്കുക
ಕಾರ್ಟ್ರಿಡ್ಜ್ ಡಿಸ್ಕ್,കാട്രിഡ്ജ് ഡിസ്ക്
ಕ್ಯಾಸ್ಕೇಡ್,കാസ്കേഡ്
ಪ್ರಕರಣ,കേസ്
ಕ್ಯಾಥೋಡ್ ರೇ ಟ್ಯೂಬ್ (CRT),കാഥോഡ് റേ ട്യൂബ് (CRT)
ಕ್ಯಾಥೋಡ್ ರೇ ಟ್ಯೂಬ್ (CRT),കാഥോഡ് റേ ട്യൂബ് (CRT)
ಸಿಡಿ ರಾಮ್ ಡಿಸ್ಕ್ ಡ್ರೈವ್,സിഡി റോം ഡിസ്ക് ഡ്രൈവ്
ಜೀವಕೋಶ,സെൽ
ಸೆಲ್ ಅನಿಮೇಷನ್,സെൽ ആനിമേഷൻ
ಸೆಲ್ಯುಲಾರ್ ಫೋನ್,സെല്ലുലാർ ഫോൺ
ಕೇಂದ್ರ ಸ್ಮರಣೆ,കേന്ദ്ര മെമ്മറി
ಕೇಂದ್ರೀಯ ಸಂಸ್ಕರಣಾ ಘಟಕ (CPU),സെൻട്രൽ പ്രോസസ്സിംഗ് യൂണിറ്റ് (സിപിയു)
ಕೇಂದ್ರೀಕೃತ ವ್ಯವಸ್ಥೆ,കേന്ദ്രീകൃത സംവിധാനം
ಪ್ರಮಾಣೀಕೃತ ಟೇಪ್,സാക്ഷ്യപ്പെടുത്തിയ ടേപ്പ്
ಸರಪಳಿ,ചങ്ങല
ಸರಣಿ ಡೇಟಾ,ചെയിൻ ഡാറ്റ
ಸರಪಳಿಯ ಕೊಂಡಿ,ചെയിൻ ലിങ്ക്
ಚೈನ್ನಿಂಗ್,ചങ്ങല
ಚಾನಲ್,ചാനൽ
ಚಾನೆಲ್ ಬ್ಯುಸಿ ಟೋನ್,ചാനൽ തിരക്കുള്ള ടോൺ
ಚಾನಲ್ ಸಾಮರ್ಥ್ಯ,ചാനൽ ശേഷി
ಚಾನಲ್ ನಿಯಂತ್ರಕ,ചാനൽ കൺട്രോളർ
ಚಾನಲ್ ದೋಷ,ചാനൽ പിശക്
ಚಾನಲ್ ಕಾರ್ಯಕ್ರಮ,ചാനൽ പ്രോഗ്രാം
ಚಾನಲ್ ವಿಶ್ವಾಸಾರ್ಹತೆ,ചാനൽ വിശ്വാസ്യത
ಚಾನಲ್ ಸೆಟ್,ചാനൽ സെറ്റ്
ಪಾತ್ರ,സ്വഭാവം
ಅಕ್ಷರ ಕೋಡ್,പ്രതീക കോഡ്
ಅಕ್ಷರ ಕೀ,പ്രതീക കീ
ಅಕ್ಷರ ಓದುಗ,സ്വഭാവ വായനക്കാരൻ
ಅಕ್ಷರ ಗಾತ್ರ,പ്രതീക വലുപ്പം
ಚಾರ್ಟ್,ചാർട്ട്
ಚಾಸಿಸ್,ചേസിസ്
ಚೆಕ್ ಬಿಟ್,ചെക്ക് ബിറ്റ്
ಅಂಕೆ ಪರಿಶೀಲಿಸಿ,അക്കം പരിശോധിക്കുക
ಚೆಕ್ ಮೊತ್ತ,തുക ചെക്ക്
ಪದವನ್ನು ಪರಿಶೀಲಿಸಿ,ചെക്ക് വാക്ക്
ಚಿಪ್,ചിപ്പ്
ಚಿಪ್ ಸೆಟ್,ചിപ്പ് സെറ്റ്
ಆಯ್ಕೆ,തിരഞ്ഞെടുക്കുക
ವರ್ಣೀಯವಾಗಿ,വർണ്ണപരമായി
ಸೈಫರ್,സൈഫർ
ಸರ್ಕ್ಯೂಟ್,സർക്യൂട്ട്
ವೃತ್ತಾಕಾರದ ಪಟ್ಟಿ,വൃത്താകൃതിയിലുള്ള പട്ടിക
ಸಿರಸ್,സിറസ്
ಉಲ್ಲೇಖ,അവലംബം
ವರ್ಗ,ക്ലാസ്
ವರ್ಗ ವೇರಿಯಬಲ್,ക്ലാസ് വേരിയബിൾ
ವರ್ಗೀಕರಣ,വർഗ്ഗീകരണം
ಸ್ಪಷ್ಟ,വ്യക്തമായ
ಸ್ಪಷ್ಟ ಪ್ರದೇಶ,തെളിഞ്ഞ പ്രദേശം
ಸ್ಪಷ್ಟ ಚಾನಲ್,വ്യക്തമായ ചാനൽ
ಕ್ಲಿಕ್,ക്ലിക്ക് ചെയ്യുക
ಗ್ರಾಹಕ,കക്ഷി
ಕ್ಲೈಂಟ್ ಸರ್ವರ್,ക്ലയന്റ് സെർവർ
ಕ್ಲೈಂಟ್ ಸ್ಟಬ್,ക്ലയന്റ് അപൂർണ്ണം
ಕ್ಲಿಪ್ ಆರ್ಟ್,ക്ലിപ്പ് ആർട്ട്
ಕ್ಲಿಪ್ ಆರ್ಟ್ ಲೈಬ್ರರಿ,ക്ലിപ്പ് ആർട്ട് ലൈബ്രറി
ಕ್ಲಿಪ್ ಬೋರ್ಡ್,ക്ലിപ്പ് ബോർഡ്
ಕ್ಲಿಪ್ಪರ್,ക്ലിപ്പർ
ಕ್ಲಿಪ್ಪರ್ ಚಿಪ್,ക്ലിപ്പർ ചിപ്പ്
ಗುಂಪು,കൂട്ടം
ಗಡಿಯಾರ,ക്ലോക്ക്
ಗಡಿಯಾರ ಚಕ್ರ,ക്ലോക്ക് സൈക്കിൾ
ಗಡಿಯಾರದ ಆವರ್ತನ,ക്ലോക്ക് ആവൃത്തി
ಗಡಿಯಾರ ಯಂತ್ರಾಂಶ,ക്ലോക്ക് ഹാർഡ്‌വെയർ
ಗಡಿಯಾರ ನಾಡಿ,ക്ലോക്ക് പൾസ്
ಗಡಿಯಾರದ ವೇಗ,ക്ലോക്ക് വേഗത
ಗಡಿಯಾರ ಸಿಂಕ್ರೊನೈಸೇಶನ್,ക്ലോക്ക് സിൻക്രൊണൈസേഷൻ
ಗಡಿಯಾರ ಟಿಕ್,ക്ലോക്ക് ടിക്ക്
ತದ್ರೂಪಿ,ക്ലോൺ
ಮುಚ್ಚಿ,അടുത്ത്
ಕ್ಲೋಸ್ ಸರ್ಕ್ಯೂಟ್ ಟಿವಿ (CCTV),ക്ലോസ് സർക്യൂട്ട് ടിവി (സിസിടിവി)
ಮುಚ್ಚಿದ,അടച്ചുപൂട്ടൽ
ಕ್ಲೌಡ್ ಕಂಪ್ಯೂಟಿಂಗ್,ക്ലൗഡ് കമ്പ്യൂട്ടിംഗ്
ಕ್ಲಸ್ಟರ್,ക്ലസ്റ്റർ
ಲೇಪಿತ ಕಾರ್ಡ್,പൂശിയ കാർഡ്
ಲೇಪಿತ ಕಾಗದ,പൊതിഞ്ഞ പേപ്പർ
ಏಕಾಕ್ಷ,ഏകപക്ഷീയമായ
ಗಟ್ಟಿ ಕವಚದ ತಂತಿ,ഏകോപന കേബിൾ
ಕೊಡಸಿಲ್,കോഡാസിൽ
ಕೋಡ್,കോഡ്
ಕೋಡ್ ಜನರೇಟರ್,കോഡ് ജനറേറ്റര്
ಕೋಡ್ ಪುಟ,കോഡ് പേജ്
ಕೋಡ್ ಪದ,കോഡ് വാക്ക്
ಕೋಡರ್,കോഡർ
ಕೋಡಿಂಗ್ ಚೆಕ್,കോഡിംഗ് പരിശോധന
ಕೋಡಿಂಗ್ ರೂಪ,കോഡിംഗ് ഫോം
ಕೋಡಿಂಗ್ ಶೀಟ್,കോഡിംഗ് ഷീറ്റ്
ಗುಣಾಂಕ,ഗുണകം
ಸುಸಂಬದ್ಧತೆ,പരസ്പരബന്ധം
ಕೋಲ್ಡ್ ಬೂಟ್,തണുത്ത ബൂട്ട്
ಶೀತ ಆರಂಭ,തണുത്ത തുടക്കം
ಸಹಯೋಗ,സഹകരണം
ಕುಸಿತ,തകർച്ച
ಕೊಲೇಟ್,കൊളാറ്റ്
ಕೊಲೇಟ್ ಟೇಪ್,കൊളേറ്റ് ടേപ്പ്
ಘರ್ಷಣೆ,കൂട്ടിയിടി
ಕೊಲೊನ್,കോളൻ
ಬಣ್ಣ (ಬಣ್ಣ),നിറം (നിറം)
ಬಣ್ಣದ ಶುದ್ಧತ್ವ,നിറം സാച്ചുറേഷൻ
ಬಣ್ಣದ ಟೇಬಲ್,വർണ്ണ പട്ടിക
ಕಾಲಮ್,കോളം
ಸಂಯೋಜನೆ,സംയോജനം
ಕಾಂಬೊ ಬಾಕ್ಸ್,കോംബോ ബോക്സ്
ಆಜ್ಞೆ,കമാൻഡ്
ಆದೇಶ ಬಟನ್,കമാൻഡ് ബട്ടൺ
ಆದೇಶ ಪಟ್ಟಿ,കമാൻഡ് ലിസ്റ്റ്
ಕಾಮೆಂಟ್,അഭിപ്രായം
ಬದ್ಧತೆ,പ്രതിബദ്ധത
ಸರಕು,ചരക്ക്
ಸಾಮಾನ್ಯ ವ್ಯವಹಾರ ಆಧಾರಿತ ಭಾಷೆ (ಕೋಬೋಲ್),പൊതു ബിസിനസ് അധിഷ്ഠിത ഭാഷ (കോബോൾ)
ಸಾಮಾನ್ಯ ದೋಷ,സാധാരണ പിശക്
ಸಾಮಾನ್ಯ ಭಾಷೆ,പൊതു ഭാഷ
ಸಾಮಾನ್ಯ ದಿನಚರಿ,സാധാരണ പതിവ്
ಸಂವಹನ,ആശയവിനിമയം
ಸಂವಹನ ಲೈನ್,ആശയവിനിമയ ലൈൻ
ಸಂವಹನ ಮೋಡ್,ആശയവിനിമയ മോഡ്
ಸಂವಹನ ಜಾಲ,ആശയവിനിമയ ശൃംഖല
ಸಂವಹನ ನಿಯತಾಂಕ,ആശയവിനിമയ പരാമീറ്റർ
ಸಂವಹನ ವ್ಯವಸ್ಥೆ,ആശയവിനിമയ സംവിധാനം
ಸಂಕೋಚನ,കോംപാക്ഷൻ
ಕಂಪಾಂಡರ್,കമ്പാൻഡർ
ಕಂಪಾಂಡಿಂಗ್,companding
ಕಂಪನಿ ನೆಟ್ವರ್ಕ್,കമ്പനി ശൃംഖല
ಹೋಲಿಕೆ ಪರೀಕ್ಷೆ,താരതമ്യ പരിശോധന
ಹೊಂದಾಣಿಕೆ,അനുയോജ്യത
ಹೊಂದಬಲ್ಲ,അനുയോജ്യം
ಸಂಕಲನ,സമാഹാരം
ಕಂಪೈಲ್ ಮತ್ತು ಹೋಗಿ,സമാഹരിച്ച് പോകുക
ಕಂಪೈಲರ್,കമ്പൈലർ
ಕಂಪೈಲರ್ ಭಾಷೆ,കമ്പൈലർ ഭാഷ
ಪೂರಕ,പരസ്പരപൂരകമായ
ಹತ್ತರ ಮೇಲೆ ಪೂರಕ,കോംപ്ലിമെന്റ്-ഓൺ-പത്ത്
ಪೂರಕ,പൂരകൻ
ಸಂಪೂರ್ಣ ಸಾಗಿಸಲು,പൂർണ്ണമായി കൊണ്ടുപോകുക
ಸಂಕೀರ್ಣ,സങ്കീർണ്ണമായ
ಸಂಕೀರ್ಣ ಸಂಖ್ಯೆ,സങ്കീർണ്ണ സംഖ്യ
ಘಟಕ,ഘടകം
ಘಟಕ ವಸ್ತು ಮಾದರಿ (COM),ഘടകം ഒബ്ജക്റ്റ് മോഡൽ (COM)
ಸಂಯೋಜಿತ,സംയുക്തം
ಸಂಯೋಜನೆ,രചന
ಕಂಪ್ಯೂಟೇಶನಲ್,കമ്പ്യൂട്ടേഷണൽ
ಕಂಪ್ಯೂಟರ್,കമ്പ്യൂട്ടർ
ಕಂಪ್ಯೂಟರ್ ಕೇಂದ್ರ,കമ്പ്യൂട്ടർ കേന്ദ്രം
ಕಂಪ್ಯೂಟರ್ ತಜ್ಞ,കമ്പ്യൂട്ടർ വിദഗ്ധൻ
ಕಂಪ್ಯೂಟರ್ ಗ್ರಾಫಿಕ್ಸ್,കമ്പ്യൂട്ടർ ഗ്രാഫിക്സ്
ಕಂಪ್ಯೂಟರ್ ಸೂಚನೆ,കമ്പ്യൂട്ടർ നിർദ്ദേശം
ಕಂಪ್ಯೂಟರ್ ಭಾಷೆ,കമ്പ്യൂട്ടർ ഭാഷ
ಗಣಕಯಂತ್ರದ ಜಾಲ,കമ്പ്യൂട്ടർ ശൃംഖല
ಗಣಕ ಯಂತ್ರ ವಿಜ್ಞಾನ,കമ്പ്യൂട്ടർ സയൻസ്
ಕಂಪ್ಯೂಟರ್ ಭದ್ರತೆ,കമ്പ്യൂട്ടർ സുരക്ഷ
ಕಂಪ್ಯೂಟರ್ ಸಿಮ್ಯುಲೇಟನ್,കമ്പ്യൂട്ടർ സിമുലേറ്റൺ
ಕಂಪ್ಯೂಟರ್ ತಜ್ಞ,കമ്പ്യൂട്ടർ സ്പെഷ്യലിസ്റ്റ്
ಗಣಕೀಕರಣ,കമ്പ്യൂട്ടർവൽക്കരണം
ಗಣಕಶಾಸ್ತ್ರಜ್ಞ,കമ്പ്യൂട്ടറിസ്റ്റ്
ಗಣಕೀಕರಣಗೊಳಿಸು,കമ്പ്യൂട്ടറൈസ് ചെയ്യുക
ಕಂಪ್ಯೂಟಿಂಗ್,കമ്പ്യൂട്ടിംഗ്
ಪರಿಕಲ್ಪನೆ,ആശയം
ಏಕರೂಪತೆ,സമവായം
ಏಕಕಾಲೀನ,ഒരേസമയം
ಸ್ಥಿತಿ ವೇರಿಯಬಲ್,അവസ്ഥ വേരിയബിൾ
ಷರತ್ತುಬದ್ಧ ಆಪರೇಟರ್,സോപാധിക ഓപ്പറേറ്റർ
ಷರತ್ತುಬದ್ಧ ಹೇಳಿಕೆ,സോപാധിക പ്രസ്താവന
ಕಂಡಕ್ಟರ್,കണ്ടക്ടർ
ಕಾನ್ಫರೆನ್ಸಿಂಗ್,കോൺഫറൻസിങ്
ಗೌಪ್ಯತೆ,രഹസ്യാത്മകത
ಸಂರಚನೆ,കോൺഫിഗറേഷൻ
ದಟ್ಟಣೆ,തിരക്ക്
ಸಂಯೋಗ,സംയോജനം
ಸಂಪರ್ಕ ವೇಗ,കണക്ട് വേഗത
ಸಂಪರ್ಕ,കണക്ഷൻ
ಸಂಪರ್ಕ ಕಡಿಮೆ ಸಂವಹನ,കണക്ഷൻ കുറവ് ആശയവിനിമയം
ಸಂಪರ್ಕ ಬಿಡುಗಡೆ,കണക്ഷൻ റിലീസ്
ಸಂಪರ್ಕ,കണക്റ്റിവിറ്റി
ಕನೆಕ್ಟರ್,കണക്റ്റർ
ಸತತವಾಗಿ,തുടർച്ചയായി
ಪರಿಣಾಮವಾಗಿ,അനന്തരഫലം
ಕನ್ಸೋಲ್,കൺസോൾ
ಬಲವರ್ಧನೆ,ഏകീകരണം
ನಿರಂತರ,സ്ഥിരമായ
ನಿರಂತರ ಸೂಚನೆ,നിരന്തരമായ നിർദ്ദേശം
ನಿರ್ಬಂಧ,പരിമിതി
ನಿರ್ಮಾಣಕಾರ,കൺസ്ട്രക്റ്റർ
ಕಂಟೇನರ್,കണ്ടെയ്നർ
ವಿಷಯ,ഉള്ളടക്കം
ಸಂದರ್ಭ,സന്ദർഭം
ಸಂದರ್ಭ ಮುಕ್ತ ವ್ಯಾಕರಣ (CFG),സന്ദർഭ രഹിത വ്യാകരണം (CFG)
ಸಂದರ್ಭ ಸ್ವಿಚ್,സന്ദർഭ സ്വിച്ച്
ಆಕಸ್ಮಿಕ,ആകസ്മികത
ಸಂಕೋಚನ,സങ്കോചം
ಕಾಂಟ್ರಾಸ್ಟ್,വൈരുദ്ധ്യം
ನಿಯಂತ್ರಣ,നിയന്ത്രണം
ನಿಯಂತ್ರಣ ಪ್ರದೇಶ,നിയന്ത്രണ മേഖല
ನಿಯಂತ್ರಣ ಬಿಟ್,നിയന്ത്രണ ബിറ്റ്
ನಿಯಂತ್ರಣ ಬಸ್,നിയന്ത്രണ ബസ്
ನಿಯಂತ್ರಣ ಕಾರ್ಡ್,നിയന്ത്രണ കാർഡ്
ನಿಯಂತ್ರಣ ಸರ್ಕ್ಯೂಟ್,നിയന്ത്രണ സർക്യൂട്ട്
ನಿಯಂತ್ರಣ ಚಕ್ರ,നിയന്ത്രണ ചക്രം
ನಿಯಂತ್ರಣ ಎಂಜಿನಿಯರಿಂಗ್,നിയന്ത്രണ എഞ്ചിനീയറിംഗ്
ನಿಯಂತ್ರಣ ಕೀ,നിയന്ത്രണ കീ
ನಿಯಂತ್ರಣ ತರ್ಕ,നിയന്ത്രണ യുക്തി
ನಿಯಂತ್ರಣ ಲೂಪ್,നിയന്ത്രണ ലൂപ്പ്
ನಿಯಂತ್ರಣ ಗುರುತು,നിയന്ത്രണ അടയാളം
ನಿಯಂತ್ರಣ ಕಾರ್ಯಾಚರಣೆ,നിയന്ത്രണ പ്രവർത്തനം
ನಿಯಂತ್ರಣಫಲಕ,നിയന്ത്രണ പാനൽ
ನಿಯಂತ್ರಣ ಸಂಕೇತ,നിയന്ത്രണ സിഗ്നൽ
ನಿಯಂತ್ರಣ ಸ್ವಿಚ್,നിയന്ത്രണ സ്വിച്ച്
ನಿಯಂತ್ರಣ ಟೇಪ್,നിയന്ത്രണ ടേപ്പ്
ನಿಯಂತ್ರಣ ಟರ್ಮಿನಲ್,നിയന്ത്രണ ടെർമിനൽ
ನಿಯಂತ್ರಣ ಘಟಕ (CU),നിയന്ത്രണ യൂണിറ്റ് (CU)
ಒಮ್ಮುಖ,ഒത്തുചേരൽ
ಸಂಭಾಷಣೆ,സംഭാഷണം
ಸಂಭಾಷಣೆಯ ಸಮಯ ಹಂಚಿಕೆ,സംഭാഷണ സമയം പങ്കിടൽ
ಪರಿವರ್ತನೆ,പരിവർത്തനം
ಪರಿವರ್ತಕ,കൺവെർട്ടർ
ಕುಕ್ ಪ್ರಮೇಯ,കുക്കിന്റെ സിദ്ധാന്തം
ಸಹ-ಸಂಸ್ಕಾರಕ,സഹ-പ്രൊസസർ
ನಕಲು,പകർത്തുക
ಕೃತಿಸ್ವಾಮ್ಯ,പകർപ്പവകാശം
ಬಳ್ಳಿಯ,ചരട്
ತಂತಿರಹಿತ ದೂರವಾಣಿ,കോർഡ്ലെസ്സ് ടെലിഫോൺ
ಅನುಸಂಧಾನ,അനന്തരഫലം
ತಿದ್ದುಪಡಿ,തിരുത്തൽ
ಭ್ರಷ್ಟಗೊಂಡಿದೆ,ദുഷിച്ചു
ಎಣಿಕೆ,എണ്ണുക
ಕೌಂಟರ್,കൗണ്ടർ
ದೇಶದ ಕೋಡ್,രാജ്യത്തിന്റെ കോഡ്
ಸಹವರ್ತಿತ್ವ,സഹവർത്തിത്വം
ವ್ಯಾಪ್ತಿ,കവറേജ്
ಕುಸಿತ,തകര്ച്ച
ನಿರ್ಣಾಯಕ ಮಾರ್ಗ,നിർണായക പാത
ನಿರ್ಣಾಯಕ ಮಾರ್ಗ ವಿಧಾನ (CPM),ക്രിട്ടിക്കൽ പാത്ത് രീതി (CPM)
ಹೋಲಿಸಿ ನೋಡು,ക്രോസ് ചെക്ക്
ಅಡ್ಡ ಕಂಪೈಲರ್,ക്രോസ് കംപൈലർ
ಅಡ್ಡ ಬೆಂಕಿ,തീ കടക്കുക
ಅಡ್ಡ ಮಾತು,ക്രോസ് ടോക്ക്
ಕ್ರಿಪ್ಟೋಗ್ರಾಫಿಕ್,ക്രിപ്റ്റോഗ്രാഫിക്
ಗುಪ್ತ ಲಿಪಿಶಾಸ್ತ್ರ,ക്രിപ്റ്റോഗ്രഫി
ಕರೆನ್ಸಿ ಚಿಹ್ನೆ,കറൻസി ചിഹ്നം
ಪ್ರಸ್ತುತ ಡೈರೆಕ್ಟರಿ,നിലവിലെ ഡയറക്ടറി
ಪ್ರಸ್ತುತ ವಿಂಡೋ,നിലവിലെ വിൻഡോ
ಕರ್ಸರ್,കഴ്സർ
ವಕ್ರರೇಖೆ,വളവ്
ಕತ್ತರಿಸು ಮತ್ತು ಅಂಟಿಸು,വെട്ടി ഒട്ടിക്കുക്ക
ಕತ್ತರಿಸಿದ ವಿಧಾನ,കട്ട് രീതി
ಸೈಬರ್,സൈബർ
ಸೈಬರ್ ಕೆಫೆ,സൈബർ കഫേ
ಸೈಬರ್ ನಗದು,സൈബർ പണം
ಸೈಬರ್ ಅಪರಾಧ,സൈബർ കുറ്റകൃത്യം
ಸೈಬರ್ ಡೆಲಿಕ್ಸ್,സൈബർ ഡെലിക്കുകൾ
ಸೈಬರ್ ಕಾನೂನು,സൈബർ നിയമം
ಸೈಬರ್ ಸೆಕ್ಸ್,സൈബർ സെക്‌സ്
ಸೈಬರ್ನಾಟಿಕ್ಸ್,സൈബർനാറ്റിക്സ്
ಸೈಬರ್ನೇಷನ್,സൈബർനേഷൻ
ಸೈಕಲ್,ചക്രം
ಸೈಕಲ್ ಸ್ಮರಣೆ,സൈക്കിൾ മെമ്മറി
ಸೈಕಲ್ ಕಳ್ಳತನ,സൈക്കിൾ മോഷ്ടിക്കുന്നു
ಸೈಕಲ್ ಸಮಯ,സൈക്കിൾ സമയം
ಆವರ್ತಕ,ചാക്രികമായ
ಡೀಮನ್,പിശാച്
ಡೈಸಿ ಚಕ್ರ,ഡെയ്സി ചക്രം
ಡೇಟಾ ನಿರ್ವಾಹಕ,ഡാറ്റ അഡ്മിനിസ്ട്രേറ്റർ
ಡೇಟಾ ಹಂಚಿಕೆ,ഡാറ്റ അലോക്കേഷൻ
ಡೇಟಾ ಪ್ರದೇಶ,ഡാറ്റ ഏരിയ
ಡೇಟಾ ಶ್ರೇಣಿ,ഡാറ്റ അറേ
ಡೇಟಾ ಬೇಸ್,ഡാറ്റാ ബേസ്
ಡೇಟಾ ಬ್ರೇಕ್,ഡാറ്റ ബ്രേക്ക്
ಡೇಟಾ ಬಸ್,ഡാറ്റ ബസ്
ಡೇಟಾ ವಾಹಕ,ഡാറ്റ കാരിയർ
ಡೇಟಾ ಸೆಲ್,ഡാറ്റ സെൽ
ಡೇಟಾ ಚಾನಲ್,ഡാറ്റ ചാനൽ
ಡೇಟಾ ಸಂವಹನ,ഡാറ്റ ആശയവിനിമയം
ಡೇಟಾ ಕಂಪ್ರೆಷನ್,ഡാറ്റ കംപ്രഷൻ
ಡೇಟಾ ಕ್ಷೇತ್ರ,ഡാറ്റ ഫീൽഡ്
ಡೇಟಾ ಫೈಲ್,ഡാറ്റ ഫയൽ
ದತ್ತಾಂಶ ಹರಿವು,ഡാറ്റ ഫ്ലോ
ಡೇಟಾ ಹರಿವಿನ ಚಾರ್ಟ್,ഡാറ്റ ഫ്ലോ ചാർട്ട്
ಡೇಟಾ ಕ್ರಮಾನುಗತ,ഡാറ്റ ശ്രേണി
ಡೇಟಾ ಮಟ್ಟ,ഡാറ്റ ലെവൽ
ಡೇಟಾ ಲೈಬ್ರರಿ,ഡാറ്റ ലൈബ്രറി
ಡೇಟಾ ಲಿಂಕ್ ಲೇಯರ್,ഡാറ്റ ലിങ്ക് ലെയർ
ಡೇಟಾ ಲಿಂಕ್ ಲೇಯರ್ (DLL),ഡാറ്റ ലിങ്ക് ലെയർ (DLL)
ಡೇಟಾ ನಿರ್ವಹಣೆ,ഡാറ്റ മാനേജ്മെന്റ്
ಡೇಟಾ ಕುಶಲತೆ,ഡാറ്റ കൃത്രിമത്വം
ಡೇಟಾ ಮ್ಯಾನಿಪ್ಯುಲೇಷನ್ ಭಾಷೆ (DML),ഡാറ്റ കൃത്രിമ ഭാഷ (DML)
ಡೇಟಾ ಮೋಡೆಮ್,ഡാറ്റ മോഡം
ಡೇಟಾ ಮಾರ್ಪಾಡು,ഡാറ്റ പരിഷ്ക്കരണം
ಡೇಟಾ ನೆಟ್ವರ್ಕ್,ഡാറ്റ നെറ്റ്വർക്ക്
ಡೇಟಾ ಕಾರ್ಯಾಚರಣೆ,ഡാറ്റ പ്രവർത്തനം
ಡೇಟಾ ಸಂಘಟನೆ,ഡാറ്റ ഓർഗനൈസേഷൻ
ಡೇಟಾ ಔಟ್ಪುಟ್,ഡാറ്റ ഔട്ട്പുട്ട്
ಡೇಟಾ ಮಾರ್ಗ,ഡാറ്റ പാത
ಡೇಟಾ ಸಿದ್ಧತೆ,ഡാറ്റ തയ്യാറാക്കൽ
ಡೇಟಾ ಗೌಪ್ಯತೆ,ഡാറ്റ സ്വകാര്യത
ಡೇಟಾ ಪ್ರೊಸೆಸರ್,ഡാറ്റ പ്രോസസ്സർ
ಡೇಟಾ ರಕ್ಷಣೆ,ഡാറ്റ പരിരക്ഷ
ಡೇಟಾ ದಾಖಲೆ,ഡാറ്റ റെക്കോർഡ്
ಡೇಟಾ ಮರುಪಡೆಯುವಿಕೆ,ഡാറ്റ വീണ്ടെടുക്കൽ
ಡೇಟಾ ವಾಡಿಕೆಯ,ഡാറ്റ ദിനചര്യ
ಡೇಟಾ ಭದ್ರತೆ,ഡാറ്റ സുരക്ഷ
ಡೇಟಾ ಸೆಟ್,ഡാറ്റ സെറ്റ്
ಡೇಟಾ ಸಿಗ್ನಲ್,ഡാറ്റ സിഗ്നൽ
ಡೇಟಾ ಸಿಂಕ್,ഡാറ്റ സിങ്ക്
ಡೇಟಾ ಮೂಲ,വിവര ഉറവിടം
ಡೇಟಾ ನಿರ್ದಿಷ್ಟತೆ,ഡാറ്റ സ്പെസിഫിക്കേഷൻ
ಡೇಟಾ ಸ್ಟೇಷನ್,ഡാറ്റ സ്റ്റേഷൻ
ಡೇಟಾ ಸಂಗ್ರಹಣೆ,ഡാറ്റ സംഭരണം
ಡೇಟಾ ಶೇಖರಣಾ ರಚನೆ,ഡാറ്റ സംഭരണ ഘടന
ಡೇಟಾ ರಚನೆ,ഡാറ്റ ഘടന
ಡೇಟಾ ಸ್ವಿಚ್,ഡാറ്റ സ്വിച്ച്
ಡೇಟಾ ಟೇಬಲ್,ഡാറ്റ പട്ടിക
ಡೇಟಾ ಟರ್ಮಿನಲ್,ഡാറ്റ ടെർമിനൽ
ಡೇಟಾ ಪ್ರತಿಲೇಖನ,ഡാറ്റ ട്രാൻസ്ക്രിപ്ഷൻ
ಡೇಟಾ ವರ್ಗಾವಣೆ,ഡാറ്റ കൈമാറ്റം
ಡೇಟಾ ಪ್ರಸರಣ,ഡാറ്റ ട്രാൻസ്മിഷൻ
ಡೇಟಾ ಟ್ರಾನ್ಸ್ಮಿಷನ್ ಚಾನಲ್,ഡാറ്റ ട്രാൻസ്മിഷൻ ചാനൽ
ಡೇಟಾ ಪ್ರಕಾರ,ഡാറ്റ തരം
ಡೇಟಾ ಘಟಕ,ഡാറ്റ യൂണിറ്റ്
ಡೇಟಾ ಮೌಲ್ಯೀಕರಣ,ഡാറ്റ മൂല്യനിർണ്ണയം
ಡೇಟಾಬೇಸ್,ഡാറ്റാബേസ്
ಡೇಟಾಬೇಸ್ ಆಡಳಿತ,ഡാറ്റാബേസ് അഡ്മിനിസ്ട്രേഷൻ
ಡೇಟಾಬೇಸ್ ವಿನ್ಯಾಸ,ഡാറ്റാബേസ് ഡിസൈൻ
ಡೇಟಾಬೇಸ್ ನಿರ್ವಹಣಾ ವ್ಯವಸ್ಥೆ,ഡാറ്റാബേസ് മാനേജ്മെന്റ് സിസ്റ്റം
ಡಾಟಾಗ್ರಾವ್,ഡാറ്റഗ്രേവ്
ದತ್ತಾಂಶ,ഡാറ്റ
ಸತ್ತ ವಲಯ,മരിച്ച മേഖല
ಬಿಕ್ಕಟ್ಟು,സ്തംഭനാവസ്ഥ
ಡೆಡ್ಲಾಕ್ ತಡೆಗಟ್ಟುವಿಕೆ,സ്തംഭനാവസ്ഥ തടയൽ
ಡೀಬಗ್,ഡീബഗ്
ನಿರ್ಧಾರ ಪೆಟ್ಟಿಗೆ,തീരുമാന പെട്ടി
ನಿರ್ಧಾರ ಪ್ರಕ್ರಿಯೆ,തീരുമാനമെടുക്കൽ പ്രക്രിയ
ನಿರ್ಧಾರ ಬೆಂಬಲ ವ್ಯವಸ್ಥೆ,തീരുമാന പിന്തുണാ സംവിധാനം
ನಿರ್ಧಾರ ಮರ,തീരുമാന വൃക്ഷം
ಡಿಕೋಡರ್,ഡീകോഡർ
ವಿಘಟನೆಯ ತತ್ವ,വിഘടന തത്വം
ಡೀಕ್ರಿಪ್ಶನ್,ഡീക്രിപ്ഷൻ
ಮೀಸಲಾದ ಚಾನಲ್,സമർപ്പിത ചാനൽ
ಮೀಸಲಾದ ಬಂದರು,സമർപ്പിത തുറമുഖം
ರಕ್ಷಣಾ ದತ್ತಾಂಶ ಜಾಲ (DDN),പ്രതിരോധ ഡാറ്റ ശൃംഖല (DDN)
ರಕ್ಷಣಾ ಮಾಹಿತಿ ವ್ಯವಸ್ಥೆ,പ്രതിരോധ വിവര സംവിധാനം
ಡಿಫ್ರಾಗ್ಮೆಂಟೇಶನ್,defragmentation
ವಿಳಂಬ,കാലതാമസം
ವಿಳಂಬ ಕೌಂಟರ್,കാലതാമസം കൗണ്ടർ
ವಿಳಂಬ ಸಮಯ,കാലതാമസം സമയം
ಅಳಿಸಿ,ഇല്ലാതാക്കുക
ಅಳಿಸುವಿಕೆ ದಾಖಲೆ,ഇല്ലാതാക്കൽ രേഖ
ಡಿಲಿಮಿಟರ್,ഡിലിമിറ്റർ
ಡೆಲ್ಟಾ ಮಾಡ್ಯುಲೇಶನ್,ഡെൽറ്റ മോഡുലേഷൻ
ಬೇಡಿಕೆ ಪೇಜಿಂಗ್,ഡിമാൻഡ് പേജിംഗ്
ಡೆಮೊ,ഡെമോ
ಡಿಮೋಡ್ಯುಲೇಶನ್,demodulation
ಡಿಮಲ್ಟಿಪ್ಲೆಕ್ಸರ್,demultiplexer
ಅಸಾಧಾರಣೀಕರಣ,ഡീനോർമലൈസേഷൻ
ಸಾಂದ್ರತೆ,സാന്ദ്രത
ಅವಲಂಬನೆ,ആശ്രിതത്വം
ಅವಲಂಬಿತ ಘಟಕ,ആശ്രിത യൂണിറ്റ്
ಡಿಕ್ಯೂ,dequeue
ಅವಲಂಬನೆ,dereferencing
ವ್ಯುತ್ಪನ್ನ ಮರ,ഡെറിവേഷൻ ട്രീ
ಪಡೆದ ಕ್ಷೇತ್ರ,ഉരുത്തിരിഞ്ഞ ഫീൽഡ്
ಅವರೋಹಣ ರೀತಿಯ,അവരോഹണ തരം
ವಿನ್ಯಾಸ,ഡിസൈൻ
ಮೇಜಿನ ಕ್ಯಾಲ್ಕುಲೇಟರ್,ഡെസ്ക് കാൽക്കുലേറ്റർ
ಡೆಸ್ಕ್ ಟಾಪ್ ಕಂಪ್ಯೂಟರ್,ഡെസ്ക്ടോപ്പ് കമ്പ്യൂട്ടർ
ಡೆಸ್ಕ್ಟಾಪ್ ಪ್ರಸ್ತುತಿ,ഡെസ്ക്ടോപ്പ് അവതരണം
ಡೆಸ್ಕ್‌ಟಾಪ್ ಪಬ್ಲಿಷಿಂಗ್ (ಡಿಟಿಪಿ),ഡെസ്ക്ടോപ്പ് പബ്ലിഷിംഗ് (DTP)
ಡೆಸ್ಕ್ಟಾಪ್ ವೀಡಿಯೊ,ഡെസ്ക്ടോപ്പ് വീഡിയോ
ತಲುಪಬೇಕಾದ ವಿಳಾಸ,ലക്ഷ്യസ്ഥാന വിലാസം
ವಿಧ್ವಂಸಕ,വിനാശകൻ
ಡಿಟರ್ಮಿನಿಸ್ಟ್ರಿಕ್ ಆಟೊಮ್ಯಾಟ್‌ಗಳು,ഡിറ്റർമിനിസ്‌ട്രിക് ഓട്ടോമാറ്റുകൾ
ಡೆವಲಪರ್,ഡെവലപ്പർ
ಅಭಿವೃದ್ಧಿ ವ್ಯವಸ್ಥೆ,വികസന സംവിധാനം
ಸಾಧನ,ഉപകരണം
ಸಾಧನ ನಿಯಂತ್ರಣ ಘಟಕ,ഉപകരണ നിയന്ത്രണ യൂണിറ്റ്
ಸಾಧನ ನಿಯಂತ್ರಕ,ഉപകരണ കൺട്രോളർ
ಸಾಧನ ನಿರ್ವಹಣೆ,ഉപകരണ മാനേജ്മെന്റ്
ಸಾಧನ ಮೋಡ್,ഉപകരണ മോഡ്
ರೋಗನಿರ್ಣಯ,രോഗനിർണയം
ರೋಗನಿರ್ಣಯ ವ್ಯವಸ್ಥೆ,ഡയഗ്നോസ്റ്റിക് സിസ്റ്റം
ರೋಗನಿರ್ಣಯ,ഡയഗ്നോസ്റ്റിക്സ്
ರೇಖಾಚಿತ್ರ,ഡയഗ്രം
ಡಯಲ್ ಮಾಡಿ,ഡയൽ ചെയ്യുക
ಡಯಲ್ ಲೈನ್,ഡയൽ ലൈൻ
ಡಯಲ್ ಟೋನ್,ഡയൽ ടോണ്
ಡಯಲ್ ಅಪ್ ಮಾಡಿ,ഡയൽ അപ്
ಸಂವಾದ,ഡയലോഗ്
ಸಂವಾದ ಪೆಟ್ಟಿಗೆ,ഡയലോഗ് ബോക്സ്
ಡಯಲಪ್ ಮೋಡೆಮ್,ഡയലപ്പ് മോഡം
ವ್ಯಾಸ,വ്യാസം
ನಿಘಂಟು,നിഘണ്ടു
ವ್ಯತ್ಯಾಸ,വ്യത്യാസം
ಡಿಜಿಟಲ್,ഡിജിറ്റൽ
ಡಿಜಿಟಲ್ ಚಾನಲ್,ഡിജിറ്റൽ ചാനൽ
ಡಿಜಿಟಲ್ ಸರ್ಕ್ಯೂಟ್,ഡിജിറ്റൽ സർക്യൂട്ട്
ಡಿಜಿಟಲ್ ಕಂಪ್ಯೂಟರ್,ഡിജിറ്റൽ കമ്പ്യൂട്ടർ
ಡಿಜಿಟಲ್ ಡೇಟಾ,ഡിജിറ്റൽ ഡാറ്റ
ಡಿಜಿಟಲ್ ಸೌಲಭ್ಯ,ഡിജിറ്റൽ സൗകര്യം
ಡಿಜಿಟಲ್ ಫಿಲ್ಟರ್,ഡിജിറ്റൽ ഫിൽട്ടർ
ಡಿಜಿಟಲ್ ಲೈಬ್ರರಿ,ഡിജിറ്റൽ ലൈബ്രറി
ಡಿಜಿಟಲ್ ಮಾಡ್ಯುಲೇಶನ್,ഡിജിറ്റൽ മോഡുലേഷൻ
ಡಿಜಿಟಲ್ ಮಾನಿಟರ್,ഡിജിറ്റൽ മോണിറ്റർ
ಡಿಜಿಟಲ್ ಚಿತ್ರ,ഡിജിറ്റൽ ചിത്രം
ಡಿಜಿಟಲ್ ಸಹಿ,ഡിജിറ്റൽ ഒപ്പ്
ಡಿಜಿಟಲ್ ಸ್ವಿಚ್,ഡിജിറ്റൽ സ്വിച്ച്
ಡಿಜಿಟಲ್ ಟು ಅನಲಾಗ್ (D/A) ಪರಿವರ್ತಕ,ഡിജിറ്റൽ ടു അനലോഗ് (D/A) കൺവെർട്ടർ
ಡಿಜಿಟಲೀಕರಣ,ഡിജിറ്റൈസേഷൻ
ಡಿಜಿಟೈಜ್ ಮಾಡಿ,ഡിജിറ്റൈസ് ചെയ്യുക
ಡಿಜಿಟೈಸರ್,ഡിജിറ്റൈസർ
ಡಯೋಡ್,ഡയോഡ്
ನೇರ,നേരിട്ട്
ನೇರ ವಿಳಾಸ,നേരിട്ടുള്ള വിലാസം
ನೇರ ಪರಿವರ್ತನೆ,നേരിട്ടുള്ള പരിവർത്തനം
ನೇರ ಜೋಡಣೆ,നേരിട്ടുള്ള സംയോജനം
ನೇರ ಮೆಮೊರಿ ಪ್ರವೇಶ (DMA),ഡയറക്ട് മെമ്മറി ആക്സസ് (DMA)
ನೇರ ಮೆಮೊರಿ ಪ್ರವೇಶ (DMA),ഡയറക്ട് മെമ്മറി ആക്സസ് (DMA)
ನೇರ ವಿಧಾನ,നേരിട്ടുള്ള രീതി
ನಿರ್ದೇಶನ,നിർദ്ദേശം
ಡೈರೆಕ್ಟರಿ,ഡയറക്ടറി
ಡೈರೆಕ್ಟರಿ ಸರ್ವರ್,ഡയറക്ടറി സെർവർ
ಡೈರೆಕ್ಟರಿ ಸೇವೆ,ഡയറക്ടറി സേവനം
ನಿಷ್ಕ್ರಿಯಗೊಳಿಸು,പ്രവർത്തനരഹിതമാക്കുക
ಸಂಕೇತವನ್ನು ನಿಷ್ಕ್ರಿಯಗೊಳಿಸುವುದು,സിഗ്നൽ പ്രവർത്തനരഹിതമാക്കുന്നു
ಸಂಪರ್ಕ ಕಡಿತಗೊಳಿಸಿ,വിച്ഛേദിക്കുക
ಪ್ರತ್ಯೇಕವಾದ,വ്യതിരിക്തമായ
ಡಿಸ್ಕ್,ഡിസ്ക്
ಡಿಸ್ಕ್ ವಿಳಾಸ,ഡിസ്ക് വിലാസം
ಡಿಸ್ಕ್ ಅರೇ,ഡിസ്ക് അറേ
ಡಿಸ್ಕ್ ಸಾಮರ್ಥ್ಯ,ഡിസ്ക് ശേഷി
ಡಿಸ್ಕ್ ಡ್ರೈವ್,ഡിസ്ക് ഡ്രൈവ്
ಡಿಸ್ಕ್ ಫೈಲ್,ഡിസ്ക് ഫയൽ
ಡಿಸ್ಕ್ ಮೆಮೊರಿ,ഡിസ്ക് മെമ്മറി
ಡಿಸ್ಕ್ ಆಪರೇಟಿಂಗ್ ಸಿಸ್ಟಮ್ (DOS),ഡിസ്ക് ഓപ്പറേറ്റിംഗ് സിസ്റ്റം (DOS)
ಡಿಸ್ಕ್ ಪ್ಯಾಕ್,ഡിസ്ക് പായ്ക്ക്
ಡಿಸ್ಕ್ ಸರ್ವರ್,ഡിസ്ക് സെർവർ
ಡಿಸ್ಕ್ ಸಂಗ್ರಹಣೆ,ഡിസ്ക് സംഭരണം
ಡಿಸ್ಕೆಟ್,ഡിസ്കെറ്റ്
ಪ್ರದರ್ಶನ ಫೈಲ್,ഫയൽ പ്രദർശിപ്പിക്കുക
ಚಿತ್ರವನ್ನು ಪ್ರದರ್ಶಿಸಿ,ചിത്രം പ്രദർശിപ്പിക്കുക
ವಿಲೇವಾರಿ,നിർമാർജനം
ದೂರ,ദൂരം
ದೂರ ಕಾರ್ಯ,ദൂരം പ്രവർത്തനം
ಅಸ್ಪಷ್ಟತೆ,വളച്ചൊടിക്കൽ
ವಿತರಣೆ,വിതരണം ചെയ്തു
ವಿತರಿಸಿದ ಡೇಟಾ,വിതരണം ചെയ്ത ഡാറ്റ
ವಿತರಿಸಿದ ಸರ್ವರ್,വിതരണം ചെയ്ത സെർവർ
ವಿತರಿಸಿದ ವ್ಯವಸ್ಥೆ,വിതരണം ചെയ്ത സംവിധാനം
ವಿತರಕ,വിതരണക്കാരൻ
ದಾಖಲೆ,പ്രമാണം
ಡಾಕ್ಯುಮೆಂಟ್ ಹಿಂಪಡೆಯಲಾಗಿದೆ,പ്രമാണം വീണ്ടെടുത്തു
ಡಾಕ್ಯುಮೆಂಟ್ ವಿಂಡೋ,പ്രമാണ വിൻഡോ
ದಸ್ತಾವೇಜನ್ನು,പ്രമാണീകരണം
ಡೊಮೇನ್,ഡൊമെയ്ൻ
ಕಾರ್ಯಕ್ಷೇತ್ರದ ಹೆಸರು,ഡൊമെയ്ൻ നാമം
ಡಾಟ್ ಮ್ಯಾಟ್ರಿಕ್ಸ್ ಪ್ರಿಂಟರ್,ഡോട്ട് മാട്രിക്സ് പ്രിന്റർ
ಕೆಳಗೆ,താഴേക്ക്
ಕೆಳಗೆ ಲಿಂಕ್,ഡൗൺ ലിങ്ക്
ಡೌನ್ ಲೋಡ್ ಆಗುತ್ತಿದೆ,ഡൗൺലോഡ് ചെയ്യുന്നു
ಕಡಿಮೆ ಸಮಯ,സമയക്കുറവ്
ಎಳೆಯುವುದು,വലിച്ചിടുന്നു
DRAM (ಡೈನಾಮಿಕ್ RAM),DRAM (ഡൈനാമിക് റാം)
ಡ್ರಿಫ್ಟ್,ഡ്രിഫ്റ്റ്
ಚಾಲಕ,ഡ്രൈവർ
ಬಿಡಿ,ഡ്രോപ്പ്
ಡ್ರಾಪ್ ಡೌನ್ ಪಟ್ಟಿ ಬಾಕ್ಸ್,ഡ്രോപ്പ് ഡൗൺ ലിസ്റ്റ് ബോക്സ്
ಡ್ರಮ್ ಡ್ರೈವ್,ഡ്രം ഡ്രൈവ്
ಡ್ರಮ್ ಪ್ರಿಂಟರ್,ഡ്രം പ്രിന്റർ
ಡ್ರಮ್ ಘಟಕ,ഡ്രം യൂണിറ്റ്
ದ್ವಂದ್ವ,ഇരട്ട
ಉಭಯ ಸಾಂದ್ರತೆ,ഇരട്ട സാന്ദ്രത
ನಕಲಿ ವಿಳಾಸ,ഡമ്മി വിലാസം
ಡಂಪ್,തള്ളുക
ಡ್ಯುಪ್ಲೆಕ್ಸ್ ಸರ್ಕ್ಯೂಟ್,ഡ്യുപ്ലെക്സ് സർക്യൂട്ട്
ಡ್ಯುಪ್ಲೆಕ್ಸಿಂಗ್,ഡ്യൂപ്ലെക്സിംഗ്
ನಕಲು,തനിപ്പകർപ്പ്
DVD R/W,ഡിവിഡി R/W
ಡಿವಿಡಿ ರಾಮ್,ഡിവിഡി റോം
ಡೈನಾಮಿಕ್ ಸೂಚನೆ,ചലനാത്മക നിർദ്ദേശം
ಡೈನಾಮಿಕ್ ಮೆಮೊರಿ,ഡൈനാമിക് മെമ്മറി
ಡೈನಾಮಿಕ್ಸ್,ചലനാത്മകത
EBCDIC,EBCDIC
ಇ-ವ್ಯವಹಾರ,ഇ-ബിസിനസ്
ಪ್ರತಿಧ್ವನಿ,പ്രതിധ്വനി
ಇ-ಕಾಮರ್ಸ್,ഇ-കൊമേഴ്‌സ്
ತಿದ್ದು,തിരുത്തുക
ಸಂಪಾದಕ,എഡിറ്റർ
ಶೈಕ್ಷಣಿಕ ತಂತ್ರಜ್ಞಾನ,വിദ്യാഭ്യാസ സാങ്കേതികവിദ്യ
ಇಇಪಿ ರೋಮ್,ഇഇപി റോം
ಪರಿಣಾಮಕಾರಿ ವಿಳಾಸ (ತೇಲುವ ವಿಳಾಸ),ഫലപ്രദമായ വിലാസം (ഫ്ലോട്ടിംഗ് വിലാസം)
ಪರಿಣಾಮಕಾರಿ ಕಾರ್ಯನಿರ್ವಹಣಾ ವಿಳಾಸ,ഫലപ്രദമായ പ്രവർത്തന വിലാസം
ಪರಿಣಾಮಕಾರಿ ವಿಧಾನ,ഫലപ്രദമായ നടപടിക്രമം
ಪರಿಣಾಮಕಾರಿ UID (ಬಳಕೆದಾರ ಗುರುತಿಸುವಿಕೆ),ഫലപ്രദമായ യുഐഡി (ഉപയോക്തൃ തിരിച്ചറിയൽ)
ಪರಿಣಾಮಕಾರಿ ಪ್ರಸರಣ ಕಾರ್ಯ,ഫലപ്രദമായ ട്രാൻസ്മിഷൻ പ്രവർത്തനം
ಎಂಟು-ಬಿಟ್ ಬೈಟ್,എട്ട്-ബിറ്റ് ബൈറ്റ്
ಇ ಕಲಿಕೆ,ഇലക്ട്രോണിക് പഠനം
ಚುನಾವಣಾ ಅಲ್ಜಿರ್ತಮ್,തിരഞ്ഞെടുപ്പ്-അൽഗിർതം
ಎಲೆಕ್ಟ್ರಿಕ್ ಮೇಲಿಂಗ್ (ಇ-ಮೇಲ್),ഇലക്ട്രിക് മെയിലിംഗ് (ഇ-മെയിൽ)
ವಿದ್ಯುತ್ ಮುದ್ರಕ,ഇലക്ട്രിക് പ്രിന്റർ
ವಿದ್ಯುತ್ ಲೆಕ್ಕಪತ್ರ ಯಂತ್ರ,ഇലക്ട്രിക്കൽ അക്കൗണ്ടിംഗ് മെഷീൻ
ಎಲೆಕ್ಟ್ರಾನಿಕ್,ഇലക്ട്രോണിക്
ಎಲೆಕ್ಟ್ರಾನಿಕ್ ಕ್ಲಿಯರೆನ್ಸ್ ಸಿಸ್ಟಮ್ (ECS),ഇലക്ട്രോണിക് ക്ലിയറൻസ് സിസ്റ്റം (ECS)
ಎಲೆಕ್ಟ್ರಾನಿಕ್ ಡೇಟಾ ಇಂಟರ್ಚೇಂಜ್ (EDI),ഇലക്ട്രോണിക് ഡാറ്റ ഇന്റർചേഞ്ച് (EDI)
ಎಲೆಕ್ಟ್ರಾನಿಕ್ ಡೇಟಾ ಸಂಸ್ಕರಣೆ,ഇലക്ട്രോണിക് ഡാറ്റ പ്രോസസ്സിംഗ്
ಎಲೆಕ್ಟ್ರಾನಿಕ್ ಫೈಲಿಂಗ್,ഇലക്ട്രോണിക് ഫയലിംഗ്
ಎಲೆಕ್ಟ್ರಾನಿಕ್ ಹಣ ವರ್ಗಾವಣೆ ವ್ಯವಸ್ಥೆ (EFTS),ഇലക്ട്രോണിക് ഫണ്ട് ട്രാൻസ്ഫർ സിസ്റ്റം (EFTS)
ಎಲೆಕ್ಟ್ರಾನಿಕ್ ನಿಯತಕಾಲಿಕಗಳು,ഇലക്ട്രോണിക് ജേണലുകൾ
ಎಲೆಕ್ಟ್ರಾನಿಕ್ ಪ್ರಕಾಶನ,ഇലക്ട്രോണിക് പ്രസിദ്ധീകരണം
ಎಲೆಕ್ಟ್ರಾನಿಕ್ ಸ್ವಿಚ್,ഇലക്ട്രോണിക് സ്വിച്ച്
ಅಂಶ,ഘടകം
ಇಮೇಲ್,ഇ-മെയിൽ
ಇಮೇಲ್ ವಿಳಾಸ,ഈ - മെയില് വിലാസം
ಎಂಬೆಡೆಡ್ ಸಿಸ್ಟಮ್,എംബഡഡ് സിസ്റ്റം
ಎಂಬೆಡಿಂಗ್,ഉൾച്ചേർക്കൽ
ಹೊರಸೂಸುವ ಜೋಡಿ ತರ್ಕ (ECL),എമിറ്റർ ദമ്പതികളുടെ യുക്തി (ECL)
ಖಾಲಿ ಸ್ಟಾಕ್,ശൂന്യമായ സ്റ്റാക്ക്
ಖಾಲಿ ಸ್ಟ್ರಿಂಗ್,ശൂന്യമായ ചരട്
ಅನುಕರಣೆ,അനുകരണം
ಆವರಿಸುವಿಕೆ,എൻക്യാപ്സുലേഷൻ
ಎನ್ಸೈಫರ್,എൻസിഫർ
ಎನ್ಕೋಡ್,എൻകോഡ്
ಎನ್ಕೋಡರ್,എൻകോഡർ
ಎನ್‌ಕ್ರಿಪ್ಟ್ ಮಾಡಿದ ಡೇಟಾ,എൻക്രിപ്റ്റ് ചെയ്ത ഡാറ്റ
ಎನ್ಕ್ರಿಪ್ಟಿಂಗ್ ಫೈಲ್ ಸಿಸ್ಟಮ್,എൻക്രിപ്റ്റിംഗ് ഫയൽ സിസ്റ്റം
ಗೂಢಲಿಪೀಕರಣ,എൻക്രിപ്ഷൻ
ಬ್ಲಾಕ್ನ ಅಂತ್ಯ,ബ്ലോക്കിന്റെ അവസാനം
ಕಡತದ ಅಂತ್ಯ (EOF),ഫയലിന്റെ അവസാനം (EOF)
ಬಳಕೆದಾರ,അന്തിമ ഉപയോക്താവ്
ನಮೂದಿಸಿ,നൽകുക
ನಮೂದಿಸಿ-ಕೀಲಿ,എന്റർ-കീ
ಎಂಟರ್ಪ್ರೈಸ್ ಸರ್ವರ್,എന്റർപ്രൈസ് സെർവർ
ಉದ್ಯಮ ವ್ಯವಸ್ಥೆ,എന്റർപ്രൈസ് സിസ്റ്റം
ಘಟಕ,സ്ഥാപനം
ಅಸ್ತಿತ್ವ-ಸಂಬಂಧ,സ്ഥാപന-ബന്ധം
ಪ್ರವೇಶ ಸಮಯ,പ്രവേശന സമയം
ಪ್ರವೇಶ ವೇರಿಯಬಲ್,എൻട്രി വേരിയബിൾ
ಎಣಿಸಬಹುದಾದ,എണ്ണാവുന്നത്
ಪರಿಸರ,പരിസ്ഥിതി
ಯುಗ,യുഗം
EPROM,EPROM
ಎಪ್ಸಿಲಾನ್ ಮುಚ್ಚುವಿಕೆ,എപ്സിലോൺ അടച്ചുപൂട്ടൽ
ಈಕ್ವಲೈಜರ್,സമനില
ಉಪಕರಣ,ഉപകരണങ്ങൾ
ಸಮಾನತೆಯ ವರ್ಗ,തുല്യതാ ക്ലാസ്
ಸಮಾನತೆಯ ಸಂಬಂಧ,തുല്യതാ ബന്ധം
ಅಳಿಸಿಹಾಕು,മായ്ക്കുക
ಕೋಡ್ ಸರಿಪಡಿಸುವಲ್ಲಿ ದೋಷ,കോഡ് തിരുത്തുന്നതിൽ പിശക്
ದೋಷ ತಿದ್ದುಪಡಿ,തെറ്റ് തിരുത്തൽ
ದೋಷ ಪತ್ತೆ,പിശക് കണ്ടെത്തൽ
ದೋಷ ನಿರ್ವಹಣೆ,പിശക് കൈകാര്യം ചെയ്യൽ
ತಪ್ಪು ಸಂದೇಶ,പിശക് സന്ദേശം
ದೋಷ ದರ,പിശക് നിരക്ക്
ದೋಷ ಚೇತರಿಕೆ,പിശക് വീണ്ടെടുക്കൽ
ದೋಷ ದಿನಚರಿ,പിശക് പതിവ്
ಪಾರು ಪಾತ್ರ,രക്ഷപ്പെടുന്ന സ്വഭാവം
ಈಥರ್ನೆಟ್,ഇഥർനെറ്റ്
ಘಟನೆ,സംഭവം
ಈವೆಂಟ್ ಸರಣಿ,ഇവന്റ് ചെയിൻ
ಈವೆಂಟ್ ನಿಯಂತ್ರಣ,ഇവന്റ് നിയന്ത്രണം
ಈವೆಂಟ್ ಕೌಂಟರ್,ഇവന്റ് കൗണ്ടർ
ವಿನಾಯಿತಿ ನಿರ್ವಹಣೆ,ഒഴിവാക്കൽ കൈകാര്യം ചെയ്യൽ
ಬದಲಾಯಿಸಬಹುದಾದ ಡಿಸ್ಕ್ ಸಂಗ್ರಹಣೆ,കൈമാറ്റം ചെയ്യാവുന്ന ഡിസ്ക് സംഭരണം
ಹೊರಗಿಡುವಿಕೆ,ഒഴിവാക്കൽ
ವಿಶೇಷ ಅಥವಾ (XOR),എക്സ്ക്ലൂസീവ് അല്ലെങ്കിൽ (XOR)
ಕಾರ್ಯಗತಗೊಳಿಸಬಹುದಾದ ಪ್ರೋಗ್ರಾಂ,എക്സിക്യൂട്ടബിൾ പ്രോഗ്രാം
ಕಾರ್ಯಕಾರಿ ಹೇಳಿಕೆ,എക്സിക്യൂട്ടീവ് പ്രസ്താവന
ಸಮಗ್ರ ಹುಡುಕಾಟ,സമഗ്രമായ തിരയൽ
ಅಸ್ತಿತ್ವದಲ್ಲಿದೆ,നിലവിലുണ്ട്
ನಿರ್ಗಮಿಸಿ,പുറത്ത്
ತಜ್ಞ ವ್ಯವಸ್ಥೆ,വിദഗ്ധ സംവിധാനം
ಅಭಿವ್ಯಕ್ತಿ,ആവിഷ്കാരം
ವಿಸ್ತೃತ ಗ್ರಾಫಿಕ್ ಅರೇ (XGA),വിപുലീകൃത ഗ്രാഫിക് അറേ (XGA)
ವಿಸ್ತೃತ ಉದ್ಯಮ ಗುಣಮಟ್ಟ (EIS),വിപുലമായ വ്യവസായ നിലവാരം (EIS)
ವಿಸ್ತೃತ ಯಂತ್ರ,വിപുലീകരിച്ച യന്ത്രം
ವಿಸ್ತೃತ ಸ್ಮರಣೆ,വിപുലീകരിച്ച മെമ്മറി
ವಿಸ್ತೃತ ನಿಖರತೆ,വിപുലമായ കൃത്യത
ವಿಸ್ತೃತ ವಿಂಗಡಣೆ,വിപുലീകരിച്ച സോർട്ടിംഗ്
ಬಾಹ್ಯ ಕರೆ,ബാഹ്യ കോൾ
ಬಾಹ್ಯ ದೋಷ,ബാഹ്യ പിശക്
ಬಾಹ್ಯ ಕಾರ್ಯ,ബാഹ്യ പ്രവർത്തനം
ಬಾಹ್ಯ ಅಡಚಣೆ,ബാഹ്യ തടസ്സം
ಬಾಹ್ಯ ಸ್ಮರಣೆ,ബാഹ്യ മെമ്മറി
ಬಾಹ್ಯ ಸ್ಮರಣೆ,ബാഹ്യ മെമ്മറി
ಬಾಹ್ಯ ಮೋಡೆಮ್,ബാഹ്യ മോഡം
ಬಾಹ್ಯ ಉಲ್ಲೇಖ,ബാഹ്യ റഫറൻസ്
ಬಾಹ್ಯ ಹುಡುಕಾಟ,ബാഹ്യ തിരയൽ
ಬಾಹ್ಯ ಶೇಖರಣಾ ಸಾಧನ,ബാഹ്യ സംഭരണ ഉപകരണം
ಹೊರತೆಗೆಯುವಿಕೆ,വേർതിരിച്ചെടുക്കൽ
ಹೊರತೆಗೆಯುವಿಕೆ,എക്സ്ട്രാപോളേഷൻ
ಮುಖ ಅಕ್ಷರ ಮುದ್ರಕ,മുഖപ്രകൃതി പ്രിന്റർ
ವಿಫಲ-ಸುರಕ್ಷಿತ ಕಾರ್ಯಾಚರಣೆ,പരാജയപ്പെടാത്ത പ്രവർത്തനം
ವಿಫಲತೆಯ ದರ,പരാജയതോത്
ವೈಫಲ್ಯ ಚೇತರಿಕೆ,പരാജയം വീണ്ടെടുക്കൽ
ತಪ್ಪು ಕೋಡ್,തെറ്റായ കോഡ്
ತಪ್ಪು ದೋಷ,തെറ്റായ പിശക്
ಫ್ಯಾನ್-ಇನ್,ഫാൻ-ഇൻ
ಫ್ಯಾನ್ ಔಟ್,ഫാൻ ഔട്ട്
ಫ್ಯಾಸಿಮೈಲ್ I/O ಸಾಧನ,ഫാസിമൈൽ I/O ഉപകരണം
ವೇಗದ ಫೋರಿಯರ್ ರೂಪಾಂತರ (FFT),ഫാസ്റ്റ് ഫോറിയർ ട്രാൻസ്ഫോർമേഷൻ (FFT)
ಗಂಭೀರವಾದ ತಪ್ಪು,മാരകമായ തെറ്റ്
ದೋಷ ಪತ್ತೆ,തെറ്റ് കണ്ടെത്തൽ
ದೋಷ ರೋಗನಿರ್ಣಯ,തെറ്റ് രോഗനിർണയം
ದೋಷಸಹಿಷ್ಣುತೆ,തെറ്റ് സഹിഷ്ണുത
ಫ್ಯಾಕ್ಸ್,ഫാക്സ്
ಫ್ಯಾಕ್ಸ್ ಸಂದೇಶ,ഫാക്സ് സന്ദേശം
FDC,FDC
ವೈಶಿಷ್ಟ್ಯ ಪತ್ತೆ,സവിശേഷത കണ്ടെത്തൽ
ಆಹಾರ ಚಕ್ರ,ഫീഡ് സൈക്കിൾ
ಪ್ರತಿಕ್ರಿಯೆ,പ്രതികരണം
ಫೀಡರ್,ഫീഡർ
ತರಲು,കൊണ്ടുവരിക
ಫಿಬೊನಾಕಿ ಹುಡುಕಾಟ,ഫിബൊനാച്ചി തിരയൽ
ಫಿಬೊನಾಕಿ ಅನುಕ್ರಮ,ഫിബൊനാച്ചി സീക്വൻസ്
ಫಿಬೊನಾಕಿ ಸರಣಿ,ഫിബൊനാച്ചി പരമ്പര
ಫೈಬರ್ ಆಪ್ಟಿಕ್ಸ್,ഫൈബർ ഒപ്റ്റിക്സ്
ಫಿಡೋ ನಿವ್ವಳ,ഫിഡോ നെറ്റ്
ಕ್ಷೇತ್ರ,വയൽ
ಐದನೇ ತಲೆಮಾರಿನ ಕಂಪ್ಯೂಟರ್‌ಗಳು,അഞ്ചാം തലമുറ കമ്പ്യൂട്ടറുകൾ
ಕಡತ,ഫയൽ
ಫೈಲ್ ಪ್ರವೇಶ ವಿಧಾನ,ഫയൽ ആക്സസ് രീതി
ಫೈಲ್ ಹಂಚಿಕೆ ಕೋಷ್ಟಕ,ഫയൽ അലോക്കേഷൻ പട്ടിക
ಫೈಲ್ ಕಂಪ್ರೆಷನ್,ഫയൽ കംപ്രഷൻ
ಫೈಲ್ ನಕಲು,ഫയൽ പകർത്തൽ
ಫೈಲ್ ಲೇಔಟ್,ഫയൽ ലേഔട്ട്
ಫೈಲ್ ವಿಲೀನ,ഫയൽ ലയിപ്പിക്കുക
ಫೈಲ್ ಚೇತರಿಕೆ,ഫയൽ വീണ്ടെടുക്കൽ
ಫೈಲ್ ಸಂಗ್ರಹಣೆ,ഫയൽ സംഭരണം
ಫೈಲ್ ರಚನೆ,ഫയൽ ഘടന
ಕಡತ ವ್ಯವಸ್ಥೆ,ഫയൽ സിസ്റ്റം
ಫೈಲ್ ವರ್ಗಾವಣೆ,ഫയൽ കൈമാറ്റം
ಫೈಲ್ ವರ್ಗಾವಣೆ ಪ್ರೋಟೋಕಾಲ್ (FTP),ഫയൽ ട്രാൻസ്ഫർ പ്രോട്ടോക്കോൾ (FTP)
ಫಿಲ್ಟರ್,ഫിൽട്ടർ
ಅಂತಿಮ ಸ್ಥಿತಿ,അന്തിമ അവസ്ഥ
ಕಂಡುಹಿಡಿಯಿರಿ,കണ്ടെത്തുക
ಸೀಮಿತ ಸ್ಥಿತಿಯ ಯಂತ್ರ,പരിമിതമായ സംസ്ഥാന യന്ത്രം
ಬೆಂಕಿ ಗೋಡೆ,അഗ്നി മതിൽ
ಫರ್ಮ್ವೇರ್,ഫേംവെയർ
ಮೊದಲು ಬಂದವರಿಗೆ ಮೊದಲ ಸೇವೆ,ആദ്യം വരുന്നവർക്ക് ആദ്യം നൽകുക
ಮೊದಲ ತಲೆಮಾರಿನ ಕಂಪ್ಯೂಟರ್,ആദ്യ തലമുറ കമ്പ്യൂട്ടർ
ಫಸ್ಟ್ ಇನ್ ಫಸ್ಟ್ ಔಟ್ (FIFO),ഫസ്റ്റ് ഇൻ ഫസ്റ്റ് ഔട്ട് (FIFO)
ಮೊದಲ ಆದೇಶದ ತರ್ಕ,ആദ്യ ഓർഡർ യുക്തി
ಮೊದಲ ಆದೇಶದ ಸಿದ್ಧಾಂತ,ആദ്യ ക്രമ സിദ്ധാന്തം
ಸ್ಥಿರ ವಿಭಾಗ,നിശ്ചിത പാർട്ടീഷൻ
ಧ್ವಜ,പതാക
ಹೊಂದಿಕೊಳ್ಳುವ ಡಿಸ್ಕ್,ഫ്ലെക്സിബിൾ ഡിസ്ക്
ಫ್ಲಾಪಿ ಡಿಸ್ಕ್,ഫ്ലോപ്പി ഡിസ്ക്
ಫ್ಲಾಪಿ ಡಿಸ್ಕ್ ಡ್ರೈವ್ (ಎಫ್ಡಿಡಿ),ഫ്ലോപ്പി ഡിസ്ക് ഡ്രൈവ് (Fdd)
ಹರಿವಿನ ಚಾರ್ಟ್,ഫ്ലോ ചാർട്ട്
ನಿಯಂತ್ರಣದ ಹರಿವು,നിയന്ത്രണത്തിന്റെ ഒഴുക്ക്
ಫ್ಲಶ್,ഫ്ലഷ്
ಫೋಲ್ಡರ್,ഫോൾഡർ
ಫಾಂಟ್,ഫോണ്ട്
ಫಾಂಟ್ ಕುಟುಂಬ,ഫോണ്ട് കുടുംബം
ವಿದೇಶಿ ಕೀ,വിദേശ കീ
ರೂಪ,രൂപം
ಔಪಚಾರಿಕ ಭಾಷೆ,ഔപചാരിക ഭാഷ
ಔಪಚಾರಿಕ ವ್ಯವಸ್ಥೆ,ഔപചാരിക സംവിധാനം
ಸ್ವರೂಪ,ഫോർമാറ്റ്
ಫಾರ್ಮ್ಯಾಟಿಂಗ್,ഫോർമാറ്റിംഗ്
ಫೋರ್ಟ್ರಾನ್,ഫോർട്രാൻ
ಫೋರ್ಟ್ರಾನ್ ಪ್ರೋಗ್ರಾಮಿಂಗ್,ഫോർട്രാൻ പ്രോഗ്രാമിംഗ്
ಫಾರ್ವರ್ಡ್ ಸ್ಲ್ಯಾಷ್,ഫോർവേഡ് സ്ലാഷ്
ನಾಲ್ಕನೇ ತಲೆಮಾರಿನ ಕಂಪ್ಯೂಟರ್,നാലാം തലമുറ കമ്പ്യൂട്ടർ
ತುಣುಕು,ശകലം
ಚೌಕಟ್ಟು,ഫ്രെയിം
ಉಚಿತ ನಿವ್ವಳ,സ്വതന്ത്ര വല
ಉಚಿತ ಸಾಫ್ಟ್‌ವೇರ್ ಅಡಿಪಾಯ,സ്വതന്ത്ര സോഫ്റ്റ്‌വെയർ ഫൌണ്ടേഷൻ
ಉಚಿತ ಸಂಗ್ರಹಣೆ,സൗജന്യ സംഭരണം
ಫ್ರೀವೇರ್,ഫ്രീവെയർ
ಮುಂಭಾಗದ ತುದಿ,ഫ്രണ്ട് എൻഡ്
ಮುಂಭಾಗದ ಫಲಕ,ഫ്രണ്ട് പാനൽ
ಕಾರ್ಯ,പ്രവർത്തനം
ಕಾರ್ಯ ಕೀ,ഫംഗ്ഷൻ കീ
ಕಾರ್ಯ ಉಲ್ಲೇಖ,ഫംഗ്ഷൻ റഫറൻസ്
ಕ್ರಿಯಾತ್ಮಕ ಅವಲಂಬನೆ,പ്രവർത്തനപരമായ ആശ്രിതത്വം
ಕ್ರಿಯಾತ್ಮಕ ಪರೀಕ್ಷೆ,ഫങ്ഷണൽ ടെസ്റ്റിംഗ്
ಅಸ್ಪಷ್ಟ ತರ್ಕ,അവ്യക്തമായ യുക്തി
ಅಸ್ಪಷ್ಟ ಸೆಟ್,അവ്യക്തമായ സെറ്റ്
ಲಾಭ,നേട്ടം
ಆಟದ ಮರ,കളി മരം
ಅಂತರದ ಪಾತ್ರ,വിടവ് പ്രതീകം
ಕಸ,മാലിന്യം
ಕಸ ಸಂಗ್ರಹಣೆ,മാലിന്ന്യ ശേഖരണം
ಕಸ ಸಂಗ್ರಹಣೆ,മാലിന്ന്യ ശേഖരണം
ಕಸದಲ್ಲಿ ಕಸ (GIGO),മാലിന്യത്തിൽ മാലിന്യം (GIGO)
ಗೇಟ್,ഗേറ്റ്
ಗೇಟ್ವೇ,കവാടം
ಸಾಮಾನ್ಯ ಕಾರ್ಯಕ್ರಮ,പൊതു പരിപാടി
ಸಾಮಾನ್ಯ ಕಾರ್ಯಕ್ರಮ,പൊതു പരിപാടി
ಸಾಮಾನ್ಯ ಉದ್ದೇಶದ ಕಂಪ್ಯೂಟರ್,പൊതു ഉദ്ദേശ്യ കമ്പ്യൂട്ടർ
ಸಾಮಾನ್ಯ ಉದ್ದೇಶದ ಕಂಪ್ಯೂಟರ್,പൊതു ഉദ്ദേശ്യ കമ്പ്യൂട്ടർ
ಸಾಮಾನ್ಯ ನೋಂದಣಿ,പൊതു രജിസ്റ്റർ
ಸಾಮಾನ್ಯೀಕರಣ,പൊതുവൽക്കരണം
ಸಾಮಾನ್ಯೀಕರಣ,പൊതുവൽക്കരണം
ಸಾಮಾನ್ಯ ಉದ್ದೇಶದ ಭಾಷೆ,പൊതു-ഉദ്ദേശ്യ ഭാഷ
ಸಾಮಾನ್ಯ ಉದ್ದೇಶದ ಕಾರ್ಯಾಚರಣಾ ವ್ಯವಸ್ಥೆ,പൊതു-ഉദ്ദേശ്യ പ്രവർത്തന സംവിധാനം
ಸಾಮಾನ್ಯ ಉದ್ದೇಶದ ನೋಂದಣಿ,പൊതു-ഉദ്ദേശ്യ രജിസ്റ്റർ
ಸೃಷ್ಟಿಸಿದ ದೋಷ,സൃഷ്ടിച്ച പിശക്
ಕಾರ್ಯವನ್ನು ಉತ್ಪಾದಿಸುತ್ತದೆ,ഫംഗ്ഷൻ സൃഷ്ടിക്കുന്നു
ಸಾಮಾನ್ಯ ವರ್ಗ,ജനറിക് ക്ലാസ്
ಸಾಮಾನ್ಯ ಕಾರ್ಯ,പൊതു പ്രവർത്തനം
ಸಾಮಾನ್ಯ ಹೆಸರು,പൊതുവായ പേര്
ಗಿಗೋ,ജിഗോ
ಜಾಗತಿಕ,ആഗോള
ಜಾಗತಿಕ ಕೋಡ್,ആഗോള കോഡ്
ಜಾಗತಿಕ ಲಾಕ್,ആഗോള ലോക്ക്
ಜಾಗತಿಕ ನೆಟ್ವರ್ಕ್,ആഗോള ശൃംഖല
ಜಾಗತಿಕ ನೆಟ್ವರ್ಕ್,ആഗോള ശൃംഖല
ಜಾಗತಿಕ ಬಳಕೆದಾರ,ആഗോള ഉപയോക്താവ്
ಜಾಗತಿಕ ವೇರಿಯಬಲ್,ആഗോള വേരിയബിൾ
ಜಾಗತೀಕರಣ,ആഗോളവൽക്കരണം
ಗೋಫರ್,ഗോഫർ
ಗೋಫರ್ ಕ್ಲೈಂಟ್,ഗോഫർ ക്ലയന്റ്
ಗೋಫರ್ ಸರ್ವರ್,ഗോഫർ സെർവർ
ಗೋಫರ್ ಸೈಟ್,ഗോഫർ സൈറ്റ്
ಗೋಫರ್ ಸ್ಪೇಸ್,ഗോഫർ സ്പേസ്
ಆಕರ್ಷಕವಾದ ಅವನತಿ,ഭംഗിയുള്ള തരംതാഴ്ത്തൽ
ವ್ಯಾಕರಣ ಪರೀಕ್ಷಕ,വ്യാകരണ പരിശോധകൻ
ವ್ಯಾಕರಣ ಆಕರ್ಷಕವಾದ ನಿರ್ಗಮನ,വ്യാകരണം ഗംഭീരമായ എക്സിറ്റ്
ದೊಡ್ಡ ಒಟ್ಟು,ആകെ തുക
ಗ್ರಾಫ್,ഗ്രാഫ്
ಗ್ರಾಫ್ ಪ್ಲಾಟಿಂಗ್,ഗ്രാഫ് പ്ലോട്ടിംഗ്
ಗ್ರಾಫಿಕ್ ಪಾತ್ರ,ഗ്രാഫിക് സ്വഭാവം
ಗ್ರಾಫಿಕ್ ನಿಯಂತ್ರಕ,ഗ്രാഫിക് കൺട്രോളർ
ಗ್ರಾಫಿಕ್ ಡೇಟಾ ರಚನೆ,ഗ്രാഫിക് ഡാറ്റ ഘടന
ಗ್ರಾಫಿಕ್ ಪ್ರದರ್ಶನ ಕಾರ್ಯಕ್ರಮ,ഗ്രാഫിക് ഡിസ്പ്ലേ പ്രോഗ്രാം
ಗ್ರಾಫಿಕ್ ಪ್ರದರ್ಶನ ರೆಸಲ್ಯೂಶನ್,ഗ്രാഫിക് ഡിസ്പ്ലേ റെസലൂഷൻ
ಗ್ರಾಫಿಕ್ ಭಾಷೆ,ഗ്രാഫിക് ഭാഷ
ಗ್ರಾಫಿಕ್ ಭಾಷೆ,ഗ്രാഫിക് ഭാഷ
ಗ್ರಾಫಿಕ್ ಫಲಕ,ഗ്രാഫിക് പാനൽ
ಚಿತ್ರಾತ್ಮಕ ಅನಿಮೇಷನ್,ഗ്രാഫിക്കൽ ആനിമേഷൻ
ಚಿತ್ರಾತ್ಮಕ ಇಂಟರ್ಫೇಸ್ ಫಾರ್ಮ್ಯಾಟ್ (GIF),ഗ്രാഫിക്കൽ ഇന്റർഫേസ് ഫോർമാറ്റ് (GIF)
ಚಿತ್ರಾತ್ಮಕ ಬಳಕೆದಾರ ಇಂಟರ್ಫೇಸ್ (GUI),ഗ്രാഫിക്കൽ യൂസർ ഇന്റർഫേസ് (GUI)
ಗ್ರಾಫಿಕ್ಸ್,ഗ്രാഫിക്സ്
ಗ್ರಾಫಿಕ್ಸ್ ಅಪ್ಲಿಕೇಶನ್,ഗ്രാഫിക്സ് ആപ്ലിക്കേഷൻ
ಗ್ರಾಫಿಕ್ಸ್ ಕರ್ಸರ್,ഗ്രാഫിക്സ് കഴ്സർ
ಗ್ರಾಫಿಕ್ಸ್ ಮೋಡ್,ഗ്രാഫിക്സ് മോഡ്
ಗ್ರಾಫಿಕ್ಸ್ ಪ್ಯಾಕೇಜ್,ഗ്രാഫിക്സ് പാക്കേജ്
ಗ್ರಾಫಿಕ್ಸ್ ಸಾಫ್ಟ್‌ವೇರ್,ഗ്രാഫിക്സ് സോഫ്റ്റ്വെയർ
ಗ್ರಾಫಿಕ್ಸ್ ಸಾಫ್ಟ್‌ವೇರ್,ഗ്രാഫിക്സ് സോഫ്റ്റ്വെയർ
ಗ್ರಾಫಿಕ್ಸ್ ಸಾಫ್ಟ್‌ವೇರ್ ಪ್ಯಾಕೇಜ್,ഗ്രാഫിക്സ് സോഫ്റ്റ്വെയർ പാക്കേജ്
ಬೂದು ಪ್ರಮಾಣದ,ഗ്രേ സ്കെയിൽ
ದುರಾಸೆಯ ವಿಧಾನ,അത്യാഗ്രഹ രീതി
grep,grep
ಗ್ರಿಡ್,ഗ്രിഡ്
ಗ್ರಿಡ್ ಚಾರ್ಟ್,ഗ്രിഡ് ചാർട്ട്
ಗ್ರಿಡ್ ಕಂಪ್ಯೂಟಿಂಗ್,ഗ്രിഡ് കമ്പ്യൂട്ടിംഗ്
ಗ್ರಿಡ್ ಮಾಡ್ಯುಲೇಶನ್,ഗ്രിഡ് മോഡുലേഷൻ
ನೆಲದ ಅಲೆ,ഗ്രൗണ്ട് വേവ്
ಗುಂಪು,ഗ്രൂപ്പ്
ಗುಂಪು ವಿಳಾಸ,ഗ്രൂപ്പ് വിലാസം
ಗುಂಪು ಕೋಡ್,ഗ്രൂപ്പ് കോഡ്
ಗುಂಪು ಸಂವಹನ,ഗ്രൂപ്പ് ആശയവിനിമയം
ಗುಂಪು ಸಂವಹನ,ഗ്രൂപ്പ് ആശയവിനിമയം
ಗುಂಪು ಗುರುತಿಸುವಿಕೆ,ഗ്രൂപ്പ് തിരിച്ചറിയൽ
ತಂಡದ ಹೆಸರು,ഗ്രൂപ്പ് പേര്
ಗ್ರೂಪ್‌ವೇರ್,ഗ്രൂപ്പ്വെയർ
ಬೆಳವಣಿಗೆ,വളർച്ച
ಕಾವಲುಗಾರ,കാവൽ
ಮಾರ್ಗದರ್ಶಿ ಮಾಧ್ಯಮ,മാർഗനിർദേശം നൽകിയ മാധ്യമങ്ങൾ
ಗನ್ಜಿಪ್,വെടിയുണ്ട
ಹ್ಯಾಕ್,ഹാക്ക്
ಹ್ಯಾಕರ್,ഹാക്കർ
ಹ್ಯಾಕರ್ ನಿಘಂಟು,ഹാക്കറുടെ നിഘണ്ടു
ಅರ್ಧ ಆಡ್ಡರ್,പകുതി ആഡർ
ಅರ್ಧ ಸೇತುವೆ,പകുതി പാലം
ಅರ್ಧ ಡ್ಯುಪ್ಲೆಕ್ಸ್,പകുതി ഡ്യൂപ്ലക്സ്
ಅರ್ಧ ಡ್ಯುಪ್ಲೆಕ್ಸ್ ಲೈನ್,പകുതി ഡ്യൂപ്ലെക്സ് ലൈൻ
ಅರ್ಧ ಡ್ಯುಪ್ಲೆಕ್ಸ್ ಮೋಡ್,പകുതി ഡ്യുപ്ലെക്സ് മോഡ്
ಅರ್ಧ ತೀವ್ರತೆ,പകുതി തീവ്രത
ಅರ್ಧ ರೂಟರ್,പകുതി റൂട്ടർ
ಅರ್ಧ ಕಳೆಯುವವರು,പകുതി കുറയ്ക്കുന്നയാൾ
ಅರ್ಧ ಟೋನಿಂಗ್,പകുതി ടോണിംഗ്
ಅರ್ಧ ಪದ,പകുതി വാക്ക്
ಹ್ಯಾಮಿಲ್ಟೋನಿಯಸ್ ಚಕ್ರ,ഹാമിൽട്ടോണിയസ് സൈക്കിൾ
ಹ್ಯಾಮಿಂಗ್ ಕೋಡ್,ഹാമിംഗ് കോഡ്
ಕೈ,കൈ
ಕೈ ಪ್ರತಿ,കൈ പകർപ്പ്
ಹ್ಯಾಂಡಲ್,കൈകാര്യം ചെയ്യുക
ನಿರ್ವಹಣೆ,കൈകാര്യം ചെയ്യുന്നു
ತೂಗುಹಾಕು,തൂക്കിയിടുക
ಸಂತೋಷದ ನಿವ್ವಳ,സന്തോഷകരമായ വല
ಹಾರ್ಡ್ ಕಾಪಿ ಸಾಧನ,ഹാർഡ് കോപ്പി ഉപകരണം
ಹಾರ್ಡ್ ಡಿಸ್ಕ್,ഹാർഡ് ഡിസ്ക്
ಹಾರ್ಡ್ ಡಿಸ್ಕ್ ಕ್ರ್ಯಾಶ್,ഹാർഡ് ഡിസ്ക് ക്രാഷ്
ಕಠಿಣ ದೋಷ,കഠിനമായ പിശക്
ಯಂತ್ರಾಂಶ ಹರಿವಿನ ನಿಯಂತ್ರಣ,ഹാർഡ്‌വെയർ ഫ്ലോ നിയന്ത്രണം
ಹಾರ್ಮೋನಿಕ್,ഹാർമോണിക്
ಹಾರ್ಮೋನಿಕ್ ಸರಾಸರಿ,ഹാർമോണിക് അർത്ഥം
ಹ್ಯಾಶ್,ഹാഷ്
ಹ್ಯಾಶ್ ರೇಖಾಚಿತ್ರ,ഹാഷ് ഡയഗ്രം
ಹ್ಯಾಶ್ ಟೇಬಲ್,ഹാഷ് ടേബിൾ
ಹ್ಯಾಶಿಂಗ್ ತಂತ್ರ,ഹാഷിംഗ് ടെക്നിക്
ಶಿರೋಲೇಖ,തലക്കെട്ട്
ರಾಶಿ,കൂമ്പാരം
ರಾಶಿ ರೀತಿಯ,കൂമ്പാരം അടുക്കുക
ಸಹಾಯ,സഹായം
ಸಹಾಯ ಪರದೆ,സഹായ സ്ക്രീൻ
ಸಹಾಯವಾಣಿ,ഹെൽപ്പ്നെറ്റ്
ಹರ್ಟ್ಜ್,ഹെർട്സ്
ಹ್ಯೂರಿಸ್ಟಿಕ್,ഹ്യൂറിസ്റ്റിക്
ಹ್ಯೂರಿಸ್ಟಿಕ್ ವಿಧಾನ,ഹ്യൂറിസ്റ്റിക് രീതി
ಹೆಕ್ಸಾಡೆಸಿಮಲ್ ಸಂಖ್ಯೆಗಳು,ഹെക്സാഡെസിമൽ സംഖ്യകൾ
ಗುಪ್ತ ಸಾಲು,മറഞ്ഞിരിക്കുന്ന വരി
ಕ್ರಮಾನುಗತ ಡೇಟಾ ಬೇಸ್,ശ്രേണിപരമായ ഡാറ്റാ ബേസ്
ಕ್ರಮಾನುಗತ ಫೈಲ್ ಸಿಸ್ಟಮ್,ഹൈറാർക്കിക്കൽ ഫയൽ സിസ്റ്റം
ಶ್ರೇಣೀಕೃತ ಸ್ಥಳಾಕೃತಿ,ശ്രേണിപരമായ ഭൂപ്രകൃതി
ಉನ್ನತ ಮಟ್ಟದ ಭಾಷೆ,ഉയർന്ന തലത്തിലുള്ള ഭാഷ
ಹೆಚ್ಚಿನ ಮೆಮೊರಿ ಪ್ರದೇಶ,ഉയർന്ന മെമ്മറി ഏരിയ
ಹೆಚ್ಚಿನ ಕಾರ್ಯಕ್ಷಮತೆ,ഉയർന്ന പ്രകടനം
ಹಿಟ್,അടിച്ചു
ಹಿಟ್ ದರ,ഹിറ്റ് നിരക്ക്
ಹಿಟ್ ಅನುಪಾತ,ഹിറ്റ് അനുപാതം
ರಂಧ್ರ,ദ്വാരം
ಹೋಮ್ ಡೈರೆಕ್ಟರಿ,ഹോം ഡയറക്ടറി
ಮುಖಪುಟ,ഹോം പേജ്
ಏಕರೂಪದ ನಿರ್ದೇಶಾಂಕ,ഏകതാനമായ കോർഡിനേറ്റ്
ಹಾಪ್,ചാടുക
ಹಾಪ್ ಎಣಿಕೆ,ഹോപ്പ് എണ്ണം
ಕೊಂಬು,കൊമ്പ്
ಹೋಸ್ಟ್ ಕಂಪ್ಯೂಟರ್,ഹോസ്റ്റ് കമ്പ്യൂട്ടർ
ಹೋಸ್ಟ್ ಕಂಪ್ಯೂಟರ್,ഹോസ്റ്റ് കമ്പ്യൂട്ടർ
ಹೋಸ್ಟ್ ಭಾಷೆ,ഹോസ്റ്റ് ഭാഷ
ಬಿಸಿ ಕೀ,ചൂടുള്ള കീ
ಹೈಪರ್ ಟೆಕ್ಸ್ಟ್ ಮಾರ್ಕ್ಅಪ್ ಭಾಷೆ (HTML),ഹൈപ്പർ ടെക്സ്റ്റ് മാർക്ക്അപ്പ് ഭാഷ (HTML)
ಕಲ್ಪನೆ,അനുമാനം
ನಾನು ಪಾಡ್,ഞാൻ പോഡ്
I/O ಬಫರ್,I/O ബഫർ
I/O ಪೋರ್ಟ್,I/O പോർട്ട്
I/O ಘಟಕ,I/O യൂണിറ്റ്
ಗುರುತಿಸುವಿಕೆ,ഐഡന്റിഫയർ
ಗುರುತು,ഐഡന്റിറ്റി
ಚಿತ್ರ,ചിത്രം
ಚಿತ್ರ ಸಂವೇದಕ,ഇമേജ് സെൻസർ
ಪ್ರಭಾವ ಮುದ್ರಕ,ആഘാതം പ്രിന്റർ
ಪ್ರತಿರೋಧ,തടസ്സം
ಕಡ್ಡಾಯ ಪ್ರೋಗ್ರಾಂ ಭಾಷೆ,അനിവാര്യമായ പ്രോഗ്രാം ഭാഷ
ಕಡ್ಡಾಯ ಹೇಳಿಕೆ,അനിവാര്യമായ പ്രസ്താവന
ಸೂಚ್ಯ ವಿಳಾಸ,പരോക്ഷമായ വിലാസം
ಅಸಾಧ್ಯ ಘಟನೆ,അസാധ്യമായ സംഭവം
ನಿಷ್ಕ್ರಿಯ ನೋಡ್,നിഷ്ക്രിയ നോഡ്
ಅಸಂಗತತೆ,പൊരുത്തക്കേട്
ಹೆಚ್ಚಳ,ഇൻക്രിമെന്റും
ಸೂಚ್ಯಂಕ,സൂചിക
ಸೂಚ್ಯಂಕ ಡೇಟಾ ಐಟಂ,സൂചിക ഡാറ്റ ഇനം
ಸೂಚ್ಯಂಕ ಫೈಲ್,സൂചിക ഫയൽ
ಸೂಚ್ಯಂಕ ರಿಜಿಸ್ಟರ್,സൂചിക രജിസ്റ്റർ
ಸೂಚ್ಯಂಕ ಅನುಕ್ರಮ,സൂചിക ക്രമം
ಸೂಚ್ಯಂಕ ವಿಳಾಸ,സൂചികയിലുള്ള വിലാസം
ಸೂಚ್ಯಂಕ ಭಾಷೆ,സൂചികയിലുള്ള ഭാഷ
ಸೂಚ್ಯಂಕ ಅನುಕ್ರಮ ಫೈಲ್,ഇൻഡക്‌സ് ചെയ്‌ത സീക്വൻസ് ഫയൽ
ಸೂಚ್ಯಂಕ ಅನುಕ್ರಮ ಸ್ಕ್ಸೆಸ್ ವಿಧಾನ (ISAM),ഇൻഡക്‌സ് ചെയ്‌ത സീക്വൻഷ്യൽ സ്‌ക്‌സസ് രീതി (ISAM)
ಪರೋಕ್ಷ ಸಂಬೋಧನೆ,പരോക്ഷ അഭിസംബോധന
ಇನ್ಫರ್ಮ್ಯಾಟಿಕ್ಸ್,ഇൻഫോർമാറ്റിക്സ്
ಮಾಹಿತಿ,വിവരങ്ങൾ
ಮಾಹಿತಿ ಬಿಟ್,വിവര ബിറ്റ്
ಮಾಹಿತಿ ನಿರ್ವಹಣೆ,വിവര മാനേജ്മെന്റ്
ಮಾಹಿತಿ ನಿರ್ವಹಣಾ ವ್ಯವಸ್ಥೆ (IMS),ഇൻഫർമേഷൻ മാനേജ്മെന്റ് സിസ്റ്റം (IMS)
ಮಾಹಿತಿ ಮರುಗಳಿಕೆ,വിവരങ്ങൾ വീണ്ടെടുക്കൽ
ಮಾಹಿತಿ ವ್ಯವಸ್ಥೆ,വിവര സംവിധാനം
ಮಾಹಿತಿ ತಂತ್ರಜ್ಞಾನ (IT),വിവര സാങ്കേതിക വിദ്യ (ഐടി)
ಮೂಲಸೌಕರ್ಯ ನಿರ್ವಹಣೆ,ഇൻഫ്രാസ്ട്രക്ചർ മാനേജ്മെന്റ്
ಆನುವಂಶಿಕತೆ,അനന്തരാവകാശം
ಆನುವಂಶಿಕ ದೋಷ,പാരമ്പര്യ പിശക്
ಆರಂಭಿಕ,പ്രാരംഭം
ಆರಂಭಿಕ ವಿಳಾಸ,പ്രാരംഭ വിലാസം
ಆರಂಭಿಕ ಸ್ಥಿತಿ,പ്രാരംഭ അവസ്ഥ
ಪ್ರಾರಂಭ,ആരംഭിക്കൽ
ಇಂಕ್ ಜೆಟ್ ಪ್ರಿಂಟರ್,മഷി ജെറ്റ് പ്രിന്റർ
ಅಸಂಖ್ಯಾತ,അസംഖ്യം
ಐ-ನೋಡ್ ಟೇಬಲ್,ഐ-നോഡ് പട്ടിക
ಕಾರ್ಯನಿರ್ವಹಿಸದ ಸಮಯ,പ്രവർത്തനരഹിതമായ സമയം
ಇನ್ಪುಟ್ ಬಫರ್ ರಿಜಿಸ್ಟರ್,ഇൻപുട്ട് ബഫർ രജിസ്റ്റർ
ಇನ್‌ಪುಟ್ ಔಟ್‌ಪುಟ್ ಪ್ರೊಸೆಸರ್ (I/O ಪ್ರೊಸೆಸರ್),ഇൻപുട്ട് ഔട്ട്പുട്ട് പ്രോസസർ (I/O പ്രോസസർ)
ಇನ್‌ಪುಟ್ ಔಟ್‌ಪುಟ್ ರಿಜಿಸ್ಟರ್ (I/O ರಿಜಿಸ್ಟರ್),ഇൻപുട്ട് ഔട്ട്പുട്ട് രജിസ്റ്റർ (I/O രജിസ്റ്റർ)
ಇನ್ಪುಟ್ ಔಟ್ಪುಟ್ ಹೇಳಿಕೆ (I/O ಹೇಳಿಕೆ),ഇൻപുട്ട് ഔട്ട്‌പുട്ട് സ്റ്റേറ്റ്‌മെന്റ് (I/O സ്റ്റേറ്റ്‌മെന്റ്)
ಇನ್‌ಪುಟ್/ಔಟ್‌ಪುಟ್ (I/O),ഇൻപുട്ട്/ഔട്ട്പുട്ട് (I/O)
ಇನ್‌ಪುಟ್/ಔಟ್‌ಪುಟ್ ಬಫರ್ (I/O ಬಫರ್),ഇൻപുട്ട്/ഔട്ട്പുട്ട് ബഫർ (I/O ബഫർ)
ಇನ್‌ಪುಟ್/ಔಟ್‌ಪುಟ್ ಸಾಧನ (I/O ಸಾಧನ),ഇൻപുട്ട്/ഔട്ട്പുട്ട് ഉപകരണം (I/O ഉപകരണം)
ಸೇರಿಸು,തിരുകുക
ಅಳವಡಿಕೆಯ ರೀತಿಯ,ഉൾപ്പെടുത്തൽ അടുക്കുക
ಅನುಸ್ಥಾಪನೆಯ ಸಮಯ,ഇൻസ്റ്റലേഷൻ സമയം
ನಿದರ್ಶನ,ഉദാഹരണം
ಸೂಚನಾ,നിർദ്ദേശം
ಸೂಚನಾ ಕೌಂಟರ್,നിർദ്ദേശ കൗണ്ടർ
ಸೂಚನಾ ಚಕ್ರ,നിർദ്ദേശ ചക്രം
ಸೂಚನಾ ಸೆಟ್,നിർദ്ദേശ സെറ്റ്
ಪೂರ್ಣಾಂಕ ಪ್ರೋಗ್ರಾಮಿಂಗ್,പൂർണ്ണസംഖ്യ പ്രോഗ്രാമിംഗ്
ಪೂರ್ಣಾಂಕ ವೇರಿಯಬಲ್,പൂർണ്ണസംഖ്യ വേരിയബിൾ
ಸಂಯೋಜಿತ ಮೋಡೆಮ್,സംയോജിത മോഡം
ಸಂಯೋಜಿತ ಸೇವೆಗಳು ಡಿಜಿಟಲ್ ನೆಟ್ವರ್ಕ್ (ISDN),സംയോജിത സേവന ഡിജിറ്റൽ നെറ്റ്‌വർക്ക് (ISDN)
ಸಮಗ್ರತೆ,സമഗ്രത
ಬುದ್ಧಿವಂತ ನಿಯಂತ್ರಕ,ബുദ്ധിയുള്ള കൺട്രോളർ
ಬುದ್ಧಿವಂತ ಟರ್ಮಿನಲ್,ഇന്റലിജന്റ് ടെർമിനൽ
ಇಂಟರ್ ಬ್ಲಾಕ್,ഇന്റർ ബ്ലോക്ക്
ಇಂಟರ್ ಬ್ಲಾಕ್ ಅಂತರ,ഇന്റർ ബ്ലോക്ക് വിടവ്
ಅಂತರ ಸಂವಹನ ವ್ಯವಸ್ಥೆ,ഇന്റർ കമ്മ്യൂണിക്കേഷൻ സിസ്റ്റം
ಪರಸ್ಪರ ಕ್ರಿಯೆ,ഇടപെടൽ
ಸಂವಾದಾತ್ಮಕ ಗ್ರಾಫಿಕ್ಸ್,സംവേദനാത്മക ഗ്രാഫിക്സ്
ಸಂವಾದಾತ್ಮಕ ಕೀಬೋರ್ಡ್ ಮುದ್ರಕ,സംവേദനാത്മക കീബോർഡ് പ്രിന്റർ
ಇಂಟರ್ಕಾಮ್ ಸೇವೆ,ഇന്റർകോം സേവനം
ಇಂಟರ್ಫೇಸ್,ഇന്റർഫേസ്
ಇಂಟರ್ಲೀವಿಂಗ್,ഇന്റർലീവിംഗ്
ಮಧ್ಯಂತರ ಬಫರ್,ഇന്റർമീഡിയറ്റ് ബഫർ
ಆಂತರಿಕ ಬ್ಲಾಕ್,ആന്തരിക ബ്ലോക്ക്
ಆಂತರಿಕ ಸಂವಹನ,ആന്തരിക ആശയവിനിമയം
ಆಂತರಿಕ ವಿಘಟನೆ,ആന്തരിക വിഘടനം
ಆಂತರಿಕ ಸ್ಮರಣೆ,ആന്തരിക മെമ്മറി
ಆಂತರಿಕ ರೀತಿಯ,ആന്തരിക തരം
ಆಂತರಿಕ ಟೈಮರ್,ആന്തരിക ടൈമർ
ಪ್ರಮಾಣೀಕರಣಕ್ಕಾಗಿ ಅಂತರರಾಷ್ಟ್ರೀಯ ಸಂಸ್ಥೆ (ISO),ഇന്റർനാഷണൽ ഓർഗനൈസേഷൻ ഫോർ സ്റ്റാൻഡേർഡൈസേഷൻ (ഐഎസ്ഒ)
ಅಂತರರಾಷ್ಟ್ರೀಯ ತಾಂತ್ರಿಕ ಬೆಂಬಲ ಸಂಸ್ಥೆ,അന്താരാഷ്ട്ര സാങ്കേതിക പിന്തുണ സംഘടന
ಇಂಟರ್ನೆಟ್,ഇന്റർനെറ്റ്
ಇಂಟರ್ನೆಟ್ ಎಂಜಿನಿಯರಿಂಗ್ ಕಾರ್ಯಪಡೆ (IETF),ഇന്റർനെറ്റ് എഞ്ചിനീയറിംഗ് ടാസ്‌ക് ഫോഴ്‌സ് (IETF)
ಅಂತರ್ಜಾಲ ಶೋಧಕ,ഇന്റർനെറ്റ് എക്സ്പ്ലോറർ
ಇಂಟರ್ನೆಟ್ ಬೇಟೆ,ഇന്റർനെറ്റ് വേട്ട
ಇಂಟರ್ನೆಟ್ ಮಾಸಿಕ ವರದಿ,ഇന്റർനെറ്റ് പ്രതിമാസ റിപ്പോർട്ട്
ಇಂಟರ್ನೆಟ್ ಪ್ಯಾಕೆಟ್ ವಿನಿಮಯ,ഇന്റർനെറ്റ് പാക്കറ്റ് എക്സ്ചേഞ്ച്
ಇಂಟರ್ನೆಟ್ ಪ್ರೋಟೋಕಾಲ್ (IP),ഇന്റർനെറ്റ് പ്രോട്ടോക്കോൾ (IP)
ಇಂಟರ್ನೆಟ್ ಪ್ರೋಟೋಕಾಲ್ ತೆಗೆಯುವಿಕೆ (IP),ഇന്റർനെറ്റ് പ്രോട്ടോക്കോൾ നീക്കം (IP)
ಇಂಟರ್ನೆಟ್ ರಿಲೇ ಚಾಟ್ (IRC),ഇന്റർനെറ്റ് റിലേ ചാറ്റ് (IRC)
ಇಂಟರ್ನೆಟ್ ಸೇವೆಯನ್ನು ಒದಗಿಸುವವರು,ഇന്റർനെറ്റ് സേവന ദാതാവ്
ಇಂಟರ್ನೆಟ್ ಸೇವೆಗಳ ಪಟ್ಟಿ,ഇന്റർനെറ്റ് സേവനങ്ങളുടെ പട്ടിക
ಇಂಟರ್ನೆಟ್ ಸಮಾಜ,ഇന്റർനെറ്റ് സൊസൈറ്റി
ಇಂಟರ್ನೆಟ್ ಉಪಕರಣಗಳು,ഇന്റർനെറ്റ് ഉപകരണങ്ങൾ
ಇಂಟರ್ನೆಟ್ ಕೆಲಸ,ഇന്റർനെറ്റ് പ്രവർത്തിക്കുന്നു
ಇಂಟರ್ನೆಟ್ ಕೆಲಸ,ഇന്റർനെറ്റ് പ്രവർത്തിക്കുന്നു
ಇಂಟರ್ಪೋಲೇಷನ್,ഇന്റർപോളേഷൻ
ವ್ಯಾಖ್ಯಾನಿಸಿ,വ്യാഖ്യാനിക്കുക
ಇಂಟರ್ಪ್ರಿಟರ್,വ്യാഖ്യാതാവ്
ಇಂಟರ್ಪ್ರೊಸೆಸ್ ಸಂವಹನ,ഇന്റർപ്രോസസ് കമ്മ്യൂണിക്കേഷൻ
ಅಡ್ಡಿಪಡಿಸು,തടസ്സപ്പെടുത്തുക
ಅಡ್ಡಿ ಹ್ಯಾಂಡ್ಲರ್,തടസ്സപ്പെടുത്തുന്ന ഹാൻഡ്ലർ
ಅಡ್ಡಿ ಮುಖವಾಡ,തടസ്സപ്പെടുത്തുക മാസ്ക്
ಅಡ್ಡಿ ಸಂಕೇತ,തടസ്സപ്പെടുത്തൽ സിഗ്നൽ
ಅಡ್ಡಿಪಡಿಸುವ ವೆಕ್ಟರ್,വെക്റ്റർ തടസ്സപ്പെടുത്തുക
ಅಡಚಣೆ,തടസ്സം
ಛೇದಿಸಿ,വിഭജിക്കുക
ಇಂಟ್ರಾನೆಟ್,ഇൻട്രാനെറ്റ്
ಅಸ್ಥಿರ,മാറ്റമില്ലാത്ത
ದಾಸ್ತಾನು ಮಾಸ್ಟರ್ ಫೈಲ್,ഇൻവെന്ററി മാസ്റ്റർ ഫയൽ
ವಿಲೋಮ ಮಲ್ಟಿಪ್ಲೆಕ್ಸರ್,വിപരീത മൾട്ടിപ്ലക്സർ
ವಿಲೋಮ ಸ್ಕ್ಯಾನಿಂಗ್,വിപരീത സ്കാനിംഗ്
ತಲೆಕೆಳಗಾದ ಫೈಲ್,വിപരീത ഫയൽ
ತಲೆಕೆಳಗಾದ ಪಟ್ಟಿ ಫೈಲ್,വിപരീത ലിസ്റ്റ് ഫയൽ
ತಲೆಕೆಳಗಾದ ಪುಟ ಕೋಷ್ಟಕ,വിപരീത പേജ് പട്ടിക
ಇನ್ವರ್ಟರ್,ഇൻവെർട്ടർ
ಇಂಟರ್ನೆಟ್ ಕೆಲಸ,ഇന്റർനെറ്റ് പ്രവർത്തിക്കുന്നു
ಇಂಟರ್ಪೋಲೇಷನ್,ഇന്റർപോളേഷൻ
ವ್ಯಾಖ್ಯಾನಿಸಿ,വ്യാഖ്യാനിക്കുക
ಇಂಟರ್ಪ್ರಿಟರ್,വ്യാഖ്യാതാവ്
ಇಂಟರ್ಪ್ರೊಸೆಸ್ ಸಂವಹನ,ഇന്റർപ്രോസസ് കമ്മ്യൂണിക്കേഷൻ
ಅಡ್ಡಿಪಡಿಸು,തടസ്സപ്പെടുത്തുക
ಅಡ್ಡಿ ಹ್ಯಾಂಡ್ಲರ್,തടസ്സപ്പെടുത്തുന്ന ഹാൻഡ്ലർ
ಅಡ್ಡಿ ಮುಖವಾಡ,തടസ്സപ്പെടുത്തുക മാസ്ക്
ಅಡ್ಡಿ ಸಂಕೇತ,തടസ്സപ്പെടുത്തൽ സിഗ്നൽ
ಅಡ್ಡಿಪಡಿಸುವ ವೆಕ್ಟರ್,വെക്റ്റർ തടസ്സപ്പെടുത്തുക
ಅಡಚಣೆ,തടസ്സം
ಛೇದಿಸಿ,വിഭജിക്കുക
ಇಂಟ್ರಾನೆಟ್,ഇൻട്രാനെറ്റ്
ಅಸ್ಥಿರ,മാറ്റമില്ലാത്ത
ದಾಸ್ತಾನು ಮಾಸ್ಟರ್ ಫೈಲ್,ഇൻവെന്ററി മാസ്റ്റർ ഫയൽ
ವಿಲೋಮ ಮಲ್ಟಿಪ್ಲೆಕ್ಸರ್,വിപരീത മൾട്ടിപ്ലക്സർ
ವಿಲೋಮ ಸ್ಕ್ಯಾನಿಂಗ್,വിപരീത സ്കാനിംഗ്
ತಲೆಕೆಳಗಾದ ಫೈಲ್,വിപരീത ഫയൽ
ತಲೆಕೆಳಗಾದ ಪಟ್ಟಿ ಫೈಲ್,വിപരീത ലിസ്റ്റ് ഫയൽ
ತಲೆಕೆಳಗಾದ ಪುಟ ಕೋಷ್ಟಕ,വിപരീത പേജ് പട്ടിക
ಇನ್ವರ್ಟರ್,ഇൻവെർട്ടർ
ಉದ್ಯೋಗ ನಿರ್ವಹಣೆ,ജോലി മാനേജ്മെന്റ്
ಉದ್ಯೋಗ ಆಧಾರಿತ ಭಾಷೆ,തൊഴിലധിഷ്ഠിത ഭാഷ
ಕೆಲಸದ ಆದ್ಯತೆ,ജോലി മുൻഗണന
ಕೆಲಸದ ವೇಳಾಪಟ್ಟಿ,ജോലി ഷെഡ്യൂളിംഗ്
ಕೆಲಸದ ಅನುಕ್ರಮ,ജോലി ക്രമപ്പെടുത്തൽ
ಕೆಲಸದ ಟೇಬಲ್,ജോലി പട്ടിക
ಸೇರು (ಸೇರಿ),ചേരുക (ചേരുക)
ಜಂಟಿ ಛಾಯಾಚಿತ್ರ ಗುಂಪು (jpg),ജോയിന്റ് ഫോട്ടോഗ്രാഫിക് ഗ്രൂപ്പ് (jpg)
ಜರ್ನಲ್,ജേണൽ
ಸಂತೋಷ ಕೋಲು,സന്തോഷം വടി
ತೀರ್ಪು,വിധി
ನೆಗೆಯುವುದನ್ನು,ചാടുക
ಜಂಪ್ ಸೂಚನೆ,ജമ്പ് നിർദ്ദേശം
ಜಂಪರ್,ജമ്പർ
ಜಂಕ್ಷನ್,ജംഗ്ഷൻ
ಜಂಕ್,ജങ്ക്
ಸಮರ್ಥನೆ,ന്യായീകരണം
ಕೆ ಬೈಟ್‌ಗಳು,കെ ബൈറ്റുകൾ
karnaugh ನಕ್ಷೆ,കർണൗഗ് മാപ്പ്
karnaugh ನಕ್ಷೆ,കർണൗഗ് മാപ്പ്
ಕೆಬಿ (ಕಿಲೋ ಬೈಟ್),കെബി (കിലോ ബൈറ്റ്)
ಕರ್ನಲ್,കേർണൽ
ಕರ್ನಲ್ ಮೋಡ್,കേർണൽ മോഡ്
ಕರ್ನಿಂಗ್,കെർണിംഗ്
ಕೀ,താക്കോൽ
ಕೀ ಬೋರ್ಡ್,കീ ബോർഡ്
ಕೀ ಬೌನ್ಸ್,കീ ബൗൺസ്
ಕೀ ಕ್ಲಿಕ್,കീ ക്ലിക്ക്
ಕೀ ಸಂಕೋಚನ,കീ കംപ്രഷൻ
ಕೀ ಡಿಸ್ಕ್,കീ ഡിസ്ക്
ಕೀ ಗೂಢಲಿಪೀಕರಣ,കീ എൻക്രിപ്ഷൻ
ಪ್ರಮುಖ ಕ್ಷೇತ್ರ,പ്രധാന ഫീൽഡ്
ಪ್ರಮುಖ ಫೈಲ್,കീ ഫയൽ
ಪ್ರಮುಖ ಚೌಕಟ್ಟು,കീ ഫ്രെയിം
ಪ್ರಮುಖ ನಿರ್ವಹಣೆ,പ്രധാന മാനേജ്മെന്റ്
ಕೀ ಪ್ಯಾಡ್,കീ പാഡ്
ಕೀ ಪ್ಯಾಡ್,കീ പാഡ്
ಪ್ರಮುಖ ನುಡಿಗಟ್ಟು,പ്രധാന വാക്യം
ಪ್ರಮುಖ ನಾಡಿ,കീ പൾസ്
ಕೀ ಪಂಚ್,കീ പഞ്ച്
ಕೀ ವಿಂಗಡಣೆ,കീ വർഗ്ഗീകരണം
ಪ್ರಮುಖ ಸ್ಟ್ರೋಕ್,കീ സ്ട്രോക്ക്
ಪರಿವರ್ತನೆಯನ್ನು ಪರಿಹರಿಸುವ ಕೀಲಿ,പരിവർത്തനത്തെ അഭിസംബോധന ചെയ്യുന്നതിനുള്ള താക്കോൽ
ಡಿಸ್ಕ್ಗೆ ಕೀ,ഡിസ്കിലേക്കുള്ള കീ
ಫ್ಲಾಪಿ ಕೀ,ഫ്ലോപ്പിയുടെ താക്കോൽ
ಟೇಪ್ ಕೀ,ടേപ്പിലേക്കുള്ള താക്കോൽ
ಪ್ರಮುಖ ಪದ,പ്രധാന വാക്ക്
ಕಿಕ್,തൊഴി
ಕೊಲ್ಲು,കൊല്ലുക
ಕಿಲೋಬಿಟ್,കിലോബിറ്റ്
ಗಂಟುಗಳು,കെട്ടുകൾ
ಜ್ಞಾನ ಆಧಾರಿತ ಮಾಹಿತಿ ಸೇವೆಗಳು,അറിവ് അടിസ്ഥാനമാക്കിയുള്ള വിവര സേവനങ്ങൾ
ಜ್ಞಾನದ ಆವಿಷ್ಕಾರ,അറിവ് കണ്ടെത്തൽ
ಜ್ಞಾನ ಅನ್ವೇಷಣೆ ಡೇಟಾಬೇಸ್ (ಕೆಡಿಡಿ),വിജ്ഞാന കണ്ടെത്തൽ ഡാറ്റാബേസ് (KDD)
ಜ್ಞಾನ ಎಂಜಿನಿಯರಿಂಗ್,വിജ്ഞാന എഞ്ചിനീയറിംഗ്
ಜ್ಞಾನ ನಿರ್ವಹಣಾ,വിജ്ഞാന മാനേജ്മെന്റ്
ಜ್ಞಾನ ಕಾರ್ಯಕರ್ತ,വിജ്ഞാന പ്രവർത്തകൻ
ಲ್ಯಾನ್ ಅಡಾಪ್ಟರ್,ലാൻ അഡാപ്റ്റർ
ಲ್ಯಾನ್ ಸರ್ವರ್,ലാൻ സെർവർ
LAN ಕೆಲಸದ ಸ್ಥಳ,LAN ജോലിസ്ഥലം
ಭೂದೃಶ್ಯ,ലാൻഡ്സ്കേപ്പ്
ಭೂದೃಶ್ಯ,ലാൻഡ്സ്കേപ്പ്
ಭಾಷೆ,ഭാഷ
ಭಾಷಾ ವ್ಯಾಖ್ಯಾನಕಾರ,ഭാഷാ വ്യാഖ്യാതാവ്
ಭಾಷಾ ಸಂಸ್ಕಾರಕ,ഭാഷാ പ്രോസസ്സർ
ಭಾಷಾ ಅನುವಾದಕ,ഭാഷാ വിവർത്തകൻ
ಲ್ಯಾಪ್ಟಾಪ್,ലാപ്ടോപ്പ്
ದೊಡ್ಡ ಪ್ರಮಾಣದ ಏಕೀಕರಣ (ಎಲ್ಎಸ್ಐ),വലിയ തോതിലുള്ള ഏകീകരണം (എൽഎസ്ഐ)
ದೊಡ್ಡ ಪ್ರಮಾಣದ ಏಕೀಕರಣ (LSI),വലിയ തോതിലുള്ള ഏകീകരണം (LSI)
ಲೇಸರ್,ലേസർ
ಲೇಸರ್ ಮುದ್ರಕ,ലേസർ പ്രിന്റർ
ಮೊದಲನೆಯದರಲ್ಲಿ ಕೊನೆಯದು (LIFO),അവസാനം ആദ്യം പുറത്തായി (LIFO)
ಪದರ,പാളി
ಲೆಔಟ್,ലേഔട്ട്
ಎಲೆ,ഇല
ಎಲೆ ನೋಡ್,ഇല നോഡ്
ಎಲೆ ಸೈಟ್,ഇല സൈറ്റ്
ಗುತ್ತಿಗೆ,പാട്ടത്തിനെടുക്കുക
ಗುತ್ತಿಗೆ ಪಡೆದ ಚಾನಲ್,പാട്ടത്തിനെടുത്ത ചാനൽ
ಗುತ್ತಿಗೆ ಪಡೆದ ಸಾಲು,പാട്ടത്തിനെടുത്ത ലൈൻ
ಕನಿಷ್ಠ ಗಮನಾರ್ಹ ಬಿಟ್ (ಎಲ್ಎಸ್ಬಿ),ഏറ്റവും കുറഞ്ഞ ബിറ്റ് (എൽഎസ്ബി)
ಕನಿಷ್ಠ ಗಮನಾರ್ಹ ಅಂಕಿ,ഏറ്റവും കുറഞ്ഞ അക്കം
ಪರಂಪರೆ ವ್ಯವಸ್ಥೆ,പൈതൃക വ്യവസ്ഥ
ಲೆಮ್ಮಾ,ലെമ്മ
ಅಕ್ಷರದ ಗುಣಮಟ್ಟ (LQ),അക്ഷര നിലവാരം (LQ)
ಲೆಕ್ಸೆಮ್,ലെക്സെം
ಲೆಕ್ಸಿಕೋಗ್ರಫಿ,ലെക്സിക്കോഗ്രാഫി
ಗ್ರಂಥಾಲಯ,പുസ്തകശാല
ಗ್ರಂಥಾಲಯ ಕಾರ್ಯಕ್ರಮ,ലൈബ്രറി പ്രോഗ്രാം
ಗ್ರಂಥಾಲಯ ಉಪ ದಿನಚರಿ,ലൈബ്രറി സബ്-റോട്ടീൻ
ಪರವಾನಗಿ ಒಪ್ಪಂದ,ലൈസൻസ് കരാർ
ಬೆಳಕಿನ ಹೊರಸೂಸುವ ಡಯೋಡ್ (ಎಲ್ಇಡಿ),ലൈറ്റ് എമിറ്റർ ഡയോഡ് (എൽഇഡി)
ಬೆಳಕಿನ ಗನ್,നേരിയ തോക്ക്
ಬೆಳಕಿನ ಪೆನ್,നേരിയ പേന
ಲೈನ್ ಅಡಾಪ್ಟರ್,ലൈൻ അഡാപ്റ്റർ
ಸಾಲು ಸಂಪಾದನೆ,ലൈൻ എഡിറ്റിംഗ്
ಲೈನ್ ಪ್ರಿಂಟರ್,ലൈൻ പ്രിന്റർ
ರೇಖೀಯ,ലീനിയർ
ನಿಮಿಷಕ್ಕೆ ಸಾಲುಗಳು (LPM),മിനിറ്റിലെ വരികൾ (LPM)
ಲಿಂಕ್,ലിങ്ക്
ಲಿಂಕ್ ಪಟ್ಟಿ,ലിങ്ക് ചെയ്ത പട്ടിക
LINUX,ലിനക്സ്
ಲಿಕ್ವಿಡ್ ಕ್ರಿಸ್ಟಲ್ ಡಿಸ್ಪ್ಲೇ (LCD),ലിക്വിഡ് ക്രിസ്റ്റൽ ഡിസ്പ്ലേ (എൽസിഡി)
ಪಟ್ಟಿ ಪ್ರಕ್ರಿಯೆ,ലിസ്റ്റ് പ്രോസസ്സിംഗ്
ಅಕ್ಷರಶಃ,അക്ഷരാർത്ഥം
ಲೈವ್,തത്സമയം
ಲೈವ್ ನೋಡ್,ലൈവ് നോഡ്
ಲೋಡ್ ಮಾಡಿ,ലോഡ് ചെയ്യുക
ಲೋಡ್ ಮಾಡ್ಯೂಲ್,ലോഡ് മൊഡ്യൂൾ
ಸ್ಥಳೀಯ,പ്രാദേശിക
ಸ್ಥಳೀಯ ಪ್ರವೇಶ,പ്രാദേശിക പ്രവേശനം
ಲೋಕಲ್ ಏರಿಯಾ ನೆಟ್‌ವರ್ಕ್ (ಲ್ಯಾನ್),ലോക്കൽ ഏരിയ നെറ്റ്‌വർക്ക് (ലാൻ)
ಸ್ಥಳೀಯ ವ್ಯಾಖ್ಯಾನ,പ്രാദേശിക നിർവചനം
ಸ್ಥಳೀಯ ವಿನಿಮಯ,പ്രാദേശിക കൈമാറ്റം
ಸ್ಥಳೀಯ ಸ್ಮರಣೆ,പ്രാദേശിക മെമ്മറി
ಸ್ಥಳೀಯ ಮೋಡ್,പ്രാദേശിക മോഡ്
ಸ್ಥಳೀಯ ವೇರಿಯಬಲ್,പ്രാദേശിക വേരിയബിൾ
ಲಾಕ್ ಮಾಡಿ,പൂട്ടുക
ಲಾಕ್ ಮಾಡಿದ ಫೈಲ್,ലോക്ക് ചെയ്ത ഫയൽ
log in = log on,ലോഗിൻ=ലോഗിൻ ചെയ്യുക
ಲಾಗ್ ಆಫ್-ಲಾಗ್ ಔಟ್,ലോഗ് ഓഫ്-ലോഗ് ഔട്ട്
ಲಾಗಿಂಗ್,ലോഗിംഗ്
ತರ್ಕ ವಿಶ್ಲೇಷಕ,ലോജിക് അനലൈസർ
ತರ್ಕ ಬಾಂಬ್,ലോജിക് ബോംബ്
ಲಾಜಿಕ್ ಕಾರ್ಡ್,ലോജിക് കാർഡ്
ಲಾಜಿಕ್ ಚಾರ್ಟ್ (ಫ್ಲೋ ಚಾರ್ಟ್),ലോജിക് ചാർട്ട് (ഫ്ലോ ചാർട്ട്)
ಲಾಜಿಕ್ ಸರ್ಕ್ಯೂಟ್,ലോജിക് സർക്യൂട്ട്
ತರ್ಕ ವಿನ್ಯಾಸ,ലോജിക് ഡിസൈൻ
ತರ್ಕ ರೇಖಾಚಿತ್ರ,ലോജിക് ഡയഗ്രം
ತರ್ಕ ಹರಿವು ಚಾರ್ಟ್,ലോജിക് ഫ്ലോ ചാർട്ട്
ತರ್ಕ ಕಾರ್ಯ,ലോജിക് ഫംഗ്ഷൻ
ಲಾಜಿಕ್ ಗೇಟ್,ലോജിക് ഗേറ്റ്
ತರ್ಕ ಪ್ರೋಗ್ರಾಮಿಂಗ್,ലോജിക് പ്രോഗ്രാമിംഗ്
ತರ್ಕ ಬದಲಾವಣೆ,ലോജിക് ഷിഫ്റ്റ്
ತರ್ಕ ಸ್ಥಿತಿ,യുക്തിയുടെ അവസ്ഥ
ತರ್ಕ ಸ್ವಿಚ್,ലോജിക് സ്വിച്ച്
ತರ್ಕ ಘಟಕ,ലോജിക് യൂണിറ്റ്
ತಾರ್ಕಿಕ,ലോജിക്കൽ
ತಾರ್ಕಿಕ ಸಂಪರ್ಕ,ലോജിക്കൽ കണക്ഷൻ
ತಾರ್ಕಿಕ ಡೇಟಾ ರಚನೆ,ലോജിക്കൽ ഡാറ്റ ഘടന
ತಾರ್ಕಿಕ ರೇಖಾಚಿತ್ರ,ലോജിക്കൽ ഡയഗ്രം
ತಾರ್ಕಿಕ ಅಭಿವ್ಯಕ್ತಿ,ലോജിക്കൽ എക്സ്പ്രഷൻ
ತಾರ್ಕಿಕ ಹರಿವು ಚಾರ್ಟ್ (ಫ್ಲೋ ಚಾರ್ಟ್),ലോജിക്കൽ ഫ്ലോ ചാർട്ട് (ഫ്ലോ ചാർട്ട്)
ತಾರ್ಕಿಕ IF,ലോജിക്കൽ IF
ತಾರ್ಕಿಕ ಕಾರ್ಯಾಚರಣೆ,ലോജിക്കൽ പ്രവർത്തനം
ತಾರ್ಕಿಕ ಆಪರೇಟರ್,ലോജിക്കൽ ഓപ്പറേറ്റർ
ತಾರ್ಕಿಕ ಸಂಬಂಧ,ലോജിക്കൽ ബന്ധം
ತಾರ್ಕಿಕ ಯೋಜನೆ,ലോജിക്കൽ സ്കീം
ತಾರ್ಕಿಕ ಚಿಹ್ನೆ,ലോജിക്കൽ ചിഹ്നം
ತಾರ್ಕಿಕ ಪ್ರಕಾರ,ലോജിക്കൽ തരം
ತಾರ್ಕಿಕ ಮೌಲ್ಯ,ലോജിക്കൽ മൂല്യം
ತಾರ್ಕಿಕ ವೇರಿಯಬಲ್,ലോജിക്കൽ വേരിയബിൾ
ಮುಂದೆ ನೋಡಿ ಒಯ್ಯಿರಿ,മുന്നോട്ട് നോക്കൂ
ಮುಂದೆ ನೋಡಿ,മുന്നോട്ട് നോക്കൂ
ಮೇಲೆ ನೋಡು,തിരയൽ
ಲೂಪ್,ലൂപ്പ്
ಲೂಪ್ ನಿಯಂತ್ರಣ,ലൂപ്പ് നിയന്ത്രണം
ಲೂಪ್ ಆರಂಭಿಸುವಿಕೆ,ലൂപ്പ് സമാരംഭം
ಲೂಪ್ ಮಾರ್ಪಾಡು,ലൂപ്പ് പരിഷ്ക്കരണം
ಲೂಪ್ ನೆಟ್ವರ್ಕ್,ലൂപ്പ് നെറ്റ്വർക്ക്
ಲೂಪ್ ಪ್ರಾರಂಭ,ലൂപ്പ് ആരംഭം
ಲೂಪ್ ಮುಕ್ತಾಯ,ലൂപ്പ് അവസാനിപ്പിക്കൽ
ಲೂಪ್-ಬ್ಯಾಕ್ ಪರೀಕ್ಷೆ,ലൂപ്പ്-ബാക്ക് ടെസ്റ്റ്
ಸಡಿಲವಾಗಿ ಜೋಡಿಸಲಾಗಿದೆ,അയഞ്ഞ കപ്പിൾഡ്
ನಷ್ಟವಿಲ್ಲದ ಸಂಕೋಚನ,നഷ്ടമില്ലാത്ത കംപ്രഷൻ
ನಷ್ಟದ ಸಂಕೋಚನ,നഷ്ടമായ കംപ്രഷൻ
ಕಡಿಮೆ ಬೈಟ್,കുറഞ്ഞ ബൈറ്റ്
ಕಡಿಮೆ ಮಟ್ಟದ ಭಾಷೆ,താഴ്ന്ന നിലയിലുള്ള ഭാഷ
ಕಡಿಮೆ ಪಾಸ್ ಫಿಲ್ಟರ್,കുറഞ്ഞ പാസ് ഫിൽട്ടർ
"ಕೆಳಗಿನ ಸರಹದ್ದು, ಎಲ್ಲೆ",താഴ്ന്ന പരിധി
ಮ್ಯಾಕ್ ಪ್ರೋಟೋಕಾಲ್ (ಮಧ್ಯಮ ಪ್ರವೇಶ ನಿಯಂತ್ರಣ),മാക് പ്രോട്ടോക്കോൾ (ഇടത്തരം പ്രവേശന നിയന്ത്രണം)
ಯಂತ್ರ,യന്ത്രം
ಯಂತ್ರದ ವಿಳಾಸ,മെഷീൻ വിലാസം
ಯಂತ್ರ ಕೋಡ್,മെഷീൻ കോഡ്
ಯಂತ್ರ ಚಕ್ರ,മെഷീൻ സൈക്കിൾ
ಯಂತ್ರ ಅವಲಂಬಿತ ಭಾಷೆ,യന്ത്രത്തെ ആശ്രയിക്കുന്ന ഭാഷ
ಯಂತ್ರ ಅವಲಂಬಿತ ಸಾಫ್ಟ್‌ವೇರ್,മെഷീൻ ആശ്രിത സോഫ്റ്റ്വെയർ
ಯಂತ್ರ ದೋಷ,യന്ത്ര പിശക്
ಯಂತ್ರ ನಿಷ್ಕ್ರಿಯ ಸಮಯ,മെഷീൻ നിഷ്ക്രിയ സമയം
ಯಂತ್ರ ಸ್ವತಂತ್ರ ಭಾಷೆ,യന്ത്ര സ്വതന്ത്ര ഭാഷ
ಯಂತ್ರ ಸೂಚನೆ,യന്ത്ര നിർദ്ദേശം
ಯಂತ್ರ ಬುದ್ಧಿವಂತಿಕೆ,യന്ത്ര ബുദ്ധി
ಯಂತ್ರ ಭಾಷೆ,യന്ത്രഭാഷ
ಯಂತ್ರ ಕಲಿಕೆ,യന്ത്ര പഠനം
ಯಂತ್ರ ಕಾರ್ಯಾಚರಣೆ,യന്ത്ര പ്രവർത്തനം
ಯಂತ್ರ ಆಧಾರಿತ ಭಾಷೆ,യന്ത്രാധിഷ്ഠിത ഭാഷ
ಯಂತ್ರ ಚಾಲನೆ,മെഷീൻ റൺ
ಯಂತ್ರ ಸಿಮ್ಯುಲೇಶನ್,മെഷീൻ സിമുലേഷൻ
ಯಂತ್ರ ಹಾಳಾದ ಸಮಯ,മെഷീൻ കേടായ സമയം
ಯಂತ್ರ ಅನುವಾದ,യന്ത്ര വിവർത്തനം
ಯಂತ್ರ ಪದ,യന്ത്ര വാക്ക്
ಮ್ಯಾಕ್ರೋ (=ಮ್ಯಾಕ್ರೋ ಸೂಚನೆ),മാക്രോ (=മാക്രോ നിർദ്ദേശം)
ಮ್ಯಾಕ್ರೋ ಆರ್ಗ್ಯುಮೆಂಟ್,മാക്രോ വാദം
ಮ್ಯಾಕ್ರೋ ಅಸೆಂಬ್ಲಿ ಕಾರ್ಯಕ್ರಮ,മാക്രോ അസംബ്ലി പ്രോഗ്രാം
ಮ್ಯಾಕ್ರೋ ಕರೆ,മാക്രോ കോൾ
ಮ್ಯಾಕ್ರೋ ಕೋಡ್,മാക്രോ കോഡ്
ಮ್ಯಾಕ್ರೋ ಆಜ್ಞೆ,മാക്രോ കമാൻഡ്
ಮ್ಯಾಕ್ರೋ ಘೋಷಣೆ,മാക്രോ പ്രഖ്യാപനം
ಮ್ಯಾಕ್ರೋ ವ್ಯಾಖ್ಯಾನ,മാക്രോ നിർവചനം
ಮ್ಯಾಕ್ರೋ ಫ್ಲೋ ಚಾರ್ಟ್,മാക്രോ ഫ്ലോ ചാർട്ട്
ಮ್ಯಾಕ್ರೋ ಜನರೇಟರ್,മാക്രോ ജനറേറ്റർ
ಮ್ಯಾಕ್ರೋ ಸೂಚನೆ,മാക്രോ നിർദ്ദേശം
ಮ್ಯಾಕ್ರೋ ಭಾಷೆ,മാക്രോ ഭാഷ
ಮ್ಯಾಕ್ರೋ ಲೈಬ್ರರಿ,മാക്രോ ലൈബ്രറി
ಮ್ಯಾಕ್ರೋ ಪ್ಯಾರಾಮೀಟರ್,മാക്രോ പാരാമീറ്റർ
ಮ್ಯಾಕ್ರೋ ಸಂಸ್ಕರಣೆ,മാക്രോ പ്രോസസ്സിംഗ്
ಮ್ಯಾಕ್ರೋ ಪ್ರೊಸೆಸರ್,മാക്രോ പ്രൊസസർ
ಮ್ಯಾಕ್ರೋ ಪ್ರೋಗ್ರಾಮಿಂಗ್,മാക്രോ പ്രോഗ്രാമിംഗ്
ಮ್ಯಾಕ್ರೋ ಮಾದರಿ,മാക്രോ പ്രോട്ടോടൈപ്പ്
ಮ್ಯಾಕ್ರೋ-ಕೋಡಿಂಗ್,മാക്രോ-കോഡിംഗ്
ಮ್ಯಾಗಬೈಟ್ (MB),മാഗബൈറ്റ് (MB)
ಮ್ಯಾಜಿಕ್ ಪಾತ್ರ,മാന്ത്രിക കഥാപാത്രം
ಮ್ಯಾಜಿಕ್ ಸಂಖ್ಯೆ,മാന്ത്രിക സംഖ്യ
ಮ್ಯಾಗ್ನೆಟಿಕ್ ಬಬಲ್ ಮೆಮೊರಿ,കാന്തിക ബബിൾ മെമ്മറി
ಮ್ಯಾಗ್ನೆಟಿಕ್ ಕಾರ್ಡ್,കാന്തിക കാർഡ്
ಕಾಂತೀಯ ಕೋಶ,കാന്തിക കോശം
ಕಾಂತೀಯ ಪಾತ್ರ,കാന്തിക സ്വഭാവം
ಮ್ಯಾಗ್ನೆಟಿಕ್ ಕೋರ್ ಸಂಗ್ರಹಣೆ,കാന്തിക കോർ സംഭരണം
ಮ್ಯಾಗ್ನೆಟಿಕ್ ಡಿಸ್ಕ್,കാന്തിക ഡിസ്ക്
ಮ್ಯಾಗ್ನೆಟಿಕ್ ಡಿಸ್ಕ್ ವಿಳಾಸ,കാന്തിക ഡിസ്ക് വിലാസം
ಮ್ಯಾಗ್ನೆಟಿಕ್ ಡಿಸ್ಕ್ ಮೆಮೊರಿ,മാഗ്നറ്റിക് ഡിസ്ക് മെമ്മറി
ಕಾಂತೀಯ ಡ್ರಮ್,കാന്തിക ഡ്രം
ಮ್ಯಾಗ್ನೆಟಿಕ್ ಎನ್ಕೋಡಿಂಗ್,കാന്തിക എൻകോഡിംഗ്
ಕಾಂತೀಯ ತಲೆ,കാന്തിക തല
ಕಾಂತೀಯ ಶಾಯಿ,കാന്തിക മഷി
ಮ್ಯಾಗ್ನೆಟಿಕ್ ಇಂಕ್ ಕ್ಯಾರೆಕ್ಟರ್ ರೆಕಗ್ನಿಷನ್ (MICR),കാന്തിക മഷി പ്രതീക തിരിച്ചറിയൽ (MICR)
ಕಾಂತೀಯ ಮಾಧ್ಯಮ,കാന്തിക മാധ്യമം
ಕಾಂತೀಯ ಓದುವಿಕೆ,കാന്തിക വായന
ಮ್ಯಾಗ್ನೆಟಿಕ್ ರೆಕಾರ್ಡಿಂಗ್,കാന്തിക റെക്കോർഡിംഗ്
ಕಾಂತೀಯ ಸಂಗ್ರಹ,കാന്തിക സംഭരണം
ಮ್ಯಾಗ್ನೆಟಿಕ್ ಸ್ಟ್ರಿಪ್,കാന്തിക സ്ട്രിപ്പ്
ಮ್ಯಾಗ್ನೆಟಿಕ್ ಟೇಪ್,കാന്തിക ടേപ്പ്
ಮ್ಯಾಗ್ನೆಟಿಕ್ ಟೇಪ್ ಕಾರ್ಟ್ರಿಡ್ಜ್,കാന്തിക ടേപ്പ് കാട്രിഡ്ജ്
ಮ್ಯಾಗ್ನೆಟಿಕ್ ಟೇಪ್ ಡ್ರೈವ್,കാന്തിക ടേപ്പ് ഡ്രൈവ്
ಮ್ಯಾಗ್ನೆಟಿಕ್ ಟೇಪ್ ಹೆಡರ್,കാന്തിക ടേപ്പ് തലക്കെട്ട്
ಮ್ಯಾಗ್ನೆಟಿಕ್ ಟೇಪ್ ಲೈಬ್ರರಿಯನ್,മാഗ്നറ്റിക് ടേപ്പ് ലൈബ്രേറിയൻ
ಮ್ಯಾಗ್ನೆಟಿಕ್ ಟೇಪ್ ಸಾರಿಗೆ,കാന്തിക ടേപ്പ് ഗതാഗതം
ಮ್ಯಾಗ್ನೆಟಿಕ್ ಟೇಪ್ ಘಟಕ,കാന്തിക ടേപ്പ് യൂണിറ്റ്
ಮ್ಯಾಗ್ನೆಟಿಕ್ ತೆಳುವಾದ ಫಿಲ್ಮ್,കാന്തിക നേർത്ത ഫിലിം
ಮ್ಯಾಗ್ನೆಟಿಕ್ ಟ್ರ್ಯಾಕ್,കാന്തിക ട്രാക്ക്
ಮ್ಯಾಗ್ನೆಟೋ ಆಪ್ಟಿಕ್ ಸಂಗ್ರಹಣೆ,മാഗ്നെറ്റോ ഒപ്റ്റിക് സംഭരണം
ಮ್ಯಾಗ್ನೆಟೋಗ್ರಾಫಿಕ್ ಪ್ರಿಂಟರ್,മാഗ്നെറ്റോഗ്രാഫിക് പ്രിന്റർ
ಮ್ಯಾಗ್ನೆಟೋಸ್ಟ್ರಿಕ್ಷನ್,മാഗ്നെറ്റോസ്ട്രിക്ഷൻ
ಮ್ಯಾಗ್ನೆಟೋಸ್ಟ್ರಿಕ್ಟಿವ್ ಟ್ಯಾಬ್ಲೆಟ್,മാഗ്നെറ്റോസ്ട്രിക്റ്റീവ് ടാബ്ലറ്റ്
ಮೇಲ್ ಬಾಕ್ಸ್,മെയിൽ ബോക്സ്
ಮೇಲ್ ವಿಲೀನ,മെയിൽ ലയനം
ಮುಖ್ಯ ನಿಯಂತ್ರಣ ಘಟಕ,പ്രധാന നിയന്ത്രണ യൂണിറ്റ്
ಮುಖ್ಯ ಚೌಕಟ್ಟು,പ്രധാന ഫ്രെയിം
ಮುಖ್ಯ ಚೌಕಟ್ಟಿನ ವ್ಯವಸ್ಥೆ,പ്രധാന ഫ്രെയിം സിസ്റ്റം
ಮುಖ್ಯ ಸ್ಮರಣೆ,പ്രധാന മെമ്മറി
ಮುಖ್ಯ ಕಾರ್ಯಕ್ರಮ,പ്രധാന പ്രോഗ്രാം
ಮುಖ್ಯ ಸಂಗ್ರಹಣೆ,പ്രധാന സംഭരണം
ಮುಖ್ಯ ಸ್ವಿಚ್,പ്രധാന സ്വിച്ച്
ನಿರ್ವಹಣೆ,മെയിന്റനൻസ്
ನಿರ್ವಹಣೆ ಫಲಕ,മെയിന്റനൻസ് പാനൽ
ನಿರ್ವಹಣೆ ಸಮಯ,അറ്റകുറ്റപ്പണി സമയം
ಪ್ರಮುಖ ಚಕ್ರ,പ്രധാന ചക്രം
ಪ್ರಮುಖ ಸಾಧನ,പ്രധാന ഉപകരണം
ಪ್ರಮುಖ ಕೀ,പ്രധാന കീ
ಪ್ರಮುಖ ರಾಜ್ಯ,പ്രധാന സംസ്ഥാനം
ಪ್ರಮುಖ ರಚನೆ,പ്രധാന ഘടന
ಪ್ರಮುಖ ಕಾರ್ಯ,പ്രധാന ദൗത്യം
ಬಹುಪಾಲು ಅಂಶ,ഭൂരിപക്ഷ ഘടകം
ಬಹುಪಾಲು ಗೇಟ್,ഭൂരിപക്ഷ ഗേറ്റ്
ಬಹುಪಾಲು ಕಾರ್ಯಾಚರಣೆ,ഭൂരിപക്ഷ പ്രവർത്തനം
ಮೇಕ್ಅಪ್ ಸಮಯ,മേക്കപ്പ് സമയം
ಅಸಮರ್ಪಕ ದಿನಚರಿ,തകരാർ പതിവ്
ನಿರ್ವಹಣೆ ಅಭಿವೃದ್ಧಿ,മാനേജ്മെന്റ് വികസനം
ನಿರ್ವಹಣಾ ಮಾಹಿತಿ ವ್ಯವಸ್ಥೆ (MIS),മാനേജ്മെന്റ് ഇൻഫർമേഷൻ സിസ്റ്റം (എംഐഎസ്)
ನಿರ್ವಹಣೆ ವಿಜ್ಞಾನ,മാനേജ്മെന്റ് സയൻസ്
ಮ್ಯಾಂಚೆಸ್ಟರ್ ಕೋಡಿಂಗ್,മാഞ്ചസ്റ്റർ കോഡിംഗ്
ಮ್ಯಾನಿಫೋಲ್ಡಿಂಗ್,മാനിഫോൾഡിംഗ്
ಕುಶಲತೆಯಿಂದ ಕೂಡಿದ ವೇರಿಯಬಲ್,കൃത്രിമ വേരിയബിൾ
ಮ್ಯಾನಿಪುಲೇಟಿಂಗ್ ಇಂಡೆಕ್ಸಿಂಗ್,സൂചികയിൽ കൃത്രിമം കാണിക്കുന്നു
ಮನುಷ್ಯ-ಯಂತ್ರ ಸಿಮ್ಯುಲೇಶನ್,മനുഷ്യ-മെഷീൻ സിമുലേഷൻ
ಹಸ್ತಚಾಲಿತ ವಿಳಾಸ ಸ್ವಿಚ್,സ്വമേധയാലുള്ള വിലാസ സ്വിച്ച്
ಹಸ್ತಚಾಲಿತ ವಿಶ್ಲೇಷಣೆ,മാനുവൽ വിശകലനം
ಹಸ್ತಚಾಲಿತ ಉತ್ತರ,മാനുവൽ ഉത്തരം
ಹಸ್ತಚಾಲಿತ ಪ್ರವೇಶ,മാനുവൽ എൻട്രി
ಹಸ್ತಚಾಲಿತ ವಿನಿಮಯ,മാനുവൽ എക്സ്ചേഞ്ച്
ಹಸ್ತಚಾಲಿತ ಇನ್ಪುಟ್,മാനുവൽ ഇൻപുട്ട്
ಹಸ್ತಚಾಲಿತ ಕಾರ್ಯಾಚರಣೆ,മാനുവൽ പ്രവർത്തനം
ಹಲವು ಸಂಬಂಧಗಳು,പലതും പലതുമായ ബന്ധം
ಅನೇಕ ಒಂದು ಡಿಕೋಡರ್,പലതും ഒരു ഡീകോഡറും
ನಕ್ಷೆ ವಿಧಾನ,മാപ്പ് രീതി
ಮ್ಯಾಪಿಂಗ್,മാപ്പിംഗ്
ಅಂಚು,മാർജിൻ
ಅಂಚು ದೋಷ,മാർജിൻ പിശക്
ಕನಿಷ್ಠ ಪರಿಶೀಲನೆ,മാർജിനൽ ചെക്ക്
ಕನಿಷ್ಠ ಪರೀಕ್ಷೆ,മാർജിനൽ ടെസ്റ്റ്
ಗುರುತು ಪತ್ತೆ,അടയാളം കണ്ടെത്തൽ
ಮಾರ್ಕ್ ಓದುವಿಕೆ,മാർക്ക് വായന
ಗುರುತು ಸ್ಕ್ಯಾನಿಂಗ್,അടയാളം സ്കാനിംഗ്
ಗುರುತು ಅರ್ಥ,മാർക്ക് സെൻസ്
ಮಾರ್ಕರ್,മാർക്കർ
ಗುರುತು ಹಾಕುವುದು,അടയാളപ്പെടുത്തുന്നു
ಗುರುತು ತರಂಗ,അടയാളപ്പെടുത്തൽ തരംഗം
ಮಾರ್ಕೊವ್ ಸರಣಿ,മാർക്കോവ് ചെയിൻ
ಮಾರ್ಕೊವ್ ಮೂಲ,മാർക്കോവ് ഉറവിടം
ಮಾರ್ಕ್-ಅಪ್ ಭಾಷೆ,അടയാളപ്പെടുത്തൽ ഭാഷ
ಮೇಸರ್,മാസർ
ಮೇಸರ್,മാസർ
ಮುಖವಾಡ,മുഖംമൂടി
ಮುಖವಾಡ ಬಿಟ್,മുഖംമൂടി ബിറ്റ്
ಮಾಸ್ಕ್ ಪ್ರೊಗ್ರಾಮೆಬಲ್ ಸಾಧನ,മാസ്ക് പ്രോഗ്രാമബിൾ ഉപകരണം
ಮಾಸ್ಕ್ ರಿಜಿಸ್ಟರ್,മാസ്ക് രജിസ്റ്റർ
ಮುಖವಾಡದ ROM,മുഖംമൂടി ധരിച്ച റോം
ಮರೆಮಾಚುವಿಕೆ,മാസ്കിംഗ്
ಸಾಮೂಹಿಕ ಡೇಟಾ,ബഹുജന ഡാറ്റ
ಸಾಮೂಹಿಕ ಸ್ಮರಣೆ,മാസ് മെമ്മറി
ಬೃಹತ್ ಸಮಾನಾಂತರ,വൻതോതിൽ സമാന്തരമായി
ಮಾಸ್ಟರ್,മാസ്റ്റർ
ಮಾಸ್ಟರ್ ಕಾರ್ಡ್,മാസ്റ്റർ കാർഡ്
ಮಾಸ್ಟರ್ ಗಡಿಯಾರ,മാസ്റ്റർ ക്ലോക്ക്
ಮಾಸ್ಟರ್ ಕನ್ಸೋಲ್,മാസ്റ്റർ കൺസോൾ
ಮಾಸ್ಟರ್ ಡೇಟಾ,മാസ്റ്റർ ഡാറ്റ
ಮಾಸ್ಟರ್ ರೇಖಾಚಿತ್ರ,മാസ്റ്റർ ഡയഗ്രം
ಮಾಸ್ಟರ್ ಫೈಲ್,മാസ്റ്റർ ഫയൽ
ಮಾಸ್ಟರ್ ಗುಂಪು,മാസ്റ്റർ ഗ്രൂപ്പ്
ಮುಖ್ಯ ಕೀ,മാസ്റ്റർ കീ
ಮಾಸ್ಟರ್ ಲೈಬ್ರರಿ ಟೇಪ್,മാസ്റ്റർ ലൈബ്രറി ടേപ്പ്
ಮಾಸ್ಟರ್ ಪ್ರೊಸೆಸರ್,മാസ്റ്റർ പ്രൊസസർ
ಮಾಸ್ಟರ್ ಪ್ರೋಗ್ರಾಂ,മാസ്റ്റർ പ്രോഗ്രാം
ಮಾಸ್ಟರ್ ನಿಲ್ದಾಣ,മാസ്റ്റർ സ്റ്റേഷൻ
ಮಾಸ್ಟರ್ ಟೇಪ್,മാസ്റ്റർ ടേപ്പ്
ಮಾಸ್ಟರ್ ಟರ್ಮಿನಲ್,മാസ്റ്റർ ടെർമിനൽ
ಮಾಸ್ಟರ್/ಸ್ಲೇವ್ ಸಾಧನ,മാസ്റ്റർ/സ്ലേവ് ഉപകരണം
ಮಾಸ್ಟರ್ / ಗುಲಾಮರ ವ್ಯವಸ್ಥೆ,യജമാനൻ/അടിമ സംവിധാനം
ಹೊಂದಾಣಿಕೆ,പൊരുത്തം
ಹೊಂದಾಣಿಕೆಗೆ,പൊരുത്തപ്പെടുന്നു
ಗಣಿತ ಪ್ರೋಗ್ರಾಮಿಂಗ್,ഗണിത പ്രോഗ്രാമിംഗ്
ಗಣಿತದ ಸಿಮ್ಯುಲೇಶನ್,ഗണിത അനുകരണം
ಮ್ಯಾಟ್ರಿಕ್ಸ್,മാട്രിക്സ്
ಮ್ಯಾಟ್ರಿಕ್ಸ್ ಪ್ರಿಂಟರ್,മാട്രിക്സ് പ്രിന്റർ
ಮ್ಯಾಟ್ರಿಕ್ಸ್ ಸ್ವಿಚ್,മാട്രിക്സ് സ്വിച്ച്
ಮ್ಯಾಟ್ರಿಕ್ಸ್ ಟೇಬಲ್,മാട്രിക്സ് പട്ടിക
ಮ್ಯಾಕ್ಸಿ ಕಂಪ್ಯೂಟರ್,പരമാവധി കമ്പ്യൂട്ടർ
ಮ್ಯಾಕ್ಸಿಕಂಪ್ಯೂಟರ್,മാക്സികമ്പ്യൂട്ടർ
ಗರಿಷ್ಠ ಅಂಶ,പരമാവധി ഘടകം
ಗರಿಷ್ಠ ಅವಧಿ (ಪ್ರಮಾಣಿತ ಮೊತ್ತ),പരമാവധി (സാധാരണ തുക കാലാവധി)
ಮ್ಯಾಕ್ಸ್ವೆಲ್ ಡೀಮನ್,മാക്സ്വെൽ ഡെമൺ
ಅರ್ಥ,അർത്ഥം
ದುರಸ್ತಿ ಸಮಯ ಎಂದರ್ಥ,അറ്റകുറ്റപ്പണി സമയം എന്നാണ് അർത്ഥമാക്കുന്നത്
ವೈಫಲ್ಯದ ನಡುವಿನ ಸರಾಸರಿ ಸಮಯ (MTBF),പരാജയത്തിന് ഇടയിലുള്ള ശരാശരി സമയം (MTBF)
ವೈಫಲ್ಯದ ನಡುವಿನ ಸರಾಸರಿ ಸಮಯ (MTBF),പരാജയത്തിന് ഇടയിലുള്ള ശരാശരി സമയം (MTBF)
ವೈಫಲ್ಯದ ಸಮಯ ಎಂದರ್ಥ,പരാജയത്തിന്റെ സമയം എന്നാണ് അർത്ഥമാക്കുന്നത്
ದುರಸ್ತಿ ಮಾಡುವ ಸಮಯ ಎಂದರ್ಥ,നന്നാക്കാനുള്ള സമയം എന്നാണ് അർത്ഥമാക്കുന്നത്
ದುರಸ್ತಿ ಮಾಡಲು ಸರಾಸರಿ ಸಮಯ (MTTR),നന്നാക്കാനുള്ള ശരാശരി സമയം (MTTR)
ಮಧ್ಯಮ ಪ್ರಮಾಣದ ಏಕೀಕರಣ (MSI),മീഡിയം സ്കെയിൽ ഇന്റഗ്രേഷൻ (എംഎസ്ഐ)
ಮಧ್ಯಮ ಪ್ರಮಾಣದ ಏಕೀಕರಣ (MSI),മീഡിയം സ്കെയിൽ ഇന്റഗ്രേഷൻ (എംഎസ്ഐ)
ಮಧ್ಯಮ ಅವಧಿಯ ಶೇಖರಣಾ ಸಾಧನ,ഇടത്തരം സംഭരണ ഉപകരണം
ಮೆಗಾಬಿಟ್ ಪ್ರತಿ ಸೆಕೆಂಡಿಗೆ (MB Ps),മെഗാബിറ്റ് പെർ സെക്കൻഡ് (MB Ps)
ಸದಸ್ಯ ವಸ್ತು,അംഗ വസ്തു
ಸದಸ್ಯ ದಾಖಲೆ,അംഗ റെക്കോർഡ്
ಸ್ಮರಣೆ,മെമ്മറി
ಮೆಮೊರಿ ಅರೇ,മെമ്മറി അറേ
ಮೆಮೊರಿ ಬ್ಯಾಂಕ್,മെമ്മറി ബാങ്ക്
ಮೆಮೊರಿ ಬಫರ್ ರಿಜಿಸ್ಟರ್,മെമ്മറി ബഫർ രജിസ്റ്റർ
ಮೆಮೊರಿ ಬಸ್,മെമ്മറി ബസ്
ಮೆಮೊರಿ ಕಾರ್ಡ್,മെമ്മറി കാര്ഡ്
ಮೆಮೊರಿ ಕೋಶ,മെമ്മറി സെൽ
ಮೆಮೊರಿ ಸಂಕೋಚನ,മെമ്മറി കോംപാക്ഷൻ
ಮೆಮೊರಿ ಕೋರ್,മെമ്മറി കോർ
ಮೆಮೊರಿ ಚಕ್ರ,മെമ്മറി സൈക്കിൾ
ಮೆಮೊರಿ ಡೇಟಾ ರಿಜಿಸ್ಟರ್,മെമ്മറി ഡാറ്റ രജിസ്റ്റർ
ಮೆಮೊರಿ ಡಂಪ್,മെമ്മറി ഡംപ്
ಮೆಮೊರಿ ವಿನಿಮಯ,മെമ്മറി എക്സ്ചേഞ്ച്
ಮೆಮೊರಿ ಕ್ರಮಾನುಗತ,മെമ്മറി ശ്രേണി
ಮೆಮೊರಿ ಸೂಚನೆ,മെമ്മറി നിർദ്ദേശം
ಮೆಮೊರಿ ನಿರ್ವಹಣೆ,മെമ്മറി മാനേജ്മെന്റ്
ಮೆಮೊರಿ ನಕ್ಷೆ,മെമ്മറി മാപ്പ്
ಮೆಮೊರಿ ಮ್ಯಾಪ್ ಮಾಡಲಾದ I/O,മെമ്മറി മാപ്പ് ചെയ്ത I/O
ಮೆಮೊರಿ ಮಾದರಿ,മെമ്മറി മോഡൽ
ಮೆಮೊರಿ ಮಾಡ್ಯೂಲ್,മെമ്മറി മൊഡ്യൂൾ
ಮೆಮೊರಿ ಪಾಯಿಂಟರ್ ರಿಜಿಸ್ಟರ್,മെമ്മറി പോയിന്റർ രജിസ്റ്റർ
ನೆನಪಿನ ಶಕ್ತಿ,ഓർമ്മ ശക്തി
ಮೆಮೊರಿ ರಕ್ಷಣೆ,മെമ്മറി സംരക്ഷണം
ಮೆಮೊರಿ ಉಲ್ಲೇಖ ಸೂಚನೆ,മെമ്മറി റഫറൻസ് നിർദ്ദേശം
ಮೆಮೊರಿ ರೆಸಿಡೆಂಟ್ ಪ್ರೋಗ್ರಾಂ,മെമ്മറി റസിഡന്റ് പ്രോഗ്രാം
ಮೆಮೊರಿ ಘಟಕ,മെമ്മറി യൂണിറ്റ്
ಮೆನು,മെനു
ಮೆನು ಬಾರ್,മെനു ബാർ
ಮೆನು ಡ್ರೈವ್,മെനു ഡ്രൈവ്
ಮೆನು ಆಯ್ಕೆ,മെനു തിരഞ്ഞെടുക്കൽ
ಮೆನು-ಚಾಲಿತ ಪ್ರೋಗ್ರಾಂ,മെനു അടിസ്ഥാനമാക്കിയുള്ള പ്രോഗ്രാം
ವಿಲೀನಗೊಳ್ಳಲು,ലയിപ്പിക്കുക
ವಿನಿಮಯ ರೀತಿಯ ವಿಲೀನ,എക്സ്ചേഞ്ച് സോർട്ട് ലയിപ്പിക്കുക
ವಿಲೀನ ರೀತಿಯ,ലയിപ്പിക്കുക
ವಿಲೀನಗೊಳಿಸಲಾಗುತ್ತಿದೆ,ലയിപ്പിക്കുന്നു
ಜಾಲರಿ ಜಾಲ,മെഷ് നെറ്റ്വർക്ക്
ಸಂದೇಶ ಕಳುಹಿಸುವಿಕೆ,സന്ദേശമയയ്‌ക്കൽ
ಸಂದೇಶ,സന്ദേശം
ಸಂದೇಶ ದೃಢೀಕರಣ,സന്ദേശ പ്രാമാണീകരണം
ಸಂದೇಶ ಪೆಟ್ಟಿಗೆ,സന്ദേശ ബോക്സ്
ಸಂದೇಶ ಸರ್ಕ್ಯೂಟ್,സന്ദേശ സർക്യൂട്ട്
ಸಂದೇಶ ಸ್ವರೂಪ,സന്ദേശ ഫോർമാറ്റ്
ಸಂದೇಶದ ಹೆಡರ್,സന്ദേശ തലക്കെട്ട്
ಸಂದೇಶ ಮೋಡ್,സന്ദേശ മോഡ്
ಸಂದೇಶ ರವಾನೆ,സന്ദേശം കൈമാറുന്നു
ಸಂದೇಶ ಪೋಲಿಂಗ್,സന്ദേശ വോട്ടെടുപ്പ്
ಸಂದೇಶ ಕ್ಯೂ,സന്ദേശ ക്യൂ
ಸಂದೇಶ ಸ್ವಿಚ್,സന്ദേശ സ്വിച്ച്
ಸಂದೇಶ ಪಠ್ಯ,സന്ദേശ വാചകം
ಸಂದೇಶ ವರ್ಗಾವಣೆ ಏಜೆಂಟ್,സന്ദേശ കൈമാറ്റ ഏജന്റ്
ಮೆಟಾ ಅಸೆಂಬ್ಲರ್,മെറ്റാ അസംബ്ലർ
ಮೆಟಾ ವರ್ಗ,മെറ്റാ ക്ലാസ്
ಮೆಟಾ ಸಂಕಲನ,മെറ്റാ സമാഹാരം
ಮೆಟಾ ಕಂಪೈಲರ್,മെറ്റാ കമ്പൈലർ
ಮೆಟಾ ಭಾಷೆ,മെറ്റാ ഭാഷ
ಮೆಟಾ ನೆಟ್ವರ್ಕ್,മെറ്റാ നെറ്റ്വർക്ക്
ಮೆಟಾ ವ್ಯವಸ್ಥೆ,മെറ്റാ സിസ്റ്റം
ವಿಧಾನ,രീതി
ಮೆಟ್ರೋಪಾಲಿಟನ್ ಏರಿಯಾ ನೆಟ್‌ವರ್ಕ್ (MAN),മെട്രോപൊളിറ്റൻ ഏരിയ നെറ്റ്‌വർക്ക് (MAN)
ಸೂಕ್ಷ್ಮ,മൈക്രോ
ಮೈಕ್ರೋ ಕೋಡ್,മൈക്രോ കോഡ്
ಮೈಕ್ರೋ ಕಂಪ್ಯೂಟರ್,മൈക്രോ കമ്പ്യൂട്ടർ
ಸೂಕ್ಷ್ಮ ನಿಯಂತ್ರಕ,മൈക്രോ കൺട്രോളർ
ಸೂಕ್ಷ್ಮ ಚಕ್ರ,മൈക്രോ സൈക്കിൾ
ಮೈಕ್ರೋ ಎಲೆಕ್ಟ್ರಾನಿಕ್ ಮೆಕ್ಯಾನಿಕಲ್ ಸಿಸ್ಟಮ್ (MEMS),മൈക്രോ ഇലക്ട്രോണിക് മെക്കാനിക്കൽ സിസ്റ്റം (MEMS)
ಸೂಕ್ಷ್ಮ ಎಲೆಕ್ಟ್ರಾನಿಕ್ಸ್,മൈക്രോ ഇലക്ട്രോണിക്സ്
ಸೂಕ್ಷ್ಮ ಕಿರುಅಧಿಕಾರ,മൈക്രോ മിനി ഓതറൈസേഷൻ
ಸೂಕ್ಷ್ಮ ಆದೇಶ,മൈക്രോ ഓർഡർ
ಮೈಕ್ರೋ/ಮೇನ್‌ಫ್ರೇಮ್ ಲಿಂಕ್,മൈക്രോ/മെയിൻഫ്രെയിം ലിങ്ക്
ಮೈಕ್ರೋಚಿಪ್,മൈക്രോചിപ്പ്
ಮೈಕ್ರೋಕೋಬೋಲ್,മൈക്രോകോബോൾ
ಮೈಕ್ರೋಕೋಡ್,മൈക്രോകോഡ്
ಮೈಕ್ರೋಫಿಚೆ,മൈക്രോഫിഷ്
ಮೈಕ್ರೋಫ್ಲೋಪಿ,മൈക്രോഫ്ലോപ്പി
ಮೈಕ್ರೋಫಾರ್ಮ್ ರೀಡರ್,മൈക്രോഫോം റീഡർ
ಮೈಕ್ರೋಫ್ರೇಮ್,മൈക്രോഫ്രെയിം
ಮೈಕ್ರೋಗ್ರಾಫಿಕ್ಸ್,മൈക്രോഗ്രാഫിക്സ്
ಮೈಕ್ರೊಫೋನ್,മൈക്രോഫോൺ
ಮೈಕ್ರೋಫೋಟೋಗ್ರಾಫ್,മൈക്രോഫോട്ടോഗ്രാഫ്
ಮೈಕ್ರೋಪ್ರೊಸೆಸಿಂಗ್ ಘಟಕ,മൈക്രോപ്രൊസസിംഗ് യൂണിറ്റ്
ಮೈಕ್ರೋಪ್ರೊಸೆಸರ್,മൈക്രോപ്രൊസസർ
ಮೈಕ್ರೊಪ್ರೊಸೆಸರ್ ಚಿಪ್,മൈക്രോപ്രൊസസർ ചിപ്പ്
ಮೈಕ್ರೊಪ್ರೊಸೆಸರ್ ಕಂಪೈಲರ್,മൈക്രോപ്രൊസസർ കമ്പൈലർ
ಮೈಕ್ರೊಪ್ರೊಸೆಸರ್ ಘಟಕ (MPU),മൈക്രോപ്രൊസസർ യൂണിറ്റ് (എംപിയു)
ಮೈಕ್ರೋಪ್ರೋಗ್ರಾಂ,മൈക്രോപ്രോഗ്രാം
ಸೂಕ್ಷ್ಮ ಅನುಕ್ರಮ,മൈക്രോസെക്വൻസ്
ಮೈಕ್ರೋಸಾಫ್ಟ್,മൈക്രോസോഫ്റ്റ്
ಮೈಕ್ರೋಸಾಫ್ಟ್ ಕಿಟಕಿಗಳು,മൈക്രോസോഫ്റ്റ് വിൻഡോകൾ
ಮೈಕ್ರೋವೇವ್,മൈക്രോവേവ്
ಮೈಕ್ರೋವೇವ್ ಲಿಂಕ್,മൈക്രോവേവ് ലിങ്ക്
ಮೈಕ್ರೋವೇವ್ ಪ್ರಸರಣ,മൈക്രോവേവ് പ്രചരണം
ಮಧ್ಯಮ ನಿರ್ವಹಣೆ,മധ്യ മാനേജ്മെന്റ്
ಮಿಡ್ಲ್ವೇರ್,മിഡിൽവെയർ
ಮಿಡಿಕಂಪ್ಯೂಟರ್,മിഡികമ്പ്യൂട്ടർ
ಮಧ್ಯಬಿಂದು,മധ്യഭാഗം
ಮಧ್ಯಾವಧಿ,ഇടക്കാല
ವಲಸೆ ಮಾರ್ಗ,മൈഗ്രേഷൻ പാത
ಪ್ರತಿ ಸೆಕೆಂಡಿಗೆ ಮಿಲಿಯನ್ ಸೂಚನೆಗಳು (MIPS),സെക്കൻഡിൽ ദശലക്ഷം നിർദ്ദേശങ്ങൾ (MIPS)
ಮಿನಿಕಂಪ್ಯೂಟರ್,മിനികമ്പ്യൂട്ടർ
ಮಿನಿಡಿಸ್ಕೆಟ್,മിനിഡിസ്കെറ്റ്
ಕನಿಷ್ಠ ಕರ್ನಲ್,ഏറ്റവും കുറഞ്ഞ കേർണൽ
ಕನಿಷ್ಠ ಉತ್ಪನ್ನ,കുറഞ്ഞ ഉൽപ്പന്നം
ಕನಿಷ್ಠ ಮರ,ഏറ്റവും കുറഞ്ഞ വൃക്ഷം
ಮಿನಿಮ್ಯಾಕ್ಸ್ (ನಿಮಿಷ-ಗರಿಷ್ಠ) ಅಲ್ಗಾರಿದಮ್,മിനിമാക്സ് (മിനി-മാക്സ്) അൽഗോരിതം
ಕನಿಷ್ಠ ವಿಧಾನ,മിനിമാക്സ് നടപടിക്രമം
ಕನಿಷ್ಠ ವೆಚ್ಚ ವ್ಯಾಪಿಸಿರುವ ಮರ,ഏറ്റവും കുറഞ്ഞ ചെലവ് പരന്നുകിടക്കുന്ന മരം
ಕನಿಷ್ಠ ಲೇಟೆನ್ಸಿ ಕೋಡಿಂಗ್,ഏറ്റവും കുറഞ്ഞ ലേറ്റൻസി കോഡിംഗ്
ಚಿಕ್ಕ ಸಾಧನ,ചെറിയ ഉപകരണം
ಮಿಂಟೆರಿಮ್,മിന്ററിം
ಮೈನಸ್ ಧ್ವಜ,മൈനസ് പതാക
ಮೈನಸ್ ಧ್ವಜ,മൈനസ് പതാക
ಮೈನಸ್ ವಲಯ,മൈനസ് സോൺ
ಕನ್ನಡಿ,കണ്ണാടി
ಕನ್ನಡಿ ಸೈಟ್,കണ്ണാടി സൈറ്റ്
ಮಿಶ್ರ-ರಾಡಿಕ್ಸ್ ಸಂಕೇತ,മിക്സഡ്-റാഡിക്സ് നൊട്ടേഷൻ
ಮಿಕ್ಸರ್,മിക്സർ
ಜ್ಞಾಪಕಾರ್ಥಕ,ഓർമ്മപ്പെടുത്തൽ
ಜ್ಞಾಪಕ ವಿಳಾಸ,സ്മരണിക വിലാസം
ಜ್ಞಾಪಕಶಾಸ್ತ್ರ,മെമ്മോണിക്സ്
ಮೊಬೈಲ್,മൊബൈൽ
ಮೊಬೈಲ್ ಕಂಪ್ಯೂಟಿಂಗ್,മൊബൈൽ കമ്പ്യൂട്ടിംഗ്
ಮಾದರಿ,മോഡൽ
ಮಾದರಿಯಿಲ್ಲದ ಸಂಪಾದಕ,മാതൃകയില്ലാത്ത എഡിറ്റർ
ಮಾಡೆಲಿಂಗ್,മോഡലിംഗ്
ಮೋಡೆಮ್,മോഡം
ಮಧ್ಯಮ,മിതത്വം
ಮಿತಗೊಳಿಸುವಿಕೆ,മോഡറേഷൻ
ಮಾಡರೇಟರ್,മോഡറേറ്റർ
ಮಾರ್ಪಡಿಸಿದ ಸೂಚನೆ,പരിഷ്കരിച്ച നിർദ്ദേശം
ಪರಿವರ್ತಕ,മോഡിഫയർ
ಮಾರ್ಪಡಿಸುವ ಬಿಟ್,മോഡിഫയർ ബിറ്റ്
ಮಾರ್ಪಡಿಸಿ,പരിഷ്ക്കരിക്കുക
ಮಾಡ್ಯುಲರ್,മോഡുലാർ
ಮಾಡ್ಯುಲಾರಿಟಿ,മോഡുലാരിറ്റി
ಮಾಡ್ಯುಲೇಶನ್,മോഡുലേഷൻ
ಘಟಕ,മൊഡ്യൂൾ
ಮಾಡ್ಯೂಲ್ ಆರ್ಕಿಟೆಕ್ಚರ್,മൊഡ്യൂൾ ആർക്കിടെക്ചർ
ಮಾನಿಟರ್,മോണിറ്റർ
ಮೇಲ್ವಿಚಾರಣೆ ಕಾರ್ಯಕ್ರಮ,നിരീക്ഷണ പരിപാടി
ಮೊನೊಕ್ರೋಮ್ ಪ್ರದರ್ಶನ,മോണോക്രോം ഡിസ്പ്ലേ
ಏಕಶಿಲೆಯ ಇಂಟಿಗ್ರೇಟೆಡ್ ಸರ್ಕ್ಯೂಟ್,മോണോലിത്തിക്ക് ഇന്റഗ്രേറ്റഡ് സർക്യൂട്ട്
ಏಕಶಿಲೆಯ ತಂತ್ರಜ್ಞಾನ,മോണോലിത്തിക്ക് സാങ്കേതികവിദ്യ
ಮಾನೋಸ್ಪೇಸ್ ಫಾಂಟ್,മോണോസ്പേസ് ഫോണ്ട്
ಮೊನೊಸ್ಟೇಬಲ್,മോണോസ്റ്റബിൾ
ಏಕತಾನತೆ,മോണോട്ടോറിസിറ്റി
ಮಾರ್ಫ್,മോർഫ്
ಮಾರ್ಫೀಮ್,മോർഫീം
ಮಾರ್ಫಿಸಮ್,മോർഫിസം
ಅಡಮಾನ,ജാമ്യം
ಮಾಸ್ಫೆಟ್ (MOSFET),മോസ്ഫെറ്റ് (MOSFET)
ಅತ್ಯಂತ ಮಹತ್ವದ ಬಿಟ್,ഏറ്റവും പ്രധാനപ്പെട്ട ബിറ്റ്
ಮದರ್ ಬೋರ್ಡ್,മദർ ബോർഡ്
ತಾಯಿ ನೋಂದಣಿ,അമ്മ രജിസ്റ്റർ
ಚಲನಚಿತ್ರ,ചലച്ചിത്രം
ಚಲನ ಚಿತ್ರ ತಜ್ಞರ ಗುಂಪು (MPEG),മോഷൻ പിക്ചർ വിദഗ്ധ സംഘം (എംപിഇജി)
ಮೌಂಟ್,മൗണ്ട്
ಇಲಿ,മൗസ്
ಸರಿಸಿ,നീക്കുക
ಪಾತ್ರವನ್ನು ಸರಿಸಿ,ചലിക്കുന്ന സ്വഭാവം
MS-DOS,MS-DOS
MS-Windows,MS-Windows
ಬಹು ಅಂಶ,ബഹുമുഖം
ಬಹು ಪ್ರೊಸೆಸರ್,മൾട്ടി പ്രൊസസർ
ಬಹು ಪ್ರೋಗ್ರಾಮಿಂಗ್,മൾട്ടി പ്രോഗ്രാമിംഗ്
ಬಹು ಕಾರ್ಯ,മൾട്ടി ടാസ്കിംഗ്
ಮಲ್ಟಿಬಸ್,മൾട്ടിബസ്
ಮಲ್ಟಿಕಾಸ್ಟ್,മൾട്ടികാസ്റ്റ്
ಮಲ್ಟಿಕಾಸ್ಟ್ ವಿಳಾಸ,മൾട്ടികാസ്റ്റ് വിലാസം
ಮಲ್ಟಿಕಾಸ್ಟಿಂಗ್,മൾട്ടികാസ്റ്റിംഗ്
ಮಲ್ಟಿಚಿಪ್,മൾട്ടിചിപ്പ്
ಮಲ್ಟಿಕ್ಸ್,മൾട്ടിക്സ്
ಬಹುಕಾರ್ಯ ಕಾರ್ಯಾಚರಣೆ,മൾട്ടിജോബ് പ്രവർത്തനം
ಬಹು ಹಂತದ ಸ್ಮರಣೆ,മൾട്ടി ലെവൽ മെമ്മറി
ಮಲ್ಟಿಮೀಡಿಯಾ ತಂತ್ರಜ್ಞಾನ,മൾട്ടിമീഡിയ സാങ്കേതികവിദ്യ
ಮಲ್ಟಿಮೋಡ್,മൾട്ടിമോഡ്
ಬಹು,ഒന്നിലധികം
ಬಹು ನಿಖರತೆ,ഒന്നിലധികം കൃത്യത
ಬಹು ಹಿಂಜರಿತ,ഒന്നിലധികം റിഗ്രഷൻ
ಮಲ್ಟಿಪ್ಲೆಕ್ಸ್,മൾട്ടിപ്ലക്സ്
ಮಲ್ಟಿಪ್ಲೆಕ್ಸ್ ಮೋಡ್,മൾട്ടിപ്ലക്സ് മോഡ്
ಮಲ್ಟಿಪ್ಲೆಕ್ಸರ್,മൾട്ടിപ്ലക്‌സർ
ಮಲ್ಟಿಪ್ಲೆಕ್ಸಿಂಗ್,മൾട്ടിപ്ലെക്സിംഗ്
ಮಲ್ಟಿಪಾಯಿಂಟ್ ನೆಟ್ವರ್ಕ್,മൾട്ടിപോയിന്റ് നെറ്റ്‌വർക്ക്
ಮಲ್ಟಿಪ್ರೊಸೆಸಿಂಗ್,മൾട്ടിപ്രോസസിംഗ്
ಮಲ್ಟಿಪ್ರೊಸೆಸರ್ ಸಿಸ್ಟಮ್,മൾട്ടിപ്രൊസസർ സിസ്റ്റം
ಬಹುಪಯೋಗಿ ಇಂಟರ್ನೆಟ್ ಮೇಲ್ ವಿಸ್ತರಣೆ (MIME),മൾട്ടി പർപ്പസ് ഇന്റർനെറ്റ് മെയിൽ വിപുലീകരണം (MIME)
ಮಲ್ಟಿಶೆಡ್ಯೂಲ್,മൾട്ടിഷെഡ്യൂൾ
ಮಲ್ಟಿಸ್ಟೇಷನ್,മൾട്ടിസ്റ്റേഷൻ
ಮಲ್ಟಿಥ್ರೆಡಿಂಗ್,മൾട്ടിത്രെഡിംഗ്
ಬಹು ಮೌಲ್ಯದ ತರ್ಕ,ബഹുമുഖ യുക്തി
ಬಹುವಿಧದ ವಿಶ್ಲೇಷಣೆ,മൾട്ടിവൈരിയേറ്റ് വിശകലനം
ಮಲ್ಟಿವೈಬ್ರೇಟರ್,മൾട്ടിവൈബ്രേറ്റർ
ಪರಸ್ಪರ ಹೊರಗಿಡುವಿಕೆ,പരസ്പര ഒഴിവാക്കൽ
ಪರಸ್ಪರ ಮಾಹಿತಿ,പരസ്പര വിവരങ്ങൾ
ನಿಷ್ಕಪಟ ಬಳಕೆದಾರ,നിഷ്കളങ്കനായ ഉപയോക്താവ്
ಹೆಸರು ಸರ್ವರ್,നെയിം സെർവർ
NAND ಕಾರ್ಯಾಚರಣೆ,NAND പ്രവർത്തനം
ನ್ಯಾನೋ,നാനോ
ಕಿರಿದಾದ ಬ್ಯಾಂಡ್,ഇടുങ്ങിയ ബാൻഡ്
ರಾಷ್ಟ್ರೀಯ ಮಾಹಿತಿ ಮೂಲಸೌಕರ್ಯ,ദേശീയ ഇൻഫർമേഷൻ ഇൻഫ്രാസ്ട്രക്ചർ
ರಾಷ್ಟ್ರೀಯ ಮಾಹಿತಿ ಗುಣಮಟ್ಟ ಸಂಸ್ಥೆ (NAND NISO),നാഷണൽ ഇൻഫർമേഷൻ സ്റ്റാൻഡേർഡ് ഓർഗനൈസേഷൻ (NAND NISO)
ಸ್ಥಳೀಯ ಕೋಡ್,നേറ്റീവ് കോഡ്
ಸ್ಥಳೀಯ ಕಂಪೈಲರ್,നേറ്റീവ് കംപൈലർ
ಸ್ಥಳೀಯ ಸಾಫ್ಟ್ವೇರ್,നേറ്റീവ് സോഫ്റ്റ്വെയർ
ನೈಸರ್ಗಿಕ ಕಂಪೈಲರ್,സ്വാഭാവിക കമ്പൈലർ
ನೈಸರ್ಗಿಕ ಭಾಷಾ ಸಂಸ್ಕರಣೆ,സ്വാഭാവിക ഭാഷാ സംസ്കരണം
ಸಹಜ ಭಾಷೆಯ ಪ್ರಶ್ನೆ,സ്വാഭാവിക ഭാഷാ ചോദ്യം
ನೈಸರ್ಗಿಕ ಸಂಖ್ಯೆ,സ്വാഭാവിക സംഖ്യ
ನ್ಯಾವಿಗೇಷನ್,നാവിഗേഷൻ
ನ್ಯಾವಿಗೇಟರ್,നാവിഗേറ്റർ
ನಕಾರಾತ್ಮಕ ತರ್ಕ,നെഗറ്റീവ് യുക്തി
ನೆಸ್ಟೆಡ್ ಲೂಪ್,നെസ്റ്റഡ് ലൂപ്പ്
ನೆಸ್ಟೆಡ್ ಮ್ಯಾಕ್ರೋಗಳು,നെസ്റ്റഡ് മാക്രോകൾ
ನಿವ್ವಳ,നെറ്റ്
ನಿವ್ವಳ ವಿಳಾಸ,നെറ്റ് വിലാസം
ನಿವ್ವಳ ನಾಗರಿಕ,നെറ്റ് പൗരൻ
ನೆಟ್‌ಸ್ಕೇಪ್ ನ್ಯಾವಿಗೇಟರ್,നെറ്റ്സ്കേപ്പ് നാവിഗേറ്റർ
ನೆಟ್ವರ್ಕ್ ಪ್ರವೇಶ ನಿಯಂತ್ರಣ,നെറ്റ്വർക്ക് ആക്സസ് നിയന്ത്രണം
ನೆಟ್ವರ್ಕ್ ಆರ್ಕಿಟೆಕ್ಚರ್,നെറ്റ്വർക്ക് ആർക്കിടെക്ചർ
ನೆಟ್ವರ್ಕ್ ಫೈಲ್ ಸಿಸ್ಟಮ್ (NFS),നെറ്റ്‌വർക്ക് ഫയൽ സിസ്റ്റം (NFS)
ನೆಟ್ವರ್ಕ್ ಸಮಗ್ರತೆ,നെറ്റ്‌വർക്ക് സമഗ്രത
ನೆಟ್ವರ್ಕ್ ಇಂಟರ್ಕನೆಕ್ಷನ್,നെറ്റ്‌വർക്ക് ഇന്റർകണക്ഷൻ
ನೆಟ್ವರ್ಕ್ ಪದರ,നെറ്റ്വർക്ക് പാളി
ನೆಟ್ವರ್ಕ್ ನಿರ್ವಹಣೆ,നെറ്റ്വർക്ക് മാനേജ്മെന്റ്
ನೆಟ್ವರ್ಕ್ ಟೋಪೋಲಜಿ,നെറ്റ്‌വർക്ക് ടോപ്പോളജി
ನೆಟ್ವರ್ಕ್ ವರ್ಚುವಲ್ ಟರ್ಮಿನಲ್,നെറ്റ്വർക്ക് വെർച്വൽ ടെർമിനൽ
ತಟಸ್ಥ ರಿಲೇ,ന്യൂട്രൽ റിലേ
ತಟಸ್ಥ ಪ್ರಸರಣ,ന്യൂട്രൽ ട്രാൻസ്മിഷൻ
ಹೊಸ ಸಾಲಿನ ಪಾತ್ರ,പുതിയ വരി പ്രതീകം
ಹೊಸ ಸಿಂಕ್,പുതിയ സമന്വയം
NFS/ನೆಟ್‌ವರ್ಕ್ ಫೈಲ್,NFS/നെറ്റ്‌വർക്ക് ഫയൽ
ಮೆಲ್ಲಗೆ,നുള്ളി
ಒಂಬತ್ತು ಪೂರಕ,ഒമ്പതിന്റെ പൂരകം
ನೋಡ್,നോഡ്
ಶಬ್ದ,ശബ്ദം
ಶಬ್ದ ಮೋಡ್,ശബ്ദ മോഡ്
ಶಬ್ದರಹಿತ ಕೋಡಿಂಗ್,ശബ്ദരഹിതമായ കോഡിംഗ്
ನಿರ್ಣಾಯಕವಲ್ಲದ,നോൺ ഡിറ്റർമിനിസം
ವಿತರಕವಲ್ಲದ,വിതരണം ചെയ്യാത്തത്
ಖಾಲಿ ಅಲ್ಲದ ಸೆಟ್,ശൂന്യമല്ലാത്ത സെറ്റ്
ಅವಿಭಾಜ್ಯ,അപ്രധാനം
ಸಂವಾದಾತ್ಮಕವಲ್ಲದ,നോൺ-ഇന്ററാക്ടീവ്
ಟರ್ಮಿನಲ್ ಅಲ್ಲದ ವ್ಯವಸ್ಥೆ,നോൺ-ടെർമിനൽ സിസ്റ്റം
ಬಾಷ್ಪಶೀಲವಲ್ಲದ ಸ್ಮರಣೆ,അസ്ഥിരമല്ലാത്ത മെമ്മറി
ಬಾಷ್ಪಶೀಲವಲ್ಲದ ರಾಮ್,അസ്ഥിരമല്ലാത്ത ആട്ടുകൊറ്റൻ
ತೂಕವಿಲ್ಲದ ಕೋಡ್,നോൺ-വെയ്റ്റഡ് കോഡ്
NOP ಸೂಚನೆ,NOP നിർദ്ദേശം
ಅಥವಾ,NOR
NOR ಗೇಟ್,NOR ഗേറ്റ്
ಸಾಮಾನ್ಯ,സാധാരണ
ಸಾಮಾನ್ಯೀಕರಣ,നോർമലൈസേഷൻ
ನಾರ್ಮಲೈಸರ್,നോർമലൈസർ
NOR-ಕಾರ್ಯಾಚರಣೆ,NOR-ഓപ്പറേഷൻ
ಅಲ್ಲ,അല്ല
ಸರ್ಕ್ಯೂಟ್ ಅಲ್ಲ,സർക്യൂട്ട് അല്ല
ಸಮಾನತೆಯ ಗೇಟ್ ಅಲ್ಲ,തുല്യതാ ഗേറ്റ് അല്ല
ಕಾರ್ಯಾಚರಣೆ ಅಲ್ಲ,ഓപ്പറേഷൻ അല്ല
ಅಲ್ಲ-ಮತ್ತು,അല്ല-AND
ಅಲ್ಲ ಮತ್ತು ಕಾರ್ಯಾಚರಣೆ,അല്ല-ആൻഡ് ഓപ്പറേഷൻ
ಅಲ್ಲ-ಅಥವಾ,അല്ല-അല്ലെങ്കിൽ
ಅಲ್ಲ-ಅಥವಾ ಕಾರ್ಯಾಚರಣೆ,അല്ല-അല്ലെങ്കിൽ പ്രവർത്തനം
NP ಸಂಪೂರ್ಣತೆ,NP പൂർണ്ണത
NULL ಪಾಯಿಂಟರ್,NULL പോയിന്റർ
ಸಂಖ್ಯಾ ಸಿದ್ಧಾಂತ,സംഖ്യ സിദ്ധാന്തം
ನೈಕ್ವಿಸ್ಟ್ ಮಾನದಂಡಗಳು,നിക്വിസ്റ്റ് മാനദണ്ഡം
ವಸ್ತು,വസ്തു
ವಸ್ತು ಆಧಾರಿತ,ഒബ്ജക്റ്റ് ഓറിയന്റഡ്
ಆಕ್ಟಲ್ ಕೋಡ್,ഒക്ടൽ കോഡ്
ಅಷ್ಟಮ ಸಂಖ್ಯೆ,അഷ്ടസംഖ്യ
ಆಕ್ಟೆಟ್,ഒക്ടെറ്റ്
ಅಕ್ಟೋಬರ್,ഒക്‌ട്രി
ಬೆಸ ಸಮಾನತೆ,വിചിത്രമായ തുല്യത
ಕಚೇರಿ ಯಾಂತ್ರೀಕೃತಗೊಂಡ,ഓഫീസ് ഓട്ടോമേഷൻ
ಕಚೇರಿ ತಂತ್ರಾಂಶ,ഓഫീസ് സോഫ്റ്റ്വെയർ
ಆಫ್-ಲೈನ್,ഓഫ്-ലൈൻ
ಆಫ್-ಲೈನ್ ಪ್ರಕ್ರಿಯೆ,ഓഫ്-ലൈൻ പ്രോസസ്സിംഗ്
ಆಫ್-ಸೆಟ್,ഓഫ്-സെറ്റ്
ಒಮೆಗಾ ಸಂಕೇತ,ഒമേഗ നൊട്ടേഷൻ
ಆನ್-ಲೈನ್ ಸಂವಹನ,ഓൺലൈൻ ആശയവിനിമയം
ಆನ್-ಲೈನ್ ಪ್ರಕ್ರಿಯೆ,ഓൺലൈൻ പ്രോസസ്സിംഗ്
OP ರಿಜಿಸ್ಟರ್,ഒപി രജിസ്റ്റർ
ಮುಕ್ತ ವಿಳಾಸ,തുറന്ന വിലാസം
ಓಪನ್ ಸಿಸ್ಟಮ್ ಇಂಟರ್ಕನೆಕ್ಷನ್,ഓപ്പൺ സിസ്റ്റം ഇന്റർകണക്ഷൻ
ತೆರೆದ ತಂತಿ,തുറന്ന വയർ
ಒಪೆರಾಂಡ್,ഓപ്പറാൻറ്
ಆಪರೇಟಿಂಗ್ ಸಿಸ್ಟಮ್,ഓപ്പറേറ്റിംഗ് സിസ്റ്റം
ಕಾರ್ಯಾಚರಣೆ,ഓപ്പറേഷൻ
ಆಪರೇಟರ್,ഓപ്പറേറ്റർ
ಆಪ್ಟಿಕಲ್ ಅಕ್ಷರ ಗುರುತಿಸುವಿಕೆ,ഒപ്റ്റിക്കൽ പ്രതീക തിരിച്ചറിയൽ
ಆಪ್ಟಿಕಲ್ ಫೈಬರ್,ഒപ്റ്റിക്കൽ ഫൈബർ
ಆಪ್ಟಿಕಲ್ ಫಾಂಟ್,ഒപ്റ്റിക്കൽ ഫോണ്ട്
ಆಪ್ಟಿಕಲ್ ಗುರುತು ಗುರುತಿಸುವಿಕೆ (OMR),ഒപ്റ്റിക്കൽ മാർക്ക് റെക്കഗ്നിഷൻ (OMR)
ಆಪ್ಟಿಕಲ್ ಮೆಮೊರಿ,ഒപ്റ്റിക്കൽ മെമ്മറി
ಆಪ್ಟಿಕಲ್ ರೀಡರ್,ഒപ്റ്റിക്കൽ റീഡർ
ಆಪ್ಟಿಕಲ್ ಸ್ಕ್ಯಾನಿಂಗ್,ഒപ്റ്റിക്കൽ സ്കാനിംഗ്
ಆಪ್ಟಿಮಲ್,ഒപ്റ്റിമൽ
ಆಪ್ಟಿಮೈಸೇಶನ್,ഒപ്റ്റിമൈസേഷൻ
ಆಪ್ಟೊ ಸಂಯೋಜಕ,opto coupler
ಆಪ್ಟೊಎಲೆಕ್ಟ್ರಾನಿಕ್ಸ್,ഒപ്‌റ്റോഇലക്‌ട്രോണിക്‌സ്
ಆಪ್ಟೊಐಸೋಲೇಟರ್,ഒപ്റ്റോസോലേറ്റർ
ಅಥವಾ,അഥവാ
ಅಥವಾ ಗೇಟ್,അല്ലെങ്കിൽ ഗേറ്റ്
ಅಥವಾ ಕಾರ್ಯಾಚರಣೆ,അല്ലെങ്കിൽ പ്രവർത്തനം
ಮೂಲಕ ಆದೇಶ,ഓർഡർ പ്രകാരം
ಆದ್ಯತೆಯ ಕ್ರಮ,മുൻഗണനാക്രമം
ಆದೇಶದ ಜೋಡಿ,ഓർഡർ ചെയ്ത ജോഡി
ಆದೇಶ ಸೆಟ್,ഓർഡർ സെറ്റ്
ಆದೇಶ ಮರ,ഓർഡർ വൃക്ഷം
ಔಟ್ಪುಟ್ ಡೇಟಾ,ഔട്ട്പുട്ട് ഡാറ്റ
ಔಟ್ಪುಟ್ ಸಾಧನ,ഔട്ട്പുട്ട് ഉപകരണം
ಔಟ್ಪುಟ್ ಫೈಲ್,ഔട്ട്പുട്ട് ഫയൽ
ಔಟ್ಪುಟ್ ಮಾಡ್ಯೂಲ್,ഔട്ട്പുട്ട് മൊഡ്യൂൾ
ಔಟ್ಪುಟ್ ಹೇಳಿಕೆ,ഔട്ട്പുട്ട് പ്രസ്താവന
ಔಟ್ಪುಟ್ ಸ್ಟ್ರೀಮ್,ഔട്ട്പുട്ട് സ്ട്രീം
ಔಟ್ಪುಟ್ ಘಟಕ,ഔട്ട്പുട്ട് യൂണിറ്റ്
ಓವರ್ ಫ್ಲೋ,ഓവർ ഫ്ലോ
ಮೇಲೆ ಮಲಗಿದೆ,മേൽ കിടന്നു
ಓವರ್ ಲೋಡ್,അമിതഭാരം
ಮುದ್ರಣದ ಮೇಲೆ,ഓവർ പ്രിന്റിംഗ്
ಓವರ್ ರನ್,ഓവർ റൺ
ಓವರ್ ರನ್ ದೋಷ,ഓവർ റൺ പിശക്
ಓವರ್ಹೆಡ್ ಬಿಟ್,ഓവർഹെഡ് ബിറ്റ്
ಅತಿಕ್ರಮಣ,ഓവർലാപ്പ്
ಓವರ್ಲೇ ಪ್ರೋಗ್ರಾಂ,ഓവർലേ പ്രോഗ്രാം
ಅತಿಕ್ರಮಣ ಅಡಚಣೆ,അസാധുവാക്കൽ തടസ്സം
ತಿದ್ದಿ ಬರೆಯಿರಿ,തിരുത്തിയെഴുതുക
ಸ್ವಂತ ಕೋಡಿಂಗ್,സ്വന്തം കോഡിംഗ്
ಪ್ಯಾಕ್,പാക്ക്
ಪ್ಯಾಕೇಜ್,പാക്കേജ്
ಪ್ಯಾಕೆಟ್,പാക്കറ്റ്
ಪ್ಯಾಕೆಟ್ ಸ್ವಿಚಿಂಗ್,പാക്കറ്റ് സ്വിച്ചിംഗ്
ಪ್ಯಾಕಿಂಗ್ ಅಂಶ,പാക്കിംഗ് ഘടകം
ಪ್ಯಾಡಿಂಗ್,പാഡിംഗ്
ಪುಟ,പേജ്
ಪುಟ ವಿಳಾಸ,പേജ് വിലാസം
ಪುಟ ವಿರಾಮ,പേജ് ബ്രേക്ക്
ಪುಟದ ತಳಹದಿ,പേജ് അടിക്കുറിപ്പ്
ಪುಟದಲ್ಲಿ,പേജിൽ
ಪುಟ ಔಟ್,പേജ് ഔട്ട്
ಪುಟ ಓದುಗ,പേജ് റീഡർ
ಪುಟ ವಿನಿಮಯ,പേജ് സ്വാപ്പ്
ಪುಟದ ನೆನಪು,പേജ് മെമ്മറി
ಪೇಜಿಂಗ್,പേജിംഗ്
ಪಾಮ್ ಟಾಪ್,ഈന്തപ്പനയുടെ മുകൾഭാഗം
ಕಾಗದ ಸಂವೇದಕ,പേപ്പർ സെൻസർ
ಸಮಾನಾಂತರ ಅಲ್ಗಾರಿದಮ್,സമാന്തര അൽഗോരിതം
ಸಮಾನಾಂತರ ಕಂಪ್ಯೂಟರ್,സമാന്തര കമ്പ്യൂട്ടർ
ಸಮಾನಾಂತರ ಇಂಟರ್ಫೇಸ್,സമാന്തര ഇന്റർഫേസ്
ಸಮಾನಾಂತರ ಬಂದರು,സമാന്തര തുറമുഖം
ಸಮಾನಾಂತರ ಸಂಸ್ಕರಣೆ,സമാന്തര പ്രോസസ്സിംഗ്
ಸಮಾನಾಂತರ ಪ್ರೋಗ್ರಾಮಿಂಗ್,സമാന്തര പ്രോഗ്രാമിംഗ്
ಪ್ಯಾರಾಮೀಟರ್,പരാമീറ്റർ
ಪೋಷಕ,രക്ഷിതാവ്
ಸಮಾನತೆ,സമത്വം
ಪಾರ್ಸ್ ಮರ,പാഴ്സ് മരം
ಪಾರ್ಸರ್,പാർസർ
ಪಾರ್ಸಿಂಗ್,പാഴ്സിംഗ്
ವಿಭಜನೆ,വിഭജനം
ವಿಭಜನೆ,വിഭജനം
ಗುಪ್ತಪದ,Password
ಮಾರ್ಗ,പാത
ಮಾದರಿ ಗುರುತಿಸುವಿಕೆ,പാറ്റേൺ തിരിച്ചറിയൽ
PC-ಡಿಸ್ಕ್ ಆಪರೇಟಿಂಗ್ ಸಿಸ್ಟಮ್ (PCDOS),പിസി-ഡിസ്ക് ഓപ്പറേറ്റിംഗ് സിസ്റ്റം (പിസിഡിഒഎസ്)
ಪೀರ್,സമപ്രായക്കാരൻ
ಪೆನ್ ಪ್ಲಾಟರ್,പേന പ്ലോട്ടർ
ಪೆಂಟಿಯಮ್,പെന്റിയം
ಆವರ್ತಕ,ആനുകാലികം
ಪೆರಿಫೆರಲ್ಸ್,പെരിഫറലുകൾ
ಪೆರಿ,പെരി
ಶಾಶ್ವತ ವರ್ಚುವಲ್ ಸರ್ಕ್ಯೂಟ್,സ്ഥിരമായ വെർച്വൽ സർക്യൂട്ട്
ನಿರಂತರ,സ്ഥിരതയുള്ള
ಪರ್ಸನಲ್ ಕಂಪ್ಯೂಟರ್ (PC),പേഴ്സണൽ കമ്പ്യൂട്ടർ (PC)
ಸಿಬ್ಬಂದಿ ಡಿಜಿಟಲ್ ಸಹಾಯಕ (PDA),പേഴ്സണൽ ഡിജിറ്റൽ അസിസ്റ്റന്റ് (PDA)
ಫ್ಯಾಂಟಮ್,ഫാന്റം
ಹಂತ,ഘട്ടം
ಫೋನ್ಮೆ,ഫോൺമെ
ಫೋನೆಟಿಕ್ ಸಿಸ್ಟಮ್,സ്വരസൂചക സംവിധാനം
ಫೋಟೋ ಡಯೋಡ್,ഫോട്ടോ ഡയോഡ്
ಭೌತಿಕ,ശാരീരികം
ಭೌತಿಕ ಇಂಟರ್ಫೇಸ್,ഫിസിക്കൽ ഇന്റർഫേസ്
ಪಿಕೊ,പിക്കോ
ಪೈ ಚಾರ್ಟ್,പൈ ചാർട്ട്
ಪೈ ಗ್ರಾಫ್,പൈ ഗ്രാഫ്
ಪಿಚ್,പിച്ച്
ಪಿಕ್ಸೆಲ್,പിക്സൽ
ಸರಳ ascii (ASCII),പ്ലെയിൻ ആസ്കി (ASCII)
ಸರಳ ಪಠ್ಯ,പ്ലെയിൻ ടെക്സ്റ്റ്
ಯೋಜನೆ,ആസൂത്രണം
ವೇದಿಕೆ,പ്ലാറ്റ്ഫോം
ಪ್ಲಾಟರ್,പ്ലോട്ടർ
ಸಂಚು ತಲೆ,ഗൂഢാലോചന തല
ಪ್ಲಗ್ಬೋರ್ಡ್,പ്ലഗ്ബോർഡ്
ಪಾಯಿಂಟ್,പോയിന്റ്
ಪಾಯಿಂಟ್ ಟು ಪಾಯಿಂಟ್ ಪ್ರೋಟೋಕಾಲ್ (PPP),പോയിന്റ് ടു പോയിന്റ് പ്രോട്ടോക്കോൾ (PPP)
ಪಾಯಿಂಟರ್,പോയിന്റർ
ಧ್ರುವೀಕರಣ,ധ്രുവീകരണം
ಮತದಾನ,പോളിംഗ്
ಬಹುಭುಜಾಕೃತಿಯ ಕ್ಲಿಪಿಂಗ್,ബഹുഭുജ ക്ലിപ്പിംഗ്
ಬಹುರೂಪತೆ,പോളിമോർഫിസം
ಬಹುಪದೋಕ್ತಿ,ബഹുപദം
POP (ಪೋಸ್ಟ್ ಆಫೀಸ್ ಪ್ರೋಟೋಕಾಲ್),POP (പോസ്റ്റ് ഓഫീസ് പ്രോട്ടോക്കോൾ)
ಪಾಪ್-ಅಪ್ ಮೆನು,പോപ്പ്-അപ്പ് മെനു
ಪೋರ್ಟಬಿಲಿಟಿ,പോർട്ടബിലിറ്റി
ಭಾವಚಿತ್ರ,ഛായാചിത്രം
ಪೋಸ್ಟ್ ಆರ್ಡರ್,പോസ്റ്റ് ഓർഡർ
ಪೋಸ್ಟ್ ಸ್ಕ್ರಿಪ್ಟ್,പോസ്റ്റ് സ്ക്രിപ്റ്റ്
ಅಂಚೆಯ ಬಿಟ್,തപാൽ ബിറ്റ്
ಪೋಸ್ಟ್ಫಿಕ್ಸ್,പോസ്റ്റ്ഫിക്സ്
ವಿದ್ಯುಚ್ಛಕ್ತಿಯಿಲ್ಲ,വൈദ്യുതി മുടക്കം
ಪವರ್-ಆಫ್,പവർ-ഓഫ്
ಪವರ್-ಆನ್,പവർ-ഓൺ
ಪವರ್-ಅಪ್,പവർ-അപ്പ്
ಮುನ್ನುಡಿ ಬಿಟ್,ആമുഖം ബിറ്റ്
ಆದ್ಯತೆಯ ಗ್ರಾಫ್,മുൻഗണന ഗ്രാഫ്
ಊಹಿಸಿ,പ്രവചിക്കുക
ಪೂರ್ವಭಾವಿ ವೇಳಾಪಟ್ಟಿ,മുൻകൂർ ഷെഡ്യൂളിംഗ്
ಪೂರ್ವ ಸರಿಪಡಿಸಿ,മുൻകൂട്ടി പരിഹരിക്കുക
ಪೂರ್ವ ಸಂಸ್ಕರಣೆ,പ്രീപ്രോസസിംഗ്
ಪ್ರಕ್ರಿಯೆ,പ്രക്രിയ
ಪ್ರಕ್ರಿಯೆ ಸ್ವಿಚ್,പ്രോസസ്സ് സ്വിച്ച്
ಸಂಸ್ಕರಣೆ,പ്രോസസ്സിംഗ്
ಪ್ರೊಸೆಸರ್,പ്രോസസ്സർ
ಉತ್ಪಾದನೆ,ഉത്പാദനം
ಕಾರ್ಯಕ್ರಮ,പ്രോഗ്രാം
ಕಾರ್ಯಕ್ರಮ ಸಂಕಲನ,പ്രോഗ്രാം സമാഹാരം
ಕಾರ್ಯಕ್ರಮ ನಗದು,പ്രോഗ്രാം പണം
ಪ್ರೋಗ್ರಾಂ ಡೀಬಗ್ ಮಾಡುವಿಕೆ,പ്രോഗ്രാം ഡീബഗ്ഗിംഗ്
ಕಾರ್ಯಕ್ರಮದ ವಿನ್ಯಾಸ,പ്രോഗ്രാം ഡിസൈൻ
ಕಾರ್ಯಕ್ರಮದ ಮೌಲ್ಯಮಾಪನ ಮತ್ತು ವಿಮರ್ಶೆ ತಂತ್ರ (PERT),പ്രോഗ്രാം മൂല്യനിർണ്ണയ &amp; അവലോകന സാങ്കേതികത (PERT)
ಕಾರ್ಯಕ್ರಮ ಸ್ಥಗಿತ,പ്രോഗ്രാം നിർത്തി
ಕಾರ್ಯಕ್ರಮ ಗ್ರಂಥಾಲಯ,പ്രോഗ്രാം ലൈബ്രറി
ಕಾರ್ಯಕ್ರಮದ ಚಾಲನೆ,പ്രോഗ്രാം റൺ
ಪ್ರೋಗ್ರಾಮರ್,പ്രോഗ്രാമർ
ಪ್ರೋಲಾಗ್,പ്രോലോഗ്
PROM,പ്രോം
ಪ್ರಸರಣ,പ്രചരണം
ಪ್ರತಿಪಾದನೆ,നിർദ്ദേശം
ಸಂರಕ್ಷಿತ ಕೀ,സംരക്ഷിത കീ
ರಕ್ಷಣೆ,സംരക്ഷണം
ಶಿಷ್ಟಾಚಾರ,പ്രോട്ടോക്കോൾ
ಪ್ರೋಟೋಕಾಲ್ ಅನುವಾದ,പ്രോട്ടോക്കോൾ വിവർത്തനം
ಹುಸಿ ಕೋಡ್,വ്യാജ കോഡ്
ಸಾರ್ವಜನಿಕ ಡೇಟಾ ನೆಟ್ವರ್ಕ್,പൊതു ഡാറ്റ നെറ്റ്‌വർക്ക്
ಸಾರ್ವಜನಿಕ ಡೊಮೇನ್,പൊതുസഞ്ചയത്തിൽ
ಸಾರ್ವಜನಿಕ ಕೀ ಎನ್ಕ್ರಿಪ್ಟಿಂಗ್,പൊതു കീ എൻക്രിപ്റ്റിംഗ്
ನಾಡಿ,പൾസ്
ಪಲ್ಸ್ ಕೋಡ್ ಮಾಡ್ಯುಲೇಶನ್,പൾസ് കോഡ് മോഡുലേഷൻ
ಪಲ್ಸ್ ಡಿಜಿಟಲ್ ಮಾಡ್ಯುಲೇಶನ್ (PDM),പൾസ് ഡിജിറ്റൽ മോഡുലേഷൻ (PDM)
ನಾಡಿ ರೈಲು,പൾസ് ട്രെയിൻ
ವಿರಾಮಚಿಹ್ನೆ,വിരാമചിഹ്നം
ತಳ್ಳು,തള്ളുക
ಆಟೋಮ್ಯಾಟಾವನ್ನು ಕೆಳಗೆ ತಳ್ಳಿರಿ,ഓട്ടോമാറ്റയെ താഴേക്ക് തള്ളുക
ಪುಷ್ಅಪ್ ಪಟ್ಟಿ,pushup ലിസ്റ്റ്
ಕ್ವಾಡ್ ಸಾಂದ್ರತೆ,ക്വാഡ് സാന്ദ്രത
ಅರ್ಹತೆ,യോഗ്യത
ಕ್ವಾಂಟಿಫೈಯರ್,ക്വാണ്ടിഫയർ
ಪ್ರಮಾಣೀಕರಿಸು,ക്വാണ്ടൈസ് ചെയ്യുക
ಕ್ವಾಂಟೈಸರ್,ക്വാണ്ടൈസർ
ಕ್ವಾಂಟಮ್,ക്വാണ്ടം
ಕ್ವಾಂಟಮ್ ಗಡಿಯಾರ,ക്വാണ്ടം ക്ലോക്ക്
ಕ್ವಾಂಟಮ್ ಕಂಪ್ಯೂಟಿಂಗ್,ക്വാണ്ടം കമ്പ്യൂട്ടിംഗ്
ಉದಾಹರಣೆಯ ಮೂಲಕ ಪ್ರಶ್ನಿಸಿ,ഉദാഹരണത്തിലൂടെ ചോദിക്കുക
ಪ್ರಶ್ನೆ,ചോദ്യം
ಪ್ರಶ್ನೆ ಭಾಷೆ,ചോദ്യ ഭാഷ
ಪ್ರಶ್ನೆ ಪ್ರಕ್ರಿಯೆ,അന്വേഷണ പ്രോസസ്സിംഗ്
ಸರತಿ,ക്യൂ
ಕ್ಯೂ ನಿರ್ವಹಣೆ,ക്യൂ മാനേജ്മെന്റ്
ಕ್ಯೂ ರಿಜಿಸ್ಟರ್,ക്യൂ രജിസ്റ്റർ
ಸರತಿ ಜಾಲ,ക്യൂയിംഗ് നെറ്റ്‌വർക്ക്
ಕ್ಯೂನಿಂಗ್ ಸಿದ್ಧಾಂತ,ക്യൂയിനിംഗ് സിദ്ധാന്തം
ತ್ವರಿತ ಪ್ರವೇಶ ಮೆಮೊರಿ,പെട്ടെന്നുള്ള ആക്സസ് മെമ്മറി
ಕ್ವಾಟಿಯಂಟ್,ക്വട്ടേഷൻ
ರೇಡಿಯೋ ಆವರ್ತನ ಹಸ್ತಕ್ಷೇಪ (RFI),റേഡിയോ ഫ്രീക്വൻസി ഇടപെടൽ (RFI)
ರಾಡಿಕ್ಸ್,റാഡിക്സ്
ಯಾದೃಚ್ಛಿಕ ಪ್ರವೇಶ ಕಂಪ್ಯೂಟರ್ ಉಪಕರಣಗಳು (RACE),റാൻഡം ആക്സസ് കമ്പ്യൂട്ടർ ഉപകരണങ്ങൾ (RACE)
ಯಾದೃಚ್ಛಿಕ ಪ್ರವೇಶ ಮೆಮೊರಿ (RAM),റാൻഡം ആക്സസ് മെമ്മറി (റാം)
ಯಾದೃಚ್ಛಿಕ ಸ್ಕ್ಯಾನ್,ക്രമരഹിതമായ സ്കാൻ
ರಾಸ್ಟರ್,റാസ്റ്റർ
ರಾಸ್ಟರ್ ಸ್ಕ್ಯಾನ್,റാസ്റ്റർ സ്കാൻ
ಮರು ಎಂಜಿನಿಯರಿಂಗ್,വീണ്ടും എഞ്ചിനീയറിംഗ്
ಮರು ಹಿಗ್ಗುವಿಕೆ,വീണ്ടും വലുതാക്കൽ
ತಲುಪುವಿಕೆ,എത്തിച്ചേരാനാകുന്നത്
ಓದು,വായിക്കുക
ತಲೆ ಓದಿದೆ,തല വായിക്കുക
ಓದಲು ಮಾತ್ರ,വായിക്കാൻ മാത്രം
ಓದಲು ಮಾತ್ರ ಸ್ಮರಣೆ,വായന മാത്രം മെമ്മറി
ತಲೆ ಓದಿ ಬರೆಯಿರಿ,തല വായിക്കുക
ಓದುವ/ಬರೆಯುವ ಚಕ್ರ,വായന/എഴുത്ത് ചക്രം
ತಲೆ ಓದಲು/ಬರೆಯಲು,തല വായിക്കുക/എഴുതുക
ಓದು ಬರೆ,വായിക്കുക/എഴുതുക
ಓದುಗ,വായനക്കാരൻ
ಓದುವುದು,വായന
ಓದು-ಹೊರಗೆ,വായിക്കുക
ನಿಜವಾದ,യഥാർത്ഥമായ
ನೈಜ ಸಮಯದ ಸಂಸ್ಕರಣೆ,തത്സമയ പ്രോസസ്സിംഗ്
ರಿಸೀವರ್,റിസീവർ
ಗುರುತಿಸುವಿಕೆ ತರ್ಕ,തിരിച്ചറിയൽ യുക്തി
ಪುನಃ ಕಂಪೈಲ್ ಮಾಡಿ,വീണ്ടും കംപൈൽ ചെയ്യുക
ರೆಕಾರ್ಡ್ ಮಾಡಿ,രേഖപ്പെടുത്തുക
ರೆಕಾರ್ಡಿಂಗ್ ತಲೆ,റെക്കോർഡിംഗ് തല
ಮರುಪಡೆಯಬಹುದಾದ ದೋಷ,വീണ്ടെടുക്കാവുന്ന പിശക്
ಚೇತರಿಕೆ,വീണ്ടെടുക്കൽ
ರಿಕರ್ಸಿಮ್ ಪ್ರಮೇಯ,ആവർത്തന സിദ്ധാന്തം
ಪುನರಾವರ್ತನೆ,ആവർത്തനം
ಪುನರಾವರ್ತಿತ ಕಾರ್ಯ,ആവർത്തന പ്രവർത്തനം
ಕಡಿಮೆ ಸೂಚನಾ ಸೆಟ್ ಕಂಪ್ಯೂಟರ್ (RISC),കുറച്ച ഇൻസ്ട്രക്ഷൻ സെറ്റ് കമ്പ്യൂട്ടർ (RISC)
ಪುನರಾವರ್ತನೆ,ആവർത്തനം
ಸ್ವತಂತ್ರ ಡಿಸ್ಕ್ಗಳ ಅನಗತ್ಯ ಶ್ರೇಣಿ (RAID),സ്വതന്ത്ര ഡിസ്കുകളുടെ അനാവശ്യ ശ്രേണി (RAID)
ಮರು ಪ್ರವೇಶ,വീണ്ടും പ്രവേശനം
ಮರು ಪ್ರವೇಶ ಕೋಡ್,വീണ്ടും പ്രവേശിക്കുന്ന കോഡ്
ಉಲ್ಲೇಖ,റഫറൻസ്
ಉಲ್ಲೇಖದ ಸಮಗ್ರತೆ,റഫറൻഷ്യൽ സമഗ്രത
ಪ್ರತಿಫಲನ,പ്രതിഫലനം
ಪ್ರತಿಫಲನ,പ്രതിഫലനം
ವಕ್ರೀಭವನ,അപവർത്തനം
ರಿಫ್ರೆಶ್ ಮಾಡಿ,പുതുക്കുക
ಪುನರುತ್ಪಾದನೆ,പുനരുജ്ജീവനം
ನೋಂದಣಿ,രജിസ്റ്റർ ചെയ്യുക
ನಿಯಮಿತ ವ್ಯಾಕರಣ,പതിവ് വ്യാകരണം
ಸಂಬಂಧ,ബന്ധം
ಸಂಬಂಧಿತ ಡೇಟಾಬೇಸ್,റിലേഷണൽ ഡാറ്റാബേസ്
ಸಂಬಂಧಿತ ಡೇಟಾಬೇಸ್ ನಿರ್ವಹಣಾ ವ್ಯವಸ್ಥೆ (RDBMS),റിലേഷണൽ ഡാറ്റാബേസ് മാനേജ്മെന്റ് സിസ്റ്റം (RDBMS)
ಸಂಬಂಧಿತ ಮಾದರಿ,റിലേഷണൽ മോഡൽ
ಸಂಬಂಧಿ,ബന്ധു
ಸಂಬಂಧಿತ ವಿಳಾಸ,ബന്ധു വിലാസം
ರಿಲೇ,റിലേ
ವಿಶ್ವಾಸಾರ್ಹತೆಯ ಮಾಡೆಲಿಂಗ್,വിശ്വാസ്യത മോഡലിംഗ്
ವಿಶ್ವಾಸಾರ್ಹ,വിശ്വസനീയം
ಸ್ಥಳಾಂತರಿಸಬಹುದಾದ ಕೋಡ್,മാറ്റിസ്ഥാപിക്കാവുന്ന കോഡ്
ರಿಮೋಟ್,റിമോട്ട്
ರಿಮೋಟ್ ಹೋಸ್ಟ್,റിമോട്ട് ഹോസ്റ്റ്
ದೂರಸ್ಥ ಉದ್ಯೋಗ ಪ್ರವೇಶ,വിദൂര ജോലി പ്രവേശനം
ರಿಮೋಟ್ ಲಾಗ್-ಇನ್,വിദൂര ലോഗിൻ
ರಿಮೋಟ್ ಪ್ರೊಸೀಜರ್ ಕರೆ (RPC),വിദൂര നടപടിക്രമ കോൾ (RPC)
ದೂರ ಸಂವೇದಿ,വിദൂര സംവേദനം
ಮರುಹೆಸರಿಸು,പേരുമാറ്റുക
ರೆಂಡರಿಂಗ್,റെൻഡറിംഗ്
ಪುನರಾವರ್ತಕ,റിപ്പീറ്റർ
ಉತ್ತರಿಸು,മറുപടി
ವಿನಂತಿ,അഭ്യർത്ഥിക്കുക
ಕಾಮೆಂಟ್‌ಗಳಿಗಾಗಿ ವಿನಂತಿ (RFC),അഭിപ്രായങ്ങൾക്കായുള്ള അഭ്യർത്ഥന (RFC)
ವಿನಂತಿ / ಪ್ರತ್ಯುತ್ತರ ಪ್ರೋಟೋಕಾಲ್,അഭ്യർത്ഥന/മറുപടി പ്രോട്ടോക്കോൾ
ಮರುಚಾಲನೆ ಕಾರ್ಯಕ್ರಮ,പ്രോഗ്രാം വീണ്ടും പ്രവർത്തിപ്പിക്കുക
ಸಂಶೋಧನೆ,ഗവേഷണം
ಮರುಹೊಂದಿಸುವ ಚಕ್ರ,റീസെറ്റ് സൈക്കിൾ
ನಿವಾಸಿ,താമസക്കാരൻ
ರೆಸಲ್ಯೂಶನ್,റെസലൂഷൻ
ಸಂಪನ್ಮೂಲಗಳು,വിഭവങ്ങൾ
ಪ್ರತಿಕ್ರಿಯೆ ಸಮಯ,പ്രതികരണ സമയം
ಪುನರಾರಂಭದ,പുനരാരംഭിക്കുക
ಮರುಸ್ಥಾಪಿಸಿ,പുനഃസ്ഥാപിക്കുക
ಹಿಂಪಡೆಯಿರಿ,തിരിച്ചെടുക്കുക
ಮರುಪ್ರಸಾರ,പുനഃസംപ്രേക്ഷണം
ಹಿಂಪಡೆಯಲು,വീണ്ടെടുക്കുക
ಮರುಪ್ರಯತ್ನಿಸಿ,വീണ്ടും ശ്രമിക്കുക
ಹಿಂತಿರುಗಿ,മടങ്ങുക
ರಿಟರ್ನ್ ಕೋಡ್,റിട്ടേൺ കോഡ്
ರಿಟರ್ನ್ ಕೀ,റിട്ടേൺ കീ
ಮರುಬಳಕೆ ಮಾಡಬಹುದಾದ ಕೋಡ್,വീണ്ടും ഉപയോഗിക്കാവുന്ന കോഡ്
ಪುನಃ ಬರೆಯಬಹುದಾದ,മാറ്റിയെഴുതാവുന്നത്
RGB ಮಾನಿಟರ್,RGB മോണിറ്റർ
ರಿಬ್ಬನ್,റിബൺ
ಸರಿಯಾದ ಸಮಸ್ಯೆ,ശരിയായ പ്രശ്നം
ರೋಬೋಟ್,റോബോട്ട്
ರೊಬೊಟಿಕ್ಸ್,റോബോട്ടിക്സ്
ದೃಢವಾದ,കരുത്തുറ്റത്
ಪಾತ್ರ,പങ്ക്
ಹಿಂತಿರುಗಿ,തിരികെ ഉരുട്ടുക
ರೋಲ್ ಇನ್,റോൾ ഇൻ ചെയ്യുക
ರೋಲ್ ಔಟ್,റോൾ ഔട്ട്
ರಾಮ್,ROM
ಬೇರು,റൂട്ട്
ಮೂಲ ಡೈರೆಕ್ಟರಿ,റൂട്ട് ഡയറക്ടറി
ದೋಷದ ಸುತ್ತಿನ,പിശകിന്റെ റൗണ്ട്
ರೂಟರ್,റൂട്ടർ
ರೂಟಿಂಗ್,റൂട്ടിംഗ്
RS232C ಇಂಟರ್ಫೇಸ್,RS232C ഇന്റർഫേസ്
RSA ಗೂಢಲಿಪೀಕರಣ,RSA എൻക്രിപ്ഷൻ
ಆರ್.ಟಿ.ಸಿ,ആർ.ടി.സി
ರನ್ ಉದ್ದದ ಎನ್ಕೋಡಿಂಗ್,റൺ ദൈർഘ്യം എൻകോഡിംഗ്
ರನ್ ಸಮಯ,റൺ സമയം
ರನ್ ಸಮಯದ ದೋಷ,റൺ ടൈം പിശക്
ಮಾದರಿ,സാമ്പിൾ
ಮಾದರಿ,സാമ്പിളിംഗ്
ಉಪಗ್ರಹ,ഉപഗ്രഹം
ಸ್ಯಾಚುರೇಟಿಂಗ್,പൂരിതമാക്കുന്നു
ಉಳಿಸಿ,രക്ഷിക്കും
ಸ್ಕೇಲೆಬಿಲಿಟಿ,സ്കേലബിളിറ്റി
ಸ್ಕೇಲಾರ್,സ്കെയിലർ
ಸ್ಕ್ಯಾನಿಂಗ್,സ്കാൻ ചെയ്യുന്നു
ಸನ್ನಿವೇಶ,രംഗം
ಶೆಡ್ಯೂಲರ್,ഷെഡ്യൂളർ
ಸ್ಕ್ರೀನ್ ಇಮೇಜ್ ಪ್ರೊಜೆಕ್ಟರ್,സ്ക്രീൻ ഇമേജ് പ്രൊജക്ടർ
ಸ್ಕ್ರಿಪ್ಟ್,സ്ക്രിപ്റ്റ്
ಸ್ಕ್ರಿಪ್ಟಿಂಗ್ ಭಾಷೆ,സ്ക്രിപ്റ്റിംഗ് ഭാഷ
ಸ್ಕ್ರೋಲಿಂಗ್,സ്ക്രോളിംഗ്
SDLC (ಸಿಕ್ರೊನಸ್ ಡೇಟಾ ಲಿಂಕ್ ನಿಯಂತ್ರಣ),SDLC (സിക്രണസ് ഡാറ്റ ലിങ്ക് നിയന്ത്രണം)
ಹುಡುಕಿ Kannada,തിരയുക
ಹುಡುಕಾಟ ಎಂಜಿನ್,തിരയല് യന്ത്രം
ಹುಡುಕಾಟ ಮರ,തിരയൽ വൃക്ഷം
ಹುಡುಕಲಾಗುತ್ತಿದೆ,തിരയുന്നു
ದ್ವಿತೀಯ,സെക്കൻഡറി
ವಲಯ,മേഖല
ಭದ್ರತಾ ನೀತಿ,സുരക്ഷാ നയം
ಸಮಯ ಹುಡುಕುವುದು,സമയം തേടുക
ವಿಭಾಗ,സെഗ്മെന്റ്
ವಿಭಜನೆ,വിഭജനം
ಆಯ್ಕೆಯ ರೀತಿಯ,തിരഞ്ഞെടുക്കൽ തരം
ಸ್ವಯಂ ಒಳಗೊಂಡಿರುವ,സ്വയം ഉൾക്കൊള്ളുന്നു
ಶಬ್ದಾರ್ಥಶಾಸ್ತ್ರ,അർത്ഥശാസ്ത്രം
ಸೆಮಾಫೋರ್,സെമാഫോർ
ಸೆಮಿಕಂಡಕ್ಟರ್,അർദ്ധചാലകം
ಶಬ್ದಾರ್ಥದ ವೆಬ್,സെമന്റിക് വെബ്
ಅನುಕ್ರಮ ಪ್ರವೇಶ ವಿಧಾನ,തുടർച്ചയായ ആക്സസ് രീതി
ಧಾರಾವಾಹಿ,സീരിയൽ
ಧಾರಾವಾಹಿ,സീരിയലൈസർ
ಸರ್ವರ್,സെർവർ
ಸರ್ವರ್ ಕ್ರ್ಯಾಶ್,സെർവർ ക്രാഷ്
ಸರ್ವರ್ ಪರವಾನಗಿ,സെർവർ ലൈസൻസ്
ಸರ್ವೋ ಗುಣಕ,സെർവോ മൾട്ടിപ്ലയർ
ಹೊಂದಿಸಿ,സജ്ജമാക്കുക
ಸೆಟ್ ಪಾಯಿಂಟ್,സെറ്റ് പോയിന്റ്
ಸ್ಥಾಪಿಸಿದರು,സജ്ജമാക്കുക
ನೆರಳು,തണല്
ಛಾಯೆ,ഷേഡിംഗ്
ನೆರಳು,നിഴൽ
ಫೈಲ್ ಹಂಚಿಕೊಳ್ಳಿ,ഫയൽ പങ്കിടുക
ಹಂಚಿಕೆಯ ಪ್ರವೇಶ,പങ്കിട്ട ആക്സസ്
ಹಂಚಿಕೆ,പങ്കിടുന്നു
ಶೆಲ್,ഷെൽ
ಶಿಫ್ಟ್ ಪಾತ್ರ,ഷിഫ്റ്റ് സ്വഭാവം
ಶಾರ್ಟ್ ಸರ್ಕ್ಯೂಟ್,ഷോർട്ട് സർക്യൂട്ട്
ಸಣ್ಣ ಸೂಚನೆ,ഹ്രസ്വ നിർദ്ദേശം
ಒಡಹುಟ್ಟಿದವರು,സഹോദരൻ
ಅಡ್ಡ ಪರಿಣಾಮ,പാർശ്വഫലങ്ങൾ
ಸೈನ್ ಬಿಟ್,സൈൻ ബിറ്റ്
ಸಿಗ್ನಲ್,സിഗ്നൽ
ಸಿಗ್ನಲ್ ಸಂಸ್ಕರಣೆ,സിഗ്നൽ പ്രോസസ്സിംഗ്
ಸಿಗ್ನಲಿಂಗ್,സിഗ്നലിംഗ്
ಸಿಗ್ನಲ್-ಟು-ಶಬ್ದ ಅನುಪಾತ,സിഗ്നൽ-ടു-നോയിസ് അനുപാതം
ಸಹಿ,കയ്യൊപ്പ്
ಸಹಿ ಪರೀಕ್ಷೆ,ഒപ്പ് പരിശോധന
ಗಮನಾರ್ಹ ಅಂಕಿ,ഗണ്യമായ അക്കം
ಸಿಲಿಕಾನ್ ಚಿಪ್,സിലിക്കൺ ചിപ്പ്
ಸರಳ ಮೇಲ್ ವರ್ಗಾವಣೆ ಪ್ರೋಟೋಕಾಲ್ (SMTP),ലളിതമായ മെയിൽ ട്രാൻസ്ഫർ പ്രോട്ടോക്കോൾ (SMTP)
ಸಿಂಪ್ಲೆಕ್ಸ್,സിംപ്ലക്സ്
ಸಿಂಪ್ಲೆಕ್ಸ್ ನೋಡ್,സിംപ്ലക്സ് നോഡ്
ಸಿಮ್ಯುಲೇಶನ್,സിമുലേഷൻ
ಸಿಮ್ಯುಲೇಟರ್,സിമുലേറ്റർ
ಏಕಕಾಲಿಕ,ഒരേസമയം
ಏಕಕಾಲಿಕ ಸಂಸ್ಕರಣೆ,ഒരേസമയം പ്രോസസ്സിംഗ്
ಸಿಂಗಲ್ಟನ್,സിംഗിൾടൺ
ಸೈಟ್ ಪರವಾನಗಿ,സൈറ്റ് ലൈസൻസ്
ಗಾತ್ರ,വലിപ്പം
ಗಾತ್ರ,വലിപ്പം
ಸ್ಕೆಚಿಂಗ್,സ്കെച്ചിംഗ്
ಬಿಟ್ಟುಬಿಡಿ,ഒഴിവാക്കുക
ಸ್ಕಿಪ್ಪಿಂಗ್,ഒഴിവാക്കുന്നു
ಸ್ಲ್ಯಾಷ್,സ്ലാഷ്
ಗುಲಾಮ ಕಂಪ್ಯೂಟರ್,അടിമ കമ്പ്യൂട്ടർ
ಸ್ಲೈಡಿಂಗ್ ವಿಂಡೋ ಪ್ರೋಟೋಕಾಲ್,സ്ലൈഡിംഗ് വിൻഡോ പ്രോട്ടോക്കോൾ
ಸ್ಲಿಪ್,തെന്നുക
ಸ್ಲಾಟ್,സ്ലോട്ട്
ಸಣ್ಣ ಕಂಪ್ಯೂಟರ್ ಸಿಸ್ಟಮ್ ಇಂಟರ್ಫೇಸ್ (SCSI),ചെറിയ കമ്പ്യൂട്ടർ സിസ്റ്റം ഇന്റർഫേസ് (SCSI)
ಸ್ಮಾರ್ಟ್ ಕಾರ್ಡ್,സ്മാർട്ട് കാർഡ്
ನಿಧಾನ ಅಂಚೆ,സ്നൈൽ മെയിൽ
ಸ್ನ್ಯಾಪ್‌ಶಾಟ್,സ്നാപ്പ്ഷോട്ട്
ಸಾಫ್ಟ್ ಕಂಪ್ಯೂಟಿಂಗ್,സോഫ്റ്റ് കമ്പ്യൂട്ടിംഗ്
ವಿದ್ಯುನ್ಮಾನ ಪ್ರತಿ,സോഫ്റ്റ് കോപ്പി
ಮೃದುವಾದ ಫಾಂಟ್,മൃദുവായ ഫോണ്ട്
ಸಾಫ್ಟ್ವೇರ್,സോഫ്റ്റ്വെയർ
ಸಾಫ್ಟ್ವೇರ್ ಎಂಜಿನಿಯರಿಂಗ್,സോഫ്റ്റ്വെയർ എഞ്ചിനീയറിംഗ്
ಸಾಫ್ಟ್ವೇರ್ ಪರವಾನಗಿ,സോഫ്റ്റ്വെയർ ലൈസൻസ്
ಸಾಫ್ಟ್ವೇರ್ ಪೈರಸಿ,സോഫ്റ്റ്‌വെയർ പൈറസി
ಸ್ಪೆಕ್ಟ್ರಮ್,സ്പെക്ട്രം
ಸುರುಳಿಯಾಕಾರದ,സർപ്പിളം
ಸ್ಪ್ರೆಡ್ಶೀಟ್,വിരിച്ച ഷീറ്റ്
ಪ್ರಮಾಣಿತ,സ്റ്റാൻഡേർഡ്
ಪ್ರಮಾಣಿತ ಸಾಮಾನ್ಯೀಕರಿಸಿದ ಮಾರ್ಕ್ಅಪ್ ಭಾಷೆ (SGML),സ്റ്റാൻഡേർഡ് സാമാന്യവൽക്കരിച്ച മാർക്ക്അപ്പ് ഭാഷ (SGML)
ಪ್ರಮಾಣೀಕರಣ,സ്റ്റാൻഡേർഡൈസേഷൻ
ಸ್ಟ್ಯಾಂಡ್ಬೈ ಸಮಯ,സ്റ്റാൻഡ്ബൈ സമയം
ಸ್ಟಾರ್ LAN,നക്ഷത്രം LAN
ನಕ್ಷತ್ರ ಸ್ಥಳಶಾಸ್ತ್ರ,നക്ഷത്ര ടോപ്പോളജി
ಪ್ರಾರಂಭಿಸಿ ಬಿಟ್,ബിറ്റ് ആരംഭിക്കുക
ಹಸಿವು,പട്ടിണി
ಸ್ಥಿರ ಸ್ಮರಣೆ&#39;,സ്റ്റാറ്റിക് മെമ്മറി&#39;
ಸ್ಥಿತಿ ಚಾನಲ್,സ്റ്റാറ്റസ് ചാനൽ
ಹಂತದ ಗಾತ್ರ,ഘട്ടം വലിപ്പം
ನಿಲ್ಲಿಸಿ ಮತ್ತು ಕಾಯಿರಿ ಪ್ರೋಟೋಕಾಲ್,"നിർത്തുക, കാത്തിരിക്കുക പ്രോട്ടോക്കോൾ"
ಸ್ಟಾಪ್ ಕೋಡ್,സ്റ്റോപ്പ് കോഡ്
ಸ್ಟಾಪ್ ಕೀ,സ്റ്റോപ്പ് കീ
ಶೇಖರಣಾ ಸಾಮರ್ಥ್ಯ,സ്‌റ്റോറബിലിറ്റി
ಸಂಗ್ರಹಿಸಲಾದ ಪ್ರೋಗ್ರಾಂ,സംഭരിച്ച പ്രോഗ്രാം
ಸ್ಟ್ರಿಂಗ್ ಡೇಟಾ,സ്ട്രിംഗ് ഡാറ്റ
ರಚನಾತ್ಮಕ ಕೋಡಿಂಗ್,ഘടനാപരമായ കോഡിംഗ്
ರಚನಾತ್ಮಕ ಪ್ರಶ್ನೆ ಭಾಷೆ (SQL),ഘടനാപരമായ അന്വേഷണ ഭാഷ (SQL)
ಶೈಲಿ ಹಾಳೆ,സ്റ്റൈൽ ഷീറ്റ്
ಉಪ ಡೈರೆಕ್ಟರಿ,ഉപ ഡയറക്ടറി
ಸಬ್ನೆಟ್,സബ്നെറ്റ്
ಉಪವೃಕ್ಷ,ഉപവൃക്ഷം
ಸಾರಾಂಶ,സംഗ്രഹം
ಸೂಪರ್ ಕಂಪ್ಯೂಟರ್,സൂപ്പർ കമ്പ്യൂട്ടർ
ಸೂಪರ್ ಕಂಪ್ಯೂಟಿಂಗ್,സൂപ്പർ കമ്പ്യൂട്ടിംഗ്
ಸೂಪರ್ ಕೀ,സൂപ്പർ കീ
ಸೂಪರ್ ಬಳಕೆದಾರ,സൂപ്പർ ഉപയോക്താവ്
ಮೇಲ್ವಿಚಾರಣೆಯ ಕಲಿಕೆ,മേൽനോട്ടത്തിലുള്ള പഠനം
ಬೆಂಬಲ ಚಿಪ್,പിന്തുണ ചിപ്പ്
ಸರ್ಫ್,സർഫ്
ಸರ್ಫಿಂಗ್,സർഫിംഗ്
ಸ್ವ್ಯಾಪ್ ಮಾಡಿ,സ്വാപ്പ്
ವಿನಿಮಯ ಮಾಡಿಕೊಳ್ಳಿ,സ്വാപ്പ് ഇൻ
ವಿನಿಮಯ ಮಾಡಿಕೊಳ್ಳಿ,സ്വാപ്പ് ഔട്ട്
ವಿನಿಮಯ,സ്വാപ്പിംഗ്
ಬದಲಾಯಿಸಿದ ನೆಟ್ವರ್ಕ್,നെറ്റ്‌വർക്ക് മാറ്റി
ಸ್ವಿಚಿಂಗ್,സ്വിച്ചിംഗ്
ಸ್ವಿಚಿಂಗ್ ಸಿದ್ಧಾಂತ,സ്വിച്ചിംഗ് സിദ്ധാന്തം
ಸಾಂಕೇತಿಕ ಪ್ರೋಗ್ರಾಮಿಂಗ್,പ്രതീകാത്മക പ്രോഗ്രാമിംഗ്
ಸಿಂಕ್ರೊನೈಸೇಶನ್,സമന്വയം
ಸಿಂಕ್ರೊನೈಸರ್,സിൻക്രൊണൈസർ
ಸಿಂಕ್ರೊನಸ್,സിൻക്രണസ്
ಸಿಂಕ್ರೊನಸ್ ಡಿಜಿಟಲ್ ಶ್ರೇಣಿ ವ್ಯವಸ್ಥೆ (SDH),സിൻക്രണസ് ഡിജിറ്റൽ ശ്രേണി (SDH)
ಸಿಂಟ್ಯಾಕ್ಸ್ ವಿಶ್ಲೇಷಣೆ,വാക്യഘടന വിശകലനം
ಸಿಸ್ಟಮ್ ವಿಶ್ಲೇಷಣೆ,സിസ്റ്റം വിശകലനം
ಸಿಸ್ಟಮ್ ಎಂಜಿನಿಯರಿಂಗ್,സിസ്റ്റം എഞ്ചിനീയറിംഗ്
ಸಿಸ್ಟಮ್ ಹ್ಯಾಕರ್,സിസ്റ്റം ഹാക്കർ
ಸಿಸ್ಟಮ್ ಇಂಟಿಗ್ರೇಟರ್,സിസ്റ്റം ഇന്റഗ്രേറ്റർ
ಸಿಸ್ಟಮ್ ಲಾಗ್,സിസ്റ്റം ലോഗ്
ಸಿಸ್ಟಮ್ ಮಾಸ್ಕ್,സിസ്റ്റം മാസ്ക്
ಸಿಸ್ಟಮ್ ನೆಟ್ವರ್ಕ್ ಆರ್ಕಿಟೆಕ್ಚರ್ (SNA),സിസ്റ്റം നെറ്റ്‌വർക്ക് ആർക്കിടെക്ചർ (എസ്എൻഎ)
ಸಿಸ್ಟಮ್ ಪ್ರೋಗ್ರಾಮರ್,സിസ്റ്റം പ്രോഗ്രാമർ
ಸಿಸ್ಟಮ್ ಮರುಪ್ರಾರಂಭಿಸಿ,സിസ്റ്റം പുനരാരംഭിക്കുക
ಸಿಸ್ಟಮ್ ಸ್ಥಗಿತಗೊಳಿಸುವಿಕೆ,സിസ്റ്റം ഷട്ട്ഡൗൺ
ಸಿಸ್ಟಮ್ ಪರೀಕ್ಷೆ,സിസ്റ്റം ടെസ്റ്റിംഗ്
ಸಿಸ್ಟಮ್ ಉಪಯುಕ್ತತೆ,സിസ്റ്റം യൂട്ടിലിറ്റി
ವ್ಯವಸ್ಥಿತ ಕೋಡ್,വ്യവസ്ഥാപിത കോഡ്
ಟ್ಯಾಬ್ ಆಜ್ಞೆ,ടാബ് കമാൻഡ്
ಟೇಬಲ್,മേശ
ಟೇಬಲ್ ಮೇಲಕ್ಕೆ ನೋಡಿ,മേശ മുകളിലേക്ക് നോക്കുക
ಟೇಬಲ್ ಸ್ಪೇಸ್,മേശ സ്ഥലം
ಟ್ಯಾಬ್ಲೆಟ್,ടാബ്ലെറ്റ്
ಕೋಷ್ಟಕ ರಚನೆ,പട്ടിക അറേ
ಕೋಷ್ಟಕ ಕಾರ್ಯ,ടാബുലേഷൻ പ്രവർത്തനം
ಟ್ಯಾಗ್ ಮಾಡಲಾದ ವಾಸ್ತುಶಿಲ್ಪ,ടാഗ് ചെയ്ത വാസ്തുവിദ്യ
ಟ್ಯಾಗ್ ಮಾಡಲಾದ ಇಮೇಜ್ ಫೈಲ್ ಫಾರ್ಮ್ಯಾಟ್ (TIFF),ടാഗ് ചെയ്ത ഇമേജ് ഫയൽ ഫോർമാറ്റ് (TIFF)
ಟಂಡಮ್ ವ್ಯವಸ್ಥೆ,ടാൻഡം സിസ്റ്റം
ಟೇಪ್ ಸಾಂದ್ರತೆ,ടേപ്പ് സാന്ദ്രത
ಟೇಪ್ ಮುಖವಾಡ,ടേപ്പ് മാസ്ക്
ಟಾರ್ ಫೈಲ್,ടാർ ഫയൽ
ಕಾರ್ಯ,ടാസ്ക്
ಟಾಸ್ಕ್ ಬಾರ್,ടാസ്ക് ബാർ
ಕಾರ್ಯ ವೇಳಾಪಟ್ಟಿ,ടാസ്ക് ഷെഡ്യൂളർ
TCP/IP (ಪ್ರಸರಣ ನಿಯಂತ್ರಣ ಪ್ರೋಟೋಕಾಲ್/ಇಂಟರ್ನೆಟ್ ಪ್ರೋಟೋಕಾಲ್),TCP/IP (ട്രാൻസ്മിഷൻ കൺട്രോൾ പ്രോട്ടോക്കോൾ/ഇന്റർനെറ്റ് പ്രോട്ടോക്കോൾ)
ಹರಿದು ಹಾಕುವ ಕಾರ್ಯಾಚರಣೆ,കീറിമുറിക്കൽ പ്രവർത്തനം
ಟೆಲಿಕಾಂ,ടെലികോം
ದೂರಸಂಪರ್ಕ,ടെലികമ്മ്യൂണിക്കേഷൻ
ಟೆಲಿಕಾನ್ಫರೆನ್ಸ್,ടെലികോൺഫറൻസ്
ಟೆಲಿಕಾನ್ಫರೆನ್ಸಿಂಗ್,ടെലികോൺഫറൻസിങ്
ಟೆಲಿಗ್ರಾಫಿ,ടെലിഗ്രാഫി
ಟೆಲಿಮೆಟ್ರಿ,ടെലിമെട്രി
ದೂರವಾಣಿ,ടെലിഫോണ്
ಟೆಲಿಫೋನಿ,ടെലിഫോണി
ಟೆಲಿಪ್ರಿಂಟರ್,ടെലിപ്രിന്റർ
ಟೆಲಿಪ್ರೊಸೆಸಿಂಗ್,ടെലിപ്രോസസിംഗ്
ದೂರದರ್ಶನ,ടെലിവിഷൻ
ಟೆಲೆಕ್ಸ್,ടെലക്സ്
ಟೆಲ್ನೆಟ್,ടെൽനെറ്റ്
ತಾಪಮಾನ,താപനില
ಟೆಂಪ್ಲೇಟ್,ടെംപ്ലേറ്റ്
ಹತ್ತರ ಪೂರಕ,പത്തിന്റെ പൂരകം
ಟೆರಾ ಬೈಟ್,ടെറാ ബൈറ്റ്
ಟೆರಾ ಫ್ಲಾಪ್ಸ್,തേരാ ഫ്ലോപ്പുകൾ
ಟರ್ಮಿನಲ್ ಕರ್ಸರ್,ടെർമിനൽ കഴ്സർ
ಟರ್ಮಿನಲ್ ನೋಡ್,ടെർമിനൽ നോഡ്
ಟರ್ಮಿನಲ್ ವಿಂಡೋ,ടെർമിനൽ വിൻഡോ
ಮುಕ್ತಾಯ,അവസാനിപ്പിക്കൽ
ತ್ರಯಾತ್ಮಕ,ത്രിതീയ
ತ್ರಯಾತ್ಮಕ ಕಾರ್ಯಾಚರಣೆ,ത്രിതല പ്രവർത്തനം
ಪರೀಕ್ಷೆ,ടെസ്റ്റ്
ಪರೀಕ್ಷಾ ವ್ಯಾಪ್ತಿ,ടെസ്റ്റ് കവറേജ്
ಪರೀಕ್ಷಾ ಓಟ,പരീക്ഷണ ഓട്ടം
ಪರೀಕ್ಷಾ ಡೇಟಾ,ടെസ്റ്റ്-ഡാറ്റ
ಪಠ್ಯ,വാചകം
ಪಠ್ಯ ಪೆಟ್ಟಿಗೆ,ടെക്സ്റ്റ് ബോക്സ്
ಪಠ್ಯ ಕರ್ಸರ್,ടെക്സ്റ്റ് കഴ്സർ
ಪಠ್ಯ ಸಂಪಾದಕ,ടെക്സ്റ്റ് എഡിറ്റർ
ಪಠ್ಯ ಫೈಲ್,ടെക്സ്റ്റ് ഫയൽ
ಪಠ್ಯ ಮೋಡ್,ടെക്സ്റ്റ് മോഡ്
ಪಠ್ಯ ಪ್ರಕ್ರಿಯೆ,ടെക്സ്റ്റ് പ്രോസസ്സിംഗ്
ಪಠ್ಯದಿಂದ ಭಾಷಣಕ್ಕೆ (TTS),ടെക്സ്റ്റ് ടു സ്പീച്ച് (TTS)
ವಿನ್ಯಾಸ ಮ್ಯಾಪಿಂಗ್,ടെക്സ്ചർ മാപ്പിംഗ്
ಟಿ-ಫ್ಲಿಪ್-ಫ್ಲಾಪ್,ടി-ഫ്ലിപ്പ്-ഫ്ലോപ്പ്
ಉಷ್ಣ ಮುದ್ರಕ,തെർമൽ പ്രിന്റർ
ತೆಳುವಾದ ಫಿಲ್ಮ್ ಮೆಮೊರಿ,നേർത്ത ഫിലിം മെമ്മറി
ತೆಳುವಾದ ಫಿಲ್ಮ್ ಟ್ರಾನ್ಸಿಸ್ಟರ್,നേർത്ത ഫിലിം ട്രാൻസിസ്റ്റർ
ಥಳಿಸುವುದು,മർദിക്കുന്നു
ಎಳೆ,ത്രെഡ്
ಥ್ರೆಡಿಂಗ್,ത്രെഡിംഗ്
ಮೂರು ಹಂತದ ಜಾಲ,ത്രിതല ശൃംഖല
ಥ್ರೋಪುಟ್,ത്രൂപുട്ട്
ಸಮಯದ ಸಂಕೀರ್ಣತೆ,സമയ സങ്കീർണ്ണത
ಸಮಯ ವಿಭಾಗ ಮಲ್ಟಿಪ್ಲೆಕ್ಸಿಂಗ್ (TDM),ടൈം ഡിവിഷൻ മൾട്ടിപ്ലക്‌സിംഗ് (ടിഡിഎം)
ಕಾಲಮಿತಿಯೊಳಗೆ,ടൈം ഫ്രെയിം
ಕಾಲಮಿತಿಯೊಳಗೆ,ടൈം ഫ്രെയിം
ಸಮಯ ಯಂತ್ರ,സമയ യന്ത്രം
ಸಮಯ ಮೀರಿದೆ,ടൈം ഔട്ട്
ಸಮಯದ ಪ್ರಮಾಣೀಕರಣ,സമയ അളവ്
ಸಮಯ ಸರಣಿ,സമയ പരമ്പര
ಸಮಯ ಹಂಚಿಕೆ,സമയം പങ്കിടൽ
ಸಮಯ ಹಂಚಿಕೆ ವ್ಯವಸ್ಥೆ,സമയം പങ്കിടൽ സംവിധാനം
ಸಮಯದ ಮುದ್ರೆ,സമയ സ്റ്റാമ്പ്
ಸಮಯ ರೇಖಾಚಿತ್ರ,സമയ ഡയഗ്രം
ಟಿಂಟ್,ടിന്റ്
ಟಾಗಲ್ ಮಾಡಿ,ടോഗിൾ ചെയ്യുക
ಟಾಗಲ್ ವೇಗ,ടോഗിൾ വേഗത
ಟೋಕನ್,ടോക്കൺ
ಟೋಕನ್ ಬಸ್,ടോക്കൺ ബസ്
ಟೋಕನ್ ಬಸ್,ടോക്കൺ ബസ്
ಟೋಕನ್ ಬಸ್ ನೆಟ್ವರ್ಕ್,ടോക്കൺ ബസ് ശൃംഖല
ಟೋಕನ್ ರಿಂಗ್,ടോക്കൺ റിംഗ്
ಟೋಕನ್ ಚರ್ಚೆ,ടോക്കൺ സംസാരം
ಉಪಕರಣ,ഉപകരണം
ಮೇಲಿನಿಂದ ಕೆಳಗೆ,ടോപ്പ് ഡൗൺ
ಮೇಲಿನಿಂದ ಕೆಳಗೆ ವಿನ್ಯಾಸ,മുകളിൽ നിന്ന് താഴേക്കുള്ള ഡിസൈൻ
ಮೇಲಿನಿಂದ ಕೆಳಗೆ ಪಾರ್ಸಿಂಗ್,മുകളിൽ നിന്ന് താഴേക്ക് പാഴ്സിംഗ്
ಸ್ಥಳಶಾಸ್ತ್ರ,ടോപ്പോളജി
ಟಚ್ ಪ್ಯಾಡ್,ടച്ച് പാഡ്
ಟಚ್ ಸ್ಕ್ರೀನ್,ടച്ച് സ്ക്രീൻ
ಜಾಡಿನ,ട്രെയ്സ്
ಟ್ರೇಸಿಂಗ್,ട്രാക്കിംഗ്
ಟ್ರ್ಯಾಕ್,ട്രാക്ക്
ಟ್ರ್ಯಾಕ್ ಡಿಸ್ಕ್,ട്രാക്ക് ഡിസ്ക്
ಟ್ರ್ಯಾಕ್ ಟೇಪ್,ട്രാക്ക് ടേപ്പ്
ಟ್ರ್ಯಾಕಿಂಗ್,ട്രാക്കിംഗ്
ಟ್ರೈಲರ್,ട്രെയിലർ
ಪಥ,സഞ്ചാരപഥം
ವ್ಯವಹಾರ,ഇടപാട്
ವಹಿವಾಟು ಫೈಲ್,ഇടപാട് ഫയൽ
ವಹಿವಾಟು ಲಾಗ್,ഇടപാട് ലോഗ്
ಲಿಪ್ಯಂತರ,ട്രാൻസ്ക്രൈബ് ചെയ്യുക
ಪರಿವರ್ತಕ,ട്രാൻസ്ഡ്യൂസർ
ವರ್ಗಾವಣೆ ಪ್ರಮಾಣ,കൈമാറ്റ നിരക്ക്
ವರ್ಗಾವಣೆ ಸಮಯ,കൈമാറ്റ സമയം
ರೂಪಾಂತರ,രൂപാന്തരം
ಕ್ಷಣಿಕ ದೋಷ,ക്ഷണികമായ പിശക്
ಸಾರಿಗೆ ಸಮಯ,സഞ്ചാരമാർഗ സമയം
ಪರಿವರ್ತನೆ,സംക്രമണം
ಟ್ರಾನ್ಸಿಟಿವ್,ട്രാൻസിറ്റീവ്
ಟ್ರಾನ್ಸಿಟಿವಿಟಿ,ട്രാൻസിറ്റിവിറ്റി
ಅನುವಾದ,വിവർത്തനം
ರೋಗ ಪ್ರಸಾರ,പകർച്ച
ಪ್ರಸರಣ ನಿಯಂತ್ರಣ ಪ್ರೋಟೋಕಾಲ್ (TCP),ട്രാൻസ്മിഷൻ കൺട്രോൾ പ്രോട്ടോക്കോൾ (TCP)
ಪ್ರಸರಣ ಮಾರ್ಗ,ട്രാൻസ്മിഷൻ ലൈൻ
ಟ್ರಾನ್ಸ್ಮಿಟರ್,ട്രാൻസ്മിറ്റർ
ಪಾರದರ್ಶಕತೆ,സുതാര്യത
ಟ್ರಾನ್ಸ್ಪಾಂಡರ್,ട്രാൻസ്‌പോണ്ടർ
ಸಾರಿಗೆ,ഗതാഗതം
ಸ್ಥಳಾಂತರ,ട്രാൻസ്പോസിഷൻ
ಟ್ರಾನ್ಸ್‌ಪ್ಯೂಟರ್,ട്രാൻസ്പ്യൂട്ടർ
ಟ್ರಾನ್ಸ್ಸಿವರ್,ട്രാൻസ്സീവർ
ಟ್ರ್ಯಾಪಿಂಗ್,ട്രാപ്പിംഗ്
ಸಂಚರಿಸು,സഞ്ചരിക്കുക
ಮರ (ಪ್ರಯಾಣ),മരം (സഞ്ചാരം)
ಮರದ ಜಾಲ,വൃക്ഷ ശൃംഖല
ಉಪನದಿ ಸರ್ಕ್ಯೂಟ್,ട്രിബ്യൂട്ടറി സർക്യൂട്ട്
ಟ್ರಿವಲ್ ಗ್ರಾಫ್,നിസ്സാര ഗ്രാഫ്
ತೊಂದರೆ ಶೂಟ್,കുഴപ്പം ഷൂട്ട്
ಮೊಟಕುಗೊಳಿಸಿ,വെട്ടിച്ചുരുക്കുക
ಸತ್ಯ ಕೋಷ್ಟಕ,സത്യ പട്ടിക
ಟ್ಯೂನರ್,ട്യൂണർ
ಸುರಂಗ ಮಾರ್ಗ,ടണലിംഗ്
ಟ್ಯೂನಿಂಗ್,ട്യൂണിംഗ്
ಟುಪಲ್,ട്യൂപ്പിൾ
ಟರ್ಬೊ ಪ್ಯಾಸ್ಕಲ್,ടർബോ പാസ്കൽ
ಟ್ಯೂರಿಂಗ್ ಯಂತ್ರ,ട്യൂറിംഗ് യന്ത്രം
ತಿರುಗುವ ಸಮಯ,സമയം തിരിയുക
ಡಾಕ್ಯುಮೆಂಟ್ ಅನ್ನು ತಿರುಗಿಸಿ,പ്രമാണം തിരിക്കുക
ತಿರುವು ಅನುಕ್ರಮ,ടേൺഅറൗണ്ട് സീക്വൻസ്
ಅವಳಿ ಕೇಬಲ್,ഇരട്ട കേബിൾ
ತಿರುಚಿದ ಜೋಡಿ,വളച്ചൊടിച്ച ജോഡി
ಎರಡು ಭಾಗಗಳ ಜೋಡಣೆ,രണ്ട് ഭാഗം അസംബ്ലർ
ಎರಡು ಪೂರಕ,രണ്ടിന്റെ പൂരകം
ಮಾದರಿ,തരം
ರೀತಿಯ ಮುಖ,തരം മുഖം
ಟೈಪ್ ಹೆಡ್,തരം തല
ರೀತಿಯ ಚಕ್ರ,തരം ചക്രം
ಟೈಪಿಂಗ್,ടൈപ്പിംഗ്
ತಡೆರಹಿತ ವಿದ್ಯುತ್ ಮೂಲ (ಯುಪಿಎಸ್),തടസ്സമില്ലാത്ത വൈദ്യുതി ഉറവിടം (UPS)
ಏಕೀಕೃತ ಕಾರ್ಯಾಚರಣೆ,ഏകീകൃത പ്രവർത്തനം
ಏಕೀಕೃತ ಕಾರ್ಯಾಚರಣೆ,ഏകീകൃത പ്രവർത്തനം
ಏಕೀಕೃತ ಆಪರೇಟರ್,unary ഓപ്പറേറ്റർ
ಅನಿಶ್ಚಿತತೆ,അനിശ്ചിതത്വം
ಬೇಷರತ್ತಾದ ಹೇಳಿಕೆ,നിരുപാധിക പ്രസ്താവന
ಎಣಿಸಲಾಗದು,എണ്ണാൻ പറ്റാത്തത്
ಬಹಿರಂಗಪಡಿಸಲು,അനാവരണം ചെയ്യുക
ನಿರ್ಧರಿಸಲಾಗದ,അനിശ്ചിതമായ
ವ್ಯಾಖ್ಯಾನಿಸಲಾಗಿಲ್ಲ,നിർവചിക്കാത്തത്
ವ್ಯಾಖ್ಯಾನಿಸದ ದಾಖಲೆ,നിർവചിക്കാത്ത റെക്കോർഡ്
ಅಳಿಸಿಹಾಕು,ഇല്ലാതാക്കുക
ಅಂಡರ್ಸ್ಕೋರ್,അടിവരയിടുക
ನಿರ್ದೇಶಿತ,ദിശാബോധമില്ലാത്തത്
ನಿರ್ದೇಶನವಿಲ್ಲದ ಗ್ರಾಫ್,ദിശാബോധമില്ലാത്ത ഗ്രാഫ്
ದಿಕ್ಕಿನ ಸೇವೆಯ ಸಮಯ,ദിശാബോധമില്ലാത്ത സേവന സമയം
ರದ್ದುಮಾಡು,പഴയപടിയാക്കുക
ಫಾರ್ಮ್ಯಾಟ್ ಮಾಡದ ಡಿಸ್ಕ್,ഫോർമാറ്റ് ചെയ്യാത്ത ഡിസ്ക്
ಯುನಿಕಾಸ್ಟಿಂಗ್,യൂണികാസ്റ്റിംഗ്
ಯುನಿಕೋಡ್,യൂണികോഡ്
ಏಕಮುಖ ಮರ,ഏകപക്ഷീയമായ വൃക്ഷം
ಏಕರೂಪದ ಸಂಪನ್ಮೂಲ ಪತ್ತೆಕಾರಕ (URL),യൂണിഫോം റിസോഴ്സ് ലൊക്കേറ്റർ (URL)
ಅನ್ಪ್ರೊಸೆಸಿಂಗ್,അൺപ്രോസസ് ചെയ്യുന്നു
ಅನನ್ಯ,അതുല്യമായ
ರಕ್ಷಣೆಯಿಲ್ಲದ ತಿರುಚಿದ ಜೋಡಿ (UTP),അൺഷീൽഡ് ട്വിസ്റ്റഡ് ജോഡി (UTP)
ಘಟಕ,യൂണിറ്റ്
ಘಟಕ ವಿಳಾಸ,യൂണിറ്റ് വിലാസം
ಘಟಕ ಮಧ್ಯಂತರ,യൂണിറ്റ് ഇടവേള
ಘಟಕ ಪರೀಕ್ಷೆ,യൂണിറ്റ് ടെസ്റ്റിംഗ്
ಏಕೀಕೃತ ಕೋಡ್,ഏകീകൃത കോഡ്
ಯುನಿಟರ್ಮ್,യൂണിറ്റിം
ಸಾರ್ವತ್ರಿಕ ಅಸಮಕಾಲಿಕ ರಿಸೀವರ್/ಟ್ರಾನ್ಸ್ಮಿಟರ್ (UART),യൂണിവേഴ്സൽ അസിൻക്രണസ് റിസീവർ/ട്രാൻസ്മിറ്റർ (UART)
ಸಾರ್ವತ್ರಿಕ ಫ್ಲಿಪ್ ಫ್ಲಾಪ್,സാർവത്രിക ഫ്ലിപ്പ് ഫ്ലോപ്പ്
ಸಾರ್ವತ್ರಿಕ ಸೆಟ್,സാർവത്രിക സെറ്റ്
ಸಾರ್ವತ್ರಿಕ ಅಕ್ಷರ ಸೆಟ್,സാർവത്രിക പ്രതീക സെറ്റ്
ಯುನಿಕ್ಸ್,യുണിക്സ്
ಅನ್ಲಾಕ್ ಮಾಡಿ,അൺലോക്ക് ചെയ്യുക
ಅಸುರಕ್ಷಿತ ಕ್ಷೇತ್ರ,സുരക്ഷിതമല്ലാത്ത ഫീൽഡ്
ಅಸುರಕ್ಷಿತ ಫೈಲ್,സുരക്ഷിതമല്ലാത്ത ഫയൽ
ತಲುಪಲು ಸಾಧ್ಯವಿಲ್ಲ,എത്തിച്ചേരാനാകുന്നില്ല
ನೆರಳು ತೆಗೆಯಿರಿ,നിഴൽ മാറ്റുക
ರಕ್ಷಣೆಯಿಲ್ಲದ,അൺഷീൽഡ്
ವಿಫಲ ಕರೆ,പരാജയപ്പെട്ട കോൾ
ಉಂಟಾರ್,ഉന്താർ
ವೈಪರೀತ್ಯಗಳನ್ನು ನವೀಕರಿಸಿ,അപ്ഡേറ്റ് അപാകതകൾ
ನವೀಕರಿಸಿದ ಫೈಲ್,പുതുക്കിയ ഫയൽ
ನವೀಕರಿಸಲಾಗುತ್ತಿದೆ,അപ്ഡേറ്റ് ചെയ്യുന്നു
ನವೀಕರಿಸಿ,നവീകരിക്കുക
ನವೀಕರಿಸಿ,നവീകരിക്കുക
ಅಪ್ಲಿಂಕ್,അപ്ലിങ്ക്
ಅಪ್‌ಲೋಡ್ ಮಾಡಲಾಗುತ್ತಿದೆ,അപ്‌ലോഡ് ചെയ്യുന്നു
ಮೇಲಿನ ಮೆಮೊರಿ ಪ್ರದೇಶ,മുകളിലെ മെമ്മറി ഏരിയ
ಅಪ್ಸ್ಟ್ರೀಮ್,അപ്സ്ട്രീം
ಅಪ್ಟೈಮ್,പ്രവർത്തനസമയം
ಮೇಲ್ಮುಖವಾಗಿ,മുകളിലേക്ക്
ಯೂಸ್ನೆಟ್,യൂസ്നെറ്റ്
ಬಳಕೆದಾರ,ഉപയോക്താവ്
ಬಳಕೆದಾರ ಏಜೆಂಟ್,ഉപയോക്തൃ ഏജന്റ്
ಬಳಕೆದಾರ ದೃಢೀಕರಣ,ഉപയോക്തൃ പ്രാമാണീകരണം
ಬಳಕೆದಾರರ ಡೇಟಾಗ್ರಾಮ್ ಪ್ರೋಟೋಕಾಲ್ (UDP),ഉപയോക്തൃ ഡാറ്റഗ്രാം പ്രോട്ടോക്കോൾ (UDP)
ಬಳಕೆದಾರ ಸ್ನೇಹಿ,ഉപയോക്ത ഹിതകരം
ಬಳಕೆದಾರ ಗುರುತಿಸುವಿಕೆ,ഉപയോക്തൃ തിരിച്ചറിയൽ
ಬಳಕೆದಾರ ಗುರುತು (UID),ഉപയോക്തൃ ഐഡന്റിറ്റി (UID)
ಬಳಕೆದಾರ ಇಂಟರ್ಫೇಸ್,ഉപയോക്തൃ ഇന്റർഫേസ്
ಬಳಕೆದಾರ ಹೆಸರು,ഉപയോക്തൃ നാമം
ಬಳಕೆದಾರ ಪ್ರೊಫೈಲ್,ഉപയോക്തൃ പ്രൊഫൈൽ
ಉಪಯುಕ್ತತೆ,യൂട്ടിലിറ്റി
ಉಪಯುಕ್ತತೆ ಸಾಫ್ಟ್ವೇರ್,യൂട്ടിലിറ്റി സോഫ്റ്റ്വെയർ
ಮಾನ್ಯವಾಗಿದೆ,സാധുതയുള്ളത്
ಮೌಲ್ಯೀಕರಣ,മൂല്യനിർണ്ണയം
ಮೌಲ್ಯೀಕರಣ ಪ್ರೋಟೋಕಾಲ್ಗಳು,മൂല്യനിർണ്ണയ പ്രോട്ടോക്കോളുകൾ
ಮೌಲ್ಯಮಾಪನ ಪರೀಕ್ಷೆ,മൂല്യനിർണ്ണയ പരിശോധന
ಮಾನ್ಯತೆ ಪರಿಶೀಲನೆ,സാധുത പരിശോധന
ಮೌಲ್ಯವರ್ಧಿತ ನೆಟ್‌ವರ್ಕ್ (VAN),മൂല്യവർദ്ധിത നെറ്റ്‌വർക്ക് (VAN)
ಮೌಲ್ಯವರ್ಧಿತ ಮರುಮಾರಾಟಗಾರ (VAR),മൂല്യവർദ്ധിത റീസെല്ലർ (VAR)
ಮಾಯವಾಗುವ ಬಿಂದು,അപ്രത്യക്ഷമാകുന്ന പോയിന്റ്
ಆವಿ ಪಾತ್ರೆಗಳು,നീരാവി പാത്രങ്ങൾ
ವೇರಿಯಬಲ್,വേരിയബിൾ
ವೇರಿಯಬಲ್ ವಿಳಾಸ,വേരിയബിൾ വിലാസം
ವೇರಿಯಬಲ್ ಬಿಟ್ ದರ,വേരിയബിൾ ബിറ്റ് നിരക്ക്
ವೇರಿಯಬಲ್ ಕ್ಷೇತ್ರದ ಉದ್ದ,വേരിയബിൾ ഫീൽഡ് നീളം
ವೇರಿಯಬಲ್ ಉದ್ದದ ಕೋಡ್,വേരിയബിൾ നീളം കോഡ്
ವೇರಿಯಬಲ್ ಹೆಸರು,വേരിയബിൾ നാമം
ವರಿಯಾಲ್,വാരിയാലെ
ವೆಕ್ಟರ್,വെക്റ്റർ
ವೆಕ್ಟರ್ ಗ್ರಾಫಿಕ್ಸ್,വെക്റ്റർ ഗ്രാപ്ഡിക്സ്
ವೆಕ್ಟರ್ ಪೂರ್ವಭಾವಿ,വെക്റ്റർ പ്രെസെസിംഗ്
ವೆಕ್ಟರ್ ಅಡಚಣೆಗಳು,വെക്റ്റർ ചെയ്ത തടസ്സങ്ങൾ
ವೆನ್ ಚಿತ್ರ,വെൻ &#39;രേഖാചിത്രം
ಪರಿಶೀಲನೆ ಮತ್ತು ಮೌಲ್ಯೀಕರಣ (V&amp;V),സ്ഥിരീകരണവും മൂല്യനിർണ്ണയവും (V&amp;V)
ಆವೃತ್ತಿ ನಿಯಂತ್ರಣ,പതിപ്പ് നിയന്ത്രണം
ಆವೃತ್ತಿ ಸಂಖ್ಯೆ,പതിപ്പ് നമ്പർ
ಶೃಂಗ,വെർട്ടക്സ്
ಲಂಬ ಪ್ರೊಸೆಸರ್,ലംബ പ്രോസസ്സർ
ಬಹಳ ದೊಡ್ಡ ಪ್ರಮಾಣದ ಏಕೀಕರಣ (VLSI),വളരെ വലിയ തോതിലുള്ള ഏകീകരണം (VLSI)
ಬಹಳ ಉದ್ದವಾದ ಸೂಚನಾ ಪದ (VLIW),വളരെ നീണ്ട നിർദ്ദേശ വാക്ക് (VLIW)
VHDL,വി.എച്ച്.ഡി.എൽ
ವೀಡಿಯೊ ಕ್ಯಾಮೆರಾ,വീഡിയോ ക്യാമറ
ವೀಡಿಯೊ ಕಾನ್ಫರೆನ್ಸಿಂಗ್,ദശൃാഭിമുഖം
ವೀಡಿಯೊ ಪ್ರದರ್ಶನ ಟರ್ಮಿನಲ್,വീഡിയോ ഡിസ്പ്ലേ ടെർമിനൽ
ವೀಡಿಯೊ ಪ್ರದರ್ಶನ ಘಟಕ,വീഡിയോ ഡിസ്പ്ലേ യൂണിറ്റ്
ವಿಡಿಯೋ ಗೇಮ್,വീഡിയോ ഗെയിം
ವೀಡಿಯೊ ಗ್ರಾಫಿಕ್ ಅಡಾಪ್ಟರ್ (VGA),വീഡിയോ ഗ്രാഫിക് അഡാപ്റ്റർ (VGA)
ವೀಡಿಯೊ ಗ್ರಾಫಿಕ್ಸ್ ಅಡಾಪ್ಟರ್ (VGA),വീഡിയോ ഗ്രാഫിക്സ് അഡാപ്റ്റർ (VGA)
ವೀಡಿಯೊ ಸರ್ವರ್,വീഡിയോ സെർവർ
ನೋಟ,കാണുക
ಪೋರ್ಟ್ ವೀಕ್ಷಿಸಿ,പോർട്ട് കാണുക
ವ್ಯೂಪೋರ್ಟ್,വ്യൂപോർട്ട്
ವರ್ಚುವಲ್ ಸರ್ಕ್ಯೂಟ್,വെർച്വൽ സർക്യൂട്ട്
ವರ್ಚುವಲ್ ಕಾರ್ಯ,വെർച്വൽ പ്രവർത്തനം
ವರ್ಚುವಲ್ ಮೆಮೊರಿ,വെർച്വൽ മെമ്മറി
ವರ್ಚುವಲ್ ಖಾಸಗಿ ನೆಟ್ವರ್ಕ್,വെർച്വൽ സ്വകാര്യ നെറ്റ്‌വർക്ക്
ವರ್ಚುವಲ್ ರಿಯಾಲಿಟಿ,വെർച്വൽ റിയാലിറ്റി
ವರ್ಚುವಲ್ ರಿಯಾಲಿಟಿ,വെർച്വൽ റിയാലിറ്റി
ವರ್ಚುವಲ್ ರಿಯಾಲಿಟಿ ಮಾರ್ಕ್ಅಪ್ ಭಾಷೆ,വെർച്വൽ റിയാലിറ്റി മാർക്ക്അപ്പ് ഭാഷ
ವರ್ಚುವಲ್ ರಿಯಾಲಿಟಿ ಮಾರ್ಕ್ಅಪ್ ಭಾಷೆ (VRML),വെർച്വൽ റിയാലിറ്റി മാർക്ക്അപ്പ് ഭാഷ (VRML)
ವರ್ಚುವಲ್ ಶೇಖರಣಾ ಪ್ರವೇಶ ವಿಧಾನ,വെർച്വൽ സ്റ്റോറേജ് ആക്സസ് രീതി
ವರ್ಚುವಲ್ ಶೇಖರಣಾ ನಿರ್ವಹಣೆ,വെർച്വൽ സ്റ്റോറേജ് മാനേജ്മെന്റ്
ವೈರಸ್,വൈറസ്
ವೈರಸ್ ಪತ್ತೆ,വൈറസ് കണ്ടെത്തൽ
ವೈರಸ್ ಪ್ರೋಗ್ರಾಂ,വൈറസ് പ്രോഗ്രാം
ಗೋಚರತೆ,ദൃശ്യപരത
ದೃಷ್ಟಿ,ദർശനം
ದೃಶ್ಯ ಮೂಲ,വിഷ്വൽ അടിസ്ഥാന
ದೃಶ್ಯ C++,വിഷ്വൽ സി++
ದೃಶ್ಯ ಪ್ರದರ್ಶನ ಘಟಕ,വിഷ്വൽ ഡിസ്പ്ലേ യൂണിറ്റ്
ವಾಸ್ತವಿಕ,വിച്വൽ
ವಾಸ್ತವಿಕ ವಿಳಾಸ,വിച്വൽ വിലാസം
ವಸ್ತು ಯಂತ್ರ (VM),വിച്വൽ മെഷീൻ (VM)
ಧ್ವನಿ,ശബ്ദം
ಧ್ವನಿ ಮೇಲ್,വോയ്സ് മെയിൽ
ಧ್ವನಿ ಮೇಲ್ ಸರ್ವರ್,വോയ്സ് മെയിൽ സെർവർ
ಧ್ವನಿ ಗುರುತಿಸುವಿಕೆ,ശബ്ദം തിരിച്ചറിയൽ
ವಾಯ್ಸ್-ನೆಟ್,വോയ്സ്-നെറ്റ്
ಬಾಷ್ಪಶೀಲ ಸ್ಮರಣೆ,അസ്ഥിരമായ മെമ്മറി
ವೇಫರ್,വേഫർ
WAIS ಮ್ಯಾನೇಜರ್,WAIS മാനേജർ
ನಿರೀಕ್ಷಿಸಿ ಸಾಯಿರಿ,കാത്തിരിക്കുക മരിക്കുക
ಕಾಯಿರಿ ಗಾಯ,മുറിവ് കാത്തിരിക്കുക
ಕಾಯುವ ಕೋಡ್,കാത്തിരുന്ന കോഡ്
ಸರಾಸರಿ ಕಾಯುತ್ತಿದ್ದರು,ശരാശരി കാത്തിരുന്നു
ಕಾಯುವ ಸಮಯ,കാത്തിരിപ്പ് സമയം
ಗೋಡೆಯ ದರ್ಜೆಯ,മതിൽ ഗ്രേഡ്
ಬೆಚ್ಚಗಿನ ಮರುಪ್ರಾರಂಭಿಸಿ,ഊഷ്മള പുനരാരംഭിക്കുക
ತ್ಯಾಜ್ಯ ಬ್ಯಾಂಡ್ ಅಗಲ,മാലിന്യ ബാൻഡ് വീതി
ಜಲಪಾತ ಮಾದರಿ,വെള്ളച്ചാട്ട മാതൃക
ವೇವ್ಲೆಟ್,വേവ്ലെറ്റ്
ತರಂಗ ಚಿತ್ರ ಸಂಕೋಚನ,വേവ്ലെറ്റ് ഇമേജ് കംപ്രഷൻ
ತರಂಗ ರೂಪಾಂತರ,തരംഗ രൂപാന്തരം
ದುರ್ಬಲ ಘಟಕ,ദുർബലമായ സ്ഥാപനം
ವೆಬ್,വെബ്
ಜಾಲತಾಣದ ವಿಳಾಸ,വെബ് വിലാസം
ವೆಬ್ ಆಥರಿಂಗ್,വെബ് എഴുത്ത്
ವೆಬ್ ಬ್ರೌಸರ್,വെബ് ബ്രൌസർ
ಅಂತರ್ಜಾಲ ಪುಟ,വെബ് പേജ്
ವೆಬ್ ಸರ್ವರ್,വെബ് സെർവർ
ಜಾಲತಾಣ,വെബ് സൈറ്റ്
ವೆಬ್-ಸಕ್ರಿಯಗೊಳಿಸುವ ಅಪ್ಲಿಕೇಶನ್,web-enabld ആപ്ലിക്കേഷൻ
ವೆಬ್-ಸಕ್ರಿಯಗೊಳಿಸಲಾಗಿದೆ,വെബ് പ്രവർത്തനക്ഷമമാക്കി
ತೂಕದ ಗ್ರಾಫ್,തൂക്കമുള്ള ഗ്രാഫ്
ಚೆನ್ನಾಗಿ ಸಂಪರ್ಕಗೊಂಡಿದೆ,നന്നായി ബന്ധിപ്പിച്ചിരിക്കുന്നു
ಚೆನ್ನಾಗಿ ರೂಪುಗೊಂಡ ಸೂತ್ರ,നന്നായി രൂപപ്പെടുത്തിയ ഫോർമുല
ಚೆನ್ನಾಗಿ ಆದೇಶಿಸಿದ ಸೆಟ್,നന്നായി ക്രമീകരിച്ച സെറ്റ്
ವೆಟ್ವೇರ್,വെറ്റ്വെയർ
ವೀಟ್‌ಸ್ಟೋನ್ ಬೆಂಚ್ ಮಾರ್ಕ್,വീറ്റ്‌സ്റ്റോൺ ബെഞ്ച് മാർക്ക്
ಚಕ್ರ,ചക്രം
ಲೂಪ್ ಮಾಡುವಾಗ,ലൂപ്പ് സമയത്ത്
ಬಿಳಿ ಪೆಟ್ಟಿಗೆ ಪರೀಕ್ಷೆ,വൈറ്റ് ബോക്സ് ടെസ്റ്റിംഗ്
ಬಿಳಿ ಬೆಳಕು,വെള്ളവെളിച്ചം
ಬಿಳಿ ಶಬ್ದ,വെളുത്ത ശബ്ദം
ವೈಡ್ ಏರಿಯಾ ನೆಟ್‌ವರ್ಕ್ (WAN),വൈഡ് ഏരിയ നെറ്റ്‌വർക്ക് (WAN)
ವೈಡ್ ಏರಿಯಾ ನೆಟ್‌ವರ್ಕ್ (WAN),വൈഡ് ഏരിയ നെറ്റ്‌വർക്ക് (WAN)
ವಿಶಾಲ ಬ್ಯಾಂಡ್,വിശാലമായ ബാൻഡ്
ವೈಲ್ಡ್ ಕಾರ್ಡ್,വൈൽഡ് കാർഡ്
ವಿಂಪ್,വിമ്പ്
ಗೆಲ್ಲುತ್ತಾರೆ,ജയിക്കുക
ಜಿಪ್ ಗೆದ್ದಿರಿ,zip വിജയിക്കുക
ಕಿಟಕಿ,ജാലകം
ಕಿಟಕಿ,വിൻഡോ
ವಿಂಡೋಸ್,വിൻഡോസ്
ವಿಂಡೋಸ್ ಎಕ್ಸ್‌ಪ್ಲೋರರ್,വിൻഡോസ് എക്സ്പ്ലോറർ
ವಿಂಡೋಸ್ NT,വിൻഡോസ് NT
ತಂತಿ ಚೌಕಟ್ಟಿನ ಮಾದರಿ,വയർ ഫ്രെയിം മോഡൽ
ತಂತಿ ಮುದ್ರಕ,വയർ പ്രിന്റർ
ತಂತಿ ತರ್ಕ,വയർഡ് ലോജിക്
ನಿಸ್ತಂತು ನಿಷ್ಠೆ (ವೈ ಫೈ),വയർലെസ് വിശ്വസ്തത (വൈ ഫൈ)
ನಿಸ್ತಂತು LAN,വയർലെസ് ലാൻ
ನಿಸ್ತಂತು ಪ್ರಸರಣ,വയർലെസ്സ് ട്രാൻസ്മിഷൻ
ಮಾಂತ್ರಿಕ,മാന്ത്രികൻ
ಪದ,വാക്ക്
ಪದ ಕೀ,വാക്ക് കീ
ಪದದ ಉದ್ದ,പദ ദൈർഘ്യം
ಪದ ಆಧಾರಿತ,വാക്ക് ഓറിയന്റഡ്
ಪದ ಸಂಸ್ಕರಣೆ,വേഡ് പ്രോസസ്സിംഗ്
ಪದ ಸಂಸ್ಕರಣೆ,വേഡ് പ്രോസസ്സിംഗ്
ಪದ ಸಂಸ್ಕಾರಕ,വേഡ് പ്രോസസർ
ಪದದ ಅಂಡರ್ಸ್ಕೋರ್ ಅಕ್ಷರ,വാക്ക് അടിവരയിടുന്ന പ്രതീകം
ಕೆಲಸದ ಹರಿವಿನ ನಿರ್ವಹಣೆ,വർക്ക് ഫ്ലോ മാനേജ്മെന്റ്
ಕೆಲಸದ ಗುಂಪು,വർക്ക് ഗ്രൂപ്പ്
ಕೆಲಸದ ಘಟಕ,ജോലി യൂണിറ്റ്
ಕೆಲಸದ ಪರಿಮಾಣ,ജോലിയുടെ അളവ്
ಕೆಲಸದ ಡೈರೆಕ್ಟರಿ,പ്രവർത്തന ഡയറക്ടറി
ಕೆಲಸದ ಸೆಟ್,ജോലി സെറ്റ്
ಕೆಲಸದ ಸಂಗ್ರಹಣೆ,പ്രവർത്തിക്കുന്ന സംഭരണം
ಕಾರ್ಯಾಗಾರ,ശിൽപശാല
ಕಾರ್ಯಸ್ಥಳ,വർക്ക്സ്റ്റേഷൻ
ವಿಶ್ವ ಸಮನ್ವಯ,ലോക കോ-ഓർഡിനേറ്റ്
ವರ್ಲ್ಡ್ ವೈಡ್ ವೆಬ್ (WWW),വേൾഡ് വൈഡ് വെബ് (WWW)
ಕೆಟ್ಟ ಪ್ರಕರಣದ ವಿಶ್ಲೇಷಣೆ,ഏറ്റവും മോശം അവസ്ഥ വിശകലനം
ಕೆಟ್ಟ ಫಿಟ್ ಅಲ್ಗಾರಿದಮ್,ഏറ്റവും മോശം ഫിറ്റ് അൽഗോരിതം
ವೃತ್ತಾಕಾರವಾಗಿ ಸುತ್ತು,പൊതിയുക
ಮಣಿಕಟ್ಟಿನ ಕಂಪ್ಯೂಟಿಂಗ್,റിസ്റ്റ് കമ്പ്യൂട്ടിംഗ്
ಬರೆಯಬಹುದಾದ,എഴുതാവുന്നത്
ಬರೆಯಿರಿ,എഴുതുക
ಸಂಗ್ರಹವನ್ನು ಬರೆಯಿರಿ,കാഷെ എഴുതുക
ಬರೆಯುವ ಚಕ್ರ,എഴുത്ത് ചക്രം
ಕೀಲಿಯನ್ನು ಬರೆಯಿರಿ,കീ എഴുതുക
"ಒಮ್ಮೆ ಬರೆಯಿರಿ, ಹೆಚ್ಚು ಓದಿ (WORM)","ഒരിക്കൽ എഴുതുക, കൂടുതൽ വായിക്കുക (WORM)"
ರಕ್ಷಣೆ ಬರೆಯಿರಿ,സംരക്ഷണം എഴുതുക
ಓದಲು ತಲೆ ಬರೆಯಿರಿ,വായിക്കുക തല എഴുതുക
X OR,X OR
X-12,X-12
XBM X ಬಿಟ್ಮ್ಯಾಪ್,XBM X ബിറ്റ്മാപ്പ്
ಕ್ಸೆನಿಕ್ಸ್,സെനിക്സ്
Xmodem,എക്സ്മോഡം
ಎಕ್ಸ್-ಆನ್/ಎಕ್ಸ್-ಆಫ್,എക്സ്-ഓൺ/എക്സ്-ഓഫ്
ಎಕ್ಸ್-ಟರ್ಮಿನಲ್,എക്സ്-ടെർമിനൽ
ಎಕ್ಸ್‌ಟೆಕ್ಸ್ಟ್,എക്സ്ടെക്സ്റ്റ്
ಎಕ್ಸ್-ವಿಂಡೋ,എക്സ്-വിൻഡോ
YACC,YACC
ಯಾಹೂ,യാഹൂ
ನೊಗ,നുകം
ಝಡ್-ಬಫರ್,Z-ബഫർ
ಶೂನ್ಯ ವಿಳಾಸ ಸೂಚನೆ,പൂജ്യം വിലാസ നിർദ്ദേശം
ಶೂನ್ಯ ಕಾರ್ಯ,പൂജ്യം പ്രവർത്തനം
ಶೂನ್ಯ ಮಟ್ಟದ ವಿಳಾಸ,പൂജ്യം ലെവൽ വിലാസം
ಶೂನ್ಯ ಮ್ಯಾಟ್ರಿಕ್ಸ್,പൂജ്യം മാട്രിക്സ്
ಶೂನ್ಯ ನಿಗ್ರಹ,പൂജ്യം അടിച്ചമർത്തൽ
ಶೂನ್ಯ ಕಾಯುವ ಸ್ಥಿತಿ,പൂജ്യം കാത്തിരിപ്പ് അവസ്ഥ
ಶೂನ್ಯ-ಸ್ಲಾಟ್ LAN,സീറോ-സ്ലോട്ട് ലാൻ
ಜಿಪ್,സിപ്പ്
ಪಿನ್ ಕೋಡ್,സിപ്പ് കോഡ്
zip ಫೈಲ್,zip ഫയൽ
zip UPZ ಮೋಡೆಮ್,zip UPZ മോഡം
ವಲಯ,മേഖല
ವಲಯ ಪಟ್ಟಿ,സോൺ ലിസ്റ്റ്
ಜೂಮ್ ಮಾಡಿ,സൂം ചെയ്യുക
ಇನ್ನು ಹತ್ತಿರವಾಗಿಸಿ,വലുതാക്കുക
ಜೂಮ್ ಔಟ್,സൂം ഔട്ട്
ಜೂಮ್ ಮಾಡಲಾಗುತ್ತಿದೆ,സൂം ചെയ്യുന്നു
Z-ಅವಧಿ,Z-ടേം
