Malayalam,Gujarati
അബാക്കസ്,અબેકસ
അസാധാരണമായ അവസാനിപ്പിക്കൽ,અસામાન્ય સમાપ્તિ
ഉപേക്ഷിക്കുക,ગર્ભપાત
കേവല,સંપૂર્ણ
സമ്പൂർണ്ണ വിലാസം,સંપૂર્ણ સરનામું
സമ്പൂർണ്ണ അഭിസംബോധന,સંપૂર્ણ સંબોધન
കേവല അസംബ്ലർ,સંપૂર્ણ એસેમ્બલર
കേവല കോഡ്,સંપૂર્ણ કોડ
സമ്പൂർണ്ണ കമാൻഡ്,સંપૂર્ણ આદેશ
സമ്പൂർണ്ണ ഡാറ്റ,સંપૂર્ણ ડેટા
സമ്പൂർണ്ണ നിർദ്ദേശം,સંપૂર્ણ સૂચના
കേവല മോഡ്,સંપૂર્ણ મોડ
കേവല പാത,સંપૂર્ણ માર્ગ
സമ്പൂർണ്ണ പ്രോഗ്രാമിംഗ്,સંપૂર્ણ પ્રોગ્રામિંગ
അമൂർത്ത ക്ലാസ്,અમૂર્ત વર્ગ
അമൂർത്ത ഡാറ്റ തരം,અમૂર્ત ડેટા પ્રકાર
അമൂർത്ത യന്ത്രം,અમૂર્ત મશીન
അമൂർത്ത ചിഹ്നം,અમૂર્ત પ્રતીક
അമൂർത്തമായ വാക്യഘടന,અમૂર્ત વાક્યરચના
സ്വീകാര്യത പരിശോധന,સ્વીકૃતિ પરીક્ષણ
ആക്സസ് പ്രാമാണീകരണം,ઍક્સેસ પ્રમાણીકરણ
പ്രവേശന കോഡ്,ઍક્સેસ કોડ
പ്രവേശന നിയന്ത്രണം,વપરાશ નિયંત્રણ
ആക്സസ് സ്കാൻ,એક્સેસ સ્કેન
ഉപസാധനം,સહાયક
അക്കൗണ്ട്,એકાઉન્ટ
അക്കൗണ്ട് ID,એકાઉન્ટ ID
ശേഖരണം,સંચયક
കൃത്യത,ચોકસાઈ
പ്രവേശനം,ઍક્સેસ
ആക്സസ് കൺട്രോൾ ബൈറ്റ്,એક્સેસ કંટ્રોલ બાઈટ
പ്രവേശന സൂചിക,એક્સેસ ઇન્ડેક્સ
ആക്സസ് കീ,ઍક્સેસ કી
ആക്സസ് മാട്രിക്സ്,એક્સેસ મેટ્રિક્સ
ആക്സസ് മോഡ്,ઍક્સેસ મોડ
ആക്സസ് പ്രിവിലേജ്,એક્સેસ વિશેષાધિકાર
ആക്സസ് സുരക്ഷ,ઍક્સેસ સુરક્ષા
ആക്സസ് സെർവർ,ઍક્સેસ સર્વર
പ്രവേശന സമയം,ઍક્સેસ સમય
അംഗീകാരം,સ્વીકૃતિ
ശബ്ദശാസ്ത്രം,ધ્વનિશાસ્ત્ર
സംക്ഷേപം,ટૂંકાક્ષર
പ്രവർത്തന സന്ദേശം,ક્રિયા સંદેશ
സജീവമാക്കൽ,સક્રિયકરણ
സജീവ സെർവർ പേജ് (ASP),સક્રિય સર્વર પૃષ્ઠ (ASP)
സജീവ പതിപ്പ്,સક્રિય સંસ્કરણ
അസൈക്ലിക്,એસાયક્લિક
അസൈക്ലിക് ഗ്രാഫ്,એસાયક્લિક ગ્રાફ
അഡാ ഭാഷ,અદા ભાષા
അഡാപ്റ്റർ,એડેપ્ટર
ചേർക്കുക,ઉમેરો
ഫയൽ ചേർക്കുക,ફાઇલ ઉમેરો
പ്രവർത്തനം ചേർക്കുക,કામગીરી ઉમેરો
ചേർക്കുന്നയാൾ,ઉમેરનાર
വിലാസം,સરનામું
വിലാസം ബസ്,સરનામું બસ
വിലാസ ഫയൽ,સરનામું ફાઇલ
വിലാസ ഫോർമാറ്റ്,સરનામું ફોર્મેટ
വിലാസ ജനറേറ്റർ,સરનામું જનરેટર
വിലാസ ലൈൻ,એડ્રેસ લાઇન
വിലാസ മാപ്പിംഗ്,સરનામું મેપિંગ
വിലാസ സൂചിക,સરનામું નિર્દેશક
വിലാസ രജിസ്റ്റർ,સરનામું રજીસ્ટર
വിലാസം റെസലൂഷൻ,સરનામું રિઝોલ્યુશન
വിലാസ വിവർത്തനം,સરનામા અનુવાદ
അഭിസംബോധന ചെയ്ത മെമ്മറി,સંબોધિત મેમરી
അഭിസംബോധന,સંબોધન
പര്യാപ്തത മാനദണ്ഡം,પર્યાપ્તતા માપદંડ
അനുബന്ധം,સંલગ્ન
ഭരണകൂടം,વહીવટ
കാര്യനിർവാഹകൻ,સંચાલક
അഡോബ് അക്രോബാറ്റ്,એડોબ એક્રોબેટ
അഡോബ് ഫോട്ടോഷോപ്പ്,એડોબ ફોટોશોપ
അഡ്വാൻസ് ബിസിനസ് ആപ്ലിക്കേഷൻ പ്രോഗ്രാമിംഗ് (ABAP),એડવાન્સ બિઝનેસ એપ્લિકેશન પ્રોગ્રામિંગ (ABAP)
വിപുലമായ ഡാറ്റ,અદ્યતન ડેટા
വിപുലമായ വിവര സംവിധാനം,અદ્યતન માહિતી સિસ્ટમ
നൂതന സാങ്കേതികവിദ്യ (AT),અદ્યતન ટેકનોલોજી (AT)
ഏജന്റ്,એજન્ટ
സമാഹരണം,એકત્રીકરણ
വായുവിലൂടെയുള്ള കമ്പ്യൂട്ടർ സംവിധാനം,એરબોર્ન કમ્પ્યુટર સિસ્ટમ
ആൽഡസ് പേജ് മേക്കർ,aldus પૃષ્ઠ નિર્માતા
മുന്നറിയിപ്പ് ബോക്സ്,ચેતવણી બોક્સ
ആൽഗോൾ,algol
അൽഗോരിതം,અલ્ગોરિધમ
അൽഗോരിതം വിശകലനം,અલ્ગોરિધમ વિશ્લેષણ
അൽഗോരിതം കാര്യക്ഷമത,અલ્ગોરિધમ કાર્યક્ષમતા
അപരനാമം,ઉપનામ
വിന്യാസം,ગોઠવણી
വിഹിതം,ફાળવણી
അക്ഷരമാലാക്രമം,આલ્ફાબેટીક
ആൽഫാന്യൂമെറിക്,આલ્ફાન્યૂમેરિક
ആൽഫാന്യൂമെറിക് കീ ബോർഡ്,આલ્ફાન્યૂમેરિક કી બોર્ડ
ആൽഫ-ടെസ്റ്റ്,આલ્ફા-પરીક્ષણ
ആൽഫ പതിപ്പ്,આલ્ફા-સંસ્કરણ
alt കീ,alt કી
അൾട്ടാവിസ്റ്റ,અલ્ટાવિસ્ટા
അവ്യക്തത,અસ્પષ્ટતા
അവ്യക്തമായ വ്യാകരണം,અસ્પષ્ટ વ્યાકરણ
അമേരിക്കൻ നാഷണൽ സ്റ്റാൻഡേർഡ് ഇൻസ്റ്റിറ്റ്യൂട്ട് (ANSI),અમેરિકન નેશનલ સ્ટાન્ડર્ડ ઇન્સ્ટિટ્યૂટ (ANSI)
അമേരിക്കൻ സ്റ്റാൻഡേർഡ് കോഡ് ഫോർ ഇൻഫർമേഷൻ ഇന്റർചേഞ്ച് (ASCII),અમેરિકન સ્ટાન્ડર્ડ કોડ ફોર ઇન્ફોર્મેશન ઇન્ટરચેન્જ (ASCII)
അനലോഗ്,એનાલોગ
അനലോഗ് കമ്പ്യൂട്ടർ,એનાલોગ કમ્પ્યુટર
അനലോഗ് ഉപകരണം,એનાલોગ ઉપકરણ
അനലോഗ് മോഡം,એનાલોગ મોડેમ
അനലോഗ് ടു ഡിജിറ്റൽ കൺവെർട്ടർ (ADC),એનાલોગ થી ડિજિટલ કન્વર્ટર (ADC)
ഒപ്പം,અને
കൂടാതെ സർക്യൂട്ട്,અને સર્કિટ
ഒപ്പം ഗേറ്റും,અને દરવાજો
കൂടാതെ പ്രവർത്തനമല്ല (ഒഴിവാക്കൽ),અને ઓપરેશન નહીં (બાકાત)
ആനിമേഷൻ,એનિમેશન
വ്യാഖ്യാനം,ટીકા
അപാകത,વિસંગતતા
മുൻഗാമി,પૂર્વવર્તી
മുൻകൂർ പേജിംഗ്,આગોતરી પેજીંગ
വിരുദ്ധ സമമിതി,વિરોધી સપ્રમાણ
ആന്റിവൈറസ് പ്രോഗ്രാം,એન્ટિવાયરસ પ્રોગ્રામ
ആപ്ലെറ്റ്,એપ્લેટ
ആപ്ലിക്കേഷൻ ഡെവലപ്പർ,એપ્લિકેશન ડેવલપર
ആപ്ലിക്കേഷൻ പ്രോഗ്രാമിംഗ്,એપ્લિકેશન પ્રોગ્રામિંગ
ആപ്ലിക്കേഷൻ പ്രോഗ്രാമിംഗ് ഇന്റർഫേസ് (API),એપ્લિકેશન પ્રોગ્રામિંગ ઈન્ટરફેસ (API)
ആപ്ലിക്കേഷൻ സോഫ്റ്റ്വെയർ,એપ્લિકેશન સોફ્ટવેર
ബാധകമായ ഭാഷ,લાગુ પડતી ભાષા
ഏകദേശ സിദ്ധാന്തം,અંદાજ સિદ્ધાંત
വാസ്തുവിദ്യ,સ્થાપત્ય
ഏരിയ കൈമാറ്റം,વિસ્તાર ટ્રાન્સફર
വാദം,દલીલ
"ഗണിത, യുക്തി യൂണിറ്റ്",અંકિત અને તર્ક એકમ
ഗണിത പരിശോധന,અંકિત તપાસ
ഗണിത സ്ഥിരാങ്കം,અંકિત સ્થિરાંક
ഗണിത ഡാറ്റ,અંકિત માહિતી
ഗണിത നിർദ്ദേശം,અંકગણિત સૂચના
ഗണിതവും യുക്തിയും യൂണിറ്റ് (ALU),અંકગણિત અને તર્ક એકમ (ALU)
അർപാനെറ്റ്,અર્પાનેટ
അറേ,એરે
അറേ കാഷെ,એરે કેશ
അറേ കമ്പ്യൂട്ടർ,એરે કમ્પ્યુટર
അറേ ഘടകം,એરે તત્વ
അറേ പേര്,એરે નામ
അറേ പ്രോസസർ,એરે પ્રોસેસર
അമ്പടയാള കീകൾ,તીર કીઓ
ഉച്ചാരണം,ઉચ્ચારણ
ആർട്ടിക്കുലേഷൻ പോയിന്റ്,ઉચ્ચારણ બિંદુ
കൃത്രിമ കോംപാക്ഷൻ,કૃત્રિમ કોમ્પેક્શન
കൃത്രിമ നിയന്ത്രണം,કૃત્રિમ નિયંત્રણ
നിർമ്മിത ബുദ്ധി,કૃત્રિમ બુદ્ધિ
ആരോഹണം,ચડતા
ആരോഹണ തരം,ચડતા સૉર્ટ
ASCII ബെറ്റിക്കൽ ഓർഡർ,ASCII બેટીકલ ઓર્ડર
ASCII നിയന്ത്രണ പ്രതീകം,ASCII નિયંત્રણ પાત્ર
ASCII ഫയൽ,ASCII ફાઇલ
ASCII ഫോണ്ട്,ASCII ફોન્ટ
ASCII കൈമാറ്റം,ASCII ટ્રાન્સફર
വീക്ഷണാനുപാതം,પાસા ગુણોત્તર
എ.എസ്.പി.ഐ,ASPI
ASR ടൈമർ,ASR ટાઈમર
കൂട്ടിച്ചേർക്കുക,ભેગા
അസംബ്ലർ,એસેમ્બલર
അസംബ്ലി,એસેમ્બલી
അസംബ്ലി ഭാഷ,એસેમ્બલી ભાષા
അവകാശവാദം,નિવેદન
നിയമനം,સોંપણી
അസോസിയേഷൻ,સંગઠન
അനുബന്ധ വിലാസം,સહયોગી સરનામું
അനുബന്ധ മെമ്മറി,સહયોગી મેમરી
ആസ്റ്ററിക്,એસ્ટરીક
അസമമായ,અસમપ્રમાણ
അസമന്വിത,અસુમેળ
അസിൻക്രണസ് ഡിജിറ്റൽ സബ്സ്ക്രൈബർ ലൈൻ (ADSL),અસુમેળ ડિજિટલ સબસ્ક્રાઇબર લાઇન (ADSL)
അസിൻക്രണസ് ടൈം ഡിവിഷൻ മൾട്ടിപ്ലെക്സിംഗ് (ATDM),અસુમેળ સમય વિભાગ મલ્ટિપ્લેક્સીંગ (ATDM)
അസമന്വിത കൈമാറ്റം,અસુમેળ ટ્રાન્સફર
അസിൻക്രണസ് ട്രാൻസ്ഫർ മോഡ് (എടിഎം),અસુમેળ ટ્રાન્સફર મોડ (ATM)
ആറ്റം,અણુ
അറ്റാച്ചുചെയ്ത പ്രമാണം,જોડાયેલ દસ્તાવેજ
അറ്റാച്ചുചെയ്ത ഫയൽ,જોડેલી ફાઈલ
ബന്ധം,જોડાણ
ആട്രിബ്യൂട്ട്,લક્ષણ
ഓഡിയോ,ઓડિયો
ഓഡിറ്റ് പ്രോഗ്രാമിംഗ്,ઓડિટ પ્રોગ્રામિંગ
ഓഡിറ്റ് ട്രയൽ,વિષ્લેષણ
വർദ്ധിപ്പിക്കൽ,વૃદ્ધિ
പ്രാമാണീകരണ പ്രോട്ടോക്കോൾ,પ્રમાણીકરણ પ્રોટોકોલ
എഴുത്ത് സംവിധാനം,ઓથરિંગ સિસ્ટમ
അംഗീകാരം,અધિકૃતતા
യാന്ത്രിക സംഗ്രഹം,સ્વતઃ અમૂર્ત
ഓട്ടോബൂട്ടിംഗ്,ઓટોબૂટિંગ
ഓട്ടോകാഡ്,ઓટોકેડ
ഓട്ടോലോഗ് ഓൺ,ઓટોલોગ ચાલુ
ഓട്ടോമാറ്റ,ઓટોમેટા
ഓട്ടോമാറ്റ സിദ്ധാന്തം,ઓટોમેટા સિદ્ધાંત
ഓട്ടോമാറ്റിക് കമ്പ്യൂട്ടിംഗ്,આપોઆપ કમ્પ્યુટિંગ
ഓട്ടോമാറ്റിക് ഡാറ്റ പ്രോസസ്സിംഗ്,સ્વચાલિત ડેટા પ્રોસેસિંગ
യാന്ത്രിക പിശക് തിരുത്തൽ,આપોઆપ ભૂલ સુધારણા
യാന്ത്രിക പ്രവർത്തനം,સ્વચાલિત કાર્ય
ഓട്ടോമാറ്റിക് ഇൻഡെക്സിംഗ്,આપોઆપ અનુક્રમણિકા
ഓട്ടോമാറ്റിക് ലൈബ്രറി കോൾ,સ્વચાલિત પુસ્તકાલય કૉલ
ഓട്ടോമാറ്റിക് പ്രോഗ്രാമിംഗ്,આપોઆપ પ્રોગ્રામિંગ
യാന്ത്രിക വീണ്ടെടുക്കൽ പ്രോഗ്രാം,સ્વચાલિત પુનઃપ્રાપ્તિ કાર્યક્રમ
യാന്ത്രിക ദിനചര്യ,આપોઆપ નિયમિત
ഓട്ടോമാറ്റിക് സിസ്റ്റം വീണ്ടെടുക്കൽ,આપોઆપ સિસ્ટમ પુનઃપ્રાપ્તિ
ഓട്ടോമാറ്റിക് ടെല്ലർ മെഷീൻ (എടിഎം),ઓટોમેટિક ટેલર મશીન (ATM)
ഓട്ടോമേഷൻ,ઓટોમેશન
ഓട്ടോപ്ലേ,ઑટોપ્લે
സ്വയം സംരക്ഷിക്കുക,સ્વતઃ સાચવો
സഹായകമായ,સહાયક
സഹായ മെമ്മറി,સહાયક મેમરી
സഹായ സംഭരണം,સહાયક સંગ્રહ
ലഭ്യമായ പട്ടിക,ઉપલબ્ધ યાદી
ലഭ്യമായ സമയം,ઉપલબ્ધ સમય
ശരാശരി,સરેરાશ
awk (ഭാഷ),awk (ભાષા)
പിൻഭാഗം,બેકએન્ડ
ബാക്കെൻഡ് പ്രോസസർ,બેકએન્ડ પ્રોસેસર
ബാക്ക്ഫേസ് നീക്കം,બેકફેસ દૂર કરવું
പശ്ചാത്തല പ്രോസസ്സിംഗ്,પૃષ્ઠભૂમિ પ્રક્રિયા
ബാക്കിംഗ് സ്റ്റോർ,બેકિંગ સ્ટોર
ബാക്ക്പാച്ചിംഗ്,બેકપેચિંગ
ബാക്ക്സ്പേസ്,બેકસ્પેસ
ബാക്ക്ട്രാക്കിംഗ്,બેકટ્રેકિંગ
ബാക്ക്-അപ്പ്,બેકઅપ
ബാക്കപ്പ് മെമ്മറി,બેકઅપ મેમરી
പിന്നോട്ട് പിശക് വീണ്ടെടുക്കൽ,પછાત ભૂલ પુનઃપ્રાપ્તિ
ബാലൻസ് ഷീറ്റ്,સરવૈયા
ബാൻഡ്,બેન્ડ
ബാൻഡ് വീതി,બેન્ડ પહોળાઈ
ബാങ്കറുടെ അൽഗോരിതം,બેંકરનું અલ્ગોરિધમ
ബാർ കോഡ്,બાર કોડ
ബാർ കോഡ് സ്കാനർ,બાર કોડ સ્કેનર
ബാർ ഗ്രാഫ്,બાર ગ્રાફ
അടിസ്ഥാന വിലാസം,આધાર સરનામું
അടിസ്ഥാന ബാൻഡ്,આધાર બેન્ડ
അടിസ്ഥാന നമ്പർ,આધાર નંબર
അടിസ്ഥാന പട്ടിക,આધાર ટેબલ
അടിസ്ഥാനം,પાયાની
അടിസ്ഥാന നിയന്ത്രണം,મૂળભૂત નિયંત્રણ
അടിസ്ഥാന ഇൻപുട്ട്,મૂળભૂત ઇનપુટ
അടിസ്ഥാന നിർദ്ദേശം,મૂળભૂત સૂચના
അടിസ്ഥാന ഔട്ട്പുട്ട്,મૂળભૂત આઉટપુટ
അടിസ്ഥാന ഘട്ടം,મૂળભૂત પગલું
ബാച്ച്,બેચ
ബാച്ച് ഫയൽ,બેચ ફાઇલ
ബാച്ച് സ്ഥാനം,બેચ સ્થિતિ
ബാച്ച് പ്രോസസ്സിംഗ്,બેચ પ્રક્રિયા
ബാച്ച് സിസ്റ്റം,બેચ સિસ્ટમ
ബൗഡ്,બાઉડ
ബാഡ് നിരക്ക്,બાઉડ દર
ബീം,બીમ
ബെഞ്ച്മാർക്ക്,બેન્ચમાર્ક
ദ്വിദിശ ആശയവിനിമയം,દ્વિદિશ સંચાર
ദ്വിദിശ ലിങ്ക്,દ્વિદિશ લિંક
ബൈനറി കോഡ്,દ્વિસંગી કોડ
ബൈനറി അക്കം,દ્વિસંગી અંક
ബൈനറി ഇൻപുട്ട് ഔട്ട്പുട്ട് സിസ്റ്റം (BIOS),બાઈનરી ઇનપુટ આઉટપુટ સિસ્ટમ (BIOS)
ബൈനറി നമ്പർ,દ્વિસંગી સંખ્યા
ബൈനറി ഓപ്പറേറ്റർ,બાઈનરી ઓપરેટર
ബൈനറി ബന്ധം,દ્વિસંગી સંબંધ
ബൈനറി തിരയൽ,દ્વિસંગી શોધ
ബൈനറി സെർച്ച് ട്രീ (BST),દ્વિસંગી શોધ વૃક્ષ (BST)
ബൈനറി കൈമാറ്റം,બાઈનરી ટ્રાન્સફર
ബൈനറി മരം,દ્વિસંગી વૃક્ષ
ബൈപോളാർ മെമ്മറി,બાયપોલર મેમરી
ജനന മരണ മാതൃക,જન્મ મૃત્યુ મોડેલ
ജനന മരണ പ്രക്രിയ,જન્મ મૃત્યુ પ્રક્રિયા
ബിറ്റ്,બીટ
ചെറിയ തെറ്റ്,થોડી ખામી
ബിറ്റ് മാപ്പ്,બીટ નકશો
ബിറ്റ് മാപ്പ് പിക്സൽ (BMP),બીટ મેપ પિક્સેલ (BMP)
ബിറ്റ് മാട്രിക്സ്,બીટ મેટ્રિક્સ
ബിറ്റ് പാറ്റേൺ,બીટ પેટર્ન
ബിറ്റ് സ്ഥാനം,બીટ સ્થિતિ
ബിറ്റ് നിരക്ക്,બીટ દર
ബ്ലാക്ക് ബോക്സ് പരിശോധന,બ્લેક બોક્સ પરીક્ષણ
മിന്നിമറയുന്നു,ઝબકવું
തടയുക,બ્લોક
കാഷെ തടയുക,બ્લોક કેશ
ബ്ലോക്ക് ചെക്ക്,બ્લોક ચેક
ബ്ലോക്ക് കോപ്പി,બ્લોક નકલ
ബ്ലോക്ക് ഡയഗ്രം,રેખાક્રુતિ
തടയൽ ശൃംഖല,બ્લોકીંગ નેટવર્ક
ബോർഡ്,પાટીયું
ബുക്ക് മാർക്ക്,પુસ્તક ચિહ્ન
ബൂലിയൻ ബീജഗണിതം,બુલિયન બીજગણિત
ബൂളിയൻ ബന്ധം,બુલિયન સંબંધ
ബൂട്ട് പാർട്ടീഷൻ,બુટ પાર્ટીશન
ബൂട്ട് സ്ട്രാപ്പിംഗ്,બુટ strapping
ബൂട്ട് സ്ട്രാപ്പ് ലോഡർ,બુટ-સ્ટ્રેપ લોડર
പാലം,પુલ
ബ്രോഡ്‌ബാൻഡ് നെറ്റ്‌വർക്കിംഗ്,બ્રોડબેન્ડ નેટવર્કિંગ
പ്രക്ഷേപണം,પ્રસારણ
പ്രക്ഷേപണം റേഡിയോ,પ્રસારણ રેડિયો
ബ്രൗസ് ചെയ്യുക,બ્રાઉઝ કરો
ബ്രൗസർ,બ્રાઉઝર
ബി-ട്രീ,બી-ટ્રી
ബബിൾ മെമ്മറി,બબલ મેમરી
ബബിൾ അടുക്കുക,બબલ સૉર્ટ
ബക്കറ്റ്,ડોલ
ബഡ്ഡി സിസ്റ്റം,મિત્ર સિસ્ટમ
ബജറ്റ് ഫലപ്രദമായ നിയന്ത്രണം,બજેટ અસરકારક નિયંત્રણ
ബഫർ,બફર
ബഗ്,ભૂલ
ബസ്,બસ
ബൈറ്റ്,બાઈટ
ബൈറ്റ് കോഡ്,બાઈટ કોડ
സി,c
C++,C++
കാഷെ,કેશ
കാഷെ ബഫർ,કેશ બફર
കാഷെ മെമ്മറി,કેશ મેમરી
കണക്കുകൂട്ടല്,ગણતરી
കാൽക്കുലേറ്റർ,કેલ્ક્યુલેટર
കാൽക്കുലേറ്റർ ചിപ്പ്,કેલ્ક્યુલેટર ચિપ
വിളി,કૉલ
പേര് വിളിക്കുക,નામથી બોલાવો
റഫറൻസ് വഴി വിളിക്കുക,સંદર્ભ દ્વારા કૉલ કરો
മൂല്യമനുസരിച്ച് വിളിക്കുക,મૂલ્ય દ્વારા કૉલ કરો
വേരിയബിളുകൾ വഴി വിളിക്കുക,ચલ દ્વારા કૉલ કરો
കോൾ ഗേറ്റ്,કૉલ ગેટ
റദ്ദാക്കുക,રદ કરો
റദ്ദാക്കുക ബട്ടൺ,રદ કરો બટન
കാനോനിക്കൽ,પ્રમાણભૂત
കാനോനിക്കൽ രൂപം,પ્રમાણભૂત સ્વરૂપ
കഴിവ്,ક્ષમતા
കഴിവ് പട്ടിക,ક્ષમતા યાદી
ശേഷി,ક્ષમતા
ക്യാപ്സ് ലോക്ക് കീ,કેપ્સ લોક કી
കാർഡ്,કાર્ડ
കാർഡ് റീഡർ,કાર્ડ રીડર
കാർഡിനാലിറ്റി,મુખ્યત્વ
വാഹകൻ,વાહક
കാരിയർ ബാൻഡ്,વાહક બેન્ડ
കാരിയർ ലോഡ്,વાહક લોડ
കാരിയർ സിഗ്നൽ,વાહક સંકેત
കാരിയർ തരംഗം,વાહક તરંગ
കൊണ്ടുപോകുക,વહન
അക്കം കൊണ്ടുപോകുക,વહન અંક
പതാക വഹിക്കുക,ધ્વજ વહન કરો
കാട്രിഡ്ജ് ഡിസ്ക്,કારતૂસ ડિસ્ક
കാസ്കേഡ്,કાસ્કેડ
കേസ്,કેસ
കാഥോഡ് റേ ട്യൂബ് (CRT),કેથોડ રે ટ્યુબ (CRT)
കാഥോഡ് റേ ട്യൂബ് (CRT),કેથોડ રે ટ્યુબ (CRT)
സിഡി റോം ഡിസ്ക് ഡ്രൈവ്,CD ROM ડિસ્ક ડ્રાઇવ
സെൽ,કોષ
സെൽ ആനിമേഷൻ,સેલ એનિમેશન
സെല്ലുലാർ ഫോൺ,સેલ્યુલર ફોન
കേന്ദ്ര മെമ്മറി,કેન્દ્રીય મેમરી
സെൻട്രൽ പ്രോസസ്സിംഗ് യൂണിറ്റ് (സിപിയു),સેન્ટ્રલ પ્રોસેસિંગ યુનિટ (CPU)
കേന്ദ്രീകൃത സംവിധാനം,કેન્દ્રિય સિસ્ટમ
സാക്ഷ്യപ്പെടുത്തിയ ടേപ്പ്,પ્રમાણિત ટેપ
ചങ്ങല,સાંકળ
ചെയിൻ ഡാറ്റ,સાંકળ ડેટા
ചെയിൻ ലിങ്ക്,સાંકળ કડી
ചങ്ങല,સાંકળ
ചാനൽ,ચેનલ
ചാനൽ തിരക്കുള്ള ടോൺ,ચેનલ વ્યસ્ત સ્વર
ചാനൽ ശേഷി,ચેનલ ક્ષમતા
ചാനൽ കൺട്രോളർ,ચેનલ નિયંત્રક
ചാനൽ പിശക്,ચેનલ ભૂલ
ചാനൽ പ്രോഗ്രാം,ચેનલ કાર્યક્રમ
ചാനൽ വിശ്വാസ്യത,ચેનલ વિશ્વસનીયતા
ചാനൽ സെറ്റ്,ચેનલ સેટ
സ്വഭാവം,પાત્ર
പ്രതീക കോഡ്,અક્ષર કોડ
പ്രതീക കീ,અક્ષર કી
സ്വഭാവ വായനക്കാരൻ,પાત્ર વાચક
പ്രതീക വലുപ്പം,અક્ષરનું કદ
ചാർട്ട്,ચાર્ટ
ചേസിസ്,ચેસિસ
ചെക്ക് ബിറ്റ്,બીટ તપાસો
അക്കം പരിശോധിക്കുക,અંક તપાસો
തുക ചെക്ക്,રકમ તપાસો
ചെക്ക് വാക്ക്,શબ્દ તપાસો
ചിപ്പ്,ચિપ
ചിപ്പ് സെറ്റ്,ચિપ સેટ
തിരഞ്ഞെടുക്കുക,પસંદ કરો
വർണ്ണപരമായി,રંગીન રીતે
സൈഫർ,સાઇફર
സർക്യൂട്ട്,સર્કિટ
വൃത്താകൃതിയിലുള്ള പട്ടിക,પરિપત્ર યાદી
സിറസ്,સિરસ
അവലംബം,અવતરણ
ക്ലാസ്,વર્ગ
ക്ലാസ് വേരിയബിൾ,વર્ગ ચલ
വർഗ്ഗീകരണം,વર્ગીકરણ
വ്യക്തമായ,ચોખ્ખુ
തെളിഞ്ഞ പ്രദേശം,સ્પષ્ટ વિસ્તાર
വ്യക്തമായ ചാനൽ,સ્પષ્ટ ચેનલ
ക്ലിക്ക് ചെയ്യുക,ક્લિક કરો
കക്ഷി,ગ્રાહક
ക്ലയന്റ് സെർവർ,ક્લાયંટ સર્વર
ക്ലയന്റ് അപൂർണ്ണം,ક્લાઈન્ટ સ્ટબ
ക്ലിപ്പ് ആർട്ട്,ક્લિપ આર્ટ
ക്ലിപ്പ് ആർട്ട് ലൈബ്രറി,ક્લિપ આર્ટ લાઇબ્રેરી
ക്ലിപ്പ് ബോർഡ്,ક્લિપ બોર્ડ
ക്ലിപ്പർ,ક્લિપર
ക്ലിപ്പർ ചിപ്പ്,ક્લિપર ચિપ
കൂട്ടം,સમૂહ
ക്ലോക്ക്,ઘડિયાળ
ക്ലോക്ക് സൈക്കിൾ,ઘડિયાળ ચક્ર
ക്ലോക്ക് ആവൃത്തി,ઘડિયાળની આવર્તન
ക്ലോക്ക് ഹാർഡ്‌വെയർ,ઘડિયાળ હાર્ડવેર
ക്ലോക്ക് പൾസ്,ઘડિયાળની પલ્સ
ക്ലോക്ക് വേഗത,ઘડિયાળની ઝડપ
ക്ലോക്ക് സിൻക്രൊണൈസേഷൻ,ઘડિયાળ સુમેળ
ക്ലോക്ക് ടിക്ക്,ઘડિયાળની ટીક
ക്ലോൺ,ક્લોન
അടുത്ത്,બંધ
ക്ലോസ് സർക്യൂട്ട് ടിവി (സിസിടിവി),ક્લોઝ સર્કિટ ટીવી (CCTV)
അടച്ചുപൂട്ടൽ,બંધ
ക്ലൗഡ് കമ്പ്യൂട്ടിംഗ്,ક્લાઉડ કમ્પ્યુટિંગ
ക്ലസ്റ്റർ,ક્લસ્ટર
പൂശിയ കാർഡ്,કોટેડ કાર્ડ
പൊതിഞ്ഞ പേപ്പർ,કોટેડ કાગળ
ഏകപക്ഷീയമായ,કોક્સિયલ
ഏകോപന കേബിൾ,કો - એક્ષેલ કેબલ
കോഡാസിൽ,કોડાસિલ
കോഡ്,કોડ
കോഡ് ജനറേറ്റര്,કોડ જનરેટર
കോഡ് പേജ്,કોડ પેજ
കോഡ് വാക്ക്,કોડ શબ્દ
കോഡർ,કોડર
കോഡിംഗ് പരിശോധന,કોડિંગ તપાસ
കോഡിംഗ് ഫോം,કોડિંગ ફોર્મ
കോഡിംഗ് ഷീറ്റ്,કોડિંગ શીટ
ഗുണകം,ગુણાંક
പരസ്പരബന്ധം,સુસંગતતા
തണുത്ത ബൂട്ട്,ઠંડા બૂટ
തണുത്ത തുടക്കം,ઠંડી શરૂઆત
സഹകരണം,સહયોગ
തകർച്ച,પતન
കൊളാറ്റ്,કોલેટ
കൊളേറ്റ് ടേപ്പ്,કોલેટ ટેપ
കൂട്ടിയിടി,અથડામણ
കോളൻ,કોલોન
നിറം (നിറം),રંગ (રંગ)
നിറം സാച്ചുറേഷൻ,રંગ સંતૃપ્તિ
വർണ്ണ പട്ടിക,રંગ ટેબલ
കോളം,કૉલમ
സംയോജനം,સંયોજન
കോംബോ ബോക്സ്,કૉમ્બો બૉક્સ
കമാൻഡ്,આદેશ
കമാൻഡ് ബട്ടൺ,આદેશ બટન
കമാൻഡ് ലിസ്റ്റ്,આદેશ યાદી
അഭിപ്രായം,ટિપ્પણી
പ്രതിബദ്ധത,પ્રતિબદ્ધતા
ചരക്ക്,કોમોડિટી
പൊതു ബിസിനസ് അധിഷ്ഠിത ഭാഷ (കോബോൾ),કોમન બિઝનેસ ઓરિએન્ટેડ લેંગ્વેજ (કોબોલ)
സാധാരണ പിശക്,સામાન્ય ભૂલ
പൊതു ഭാഷ,સામાન્ય ભાષા
സാധാരണ പതിവ്,સામાન્ય દિનચર્યા
ആശയവിനിമയം,સંચાર
ആശയവിനിമയ ലൈൻ,સંચાર લાઇન
ആശയവിനിമയ മോഡ്,સંચાર મોડ
ആശയവിനിമയ ശൃംഖല,સંચાર નેટવર્ક
ആശയവിനിമയ പരാമീറ്റർ,સંચાર પરિમાણ
ആശയവിനിമയ സംവിധാനം,સંચાર વ્યવસ્થા
കോംപാക്ഷൻ,કોમ્પેક્શન
കമ്പാൻഡർ,કમ્પેન્ડર
companding,સંયોજન
കമ്പനി ശൃംഖല,કંપની નેટવર્ક
താരതമ്യ പരിശോധന,સરખામણી કસોટી
അനുയോജ്യത,સુસંગતતા
അനുയോജ്യം,સુસંગત
സമാഹാരം,સંકલન
സമാഹരിച്ച് പോകുക,કમ્પાઇલ કરો અને જાઓ
കമ്പൈലർ,કમ્પાઇલર
കമ്പൈലർ ഭാഷ,કમ્પાઇલર ભાષા
പരസ്പരപൂരകമായ,પૂરક
കോംപ്ലിമെന്റ്-ഓൺ-പത്ത്,દસ પર પૂરક
പൂരകൻ,પૂરક
പൂർണ്ണമായി കൊണ്ടുപോകുക,સંપૂર્ણ વહન
സങ്കീർണ്ണമായ,જટિલ
സങ്കീർണ്ണ സംഖ്യ,જટિલ સંખ્યા
ഘടകം,ઘટક
ഘടകം ഒബ്ജക്റ്റ് മോഡൽ (COM),કમ્પોનન્ટ ઑબ્જેક્ટ મોડલ (COM)
സംയുക്തം,સંયુક્ત
രചന,રચના
കമ്പ്യൂട്ടേഷണൽ,કોમ્પ્યુટેશનલ
കമ്പ്യൂട്ടർ,કમ્પ્યુટર
കമ്പ്യൂട്ടർ കേന്ദ്രം,કમ્પ્યુટર કેન્દ્ર
കമ്പ്യൂട്ടർ വിദഗ്ധൻ,કમ્પ્યુટર નિષ્ણાત
കമ്പ്യൂട്ടർ ഗ്രാഫിക്സ്,કમ્પ્યુટર ગ્રાફિક્સ
കമ്പ്യൂട്ടർ നിർദ്ദേശം,કમ્પ્યુટર સૂચના
കമ്പ്യൂട്ടർ ഭാഷ,કમ્પ્યુટર ભાષા
കമ്പ്യൂട്ടർ ശൃംഖല,કમ્પ્યુટર નેટવર્ક
കമ്പ്യൂട്ടർ സയൻസ്,કમ્પ્યુટર વિજ્ઞાન
കമ്പ്യൂട്ടർ സുരക്ഷ,કમ્પ્યુટર સુરક્ષા
കമ്പ്യൂട്ടർ സിമുലേറ്റൺ,કમ્પ્યુટર સિમ્યુલેટન
കമ്പ്യൂട്ടർ സ്പെഷ്യലിസ്റ്റ്,કમ્પ્યુટર નિષ્ણાત
കമ്പ്യൂട്ടർവൽക്കരണം,કોમ્પ્યુટરાઇઝેશન
കമ്പ്യൂട്ടറിസ്റ്റ്,કમ્પ્યુટરિસ્ટ
കമ്പ്യൂട്ടറൈസ് ചെയ്യുക,કમ્પ્યુટરાઇઝેશન
കമ്പ്യൂട്ടിംഗ്,કમ્પ્યુટિંગ
ആശയം,ખ્યાલ
സമവായം,સંમતિ
ഒരേസമയം,સમવર્તી
അവസ്ഥ വേരിയബിൾ,સ્થિતિ ચલ
സോപാധിക ഓപ്പറേറ്റർ,શરતી ઓપરેટર
സോപാധിക പ്രസ്താവന,શરતી નિવેદન
കണ്ടക്ടർ,વાહક
കോൺഫറൻസിങ്,કોન્ફરન્સિંગ
രഹസ്യാത്മകത,ગોપનીયતા
കോൺഫിഗറേഷൻ,રૂપરેખાંકન
തിരക്ക്,ભીડ
സംയോജനം,જોડાણમાં
കണക്ട് വേഗത,કનેક્ટ ગતિ
കണക്ഷൻ,જોડાણ
കണക്ഷൻ കുറവ് ആശയവിനിമയം,કનેક્શન ઓછું સંચાર
കണക്ഷൻ റിലീസ്,જોડાણ પ્રકાશન
കണക്റ്റിവിറ്റി,કનેક્ટિવિટી
കണക്റ്റർ,કનેક્ટર
തുടർച്ചയായി,સળંગ
അനന്തരഫലം,પરિણામે
കൺസോൾ,કન્સોલ
ഏകീകരണം,એકીકરણ
സ്ഥിരമായ,સતત
നിരന്തരമായ നിർദ്ദേശം,સતત સૂચના
പരിമിതി,અવરોધ
കൺസ്ട്രക്റ്റർ,કન્સ્ટ્રક્ટર
കണ്ടെയ്നർ,કન્ટેનર
ഉള്ളടക്കം,સામગ્રી
സന്ദർഭം,સંદર્ભ
സന്ദർഭ രഹിത വ്യാകരണം (CFG),સંદર્ભ મુક્ત વ્યાકરણ (CFG)
സന്ദർഭ സ്വിച്ച്,સંદર્ભ સ્વીચ
ആകസ്മികത,આકસ્મિક
സങ്കോചം,સંકોચન
വൈരുദ്ധ്യം,વિપરીત
നിയന്ത്രണം,નિયંત્રણ
നിയന്ത്രണ മേഖല,નિયંત્રણ વિસ્તાર
നിയന്ത്രണ ബിറ്റ്,નિયંત્રણ બીટ
നിയന്ത്രണ ബസ്,નિયંત્રણ બસ
നിയന്ത്രണ കാർഡ്,નિયંત્રણ કાર્ડ
നിയന്ത്രണ സർക്യൂട്ട്,નિયંત્રણ સર્કિટ
നിയന്ത്രണ ചക്രം,નિયંત્રણ ચક્ર
നിയന്ത്രണ എഞ്ചിനീയറിംഗ്,નિયંત્રણ એન્જિનિયરિંગ
നിയന്ത്രണ കീ,નિયંત્રણ કી
നിയന്ത്രണ യുക്തി,નિયંત્રણ તર્ક
നിയന്ത്രണ ലൂപ്പ്,નિયંત્રણ લૂપ
നിയന്ത്രണ അടയാളം,નિયંત્રણ ચિહ્ન
നിയന്ത്രണ പ്രവർത്തനം,નિયંત્રણ કામગીરી
നിയന്ത്രണ പാനൽ,કંટ્રોલ પેનલ
നിയന്ത്രണ സിഗ്നൽ,નિયંત્રણ સંકેત
നിയന്ത്രണ സ്വിച്ച്,નિયંત્રણ સ્વીચ
നിയന്ത്രണ ടേപ്പ്,નિયંત્રણ ટેપ
നിയന്ത്രണ ടെർമിനൽ,નિયંત્રણ ટર્મિનલ
നിയന്ത്രണ യൂണിറ്റ് (CU),કંટ્રોલ યુનિટ (CU)
ഒത്തുചേരൽ,કન્વર્જન્સ
സംഭാഷണം,વાતચીત
സംഭാഷണ സമയം പങ്കിടൽ,વાતચીત સમયની વહેંચણી
പരിവർത്തനം,રૂપાંતર
കൺവെർട്ടർ,કન્વર્ટર
കുക്കിന്റെ സിദ്ധാന്തം,કૂકનું પ્રમેય
സഹ-പ്രൊസസർ,સહ-પ્રોસેસર
പകർത്തുക,નકલ
പകർപ്പവകാശം,કૉપિરાઇટ
ചരട്,દોરી
കോർഡ്ലെസ്സ് ടെലിഫോൺ,કોર્ડલેસ ટેલિફોન
അനന്തരഫലം,પરિણામ
തിരുത്തൽ,કરેક્શન
ദുഷിച്ചു,દૂષિત
എണ്ണുക,ગણતરી
കൗണ്ടർ,કાઉન્ટર
രാജ്യത്തിന്റെ കോഡ്,દેશનો કોડ
സഹവർത്തിത്വം,સહપ્રવૃત્તિ
കവറേജ്,કવરેજ
തകര്ച്ച,ક્રેશ
നിർണായക പാത,મુશ્કેલ રસ્તો
ക്രിട്ടിക്കൽ പാത്ത് രീതി (CPM),જટિલ માર્ગ પદ્ધતિ (CPM)
ക്രോസ് ചെക്ക്,ક્રોસ ચેક
ക്രോസ് കംപൈലർ,ક્રોસ કમ્પાઇલર
തീ കടക്കുക,ક્રોસ ફાયર
ക്രോസ് ടോക്ക്,ક્રોસ ટોક
ക്രിപ്റ്റോഗ്രാഫിക്,ક્રિપ્ટોગ્રાફિક
ക്രിപ്റ്റോഗ്രഫി,સંકેતલિપી
കറൻസി ചിഹ്നം,ચલણ પ્રતીક
നിലവിലെ ഡയറക്ടറി,વર્તમાન ડિરેક્ટરી
നിലവിലെ വിൻഡോ,વર્તમાન વિન્ડો
കഴ്സർ,કર્સર
വളവ്,વળાંક
വെട്ടി ഒട്ടിക്കുക്ക,કાપો અને પેસ્ટ કરો
കട്ട് രീതി,કાપવાની પદ્ધતિ
സൈബർ,સાયબર
സൈബർ കഫേ,સાયબર કાફે
സൈബർ പണം,સાયબર રોકડ
സൈബർ കുറ്റകൃത്യം,સાયબર અપરાધ
സൈബർ ഡെലിക്കുകൾ,સાયબર ડેલીક્સ
സൈബർ നിയമം,સાયબર કાયદો
സൈബർ സെക്‌സ്,સાયબર સેક્સ
സൈബർനാറ്റിക്സ്,સાયબરનેટિક્સ
സൈബർനേഷൻ,સાયબરનેશન
ചക്രം,ચક્ર
സൈക്കിൾ മെമ്മറി,ચક્ર મેમરી
സൈക്കിൾ മോഷ്ടിക്കുന്നു,સાયકલ ચોરી
സൈക്കിൾ സമയം,ચક્ર સમય
ചാക്രികമായ,ચક્રીય
പിശാച്,ડિમન
ഡെയ്സി ചക്രം,ડેઝી વ્હીલ
ഡാറ്റ അഡ്മിനിസ്ട്രേറ്റർ,ડેટા એડમિનિસ્ટ્રેટર
ഡാറ്റ അലോക്കേഷൻ,ડેટા ફાળવણી
ഡാറ്റ ഏരിയ,ડેટા વિસ્તાર
ഡാറ്റ അറേ,ડેટા એરે
ഡാറ്റാ ബേസ്,ડેટા બેઝ
ഡാറ്റ ബ്രേക്ക്,ડેટા બ્રેક
ഡാറ്റ ബസ്,ડેટા બસ
ഡാറ്റ കാരിയർ,ડેટા વાહક
ഡാറ്റ സെൽ,ડેટા સેલ
ഡാറ്റ ചാനൽ,ડેટા ચેનલ
ഡാറ്റ ആശയവിനിമയം,ડેટા કમ્યુનિકેશન
ഡാറ്റ കംപ്രഷൻ,ડેટા કમ્પ્રેશન
ഡാറ്റ ഫീൽഡ്,માહિતી ક્ષેત્ર
ഡാറ്റ ഫയൽ,ડેટા ફાઇલ
ഡാറ്റ ഫ്ലോ,માહિતી પ્રવાહ
ഡാറ്റ ഫ്ലോ ചാർട്ട്,ડેટા ફ્લો ચાર્ટ
ഡാറ്റ ശ്രേണി,ડેટા વંશવેલો
ഡാറ്റ ലെവൽ,ડેટા સ્તર
ഡാറ്റ ലൈബ്രറി,ડેટા લાઇબ્રેરી
ഡാറ്റ ലിങ്ക് ലെയർ,ડેટા લિંક સ્તર
ഡാറ്റ ലിങ്ക് ലെയർ (DLL),ડેટા લિંક લેયર (DLL)
ഡാറ്റ മാനേജ്മെന്റ്,માહિતી વ્યવસ્થાપન
ഡാറ്റ കൃത്രിമത്വം,ડેટા મેનીપ્યુલેશન
ഡാറ്റ കൃത്രിമ ഭാഷ (DML),ડેટા મેનીપ્યુલેશન લેંગ્વેજ (DML)
ഡാറ്റ മോഡം,ડેટા મોડેમ
ഡാറ്റ പരിഷ്ക്കരണം,ડેટા ફેરફાર
ഡാറ്റ നെറ്റ്വർക്ക്,ડેટા નેટવર્ક
ഡാറ്റ പ്രവർത്തനം,માહિતી કામગીરી
ഡാറ്റ ഓർഗനൈസേഷൻ,ડેટા સંસ્થા
ഡാറ്റ ഔട്ട്പുട്ട്,ડેટા આઉટપુટ
ഡാറ്റ പാത,ડેટા પાથ
ഡാറ്റ തയ്യാറാക്കൽ,ડેટાની તૈયારી
ഡാറ്റ സ്വകാര്യത,ડેટા ગોપનીયતા
ഡാറ്റ പ്രോസസ്സർ,ડેટા પ્રોસેસર
ഡാറ്റ പരിരക്ഷ,ડેટા જાણવણી
ഡാറ്റ റെക്കോർഡ്,ડેટા રેકોર્ડ
ഡാറ്റ വീണ്ടെടുക്കൽ,માહિતી પુનઃપ્રાપ્તિ
ഡാറ്റ ദിനചര്യ,ડેટા રૂટિન
ഡാറ്റ സുരക്ഷ,ડેટા સુરક્ષા
ഡാറ്റ സെറ്റ്,ડેટા સેટ
ഡാറ്റ സിഗ്നൽ,ડેટા સિગ્નલ
ഡാറ്റ സിങ്ക്,ડેટા સિંક
വിവര ഉറവിടം,માહિતીનું પ્રાપ્તિસ્થાન
ഡാറ്റ സ്പെസിഫിക്കേഷൻ,ડેટા સ્પષ્ટીકરણ
ഡാറ്റ സ്റ്റേഷൻ,ડેટા સ્ટેશન
ഡാറ്റ സംഭരണം,માહિતી સંગ્રાહક
ഡാറ്റ സംഭരണ ഘടന,માહિતી સંગ્રહ માળખું
ഡാറ്റ ഘടന,ડેટા માળખું
ഡാറ്റ സ്വിച്ച്,ડેટા સ્વીચ
ഡാറ്റ പട്ടിക,ડેટા ટેબલ
ഡാറ്റ ടെർമിനൽ,ડેટા ટર્મિનલ
ഡാറ്റ ട്രാൻസ്ക്രിപ്ഷൻ,ડેટા ટ્રાન્સક્રિપ્શન
ഡാറ്റ കൈമാറ്റം,ડેટા ટ્રાન્સફર
ഡാറ്റ ട്രാൻസ്മിഷൻ,ડેટા ટ્રાન્સમિશન
ഡാറ്റ ട്രാൻസ്മിഷൻ ചാനൽ,ડેટા ટ્રાન્સમિશન ચેનલ
ഡാറ്റ തരം,ડેટા પ્રકાર
ഡാറ്റ യൂണിറ്റ്,ડેટા યુનિટ
ഡാറ്റ മൂല്യനിർണ്ണയം,માહિતી માન્યતા
ഡാറ്റാബേസ്,ડેટાબેઝ
ഡാറ്റാബേസ് അഡ്മിനിസ്ട്രേഷൻ,ડેટાબેઝ વહીવટ
ഡാറ്റാബേസ് ഡിസൈൻ,ડેટાબેઝ ડિઝાઇન
ഡാറ്റാബേസ് മാനേജ്മെന്റ് സിസ്റ്റം,ડેટાબેઝ મેનેજમેન્ટ સિસ્ટમ
ഡാറ്റഗ്രേവ്,ડેટાગ્રાવ
ഡാറ്റ,ડેટમ
മരിച്ച മേഖല,મૃત્યુ ક્ષેત્ર
സ്തംഭനാവസ്ഥ,મડાગાંઠ
സ്തംഭനാവസ്ഥ തടയൽ,ડેડલોક નિવારણ
ഡീബഗ്,ડિબગ
തീരുമാന പെട്ടി,નિર્ણય બોક્સ
തീരുമാനമെടുക്കൽ പ്രക്രിയ,નિર્ણય લેવાની પ્રક્રિયા
തീരുമാന പിന്തുണാ സംവിധാനം,નિર્ણય સપોર્ટ સિસ્ટમ
തീരുമാന വൃക്ഷം,નિર્ણય વૃક્ષ
ഡീകോഡർ,ડીકોડર
വിഘടന തത്വം,વિઘટન સિદ્ધાંત
ഡീക്രിപ്ഷൻ,ડિક્રિપ્શન
സമർപ്പിത ചാനൽ,સમર્પિત ચેનલ
സമർപ്പിത തുറമുഖം,સમર્પિત બંદર
പ്രതിരോധ ഡാറ്റ ശൃംഖല (DDN),સંરક્ષણ ડેટા નેટવર્ક (DDN)
പ്രതിരോധ വിവര സംവിധാനം,સંરક્ષણ માહિતી સિસ્ટમ
defragmentation,ડિફ્રેગમેન્ટેશન
കാലതാമസം,વિલંબ
കാലതാമസം കൗണ്ടർ,વિલંબ કાઉન્ટર
കാലതാമസം സമയം,વિલંબ સમય
ഇല്ലാതാക്കുക,કાઢી નાખો
ഇല്ലാതാക്കൽ രേഖ,કાઢી નાખવાનો રેકોર્ડ
ഡിലിമിറ്റർ,સીમાંકક
ഡെൽറ്റ മോഡുലേഷൻ,ડેલ્ટા મોડ્યુલેશન
ഡിമാൻഡ് പേജിംഗ്,માંગ પેજીંગ
ഡെമോ,ડેમો
demodulation,ડિમોડ્યુલેશન
demultiplexer,demultiplexer
ഡീനോർമലൈസേഷൻ,વિકૃતિકરણ
സാന്ദ്രത,ઘનતા
ആശ്രിതത്വം,નિર્ભરતા
ആശ്രിത യൂണിറ്റ്,આશ્રિત એકમ
dequeue,ડેક્યુ
dereferencing,સંદર્ભ
ഡെറിവേഷൻ ട്രീ,વ્યુત્પન્ન વૃક્ષ
ഉരുത്തിരിഞ്ഞ ഫീൽഡ്,વ્યુત્પન્ન ક્ષેત્ર
അവരോഹണ തരം,ઉતરતા ક્રમ
ഡിസൈൻ,ડિઝાઇન
ഡെസ്ക് കാൽക്കുലേറ്റർ,ડેસ્ક કેલ્ક્યુલેટર
ഡെസ്ക്ടോപ്പ് കമ്പ്യൂട്ടർ,ડેસ્ક ટોપ કમ્પ્યુટર
ഡെസ്ക്ടോപ്പ് അവതരണം,ડેસ્કટોપ પ્રસ્તુતિ
ഡെസ്ക്ടോപ്പ് പബ്ലിഷിംഗ് (DTP),ડેસ્કટોપ પબ્લિશિંગ (DTP)
ഡെസ്ക്ടോപ്പ് വീഡിയോ,ડેસ્કટોપ વિડિઓ
ലക്ഷ്യസ്ഥാന വിലാസം,ગંતવ્ય સરનામું
വിനാശകൻ,વિનાશક
ഡിറ്റർമിനിസ്‌ട്രിക് ഓട്ടോമാറ്റുകൾ,નિર્ણાયક ઓટોમેટો
ഡെവലപ്പർ,વિકાસકર્તા
വികസന സംവിധാനം,વિકાસ પ્રણાલી
ഉപകരണം,ઉપકરણ
ഉപകരണ നിയന്ത്രണ യൂണിറ്റ്,ઉપકરણ નિયંત્રણ એકમ
ഉപകരണ കൺട്രോളർ,ઉપકરણ નિયંત્રક
ഉപകരണ മാനേജ്മെന്റ്,ઉપકરણ સંચાલન
ഉപകരണ മോഡ്,ઉપકરણ મોડ
രോഗനിർണയം,નિદાન
ഡയഗ്നോസ്റ്റിക് സിസ്റ്റം,ડાયગ્નોસ્ટિક સિસ્ટમ
ഡയഗ്നോസ്റ്റിക്സ്,ડાયગ્નોસ્ટિક્સ
ഡയഗ്രം,રેખાકૃતિ
ഡയൽ ചെയ്യുക,ડાયલ
ഡയൽ ലൈൻ,ડાયલ લાઇન
ഡയൽ ടോണ്,ડાયલ ટોન
ഡയൽ അപ്,ડાયલ કરો
ഡയലോഗ്,સંવાદ
ഡയലോഗ് ബോക്സ്,સંવાદ બોક્સ
ഡയലപ്പ് മോഡം,ડાયલઅપ મોડેમ
വ്യാസം,પરિમાણ
നിഘണ്ടു,શબ્દકોશ
വ്യത്യാസം,તફાવત
ഡിജിറ്റൽ,ડિજિટલ
ഡിജിറ്റൽ ചാനൽ,ડિજિટલ ચેનલ
ഡിജിറ്റൽ സർക്യൂട്ട്,ડિજિટલ સર્કિટ
ഡിജിറ്റൽ കമ്പ്യൂട്ടർ,ડિજિટલ કમ્પ્યુટર
ഡിജിറ്റൽ ഡാറ്റ,ડિજિટલ ડેટા
ഡിജിറ്റൽ സൗകര്യം,ડિજિટલ સુવિધા
ഡിജിറ്റൽ ഫിൽട്ടർ,ડિજિટલ ફિલ્ટર
ഡിജിറ്റൽ ലൈബ്രറി,ડિજિટલ પુસ્તકાલય
ഡിജിറ്റൽ മോഡുലേഷൻ,ડિજિટલ મોડ્યુલેશન
ഡിജിറ്റൽ മോണിറ്റർ,ડિજિટલ મોનિટર
ഡിജിറ്റൽ ചിത്രം,ડિજિટલ ચિત્ર
ഡിജിറ്റൽ ഒപ്പ്,ડિજિટલ હસ્તાક્ષર
ഡിജിറ്റൽ സ്വിച്ച്,ડિજિટલ સ્વીચ
ഡിജിറ്റൽ ടു അനലോഗ് (D/A) കൺവെർട്ടർ,ડિજિટલ થી એનાલોગ (D/A) કન્વર્ટર
ഡിജിറ്റൈസേഷൻ,ડિજિટાઇઝેશન
ഡിജിറ്റൈസ് ചെയ്യുക,ડિજિટાઇઝ કરો
ഡിജിറ്റൈസർ,ડિજિટાઇઝર
ഡയോഡ്,ડાયોડ
നേരിട്ട്,પ્રત્યક્ષ
നേരിട്ടുള്ള വിലാസം,સીધું સરનામું
നേരിട്ടുള്ള പരിവർത്തനം,સીધું રૂપાંતર
നേരിട്ടുള്ള സംയോജനം,સીધું જોડાણ
ഡയറക്ട് മെമ്മറി ആക്സസ് (DMA),ડાયરેક્ટ મેમરી એક્સેસ (DMA)
ഡയറക്ട് മെമ്മറി ആക്സസ് (DMA),ડાયરેક્ટ મેમરી એક્સેસ (DMA)
നേരിട്ടുള്ള രീതി,સીધી પદ્ધતિ
നിർദ്ദേശം,નિર્દેશ
ഡയറക്ടറി,ડિરેક્ટરી
ഡയറക്ടറി സെർവർ,ડિરેક્ટરી સર્વર
ഡയറക്ടറി സേവനം,ડિરેક્ટરી સેવા
പ്രവർത്തനരഹിതമാക്കുക,નિષ્ક્રિય
സിഗ്നൽ പ്രവർത്തനരഹിതമാക്കുന്നു,નિષ્ક્રિય સંકેત
വിച്ഛേദിക്കുക,ડિસ્કનેક્ટ
വ്യതിരിക്തമായ,અલગ
ഡിസ്ക്,ડિસ્ક
ഡിസ്ക് വിലാസം,ડિસ્ક સરનામું
ഡിസ്ക് അറേ,ડિસ્ક એરે
ഡിസ്ക് ശേഷി,ડિસ્ક ક્ષમતા
ഡിസ്ക് ഡ്രൈവ്,ડિસ્ક ડ્રાઇવ
ഡിസ്ക് ഫയൽ,ડિસ્ક ફાઇલ
ഡിസ്ക് മെമ്മറി,ડિસ્ક મેમરી
ഡിസ്ക് ഓപ്പറേറ്റിംഗ് സിസ്റ്റം (DOS),ડિસ્ક ઓપરેટિંગ સિસ્ટમ (DOS)
ഡിസ്ക് പായ്ക്ക്,ડિસ્ક પેક
ഡിസ്ക് സെർവർ,ડિસ્ક સર્વર
ഡിസ്ക് സംഭരണം,ડિસ્ક સંગ્રહ
ഡിസ്കെറ്റ്,ડિસ્કેટ
ഫയൽ പ്രദർശിപ്പിക്കുക,ડિસ્પ્લે ફાઇલ
ചിത്രം പ്രദർശിപ്പിക്കുക,પ્રદર્શિત છબી
നിർമാർജനം,નિકાલ
ദൂരം,અંતર
ദൂരം പ്രവർത്തനം,અંતર કાર્ય
വളച്ചൊടിക്കൽ,વિકૃતિ
വിതരണം ചെയ്തു,વિતરિત
വിതരണം ചെയ്ത ഡാറ്റ,વિતરિત ડેટા
വിതരണം ചെയ്ത സെർവർ,વિતરિત સર્વર
വിതരണം ചെയ്ത സംവിധാനം,વિતરણ સિસ્ટમ
വിതരണക്കാരൻ,વિતરણકારી
പ്രമാണം,દસ્તાવેજ
പ്രമാണം വീണ്ടെടുത്തു,દસ્તાવેજ પુનઃપ્રાપ્ત
പ്രമാണ വിൻഡോ,દસ્તાવેજ વિન્ડો
പ്രമാണീകരണം,દસ્તાવેજીકરણ
ഡൊമെയ്ൻ,ડોમેન
ഡൊമെയ്ൻ നാമം,ડોમેન નામ
ഡോട്ട് മാട്രിക്സ് പ്രിന്റർ,ડોટ મેટ્રિક્સ પ્રિન્ટર
താഴേക്ക്,નીચે
ഡൗൺ ലിങ്ക്,ડાઉન લિંક
ഡൗൺലോഡ് ചെയ്യുന്നു,ડાઉન લોડિંગ
സമയക്കുറവ്,ડાઉન સમય
വലിച്ചിടുന്നു,ખેંચીને
DRAM (ഡൈനാമിക് റാം),DRAM (ડાયનેમિક રેમ)
ഡ്രിഫ്റ്റ്,ડ્રિફ્ટ
ഡ്രൈവർ,ડ્રાઈવર
ഡ്രോപ്പ്,ડ્રોપ
ഡ്രോപ്പ് ഡൗൺ ലിസ്റ്റ് ബോക്സ്,ડ્રોપ ડાઉન સૂચિ બોક્સ
ഡ്രം ഡ്രൈവ്,ડ્રમ ડ્રાઇવ
ഡ്രം പ്രിന്റർ,ડ્રમ પ્રિન્ટર
ഡ്രം യൂണിറ്റ്,ડ્રમ યુનિટ
ഇരട്ട,દ્વિ
ഇരട്ട സാന്ദ്രത,બેવડી ઘનતા
ഡമ്മി വിലാസം,બનાવટી સરનામું
തള്ളുക,ડમ્પ
ഡ്യുപ്ലെക്സ് സർക്യൂട്ട്,ડુપ્લેક્સ સર્કિટ
ഡ്യൂപ്ലെക്സിംഗ്,દ્વિગુણિત
തനിപ്പകർപ്പ്,ડુપ્લિકેટ
ഡിവിഡി R/W,ડીવીડી આર/ડબલ્યુ
ഡിവിഡി റോം,ડીવીડી રોમ
ചലനാത്മക നിർദ്ദേശം,ગતિશીલ સૂચના
ഡൈനാമിക് മെമ്മറി,ગતિશીલ મેમરી
ചലനാത്മകത,ગતિશીલતા
EBCDIC,EBCDIC
ഇ-ബിസിനസ്,ઈ-વ્યવસાય
പ്രതിധ്വനി,પડઘો
ഇ-കൊമേഴ്‌സ്,ઈ-કોમર્સ
തിരുത്തുക,ફેરફાર કરો
എഡിറ്റർ,સંપાદક
വിദ്യാഭ്യാസ സാങ്കേതികവിദ്യ,શૈક્ષણિક ટેકનોલોજી
ഇഇപി റോം,EEP રોમ
ഫലപ്രദമായ വിലാസം (ഫ്ലോട്ടിംഗ് വിലാസം),અસરકારક સરનામું (ફ્લોટિંગ સરનામું)
ഫലപ്രദമായ പ്രവർത്തന വിലാസം,અસરકારક ઓપરેન્ડ સરનામું
ഫലപ്രദമായ നടപടിക്രമം,અસરકારક પ્રક્રિયા
ഫലപ്രദമായ യുഐഡി (ഉപയോക്തൃ തിരിച്ചറിയൽ),અસરકારક UID (વપરાશકર્તા ઓળખ)
ഫലപ്രദമായ ട്രാൻസ്മിഷൻ പ്രവർത്തനം,અસરકારક ટ્રાન્સમિશન ઓપરેન્ડ
എട്ട്-ബിറ്റ് ബൈറ്റ്,આઠ-બીટ બાઈટ
ഇലക്ട്രോണിക് പഠനം,ઈ-લર્નિંગ
തിരഞ്ഞെടുപ്പ്-അൽഗിർതം,ચૂંટણી-અલગર્થમ
ഇലക്ട്രിക് മെയിലിംഗ് (ഇ-മെയിൽ),ઇલેક્ટ્રિક મેઇલિંગ (ઇ-મેલ)
ഇലക്ട്രിക് പ്രിന്റർ,ઇલેક્ટ્રિક પ્રિન્ટર
ഇലക്ട്രിക്കൽ അക്കൗണ്ടിംഗ് മെഷീൻ,ઇલેક્ટ્રિકલ એકાઉન્ટિંગ મશીન
ഇലക്ട്രോണിക്,ઇલેક્ટ્રોનિક
ഇലക്ട്രോണിക് ക്ലിയറൻസ് സിസ്റ്റം (ECS),ઇલેક્ટ્રોનિક ક્લિયરન્સ સિસ્ટમ (ECS)
ഇലക്ട്രോണിക് ഡാറ്റ ഇന്റർചേഞ്ച് (EDI),ઇલેક્ટ્રોનિક ડેટા ઇન્ટરચેન્જ (EDI)
ഇലക്ട്രോണിക് ഡാറ്റ പ്രോസസ്സിംഗ്,ઇલેક્ટ્રોનિક ડેટા પ્રોસેસિંગ
ഇലക്ട്രോണിക് ഫയലിംഗ്,ઇલેક્ટ્રોનિક ફાઇલિંગ
ഇലക്ട്രോണിക് ഫണ്ട് ട്രാൻസ്ഫർ സിസ്റ്റം (EFTS),ઇલેક્ટ્રોનિક ફંડ ટ્રાન્સફર સિસ્ટમ (EFTS)
ഇലക്ട്രോണിക് ജേണലുകൾ,ઇલેક્ટ્રોનિક જર્નલ્સ
ഇലക്ട്രോണിക് പ്രസിദ്ധീകരണം,ઇલેક્ટ્રોનિક પ્રકાશન
ഇലക്ട്രോണിക് സ്വിച്ച്,ઇલેક્ટ્રોનિક સ્વીચ
ഘടകം,તત્વ
ഇ-മെയിൽ,ઈ-મેલ
ഈ - മെയില് വിലാസം,ઈ - મેઈલ સરનામું
എംബഡഡ് സിസ്റ്റം,એમ્બેડેડ સિસ્ટમ
ഉൾച്ചേർക്കൽ,એમ્બેડિંગ
എമിറ്റർ ദമ്പതികളുടെ യുക്തി (ECL),એમિટર કપલ લોજિક (ECL)
ശൂന്യമായ സ്റ്റാക്ക്,ખાલી સ્ટેક
ശൂന്യമായ ചരട്,ખાલી શબ્દમાળા
അനുകരണം,અનુકરણ
എൻക്യാപ്സുലേഷൻ,એન્કેપ્સ્યુલેશન
എൻസിഫർ,સંકેતલિપી
എൻകോഡ്,એન્કોડ
എൻകോഡർ,એન્કોડર
എൻക്രിപ്റ്റ് ചെയ്ത ഡാറ്റ,એન્ક્રિપ્ટેડ ડેટા
എൻക്രിപ്റ്റിംഗ് ഫയൽ സിസ്റ്റം,એન્ક્રિપ્ટીંગ ફાઇલ સિસ્ટમ
എൻക്രിപ്ഷൻ,એન્ક્રિપ્શન
ബ്ലോക്കിന്റെ അവസാനം,બ્લોકનો અંત
ഫയലിന്റെ അവസാനം (EOF),ફાઇલનો અંત (EOF)
അന്തിമ ഉപയോക്താവ്,અંતિમ વપરાશકર્તા
നൽകുക,દાખલ કરો
എന്റർ-കീ,એન્ટર-કી
എന്റർപ്രൈസ് സെർവർ,એન્ટરપ્રાઇઝ સર્વર
എന്റർപ്രൈസ് സിസ്റ്റം,એન્ટરપ્રાઇઝ સિસ્ટમ
സ്ഥാപനം,એન્ટિટી
സ്ഥാപന-ബന്ധം,અસ્તિત્વ-સંબંધ
പ്രവേശന സമയം,પ્રવેશ સમય
എൻട്രി വേരിയബിൾ,પ્રવેશ ચલ
എണ്ണാവുന്നത്,ગણી શકાય તેવું
പരിസ്ഥിതി,પર્યાવરણ
യുഗം,યુગ
EPROM,EPROM
എപ്സിലോൺ അടച്ചുപൂട്ടൽ,એપ્સીલોન બંધ
സമനില,બરાબરી
ഉപകരണങ്ങൾ,સાધનસામગ્રી
തുല്യതാ ക്ലാസ്,સમાનતા વર્ગ
തുല്യതാ ബന്ധം,સમાનતા સંબંધ
മായ്ക്കുക,ભુસવું
കോഡ് തിരുത്തുന്നതിൽ പിശക്,કોડ સુધારવામાં ભૂલ
തെറ്റ് തിരുത്തൽ,ભૂલ સુધારણા
പിശക് കണ്ടെത്തൽ,ભૂલ શોધ
പിശക് കൈകാര്യം ചെയ്യൽ,ભૂલ હેન્ડલિંગ
പിശക് സന്ദേശം,ક્ષતી સંદેશ
പിശക് നിരക്ക്,ભૂલ દર
പിശക് വീണ്ടെടുക്കൽ,ભૂલ પુનઃપ્રાપ્તિ
പിശക് പതിവ്,ભૂલ નિયમિત
രക്ഷപ്പെടുന്ന സ്വഭാവം,એસ્કેપ પાત્ર
ഇഥർനെറ്റ്,ઈથરનેટ
സംഭവം,ઘટના
ഇവന്റ് ചെയിൻ,ઘટના સાંકળ
ഇവന്റ് നിയന്ത്രണം,ઘટના નિયંત્રણ
ഇവന്റ് കൗണ്ടർ,ઇવેન્ટ કાઉન્ટર
ഒഴിവാക്കൽ കൈകാര്യം ചെയ്യൽ,અપવાદ હેન્ડલિંગ
കൈമാറ്റം ചെയ്യാവുന്ന ഡിസ്ക് സംഭരണം,વિનિમયક્ષમ ડિસ્ક સંગ્રહ
ഒഴിവാക്കൽ,બાકાત
എക്സ്ക്ലൂസീവ് അല്ലെങ്കിൽ (XOR),વિશિષ્ટ અથવા (XOR)
എക്സിക്യൂട്ടബിൾ പ്രോഗ്രാം,એક્ઝિક્યુટેબલ પ્રોગ્રામ
എക്സിക്യൂട്ടീവ് പ്രസ്താവന,એક્ઝિક્યુટિવ નિવેદન
സമഗ്രമായ തിരയൽ,સંપૂર્ણ શોધ
നിലവിലുണ്ട്,અસ્તિત્વમાં છે
പുറത്ത്,બહાર નીકળો
വിദഗ്ധ സംവിധാനം,નિષ્ણાત સિસ્ટમ
ആവിഷ്കാരം,અભિવ્યક્તિ
വിപുലീകൃത ഗ്രാഫിക് അറേ (XGA),વિસ્તૃત ગ્રાફિક એરે (XGA)
വിപുലമായ വ്യവസായ നിലവാരം (EIS),વિસ્તૃત ઉદ્યોગ ધોરણ (EIS)
വിപുലീകരിച്ച യന്ത്രം,વિસ્તૃત મશીન
വിപുലീകരിച്ച മെമ്മറി,વિસ્તૃત મેમરી
വിപുലമായ കൃത്യത,વિસ્તૃત ચોકસાઇ
വിപുലീകരിച്ച സോർട്ടിംഗ്,વિસ્તૃત વર્ગીકરણ
ബാഹ്യ കോൾ,બાહ્ય કૉલ
ബാഹ്യ പിശക്,બાહ્ય ભૂલ
ബാഹ്യ പ്രവർത്തനം,બાહ્ય કાર્ય
ബാഹ്യ തടസ്സം,બાહ્ય વિક્ષેપ
ബാഹ്യ മെമ്മറി,બાહ્ય મેમરી
ബാഹ്യ മെമ്മറി,બાહ્ય મેમરી
ബാഹ്യ മോഡം,બાહ્ય મોડેમ
ബാഹ്യ റഫറൻസ്,બાહ્ય સંદર્ભ
ബാഹ്യ തിരയൽ,બાહ્ય શોધ
ബാഹ്യ സംഭരണ ഉപകരണം,બાહ્ય સંગ્રહ ઉપકરણ
വേർതിരിച്ചെടുക്കൽ,નિષ્કર્ષણ
എക്സ്ട്രാപോളേഷൻ,એક્સ્ટ્રાપોલેશન
മുഖപ്രകൃതി പ്രിന്റർ,ફેસ કેરેક્ટર પ્રિન્ટર
പരാജയപ്പെടാത്ത പ്രവർത്തനം,નિષ્ફળ-સલામત કામગીરી
പരാജയതോത്,નિષ્ફળતા દર
പരാജയം വീണ്ടെടുക്കൽ,નિષ્ફળતા પુનઃપ્રાપ્તિ
തെറ്റായ കോഡ്,ખોટો કોડ
തെറ്റായ പിശക്,ખોટી ભૂલ
ഫാൻ-ഇൻ,ફેન-ઇન
ഫാൻ ഔട്ട്,ફેન-આઉટ
ഫാസിമൈൽ I/O ഉപകരണം,ફેસિમિલ I/O ઉપકરણ
ഫാസ്റ്റ് ഫോറിയർ ട്രാൻസ്ഫോർമേഷൻ (FFT),ફાસ્ટ ફોરિયર ટ્રાન્સફોર્મ (FFT)
മാരകമായ തെറ്റ്,જીવલેણ ભૂલ
തെറ്റ് കണ്ടെത്തൽ,ખામી શોધ
തെറ്റ് രോഗനിർണയം,ખામી નિદાન
തെറ്റ് സഹിഷ്ണുത,સહનશીલતા દોષ
ഫാക്സ്,ફેક્સ
ഫാക്സ് സന്ദേശം,ફેક્સ સંદેશ
FDC,FDC
സവിശേഷത കണ്ടെത്തൽ,લક્ષણ શોધ
ഫീഡ് സൈക്കിൾ,ફીડ ચક્ર
പ്രതികരണം,પ્રતિસાદ
ഫീഡർ,ફીડર
കൊണ്ടുവരിക,મેળવો
ഫിബൊനാച്ചി തിരയൽ,ફિબોનાકી શોધ
ഫിബൊനാച്ചി സീക്വൻസ്,ફિબોનાકી ક્રમ
ഫിബൊനാച്ചി പരമ്പര,ફિબોનાકી શ્રેણી
ഫൈബർ ഒപ്റ്റിക്സ്,ફાઇબર ઓપ્ટિક્સ
ഫിഡോ നെറ്റ്,ફિડો નેટ
വയൽ,ક્ષેત્ર
അഞ്ചാം തലമുറ കമ്പ്യൂട്ടറുകൾ,પાંચમી પેઢીના કમ્પ્યુટર્સ
ഫയൽ,ફાઇલ
ഫയൽ ആക്സസ് രീതി,ફાઇલ એક્સેસ પદ્ધતિ
ഫയൽ അലോക്കേഷൻ പട്ടിക,ફાઈલ ફાળવણી ટેબલ
ഫയൽ കംപ്രഷൻ,ફાઇલ કમ્પ્રેશન
ഫയൽ പകർത്തൽ,ફાઇલ નકલ
ഫയൽ ലേഔട്ട്,ફાઇલ લેઆઉટ
ഫയൽ ലയിപ്പിക്കുക,ફાઇલ મર્જ
ഫയൽ വീണ്ടെടുക്കൽ,ફાઇલ પુનઃપ્રાપ્તિ
ഫയൽ സംഭരണം,ફાઇલ સંગ્રહ
ഫയൽ ഘടന,ફાઇલ માળખું
ഫയൽ സിസ്റ്റം,ફાઇલ સિસ્ટમ
ഫയൽ കൈമാറ്റം,ફાઇલ ટ્રાન્સફર
ഫയൽ ട്രാൻസ്ഫർ പ്രോട്ടോക്കോൾ (FTP),ફાઇલ ટ્રાન્સફર પ્રોટોકોલ (FTP)
ഫിൽട്ടർ,ફિલ્ટર
അന്തിമ അവസ്ഥ,અંતિમ સ્થિતિ
കണ്ടെത്തുക,શોધો
പരിമിതമായ സംസ്ഥാന യന്ത്രം,મર્યાદિત રાજ્ય મશીન
അഗ്നി മതിൽ,આગ દિવાલ
ഫേംവെയർ,ફર્મવેર
ആദ്യം വരുന്നവർക്ക് ആദ്യം നൽകുക,વહેલા તે પહેલાં
ആദ്യ തലമുറ കമ്പ്യൂട്ടർ,પ્રથમ પેઢીના કમ્પ્યુટર
ഫസ്റ്റ് ഇൻ ഫസ്റ്റ് ഔട്ട് (FIFO),ફર્સ્ટ ઇન ફર્સ્ટ આઉટ (FIFO)
ആദ്യ ഓർഡർ യുക്തി,પ્રથમ ઓર્ડર તર્ક
ആദ്യ ക്രമ സിദ്ധാന്തം,પ્રથમ ઓર્ડર સિદ્ધાંત
നിശ്ചിത പാർട്ടീഷൻ,નિશ્ચિત પાર્ટીશન
പതാക,ધ્વજ
ഫ്ലെക്സിബിൾ ഡിസ്ക്,લવચીક ડિસ્ક
ഫ്ലോപ്പി ഡിസ്ക്,ફ્લોપી ડિસ્ક
ഫ്ലോപ്പി ഡിസ്ക് ഡ്രൈവ് (Fdd),ફ્લોપી ડિસ્ક ડ્રાઇવ (Fdd)
ഫ്ലോ ചാർട്ട്,ફ્લો ચાર્ટ
നിയന്ത്രണത്തിന്റെ ഒഴുക്ക്,નિયંત્રણનો પ્રવાહ
ഫ്ലഷ്,ફ્લશ
ഫോൾഡർ,ફોલ્ડર
ഫോണ്ട്,ફોન્ટ
ഫോണ്ട് കുടുംബം,ફોન્ટ કુટુંબ
വിദേശ കീ,બહાર ની ચાવી
രൂപം,ફોર્મ
ഔപചാരിക ഭാഷ,ઔપચારિક ભાષા
ഔപചാരിക സംവിധാനം,ઔપચારિક સિસ્ટમ
ഫോർമാറ്റ്,ફોર્મેટ
ഫോർമാറ്റിംഗ്,ફોર્મેટિંગ
ഫോർട്രാൻ,ફોરટ્રાન
ഫോർട്രാൻ പ്രോഗ്രാമിംഗ്,ફોરટ્રાન પ્રોગ્રામિંગ
ഫോർവേഡ് സ്ലാഷ്,ફોરવર્ડ સ્લેશ
നാലാം തലമുറ കമ്പ്യൂട്ടർ,ચોથી પેઢીના કમ્પ્યુટર
ശകലം,ટુકડો
ഫ്രെയിം,ફ્રેમ
സ്വതന്ത്ര വല,મફત નેટ
സ്വതന്ത്ര സോഫ്റ്റ്‌വെയർ ഫൌണ്ടേഷൻ,મફત સોફ્ટવેર ફાઉન્ડેશન
സൗജന്യ സംഭരണം,મફત સંગ્રહ
ഫ്രീവെയർ,ફ્રીવેર
ഫ്രണ്ട് എൻഡ്,આગળનો છેડો
ഫ്രണ്ട് പാനൽ,ફ્રન્ટ પેનલ
പ്രവർത്തനം,કાર્ય
ഫംഗ്ഷൻ കീ,કાર્ય કી
ഫംഗ്ഷൻ റഫറൻസ്,કાર્ય સંદર્ભ
പ്രവർത്തനപരമായ ആശ്രിതത്വം,કાર્યાત્મક નિર્ભરતા
ഫങ്ഷണൽ ടെസ്റ്റിംഗ്,કાર્યાત્મક પરીક્ષણ
അവ്യക്തമായ യുക്തി,અસ્પષ્ટ તર્ક
അവ്യക്തമായ സെറ്റ്,અસ્પષ્ટ સમૂહ
നേട്ടം,લાભ
കളി മരം,રમત વૃક્ષ
വിടവ് പ്രതീകം,ગેપ પાત્ર
മാലിന്യം,કચરો
മാലിന്ന്യ ശേഖരണം,કચરો સંગ્રહ
മാലിന്ന്യ ശേഖരണം,કચરો સંગ્રહ
മാലിന്യത്തിൽ മാലിന്യം (GIGO),ગાર્બેજ ઇન ગાર્બેજ આઉટ (GIGO)
ഗേറ്റ്,દરવાજો
കവാടം,પ્રવેશદ્વાર
പൊതു പരിപാടി,સામાન્ય કાર્યક્રમ
പൊതു പരിപാടി,સામાન્ય કાર્યક્રમ
പൊതു ഉദ്ദേശ്യ കമ്പ്യൂട്ടർ,સામાન્ય હેતુ કમ્પ્યુટર
പൊതു ഉദ്ദേശ്യ കമ്പ്യൂട്ടർ,સામાન્ય હેતુ કમ્પ્યુટર
പൊതു രജിസ്റ്റർ,સામાન્ય રજીસ્ટર
പൊതുവൽക്കരണം,સામાન્યીકરણ
പൊതുവൽക്കരണം,સામાન્યીકરણ
പൊതു-ഉദ്ദേശ്യ ഭാഷ,સામાન્ય હેતુની ભાષા
പൊതു-ഉദ്ദേശ്യ പ്രവർത്തന സംവിധാനം,સામાન્ય હેતુ ઓપરેટિંગ સિસ્ટમ
പൊതു-ഉദ്ദേശ്യ രജിസ്റ്റർ,સામાન્ય હેતુ રજીસ્ટર
സൃഷ്ടിച്ച പിശക്,જનરેટ કરેલ ભૂલ
ഫംഗ്ഷൻ സൃഷ്ടിക്കുന്നു,જનરેટીંગ ફંક્શન
ജനറിക് ക്ലാസ്,સામાન્ય વર્ગ
പൊതു പ്രവർത്തനം,સામાન્ય કાર્ય
പൊതുവായ പേര്,સામાન્ય નામ
ജിഗോ,ગીગો
ആഗോള,વૈશ્વિક
ആഗോള കോഡ്,વૈશ્વિક કોડ
ആഗോള ലോക്ക്,વૈશ્વિક લોક
ആഗോള ശൃംഖല,વૈશ્વિક નેટવર્ક
ആഗോള ശൃംഖല,વૈશ્વિક નેટવર્ક
ആഗോള ഉപയോക്താവ്,વૈશ્વિક વપરાશકર્તા
ആഗോള വേരിയബിൾ,વૈશ્વિક ચલ
ആഗോളവൽക്കരണം,વૈશ્વિકરણ
ഗോഫർ,ગોફર
ഗോഫർ ക്ലയന്റ്,ગોફર ક્લાયંટ
ഗോഫർ സെർവർ,ગોફર સર્વર
ഗോഫർ സൈറ്റ്,ગોફર સાઇટ
ഗോഫർ സ്പേസ്,ગોફર જગ્યા
ഭംഗിയുള്ള തരംതാഴ്ത്തൽ,આકર્ષક અધોગતિ
വ്യാകരണ പരിശോധകൻ,વ્યાકરણ તપાસનાર
വ്യാകരണം ഗംഭീരമായ എക്സിറ്റ്,વ્યાકરણ આકર્ષક બહાર નીકળો
ആകെ തുക,કુલ
ഗ്രാഫ്,ગ્રાફ
ഗ്രാഫ് പ്ലോട്ടിംഗ്,ગ્રાફ પ્લોટિંગ
ഗ്രാഫിക് സ്വഭാവം,ગ્રાફિક પાત્ર
ഗ്രാഫിക് കൺട്രോളർ,ગ્રાફિક નિયંત્રક
ഗ്രാഫിക് ഡാറ്റ ഘടന,ગ્રાફિક ડેટા માળખું
ഗ്രാഫിക് ഡിസ്പ്ലേ പ്രോഗ്രാം,ગ્રાફિક ડિસ્પ્લે પ્રોગ્રામ
ഗ്രാഫിക് ഡിസ്പ്ലേ റെസലൂഷൻ,ગ્રાફિક ડિસ્પ્લે રીઝોલ્યુશન
ഗ്രാഫിക് ഭാഷ,ગ્રાફિક ભાષા
ഗ്രാഫിക് ഭാഷ,ગ્રાફિક ભાષા
ഗ്രാഫിക് പാനൽ,ગ્રાફિક પેનલ
ഗ്രാഫിക്കൽ ആനിമേഷൻ,ગ્રાફિકલ એનિમેશન
ഗ്രാഫിക്കൽ ഇന്റർഫേസ് ഫോർമാറ്റ് (GIF),ગ્રાફિકલ ઇન્ટરફેસ ફોર્મેટ (GIF)
ഗ്രാഫിക്കൽ യൂസർ ഇന്റർഫേസ് (GUI),ગ્રાફિકલ યુઝર ઈન્ટરફેસ (GUI)
ഗ്രാഫിക്സ്,ગ્રાફિક્સ
ഗ്രാഫിക്സ് ആപ്ലിക്കേഷൻ,ગ્રાફિક્સ એપ્લિકેશન
ഗ്രാഫിക്സ് കഴ്സർ,ગ્રાફિક્સ કર્સર
ഗ്രാഫിക്സ് മോഡ്,ગ્રાફિક્સ મોડ
ഗ്രാഫിക്സ് പാക്കേജ്,ગ્રાફિક્સ પેકેજ
ഗ്രാഫിക്സ് സോഫ്റ്റ്വെയർ,ગ્રાફિક્સ સોફ્ટવેર
ഗ്രാഫിക്സ് സോഫ്റ്റ്വെയർ,ગ્રાફિક્સ સોફ્ટવેર
ഗ്രാഫിക്സ് സോഫ്റ്റ്വെയർ പാക്കേജ്,ગ્રાફિક્સ સોફ્ટવેર પેકેજ
ഗ്രേ സ്കെയിൽ,ગ્રે સ્કેલ
അത്യാഗ്രഹ രീതി,લોભી પદ્ધતિ
grep,grep
ഗ്രിഡ്,ગ્રીડ
ഗ്രിഡ് ചാർട്ട്,ગ્રીડ ચાર્ટ
ഗ്രിഡ് കമ്പ്യൂട്ടിംഗ്,ગ્રીડ કમ્પ્યુટિંગ
ഗ്രിഡ് മോഡുലേഷൻ,ગ્રીડ મોડ્યુલેશન
ഗ്രൗണ്ട് വേവ്,જમીન તરંગ
ഗ്രൂപ്പ്,જૂથ
ഗ്രൂപ്പ് വിലാസം,જૂથ સરનામું
ഗ്രൂപ്പ് കോഡ്,જૂથ કોડ
ഗ്രൂപ്പ് ആശയവിനിമയം,જૂથ સંચાર
ഗ്രൂപ്പ് ആശയവിനിമയം,જૂથ સંચાર
ഗ്രൂപ്പ് തിരിച്ചറിയൽ,જૂથ ઓળખ
ഗ്രൂപ്പ് പേര്,જૂથનું નામ
ഗ്രൂപ്പ്വെയർ,ગ્રુપવેર
വളർച്ച,વૃદ્ધિ
കാവൽ,રક્ષક
മാർഗനിർദേശം നൽകിയ മാധ്യമങ്ങൾ,માર્ગદર્શિત મીડિયા
വെടിയുണ്ട,ગનઝિપ
ഹാക്ക്,હેક
ഹാക്കർ,હેકર
ഹാക്കറുടെ നിഘണ്ടു,હેકરનો શબ્દકોશ
പകുതി ആഡർ,અડધા ઉમેરનાર
പകുതി പാലം,અડધો પુલ
പകുതി ഡ്യൂപ്ലക്സ്,અડધા ડુપ્લેક્સ
പകുതി ഡ്യൂപ്ലെക്സ് ലൈൻ,હાફ ડુપ્લેક્સ લાઇન
പകുതി ഡ്യുപ്ലെക്സ് മോഡ്,હાફ ડુપ્લેક્સ મોડ
പകുതി തീവ്രത,અડધી તીવ્રતા
പകുതി റൂട്ടർ,અડધા રાઉટર
പകുതി കുറയ്ക്കുന്നയാൾ,અડધા બાદબાકી કરનાર
പകുതി ടോണിംഗ്,અડધા ટોનિંગ
പകുതി വാക്ക്,અડધો શબ્દ
ഹാമിൽട്ടോണിയസ് സൈക്കിൾ,હેમિલટોનિયસ ચક્ર
ഹാമിംഗ് കോഡ്,હેમિંગ કોડ
കൈ,હાથ
കൈ പകർപ്പ്,હાથ નકલ
കൈകാര്യം ചെയ്യുക,હેન્ડલ
കൈകാര്യം ചെയ്യുന്നു,હેન્ડલિંગ
തൂക്കിയിടുക,અટકવું
സന്തോഷകരമായ വല,ખુશ ચોખ્ખી
ഹാർഡ് കോപ്പി ഉപകരണം,હાર્ડ કોપી ઉપકરણ
ഹാർഡ് ഡിസ്ക്,હાર્ડ ડિસ્ક
ഹാർഡ് ഡിസ്ക് ക്രാഷ്,હાર્ડ ડિસ્ક ક્રેશ
കഠിനമായ പിശക്,સખત ભૂલ
ഹാർഡ്‌വെയർ ഫ്ലോ നിയന്ത്രണം,હાર્ડવેર પ્રવાહ નિયંત્રણ
ഹാർമോണിക്,હાર્મોનિક
ഹാർമോണിക് അർത്ഥം,હાર્મોનિક સરેરાશ
ഹാഷ്,હેશ
ഹാഷ് ഡയഗ്രം,હેશ ડાયાગ્રામ
ഹാഷ് ടേബിൾ,હેશ ટેબલ
ഹാഷിംഗ് ടെക്നിക്,હેશિંગ તકનીક
തലക്കെട്ട്,હેડર
കൂമ്പാരം,ઢગલો
കൂമ്പാരം അടുക്കുക,ઢગલો સૉર્ટ
സഹായം,મદદ
സഹായ സ്ക്രീൻ,મદદ સ્ક્રીન
ഹെൽപ്പ്നെറ്റ്,હેલ્પનેટ
ഹെർട്സ്,હર્ટ્ઝ
ഹ്യൂറിസ്റ്റിക്,સંશોધનાત્મક
ഹ്യൂറിസ്റ്റിക് രീതി,હ્યુરિસ્ટિક પદ્ધતિ
ഹെക്സാഡെസിമൽ സംഖ്യകൾ,હેક્સાડેસિમલ સંખ્યાઓ
മറഞ്ഞിരിക്കുന്ന വരി,છુપાયેલ રેખા
ശ്രേണിപരമായ ഡാറ്റാ ബേസ്,અધિક્રમિક ડેટા બેઝ
ഹൈറാർക്കിക്കൽ ഫയൽ സിസ്റ്റം,અધિક્રમિક ફાઇલ સિસ્ટમ
ശ്രേണിപരമായ ഭൂപ്രകൃതി,વંશવેલો ટોપોગ્રાફી
ഉയർന്ന തലത്തിലുള്ള ഭാഷ,ઉચ્ચ સ્તરની ભાષા
ഉയർന്ന മെമ്മറി ഏരിയ,ઉચ્ચ મેમરી વિસ્તાર
ഉയർന്ന പ്രകടനം,સારો પ્રદ્સન
അടിച്ചു,ફટકો
ഹിറ്റ് നിരക്ക്,હિટ રેટ
ഹിറ്റ് അനുപാതം,હિટ રેશિયો
ദ്വാരം,છિદ્ર
ഹോം ഡയറക്ടറി,હોમ ડિરેક્ટરી
ഹോം പേജ്,હોમ પેજ
ഏകതാനമായ കോർഡിനേറ്റ്,સજાતીય સંકલન
ചാടുക,હોપ
ഹോപ്പ് എണ്ണം,હોપ ગણતરી
കൊമ്പ്,હોર્ન
ഹോസ്റ്റ് കമ്പ്യൂട്ടർ,હોસ્ટ કમ્પ્યુટર
ഹോസ്റ്റ് കമ്പ്യൂട്ടർ,હોસ્ટ કમ્પ્યુટર
ഹോസ്റ്റ് ഭാഷ,યજમાન ભાષા
ചൂടുള്ള കീ,ગરમ કી
ഹൈപ്പർ ടെക്സ്റ്റ് മാർക്ക്അപ്പ് ഭാഷ (HTML),હાઇપર ટેક્સ્ટ માર્કઅપ લેંગ્વેજ (HTML)
അനുമാനം,પૂર્વધારણા
ഞാൻ പോഡ്,હું પોડ
I/O ബഫർ,I/O બફર
I/O പോർട്ട്,I/O પોર્ટ
I/O യൂണിറ്റ്,I/O એકમ
ഐഡന്റിഫയർ,ઓળખકર્તા
ഐഡന്റിറ്റി,ઓળખ
ചിത്രം,છબી
ഇമേജ് സെൻസർ,ઇમેજ સેન્સર
ആഘാതം പ്രിന്റർ,અસર પ્રિન્ટર
തടസ്സം,અવરોધ
അനിവാര്യമായ പ്രോഗ്രാം ഭാഷ,અનિવાર્ય પ્રોગ્રામ ભાષા
അനിവാര്യമായ പ്രസ്താവന,અનિવાર્ય નિવેદન
പരോക്ഷമായ വിലാസം,ગર્ભિત સરનામું
അസാധ്യമായ സംഭവം,અશક્ય ઘટના
നിഷ്ക്രിയ നോഡ്,નિષ્ક્રિય નોડ
പൊരുത്തക്കേട്,અસંગતતા
ഇൻക്രിമെന്റും,વધારો
സൂചിക,અનુક્રમણિકા
സൂചിക ഡാറ്റ ഇനം,ઇન્ડેક્સ ડેટા આઇટમ
സൂചിക ഫയൽ,ઇન્ડેક્સ ફાઇલ
സൂചിക രജിസ്റ്റർ,ઇન્ડેક્સ રજિસ્ટર
സൂചിക ക്രമം,અનુક્રમણિકા
സൂചികയിലുള്ള വിലാസം,અનુક્રમિત સંબોધન
സൂചികയിലുള്ള ഭാഷ,અનુક્રમિત ભાષા
ഇൻഡക്‌സ് ചെയ്‌ത സീക്വൻസ് ഫയൽ,અનુક્રમિત ક્રમ ફાઇલ
ഇൻഡക്‌സ് ചെയ്‌ത സീക്വൻഷ്യൽ സ്‌ക്‌സസ് രീതി (ISAM),અનુક્રમિત અનુક્રમિક સ્કેસ પદ્ધતિ (ISAM)
പരോക്ഷ അഭിസംബോധന,પરોક્ષ સંબોધન
ഇൻഫോർമാറ്റിക്സ്,ઇન્ફોર્મેટિક્સ
വിവരങ്ങൾ,માહિતી
വിവര ബിറ്റ്,માહિતી બીટ
വിവര മാനേജ്മെന്റ്,માહિતી વ્યવસ્થાપન
ഇൻഫർമേഷൻ മാനേജ്മെന്റ് സിസ്റ്റം (IMS),માહિતી વ્યવસ્થાપન સિસ્ટમ (IMS)
വിവരങ്ങൾ വീണ്ടെടുക്കൽ,માહિતી પુનઃપ્રાપ્તિ
വിവര സംവിധാനം,ઇન્ફર્મેશન સિસ્ટમ
വിവര സാങ്കേതിക വിദ്യ (ഐടി),માહિતી ટેકનોલોજી (IT)
ഇൻഫ്രാസ്ട്രക്ചർ മാനേജ്മെന്റ്,ઈન્ફ્રાસ્ટ્રક્ચર મેનેજમેન્ટ
അനന്തരാവകാശം,વારસો
പാരമ്പര്യ പിശക്,વારસાગત ભૂલ
പ്രാരംഭം,પ્રારંભિક
പ്രാരംഭ വിലാസം,પ્રારંભિક સરનામું
പ്രാരംഭ അവസ്ഥ,પ્રારંભિક સ્થિતિ
ആരംഭിക്കൽ,આરંભ
മഷി ജെറ്റ് പ്രിന്റർ,શાહી જેટ પ્રિન્ટર
അസംഖ്യം,અસંખ્ય
ഐ-നോഡ് പട്ടിക,i-નોડ ટેબલ
പ്രവർത്തനരഹിതമായ സമയം,બિનકાર્યક્ષમ સમય
ഇൻപുട്ട് ബഫർ രജിസ്റ്റർ,ઇનપુટ બફર રજિસ્ટર
ഇൻപുട്ട് ഔട്ട്പുട്ട് പ്രോസസർ (I/O പ്രോസസർ),ઇનપુટ આઉટપુટ પ્રોસેસર (I/O પ્રોસેસર)
ഇൻപുട്ട് ഔട്ട്പുട്ട് രജിസ്റ്റർ (I/O രജിസ്റ്റർ),ઇનપુટ આઉટપુટ રજિસ્ટર (I/O રજિસ્ટર)
ഇൻപുട്ട് ഔട്ട്‌പുട്ട് സ്റ്റേറ്റ്‌മെന്റ് (I/O സ്റ്റേറ്റ്‌മെന്റ്),ઇનપુટ આઉટપુટ સ્ટેટમેન્ટ (I/O સ્ટેટમેન્ટ)
ഇൻപുട്ട്/ഔട്ട്പുട്ട് (I/O),ઇનપુટ/આઉટપુટ (I/O)
ഇൻപുട്ട്/ഔട്ട്പുട്ട് ബഫർ (I/O ബഫർ),ઇનપુટ/આઉટપુટ બફર (I/O બફર)
ഇൻപുട്ട്/ഔട്ട്പുട്ട് ഉപകരണം (I/O ഉപകരണം),ઇનપુટ/આઉટપુટ ઉપકરણ (I/O ઉપકરણ)
തിരുകുക,દાખલ કરો
ഉൾപ്പെടുത്തൽ അടുക്കുക,નિવેશ સૉર્ટ
ഇൻസ്റ്റലേഷൻ സമയം,સ્થાપન સમય
ഉദാഹരണം,દાખલો
നിർദ്ദേശം,સૂચના
നിർദ്ദേശ കൗണ്ടർ,સૂચના કાઉન્ટર
നിർദ്ദേശ ചക്രം,સૂચના ચક્ર
നിർദ്ദേശ സെറ്റ്,સૂચના સમૂહ
പൂർണ്ണസംഖ്യ പ്രോഗ്രാമിംഗ്,પૂર્ણાંક પ્રોગ્રામિંગ
പൂർണ്ണസംഖ്യ വേരിയബിൾ,પૂર્ણાંક ચલ
സംയോജിത മോഡം,સંકલિત મોડેમ
സംയോജിത സേവന ഡിജിറ്റൽ നെറ്റ്‌വർക്ക് (ISDN),સંકલિત સેવાઓ ડિજિટલ નેટવર્ક (ISDN)
സമഗ്രത,અખંડિતતા
ബുദ്ധിയുള്ള കൺട്രോളർ,બુદ્ધિશાળી નિયંત્રક
ഇന്റലിജന്റ് ടെർമിനൽ,બુદ્ધિશાળી ટર્મિનલ
ഇന്റർ ബ്ലോക്ക്,આંતર બ્લોક
ഇന്റർ ബ്ലോക്ക് വിടവ്,આંતર બ્લોક ગેપ
ഇന്റർ കമ്മ്യൂണിക്കേഷൻ സിസ്റ്റം,આંતર સંદેશાવ્યવહાર સિસ્ટમ
ഇടപെടൽ,ક્રિયાપ્રતિક્રિયા
സംവേദനാത്മക ഗ്രാഫിക്സ്,ઇન્ટરેક્ટિવ ગ્રાફિક્સ
സംവേദനാത്മക കീബോർഡ് പ്രിന്റർ,ઇન્ટરેક્ટિવ કીબોર્ડ પ્રિન્ટર
ഇന്റർകോം സേവനം,ઇન્ટરકોમ સેવા
ഇന്റർഫേസ്,ઈન્ટરફેસ
ഇന്റർലീവിംഗ്,ઇન્ટરલીવિંગ
ഇന്റർമീഡിയറ്റ് ബഫർ,મધ્યવર્તી બફર
ആന്തരിക ബ്ലോക്ക്,આંતરિક બ્લોક
ആന്തരിക ആശയവിനിമയം,આંતરિક સંચાર
ആന്തരിക വിഘടനം,આંતરિક વિભાજન
ആന്തരിക മെമ്മറി,આંતરિક મેમરી
ആന്തരിക തരം,આંતરિક પ્રકાર
ആന്തരിക ടൈമർ,આંતરિક ટાઈમર
ഇന്റർനാഷണൽ ഓർഗനൈസേഷൻ ഫോർ സ്റ്റാൻഡേർഡൈസേഷൻ (ഐഎസ്ഒ),માનકીકરણ માટે આંતરરાષ્ટ્રીય સંસ્થા (ISO)
അന്താരാഷ്ട്ര സാങ്കേതിക പിന്തുണ സംഘടന,આંતરરાષ્ટ્રીય તકનીકી સપોર્ટ સંસ્થા
ഇന്റർനെറ്റ്,ઈન્ટરનેટ
ഇന്റർനെറ്റ് എഞ്ചിനീയറിംഗ് ടാസ്‌ക് ഫോഴ്‌സ് (IETF),ઇન્ટરનેટ એન્જિનિયરિંગ ટાસ્ક ફોર્સ (IETF)
ഇന്റർനെറ്റ് എക്സ്പ്ലോറർ,ઇન્ટરનેટ એક્સપ્લોરર
ഇന്റർനെറ്റ് വേട്ട,ઇન્ટરનેટ શિકાર
ഇന്റർനെറ്റ് പ്രതിമാസ റിപ്പോർട്ട്,ઇન્ટરનેટ માસિક અહેવાલ
ഇന്റർനെറ്റ് പാക്കറ്റ് എക്സ്ചേഞ്ച്,ઇન્ટરનેટ પેકેટ વિનિમય
ഇന്റർനെറ്റ് പ്രോട്ടോക്കോൾ (IP),ઇન્ટરનેટ પ્રોટોકોલ (IP)
ഇന്റർനെറ്റ് പ്രോട്ടോക്കോൾ നീക്കം (IP),ઇન્ટરનેટ પ્રોટોકોલ દૂર (IP)
ഇന്റർനെറ്റ് റിലേ ചാറ്റ് (IRC),ઇન્ટરનેટ રિલે ચેટ (IRC)
ഇന്റർനെറ്റ് സേവന ദാതാവ്,ઇન્ટરનેટ સેવા પ્રદાતા
ഇന്റർനെറ്റ് സേവനങ്ങളുടെ പട്ടിക,ઇન્ટરનેટ સેવાઓની સૂચિ
ഇന്റർനെറ്റ് സൊസൈറ്റി,ઇન્ટરનેટ સોસાયટી
ഇന്റർനെറ്റ് ഉപകരണങ്ങൾ,ઇન્ટરનેટ સાધનો
ഇന്റർനെറ്റ് പ്രവർത്തിക്കുന്നു,ઇન્ટરનેટ કામ કરે છે
ഇന്റർനെറ്റ് പ്രവർത്തിക്കുന്നു,ઇન્ટરનેટ કામ કરે છે
ഇന്റർപോളേഷൻ,ઇન્ટરપોલેશન
വ്യാഖ്യാനിക്കുക,અર્થઘટન કરો
വ്യാഖ്യാതാവ്,દુભાષિયા
ഇന്റർപ്രോസസ് കമ്മ്യൂണിക്കേഷൻ,આંતરપ્રક્રિયા સંચાર
തടസ്സപ്പെടുത്തുക,વિક્ષેપ
തടസ്സപ്പെടുത്തുന്ന ഹാൻഡ്ലർ,વિક્ષેપ હેન્ડલર
തടസ്സപ്പെടുത്തുക മാസ്ക്,વિક્ષેપિત માસ્ક
തടസ്സപ്പെടുത്തൽ സിഗ്നൽ,વિક્ષેપ સંકેત
വെക്റ്റർ തടസ്സപ്പെടുത്തുക,વિક્ષેપ વેક્ટર
തടസ്സം,વિક્ષેપ
വിഭജിക്കുക,છેદાય છે
ഇൻട്രാനെറ്റ്,ઇન્ટ્રાનેટ
മാറ്റമില്ലാത്ത,અપરિવર્તનશીલ
ഇൻവെന്ററി മാസ്റ്റർ ഫയൽ,ઇન્વેન્ટરી માસ્ટર ફાઇલ
വിപരീത മൾട്ടിപ്ലക്സർ,વ્યસ્ત મલ્ટિપ્લેક્સર
വിപരീത സ്കാനിംഗ്,વ્યસ્ત સ્કેનિંગ
വിപരീത ഫയൽ,ઊંધી ફાઇલ
വിപരീത ലിസ്റ്റ് ഫയൽ,ઊંધી યાદી ફાઇલ
വിപരീത പേജ് പട്ടിക,ઊંધું પૃષ્ઠ ટેબલ
ഇൻവെർട്ടർ,ઇન્વર્ટર
ഇന്റർനെറ്റ് പ്രവർത്തിക്കുന്നു,ઇન્ટરનેટ કામ કરે છે
ഇന്റർപോളേഷൻ,ઇન્ટરપોલેશન
വ്യാഖ്യാനിക്കുക,અર્થઘટન કરો
വ്യാഖ്യാതാവ്,દુભાષિયા
ഇന്റർപ്രോസസ് കമ്മ്യൂണിക്കേഷൻ,આંતરપ્રક્રિયા સંચાર
തടസ്സപ്പെടുത്തുക,વિક્ષેપ
തടസ്സപ്പെടുത്തുന്ന ഹാൻഡ്ലർ,વિક્ષેપ હેન્ડલર
തടസ്സപ്പെടുത്തുക മാസ്ക്,વિક્ષેપિત માસ્ક
തടസ്സപ്പെടുത്തൽ സിഗ്നൽ,વિક્ષેપ સંકેત
വെക്റ്റർ തടസ്സപ്പെടുത്തുക,વિક્ષેપ વેક્ટર
തടസ്സം,વિક્ષેપ
വിഭജിക്കുക,છેદાય છે
ഇൻട്രാനെറ്റ്,ઇન્ટ્રાનેટ
മാറ്റമില്ലാത്ത,અપરિવર્તનશીલ
ഇൻവെന്ററി മാസ്റ്റർ ഫയൽ,ઇન્વેન્ટરી માસ્ટર ફાઇલ
വിപരീത മൾട്ടിപ്ലക്സർ,વ્યસ્ત મલ્ટિપ્લેક્સર
വിപരീത സ്കാനിംഗ്,વ્યસ્ત સ્કેનિંગ
വിപരീത ഫയൽ,ઊંધી ફાઇલ
വിപരീത ലിസ്റ്റ് ഫയൽ,ઊંધી યાદી ફાઇલ
വിപരീത പേജ് പട്ടിക,ઊંધું પૃષ્ઠ ટેબલ
ഇൻവെർട്ടർ,ઇન્વર્ટર
ജോലി മാനേജ്മെന്റ്,જોબ મેનેજમેન્ટ
തൊഴിലധിഷ്ഠിത ഭാഷ,નોકરી લક્ષી ભાષા
ജോലി മുൻഗണന,નોકરીની અગ્રતા
ജോലി ഷെഡ്യൂളിംഗ്,નોકરીનું સમયપત્રક
ജോലി ക്രമപ്പെടുത്തൽ,જોબ સિક્વન્સિંગ
ജോലി പട്ടിക,જોબ ટેબલ
ചേരുക (ചേരുക),જોડાઓ (જોડો)
ജോയിന്റ് ഫോട്ടോഗ്രാഫിക് ഗ്രൂപ്പ് (jpg),સંયુક્ત ફોટોગ્રાફિક જૂથ (jpg)
ജേണൽ,જર્નલ
സന്തോഷം വടി,આનંદની લાકડી
വിധി,જજમેન્ટ
ചാടുക,કૂદી
ജമ്പ് നിർദ്ദേശം,કૂદવાની સૂચના
ജമ്പർ,જમ્પર
ജംഗ്ഷൻ,જંકશન
ജങ്ക്,જંક
ന്യായീകരണം,વાજબીપણું
കെ ബൈറ്റുകൾ,k બાઇટ્સ
കർണൗഗ് മാപ്പ്,karnaugh નકશો
കർണൗഗ് മാപ്പ്,karnaugh નકશો
കെബി (കിലോ ബൈറ്റ്),KB (કિલો બાઈટ)
കേർണൽ,કર્નલ
കേർണൽ മോഡ്,કર્નલ મોડ
കെർണിംഗ്,કેર્નિંગ
താക്കോൽ,કી
കീ ബോർഡ്,કી બોર્ડ
കീ ബൗൺസ്,કી બાઉન્સ
കീ ക്ലിക്ക്,કી ક્લિક કરો
കീ കംപ്രഷൻ,કી કમ્પ્રેશન
കീ ഡിസ്ക്,કી ડિસ્ક
കീ എൻക്രിപ്ഷൻ,કી એન્ક્રિપ્શન
പ്രധാന ഫീൽഡ്,કી ક્ષેત્ર
കീ ഫയൽ,કી ફાઇલ
കീ ഫ്രെയിം,કી ફ્રેમ
പ്രധാന മാനേജ്മെന്റ്,કી મેનેજમેન્ટ
കീ പാഡ്,કી પેડ
കീ പാഡ്,કી પેડ
പ്രധാന വാക്യം,મુખ્ય શબ્દસમૂહ
കീ പൾസ്,કી પલ્સ
കീ പഞ്ച്,કી પંચ
കീ വർഗ്ഗീകരണം,કી વર્ગીકરણ
കീ സ്ട്രോക്ക്,કી સ્ટ્રોક
പരിവർത്തനത്തെ അഭിസംബോധന ചെയ്യുന്നതിനുള്ള താക്കോൽ,એડ્રેસ ટ્રાન્સફોર્મેશનની ચાવી
ഡിസ്കിലേക്കുള്ള കീ,ડિસ્કની ચાવી
ഫ്ലോപ്പിയുടെ താക്കോൽ,ફ્લોપી માટે કી
ടേപ്പിലേക്കുള്ള താക്കോൽ,ટેપની ચાવી
പ്രധാന വാക്ക്,મુખ્ય શબ્દ
തൊഴി,લાત
കൊല്ലുക,મારી નાખો
കിലോബിറ്റ്,કિલોબિટ
കെട്ടുകൾ,ગાંઠ
അറിവ് അടിസ്ഥാനമാക്കിയുള്ള വിവര സേവനങ്ങൾ,જ્ઞાન આધારિત માહિતી સેવાઓ
അറിവ് കണ്ടെത്തൽ,જ્ઞાન શોધ
വിജ്ഞാന കണ്ടെത്തൽ ഡാറ്റാബേസ് (KDD),જ્ઞાન શોધ ડેટાબેઝ (KDD)
വിജ്ഞാന എഞ്ചിനീയറിംഗ്,જ્ઞાન ઇજનેરી
വിജ്ഞാന മാനേജ്മെന്റ്,જ્ઞાન વ્યવસ્થાપન
വിജ്ഞാന പ്രവർത്തകൻ,જ્ઞાન કાર્યકર
ലാൻ അഡാപ്റ്റർ,લેન એડેપ્ટર
ലാൻ സെർവർ,લેન સર્વર
LAN ജോലിസ്ഥലം,LAN કાર્યસ્થળ
ലാൻഡ്സ്കേപ്പ്,લેન્ડસ્કેપ
ലാൻഡ്സ്കേപ്പ്,લેન્ડસ્કેપ
ഭാഷ,ભાષા
ഭാഷാ വ്യാഖ്യാതാവ്,ભાષા દુભાષિયા
ഭാഷാ പ്രോസസ്സർ,ભાષા પ્રોસેસર
ഭാഷാ വിവർത്തകൻ,ભાષા અનુવાદક
ലാപ്ടോപ്പ്,લેપટોપ
വലിയ തോതിലുള്ള ഏകീകരണം (എൽഎസ്ഐ),મોટા પાયે એકીકરણ (lsi)
വലിയ തോതിലുള്ള ഏകീകരണം (LSI),મોટા પાયે એકીકરણ (LSI)
ലേസർ,લેસર
ലേസർ പ്രിന്റർ,લેસર પ્રિન્ટર
അവസാനം ആദ്യം പുറത്തായി (LIFO),લાસ્ટ ઇન ફર્સ્ટ આઉટ (LIFO)
പാളി,સ્તર
ലേഔട്ട്,લેઆઉટ
ഇല,પર્ણ
ഇല നോഡ്,લીફ નોડ
ഇല സൈറ്റ്,પર્ણ સાઇટ
പാട്ടത്തിനെടുക്കുക,લીઝ
പാട്ടത്തിനെടുത്ത ചാനൽ,લીઝ્ડ ચેનલ
പാട്ടത്തിനെടുത്ത ലൈൻ,લીઝ્ડ લાઇન
ഏറ്റവും കുറഞ്ഞ ബിറ്റ് (എൽഎസ്ബി),ઓછામાં ઓછું નોંધપાત્ર બીટ (lsb)
ഏറ്റവും കുറഞ്ഞ അക്കം,ઓછામાં ઓછો નોંધપાત્ર અંક
പൈതൃക വ്യവസ്ഥ,વારસો સિસ્ટમ
ലെമ്മ,લેમ્મા
അക്ഷര നിലവാരം (LQ),અક્ષર ગુણવત્તા (LQ)
ലെക്സെം,લેક્સેમ
ലെക്സിക്കോഗ്രാഫി,લેક્સિકોગ્રાફી
പുസ്തകശാല,પુસ્તકાલય
ലൈബ്രറി പ്രോഗ്രാം,પુસ્તકાલય કાર્યક્રમ
ലൈബ്രറി സബ്-റോട്ടീൻ,પુસ્તકાલય પેટા-નિયમિત
ലൈസൻസ് കരാർ,લાઇસન્સ કરાર
ലൈറ്റ് എമിറ്റർ ഡയോഡ് (എൽഇഡി),પ્રકાશ ઉત્સર્જક ડાયોડ (LED)
നേരിയ തോക്ക്,હળવી બંદૂક
നേരിയ പേന,હળવી પેન
ലൈൻ അഡാപ്റ്റർ,રેખા એડેપ્ટર
ലൈൻ എഡിറ്റിംഗ്,રેખા સંપાદન
ലൈൻ പ്രിന്റർ,રેખા પ્રિન્ટર
ലീനിയർ,રેખીય
മിനിറ്റിലെ വരികൾ (LPM),લાઇન્સ પ્રતિ મિનિટ (LPM)
ലിങ്ക്,લિંક
ലിങ്ക് ചെയ്ത പട്ടിക,લિંક કરેલ સૂચિ
ലിനക്സ്,લિનક્સ
ലിക്വിഡ് ക്രിസ്റ്റൽ ഡിസ്പ്ലേ (എൽസിഡി),લિક્વિડ ક્રિસ્ટલ ડિસ્પ્લે (LCD)
ലിസ്റ്റ് പ്രോസസ്സിംഗ്,યાદી પ્રક્રિયા
അക്ഷരാർത്ഥം,શાબ્દિક
തത്സമയം,જીવંત
ലൈവ് നോഡ്,જીવંત નોડ
ലോഡ് ചെയ്യുക,લોડ
ലോഡ് മൊഡ്യൂൾ,લોડ મોડ્યુલ
പ്രാദേശിക,સ્થાનિક
പ്രാദേശിക പ്രവേശനം,સ્થાનિક ઍક્સેસ
ലോക്കൽ ഏരിയ നെറ്റ്‌വർക്ക് (ലാൻ),લોકલ એરિયા નેટવર્ક (Lan)
പ്രാദേശിക നിർവചനം,સ્થાનિક વ્યાખ્યા
പ്രാദേശിക കൈമാറ്റം,સ્થાનિક વિનિમય
പ്രാദേശിക മെമ്മറി,સ્થાનિક મેમરી
പ്രാദേശിക മോഡ്,સ્થાનિક મોડ
പ്രാദേശിക വേരിയബിൾ,સ્થાનિક ચલ
പൂട്ടുക,તાળું
ലോക്ക് ചെയ്ത ഫയൽ,લૉક કરેલી ફાઇલ
ലോഗിൻ=ലോഗിൻ ചെയ്യുക,log in=log on
ലോഗ് ഓഫ്-ലോഗ് ഔട്ട്,લોગ ઓફ-લોગ આઉટ
ലോഗിംഗ്,લોગીંગ
ലോജിക് അനലൈസർ,તર્ક વિશ્લેષક
ലോജിക് ബോംബ്,તર્ક બોમ્બ
ലോജിക് കാർഡ്,લોજિક કાર્ડ
ലോജിക് ചാർട്ട് (ഫ്ലോ ചാർട്ട്),લોજિક ચાર્ટ (ફ્લો ચાર્ટ)
ലോജിക് സർക്യൂട്ട്,લોજિક સર્કિટ
ലോജിക് ഡിസൈൻ,તર્ક ડિઝાઇન
ലോജിക് ഡയഗ്രം,લોજિક ડાયાગ્રામ
ലോജിക് ഫ്ലോ ചാർട്ട്,લોજિક ફ્લો ચાર્ટ
ലോജിക് ഫംഗ്ഷൻ,તર્ક કાર્ય
ലോജിക് ഗേറ്റ്,તર્ક દ્વાર
ലോജിക് പ്രോഗ്രാമിംഗ്,લોજિક પ્રોગ્રામિંગ
ലോജിക് ഷിഫ്റ്റ്,તર્ક પરિવર્તન
യുക്തിയുടെ അവസ്ഥ,તર્કની સ્થિતિ
ലോജിക് സ്വിച്ച്,તર્ક સ્વીચ
ലോജിക് യൂണിറ്റ്,તર્ક એકમ
ലോജിക്കൽ,તાર્કિક
ലോജിക്കൽ കണക്ഷൻ,તાર્કિક જોડાણ
ലോജിക്കൽ ഡാറ്റ ഘടന,લોજિકલ ડેટા માળખું
ലോജിക്കൽ ഡയഗ്രം,લોજિકલ ડાયાગ્રામ
ലോജിക്കൽ എക്സ്പ്രഷൻ,તાર્કિક અભિવ્યક્તિ
ലോജിക്കൽ ഫ്ലോ ചാർട്ട് (ഫ്ലോ ചാർട്ട്),લોજિકલ ફ્લો ચાર્ટ (ફ્લો ચાર્ટ)
ലോജിക്കൽ IF,તાર્કિક IF
ലോജിക്കൽ പ്രവർത്തനം,લોજિકલ કામગીરી
ലോജിക്കൽ ഓപ്പറേറ്റർ,લોજિકલ ઓપરેટર
ലോജിക്കൽ ബന്ധം,તાર્કિક સંબંધ
ലോജിക്കൽ സ്കീം,તાર્કિક યોજના
ലോജിക്കൽ ചിഹ്നം,તાર્કિક પ્રતીક
ലോജിക്കൽ തരം,તાર્કિક પ્રકાર
ലോജിക്കൽ മൂല്യം,તાર્કિક મૂલ્ય
ലോജിക്കൽ വേരിയബിൾ,લોજિકલ ચલ
മുന്നോട്ട് നോക്കൂ,આગળ જુઓ કેરી
മുന്നോട്ട് നോക്കൂ,સેટ આગળ જુઓ
തിരയൽ,જુઓ
ലൂപ്പ്,લૂપ
ലൂപ്പ് നിയന്ത്രണം,લૂપ નિયંત્રણ
ലൂപ്പ് സമാരംഭം,લૂપ આરંભ
ലൂപ്പ് പരിഷ്ക്കരണം,લૂપ ફેરફાર
ലൂപ്പ് നെറ്റ്വർക്ക്,લૂપ નેટવર્ક
ലൂപ്പ് ആരംഭം,લૂપ શરૂઆત
ലൂപ്പ് അവസാനിപ്പിക്കൽ,લૂપ સમાપ્તિ
ലൂപ്പ്-ബാക്ക് ടെസ്റ്റ്,લૂપ-બેક ટેસ્ટ
അയഞ്ഞ കപ്പിൾഡ്,ઢીલી રીતે જોડાયેલી
നഷ്ടമില്ലാത്ത കംപ്രഷൻ,લોસલેસ કમ્પ્રેશન
നഷ്ടമായ കംപ്രഷൻ,નુકસાનકારક કમ્પ્રેશન
കുറഞ്ഞ ബൈറ്റ്,ઓછી બાઈટ
താഴ്ന്ന നിലയിലുള്ള ഭാഷ,નિમ્ન સ્તરની ભાષા
കുറഞ്ഞ പാസ് ഫിൽട്ടർ,નીચા પાસ ફિલ્ટર
താഴ്ന്ന പരിധി,ના જેટલું કે તેનાથી ઓછું
മാക് പ്രോട്ടോക്കോൾ (ഇടത്തരം പ്രവേശന നിയന്ത്രണം),મેક પ્રોટોકોલ (મધ્યમ ઍક્સેસ નિયંત્રણ)
യന്ത്രം,મશીન
മെഷീൻ വിലാസം,મશીન સરનામું
മെഷീൻ കോഡ്,મશીન કોડ
മെഷീൻ സൈക്കിൾ,મશીન ચક્ર
യന്ത്രത്തെ ആശ്രയിക്കുന്ന ഭാഷ,મશીન આધારિત ભાષા
മെഷീൻ ആശ്രിത സോഫ്റ്റ്വെയർ,મશીન આધારિત સોફ્ટવેર
യന്ത്ര പിശക്,મશીનની ભૂલ
മെഷീൻ നിഷ്ക്രിയ സമയം,મશીન નિષ્ક્રિય સમય
യന്ത്ര സ്വതന്ത്ര ഭാഷ,મશીન સ્વતંત્ર ભાષા
യന്ത്ര നിർദ്ദേശം,મશીન સૂચના
യന്ത്ര ബുദ്ധി,મશીન બુદ્ધિ
യന്ത്രഭാഷ,મશીન ભાષા
യന്ത്ര പഠനം,મશીન લર્નિંગ
യന്ത്ര പ്രവർത്തനം,મશીન કામગીરી
യന്ത്രാധിഷ്ഠിത ഭാഷ,મશીન લક્ષી ભાષા
മെഷീൻ റൺ,મશીન ચલાવવું
മെഷീൻ സിമുലേഷൻ,મશીન સિમ્યુલેશન
മെഷീൻ കേടായ സമയം,મશીનનો સમય બગડ્યો
യന്ത്ര വിവർത്തനം,મશીન અનુવાદ
യന്ത്ര വാക്ക്,મશીન શબ્દ
മാക്രോ (=മാക്രോ നിർദ്ദേശം),મેક્રો (=મેક્રો સૂચના)
മാക്രോ വാദം,મેક્રો દલીલ
മാക്രോ അസംബ്ലി പ്രോഗ്രാം,મેક્રો એસેમ્બલી પ્રોગ્રામ
മാക്രോ കോൾ,મેક્રો કોલ
മാക്രോ കോഡ്,મેક્રો કોડ
മാക്രോ കമാൻഡ്,મેક્રો આદેશ
മാക്രോ പ്രഖ്യാപനം,મેક્રો ઘોષણા
മാക്രോ നിർവചനം,મેક્રો વ્યાખ્યા
മാക്രോ ഫ്ലോ ചാർട്ട്,મેક્રો ફ્લો ચાર્ટ
മാക്രോ ജനറേറ്റർ,મેક્રો જનરેટર
മാക്രോ നിർദ്ദേശം,મેક્રો સૂચના
മാക്രോ ഭാഷ,મેક્રો ભાષા
മാക്രോ ലൈബ്രറി,મેક્રો લાઇબ્રેરી
മാക്രോ പാരാമീറ്റർ,મેક્રો પરિમાણ
മാക്രോ പ്രോസസ്സിംഗ്,મેક્રો પ્રોસેસિંગ
മാക്രോ പ്രൊസസർ,મેક્રો પ્રોસેસર
മാക്രോ പ്രോഗ്രാമിംഗ്,મેક્રો પ્રોગ્રામિંગ
മാക്രോ പ്രോട്ടോടൈപ്പ്,મેક્રો પ્રોટોટાઇપ
മാക്രോ-കോഡിംഗ്,મેક્રો-કોડિંગ
മാഗബൈറ്റ് (MB),મેગાબાઈટ (MB)
മാന്ത്രിക കഥാപാത്രം,જાદુઈ પાત્ર
മാന്ത്രിക സംഖ്യ,જાદુઈ સંખ્યા
കാന്തിക ബബിൾ മെമ്മറി,ચુંબકીય બબલ મેમરી
കാന്തിക കാർഡ്,ચુંબકીય કાર્ડ
കാന്തിക കോശം,ચુંબકીય કોષ
കാന്തിക സ്വഭാവം,ચુંબકીય પાત્ર
കാന്തിക കോർ സംഭരണം,ચુંબકીય કોર સંગ્રહ
കാന്തിക ഡിസ്ക്,ચુંબકીય ડિસ્ક
കാന്തിക ഡിസ്ക് വിലാസം,ચુંબકીય ડિસ્ક સરનામું
മാഗ്നറ്റിക് ഡിസ്ക് മെമ്മറി,ચુંબકીય ડિસ્ક મેમરી
കാന്തിക ഡ്രം,ચુંબકીય ડ્રમ
കാന്തിക എൻകോഡിംഗ്,ચુંબકીય એન્કોડિંગ
കാന്തിക തല,ચુંબકીય વડા
കാന്തിക മഷി,ચુંબકીય શાહી
കാന്തിക മഷി പ്രതീക തിരിച്ചറിയൽ (MICR),ચુંબકીય શાહી અક્ષર ઓળખ (MICR)
കാന്തിക മാധ്യമം,ચુંબકીય માધ્યમ
കാന്തിക വായന,ચુંબકીય વાંચન
കാന്തിക റെക്കോർഡിംഗ്,ચુંબકીય રેકોર્ડિંગ
കാന്തിക സംഭരണം,ચુંબકીય સંગ્રહ
കാന്തിക സ്ട്രിപ്പ്,ચુંબકીય પટ્ટી
കാന്തിക ടേപ്പ്,ચુંબકીય ટેપ
കാന്തിക ടേപ്പ് കാട്രിഡ്ജ്,ચુંબકીય ટેપ કારતૂસ
കാന്തിക ടേപ്പ് ഡ്രൈവ്,ચુંબકીય ટેપ ડ્રાઇવ
കാന്തിക ടേപ്പ് തലക്കെട്ട്,ચુંબકીય ટેપ હેડર
മാഗ്നറ്റിക് ടേപ്പ് ലൈബ്രേറിയൻ,ચુંબકીય ટેપ ગ્રંથપાલ
കാന്തിക ടേപ്പ് ഗതാഗതം,ચુંબકીય ટેપ પરિવહન
കാന്തിക ടേപ്പ് യൂണിറ്റ്,ચુંબકીય ટેપ એકમ
കാന്തിക നേർത്ത ഫിലിം,ચુંબકીય પાતળી ફિલ્મ
കാന്തിക ട്രാക്ക്,ચુંબકીય ટ્રેક
മാഗ്നെറ്റോ ഒപ്റ്റിക് സംഭരണം,મેગ્નેટો ઓપ્ટિક સ્ટોરેજ
മാഗ്നെറ്റോഗ്രാഫിക് പ്രിന്റർ,મેગ્નેટોગ્રાફિક પ્રિન્ટર
മാഗ്നെറ്റോസ്ട്രിക്ഷൻ,મેગ્નેટોસ્ટ્રિક્શન
മാഗ്നെറ്റോസ്ട്രിക്റ്റീവ് ടാബ്ലറ്റ്,મેગ્નેટોસ્ટ્રેક્ટિવ ટેબ્લેટ
മെയിൽ ബോക്സ്,મેઈલ બોક્સ
മെയിൽ ലയനം,મેલ મર્જ
പ്രധാന നിയന്ത്രണ യൂണിറ്റ്,મુખ્ય નિયંત્રણ એકમ
പ്രധാന ഫ്രെയിം,મુખ્ય ફ્રેમ
പ്രധാന ഫ്രെയിം സിസ്റ്റം,મુખ્ય ફ્રેમ સિસ્ટમ
പ്രധാന മെമ്മറി,મુખ્ય મેમરી
പ്രധാന പ്രോഗ്രാം,મુખ્ય કાર્યક્રમ
പ്രധാന സംഭരണം,મુખ્ય સંગ્રહ
പ്രധാന സ്വിച്ച്,મુખ્ય સ્વીચ
മെയിന്റനൻസ്,જાળવણી
മെയിന്റനൻസ് പാനൽ,જાળવણી પેનલ
അറ്റകുറ്റപ്പണി സമയം,જાળવણી સમય
പ്രധാന ചക്രം,મુખ્ય ચક્ર
പ്രധാന ഉപകരണം,મુખ્ય ઉપકરણ
പ്രധാന കീ,મુખ્ય ચાવી
പ്രധാന സംസ്ഥാനം,મુખ્ય રાજ્ય
പ്രധാന ഘടന,મુખ્ય માળખું
പ്രധാന ദൗത്യം,મુખ્ય કાર્ય
ഭൂരിപക്ഷ ഘടകം,બહુમતી તત્વ
ഭൂരിപക്ഷ ഗേറ്റ്,બહુમતી દરવાજો
ഭൂരിപക്ഷ പ്രവർത്തനം,બહુમતી કામગીરી
മേക്കപ്പ് സമയം,મેકઅપ સમય
തകരാർ പതിവ്,ખામીયુક્ત નિયમિત
മാനേജ്മെന്റ് വികസനം,સંચાલન વિકાસ
മാനേജ്മെന്റ് ഇൻഫർമേഷൻ സിസ്റ്റം (എംഐഎസ്),મેનેજમેન્ટ ઇન્ફોર્મેશન સિસ્ટમ (MIS)
മാനേജ്മെന്റ് സയൻസ്,મેનેજમેન્ટ વિજ્ઞાન
മാഞ്ചസ്റ്റർ കോഡിംഗ്,માન્ચેસ્ટર કોડિંગ
മാനിഫോൾഡിംഗ്,મેનીફોલ્ડિંગ
കൃത്രിമ വേരിയബിൾ,મેનિપ્યુલેટેડ ચલ
സൂചികയിൽ കൃത്രിമം കാണിക്കുന്നു,ઇન્ડેક્સીંગની હેરફેર
മനുഷ്യ-മെഷീൻ സിമുലേഷൻ,મેન-મશીન સિમ્યુલેશન
സ്വമേധയാലുള്ള വിലാസ സ്വിച്ച്,મેન્યુઅલ એડ્રેસ સ્વીચ
മാനുവൽ വിശകലനം,મેન્યુઅલ વિશ્લેષણ
മാനുവൽ ഉത്തരം,મેન્યુઅલ જવાબો
മാനുവൽ എൻട്രി,મેન્યુઅલ એન્ટ્રી
മാനുവൽ എക്സ്ചേഞ്ച്,મેન્યુઅલ વિનિમય
മാനുവൽ ഇൻപുട്ട്,મેન્યુઅલ ઇનપુટ
മാനുവൽ പ്രവർത്തനം,મેન્યુઅલ કામગીરી
പലതും പലതുമായ ബന്ധം,ઘણા થી ઘણા સંબંધ
പലതും ഒരു ഡീകോഡറും,ઘણા થી એક ડીકોડર
മാപ്പ് രീതി,નકશા પદ્ધતિ
മാപ്പിംഗ്,મેપિંગ
മാർജിൻ,માર્જિન
മാർജിൻ പിശക്,માર્જિન ભૂલ
മാർജിനൽ ചെക്ക്,સીમાંત ચેક
മാർജിനൽ ടെസ്റ്റ്,સીમાંત કસોટી
അടയാളം കണ്ടെത്തൽ,માર્ક શોધ
മാർക്ക് വായന,માર્ક વાંચન
അടയാളം സ്കാനിംഗ്,માર્ક સ્કેનિંગ
മാർക്ക് സെൻസ്,માર્ક સેન્સ
മാർക്കർ,માર્કર
അടയാളപ്പെടുത്തുന്നു,માર્કિંગ
അടയാളപ്പെടുത്തൽ തരംഗം,ચિહ્નિત તરંગ
മാർക്കോവ് ചെയിൻ,માર્કોવ સાંકળ
മാർക്കോവ് ഉറവിടം,માર્કોવ સ્ત્રોત
അടയാളപ്പെടുത്തൽ ഭാഷ,માર્ક-અપ ભાષા
മാസർ,મેસર
മാസർ,મેસર
മുഖംമൂടി,મહોરું
മുഖംമൂടി ബിറ്റ്,માસ્ક બીટ
മാസ്ക് പ്രോഗ്രാമബിൾ ഉപകരണം,માસ્ક પ્રોગ્રામેબલ ઉપકરણ
മാസ്ക് രജിസ്റ്റർ,માસ્ક રજીસ્ટર
മുഖംമൂടി ധരിച്ച റോം,માસ્ક કરેલ ROM
മാസ്കിംഗ്,માસ્કીંગ
ബഹുജന ഡാറ്റ,માસ ડેટા
മാസ് മെമ്മറി,માસ મેમરી
വൻതോതിൽ സമാന്തരമായി,મોટા પાયે સમાંતર
മാസ്റ്റർ,માસ્ટર
മാസ്റ്റർ കാർഡ്,માસ્ટર કાર્ડ
മാസ്റ്റർ ക്ലോക്ക്,મુખ્ય ઘડિયાળ
മാസ്റ്റർ കൺസോൾ,માસ્ટર કન્સોલ
മാസ്റ്റർ ഡാറ്റ,મુખ્ય ડેટા
മാസ്റ്റർ ഡയഗ്രം,માસ્ટર ડાયાગ્રામ
മാസ്റ്റർ ഫയൽ,માસ્ટર ફાઇલ
മാസ്റ്റർ ഗ്രൂപ്പ്,મુખ્ય જૂથ
മാസ്റ്റർ കീ,મુખ્ય કી
മാസ്റ്റർ ലൈബ്രറി ടേപ്പ്,માસ્ટર લાઇબ્રેરી ટેપ
മാസ്റ്റർ പ്രൊസസർ,મુખ્ય પ્રોસેસર
മാസ്റ്റർ പ്രോഗ്രാം,માસ્ટર પ્રોગ્રામ
മാസ്റ്റർ സ്റ്റേഷൻ,મુખ્ય સ્ટેશન
മാസ്റ്റർ ടേപ്പ്,મુખ્ય ટેપ
മാസ്റ്റർ ടെർമിനൽ,મુખ્ય ટર્મિનલ
മാസ്റ്റർ/സ്ലേവ് ഉപകരണം,માસ્ટર/સ્લેવ ઉપકરણ
യജമാനൻ/അടിമ സംവിധാനം,માસ્ટર/સ્લેવ સિસ્ટમ
പൊരുത്തം,મેચ
പൊരുത്തപ്പെടുന്നു,મેચિંગ
ഗണിത പ്രോഗ്രാമിംഗ്,ગાણિતિક પ્રોગ્રામિંગ
ഗണിത അനുകരണം,ગાણિતિક સિમ્યુલેશન
മാട്രിക്സ്,મેટ્રિક્સ
മാട്രിക്സ് പ്രിന്റർ,મેટ્રિક્સ પ્રિન્ટર
മാട്രിക്സ് സ്വിച്ച്,મેટ્રિક્સ સ્વીચ
മാട്രിക്സ് പട്ടിക,મેટ્રિક્સ ટેબલ
പരമാവധി കമ്പ്യൂട്ടർ,મેક્સી કમ્પ્યુટર
മാക്സികമ്പ്യൂട്ടർ,મેક્સિકોમ્પ્યુટર
പരമാവധി ഘടകം,મહત્તમ તત્વ
പരമാവധി (സാധാരണ തുക കാലാവധി),મહત્તમ (પ્રમાણભૂત રકમ શબ્દ)
മാക്സ്വെൽ ഡെമൺ,મેક્સવેલ ડિમન
അർത്ഥം,મીન
അറ്റകുറ്റപ്പണി സമയം എന്നാണ് അർത്ഥമാക്കുന്നത്,અર્થ સમારકામ સમય
പരാജയത്തിന് ഇടയിലുള്ള ശരാശരി സമയം (MTBF),નિષ્ફળતા વચ્ચેનો સરેરાશ સમય (MTBF)
പരാജയത്തിന് ഇടയിലുള്ള ശരാശരി സമയം (MTBF),નિષ્ફળતા વચ્ચેનો સરેરાશ સમય (MTBF)
പരാജയത്തിന്റെ സമയം എന്നാണ് അർത്ഥമാക്കുന്നത്,નિષ્ફળતાનો સમય
നന്നാക്കാനുള്ള സമയം എന്നാണ് അർത്ഥമാക്കുന്നത്,સમારકામ માટેનો સમય
നന്നാക്കാനുള്ള ശരാശരി സമയം (MTTR),સમારકામ માટેનો સરેરાશ સમય (MTTR)
മീഡിയം സ്കെയിൽ ഇന്റഗ്രേഷൻ (എംഎസ്ഐ),મધ્યમ પાયે એકીકરણ (MSI)
മീഡിയം സ്കെയിൽ ഇന്റഗ്രേഷൻ (എംഎസ്ഐ),મધ્યમ પાયે એકીકરણ (MSI)
ഇടത്തരം സംഭരണ ഉപകരണം,મધ્યમ ગાળાના સંગ્રહ ઉપકરણ
മെഗാബിറ്റ് പെർ സെക്കൻഡ് (MB Ps),મેગાબીટ પ્રતિ સેકન્ડ (MB Ps)
അംഗ വസ്തു,સભ્ય પદાર્થ
അംഗ റെക്കോർഡ്,સભ્ય રેકોર્ડ
മെമ്മറി,મેમરી
മെമ്മറി അറേ,મેમરી એરે
മെമ്മറി ബാങ്ക്,મેમરી બેંક
മെമ്മറി ബഫർ രജിസ്റ്റർ,મેમરી બફર રજિસ્ટર
മെമ്മറി ബസ്,મેમરી બસ
മെമ്മറി കാര്ഡ്,મેમરી કાર્ડ
മെമ്മറി സെൽ,મેમરી સેલ
മെമ്മറി കോംപാക്ഷൻ,મેમરી કોમ્પેક્શન
മെമ്മറി കോർ,મેમરી કોર
മെമ്മറി സൈക്കിൾ,મેમરી ચક્ર
മെമ്മറി ഡാറ്റ രജിസ്റ്റർ,મેમરી ડેટા રજિસ્ટર
മെമ്മറി ഡംപ്,મેમરી ડમ્પ
മെമ്മറി എക്സ്ചേഞ്ച്,મેમરી વિનિમય
മെമ്മറി ശ്രേണി,મેમરી વંશવેલો
മെമ്മറി നിർദ്ദേശം,મેમરી સૂચના
മെമ്മറി മാനേജ്മെന്റ്,મેમરી મેનેજમેન્ટ
മെമ്മറി മാപ്പ്,મેમરી નકશો
മെമ്മറി മാപ്പ് ചെയ്ത I/O,મેમરી મેપ કરેલ I/O
മെമ്മറി മോഡൽ,મેમરી મોડેલ
മെമ്മറി മൊഡ്യൂൾ,મેમરી મોડ્યુલ
മെമ്മറി പോയിന്റർ രജിസ്റ്റർ,મેમરી પોઇન્ટર રજીસ્ટર
ഓർമ്മ ശക്തി,મેમરી પાવર
മെമ്മറി സംരക്ഷണം,મેમરી રક્ષણ
മെമ്മറി റഫറൻസ് നിർദ്ദേശം,મેમરી સંદર્ભ સૂચના
മെമ്മറി റസിഡന്റ് പ്രോഗ്രാം,મેમરી નિવાસી કાર્યક્રમ
മെമ്മറി യൂണിറ്റ്,મેમરી યુનિટ
മെനു,મેનુ
മെനു ബാർ,મેનુ બાર
മെനു ഡ്രൈവ്,મેનુ ડ્રાઈવ
മെനു തിരഞ്ഞെടുക്കൽ,મેનુ પસંદગી
മെനു അടിസ്ഥാനമാക്കിയുള്ള പ്രോഗ്രാം,મેનુ આધારિત કાર્યક્રમ
ലയിപ്പിക്കുക,મર્જ કરો
എക്സ്ചേഞ്ച് സോർട്ട് ലയിപ്പിക്കുക,વિનિમય સૉર્ટ મર્જ કરો
ലയിപ്പിക്കുക,મર્જ સૉર્ટ
ലയിപ്പിക്കുന്നു,મર્જિંગ
മെഷ് നെറ്റ്വർക്ക്,જાળીદાર નેટવર્ક
സന്ദേശമയയ്‌ക്കൽ,મેસેજિંગ
സന്ദേശം,સંદેશ
സന്ദേശ പ്രാമാണീകരണം,સંદેશ પ્રમાણીકરણ
സന്ദേശ ബോക്സ്,સંદેશ બોક્સ
സന്ദേശ സർക്യൂട്ട്,સંદેશ સર્કિટ
സന്ദേശ ഫോർമാറ്റ്,સંદેશ ફોર્મેટ
സന്ദേശ തലക്കെട്ട്,સંદેશ હેડર
സന്ദേശ മോഡ്,સંદેશ મોડ
സന്ദേശം കൈമാറുന്നു,સંદેશ પસાર
സന്ദേശ വോട്ടെടുപ്പ്,સંદેશ મતદાન
സന്ദേശ ക്യൂ,સંદેશ કતાર
സന്ദേശ സ്വിച്ച്,સંદેશ સ્વીચ
സന്ദേശ വാചകം,સંદેશ ટેક્સ્ટ
സന്ദേശ കൈമാറ്റ ഏജന്റ്,સંદેશ ટ્રાન્સફર એજન્ટ
മെറ്റാ അസംബ്ലർ,મેટા એસેમ્બલર
മെറ്റാ ക്ലാസ്,મેટા વર્ગ
മെറ്റാ സമാഹാരം,મેટા સંકલન
മെറ്റാ കമ്പൈലർ,મેટા કમ્પાઇલર
മെറ്റാ ഭാഷ,મેટા ભાષા
മെറ്റാ നെറ്റ്വർക്ക്,મેટા નેટવર્ક
മെറ്റാ സിസ്റ്റം,મેટા સિસ્ટમ
രീതി,પદ્ધતિ
മെട്രോപൊളിറ്റൻ ഏരിയ നെറ്റ്‌വർക്ക് (MAN),મેટ્રોપોલિટન એરિયા નેટવર્ક (MAN)
മൈക്രോ,સૂક્ષ્મ
മൈക്രോ കോഡ്,માઇક્રો કોડ
മൈക്രോ കമ്പ്യൂട്ടർ,માઇક્રો કમ્પ્યુટર
മൈക്രോ കൺട്രോളർ,માઇક્રો કંટ્રોલર
മൈക്രോ സൈക്കിൾ,સૂક્ષ્મ ચક્ર
മൈക്രോ ഇലക്ട്രോണിക് മെക്കാനിക്കൽ സിസ്റ്റം (MEMS),માઇક્રો ઇલેક્ટ્રોનિક મિકેનિકલ સિસ્ટમ (MEMS)
മൈക്രോ ഇലക്ട്രോണിക്സ്,માઇક્રો ઇલેક્ટ્રોનિક્સ
മൈക്രോ മിനി ഓതറൈസേഷൻ,સૂક્ષ્મ લઘુ અધિકૃતતા
മൈക്രോ ഓർഡർ,માઇક્રો ઓર્ડર
മൈക്രോ/മെയിൻഫ്രെയിം ലിങ്ക്,માઇક્રો/મેઇનફ્રેમ લિંક
മൈക്രോചിപ്പ്,માઇક્રોચિપ
മൈക്രോകോബോൾ,માઇક્રોકોબોલ
മൈക്രോകോഡ്,માઇક્રોકોડ
മൈക്രോഫിഷ്,માઇક્રોફિચે
മൈക്രോഫ്ലോപ്പി,માઇક્રોફ્લોપી
മൈക്രോഫോം റീഡർ,માઇક્રોફોર્મ રીડર
മൈക്രോഫ്രെയിം,માઇક્રોફ્રેમ
മൈക്രോഗ്രാഫിക്സ്,માઈક્રોગ્રાફિક્સ
മൈക്രോഫോൺ,માઇક્રોફોન
മൈക്രോഫോട്ടോഗ്രാഫ്,માઇક્રોફોટોગ્રાફ
മൈക്രോപ്രൊസസിംഗ് യൂണിറ്റ്,માઇક્રોપ્રોસેસિંગ એકમ
മൈക്രോപ്രൊസസർ,માઇક્રોપ્રોસેસર
മൈക്രോപ്രൊസസർ ചിപ്പ്,માઇક્રોપ્રોસેસર ચિપ
മൈക്രോപ്രൊസസർ കമ്പൈലർ,માઇક્રોપ્રોસેસર કમ્પાઇલર
മൈക്രോപ്രൊസസർ യൂണിറ്റ് (എംപിയു),માઇક્રોપ્રોસેસર યુનિટ (MPU)
മൈക്രോപ്രോഗ്രാം,માઇક્રોપ્રોગ્રામ
മൈക്രോസെക്വൻസ്,માઇક્રોસિક્વન્સ
മൈക്രോസോഫ്റ്റ്,માઈક્રોસોફ્ટ
മൈക്രോസോഫ്റ്റ് വിൻഡോകൾ,માઇક્રોસોફ્ટ વિન્ડોઝ
മൈക്രോവേവ്,માઇક્રોવેવ
മൈക്രോവേവ് ലിങ്ക്,માઇક્રોવેવ લિંક
മൈക്രോവേവ് പ്രചരണം,માઇક્રોવેવ પ્રચાર
മധ്യ മാനേജ്മെന്റ്,મધ્યમ સંચાલન
മിഡിൽവെയർ,મિડલવેર
മിഡികമ്പ്യൂട്ടർ,મિડીકોમ્પ્યુટર
മധ്യഭാഗം,મધ્યબિંદુ
ഇടക്കാല,મધ્યસત્ર
മൈഗ്രേഷൻ പാത,સ્થળાંતરનો માર્ગ
സെക്കൻഡിൽ ദശലക്ഷം നിർദ്ദേശങ്ങൾ (MIPS),મિલિયન સૂચના પ્રતિ સેકન્ડ (MIPS)
മിനികമ്പ്യൂട്ടർ,મિની કોમ્પ્યુટર
മിനിഡിസ്കെറ്റ്,મિનિડિસ્કેટ
ഏറ്റവും കുറഞ്ഞ കേർണൽ,ન્યૂનતમ કર્નલ
കുറഞ്ഞ ഉൽപ്പന്നം,ન્યૂનતમ ઉત્પાદન
ഏറ്റവും കുറഞ്ഞ വൃക്ഷം,ન્યૂનતમ વૃક્ષ
മിനിമാക്സ് (മിനി-മാക്സ്) അൽഗോരിതം,મિનિમેક્સ (ન્યૂનતમ-મહત્તમ) અલ્ગોરિધમ
മിനിമാക്സ് നടപടിക്രമം,ન્યૂનતમ પ્રક્રિયા
ഏറ്റവും കുറഞ്ഞ ചെലവ് പരന്നുകിടക്കുന്ന മരം,લઘુત્તમ ખર્ચ ફેલાયેલા વૃક્ષ
ഏറ്റവും കുറഞ്ഞ ലേറ്റൻസി കോഡിംഗ്,ન્યૂનતમ લેટન્સી કોડિંગ
ചെറിയ ഉപകരണം,નાનું ઉપકરણ
മിന്ററിം,મિન્ટેરિમ
മൈനസ് പതാക,માઈનસ ધ્વજ
മൈനസ് പതാക,માઈનસ ધ્વજ
മൈനസ് സോൺ,માઈનસ ઝોન
കണ്ണാടി,અરીસો
കണ്ണാടി സൈറ്റ്,મિરર સાઇટ
മിക്സഡ്-റാഡിക്സ് നൊട്ടേഷൻ,મિશ્ર-મૂલક સંકેત
മിക്സർ,મિક્સર
ഓർമ്മപ്പെടുത്തൽ,નેમોનિક
സ്മരണിക വിലാസം,નેમોનિક સરનામું
മെമ്മോണിക്സ്,નેમોનિક્સ
മൊബൈൽ,મોબાઈલ
മൊബൈൽ കമ്പ്യൂട്ടിംഗ്,મોબાઇલ કમ્પ્યુટિંગ
മോഡൽ,મોડલ
മാതൃകയില്ലാത്ത എഡിറ്റർ,મોડલેસ એડિટર
മോഡലിംഗ്,મોડેલિંગ
മോഡം,મોડેમ
മിതത്വം,માધ્યમ
മോഡറേഷൻ,મધ્યસ્થતા
മോഡറേറ്റർ,મધ્યસ્થી
പരിഷ്കരിച്ച നിർദ്ദേശം,સંશોધિત સૂચના
മോഡിഫയർ,મોડિફાયર
മോഡിഫയർ ബിറ്റ്,મોડિફાયર બીટ
പരിഷ്ക്കരിക്കുക,ફેરફાર કરો
മോഡുലാർ,મોડ્યુલર
മോഡുലാരിറ്റി,મોડ્યુલારિટી
മോഡുലേഷൻ,મોડ્યુલેશન
മൊഡ്യൂൾ,મોડ્યુલ
മൊഡ്യൂൾ ആർക്കിടെക്ചർ,મોડ્યુલ આર્કિટેક્ચર
മോണിറ്റർ,મોનીટર
നിരീക്ഷണ പരിപാടി,મોનીટરીંગ કાર્યક્રમ
മോണോക്രോം ഡിസ്പ്ലേ,મોનોક્રોમ ડિસ્પ્લે
മോണോലിത്തിക്ക് ഇന്റഗ്രേറ്റഡ് സർക്യൂട്ട്,મોનોલિથિક ઇન્ટિગ્રેટેડ સર્કિટ
മോണോലിത്തിക്ക് സാങ്കേതികവിദ്യ,મોનોલિથિક ટેકનોલોજી
മോണോസ്പേസ് ഫോണ്ട്,મોનોસ્પેસ ફોન્ટ
മോണോസ്റ്റബിൾ,મોનોસ્ટેબલ
മോണോട്ടോറിസിറ്റി,મોનોટોરિસિટી
മോർഫ്,મોર્ફ
മോർഫീം,મોર્ફીમ
മോർഫിസം,મોર્ફિઝમ
ജാമ്യം,ગીરો
മോസ്ഫെറ്റ് (MOSFET),mosfet (MOSFET)
ഏറ്റവും പ്രധാനപ്പെട്ട ബിറ്റ്,સૌથી નોંધપાત્ર બીટ
മദർ ബോർഡ്,મધર બોર્ડ
അമ്മ രജിസ്റ്റർ,માતા રજીસ્ટર
ചലച്ചിത്രം,ગતિ ચિત્ર
മോഷൻ പിക്ചർ വിദഗ്ധ സംഘം (എംപിഇജി),મોશન પિક્ચર એક્સપર્ટ્સ ગ્રુપ (MPEG)
മൗണ്ട്,માઉન્ટ
മൗസ്,માઉસ
നീക്കുക,ચાલ
ചലിക്കുന്ന സ്വഭാവം,પાત્ર ખસેડો
MS-DOS,MS-DOS
MS-Windows,એમએસ-વિન્ડોઝ
ബഹുമുഖം,બહુવિધ પાસું
മൾട്ടി പ്രൊസസർ,મલ્ટી પ્રોસેસર
മൾട്ടി പ്രോഗ്രാമിംഗ്,મલ્ટી પ્રોગ્રામિંગ
മൾട്ടി ടാസ്കിംഗ്,બહુવિધ કાર્ય
മൾട്ടിബസ്,મલ્ટીબસ
മൾട്ടികാസ്റ്റ്,મલ્ટિકાસ્ટ
മൾട്ടികാസ്റ്റ് വിലാസം,મલ્ટિકાસ્ટ સરનામું
മൾട്ടികാസ്റ്റിംഗ്,મલ્ટીકાસ્ટિંગ
മൾട്ടിചിപ്പ്,મલ્ટીચીપ
മൾട്ടിക്സ്,મલ્ટિક્સ
മൾട്ടിജോബ് പ്രവർത്തനം,મલ્ટિ-જોબ કામગીરી
മൾട്ടി ലെവൽ മെമ്മറി,બહુસ્તરીય મેમરી
മൾട്ടിമീഡിയ സാങ്കേതികവിദ്യ,મલ્ટીમીડિયા ટેકનોલોજી
മൾട്ടിമോഡ്,મલ્ટિમોડ
ഒന്നിലധികം,બહુવિધ
ഒന്നിലധികം കൃത്യത,બહુવિધ ચોકસાઇ
ഒന്നിലധികം റിഗ്രഷൻ,બહુવિધ રીગ્રેસન
മൾട്ടിപ്ലക്സ്,મલ્ટિપ્લેક્સ
മൾട്ടിപ്ലക്സ് മോഡ്,મલ્ટિપ્લેક્સ મોડ
മൾട്ടിപ്ലക്‌സർ,મલ્ટિપ્લેક્સર
മൾട്ടിപ്ലെക്സിംഗ്,મલ્ટિપ્લેક્સિંગ
മൾട്ടിപോയിന്റ് നെറ്റ്‌വർക്ക്,મલ્ટિપોઇન્ટ નેટવર્ક
മൾട്ടിപ്രോസസിംഗ്,મલ્ટિપ્રોસેસિંગ
മൾട്ടിപ്രൊസസർ സിസ്റ്റം,મલ્ટિપ્રોસેસર સિસ્ટમ
മൾട്ടി പർപ്പസ് ഇന്റർനെറ്റ് മെയിൽ വിപുലീകരണം (MIME),બહુહેતુક ઇન્ટરનેટ મેલ એક્સટેન્શન (MIME)
മൾട്ടിഷെഡ്യൂൾ,મલ્ટિશેડ્યૂલ
മൾട്ടിസ്റ്റേഷൻ,મલ્ટીસ્ટેશન
മൾട്ടിത്രെഡിംഗ്,મલ્ટિથ્રેડીંગ
ബഹുമുഖ യുക്തി,બહુમૂલ્યવાળું તર્ક
മൾട്ടിവൈരിയേറ്റ് വിശകലനം,બહુવિધ વિશ્લેષણ
മൾട്ടിവൈബ്രേറ്റർ,મલ્ટિવાઇબ્રેટર
പരസ്പര ഒഴിവാക്കൽ,પરસ્પર બાકાત
പരസ്പര വിവരങ്ങൾ,પરસ્પર માહિતી
നിഷ്കളങ്കനായ ഉപയോക്താവ്,નિષ્કપટ વપરાશકર્તા
നെയിം സെർവർ,નામ સર્વર
NAND പ്രവർത്തനം,NAND ઓપરેશન
നാനോ,નેનો
ഇടുങ്ങിയ ബാൻഡ്,સાંકડી બેન્ડ
ദേശീയ ഇൻഫർമേഷൻ ഇൻഫ്രാസ്ട്രക്ചർ,રાષ્ટ્રીય માહિતી ઈન્ફ્રાસ્ટ્રક્ચર
നാഷണൽ ഇൻഫർമേഷൻ സ്റ്റാൻഡേർഡ് ഓർഗനൈസേഷൻ (NAND NISO),નેશનલ ઇન્ફોર્મેશન સ્ટાન્ડર્ડ ઓર્ગેનાઇઝેશન (NAND NISO)
നേറ്റീവ് കോഡ്,મૂળ કોડ
നേറ്റീവ് കംപൈലർ,મૂળ કમ્પાઇલર
നേറ്റീവ് സോഫ്റ്റ്വെയർ,મૂળ સોફ્ટવેર
സ്വാഭാവിക കമ്പൈലർ,કુદરતી કમ્પાઇલર
സ്വാഭാവിക ഭാഷാ സംസ്കരണം,કુદરતી ભાષા પ્રક્રિયા
സ്വാഭാവിക ഭാഷാ ചോദ്യം,કુદરતી ભાષા ક્વેરી
സ്വാഭാവിക സംഖ്യ,કુદરતી સંખ્યા
നാവിഗേഷൻ,સંશોધક
നാവിഗേറ്റർ,નેવિગેટર
നെഗറ്റീവ് യുക്തി,નકારાત્મક તર્ક
നെസ്റ്റഡ് ലൂപ്പ്,નેસ્ટેડ લૂપ
നെസ്റ്റഡ് മാക്രോകൾ,નેસ્ટેડ મેક્રો
നെറ്റ്,નેટ
നെറ്റ് വിലാസം,ચોખ્ખું સરનામું
നെറ്റ് പൗരൻ,ચોખ્ખો નાગરિક
നെറ്റ്സ്കേപ്പ് നാവിഗേറ്റർ,નેટસ્કેપ નેવિગેટર
നെറ്റ്വർക്ക് ആക്സസ് നിയന്ത്രണം,નેટવર્ક ઍક્સેસ નિયંત્રણ
നെറ്റ്വർക്ക് ആർക്കിടെക്ചർ,નેટવર્ક આર્કિટેક્ચર
നെറ്റ്‌വർക്ക് ഫയൽ സിസ്റ്റം (NFS),નેટવર્ક ફાઇલ સિસ્ટમ (NFS)
നെറ്റ്‌വർക്ക് സമഗ്രത,નેટવર્ક અખંડિતતા
നെറ്റ്‌വർക്ക് ഇന്റർകണക്ഷൻ,નેટવર્ક ઇન્ટરકનેક્શન
നെറ്റ്വർക്ക് പാളി,નેટવર્ક સ્તર
നെറ്റ്വർക്ക് മാനേജ്മെന്റ്,નેટવર્ક મેનેજમેન્ટ
നെറ്റ്‌വർക്ക് ടോപ്പോളജി,નેટવર્ક ટોપોલોજી
നെറ്റ്വർക്ക് വെർച്വൽ ടെർമിനൽ,નેટવર્ક વર્ચ્યુઅલ ટર્મિનલ
ന്യൂട്രൽ റിലേ,તટસ્થ રિલે
ന്യൂട്രൽ ട്രാൻസ്മിഷൻ,તટસ્થ ટ્રાન્સમિશન
പുതിയ വരി പ്രതീകം,નવી રેખા પાત્ર
പുതിയ സമന്വയം,નવું સમન્વયન
NFS/നെറ്റ്‌വർക്ക് ഫയൽ,NFS/નેટવર્ક ફાઇલ
നുള്ളി,નિબલ
ഒമ്പതിന്റെ പൂരകം,નવના પૂરક
നോഡ്,નોડ
ശബ്ദം,ઘોંઘાટ
ശബ്ദ മോഡ്,અવાજ મોડ
ശബ്ദരഹിതമായ കോഡിംഗ്,અવાજ વિનાનું કોડિંગ
നോൺ ഡിറ്റർമിനിസം,બિન-નિર્ધારણવાદ
വിതരണം ചെയ്യാത്തത്,બિન વિતરણ
ശൂന്യമല്ലാത്ത സെറ്റ്,ખાલી સેટ નથી
അപ്രധാനം,બિન પ્રાઇમ
നോൺ-ഇന്ററാക്ടീവ്,બિન-અરસપરસ
നോൺ-ടെർമിനൽ സിസ്റ്റം,બિન-ટર્મિનલ સિસ્ટમ
അസ്ഥിരമല്ലാത്ത മെമ്മറി,બિન-અસ્થિર મેમરી
അസ്ഥിരമല്ലാത്ത ആട്ടുകൊറ്റൻ,બિન-અસ્થિર રેમ
നോൺ-വെയ്റ്റഡ് കോഡ്,બિન-ભારિત કોડ
NOP നിർദ്ദേശം,NOP સૂચના
NOR,નોર
NOR ഗേറ്റ്,નોર ગેટ
സാധാരണ,સામાન્ય
നോർമലൈസേഷൻ,સામાન્યીકરણ
നോർമലൈസർ,નોર્મલાઈઝર
NOR-ഓപ്പറേഷൻ,NOR- ઓપરેશન
അല്ല,નથી
സർക്യൂട്ട് അല്ല,સર્કિટ નથી
തുല്യതാ ഗേറ്റ് അല്ല,સમકક્ષ દ્વાર નથી
ഓപ്പറേഷൻ അല്ല,ઓપરેશન નથી
അല്ല-AND,નોટ-અને
അല്ല-ആൻഡ് ഓപ്പറേഷൻ,નોટ-અને ઓપરેશન
അല്ല-അല്ലെങ്കിൽ,નહીં-અથવા
അല്ല-അല്ലെങ്കിൽ പ്രവർത്തനം,ના-અથવા ઓપરેશન
NP പൂർണ്ണത,NP પૂર્ણતા
NULL പോയിന്റർ,NULL પોઇન્ટર
സംഖ്യ സിദ്ധാന്തം,સંખ્યા સિદ્ધાંત
നിക്വിസ്റ്റ് മാനദണ്ഡം,nyquist માપદંડ
വസ്തു,ઑબ્જેક્ટ
ഒബ്ജക്റ്റ് ഓറിയന്റഡ്,પદાર્થ કેન્દ્રિત
ഒക്ടൽ കോഡ്,ઓક્ટલ કોડ
അഷ്ടസംഖ്യ,અષ્ટાંક સંખ્યા
ഒക്ടെറ്റ്,ઓક્ટેટ
ഒക്‌ട്രി,ઓક્ટ્રી
വിചിത്രമായ തുല്യത,વિચિત્ર સમાનતા
ഓഫീസ് ഓട്ടോമേഷൻ,ઓફિસ ઓટોમેશન
ഓഫീസ് സോഫ്റ്റ്വെയർ,ઓફિસ સોફ્ટવેર
ഓഫ്-ലൈൻ,ઑફ-લાઇન
ഓഫ്-ലൈൻ പ്രോസസ്സിംഗ്,ઑફ-લાઇન પ્રક્રિયા
ഓഫ്-സെറ്റ്,બંધ-સેટ
ഒമേഗ നൊട്ടേഷൻ,ઓમેગા નોટેશન
ഓൺലൈൻ ആശയവിനിമയം,ઓનલાઈન સંચાર
ഓൺലൈൻ പ്രോസസ്സിംഗ്,ઓનલાઈન પ્રક્રિયા
ഒപി രജിസ്റ്റർ,ઓપી રજીસ્ટર
തുറന്ന വിലാസം,ઓપન એડ્રેસીંગ
ഓപ്പൺ സിസ്റ്റം ഇന്റർകണക്ഷൻ,ઓપન સિસ્ટમ ઇન્ટરકનેક્શન
തുറന്ന വയർ,ખુલ્લા વાયર
ഓപ്പറാൻറ്,ઓપરેન્ડ
ഓപ്പറേറ്റിംഗ് സിസ്റ്റം,ઓપરેટિંગ સિસ્ટમ
ഓപ്പറേഷൻ,ઓપરેશન
ഓപ്പറേറ്റർ,ઓપરેટર
ഒപ്റ്റിക്കൽ പ്രതീക തിരിച്ചറിയൽ,ઓપ્ટિકલ કેરેક્ટર રેકગ્નિશન
ഒപ്റ്റിക്കൽ ഫൈബർ,ઓપ્ટિકલ ફાઇબર
ഒപ്റ്റിക്കൽ ഫോണ്ട്,ઓપ્ટિકલ ફોન્ટ
ഒപ്റ്റിക്കൽ മാർക്ക് റെക്കഗ്നിഷൻ (OMR),ઓપ્ટિકલ માર્ક રેકગ્નિશન (OMR)
ഒപ്റ്റിക്കൽ മെമ്മറി,ઓપ્ટિકલ મેમરી
ഒപ്റ്റിക്കൽ റീഡർ,ઓપ્ટિકલ રીડર
ഒപ്റ്റിക്കൽ സ്കാനിംഗ്,ઓપ્ટિકલ સ્કેનિંગ
ഒപ്റ്റിമൽ,શ્રેષ્ઠ
ഒപ്റ്റിമൈസേഷൻ,ઑપ્ટિમાઇઝેશન
opto coupler,ઓપ્ટો કપ્લર
ഒപ്‌റ്റോഇലക്‌ട്രോണിക്‌സ്,ઓપ્ટોઈલેક્ટ્રોનિક્સ
ഒപ്റ്റോസോലേറ്റർ,ઓપ્ટોઇસોલેટર
അഥവാ,અથવા
അല്ലെങ്കിൽ ഗേറ്റ്,અથવા દરવાજો
അല്ലെങ്കിൽ പ്രവർത്തനം,અથવા ઓપરેશન
ഓർഡർ പ്രകാരം,દ્વારા ઓર્ડર
മുൻഗണനാക്രമം,અગ્રતાનો ક્રમ
ഓർഡർ ചെയ്ത ജോഡി,ઓર્ડર કરેલ જોડી
ഓർഡർ സെറ്റ്,ઓર્ડર કરેલ સેટ
ഓർഡർ വൃക്ഷം,ઓર્ડર કરેલ વૃક્ષ
ഔട്ട്പുട്ട് ഡാറ്റ,આઉટપુટ ડેટા
ഔട്ട്പുട്ട് ഉപകരണം,આઉટપુટ ઉપકરણ
ഔട്ട്പുട്ട് ഫയൽ,આઉટપુટ ફાઇલ
ഔട്ട്പുട്ട് മൊഡ്യൂൾ,આઉટપુટ મોડ્યુલ
ഔട്ട്പുട്ട് പ്രസ്താവന,આઉટપુટ સ્ટેટમેન્ટ
ഔട്ട്പുട്ട് സ്ട്രീം,આઉટપુટ સ્ટ્રીમ
ഔട്ട്പുട്ട് യൂണിറ്റ്,આઉટપુટ એકમ
ഓവർ ഫ്ലോ,ઓવર ફ્લો
മേൽ കിടന്നു,ઉપર મૂકે છે
അമിതഭാരം,ઓવર લોડ
ഓവർ പ്രിന്റിംഗ്,પ્રિન્ટીંગ ઉપર
ഓവർ റൺ,ઓવર રન
ഓവർ റൺ പിശക്,ઓવર રન ભૂલ
ഓവർഹെഡ് ബിറ്റ്,ઓવરહેડ બીટ
ഓവർലാപ്പ്,ઓવરલેપ
ഓവർലേ പ്രോഗ്രാം,ઓવરલે પ્રોગ્રામ
അസാധുവാക്കൽ തടസ്സം,ઓવરરાઇડ વિક્ષેપ
തിരുത്തിയെഴുതുക,ઓવરરાઇટ કરો
സ്വന്തം കോഡിംഗ്,પોતાનું કોડિંગ
പാക്ക്,પૅક
പാക്കേജ്,પેકેજ
പാക്കറ്റ്,પેકેટ
പാക്കറ്റ് സ്വിച്ചിംഗ്,પેકેટ સ્વિચિંગ
പാക്കിംഗ് ഘടകം,પેકિંગ પરિબળ
പാഡിംഗ്,ગાદી
പേജ്,પાનું
പേജ് വിലാസം,પૃષ્ઠ સરનામું
പേജ് ബ്രേക്ക്,પૃષ્ઠ વિરામ
പേജ് അടിക്കുറിപ്പ്,પૃષ્ઠ ફૂટિંગ
പേജിൽ,માં પૃષ્ઠ
പേജ് ഔട്ട്,પાનું બહાર
പേജ് റീഡർ,પૃષ્ઠ રીડર
പേജ് സ്വാപ്പ്,પૃષ્ઠ સ્વેપ
പേജ് മെമ്മറി,પૃષ્ઠવાળી મેમરી
പേജിംഗ്,પેજીંગ
ഈന്തപ്പനയുടെ മുകൾഭാഗം,પામ ટોપ
പേപ്പർ സെൻസർ,પેપર સેન્સર
സമാന്തര അൽഗോരിതം,સમાંતર અલ્ગોરિધમ
സമാന്തര കമ്പ്യൂട്ടർ,સમાંતર કમ્પ્યુટર
സമാന്തര ഇന്റർഫേസ്,સમાંતર ઈન્ટરફેસ
സമാന്തര തുറമുഖം,સમાંતર બંદર
സമാന്തര പ്രോസസ്സിംഗ്,સમાંતર પ્રક્રિયા
സമാന്തര പ്രോഗ്രാമിംഗ്,સમાંતર પ્રોગ્રામિંગ
പരാമീറ്റർ,પરિમાણ
രക്ഷിതാവ്,પિતૃ
സമത്വം,સમાનતા
പാഴ്സ് മരം,પાર્સ વૃક્ષ
പാർസർ,પાર્સર
പാഴ്സിംഗ്,પદચ્છેદન
വിഭജനം,પાર્ટીશન
വിഭജനം,પાર્ટીશન
Password,પાસવર્ડ
പാത,પાથ
പാറ്റേൺ തിരിച്ചറിയൽ,પેટર્ન ઓળખ
പിസി-ഡിസ്ക് ഓപ്പറേറ്റിംഗ് സിസ്റ്റം (പിസിഡിഒഎസ്),પીસી-ડિસ્ક ઓપરેટિંગ સિસ્ટમ (પીસીડીઓએસ)
സമപ്രായക്കാരൻ,પીઅર
പേന പ്ലോട്ടർ,પેન કાવતરું
പെന്റിയം,પેન્ટિયમ
ആനുകാലികം,સામયિક
പെരിഫറലുകൾ,પેરિફેરલ્સ
പെരി,પેરી
സ്ഥിരമായ വെർച്വൽ സർക്യൂട്ട്,કાયમી વર્ચ્યુઅલ સર્કિટ
സ്ഥിരതയുള്ള,નિરંતર
പേഴ്സണൽ കമ്പ്യൂട്ടർ (PC),વ્યક્તિગત કમ્પ્યુટર (પીસી)
പേഴ്സണൽ ഡിജിറ്റൽ അസിസ്റ്റന്റ് (PDA),કર્મચારી ડિજિટલ સહાયક (PDA)
ഫാന്റം,ફેન્ટમ
ഘട്ടം,તબક્કો
ഫോൺമെ,ફોનમે
സ്വരസൂചക സംവിധാനം,ધ્વન્યાત્મક સિસ્ટમ
ഫോട്ടോ ഡയോഡ്,ફોટો ડાયોડ
ശാരീരികം,ભૌતિક
ഫിസിക്കൽ ഇന്റർഫേസ്,ભૌતિક ઇન્ટરફેસ
പിക്കോ,પીકો
പൈ ചാർട്ട്,પાઇ ચાર્ટ
പൈ ഗ്രാഫ്,પાઇ ગ્રાફ
പിച്ച്,પીચ
പിക്സൽ,પિક્સેલ
പ്ലെയിൻ ആസ്കി (ASCII),સાદો ascii (ASCII)
പ്ലെയിൻ ടെക്സ്റ്റ്,સાદો લખાણ
ആസൂത്രണം,આયોજન
പ്ലാറ്റ്ഫോം,પ્લેટફોર્મ
പ്ലോട്ടർ,કાવતરું કરનાર
ഗൂഢാലോചന തല,કાવતરું વડા
പ്ലഗ്ബോർഡ്,પ્લગબોર્ડ
പോയിന്റ്,બિંદુ
പോയിന്റ് ടു പോയിന്റ് പ്രോട്ടോക്കോൾ (PPP),પોઈન્ટ ટુ પોઈન્ટ પ્રોટોકોલ (PPP)
പോയിന്റർ,નિર્દેશક
ധ്രുവീകരണം,ધ્રુવીકરણ
പോളിംഗ്,મતદાન
ബഹുഭുജ ക്ലിപ്പിംഗ്,બહુકોણ ક્લિપિંગ
പോളിമോർഫിസം,પોલીમોર્ફિઝમ
ബഹുപദം,બહુપદી
POP (പോസ്റ്റ് ഓഫീസ് പ്രോട്ടോക്കോൾ),POP (પોસ્ટ ઓફિસ પ્રોટોકોલ)
പോപ്പ്-അപ്പ് മെനു,પોપ-અપ મેનુ
പോർട്ടബിലിറ്റി,પોર્ટેબિલિટી
ഛായാചിത്രം,પોટ્રેટ
പോസ്റ്റ് ഓർഡർ,પોસ્ટ ઓર્ડર
പോസ്റ്റ് സ്ക്രിപ്റ്റ്,પોસ્ટ સ્ક્રિપ્ટ
തപാൽ ബിറ്റ്,પોસ્ટેમ્બલ બીટ
പോസ്റ്റ്ഫിക്സ്,પોસ્ટફિક્સ
വൈദ്യുതി മുടക്കം,વીજળી ગુલ
പവർ-ഓഫ്,પાવર બંધ
പവർ-ഓൺ,પાવર-ઑન
പവർ-അപ്പ്,પાવર
ആമുഖം ബിറ്റ്,પ્રસ્તાવના બીટ
മുൻഗണന ഗ്രാഫ്,અગ્રતા ગ્રાફ
പ്രവചിക്കുക,અનુમાન
മുൻകൂർ ഷെഡ്യൂളിംഗ്,પૂર્વગ્રહયુક્ત સમયપત્રક
മുൻകൂട്ടി പരിഹരിക്കുക,પ્રી-ફિક્સ
പ്രീപ്രോസസിംഗ്,પ્રીપ્રોસેસિંગ
പ്രക്രിയ,પ્રક્રિયા
പ്രോസസ്സ് സ്വിച്ച്,પ્રક્રિયા સ્વીચ
പ്രോസസ്സിംഗ്,પ્રક્રિયા
പ്രോസസ്സർ,પ્રોસેસર
ഉത്പാദനം,ઉત્પાદન
പ്രോഗ്രാം,કાર્યક્રમ
പ്രോഗ്രാം സമാഹാരം,પ્રોગ્રામ સંકલન
പ്രോഗ്രാം പണം,કાર્યક્રમ રોકડ
പ്രോഗ്രാം ഡീബഗ്ഗിംഗ്,પ્રોગ્રામ ડીબગીંગ
പ്രോഗ്രാം ഡിസൈൻ,પ્રોગ્રામ ડિઝાઇન
പ്രോഗ്രാം മൂല്യനിർണ്ണയ &amp; അവലോകന സാങ്കേതികത (PERT),પ્રોગ્રામ મૂલ્યાંકન અને સમીક્ષા તકનીક (PERT)
പ്രോഗ്രാം നിർത്തി,કાર્યક્રમ બંધ
പ്രോഗ്രാം ലൈബ്രറി,પ્રોગ્રામ લાઇબ્રેરી
പ്രോഗ്രാം റൺ,કાર્યક્રમ ચલાવો
പ്രോഗ്രാമർ,પ્રોગ્રામર
പ്രോലോഗ്,પ્રોલોગ
പ്രോം,પ્રોમ
പ്രചരണം,પ્રચાર
നിർദ്ദേശം,દરખાસ્ત
സംരക്ഷിത കീ,સુરક્ષિત કી
സംരക്ഷണം,રક્ષણ
പ്രോട്ടോക്കോൾ,પ્રોટોકોલ
പ്രോട്ടോക്കോൾ വിവർത്തനം,પ્રોટોકોલ અનુવાદ
വ്യാജ കോഡ്,સ્યુડો કોડ
പൊതു ഡാറ്റ നെറ്റ്‌വർക്ക്,જાહેર ડેટા નેટવર્ક
പൊതുസഞ്ചയത്തിൽ,જાહેર ક્ષેત્ર
പൊതു കീ എൻക്രിപ്റ്റിംഗ്,સાર્વજનિક કી એન્ક્રિપ્ટીંગ
പൾസ്,પલ્સ
പൾസ് കോഡ് മോഡുലേഷൻ,પલ્સ કોડ મોડ્યુલેશન
പൾസ് ഡിജിറ്റൽ മോഡുലേഷൻ (PDM),પલ્સ ડિજિટલ મોડ્યુલેશન (PDM)
പൾസ് ട്രെയിൻ,પલ્સ ટ્રેન
വിരാമചിഹ്നം,વિરામચિહ્ન
തള്ളുക,દબાણ
ഓട്ടോമാറ്റയെ താഴേക്ക് തള്ളുക,ઓટોમેટાને નીચે દબાણ કરો
pushup ലിസ്റ്റ്,પુશઅપ સૂચિ
ക്വാഡ് സാന്ദ്രത,ચતુર્ભુજ ઘનતા
യോഗ്യത,લાયકાત
ക്വാണ്ടിഫയർ,ક્વોન્ટિફાયર
ക്വാണ്ടൈസ് ചെയ്യുക,પરિમાણ
ക്വാണ്ടൈസർ,ક્વોન્ટાઈઝર
ക്വാണ്ടം,ક્વોન્ટમ
ക്വാണ്ടം ക്ലോക്ക്,ક્વોન્ટમ ઘડિયાળ
ക്വാണ്ടം കമ്പ്യൂട്ടിംഗ്,ક્વોન્ટમ કમ્પ્યુટિંગ
ഉദാഹരണത്തിലൂടെ ചോദിക്കുക,ઉદાહરણ દ્વારા ક્વેરી
ചോദ്യം,પ્રશ્ન
ചോദ്യ ഭാഷ,ક્વેરી ભાષા
അന്വേഷണ പ്രോസസ്സിംഗ്,ક્વેરી પ્રક્રિયા
ക്യൂ,કતાર
ക്യൂ മാനേജ്മെന്റ്,કતાર વ્યવસ્થાપન
ക്യൂ രജിസ്റ്റർ,કતાર રજીસ્ટર
ക്യൂയിംഗ് നെറ്റ്‌വർക്ക്,કતારબદ્ધ નેટવર્ક
ക്യൂയിനിംഗ് സിദ്ധാന്തം,કતાર સિદ્ધાંત
പെട്ടെന്നുള്ള ആക്സസ് മെമ്മറി,ઝડપી ઍક્સેસ મેમરી
ക്വട്ടേഷൻ,અવશેષ
റേഡിയോ ഫ്രീക്വൻസി ഇടപെടൽ (RFI),રેડિયો આવર્તન દખલગીરી (RFI)
റാഡിക്സ്,મૂલાંક
റാൻഡം ആക്സസ് കമ്പ്യൂട്ടർ ഉപകരണങ്ങൾ (RACE),રેન્ડમ એક્સેસ કમ્પ્યુટર સાધનો (RACE)
റാൻഡം ആക്സസ് മെമ്മറി (റാം),રેન્ડમ એક્સેસ મેમરી (RAM)
ക്രമരഹിതമായ സ്കാൻ,રેન્ડમ સ્કેન
റാസ്റ്റർ,રાસ્ટર
റാസ്റ്റർ സ്കാൻ,રાસ્ટર સ્કેન
വീണ്ടും എഞ്ചിനീയറിംഗ്,ફરીથી એન્જિનિયરિંગ
വീണ്ടും വലുതാക്കൽ,પુનઃ વિસ્તરણ
എത്തിച്ചേരാനാകുന്നത്,સુગમતા
വായിക്കുക,વાંચવું
തല വായിക്കുക,વડા વાંચો
വായിക്കാൻ മാത്രം,ફક્ત વાંચી
വായന മാത്രം മെമ്മറി,માત્ર વાંચન મેમરી
തല വായിക്കുക,વાંચો લખવાનું માથું
വായന/എഴുത്ത് ചക്രം,વાંચન/લેખન ચક્ર
തല വായിക്കുക/എഴുതുക,હેડ વાંચો/લખો
വായിക്കുക/എഴുതുക,વાંચો લખો
വായനക്കാരൻ,વાચક
വായന,વાંચન
വായിക്കുക,વાંચવું
യഥാർത്ഥമായ,વાસ્તવિક
തത്സമയ പ്രോസസ്സിംഗ്,વાસ્તવિક સમય પ્રક્રિયા
റിസീവർ,રીસીવર
തിരിച്ചറിയൽ യുക്തി,માન્યતા તર્ક
വീണ്ടും കംപൈൽ ചെയ്യുക,ફરીથી કમ્પાઇલ કરો
രേഖപ്പെടുത്തുക,રેકોર્ડ
റെക്കോർഡിംഗ് തല,રેકોર્ડિંગ હેડ
വീണ്ടെടുക്കാവുന്ന പിശക്,પુનઃપ્રાપ્ત ભૂલ
വീണ്ടെടുക്കൽ,પુન: પ્રાપ્તિ
ആവർത്തന സിദ്ധാന്തം,પુનરાવર્તિત પ્રમેય
ആവർത്തനം,પુનરાવર્તન
ആവർത്തന പ്രവർത്തനം,પુનરાવર્તિત કાર્ય
കുറച്ച ഇൻസ്ട്രക്ഷൻ സെറ്റ് കമ്പ്യൂട്ടർ (RISC),ઘટાડો સૂચના સેટ કમ્પ્યુટર (RISC)
ആവർത്തനം,નિરર્થકતા
സ്വതന്ത്ര ഡിസ്കുകളുടെ അനാവശ്യ ശ്രേണി (RAID),સ્વતંત્ર ડિસ્કની રીડન્ડન્ટ એરે (RAID)
വീണ്ടും പ്രവേശനം,પુનઃ પ્રવેશ
വീണ്ടും പ്രവേശിക്കുന്ന കോഡ്,પુનઃપ્રવેશ કોડ
റഫറൻസ്,સંદર્ભ
റഫറൻഷ്യൽ സമഗ്രത,સંદર્ભ અખંડિતતા
പ്രതിഫലനം,પ્રતિબિંબ
പ്രതിഫലനം,પ્રતિબિંબ
അപവർത്തനം,રીફ્રેક્શન
പുതുക്കുക,તાજું કરો
പുനരുജ്ജീവനം,પુનર્જન્મ
രജിസ്റ്റർ ചെയ്യുക,નોંધણી કરો
പതിവ് വ്യാകരണം,નિયમિત વ્યાકરણ
ബന്ധം,સંબંધ
റിലേഷണൽ ഡാറ്റാബേസ്,રિલેશનલ ડેટાબેઝ
റിലേഷണൽ ഡാറ്റാബേസ് മാനേജ്മെന്റ് സിസ്റ്റം (RDBMS),રિલેશનલ ડેટાબેઝ મેનેજમેન્ટ સિસ્ટમ (RDBMS)
റിലേഷണൽ മോഡൽ,રિલેશનલ મોડલ
ബന്ധു,સંબંધી
ബന്ധു വിലാസം,સંબંધિત સંબોધન
റിലേ,રિલે
വിശ്വാസ്യത മോഡലിംഗ്,વિશ્વસનીયતા મોડેલિંગ
വിശ്വസനീയം,વિશ્વસનીય
മാറ്റിസ്ഥാപിക്കാവുന്ന കോഡ്,રિલોકેટેબલ કોડ
റിമോട്ട്,દૂરસ્થ
റിമോട്ട് ഹോസ്റ്റ്,દૂરસ્થ યજમાન
വിദൂര ജോലി പ്രവേശനം,દૂરસ્થ જોબ એન્ટ્રી
വിദൂര ലോഗിൻ,દૂરસ્થ લોગ-ઇન
വിദൂര നടപടിക്രമ കോൾ (RPC),દૂરસ્થ પ્રક્રિયા કૉલ (RPC)
വിദൂര സംവേദനം,રિમોટ સેન્સિંગ
പേരുമാറ്റുക,નામ બદલો
റെൻഡറിംഗ്,રેન્ડરીંગ
റിപ്പീറ്റർ,રીપીટર
മറുപടി,જવાબ આપો
അഭ്യർത്ഥിക്കുക,વિનંતી
അഭിപ്രായങ്ങൾക്കായുള്ള അഭ്യർത്ഥന (RFC),ટિપ્પણીઓ માટે વિનંતી (RFC)
അഭ്യർത്ഥന/മറുപടി പ്രോട്ടോക്കോൾ,વિનંતી/જવાબ પ્રોટોકોલ
പ്രോഗ്രാം വീണ്ടും പ്രവർത്തിപ്പിക്കുക,પ્રોગ્રામ ફરીથી ચલાવો
ഗവേഷണം,સંશોધન
റീസെറ്റ് സൈക്കിൾ,રીસેટ ચક્ર
താമസക്കാരൻ,રહેવાસી
റെസലൂഷൻ,ઠરાવ
വിഭവങ്ങൾ,સંસાધનો
പ്രതികരണ സമയം,પ્રતિભાવ સમય
പുനരാരംഭിക്കുക,ફરી થી શરૂ કરવું
പുനഃസ്ഥാപിക്കുക,પુનઃસ્થાપિત
തിരിച്ചെടുക്കുക,રીટ્રેસ
പുനഃസംപ്രേക്ഷണം,રીટ્રાન્સમિશન
വീണ്ടെടുക്കുക,પુનઃપ્રાપ્ત કરો
വീണ്ടും ശ്രമിക്കുക,ફરી પ્રયાસ કરો
മടങ്ങുക,પરત
റിട്ടേൺ കോഡ്,રીટર્ન કોડ
റിട്ടേൺ കീ,રીટર્ન કી
വീണ്ടും ഉപയോഗിക്കാവുന്ന കോഡ്,ફરીથી વાપરી શકાય તેવા કોડ
മാറ്റിയെഴുതാവുന്നത്,ફરીથી લખી શકાય તેવું
RGB മോണിറ്റർ,આરજીબી મોનિટર
റിബൺ,રિબન
ശരിയായ പ്രശ്നം,યોગ્ય મુદ્દો
റോബോട്ട്,રોબોટ
റോബോട്ടിക്സ്,રોબોટિક્સ
കരുത്തുറ്റത്,મજબુત
പങ്ക്,ભૂમિકા
തിരികെ ഉരുട്ടുക,પાછા વળો
റോൾ ഇൻ ചെയ്യുക,રોલ ઇન કરો
റോൾ ഔട്ട്,રોલ આઉટ
ROM,રોમ
റൂട്ട്,રુટ
റൂട്ട് ഡയറക്ടറി,રૂટ ડિરેક્ટરી
പിശകിന്റെ റൗണ്ട്,ભૂલનો રાઉન્ડ
റൂട്ടർ,રાઉટર
റൂട്ടിംഗ്,રૂટીંગ
RS232C ഇന്റർഫേസ്,RS232C ઇન્ટરફેસ
RSA എൻക്രിപ്ഷൻ,RSA એન્ક્રિપ્શન
ആർ.ടി.സി,આરટીસી
റൺ ദൈർഘ്യം എൻകോഡിംഗ്,લંબાઈ એન્કોડિંગ ચલાવો
റൺ സമയം,રન સમય
റൺ ടൈം പിശക്,રનટાઈમ ભૂલ
സാമ്പിൾ,નમૂના
സാമ്പിളിംഗ്,સેમ્પલિંગ
ഉപഗ്രഹം,ઉપગ્રહ
പൂരിതമാക്കുന്നു,સંતૃપ્ત
രക്ഷിക്കും,સાચવો
സ്കേലബിളിറ്റി,માપનીયતા
സ്കെയിലർ,સ્કેલર
സ്കാൻ ചെയ്യുന്നു,સ્કેનિંગ
രംഗം,દૃશ્ય
ഷെഡ്യൂളർ,શેડ્યૂલર
സ്ക്രീൻ ഇമേജ് പ്രൊജക്ടർ,સ્ક્રીન ઇમેજ પ્રોજેક્ટર
സ്ക്രിപ്റ്റ്,સ્ક્રિપ્ટ
സ്ക്രിപ്റ്റിംഗ് ഭാഷ,સ્ક્રિપ્ટીંગ ભાષા
സ്ക്രോളിംഗ്,સ્ક્રોલિંગ
SDLC (സിക്രണസ് ഡാറ്റ ലിങ്ക് നിയന്ത്രണം),SDLC (સિક્રોનસ ડેટા લિંક નિયંત્રણ)
തിരയുക,શોધો
തിരയല് യന്ത്രം,શોધ એન્જિન
തിരയൽ വൃക്ഷം,શોધ વૃક્ષ
തിരയുന്നു,શોધી રહ્યાં છે
സെക്കൻഡറി,ગૌણ
മേഖല,સેક્ટર
സുരക്ഷാ നയം,સુરક્ષા નીતિ
സമയം തേടുക,સમય શોધો
സെഗ്മെന്റ്,સેગમેન્ટ
വിഭജനം,વિભાજન
തിരഞ്ഞെടുക്കൽ തരം,પસંદગી સૉર્ટ
സ്വയം ഉൾക്കൊള്ളുന്നു,સ્વયં સમાયેલ
അർത്ഥശാസ്ത്രം,અર્થશાસ્ત્ર
സെമാഫോർ,સેમાફોર
അർദ്ധചാലകം,સેમિકન્ડક્ટર
സെമന്റിക് വെബ്,સિમોન્ટિક વેબ
തുടർച്ചയായ ആക്സസ് രീതി,અનુક્રમિક ઍક્સેસ પદ્ધતિ
സീരിയൽ,સીરીયલ
സീരിയലൈസർ,સીરીયલાઇઝર
സെർവർ,સર્વર
സെർവർ ക്രാഷ്,સર્વર ક્રેશ
സെർവർ ലൈസൻസ്,સર્વર લાઇસન્સ
സെർവോ മൾട്ടിപ്ലയർ,સર્વો ગુણક
സജ്ജമാക്കുക,સેટ
സെറ്റ് പോയിന്റ്,પોઈન્ટ નક્કી કરો
സജ്ജമാക്കുക,સ્થાપના
തണല്,છાંયો
ഷേഡിംഗ്,શેડિંગ
നിഴൽ,પડછાયો
ഫയൽ പങ്കിടുക,ફાઈલ શેર કરો
പങ്കിട്ട ആക്സസ്,વહેંચાયેલ ઍક્સેસ
പങ്കിടുന്നു,શેરિંગ
ഷെൽ,શેલ
ഷിഫ്റ്റ് സ്വഭാവം,પાત્ર બદલો
ഷോർട്ട് സർക്യൂട്ട്,શોર્ટ સર્કિટ
ഹ്രസ്വ നിർദ്ദേശം,ટૂંકી સૂચના
സഹോദരൻ,બહેન
പാർശ്വഫലങ്ങൾ,આડઅસર
സൈൻ ബിറ്റ്,સાઇન બીટ
സിഗ്നൽ,સિગ્નલ
സിഗ്നൽ പ്രോസസ്സിംഗ്,સિગ્નલ પ્રોસેસિંગ
സിഗ്നലിംഗ്,સિગ્નલિંગ
സിഗ്നൽ-ടു-നോയിസ് അനുപാതം,સિગ્નલ-ટુ-અવાજ ગુણોત્તર
കയ്യൊപ്പ്,સહી
ഒപ്പ് പരിശോധന,સહી પરીક્ષણ
ഗണ്യമായ അക്കം,નોંધપાત્ર અંક
സിലിക്കൺ ചിപ്പ്,સિલિકોન ચિપ
ലളിതമായ മെയിൽ ട്രാൻസ്ഫർ പ്രോട്ടോക്കോൾ (SMTP),સિમ્પલ મેઇલ ટ્રાન્સફર પ્રોટોકોલ (SMTP)
സിംപ്ലക്സ്,સિમ્પ્લેક્સ
സിംപ്ലക്സ് നോഡ്,સિમ્પ્લેક્સ નોડ
സിമുലേഷൻ,સિમ્યુલેશન
സിമുലേറ്റർ,સિમ્યુલેટર
ഒരേസമയം,એક સાથે
ഒരേസമയം പ്രോസസ്സിംഗ്,એક સાથે પ્રક્રિયા
സിംഗിൾടൺ,સિંગલટન
സൈറ്റ് ലൈസൻസ്,સાઇટ લાયસન્સ
വലിപ്പം,કદ
വലിപ്പം,કદ બદલવાનું
സ്കെച്ചിംഗ്,સ્કેચિંગ
ഒഴിവാക്കുക,છોડો
ഒഴിവാക്കുന്നു,છોડવું
സ്ലാഷ്,સ્લેશ
അടിമ കമ്പ്യൂട്ടർ,ગુલામ કમ્પ્યુટર
സ്ലൈഡിംഗ് വിൻഡോ പ്രോട്ടോക്കോൾ,સ્લાઇડિંગ વિન્ડો પ્રોટોકોલ
തെന്നുക,સ્લિપ
സ്ലോട്ട്,સ્લોટ
ചെറിയ കമ്പ്യൂട്ടർ സിസ്റ്റം ഇന്റർഫേസ് (SCSI),નાના કમ્પ્યુટર સિસ્ટમ ઇન્ટરફેસ (SCSI)
സ്മാർട്ട് കാർഡ്,સ્માર્ટ કાર્ડ
സ്നൈൽ മെയിൽ,ગોકળગાય મેલ
സ്നാപ്പ്ഷോട്ട്,સ્નેપશોટ
സോഫ്റ്റ് കമ്പ്യൂട്ടിംഗ്,સોફ્ટ કમ્પ્યુટિંગ
സോഫ്റ്റ് കോപ്പി,સોફ્ટ કોપી
മൃദുവായ ഫോണ്ട്,સોફ્ટ ફોન્ટ
സോഫ്റ്റ്വെയർ,સોફ્ટવેર
സോഫ്റ്റ്വെയർ എഞ്ചിനീയറിംഗ്,સોફ્ટવેર એન્જિનિયરિંગ
സോഫ്റ്റ്വെയർ ലൈസൻസ്,સોફ્ટવેર લાઇસન્સ
സോഫ്റ്റ്‌വെയർ പൈറസി,સોફ્ટવેર ચાંચિયાગીરી
സ്പെക്ട്രം,સ્પેક્ટ્રમ
സർപ്പിളം,સર્પાકાર
വിരിച്ച ഷീറ്റ്,શીટ ફેલાવો
സ്റ്റാൻഡേർഡ്,ધોરણ
സ്റ്റാൻഡേർഡ് സാമാന്യവൽക്കരിച്ച മാർക്ക്അപ്പ് ഭാഷ (SGML),માનક સામાન્યકૃત માર્કઅપ ભાષા (SGML)
സ്റ്റാൻഡേർഡൈസേഷൻ,માનકીકરણ
സ്റ്റാൻഡ്ബൈ സമയം,સ્ટેન્ડબાય સમય
നക്ഷത്രം LAN,સ્ટાર LAN
നക്ഷത്ര ടോപ്പോളജി,સ્ટાર ટોપોલોજી
ബിറ്റ് ആരംഭിക്കുക,થોડી શરૂઆત કરો
പട്ടിണി,ભૂખમરો
സ്റ്റാറ്റിക് മെമ്മറി&#39;,સ્થિર મેમરી&#39;
സ്റ്റാറ്റസ് ചാനൽ,સ્થિતિ ચેનલ
ഘട്ടം വലിപ്പം,પગલું કદ
"നിർത്തുക, കാത്തിരിക്കുക പ്രോട്ടോക്കോൾ",રોકો અને પ્રોટોકોલ રાહ જુઓ
സ്റ്റോപ്പ് കോഡ്,સ્ટોપ કોડ
സ്റ്റോപ്പ് കീ,સ્ટોપ કી
സ്‌റ്റോറബിലിറ്റി,સંગ્રહક્ષમતા
സംഭരിച്ച പ്രോഗ്രാം,સંગ્રહિત કાર્યક્રમ
സ്ട്രിംഗ് ഡാറ്റ,સ્ટ્રિંગ ડેટા
ഘടനാപരമായ കോഡിംഗ്,સંરચિત કોડિંગ
ഘടനാപരമായ അന്വേഷണ ഭാഷ (SQL),સ્ટ્રક્ચર્ડ ક્વેરી લેંગ્વેજ (SQL)
സ്റ്റൈൽ ഷീറ്റ്,સ્ટાઇલ શીટ
ഉപ ഡയറക്ടറി,સબ-ડિરેક્ટરી
സബ്നെറ്റ്,સબનેટ
ഉപവൃക്ഷം,સબટ્રી
സംഗ്രഹം,સારાંશ
സൂപ്പർ കമ്പ്യൂട്ടർ,સુપર કમ્પ્યુટર
സൂപ്പർ കമ്പ്യൂട്ടിംഗ്,સુપર કમ્પ્યુટિંગ
സൂപ്പർ കീ,સુપર કી
സൂപ്പർ ഉപയോക്താവ്,સુપર વપરાશકર્તા
മേൽനോട്ടത്തിലുള്ള പഠനം,નિરીક્ષણ કરેલ શિક્ષણ
പിന്തുണ ചിപ്പ്,સપોર્ટ ચિપ
സർഫ്,સર્ફ
സർഫിംഗ്,સર્ફિંગ
സ്വാപ്പ്,સ્વેપ
സ്വാപ്പ് ഇൻ,અદલાબદલી
സ്വാപ്പ് ഔട്ട്,બહાર કાઢો
സ്വാപ്പിംഗ്,અદલાબદલી
നെറ്റ്‌വർക്ക് മാറ്റി,સ્વિચ કરેલ નેટવર્ક
സ്വിച്ചിംഗ്,સ્વિચિંગ
സ്വിച്ചിംഗ് സിദ്ധാന്തം,સ્વિચિંગ થિયરી
പ്രതീകാത്മക പ്രോഗ്രാമിംഗ്,સાંકેતિક પ્રોગ્રામિંગ
സമന്വയം,સિંક્રનાઇઝેશન
സിൻക്രൊണൈസർ,સિંક્રોનાઇઝર
സിൻക്രണസ്,સિંક્રનસ
സിൻക്രണസ് ഡിജിറ്റൽ ശ്രേണി (SDH),સિંક્રનસ ડિજિટલ વંશવેલો (SDH)
വാക്യഘടന വിശകലനം,વાક્યરચના વિશ્લેષણ
സിസ്റ്റം വിശകലനം,સિસ્ટમ વિશ્લેષણ
സിസ്റ്റം എഞ്ചിനീയറിംഗ്,સિસ્ટમ એન્જિનિયરિંગ
സിസ്റ്റം ഹാക്കർ,સિસ્ટમ હેકર
സിസ്റ്റം ഇന്റഗ്രേറ്റർ,સિસ્ટમ ઇન્ટિગ્રેટર
സിസ്റ്റം ലോഗ്,સિસ્ટમ લોગ
സിസ്റ്റം മാസ്ക്,સિસ્ટમ માસ્ક
സിസ്റ്റം നെറ്റ്‌വർക്ക് ആർക്കിടെക്ചർ (എസ്എൻഎ),સિસ્ટમ નેટવર્ક આર્કિટેક્ચર (SNA)
സിസ്റ്റം പ്രോഗ്രാമർ,સિસ્ટમ પ્રોગ્રામર
സിസ്റ്റം പുനരാരംഭിക്കുക,સિસ્ટમ પુનઃપ્રારંભ કરો
സിസ്റ്റം ഷട്ട്ഡൗൺ,સિસ્ટમ બંધ
സിസ്റ്റം ടെസ്റ്റിംഗ്,સિસ્ટમ પરીક્ષણ
സിസ്റ്റം യൂട്ടിലിറ്റി,સિસ્ટમ ઉપયોગિતા
വ്യവസ്ഥാപിത കോഡ്,વ્યવસ્થિત કોડ
ടാബ് കമാൻഡ്,ટેબ આદેશ
മേശ,ટેબલ
മേശ മുകളിലേക്ക് നോക്കുക,ટેબલ ઉપર જુઓ
മേശ സ്ഥലം,ટેબલ જગ્યા
ടാബ്ലെറ്റ്,ટેબ્લેટ
പട്ടിക അറേ,ટેબ્યુલર એરે
ടാബുലേഷൻ പ്രവർത്തനം,ટેબ્યુલેટીંગ કાર્ય
ടാഗ് ചെയ്ത വാസ്തുവിദ്യ,ટૅગ કરેલ આર્કિટેક્ચર
ടാഗ് ചെയ്ത ഇമേജ് ഫയൽ ഫോർമാറ്റ് (TIFF),ટૅગ કરેલ ઇમેજ ફાઇલ ફોર્મેટ (TIFF)
ടാൻഡം സിസ്റ്റം,ટેન્ડમ સિસ્ટમ
ടേപ്പ് സാന്ദ്രത,ટેપ ઘનતા
ടേപ്പ് മാസ്ക്,ટેપ માસ્ક
ടാർ ഫയൽ,ટાર ફાઇલ
ടാസ്ക്,કાર્ય
ടാസ്ക് ബാർ,કાર્ય પટ્ટી
ടാസ്ക് ഷെഡ്യൂളർ,કાર્ય અનુસૂચિ
TCP/IP (ട്രാൻസ്മിഷൻ കൺട്രോൾ പ്രോട്ടോക്കോൾ/ഇന്റർനെറ്റ് പ്രോട്ടോക്കോൾ),TCP/IP (ટ્રાન્સમિશન કંટ્રોલ પ્રોટોકોલ/ઇન્ટરનેટ પ્રોટોકોલ)
കീറിമുറിക്കൽ പ്രവർത്തനം,ફાડવાની કામગીરી
ടെലികോം,ટેલિકોમ
ടെലികമ്മ്യൂണിക്കേഷൻ,ટેલિકોમ્યુનિકેશન
ടെലികോൺഫറൻസ്,ટેલિકોન્ફરન્સ
ടെലികോൺഫറൻസിങ്,ટેલિકોન્ફરન્સિંગ
ടെലിഗ്രാഫി,ટેલિગ્રાફી
ടെലിമെട്രി,ટેલિમેટ્રી
ടെലിഫോണ്,ટેલિફોન
ടെലിഫോണി,ટેલિફોની
ടെലിപ്രിന്റർ,ટેલિપ્રિંટર
ടെലിപ്രോസസിംഗ്,ટેલિપ્રોસેસિંગ
ടെലിവിഷൻ,ટેલિવિઝન
ടെലക്സ്,ટેલેક્સ
ടെൽനെറ്റ്,ટેલનેટ
താപനില,તાપમાન
ടെംപ്ലേറ്റ്,ઢાંચો
പത്തിന്റെ പൂരകം,દસનું પૂરક
ടെറാ ബൈറ്റ്,ટેરા બાઈટ
തേരാ ഫ്ലോപ്പുകൾ,તેરા ફ્લોપ
ടെർമിനൽ കഴ്സർ,ટર્મિનલ કર્સર
ടെർമിനൽ നോഡ്,ટર્મિનલ નોડ
ടെർമിനൽ വിൻഡോ,ટર્મિનલ વિન્ડો
അവസാനിപ്പിക്കൽ,સમાપ્તિ
ത്രിതീയ,ટર્નરી
ത്രിതല പ്രവർത്തനം,ટર્નરી ઓપરેશન
ടെസ്റ്റ്,ટેસ્ટ
ടെസ്റ്റ് കവറേജ്,પરીક્ષણ કવરેજ
പരീക്ഷണ ഓട്ടം,ટેસ્ટ રન
ടെസ്റ്റ്-ഡാറ്റ,ટેસ્ટ-ડેટા
വാചകം,ટેક્સ્ટ
ടെക്സ്റ്റ് ബോക്സ്,ટેક્સ્ટ બોક્સ
ടെക്സ്റ്റ് കഴ്സർ,ટેક્સ્ટ કર્સર
ടെക്സ്റ്റ് എഡിറ്റർ,ટેક્સ્ટ એડિટર
ടെക്സ്റ്റ് ഫയൽ,ટેક્સ્ટ ફાઇલ
ടെക്സ്റ്റ് മോഡ്,ટેક્સ્ટ મોડ
ടെക്സ്റ്റ് പ്രോസസ്സിംഗ്,ટેક્સ્ટ પ્રોસેસિંગ
ടെക്സ്റ്റ് ടു സ്പീച്ച് (TTS),ટેક્સ્ટ ટુ સ્પીચ (TTS)
ടെക്സ്ചർ മാപ്പിംഗ്,ટેક્સચર મેપિંગ
ടി-ഫ്ലിപ്പ്-ഫ്ലോപ്പ്,ટી-ફ્લિપ-ફ્લોપ
തെർമൽ പ്രിന്റർ,થર્મલ પ્રિન્ટર
നേർത്ത ഫിലിം മെമ്മറി,પાતળી ફિલ્મ મેમરી
നേർത്ത ഫിലിം ട്രാൻസിസ്റ്റർ,પાતળા ફિલ્મ ટ્રાંઝિસ્ટર
മർദിക്കുന്നു,થ્રેશિંગ
ത്രെഡ്,થ્રેડ
ത്രെഡിംഗ്,થ્રેડીંગ
ത്രിതല ശൃംഖല,ત્રીજું નેટવર્ક
ത്രൂപുട്ട്,થ્રુપુટ
സമയ സങ്കീർണ്ണത,સમયની જટિલતા
ടൈം ഡിവിഷൻ മൾട്ടിപ്ലക്‌സിംഗ് (ടിഡിഎം),ટાઇમ ડિવિઝન મલ્ટિપ્લેક્સિંગ (TDM)
ടൈം ഫ്രെയിം,સમય ફ્રેમ
ടൈം ഫ്രെയിം,સમય ફ્રેમ
സമയ യന്ത്രം,સમય યંત્ર
ടൈം ഔട്ട്,સમય સમાપ્ત
സമയ അളവ്,સમય પરિમાણ
സമയ പരമ്പര,સમય શ્રેણી
സമയം പങ്കിടൽ,સમય વહેંચણી
സമയം പങ്കിടൽ സംവിധാനം,સમય વહેંચણી સિસ્ટમ
സമയ സ്റ്റാമ്പ്,સમય સ્ટેમ્પ
സമയ ഡയഗ്രം,સમય રેખાકૃતિ
ടിന്റ്,રંગભેદ
ടോഗിൾ ചെയ്യുക,ટૉગલ કરો
ടോഗിൾ വേഗത,ટૉગલ કરવાની ઝડપ
ടോക്കൺ,ટોકન
ടോക്കൺ ബസ്,ટોકન બસ
ടോക്കൺ ബസ്,ટોકન બસ
ടോക്കൺ ബസ് ശൃംഖല,ટોકન બસ નેટવર્ક
ടോക്കൺ റിംഗ്,ટોકન રીંગ
ടോക്കൺ സംസാരം,ટોકન ચર્ચા
ഉപകരണം,સાધન
ടോപ്പ് ഡൗൺ,ઉપરથી નીચે
മുകളിൽ നിന്ന് താഴേക്കുള്ള ഡിസൈൻ,ટોપ ડાઉન ડિઝાઇન
മുകളിൽ നിന്ന് താഴേക്ക് പാഴ്സിംഗ്,ઉપરથી નીચેનું પદચ્છેદન
ടോപ്പോളജി,ટોપોલોજી
ടച്ച് പാഡ്,ટચ પેડ
ടച്ച് സ്ക്രീൻ,ટચ સ્ક્રીન
ട്രെയ്സ്,ટ્રેસ
ട്രാക്കിംഗ്,ટ્રેસિંગ
ട്രാക്ക്,ટ્રેક
ട്രാക്ക് ഡിസ്ക്,ટ્રેક ડિસ્ક
ട്രാക്ക് ടേപ്പ്,ટ્રેક ટેપ
ട്രാക്കിംഗ്,ટ્રેકિંગ
ട്രെയിലർ,ટ્રેલર
സഞ്ചാരപഥം,માર્ગ
ഇടപാട്,સોદા
ഇടപാട് ഫയൽ,વ્યવહાર ફાઇલ
ഇടപാട് ലോഗ്,વ્યવહાર લોગ
ട്രാൻസ്ക്രൈബ് ചെയ്യുക,ટ્રાંસ્ક્રાઇબ કરો
ട്രാൻസ്ഡ്യൂസർ,ટ્રાન્સડ્યુસર
കൈമാറ്റ നിരക്ക്,ટ્રાન્સફર દર
കൈമാറ്റ സമയം,ટ્રાન્સફર સમય
രൂപാന്തരം,પરિવર્તન
ക്ഷണികമായ പിശക്,ક્ષણિક ભૂલ
സഞ്ചാരമാർഗ സമയം,પરિવહન સમય
സംക്രമണം,સંક્રમણ
ട്രാൻസിറ്റീവ്,સંક્રમિત
ട്രാൻസിറ്റിവിറ്റി,સંક્રમણ
വിവർത്തനം,અનુવાદ
പകർച്ച,ટ્રાન્સમિશન
ട്രാൻസ്മിഷൻ കൺട്രോൾ പ്രോട്ടോക്കോൾ (TCP),ટ્રાન્સમિશન કંટ્રોલ પ્રોટોકોલ (TCP)
ട്രാൻസ്മിഷൻ ലൈൻ,ટ્રાન્સમિશન લાઇન
ട്രാൻസ്മിറ്റർ,ટ્રાન્સમીટર
സുതാര്യത,પારદર્શિતા
ട്രാൻസ്‌പോണ്ടർ,ટ્રાન્સપોન્ડર
ഗതാഗതം,પરિવહન
ട്രാൻസ്പോസിഷൻ,સ્થાનાંતરણ
ട്രാൻസ്പ്യൂട്ടർ,ટ્રાન્સપ્યુટર
ട്രാൻസ്സീവർ,ટ્રાન્સરીવર
ട്രാപ്പിംഗ്,ટ્રેપિંગ
സഞ്ചരിക്കുക,ટ્રાવર્સ
മരം (സഞ്ചാരം),વૃક્ષ (ટ્રાવર્સલ)
വൃക്ഷ ശൃംഖല,વૃક્ષ નેટવર્ક
ട്രിബ്യൂട്ടറി സർക്യൂട്ട്,ઉપનદી સર્કિટ
നിസ്സാര ഗ്രാഫ്,તુચ્છ ગ્રાફ
കുഴപ്പം ഷൂട്ട്,મુશ્કેલી શૂટ
വെട്ടിച്ചുരുക്കുക,કાપો
സത്യ പട്ടിക,સત્ય ટેબલ
ട്യൂണർ,ટ્યુનર
ടണലിംഗ്,ટનલીંગ
ട്യൂണിംഗ്,ટ્યુનિંગ
ട്യൂപ്പിൾ,ટપલ
ടർബോ പാസ്കൽ,ટર્બો પાસ્કલ
ട്യൂറിംഗ് യന്ത്രം,ટ્યુરિંગ મશીન
സമയം തിരിയുക,સમય ફેરવો
പ്രമാണം തിരിക്കുക,દસ્તાવેજ ફેરવો
ടേൺഅറൗണ്ട് സീക്വൻസ്,ટર્નઅરાઉન્ડ ક્રમ
ഇരട്ട കേബിൾ,ટ્વીન કેબલ
വളച്ചൊടിച്ച ജോഡി,ટ્વિસ્ટેડ જોડી
രണ്ട് ഭാഗം അസംബ്ലർ,બે ભાગ એસેમ્બલર
രണ്ടിന്റെ പൂരകം,બે પૂરક
തരം,પ્રકાર
തരം മുഖം,પ્રકાર ચહેરો
തരം തല,પ્રકાર વડા
തരം ചക്രം,પ્રકાર વ્હીલ
ടൈപ്പിംഗ്,ટાઈપિંગ
തടസ്സമില്ലാത്ത വൈദ്യുതി ഉറവിടം (UPS),અન ઇન્ટરપ્ટેબલ પાવર સ્ત્રોત (UPS)
ഏകീകൃത പ്രവർത്തനം,યુનરી ઓપરેશન
ഏകീകൃത പ്രവർത്തനം,યુનરી ઓપરેશન
unary ഓപ്പറേറ്റർ,યુનરી ઓપરેટર
അനിശ്ചിതത്വം,અનિશ્ચિતતા
നിരുപാധിക പ്രസ്താവന,બિનશરતી નિવેદન
എണ്ണാൻ പറ്റാത്തത്,અગણિત
അനാവരണം ചെയ്യുക,ઉઘાડું
അനിശ്ചിതമായ,અનિર્ણાયક
നിർവചിക്കാത്തത്,અવ્યાખ્યાયિત
നിർവചിക്കാത്ത റെക്കോർഡ്,અવ્યાખ્યાયિત રેકોર્ડ
ഇല്ലാതാക്കുക,કાઢી નાખો
അടിവരയിടുക,નીચા
ദിശാബോധമില്ലാത്തത്,દિશાહીન
ദിശാബോധമില്ലാത്ത ഗ്രാഫ്,નિર્દેશિત ગ્રાફ
ദിശാബോധമില്ലാത്ത സേവന സമയം,દિશાહીન સેવા સમય
പഴയപടിയാക്കുക,પૂર્વવત્ કરો
ഫോർമാറ്റ് ചെയ്യാത്ത ഡിസ്ക്,અનફોર્મેટેડ ડિસ્ક
യൂണികാസ്റ്റിംഗ്,યુનિકાસ્ટિંગ
യൂണികോഡ്,યુનિકોડ
ഏകപക്ഷീയമായ വൃക്ഷം,દિશાહીન વૃક્ષ
യൂണിഫോം റിസോഴ്സ് ലൊക്കേറ്റർ (URL),યુનિફોર્મ રિસોર્સ લોકેટર (URL)
അൺപ്രോസസ് ചെയ്യുന്നു,યુનિપ્રોસેસિંગ
അതുല്യമായ,અનન્ય
അൺഷീൽഡ് ട്വിസ്റ്റഡ് ജോഡി (UTP),યુનિશિલ્ડ ટ્વિસ્ટેડ જોડી (UTP)
യൂണിറ്റ്,એકમ
യൂണിറ്റ് വിലാസം,એકમ સરનામું
യൂണിറ്റ് ഇടവേള,એકમ અંતરાલ
യൂണിറ്റ് ടെസ്റ്റിംഗ്,એકમ પરીક્ષણ
ഏകീകൃത കോഡ്,એકાત્મક કોડ
യൂണിറ്റിം,યુનિટર્મ
യൂണിവേഴ്സൽ അസിൻക്രണസ് റിസീവർ/ട്രാൻസ്മിറ്റർ (UART),યુનિવર્સલ અસિંક્રોનસ રીસીવર/ટ્રાન્સમીટર (UART)
സാർവത്രിക ഫ്ലിപ്പ് ഫ്ലോപ്പ്,સાર્વત્રિક ફ્લિપ ફ્લોપ
സാർവത്രിക സെറ്റ്,સાર્વત્રિક સમૂહ
സാർവത്രിക പ്രതീക സെറ്റ്,સાર્વત્રિક અક્ષર સમૂહ
യുണിക്സ്,યુનિક્સ
അൺലോക്ക് ചെയ്യുക,અનલોક કરો
സുരക്ഷിതമല്ലാത്ത ഫീൽഡ്,અસુરક્ષિત ક્ષેત્ર
സുരക്ഷിതമല്ലാത്ത ഫയൽ,અસુરક્ષિત ફાઇલ
എത്തിച്ചേരാനാകുന്നില്ല,અગમ્ય
നിഴൽ മാറ്റുക,છાંયો
അൺഷീൽഡ്,અશિલ્ડ
പരാജയപ്പെട്ട കോൾ,અસફળ કૉલ
ഉന്താർ,ઊંટાર
അപ്ഡേറ്റ് അപാകതകൾ,વિસંગતતાઓને અપડેટ કરો
പുതുക്കിയ ഫയൽ,અપડેટ કરેલી ફાઇલ
അപ്ഡേറ്റ് ചെയ്യുന്നു,અપડેટ કરી રહ્યું છે
നവീകരിക്കുക,અપગ્રેડ કરો
നവീകരിക്കുക,અપગ્રેડ કરો
അപ്ലിങ്ക്,અપલિંક
അപ്‌ലോഡ് ചെയ്യുന്നു,અપલોડ કરી રહ્યું છે
മുകളിലെ മെമ്മറി ഏരിയ,ઉપલા મેમરી વિસ્તાર
അപ്സ്ട്രീം,અપસ્ટ્રીમ
പ്രവർത്തനസമയം,અપટાઇમ
മുകളിലേക്ക്,ઉપર તરફ
യൂസ്നെറ്റ്,યુઝનેટ
ഉപയോക്താവ്,વપરાશકર્તા
ഉപയോക്തൃ ഏജന്റ്,વપરાશકર્તા એજન્ટ
ഉപയോക്തൃ പ്രാമാണീകരണം,વપરાશકર્તા પ્રમાણીકરણ
ഉപയോക്തൃ ഡാറ്റഗ്രാം പ്രോട്ടോക്കോൾ (UDP),વપરાશકર્તા ડેટાગ્રામ પ્રોટોકોલ (UDP)
ഉപയോക്ത ഹിതകരം,મૈત્રીપૂર્ણ વપરાશકર્તા
ഉപയോക്തൃ തിരിച്ചറിയൽ,વપરાશકર્તા ઓળખ
ഉപയോക്തൃ ഐഡന്റിറ്റി (UID),વપરાશકર્તા ઓળખ (UID)
ഉപയോക്തൃ ഇന്റർഫേസ്,વપરાશકર્તા ઈન્ટરફેસ
ഉപയോക്തൃ നാമം,વપરાશકર્તા નામ
ഉപയോക്തൃ പ്രൊഫൈൽ,વપરાશકર્તા પ્રોફાઇલ
യൂട്ടിലിറ്റി,ઉપયોગિતા
യൂട്ടിലിറ്റി സോഫ്റ്റ്വെയർ,ઉપયોગિતા સોફ્ટવેર
സാധുതയുള്ളത്,માન્ય
മൂല്യനിർണ്ണയം,માન્યતા
മൂല്യനിർണ്ണയ പ്രോട്ടോക്കോളുകൾ,માન્યતા પ્રોટોકોલ્સ
മൂല്യനിർണ്ണയ പരിശോധന,માન્યતા પરીક્ષણ
സാധുത പരിശോധന,માન્યતા તપાસ
മൂല്യവർദ്ധിത നെറ്റ്‌വർക്ക് (VAN),મૂલ્ય વર્ધિત નેટવર્ક (VAN)
മൂല്യവർദ്ധിത റീസെല്ലർ (VAR),મૂલ્ય વર્ધિત પુનર્વિક્રેતા (VAR)
അപ്രത്യക്ഷമാകുന്ന പോയിന്റ്,અદ્રશ્ય થતું બિંદુ
നീരാവി പാത്രങ്ങൾ,વેપરવેર
വേരിയബിൾ,ચલ
വേരിയബിൾ വിലാസം,ચલ સરનામું
വേരിയബിൾ ബിറ്റ് നിരക്ക്,ચલ બીટ દર
വേരിയബിൾ ഫീൽഡ് നീളം,ચલ ક્ષેત્ર લંબાઈ
വേരിയബിൾ നീളം കോഡ്,ચલ લંબાઈ કોડ
വേരിയബിൾ നാമം,ચલ નામ
വാരിയാലെ,વેરિયેલ
വെക്റ്റർ,વેક્ટર
വെക്റ്റർ ഗ്രാപ്ഡിക്സ്,વેક્ટર ગ્રાફિક્સ
വെക്റ്റർ പ്രെസെസിംഗ്,વેક્ટર પ્રીસેસિંગ
വെക്റ്റർ ചെയ്ത തടസ്സങ്ങൾ,વેક્ટર કરેલ વિક્ષેપો
വെൻ &#39;രേഖാചിത്രം,વેન ડાયાગ્રામ
സ്ഥിരീകരണവും മൂല്യനിർണ്ണയവും (V&amp;V),ચકાસણી અને માન્યતા (V&amp;V)
പതിപ്പ് നിയന്ത്രണം,સંસ્કરણ નિયંત્રણ
പതിപ്പ് നമ്പർ,સંસ્કરણ નંબર
വെർട്ടക്സ്,શિરોબિંદુ
ലംബ പ്രോസസ്സർ,વર્ટિકલ પ્રોસેસર
വളരെ വലിയ തോതിലുള്ള ഏകീകരണം (VLSI),ખૂબ મોટા પાયે એકીકરણ (VLSI)
വളരെ നീണ്ട നിർദ്ദേശ വാക്ക് (VLIW),ખૂબ લાંબો સૂચના શબ્દ (VLIW)
വി.എച്ച്.ഡി.എൽ,વીએચડીએલ
വീഡിയോ ക്യാമറ,વિડિયો કેમેરા
ദശൃാഭിമുഖം,વિડિયો કોન્ફરન્સિંગ
വീഡിയോ ഡിസ്പ്ലേ ടെർമിനൽ,વિડિઓ પ્રદર્શન ટર્મિનલ
വീഡിയോ ഡിസ്പ്ലേ യൂണിറ്റ്,વિડિઓ પ્રદર્શન એકમ
വീഡിയോ ഗെയിം,વીડિયો ગેમ
വീഡിയോ ഗ്രാഫിക് അഡാപ്റ്റർ (VGA),વિડિયો ગ્રાફિક એડેપ્ટર (VGA)
വീഡിയോ ഗ്രാഫിക്സ് അഡാപ്റ്റർ (VGA),વિડિયો ગ્રાફિક્સ એડેપ્ટર (VGA)
വീഡിയോ സെർവർ,વિડિઓ સર્વર
കാണുക,જુઓ
പോർട്ട് കാണുക,પોર્ટ જુઓ
വ്യൂപോർട്ട്,વ્યુપોર્ટ
വെർച്വൽ സർക്യൂട്ട്,વર્ચ્યુઅલ સર્કિટ
വെർച്വൽ പ്രവർത്തനം,વર્ચ્યુઅલ કાર્ય
വെർച്വൽ മെമ്മറി,વર્ચ્યુઅલ મેમરી
വെർച്വൽ സ്വകാര്യ നെറ്റ്‌വർക്ക്,વર્ચ્યુઅલ ખાનગી નેટવર્ક
വെർച്വൽ റിയാലിറ്റി,વર્ચ્યુઅલ વાસ્તવિકતા
വെർച്വൽ റിയാലിറ്റി,વર્ચ્યુઅલ વાસ્તવિકતા
വെർച്വൽ റിയാലിറ്റി മാർക്ക്അപ്പ് ഭാഷ,વર્ચ્યુઅલ રિયાલિટી માર્કઅપ લેંગ્વેજ
വെർച്വൽ റിയാലിറ്റി മാർക്ക്അപ്പ് ഭാഷ (VRML),વર્ચ્યુઅલ રિયાલિટી માર્કઅપ લેંગ્વેજ (VRML)
വെർച്വൽ സ്റ്റോറേജ് ആക്സസ് രീതി,વર્ચ્યુઅલ સ્ટોરેજ એક્સેસ પદ્ધતિ
വെർച്വൽ സ്റ്റോറേജ് മാനേജ്മെന്റ്,વર્ચ્યુઅલ સ્ટોરેજ મેનેજમેન્ટ
വൈറസ്,વાઇરસ
വൈറസ് കണ്ടെത്തൽ,વાયરસ શોધ
വൈറസ് പ്രോഗ്രാം,વાયરસ પ્રોગ્રામ
ദൃശ്യപരത,દૃશ્યતા
ദർശനം,દ્રષ્ટિ
വിഷ്വൽ അടിസ്ഥാന,મૂળભુત દ્રશ્ય
വിഷ്വൽ സി++,વિઝ્યુઅલ C++
വിഷ്വൽ ഡിസ്പ്ലേ യൂണിറ്റ്,દ્રશ્ય પ્રદર્શન એકમ
വിച്വൽ,વિચ્યુઅલ
വിച്വൽ വിലാസം,વિચ્યુઅલ સરનામું
വിച്വൽ മെഷീൻ (VM),વિચ્યુઅલ મશીન (VM)
ശബ്ദം,અવાજ
വോയ്സ് മെയിൽ,વૉઇસ મેઇલ
വോയ്സ് മെയിൽ സെർവർ,વૉઇસ મેઇલ સર્વર
ശബ്ദം തിരിച്ചറിയൽ,અવાજ ઓળખ
വോയ്സ്-നെറ്റ്,વૉઇસ-નેટ
അസ്ഥിരമായ മെമ്മറി,અસ્થિર મેમરી
വേഫർ,વેફર
WAIS മാനേജർ,WAIS મેનેજર
കാത്തിരിക്കുക മരിക്കുക,મરવાની રાહ જુઓ
മുറിവ് കാത്തിരിക്കുക,ઘા રાહ જુઓ
കാത്തിരുന്ന കോഡ്,રાહ જોવાતો કોડ
ശരാശരി കാത്തിരുന്നു,રાહ જોઈ હતી સરેરાશ
കാത്തിരിപ്പ് സമയം,રાહ સમય
മതിൽ ഗ്രേഡ്,દિવાલ ગ્રેડ
ഊഷ്മള പുനരാരംഭിക്കുക,ગરમ પુનઃપ્રારંભ
മാലിന്യ ബാൻഡ് വീതി,વેસ્ટ બેન્ડ પહોળાઈ
വെള്ളച്ചാട്ട മാതൃക,વોટરફોલ મોડેલ
വേവ്ലെറ്റ്,વેવલેટ
വേവ്ലെറ്റ് ഇമേജ് കംപ്രഷൻ,વેવલેટ ઇમેજ કમ્પ્રેશન
തരംഗ രൂപാന്തരം,વેવલેટ ટ્રાન્સફોર્મ
ദുർബലമായ സ്ഥാപനം,નબળી સંસ્થા
വെബ്,વેબ
വെബ് വിലാസം,વેબ સરનામું
വെബ് എഴുത്ത്,વેબ ઓથરિંગ
വെബ് ബ്രൌസർ,વેબ બ્રાઉઝર
വെബ് പേജ്,વેબ પેજ
വെബ് സെർവർ,વેબ સર્વર
വെബ് സൈറ്റ്,વેબ સાઇટ
web-enabld ആപ്ലിക്കേഷൻ,વેબ-સક્ષમ એપ્લિકેશન
വെബ് പ്രവർത്തനക്ഷമമാക്കി,વેબ સક્ષમ
തൂക്കമുള്ള ഗ്രാഫ്,ભારિત ગ્રાફ
നന്നായി ബന്ധിപ്പിച്ചിരിക്കുന്നു,સારી રીતે જોડાયેલ છે
നന്നായി രൂപപ്പെടുത്തിയ ഫോർമുല,સારી રીતે રચાયેલ સૂત્ર
നന്നായി ക്രമീകരിച്ച സെറ്റ്,સારી રીતે ઓર્ડર કરેલ સેટ
വെറ്റ്വെയർ,વેટવેર
വീറ്റ്‌സ്റ്റോൺ ബെഞ്ച് മാർക്ക്,વ્હીટસ્ટોન બેન્ચ માર્ક
ചക്രം,વ્હીલ
ലൂപ്പ് സമയത്ത്,જ્યારે લૂપ
വൈറ്റ് ബോക്സ് ടെസ്റ്റിംഗ്,સફેદ બોક્સ પરીક્ષણ
വെള്ളവെളിച്ചം,સફેદ પ્રકાશ
വെളുത്ത ശബ്ദം,સફેદ અવાજ
വൈഡ് ഏരിയ നെറ്റ്‌വർക്ക് (WAN),વિશાળ વિસ્તાર નેટવર્ક (WAN)
വൈഡ് ഏരിയ നെറ്റ്‌വർക്ക് (WAN),વિશાળ વિસ્તાર નેટવર્ક (WAN)
വിശാലമായ ബാൻഡ്,વિશાળ બેન્ડ
വൈൽഡ് കാർഡ്,વાઇલ્ડ કાર્ડ
വിമ്പ്,વિમ્પ
ജയിക്കുക,જીત
zip വിജയിക്കുക,ઝિપ જીતો
ജാലകം,બારી
വിൻഡോ,વિન્ડોવિંગ
വിൻഡോസ്,વિન્ડોઝ
വിൻഡോസ് എക്സ്പ്ലോറർ,વિન્ડોઝ એક્સપ્લોરર
വിൻഡോസ് NT,વિન્ડોઝ એનટી
വയർ ഫ്രെയിം മോഡൽ,વાયર ફ્રેમ મોડેલ
വയർ പ്രിന്റർ,વાયર પ્રિન્ટર
വയർഡ് ലോജിക്,વાયર્ડ તર્ક
വയർലെസ് വിശ്വസ്തത (വൈ ഫൈ),વાયરલેસ વફાદારી (wi Fi)
വയർലെസ് ലാൻ,વાયરલેસ લેન
വയർലെസ്സ് ട്രാൻസ്മിഷൻ,વાયરલેસ ટ્રાન્સમિશન
മാന്ത്രികൻ,વિઝાર્ડ
വാക്ക്,શબ્દ
വാക്ക് കീ,શબ્દ કી
പദ ദൈർഘ്യം,શબ્દ લંબાઈ
വാക്ക് ഓറിയന്റഡ്,શબ્દ લક્ષી
വേഡ് പ്രോസസ്സിംഗ്,શબ્દ પ્રસંસ્કરણ
വേഡ് പ്രോസസ്സിംഗ്,શબ્દ પ્રસંસ્કરણ
വേഡ് പ്രോസസർ,વર્ડ પ્રોસેસર
വാക്ക് അടിവരയിടുന്ന പ്രതീകം,શબ્દ અન્ડરસ્કોર અક્ષર
വർക്ക് ഫ്ലോ മാനേജ്മെന്റ്,વર્ક ફ્લો મેનેજમેન્ટ
വർക്ക് ഗ്രൂപ്പ്,કાર્ય જૂથ
ജോലി യൂണിറ്റ്,કાર્ય એકમ
ജോലിയുടെ അളവ്,કામ વોલ્યુમ
പ്രവർത്തന ഡയറക്ടറി,કાર્યકારી નિર્દેશિકા
ജോലി സെറ്റ്,વર્કિંગ સેટ
പ്രവർത്തിക്കുന്ന സംഭരണം,કાર્યકારી સંગ્રહ
ശിൽപശാല,વર્કશોપ
വർക്ക്സ്റ്റേഷൻ,વર્કસ્ટેશન
ലോക കോ-ഓർഡിനേറ്റ്,વિશ્વ સંકલન
വേൾഡ് വൈഡ് വെബ് (WWW),વર્લ્ડ વાઈડ વેબ (WWW)
ഏറ്റവും മോശം അവസ്ഥ വിശകലനം,સૌથી ખરાબ કેસ વિશ્લેષણ
ഏറ്റവും മോശം ഫിറ്റ് അൽഗോരിതം,સૌથી ખરાબ ફિટ અલ્ગોરિધમ
പൊതിയുക,આજુબાજુ વીંટાળો
റിസ്റ്റ് കമ്പ്യൂട്ടിംഗ്,કાંડા કમ્પ્યુટિંગ
എഴുതാവുന്നത്,લખવા યોગ્ય
എഴുതുക,લખો
കാഷെ എഴുതുക,કેશ લખો
എഴുത്ത് ചക്രം,ચક્ર લખો
കീ എഴുതുക,કી લખો
"ഒരിക്കൽ എഴുതുക, കൂടുതൽ വായിക്കുക (WORM)","એકવાર લખો, વધુ વાંચો (WORM)"
സംരക്ഷണം എഴുതുക,રક્ષણ લખો
വായിക്കുക തല എഴുതുക,વાંચો હેડ લખો
X OR,X અથવા
X-12,એક્સ-12
XBM X ബിറ്റ്മാപ്പ്,XBM X બીટમેપ
സെനിക്സ്,ઝેનીક્સ
എക്സ്മോഡം,એક્સમોડેમ
എക്സ്-ഓൺ/എക്സ്-ഓഫ്,એક્સ-ઓન/એક્સ-ઓફ
എക്സ്-ടെർമിനൽ,એક્સ-ટર્મિનલ
എക്സ്ടെക്സ്റ്റ്,Xtext
എക്സ്-വിൻഡോ,એક્સ-વિન્ડો
YACC,YACC
യാഹൂ,યાહૂ
നുകം,યોક
Z-ബഫർ,Z-બફર
പൂജ്യം വിലാസ നിർദ്ദേശം,શૂન્ય સરનામા સૂચના
പൂജ്യം പ്രവർത്തനം,શૂન્ય કાર્ય
പൂജ്യം ലെവൽ വിലാസം,શૂન્ય સ્તર સરનામું
പൂജ്യം മാട്രിക്സ്,શૂન્ય મેટ્રિક્સ
പൂജ്യം അടിച്ചമർത്തൽ,શૂન્ય દમન
പൂജ്യം കാത്തിരിപ്പ് അവസ്ഥ,શૂન્ય પ્રતીક્ષા સ્થિતિ
സീറോ-സ്ലോട്ട് ലാൻ,શૂન્ય-સ્લોટ લેન
സിപ്പ്,ઝિપ
സിപ്പ് കോഡ്,પિન કોડ
zip ഫയൽ,zip ફાઇલ
zip UPZ മോഡം,zip UPZ મોડેમ
മേഖല,ઝોન
സോൺ ലിസ്റ്റ്,ઝોન યાદી
സൂം ചെയ്യുക,ઝૂમ કરો
വലുതാക്കുക,મોટું કરો
സൂം ഔട്ട്,ઝૂમ આઉટ કરો
സൂം ചെയ്യുന്നു,ઝૂમિંગ
Z-ടേം,Z- ટર્મ
