Tamil,Assamese
அபாகஸ்,abacus
அசாதாரண நிறுத்தம்,অস্বাভাৱিক সমাপ্তি
கருக்கலைப்பு,abort
அறுதி,নিৰপেক্ষ
முழுமையான முகவரி,নিৰপেক্ষ ঠিকনা
முழுமையான முகவரி,নিৰপেক্ষ সম্বোধন
முழுமையான அசெம்பிளர்,নিৰপেক্ষ এছেম্বলাৰ
முழுமையான குறியீடு,নিৰপেক্ষ ক&#39;ড
முழுமையான கட்டளை,নিৰপেক্ষ আদেশ
முழுமையான தரவு,নিৰপেক্ষ তথ্য
முழுமையான அறிவுறுத்தல்,নিৰপেক্ষ নিৰ্দেশনা
முழுமையான பயன்முறை,নিৰপেক্ষ ধৰণ
முழுமையான பாதை,নিৰপেক্ষ পথ
முழுமையான நிரலாக்கம்,নিৰপেক্ষ প্ৰগ্ৰেমিং
சுருக்க வர்க்கம்,বিমূৰ্ত শ্ৰেণী
சுருக்க தரவு வகை,বিমূৰ্ত তথ্যৰ ধৰণ
சுருக்க இயந்திரம்,বিমূৰ্ত মেচিন
சுருக்க சின்னம்,বিমূৰ্ত চিহ্ন
சுருக்க தொடரியல்,বিমূৰ্ত বাক্যবিন্যাস
ஏற்றுக்கொள்ளும் சோதனை,গ্ৰহণযোগ্যতা পৰীক্ষা
அணுகல் அங்கீகாரம்,প্ৰৱেশ প্ৰমাণীকৰণ
அணுகல் குறியீடு,প্ৰৱেশ ক&#39;ড
நுழைவு கட்டுப்பாடு,প্ৰৱেশ নিয়ন্ত্ৰণ
அணுகல் ஸ்கேன்,এক্সেছ স্কেন
துணை,আনুষংগিক বস্তু
கணக்கு,একাউণ্ট
கணக்கு ஐடி,একাউণ্ট আইডি
திரட்டி,এক্যুলেটৰ
துல்லியம்,শুদ্ধতা
அணுகல்,acess
அணுகல் கட்டுப்பாட்டு பைட்,প্ৰৱেশ নিয়ন্ত্ৰণ বাইট
அணுகல் குறியீடு,acess index
அணுகல் விசை,acess key
அணுகல் அணி,acess মেট্ৰিক্স
அணுகல் முறை,প্ৰৱেশ ধৰণ
அணுகல் சலுகை,acess বিশেষাধিকাৰ
அணுகல் பாதுகாப்பு,acess security
அணுகல் சேவையகம்,এচেছ চাৰ্ভাৰ
அணுகல் நேரம்,acess সময়
ஒப்புகை,স্বীকৃতি
ஒலியியல்,শব্দবিজ্ঞান
சுருக்கம்,সংক্ষিপ্ত ৰূপ
செயல் செய்தி,কাৰ্য্য বাৰ্তা
செயல்படுத்துதல்,সক্ৰিয়কৰণ
செயலில் உள்ள சர்வர் பக்கம் (ASP),সক্ৰিয় চাৰ্ভাৰ পৃষ্ঠা (ASP)
செயலில் உள்ள பதிப்பு,সক্ৰিয় সংস্কৰণ
அசைக்ளிக்,অচক্ৰীয়
அசைக்ளிக் வரைபடம்,অচক্ৰীয় গ্ৰাফ
அட மொழி,আদা ভাষা
அடாப்டர்,এডাপ্টাৰ
கூட்டு,যোগ কৰা
கோப்பை சேர்க்க,ফাইল যোগ কৰক
செயல்பாட்டைச் சேர்க்கவும்,অপাৰেচন যোগ কৰক
சேர்ப்பான்,adder
முகவரி,ঠিকনা
முகவரி பேருந்து,ঠিকনা বাছ
முகவரி கோப்பு,ঠিকনা নথিপত্ৰ
முகவரி வடிவம்,ঠিকনা বিন্যাস
முகவரி ஜெனரேட்டர்,ঠিকনা উৎপাদক
முகவரி வரி,ঠিকনা ৰেখা
முகவரி மேப்பிங்,ঠিকনা মেপিং
முகவரி சுட்டி,ঠিকনা পইণ্টাৰ
முகவரி பதிவு,ঠিকনা পঞ্জীয়ন
முகவரி தீர்மானம்,ঠিকনা সমাধান
முகவரி மொழிபெயர்ப்பு,ঠিকনা অনুবাদ
நினைவாற்றலை உரையாற்றினார்,ঠিকনাযুক্ত মেমৰি
உரையாற்றுவது,সম্বোধন কৰা
போதுமான அளவுகோல்கள்,পৰ্যাপ্ততাৰ মাপকাঠী
இணைந்த,সংযুক্ত
நிர்வாகம்,প্ৰশাসন
நிர்வாகி,প্ৰশাসক
அடோப் அக்ரோபேட்,এডোব এক্ৰ&#39;বেট
அடோ போட்டோஷாப்,এডোব ফটোশ্বপ
அட்வான்ஸ் பிசினஸ் அப்ளிகேஷன் புரோகிராமிங் (ஏபிஏபி),উন্নত ব্যৱসায়িক প্ৰয়োগ প্ৰগ্ৰেমিং (ABAP)
மேம்பட்ட தரவு,উন্নত তথ্য
மேம்பட்ட தகவல் அமைப்பு,উন্নত তথ্য ব্যৱস্থা
மேம்பட்ட தொழில்நுட்பம் (AT),উন্নত প্ৰযুক্তি (AT)
முகவர்,এজেণ্ট
திரட்டுதல்,একত্ৰীকৰণ
வான்வழி கணினி அமைப்பு,বায়ুমণ্ডলীয় কম্পিউটাৰ ব্যৱস্থা
அல்டஸ் பக்க தயாரிப்பாளர்,aldus পৃষ্ঠা নিৰ্মাতা
எச்சரிக்கை பெட்டி,সতৰ্কবাণী বাকচ
அல்கோல்,এলগোল
அல்காரிதம்,এলগৰিদম
அல்காரிதம் பகுப்பாய்வு,এলগৰিদম বিশ্লেষণ
அல்காரிதம் திறன்,এলগৰিদম দক্ষতা
மாற்றுப்பெயர்,alias
சீரமைப்பு,প্ৰান্তিককৰণ
ஒதுக்கீடு,আবণ্টন
அகரவரிசை,বৰ্ণানুক্ৰমিক
எண்ணெழுத்து,আলফানিউমেৰিক
எண்ணெழுத்து விசைப்பலகை,আলফানিউমেৰিক কি বৰ্ড
ஆல்பா-சோதனை,আলফা-পৰীক্ষা
ஆல்பா பதிப்பு,আলফা-সংস্কৰণ
alt விசை,alt কি&#39;
அல்டாவிஸ்டா,আলতাভিস্তা
தெளிவின்மை,অস্পষ্টতা
தெளிவற்ற இலக்கணம்,অস্পষ্ট ব্যাকৰণ
அமெரிக்க தேசிய தரநிலை நிறுவனம் (ANSI),আমেৰিকান নেচনেল ষ্টেণ্ডাৰ্ডছ ইনষ্টিটিউট (ANSI)
தகவல் பரிமாற்றத்திற்கான அமெரிக்க தரநிலை குறியீடு (ASCII),তথ্য বিনিময়ৰ বাবে আমেৰিকান মানক ক&#39;ড (ASCII)
அனலாக்,এনালগ
அனலாக் கணினி,এনালগ কম্পিউটাৰ
அனலாக் சாதனம்,এনালগ ডিভাইচ
அனலாக் மோடம்,এনালগ মডেম
அனலாக் டு டிஜிட்டல் மாற்றி (ADC),এনালগ টু ডিজিটেল কনভাৰ্টাৰ (ADC)
மற்றும்,আৰু
மற்றும் சுற்று,AND বৰ্তনী
மற்றும் வாயில்,AND গেট
மற்றும் செயல்பாடு அல்ல (விலக்கு),AND অপাৰেচন নহয় (বৰ্জন)
இயங்குபடம்,এনিমেচন
சிறுகுறிப்பு,টীকাকৰণ
ஒழுங்கின்மை,বিজুতি
முன்னோடி,পূৰ্বসূৰী
முன்கூட்டிய பேஜிங்,প্ৰত্যাশিত পেজিং
எதிர்ப்பு சமச்சீர்,এন্টি-চিমেট্ৰিক
வைரஸ் தடுப்பு நிரல்,এন্টিভাইৰাছ প্ৰগ্ৰেম
ஆப்லெட்,applet
பயன்பாட்டு டெவலப்பர்,এপ্লিকেচন ডেভেলপাৰ
பயன்பாட்டு நிரலாக்கம்,এপ্লিকেচন প্ৰগ্ৰেমিং
பயன்பாட்டு நிரலாக்க இடைமுகம் (API),এপ্লিকেচন প্ৰগ্ৰেমিং আন্তঃপৃষ্ঠ (API)
பயன்பாட்டு மென்பொருள்,এপ্লিকেচন চফ্টৱেৰ
பயன்பாட்டு மொழி,প্ৰয়োগমূলক ভাষা
தோராயக் கோட்பாடு,আনুমানিক তত্ত্ব
கட்டிடக்கலை,স্থাপত্য
பகுதி பரிமாற்றம்,এলেকা হস্তান্তৰ
வாதம்,তৰ্কাতৰ্কি
எண்கணித மற்றும் தர்க்க அலகு,গাণিতিক আৰু যুক্তিৰ একক
எண்கணித சரிபார்ப்பு,গাণিতিক পৰীক্ষা
எண்கணித மாறிலி,গাণিতিক ধ্ৰুৱক
எண்கணித தரவு,গাণিতিক তথ্য
எண்கணித அறிவுரை,গাণিতিক নিৰ্দেশনা
எண்கணிதம் மற்றும் தருக்க அலகு (ALU),গাণিতিক আৰু যুক্তি একক (ALU)
அர்பானெட்,ARPANET
வரிசை,এৰে
வரிசை கேச்,এৰে কেচ
வரிசை கணினி,এৰে কম্পিউটাৰ
வரிசை உறுப்பு,এৰে উপাদান
வரிசை பெயர்,এৰেৰ নাম
வரிசை செயலி,এৰে প্ৰচেছৰ
அம்புக்குறி விசைகள்,কাঁড় চিহ্নসমূহ
உச்சரிப்பு,আৰ্টিকুলেচন
உச்சரிப்பு புள்ளி,আৰ্টিকুলেচন পইণ্ট
செயற்கை சுருக்கம்,কৃত্ৰিম সংকোচন
செயற்கை கட்டுப்பாடு,কৃত্ৰিম নিয়ন্ত্ৰণ
செயற்கை நுண்ணறிவு,কৃত্ৰিম বুদ্ধিমত্তা
ஏறுபவர்,আৰোহী
ஏறும் வகை,আৰোহী সজাই পৰাই তোলা
ASCII betical order,ASCII betical ক্ৰম
ASCII கட்டுப்பாட்டு எழுத்து,ASCII নিয়ন্ত্ৰণ আখৰ
ASCII கோப்பு,ASCII নথিপত্ৰ
ASCII எழுத்துரு,ASCII ফন্ট
ASCII பரிமாற்றம்,ASCII স্থানান্তৰ
விகிதம்,এস্পেক্ট ৰেচিঅ&#39;
ASPI,এ এছ পি আই
ASR டைமர்,ASR টাইমাৰ
கூடி,একত্ৰিত কৰা
அசெம்பிளர்,এছেম্বলাৰ
சட்டசபை,সভা
சட்டசபை மொழி,সমাবেশ ভাষা
வலியுறுத்தல்,assertion
பணி நியமனம்,আবণ্টন কৰা কাৰ্য
சங்கம்,সংস্থা
துணை முகவரி,সহযোগী ঠিকনা
துணை நினைவகம்,সহযোগী স্মৃতিশক্তি
ஆஸ்டிரிக்,এস্টেৰিক
சமச்சீரற்ற,অসমতাপূৰ্ণ
ஒத்திசைவற்ற,এচিনক্ৰ&#39;নাছ
ஒத்திசைவற்ற டிஜிட்டல் சந்தாதாரர் வரி (ADSL),ডিজিটেল গ্রাহক লাইন (ADSL)
ஒத்திசைவற்ற நேரப் பிரிவு மல்டிபிளெக்சிங் (ATDM),asynchronous সময় বিভাজন মাল্টিপ্লেক্সিং (ATDM)
ஒத்திசைவற்ற பரிமாற்றம்,এচিনক্ৰ&#39;নাছ স্থানান্তৰ
ஒத்திசைவற்ற பரிமாற்ற முறை (ATM),এচিনক্ৰ&#39;নাছ স্থানান্তৰ ধৰণ (ATM)
அணு,পৰমাণু
இணைக்கப்பட்ட ஆவணம்,সংলগ্ন নথিপত্ৰ
இணைக்கப்பட்டுள்ள கோப்பு,সংলগ্ন ফাইল
இணைப்பு,সংলগ্নক
பண்பு,বৈশিষ্ট্য
ஆடியோ,অডিঅ&#39;
தணிக்கை நிரலாக்கம்,অডিট প্ৰগ্ৰেমিং
தணிக்கை சோதனை,অডিট ট্ৰেইল
பெருக்குதல்,বৃদ্ধি কৰা
அங்கீகார நெறிமுறை,প্ৰমাণীকৰণ প্ৰটোকল
ஆசிரியர் அமைப்பு,লেখক ব্যৱস্থা
அங்கீகாரம்,অনুমোদন
தானியங்கு சுருக்கம்,অটো বিমূৰ্ত
தானாக துவக்குதல்,স্বয়ংক্ৰিয় বুট কৰা
ஆட்டோகேட்,অটোকেড
ஆட்டோலாக் ஆன்,অটোলগ অন
தானியங்கி,automata
தானியங்கு கோட்பாடு,automata তত্ত্ব
தானியங்கி கணினி,স্বয়ংক্ৰিয় কম্পিউটিং
தானியங்கி தரவு செயலாக்கம்,স্বয়ংক্ৰিয় তথ্য প্ৰক্ৰিয়াকৰণ
தானியங்கி பிழை திருத்தம்,স্বয়ংক্ৰিয় ভুল সংশোধন
தானியங்கி செயல்பாடு,স্বয়ংক্ৰিয় কাৰ্য্য
தானியங்கி அட்டவணைப்படுத்தல்,স্বয়ংক্ৰিয় সূচীভুক্তকৰণ
தானியங்கி நூலக அழைப்பு,স্বয়ংক্ৰিয় লাইব্ৰেৰী কল
தானியங்கி நிரலாக்க,স্বয়ংক্ৰিয় প্ৰগ্ৰেমিং
தானியங்கி மீட்பு திட்டம்,স্বয়ংক্ৰিয় পুনৰুদ্ধাৰ প্ৰগ্ৰেম
தானியங்கி வழக்கம்,স্বয়ংক্ৰিয় ৰুটিন
தானியங்கி கணினி மீட்பு,স্বয়ংক্ৰিয় চিস্টেম পুনৰুদ্ধাৰ
தானியங்கி பணம் செலுத்தும் இயந்திரம் (ATM),স্বয়ংক্ৰিয় টেলাৰ মেচিন (ATM)
தானியங்கி,অটোমেচন
தானியங்கி,অটোপ্লে
தானாக சேமிக்கவும்,স্বয়ংক্ৰিয় সংৰক্ষণ কৰক
துணை,সহায়ক
துணை நினைவகம்,সহায়ক স্মৃতিশক্তি
துணை சேமிப்பு,সহায়ক সংৰক্ষণ
கிடைக்கும் பட்டியல்,উপলব্ধ তালিকা
கிடைக்கும் நேரம்,উপলব্ধ সময়
சராசரி,গড়
awk (மொழி),awk (ভাষা)
பின்தளம்,বেকএণ্ড
பின்தள செயலி,বেকএণ্ড প্ৰচেছৰ
பின்முகத்தை அகற்றுதல்,বেকফেচ আঁতৰোৱা
பின்னணி செயலாக்கம்,পটভূমি প্ৰক্ৰিয়াকৰণ
பேக்கிங் கடை,বেকিং ষ্ট&#39;ৰ
பின் இணைப்பு,বেকপেচিং
பின்வெளி,বেকস্পেচ
பின்வாங்குதல்,পিছুৱাই যোৱা
காப்புப்பிரதி,বেক-আপ
காப்பு நினைவகம்,বেক-আপ মেমৰি
பின்னோக்கி பிழை மீட்பு,পিছলৈ ত্ৰুটি পুনৰুদ্ধাৰ
இருப்புநிலை,বেলেন্স শ্বীট
இசைக்குழு,বেণ্ড
பட்டை அகலம்,বেণ্ডৰ প্ৰস্থ
வங்கியாளர் வழிமுறை,বেংকাৰৰ এলগৰিদম
பார் குறியீடு,বাৰ ক&#39;ড
பட்டை குறி படிப்பான் வருடி,বাৰ ক&#39;ড স্ক্যানাৰ
சட்ட வரைபடம்,বাৰ গ্ৰাফ
அடிப்படை முகவரி,ভিত্তি ঠিকনা
அடிப்படை இசைக்குழு,বেচ বেণ্ড
அடிப்படை எண்,ভিত্তি সংখ্যা
அடிப்படை அட்டவணை,ভিত্তি টেবুল
அடிப்படை,প্ৰাথমিক
அடிப்படை கட்டுப்பாடு,মূল নিয়ন্ত্ৰণ
அடிப்படை உள்ளீடு,মূল ইনপুট
அடிப்படை அறிவுறுத்தல்,মূল নিৰ্দেশনা
அடிப்படை வெளியீடு,মূল আউটপুট
அடிப்படை படி,মূল পদক্ষেপ
தொகுதி,বেটছ
தொகுதி கோப்பு,বেচ ফাইল
தொகுதி நிலை,বেচৰ অৱস্থান
தொகுதி செயலாக்கம்,বেচ প্ৰচেছিং
தொகுதி அமைப்பு,বেচ ব্যৱস্থা
பாட்,baud
பாட் விகிதம்,বড হাৰ
உத்திரம்,আলোকৰশ্মি
அளவுகோல்,বেঞ্চমাৰ্ক
இருதரப்பு தொடர்பு,দ্বিমুখী যোগাযোগ
இருதரப்பு இணைப்பு,দ্বিমুখী সংযোগ
பைனரி குறியீடு,বাইনাৰী ক&#39;ড
பைனரி இலக்கம்,বাইনাৰী অংক
பைனரி உள்ளீட்டு வெளியீட்டு அமைப்பு (பயாஸ்),বাইনাৰী ইনপুট আউটপুট চিস্টেম (BIOS)
பைனரி எண்,বাইনাৰী সংখ্যা
பைனரி ஆபரேட்டர்,বাইনাৰী অপাৰেটৰ
பைனரி உறவு,বাইনাৰী সম্পৰ্ক
பைனரி தேடல்,বাইনাৰী সন্ধান
பைனரி தேடல் மரம் (BST),বাইনাৰী সন্ধান গছ (BST)
பைனரி பரிமாற்றம்,বাইনাৰী স্থানান্তৰ
பைனரி மரம்,বাইনাৰী গছ
இருமுனை நினைவகம்,বাইপোলাৰ মেম’ৰী
பிறப்பு இறப்பு மாதிரி,জন্ম মৃত্যুৰ আৰ্হি
பிறப்பு இறப்பு செயல்முறை,জন্ম মৃত্যু প্ৰক্ৰিয়া
பிட்,বিট
சிறிய தவறு,বিট দোষ
பிட் வரைபடம்,বিট মেপ
பிட் மேப் பிக்சல் (BMP),বিট মেপ পিক্সেল (BMP)
பிட் மேட்ரிக்ஸ்,বিট মেট্ৰিক্স
பிட் முறை,বিট পেটাৰ্ণ
பிட் நிலை,বিটৰ অৱস্থান
பிட் விகிதம்,বিট হাৰ
கருப்பு பெட்டி சோதனை,ব্লেক বক্স পৰীক্ষা
கண் சிமிட்டுதல்,টিপটিপিয়াই
தொகுதி,অৱৰুদ্ধ কৰা
தொகுதி தற்காலிக சேமிப்பு,ব্লক কেচ
தடுப்பு சோதனை,ব্লক চেক কৰক
தொகுதி நகல்,ব্লক কপি
தொகுதி வரைபடம்,ব্লক ডায়াগ্ৰাম
பிணையத்தைத் தடுக்கிறது,নেটৱাৰ্ক ব্লক কৰা
பலகை,ব’ৰ্ড
புத்தககுறி,বুক মাৰ্ক
பூலியன் இயற்கணிதம்,বুলিয়ান বীজগণিত
பூலியன் உறவு,বুলিয়ান সম্পৰ্ক
துவக்க பகிர்வு,বুট বিভাজন
பூட் ஸ்ட்ராப்பிங்,বুট ষ্ট্ৰেপিং
பூட்-ஸ்ட்ராப் ஏற்றி,বুট-ষ্ট্ৰেপ লোডাৰ
பாலம்,সেঁতু
பிராட்பேண்ட் நெட்வொர்க்கிங்,ব্ৰডবেণ্ড নেটৱৰ্কিং
ஒளிபரப்பு,সম্প্ৰচাৰ
ஒலிபரப்பு வானொலி,সম্প্ৰচাৰ ৰেডিঅ&#39;
உலவ,ব্ৰাউজ কৰক
உலாவி,ব্ৰাউজাৰ
பி-மரம்,বি-বৃক্ষ
குமிழி நினைவகம்,বুদবুদ স্মৃতিশক্তি
குமிழி வகை,বুদবুদ সজাই পৰাই তোলা
வாளி,বাল্টি
நண்பர் அமைப்பு,বন্ধু ব্যৱস্থা
பட்ஜெட் பயனுள்ள கட்டுப்பாடு,বাজেট ফলপ্ৰসূ নিয়ন্ত্ৰণ
தாங்கல்,বাফাৰ
பிழை,পোক
பேருந்து,বাছ
பைட்,বাইট
பைட் குறியீடு,বাইট ক&#39;ড
c,গ
C++,C++
தற்காலிக சேமிப்பு,cache
கேச் தாங்கல்,কেশ্ব বাফাৰ
கேச் நினைவகம்,কেশ্ব মেমৰি
கணக்கீடு,গণনা কৰা
கால்குலேட்டர்,কেলকুলেটৰ
கால்குலேட்டர் சிப்,কেলকুলেটৰ চিপ
அழைப்பு,কল কৰা
பெயரால் அழைக்கவும்,নামেৰে ফোন কৰক
குறிப்பு மூலம் அழைப்பு,ৰেফাৰেন্সৰ দ্বাৰা কল কৰক
மதிப்பு மூலம் அழைப்பு,মূল্যৰ দ্বাৰা কল কৰক
மாறிகள் மூலம் அழைப்பு,চলকৰ দ্বাৰা কল কৰক
அழைப்பு வாயில்,গেট কল কৰক
ரத்து செய்,বাতিল কৰক
ரத்து பொத்தான்,বাতিল বুটাম
நியமனம்,canonical
நியமன வடிவம்,কেননিক ৰূপ
திறன்,ক্ষমতা
திறன் பட்டியல்,ক্ষমতা তালিকা
திறன்,ক্ষমতা
தொப்பி பூட்டு விசை,caps লক চাবি
அட்டை,কাৰ্ড
கார்டு ரீடர்,কাৰ্ড ৰিডাৰ
கார்டினாலிட்டி,কাৰ্ডিনালিটি
கேரியர்,বাহক
கேரியர் பேண்ட்,বাহক বেণ্ড
கேரியர் சுமை,বাহক বোজা
கேரியர் சிக்னல்,বাহক সংকেত
கேரியர் அலை,বাহক তৰংগ
சுமந்து செல்,কঢ়িওৱা
இலக்கத்தை எடுத்துச் செல்லுங்கள்,carry digit
கொடியை ஏந்தி,পতাকা কঢ়িয়াই নিয়া
கெட்டி வட்டு,কাৰ্টিজ ডিস্ক
அருவி,cascade
வழக்கு,ঘটনা
கத்தோட் கதிர் குழாய் (CRT),কেথড ৰে টিউব (CRT)
கேத்தோடு கதிர் குழாய் (CRT),কেথ&#39;ড ৰে টিউব (CRT)
CD ROM வட்டு இயக்கி,CD ROM ডিষ্ক ড্ৰাইভ
செல்,কোষ
செல் அனிமேஷன்,কোষ এনিমেচন
கை பேசி,চেলুলাৰ ফোন
மைய நினைவகம்,কেন্দ্ৰীয় স্মৃতিশক্তি
மத்திய செயலாக்க அலகு (CPU),কেন্দ্ৰীয় প্ৰক্ৰিয়াকৰণ একক (CPU)
மையப்படுத்தப்பட்ட அமைப்பு,কেন্দ্ৰীভূত ব্যৱস্থা
சான்றளிக்கப்பட்ட நாடா,প্ৰমাণিত টেপ
சங்கிலி,শিকলি
சங்கிலி தரவு,শৃংখল তথ্য
சங்கிலி இணைப்பு,শৃংখল সংযোগ
சங்கிலியிடுதல்,চেইনিং
சேனல்,চেনেল
சேனல் பிஸியான தொனி,চেনেল ব্যস্ত সুৰ
சேனல் திறன்,চেনেলৰ ক্ষমতা
சேனல் கட்டுப்படுத்தி,চেনেল নিয়ন্ত্ৰক
சேனல் பிழை,চেনেলৰ ভুল
சேனல் நிரல்,চেনেল প্ৰগ্ৰেম
சேனல் நம்பகத்தன்மை,চেনেলৰ নিৰ্ভৰযোগ্যতা
சேனல் தொகுப்பு,চেনেল ছেট
பாத்திரம்,চৰিত্ৰ
எழுத்து குறியீடு,আখৰৰ ক&#39;ড
எழுத்து திறவுகோல்,আখৰৰ চাবি
பாத்திர வாசகர்,চৰিত্ৰ পাঠক
எழுத்து அளவு,আখৰৰ আকাৰ
விளக்கப்படம்,তালিকা
சேஸ்பீடம்,চেছিছ
சோதனை பிட்,বিট পৰীক্ষা কৰক
எண்ணை சரிபார்க்க,ডিজিট পৰীক্ষা কৰক
காசோலை தொகை,ৰাশি পৰীক্ষা কৰক
சரிபார்ப்பு வார்த்தை,শব্দ পৰীক্ষা কৰক
சிப்,চিপ
சிப் தொகுப்பு,চিপ চেট
தேர்வு,বাছনি কৰক
வர்ண ரீதியாக,ৰঙীনভাৱে
மறைக்குறியீடு,চাইফাৰ
சுற்று,বৰ্তনী
வட்ட பட்டியல்,বৃত্তাকাৰ তালিকা
சிரஸ்,cirus
மேற்கோள்,উদ্ধৃতি
வர்க்கம்,শ্ৰেণী
வர்க்க மாறி,ক্লাছ ভেৰিয়েবল
வகைப்பாடு,শ্ৰেণীবিভাজন
தெளிவானது,পৰিষ্কাৰ
தெளிவான பகுதி,স্পষ্ট এলেকা
தெளிவான சேனல்,ক্লিয়াৰ চেনেল
கிளிக் செய்யவும்,ক্লিক কৰক
வாடிக்கையாளர்,গ্ৰাহক
கிளையன்ட் சர்வர்,ক্লাএন্ট চাৰ্ভাৰ
கிளையன்ட் ஸ்டப்,ক্লায়েন্ট ষ্টাব
சிறு படம்,ক্লিপ আৰ্ট
கிளிப் ஆர்ட் நூலகம்,ক্লিপ আৰ্ট লাইব্ৰেৰী
கிளிப் போர்டு,ক্লিপ বৰ্ড
கிளிப்பர்,ক্লিপাৰ
கிளிப்பர் சிப்,ক্লিপাৰ চিপ
குழு,ক্লিক
கடிகாரம்,ঘড়ী
கடிகார சுழற்சி,ঘড়ীৰ চক্ৰ
கடிகார அதிர்வெண்,ঘড়ীৰ কম্পাঙ্ক
கடிகார வன்பொருள்,ঘড়ী হাৰ্ডৱেৰ
கடிகார துடிப்பு,ঘড়ীৰ স্পন্দন
கடிகார வேகம்,ঘড়ীৰ গতি
கடிகார ஒத்திசைவு,ঘড়ী সমন্বয়
கடிகார டிக்,ঘড়ীৰ টিক
குளோன்,ক্ল&#39;ন
நெருக்கமான,বন্ধ
க்ளோஸ் சர்க்யூட் டிவி (சிசிடிவி),ক্ল&#39;জ চাৰ্কিট টিভি (CCTV)
மூடல்,বন্ধ কৰা
கிளவுட் கம்ப்யூட்டிங்,ক্লাউড কম্পিউটিং
கொத்து,গুচ্ছ
பூசிய அட்டை,আৱৰণযুক্ত কাৰ্ড
பூசிய காகித,আৱৰণযুক্ত কাগজ
கோஆக்சியல்,সমাক্ষীয়
கோஆக்சியல் கேபிள்,সমাক্ষীয় কেবল
கோடாசில்,কোডাচাইল
குறியீடு,ক&#39;ড
குறியீடு உற்பத்தியாளர்,ক&#39;ড জেনেৰেটৰ
குறியீடு பக்கம்,ক&#39;ড পৃষ্ঠা
குறியீட்டு வார்த்தை,ক&#39;ড শব্দ
குறியீட்டாளர்,ক&#39;ডাৰ
குறியீட்டு சோதனை,ক&#39;ডিং পৰীক্ষা
குறியீட்டு வடிவம்,ক&#39;ডিং ফৰ্ম
குறியீட்டு தாள்,ক&#39;ডিং শ্বীট
குணகம்,সহগ
இணக்கத்தைப்,সংহতি
குளிர் துவக்க,ঠাণ্ডা বুট
குளிர் ஆரம்பம்,ঠাণ্ডা আৰম্ভণি
இணைந்து,সহযোগিতা
சரிவு,পতন হোৱা
இணை,collate
கோலேட் டேப்,টেপ কোলেট কৰক
மோதல்,সংঘৰ্ষ
பெருங்குடல்,বৃহদান্ত্ৰ
நிறம் (நிறம்),ৰং (ৰং)
வண்ண செறிவு,ৰঙৰ পৰিপূৰকতা
வண்ண அட்டவணை,ৰঙৰ টেবুল
நெடுவரிசை,স্তম্ভ
சேர்க்கை,সংমিশ্ৰণ
சேர்க்கை பெட்டி,কম্বো বক্স
கட்டளை,আদেশ
கட்டளை பொத்தான்,কমাণ্ড বুটাম
கட்டளை பட்டியல்,কমাণ্ড তালিকা
கருத்து,মন্তব্য
அர்ப்பணிப்பு,অংগীকাৰ
பண்டம்,পণ্য
பொதுவான வணிகம் சார்ந்த மொழி (கோபோல்),সাধাৰণ ব্যৱসায়মুখী ভাষা (Cobol)
பொதுவான பிழை,সাধাৰণ ভুল
பொது மொழி,সাধাৰণ ভাষা
பொதுவான வழக்கம்,সাধাৰণ ৰুটিন
தொடர்பு,যোগাযোগ
தொடர்பு வரி,যোগাযোগ লাইন
தொடர்பு முறை,যোগাযোগ ধৰণ
தொடர்பு நெட்வொர்க்,যোগাযোগ নেটৱৰ্ক
தொடர்பு அளவுரு,যোগাযোগ প্ৰাচল
தொடர்பு அமைப்பு,যোগাযোগ ব্যৱস্থা
சுருக்கம்,সংকোচন
தளபதி,কম্পাণ্ডাৰ
இணைத்தல்,companding
நிறுவனத்தின் நெட்வொர்க்,কোম্পানী নেটৱৰ্ক
ஒப்பீட்டு சோதனை,তুলনামূলক পৰীক্ষা
பொருந்தக்கூடிய தன்மை,সামঞ্জস্যতা
இணக்கமான,উপযুক্ত
தொகுத்தல்,সংকলন
தொகுத்து செல்ல,কম্পাইল কৰক আৰু যাওক
தொகுப்பி,কম্পাইলাৰ
தொகுக்கும் மொழி,কম্পাইলাৰ ভাষা
நிரப்பு,পৰিপূৰক
நிரப்பு-பத்து,দহজনৰ ওপৰত পৰিপূৰক
பூர்த்தி செய்பவர்,পৰিপূৰক
முழு சுமந்து,সম্পূৰ্ণ কঢ়িয়াই নিয়া
சிக்கலான,জটিল
சிக்கலான எண்,জটিল সংখ্যা
கூறு,উপাদান
கூறு பொருள் மாதிரி (COM),উপাদান বস্তুৰ আৰ্হি (COM)
கூட்டு,কম্পোজিট
கலவை,সুৰ-ৰচনা
கணக்கீட்டு,গণনামূলক
கணினி,কম্পিউটাৰ
கணினி மையம்,কম্পিউটাৰ কেন্দ্ৰ
கணினி நிபுணர்,কম্পিউটাৰ বিশেষজ্ঞ
கணினி வரைகலை,কম্পিউটাৰ গ্ৰাফিক্স
கணினி அறிவுறுத்தல்,কম্পিউটাৰৰ নিৰ্দেশনা
கணினி மொழி,কম্পিউটাৰ ভাষা
கணினி வலையமைப்பு,কম্পিউটাৰ নেটৱৰ্ক
கணினி அறிவியல்,কম্পিউটাৰ বিজ্ঞান
கணினி பாதுகாப்பு,কম্পিউটাৰ সুৰক্ষা
கணினி உருவகப்படுத்துதல்,কম্পিউটাৰ চিমুলেটন
கணினி நிபுணர்,কম্পিউটাৰ বিশেষজ্ঞ
கணினிமயமாக்கல்,কম্পিউটাৰাইজেচন
கணினி நிபுணர்,কম্পিউটাৰিষ্ট
கணினிமயமாக்கு,কম্পিউটাৰাইজ কৰা
கம்ப்யூட்டிங்,কম্পিউটিং
கருத்து,ধাৰণা
ஒத்திசைவு,সমকালীনতা
ஒரே நேரத்தில்,সমকালীন
நிலை மாறி,কণ্ডিচন ভেৰিয়েবল
நிபந்தனை ஆபரேட்டர்,চৰ্তসাপেক্ষ অপাৰেটৰ
நிபந்தனை அறிக்கை,চৰ্তসাপেক্ষ বিবৃতি
நடத்துனர்,পৰিবাহী
மாநாடு,কনফাৰেন্সিং
இரகசியத்தன்மை,গোপনীয়তা
கட்டமைப்பு,বিন্যাস
நெரிசல்,ভিৰ
இணைப்பு,সংযোগ
இணைப்பு வேகம்,সংযোগ গতি
இணைப்பு,সংযোগ
இணைப்பு குறைவான தொடர்பு,সংযোগ কম যোগাযোগ
இணைப்பு வெளியீடு,সংযোগ মুক্তি
இணைப்பு,সংযোগ
இணைப்பான்,সংযোগকাৰী
தொடர்ச்சியாக,একেৰাহে
அதன் விளைவாக,ফলস্বৰূপ
பணியகம்,কনছ&#39;ল
ஒருங்கிணைப்பு,একত্ৰীকৰণ
நிலையான,নেৰানেপেৰা
நிலையான அறிவுறுத்தல்,নিৰন্তৰ নিৰ্দেশনা
கட்டுப்பாடு,বাধা
கட்டமைப்பாளர்,কনষ্ট্ৰাক্টৰ
கொள்கலன்,পাত্ৰ
உள்ளடக்கம்,বিষয়
சூழல்,সন্দৰ্ভ
சூழல் இலவச இலக்கணம் (CFG),প্ৰসংগ মুক্ত ব্যাকৰণ (CFG)
சூழல் சுவிட்ச்,প্ৰসংগ চুইচ
தற்செயல்,আকস্মিকতা
சுருக்கம்,সংকোচন
மாறுபாடு,বিষমতা
கட்டுப்பாடு,নিয়ন্ত্ৰণ
கட்டுப்பாட்டு பகுதி,নিয়ন্ত্ৰণ এলেকা
கட்டுப்பாட்டு பிட்,নিয়ন্ত্ৰণ বিট
கட்டுப்பாட்டு பேருந்து,নিয়ন্ত্ৰণ বাছ
கட்டுப்பாட்டு அட்டை,নিয়ন্ত্ৰণ কাৰ্ড
கட்டுப்பாட்டு சுற்று,নিয়ন্ত্ৰণ বৰ্তনী
கட்டுப்பாட்டு சுழற்சி,নিয়ন্ত্ৰণ চক্ৰ
கட்டுப்பாட்டு பொறியியல்,নিয়ন্ত্ৰণ অভিযান্ত্ৰিকী
கட்டுப்பாட்டு விசை,নিয়ন্ত্ৰণ কি&#39;
கட்டுப்பாட்டு தர்க்கம்,নিয়ন্ত্ৰণ যুক্তি
கட்டுப்பாட்டு வளையம்,নিয়ন্ত্ৰণ লুপ
கட்டுப்பாட்டு குறி,নিয়ন্ত্ৰণ চিহ্ন
கட்டுப்பாட்டு செயல்பாடு,নিয়ন্ত্ৰণ কাৰ্য্য
கட்டுப்பாட்டு குழு,নিয়ন্ত্ৰণ পেনেল
கட்டுப்பாட்டு சமிக்ஞை,নিয়ন্ত্ৰণ সংকেত
கட்டுப்பாட்டு சுவிட்ச்,নিয়ন্ত্ৰণ চুইচ
கட்டுப்பாட்டு நாடா,নিয়ন্ত্ৰণ টেপ
கட்டுப்பாட்டு முனையம்,নিয়ন্ত্ৰণ টাৰ্মিনেল
கட்டுப்பாட்டு அலகு (CU),নিয়ন্ত্ৰণ একক (CU)
ஒன்றிணைதல்,অভিসৰণ
உரையாடல்,কথা-বাৰ্তা
உரையாடல் நேரப் பகிர்வு,কথোপকথনৰ সময় ভাগ-বতৰা কৰা
மாற்றம்,ৰূপান্তৰ
மாற்றி,ৰূপান্তৰক
குக் தேற்றம்,কুকৰ উপপাদ্য
இணை செயலி,সহ-প্ৰচেছৰ
நகல்,কপি কৰক
பதிப்புரிமை,কপিৰাইট
தண்டு,কৰ্ড
கம்பியில்லா தொலைபேசி,কৰ্ডলেছ টেলিফোন
தொடர்ச்சி,corollary
திருத்தம்,সংশোধন
சிதைக்கப்பட்டது,দুৰ্নীতিগ্ৰস্ত
எண்ணிக்கை,হিচাপ কৰা
கவுண்டர்,বিৰোধ
நாட்டின் குறியீடு,দেশৰ কোড
இணை மாறுபாடு,সহাৱস্থান
கவரேஜ்,কভাৰেজ
விபத்து,খুন্দা মৰা
முக்கியமான பாதை,জটিল পথ
முக்கியமான பாதை முறை (CPM),জটিল পথ পদ্ধতি (CPM)
குறுக்கு சோதனை,ক্ৰছ চেক
குறுக்கு கம்பைலர்,ক্ৰছ কম্পাইলাৰ
குறுக்கு தீ,ক্ৰছ জুই
குறுக்கு பேச்சு,ক্ৰছ টক
குறியாக்கவியல்,ক্ৰিপ্টোগ্ৰাফিক
குறியாக்கவியல்,ক্ৰিপ্টোগ্ৰাফী
நாணய சின்னம்,মুদ্ৰাৰ চিহ্ন
தற்போதைய அடைவு,বৰ্তমান ডাইৰেকটৰি
தற்போதைய சாளரம்,বৰ্তমান উইন্ডো
கர்சர்,কাৰ্চাৰ
வளைவு,বক্ৰ
வெட்டி ஒட்டு,কাটি পেষ্ট কৰক
வெட்டு முறை,কাটিব পৰা পদ্ধতি
சைபர்,চাইবাৰ
கணணி மையம்,চাইবাৰ কেফে
இணைய பணம்,চাইবাৰ নগদ ধন
சைபர்,চাইবাৰ অপৰাধ
சைபர் டெலிக்ஸ்,চাইবাৰ ডেলিক
இணைய சட்டம்,চাইবাৰ আইন
இணைய செக்ஸ்,চাইবাৰ যৌনতা
சைபர்னாடிக்ஸ்,চাইবাৰনেটিক্স
சைபர்னேஷன்,চাইবাৰনেচন
மிதிவண்டி,চক্ৰ
சுழற்சி நினைவகம்,চক্ৰ স্মৃতিশক্তি
சுழற்சி திருட,চক্ৰ চুৰি
சுழற்சி நேரம்,চক্ৰৰ সময়
சுழற்சி,চক্ৰীয়
டீமன்,ডেমন
டெய்சி சக்கரம்,ডেইজী চকা
தரவு நிர்வாகி,ডাটা প্ৰশাসক
தரவு ஒதுக்கீடு,তথ্য আবণ্টন
தரவு பகுதி,ডাটা এৰিয়া
தரவு வரிசை,ডাটা এৰে
தரவு தளம்,ডাটা বেচ
தரவு முறிவு,ডাটা ব্ৰেক
தரவு பஸ்,ডাটা বাছ
தரவு கேரியர்,ডাটা কেৰিয়াৰ
தரவு செல்,ডাটা চেল
தரவு சேனல்,ডাটা চেনেল
தரவு தொடர்பு,ডাটা যোগাযোগ
தரவு சுருக்கம்,তথ্য সংকোচন
தரவு புலம்,ডাটা ফিল্ড
தரவு கோப்பு,ডাটা ফাইল
தரவு ஓட்டம்,তথ্যৰ প্ৰবাহ
தரவு ஓட்ட விளக்கப்படம்,ডাটা প্ৰবাহ চাৰ্ট
தரவு படிநிலை,ডাটা হাইৰাৰ্কি
தரவு நிலை,তথ্যৰ স্তৰ
தரவு நூலகம்,ডাটা লাইব্ৰেৰী
தரவு இணைப்பு அடுக்கு,ডাটা লিংক স্তৰ
தரவு இணைப்பு அடுக்கு (DLL),ডাটা লিংক স্তৰ (DLL)
தரவு மேலாண்மை,তথ্য ব্যৱস্থাপনা
தரவு கையாளுதல்,ডাটা মেনিপুলেচন
தரவு கையாளுதல் மொழி (DML),ডাটা মেনিপুলেচন ভাষা (DML)
தரவு மோடம்,ডাটা মডেম
தரவு மாற்றம்,তথ্য পৰিৱৰ্তন
தரவு நெட்வொர்க்,ডাটা নেটৱৰ্ক
தரவு செயல்பாடு,ডাটা অপাৰেচন
தரவு அமைப்பு,ডাটা সংস্থাপন
தரவு வெளியீடு,ডাটা আউটপুট
தரவு பாதை,ডাটা পথ
தரவு தயாரிப்பு,তথ্য প্ৰস্তুত কৰা
தரவு தனியுரிமை,ডাটা গোপনীয়তা
தரவு செயலி,ডাটা প্ৰচেছৰ
தரவு பாதுகாப்பு,তথ্য সুৰক্ষা
தரவு பதிவு,ডাটা ৰেকৰ্ড
தரவு மீட்பு,তথ্য উদ্ধাৰ কৰা
தரவு வழக்கமான,ডাটা ৰুটিন
தரவு பாதுகாப்பு,ডাটা সুৰক্ষা
தரவு தொகுப்பு,ডাটা ছেট
தரவு சமிக்ஞை,ডাটা সংকেত
தரவு மடு,ডাটা ডুব যোৱা
தரவு மூலம்,তথ্যৰ উৎস
தரவு விவரக்குறிப்பு,তথ্যৰ নিৰ্দিষ্টকৰণ
தரவு நிலையம்,ডাটা ষ্টেচন
தரவு சேமிப்பு,ডাটা সংৰক্ষণ
தரவு சேமிப்பு அமைப்பு,তথ্য সংৰক্ষণ গঠন
தரவு அமைப்பு,তথ্যৰ গঠন
தரவு சுவிட்ச்,ডাটা চুইচ
தரவு அட்டவணை,ডাটা টেবুল
தரவு முனையம்,ডাটা টাৰ্মিনেল
தரவு படியெடுத்தல்,ডাটা ট্ৰান্সক্ৰিপচন
தரவு பரிமாற்ற,ডাটা ট্ৰেন্সফাৰ
தரவு பரிமாற்றம்,ডাটা ট্ৰেন্সমিছন
தரவு பரிமாற்ற சேனல்,ডাটা ট্ৰেন্সমিছন চেনেল
தரவு வகை,তথ্যৰ ধৰণ
தரவு அலகு,ডাটা ইউনিট
தகவல் மதிப்பீடு,তথ্য বৈধকৰণ
தரவுத்தளம்,ডাটাবেছ
தரவுத்தள நிர்வாகம்,ডাটাবেছ প্ৰশাসন
தரவுத்தள வடிவமைப்பு,ডাটাবেছ ডিজাইন
தரவுத்தள மேலாண்மை அமைப்பு,ডাটাবেছ ব্যৱস্থাপনা ব্যৱস্থা
டேட்டாகிராவ்,ডাটাগ্ৰাভ
தரவு,ডাটাম
இறந்த மண்டலம்,ডেড জ&#39;ন
முட்டுக்கட்டை,ডেডলক
முட்டுக்கட்டை தடுப்பு,ডেডলক প্ৰতিৰোধ
பிழைத்திருத்தம்,ডিবাগ কৰক
முடிவு பெட்டி,সিদ্ধান্ত বাকচ
முடிவெடுக்கும் செயல்முறை,সিদ্ধান্ত গ্ৰহণ প্ৰক্ৰিয়া
முடிவு ஆதரவு அமைப்பு,সিদ্ধান্ত সমৰ্থন ব্যৱস্থা
முடிவு மரம்,সিদ্ধান্ত গছ
குறிவிலக்கி,ডিকোডাৰ
சிதைவு கொள்கை,পচন নীতি
மறைகுறியாக்கம்,ডিক্ৰিপচন
அர்ப்பணிக்கப்பட்ட சேனல்,ডেডিকেটেড চেনেল
அர்ப்பணிக்கப்பட்ட துறைமுகம்,নিবেদিত বন্দৰ
பாதுகாப்பு தரவு நெட்வொர்க் (DDN),প্ৰতিৰক্ষা ডাটা নেটৱৰ্ক (DDN)
பாதுகாப்பு தகவல் அமைப்பு,প্ৰতিৰক্ষা তথ্য ব্যৱস্থা
defragmentation,ডিফ্ৰেগমেণ্টেচন
தாமதம்,পলম কৰা
தாமத கவுண்டர்,বিলম্ব কাউণ্টাৰ
தாமத நேரம்,বিলম্বৰ সময়
அழி,বিলোপ
நீக்குதல் பதிவு,ডিলিচন ৰেকৰ্ড
பிரிப்பான்,সীমা নিৰ্ধাৰণকাৰী
டெல்டா பண்பேற்றம்,ডেল্টা মডুলেচন
கோரிக்கை பேஜிங்,ডিমাণ্ড পেজিং
டெமோ,ডেমো
டிமாடுலேஷன்,ডিমডুলেচন
demultiplexer,ডিমাল্টিপ্লেক্সাৰ
இயல்புநிலைப்படுத்தல்,ডিনৰ্মেলাইজেচন
அடர்த்தி,ঘনত্ব
சார்பு,নিৰ্ভৰশীলতা
சார்பு அலகு,নিৰ্ভৰশীল একক
வரிசை,ডিকিউ
புறக்கணிப்பு,ডিৰেফাৰেন্সিং
வழித்தோன்றல் மரம்,ব্যুৎপত্তি গছ
பெறப்பட்ட புலம்,ব্যুৎপত্তি কৰা ক্ষেত্ৰ
இறங்கு வகை,অৱনমিত সজাই পৰাই তোলা
வடிவமைப்பு,ডিজাইন
மேசை கால்குலேட்டர்,ডেস্ক কেলকুলেটৰ
மேசை கணினி,ডেস্ক টপ কম্পিউটাৰ
டெஸ்க்டாப் விளக்கக்காட்சி,ডেস্কটপ উপস্থাপন
டெஸ்க்டாப் பப்ளிஷிங் (டிடிபி),ডেস্কটপ প্ৰকাশন (DTP)
டெஸ்க்டாப் வீடியோ,ডেস্কটপ ভিডিঅ&#39;
இலக்கு முகவரி,গন্তব্যস্থানৰ ঠিকনা
அழிப்பவர்,ধ্বংসকাৰী
நிர்ணயிக்கும் தானியங்கிகள்,ডিটাৰ্মিনিষ্ট্ৰিক অটোমেটসমূহ
டெவலப்பர்,ডেভেলপাৰ
வளர்ச்சி அமைப்பு,উন্নয়ন ব্যৱস্থা
சாதனம்,ডিভাইচ
சாதன கட்டுப்பாட்டு அலகு,ডিভাইচ নিয়ন্ত্ৰণ একক
சாதனம் கட்டுப்படுத்தி,ডিভাইচ নিয়ন্ত্ৰক
சாதன மேலாண்மை,ডিভাইচ ব্যৱস্থাপনা
சாதன முறை,ডিভাইচ ধৰণ
நோய் கண்டறிதல்,নিদান
கண்டறியும் அமைப்பு,ডায়েগনষ্টিক চিষ্টেম
பரிசோதனை,ডায়েগনষ্টিকছ
வரைபடம்,ডায়েগ্ৰাম
டயல்,ডায়েল কৰক
டயல் வரி,ডায়েল লাইন
டயல் தொனி,ডায়েল টোন
அழைக்கவும்,ডায়েল আপ কৰক
உரையாடல்,সংলাপ
உரையாடல் பெட்டி,সংলাপ বাকচ
டயல்அப் மோடம்,ডায়েলআপ মডেম
பரிமாணம்,ব্যাস
அகராதி,অভিধান
வேறுபாடு,পাৰ্থক্য
டிஜிட்டல்,ডিজিটেল
டிஜிட்டல் சேனல்,ডিজিটেল চেনেল
டிஜிட்டல் சுற்று,ডিজিটেল বৰ্তনী
டிஜிட்டல் கணினி,ডিজিটেল কম্পিউটাৰ
டிஜிட்டல் தரவு,ডিজিটেল ডাটা
டிஜிட்டல் வசதி,ডিজিটেল সুবিধা
டிஜிட்டல் வடிகட்டி,ডিজিটেল ফিল্টাৰ
டிஜிட்டல் நூலகம்,ডিজিটেল লাইব্ৰেৰী
டிஜிட்டல் பண்பேற்றம்,ডিজিটেল মডুলেচন
டிஜிட்டல் மானிட்டர்,ডিজিটেল মনিটৰ
டிஜிட்டல் படம்,ডিজিটেল ছবি
டிஜிட்டல் கையொப்பம்,ডিজিটেল স্বাক্ষৰ
டிஜிட்டல் சுவிட்ச்,ডিজিটেল চুইচ
டிஜிட்டல் முதல் அனலாக் (D/A) மாற்றி,ডিজিটেলৰ পৰা এনালগলৈ (D/A) ৰূপান্তৰক
டிஜிட்டல் மயமாக்கல்,ডিজিটাইজেচন
இலக்கமாக்கு,ডিজিটেলাইজ কৰক
இலக்கமாக்கி,ডিজিটাইজাৰ
டையோடு,ডাইঅ&#39;ড
நேரடி,পোনপটীয়া
நேரடி முகவரி,প্ৰত্যক্ষ ঠিকনা
நேரடி மாற்றம்,প্ৰত্যক্ষ ৰূপান্তৰ
நேரடி இணைப்பு,প্ৰত্যক্ষ সংযোজন
நேரடி நினைவக அணுகல் (DMA),প্ৰত্যক্ষ মেমৰি অভিগম (DMA)
நேரடி நினைவக அணுகல் (DMA),প্ৰত্যক্ষ স্মৃতিশক্তি প্ৰৱেশ (DMA)
நேரடி முறை,প্ৰত্যক্ষ পদ্ধতি
உத்தரவு,নিৰ্দেশনা
அடைவு,ডাইৰেকটৰী
அடைவு சேவையகம்,ডাইৰেকটৰি চাৰ্ভাৰ
அடைவு சேவை,ডাইৰেকটৰি সেৱা
முடக்கு,অক্ষম
சமிக்ஞையை முடக்குகிறது,সংকেত নিষ্ক্ৰিয় কৰা
துண்டிக்கவும்,সংযোগ বিচ্ছিন্ন কৰক
தனித்தனி,বিচ্ছিন্ন
வட்டு,ডিস্ক
வட்டு முகவரி,ডিষ্কৰ ঠিকনা
வட்டு வரிசை,ডিষ্ক এৰে
வட்டு திறன்,ডিষ্কৰ ক্ষমতা
வட்டு இயக்கி,ডিষ্ক ড্ৰাইভ
வட்டு கோப்பு,ডিষ্ক নথিপত্ৰ
வட்டு நினைவகம்,ডিষ্ক মেমৰি
வட்டு இயக்க முறைமை (DOS),ডিষ্ক কাৰ্য্যকৰপ্ৰণালী (DOS)
வட்டு தொகுப்பு,ডিষ্ক পেক
வட்டு சேவையகம்,ডিষ্ক চাৰ্ভাৰ
வட்டு சேமிப்பு,ডিষ্ক সংৰক্ষণ
வட்டு,ডিস্কেট
காட்சி கோப்பு,ফাইল প্ৰদৰ্শন কৰক
காட்சி படத்தை,ছবি প্ৰদৰ্শন কৰক
அகற்றல்,নিষ্পত্তি
தூரம்,দূৰত্ব
தூர செயல்பாடு,দূৰত্বৰ ফলন
திரித்தல்,বিকৃতি
விநியோகிக்கப்பட்டது,বিতৰণ কৰা হৈছে
விநியோகிக்கப்பட்ட தரவு,বিতৰণ কৰা তথ্য
விநியோகிக்கப்பட்ட சேவையகம்,বিতৰণ কৰা চাৰ্ভাৰ
விநியோகிக்கப்பட்ட அமைப்பு,বিতৰণ কৰা ব্যৱস্থা
விநியோகிக்கக்கூடிய,বিতৰণমূলক
ஆவணம்,নথিপত্ৰ
ஆவணம் மீட்டெடுக்கப்பட்டது,নথিপত্ৰ উদ্ধাৰ কৰা হৈছে
ஆவண சாளரம்,নথিপত্ৰ উইন্ডো
ஆவணங்கள்,নথিপত্ৰ
களம்,ডমেইন
டொமைன் பெயர்,ডমেইনৰ নাম
டாட் மேட்ரிக்ஸ் பிரிண்டர்,ডট মেট্ৰিক্স প্ৰিন্টাৰ
கீழ்,তললৈ
கீழ் இணைப்பு,ডাউন লিংক
பதிவிறக்கம்,ডাউন লোডিং
செயலற்ற நேரம்,ডাউন টাইম
இழுத்தல்,ড্ৰেগিং কৰা
DRAM (டைனமிக் ரேம்),DRAM (ডাইনামিক ৰেম)
சறுக்கல்,ড্ৰিফ্ট
இயக்கி,ড্ৰাইভাৰ
கைவிட,টোপাল
கீழ்தோன்றும் பட்டியல் பெட்டி,ড্ৰপ ডাউন তালিকা বাকচ
டிரம் டிரைவ்,ড্ৰাম ড্ৰাইভ
டிரம் பிரிண்டர்,ড্ৰাম প্ৰিন্টাৰ
டிரம் அலகு,ড্ৰাম ইউনিট
இரட்டை,দ্বৈত
இரட்டை அடர்த்தி,দ্বৈত ঘনত্ব
போலி முகவரி,ডামি ঠিকনা
திணிப்பு,ভাণ্ডাৰ
இரட்டை சுற்று,ডুপ্লেক্স বৰ্তনী
டூப்ளெக்சிங்,ডুপ্লেক্সিং
நகல்,ডুপ্লিকেট কৰক
டிவிடி ஆர்/டபிள்யூ,ডিভিডি R/W
டிவிடி ரோம்,DVD ROM
மாறும் அறிவுறுத்தல்,গতিশীল নিৰ্দেশনা
மாறும் நினைவகம்,গতিশীল স্মৃতিশক্তি
இயக்கவியல்,গতিশীলতা
EBCDIC,ইবিচিডিআইচি
மின் வணிகம்,ই-ব্যৱসায়
எதிரொலி,প্ৰতিধ্বনি
மின் வணிகம்,ই-কমাৰ্চ
தொகு,সম্পাদনা কৰক
ஆசிரியர்,সম্পাদক
கல்வி தொழில்நுட்பம்,শৈক্ষিক প্ৰযুক্তি
EEP ரோம்,ইইপি ৰম
பயனுள்ள முகவரி (மிதக்கும் முகவரி),ফলপ্ৰসূ ঠিকনা (ভাসমান ঠিকনা)
பயனுள்ள செயல்பாட்டு முகவரி,ফলপ্ৰসূ অপাৰেণ্ড ঠিকনা
பயனுள்ள செயல்முறை,ফলপ্ৰসূ পদ্ধতি
பயனுள்ள UID (பயனர் அடையாளம்),ফলপ্ৰসূ UID (ব্যৱহাৰকাৰী চিনাক্তকৰণ)
பயனுள்ள பரிமாற்ற செயல்பாடு,ফলপ্ৰসূ সংক্ৰমণ অপাৰেণ্ড
எட்டு பிட் பைட்,আঠ-বিট বাইট
மின் கற்றல்,ই-লাৰ্নিং
தேர்தல்-அல்கிரிதம்,নিৰ্বাচন-algirthm
மின் அஞ்சல் (மின்னஞ்சல்),বৈদ্যুতিক মেইলিং (ই-মেইল)
மின்சார அச்சுப்பொறி,বৈদ্যুতিক প্ৰিন্টাৰ
மின் கணக்கியல் இயந்திரம்,বৈদ্যুতিক একাউণ্টিং মেচিন
மின்னணு,ইলেক্ট্ৰনিক
மின்னணு அனுமதி அமைப்பு (ECS),ইলেক্ট্ৰনিক ক্লিয়াৰেন্স চিষ্টেম (ECS)
மின்னணு தரவு பரிமாற்றம் (EDI),ইলেক্ট্ৰনিক ডাটা বিনিময় (EDI)
மின்னணு தரவு செயலாக்கம்,ইলেক্ট্ৰনিক ডাটা প্ৰচেছিং
மின்னணு தாக்கல்,ইলেক্ট্ৰনিক ফাইলিং
மின்னணு நிதி பரிமாற்ற அமைப்பு (EFTS),ইলেক্ট্ৰনিক ধন হস্তান্তৰ ব্যৱস্থা (EFTS)
மின்னணு இதழ்கள்,ইলেক্ট্ৰনিক জাৰ্নেল
மின்னணு வெளியீடு,ইলেক্ট্ৰনিক প্ৰকাশন
மின்னணு சுவிட்ச்,ইলেক্ট্ৰনিক চুইচ
உறுப்பு,উপাদান
மின்னஞ்சல்,ই-মেইল
மின்னஞ்சல் முகவரி,ই-মেইল ঠিকনা
உட்பொதிக்கப்பட்ட அமைப்பு,এম্বেডেড চিস্টেম
உட்பொதித்தல்,এম্বেডিং
உமிழ்ப்பான் ஜோடி தர்க்கம் (ECL),এমিটাৰ কাপল লজিক (ECL)
வெற்று அடுக்கு,খালী ষ্টেক
வெற்று சரம்,খালী ষ্ট্ৰিং
முன்மாதிரி,অনুকৰণ
அடைப்பு,এনকেপচুলেচন
குறியாக்கி,encipher
குறியாக்கம்,এনকোড কৰক
குறியாக்கி,এনকোডাৰ
மறைகுறியாக்கப்பட்ட தரவு,এনক্ৰেপ্ট কৰা তথ্য
என்கிரிப்ட் கோப்பு முறைமை,নথিপত্ৰপ্ৰণালীক এনক্ৰিপ্ট কৰা
குறியாக்கம்,এনক্ৰিপচন
தொகுதியின் முடிவு,ব্লকৰ শেষ
கோப்பின் முடிவு (EOF),ফাইলৰ শেষ (EOF)
கடைசி பயனாளி,শেষ ব্যৱহাৰকাৰী
நுழைய,প্ৰৱেশ কৰা
நுழைவு விசை,এণ্টাৰ-কি
நிறுவன சேவையகம்,এণ্টাৰপ্ৰাইজ চাৰ্ভাৰ
நிறுவன அமைப்பு,উদ্যোগ ব্যৱস্থা
நிறுவனம்,সত্তা
நிறுவனம்-உறவு,সত্তা-সম্পৰ্ক
நுழைவு நேரம்,প্ৰৱেশৰ সময়
நுழைவு மாறி,প্ৰৱেশ চলক
எண்ணத்தக்க,গণনাযোগ্য
சூழல்,পৰিৱেশ
சகாப்தம்,যুগ
EPROM,EPROM
எப்சிலன் மூடல்,এপ্সিলন বন্ধ কৰা
சமநிலைப்படுத்தி,ইকুৱেলাইজাৰ
உபகரணங்கள்,সঁজুলি
சமநிலை வகுப்பு,সমতুল্যতা শ্ৰেণী
சமமான உறவு,সমতুল্যতা সম্পৰ্ক
அழிக்க,মচি পেলাওক
பிழை திருத்தும் குறியீடு,ক&#39;ড সংশোধন কৰাত ত্ৰুটি
பிழை திருத்தம்,ভুল সংশোধন
பிழை கண்டறிதல்,ভুল ধৰা পেলোৱা
பிழை கையாளுதல்,ভুল নিয়ন্ত্ৰণ
பிழை செய்தி,ভুল বাৰ্তা
பிழை விகிதம்,ভুলৰ হাৰ
பிழை மீட்பு,ত্ৰুটি পুনৰুদ্ধাৰ
பிழை வழக்கமான,ভুল ৰুটিন
தப்பிக்கும் தன்மை,পলায়ন চৰিত্ৰ
ஈதர்நெட்,ইথাৰনেট
நிகழ்வு,কাৰ্যক্ৰম
நிகழ்வு சங்கிலி,ইভেন্ট শৃংখল
நிகழ்வு கட்டுப்பாடு,ইভেন্ট নিয়ন্ত্ৰণ
நிகழ்வு கவுண்டர்,ইভেন্ট কাউণ্টাৰ
விதிவிலக்கு கையாளுதல்,ব্যতিক্ৰম নিয়ন্ত্ৰণ
பரிமாற்றக்கூடிய வட்டு சேமிப்பு,বিনিময়যোগ্য ডিষ্ক সংৰক্ষণ
விலக்குதல்,বৰ্জন
பிரத்தியேக அல்லது (XOR),একচেটিয়া বা (XOR)
இயங்கக்கூடிய நிரல்,এক্সিকিউটেবল প্ৰগ্ৰেম
நிர்வாக அறிக்கை,কাৰ্য্যবাহী বিবৃতি
முழுமையான தேடல்,বিস্তৃত অনুসন্ধান
உள்ளன,উপলব্ধ
வெளியேறு,প্ৰস্থান
நிபுணர் அமைப்பு,বিশেষজ্ঞ ব্যৱস্থা
வெளிப்பாடு,অভিব্যক্তি
நீட்டிக்கப்பட்ட வரைகலை வரிசை (XGA),সম্প্ৰসাৰিত গ্ৰাফিক এৰে (XGA)
விரிவாக்கப்பட்ட தொழில் தரநிலை (EIS),বৰ্ধিত উদ্যোগ মানদণ্ড (EIS)
நீட்டிக்கப்பட்ட இயந்திரம்,বৰ্ধিত মেচিন
நீட்டிக்கப்பட்ட நினைவகம்,বৰ্ধিত স্মৃতিশক্তি
நீட்டிக்கப்பட்ட துல்லியம்,বৰ্ধিত নিখুঁততা
நீட்டிக்கப்பட்ட வரிசையாக்கம்,বৰ্ধিত সজাই পৰাই তোলা
வெளிப்புற அழைப்பு,বাহ্যিক কল
வெளிப்புற பிழை,বাহ্যিক ভুল
வெளிப்புற செயல்பாடு,বাহ্যিক কাৰ্য্য
வெளிப்புற குறுக்கீடு,বাহ্যিক বাধা
வெளிப்புற நினைவகம்,বাহ্যিক স্মৃতিশক্তি
வெளிப்புற நினைவகம்,বাহ্যিক স্মৃতিশক্তি
வெளிப்புற மோடம்,বাহ্যিক মডেম
வெளிப்புற குறிப்பு,বাহ্যিক উল্লেখ
வெளிப்புற தேடல்,বাহ্যিক অনুসন্ধান
வெளிப்புற சேமிப்பக சாதனம்,বাহ্যিক সংৰক্ষণ ডিভাইচ
பிரித்தெடுத்தல்,নিষ্কাশন
எக்ஸ்ட்ராபோலேஷன்,বহিঃপ্ৰক্ষেপণ
முக எழுத்து அச்சுப்பொறி,মুখ-আখৰ প্ৰিন্টাৰ
தோல்வி-பாதுகாப்பான செயல்பாடு,বিফল-নিৰাপদ কাৰ্য্য
தோல்வி விகிதம்,বিফলতাৰ হাৰ
தோல்வி மீட்பு,বিফলতা পুনৰুদ্ধাৰ
தவறான குறியீடு,মিছা ক&#39;ড
தவறான பிழை,মিছা ভুল
ரசிகர்-இன்,ফেন-ইন
ரசிகர்-அவுட்,ফেন-আউট
பாசிமைல் I/O சாதனம்,fascimile I/O ডিভাইচ
வேகமான நான்கு உருமாற்றம் (FFT),দ্ৰুত ফোৰিয়াৰ ৰূপান্তৰ (FFT)
கொடிய பிழை,মাৰাত্মক ভুল
தவறு கண்டறிதல்,ত্ৰুটি ধৰা পেলোৱা
தவறு கண்டறிதல்,দোষ নিদান
தவறு சகிப்புத்தன்மை,দোষ সহনশীলতা
தொலைநகல்,ফেক্স
தொலைநகல் செய்தி,ফেক্স বাৰ্তা
FDC,এফ ডি চি
அம்சம் கண்டறிதல்,বৈশিষ্ট্য ধৰা পেলোৱা
உணவு சுழற்சி,ফিড চক্ৰ
பின்னூட்டம்,মতামত
ஊட்டி,ফিডাৰ
எடுக்க,লৈ অনা
ஃபைபோனச்சி தேடல்,fibonacci অনুসন্ধান
ஃபைபோனச்சி வரிசை,fibonacci ক্ৰম
ஃபைபோனச்சி தொடர்,fibonacci শৃংখলা
ஃபைபர் ஆப்டிக்ஸ்,ফাইবাৰ অপটিক্স
fido net,ফিডো নেট
களம்,ক্ষেত্ৰ
ஐந்தாம் தலைமுறை கணினிகள்,পঞ্চম প্ৰজন্মৰ কম্পিউটাৰ
கோப்பு,ফাইল
கோப்பு அணுகல் முறை,ফাইল অভিগম পদ্ধতি
கோப்பு ஒதுக்கீடு அட்டவணை,ফাইল আবণ্টন টেবুল
கோப்பு சுருக்கம்,ফাইল সংকোচন
கோப்பு நகலெடுக்கிறது,ফাইল কপি কৰা
கோப்பு தளவமைப்பு,ফাইল বিন্যাস
கோப்பு ஒன்றிணைத்தல்,ফাইল মাৰ্জ কৰক
கோப்பு மீட்பு,ফাইল পুনৰুদ্ধাৰ
கோப்பு சேமிப்பு,নথিপত্ৰ সংৰক্ষণ
கோப்பு அமைப்பு,নথিপত্ৰ গঠন
கோப்பு முறை,নথিপত্ৰপ্ৰণালী
கோப்பு பரிமாற்றம்,ফাইল স্থানান্তৰ
கோப்பு பரிமாற்ற நெறிமுறை (FTP),নথিপত্ৰ স্থানান্তৰ প্ৰটোকল (FTP)
வடிகட்டி,ফিল্টাৰ
இறுதி நிலை,চূড়ান্ত অৱস্থা
கண்டுபிடிக்க,সন্ধান কৰা
வரையறுக்கப்பட்ட நிலை இயந்திரம்,সসীম অৱস্থাৰ যন্ত্ৰ
தீ சுவர்,জুইৰ দেৱাল
நிலைபொருள்,ফাৰ্মৱেৰ
முதலில் வருபவர்களுக்கு முன்னுரிமை,প্ৰথমে আহক প্ৰথমে পৰিবেশন কৰক
முதல் தலைமுறை கணினி,প্ৰথম প্ৰজন্মৰ কম্পিউটাৰ
ஃபர்ஸ்ட் இன் ஃபர்ஸ்ட் அவுட் (FIFO),প্ৰথম ইন প্ৰথম আউট (FIFO)
முதல் வரிசை தர்க்கம்,প্ৰথম ক্ৰমৰ যুক্তি
முதல் வரிசை கோட்பாடு,প্ৰথম ক্ৰমৰ তত্ত্ব
நிலையான பகிர்வு,স্থিৰ বিভাজন
கொடி,পতাকা
நெகிழ்வான வட்டு,নমনীয় ডিষ্ক
நெகிழ் வட்டு,ফ্লপি ডিস্ক
நெகிழ் வட்டு இயக்கி (Fdd),ফ্লপি ডিষ্ক ড্ৰাইভ (Fdd)
ஓட்ட விளக்கப்படம்,ফ্ল&#39; চাৰ্ট
கட்டுப்பாட்டு ஓட்டம்,নিয়ন্ত্ৰণৰ প্ৰবাহ
பறிப்பு,ফ্লাছ
கோப்புறை,ফোল্ডাৰ
எழுத்துரு,ফন্ট
எழுத்துரு குடும்பம்,ফন্ট পৰিয়াল
வெளிநாட்டு விசை,বিদেশী চাবি
வடிவம்,প্ৰপত্ৰ
முறையான மொழி,আনুষ্ঠানিক ভাষা
முறையான அமைப்பு,আনুষ্ঠানিক ব্যৱস্থা
வடிவம்,ফৰ্মেট
வடிவமைத்தல்,ফৰ্মেটিং
ஃபோர்ட்ரான்,fortran
fortran நிரலாக்க,fortra প্ৰগ্ৰেমিং
முன்னோக்கி சாய்வு,ফৰৱাৰ্ড স্লেছ
நான்காம் தலைமுறை கணினி,চতুৰ্থ প্ৰজন্মৰ কম্পিউটাৰ
துண்டு,খণ্ড
சட்டகம்,ফ্ৰেম
இலவச வலை,মুক্ত নেট
இலவச மென்பொருள் அடித்தளம்,মুক্ত চফ্টৱেৰ ভেটি
இலவச சேமிப்பு,বিনামূলীয়া সংৰক্ষণ
இலவச மென்பொருள்,ফ্ৰীৱেৰ
முன் முனை,আগশাৰীৰ
முன் குழு,ফ্ৰন্ট পেনেল
செயல்பாடு,অনুষ্ঠান
செயல்பாட்டு விசை,ফাংচন কি&#39;
செயல்பாடு குறிப்பு,ফাংচন ৰেফাৰেন্স
செயல்பாட்டு சார்பு,কাৰ্য্যকৰী নিৰ্ভৰশীলতা
செயல்பாட்டு சோதனை,কাৰ্য্যকৰী পৰীক্ষণ
தெளிவற்ற தர்க்கம்,অস্পষ্ট যুক্তি
தெளிவற்ற தொகுப்பு,অস্পষ্ট ছেট
ஆதாயம்,লাভ কৰা
விளையாட்டு மரம்,খেলা গছ
இடைவெளி பாத்திரம்,ফাঁক চৰিত্ৰ
குப்பை,আৱৰ্জনা
குப்பை சேகரிப்பு,জাবৰ সংগ্ৰহ
குப்பை சேகரிப்பு,জাবৰ সংগ্ৰহ
குப்பையில் குப்பை (GIGO),জাবৰত জাবৰ বাহিৰলৈ ওলাই যোৱা (GIGO)
வாயில்,গেট
நுழைவாயில்,গেটৱে
பொது திட்டம்,সাধাৰণ কাৰ্যসূচী
பொது திட்டம்,সাধাৰণ কাৰ্যসূচী
பொது நோக்கம் கணினி,সাধাৰণ উদ্দেশ্যৰ কম্পিউটাৰ
பொது நோக்கம் கணினி,সাধাৰণ উদ্দেশ্যৰ কম্পিউটাৰ
பொது பதிவு,সাধাৰণ পঞ্জীয়ন
பொதுமைப்படுத்தல்,সাধাৰণীকৰণ
பொதுமைப்படுத்தல்,সাধাৰণীকৰণ
பொது நோக்க மொழி,সাধাৰণ উদ্দেশ্যৰ ভাষা
பொது நோக்க இயக்க முறைமை,সাধাৰণ উদ্দেশ্যৰ অপাৰেটিং sysem
பொது நோக்கப் பதிவேடு,সাধাৰণ উদ্দেশ্যৰ পঞ্জীয়ন
உருவாக்கப்பட்ட பிழை,সৃষ্টি কৰা ভুল
செயல்பாடு உருவாக்கும்,জেনেৰেটিং ফাংচন
பொதுவான வகுப்பு,জেনেৰিক ক্লাছ
பொதுவான செயல்பாடு,জেনেৰিক ফাংচন
பொதுப்பெயர்,জেনেৰিক নাম
ஜிகோ,gigo
உலகளாவிய,সাৰ্বজনীন
உலகளாவிய குறியீடு,গ্লোবেল ক&#39;ড
உலகளாவிய பூட்டு,গ্লোবেল লক
உலகளாவிய நெட்வொர்க்,গ্লোবেল নেটৱৰ্ক
உலகளாவிய நெட்வொர்க்,গ্লোবেল নেটৱৰ্ক
உலகளாவிய பயனர்,গ্লোবেল ব্যৱহাৰকাৰী
உலகளாவிய மாறி,গ্লোবেল ভেৰিয়েবল
உலகமயமாக்கல்,বিশ্বায়ন
கோபர்,gopher
கோபர் வாடிக்கையாளர்,gopher ক্লায়েন্ট
கோபர் சர்வர்,gopher চাৰ্ভাৰ
கோபர் தளம்,gopher চাইট
கோபர் விண்வெளி,gopher স্থান
அழகான சீரழிவு,graceful অৱক্ষয়
இலக்கண சரிபார்ப்பவர்,ব্যাকৰণ পৰীক্ষক
இலக்கணம் நேர்த்தியான வெளியேற்றம்,ব্যাকৰণ graceful প্ৰস্থান
பெரும் மொத்தம்,সৰ্বমুঠ
வரைபடம்,গ্ৰাফ
வரைபடம் வரைதல்,গ্ৰাফ প্লটিং
வரைகலை பாத்திரம்,গ্ৰাফিক চৰিত্ৰ
வரைகலை கட்டுப்படுத்தி,গ্রাফিক নিয়ন্ত্রক
வரைகலை தரவு அமைப்பு,গ্ৰাফিক ডাটা গঠন
வரைகலை காட்சி நிரல்,গ্ৰাফিক প্ৰদৰ্শন প্ৰগ্ৰেম
கிராஃபிக் காட்சி தீர்மானம்,গ্ৰাফিক প্ৰদৰ্শন ৰিজ&#39;লিউচন
வரைகலை மொழி,গ্ৰাফিক ভাষা
வரைகலை மொழி,গ্ৰাফিক ভাষা
வரைகலை குழு,গ্ৰাফিক পেনেল
வரைகலை அனிமேஷன்,গ্ৰাফিকেল এনিমেচন
வரைகலை இடைமுக வடிவம் (GIF),চিত্ৰাঙ্কিত আন্তঃপৃষ্ঠ বিন্যাস (GIF)
வரைகலை பயனர் இடைமுகம் (GUI),চিত্ৰাঙ্কিত ব্যৱহাৰকাৰী আন্তঃপৃষ্ঠ (GUI)
கிராபிக்ஸ்,গ্রাফিক্স
கிராபிக்ஸ் பயன்பாடு,গ্ৰাফিক্স এপ্লিকেচন
கிராபிக்ஸ் கர்சர்,গ্ৰাফিক্স কাৰ্চাৰ
கிராபிக்ஸ் முறை,গ্ৰাফিক্স মোড
கிராபிக்ஸ் தொகுப்பு,গ্ৰাফিক্স পেকেজ
வரைகலை மென்பொருள்,গ্ৰাফিক্স চফ্টৱেৰ
வரைகலை மென்பொருள்,গ্ৰাফিক্স চফ্টৱেৰ
வரைகலை மென்பொருள் தொகுப்பு,গ্ৰাফিক্স চফ্টৱেৰ পেকেজ
சாம்பல் அளவு,ধূসৰ স্কেল
பேராசை முறை,লোভী পদ্ধতি
grep,grep
கட்டம்,গ্ৰিড
கட்ட விளக்கப்படம்,গ্ৰীড চাৰ্ট
கட்டம் கம்ப்யூட்டிங்,গ্ৰীড কম্পিউটিং
கட்டம் பண்பேற்றம்,গ্ৰীড মডুলেচন
தரை அலை,মাটিৰ তৰংগ
குழு,গোট
குழு முகவரி,গোটৰ ঠিকনা
குழு குறியீடு,গ্ৰুপ ক&#39;ড
குழு தொடர்பு,গোটৰ যোগাযোগ
குழு தொடர்பு,গোটৰ যোগাযোগ
குழு அடையாளம்,গোট চিনাক্তকৰণ
குழு பெயர்,গোটৰ নাম
குழுபொருள்,গ্ৰুপৱেৰ
வளர்ச்சி,বৃদ্ধি
காவலர்,ৰক্ষা কৰা
வழிகாட்டப்பட்ட ஊடகங்கள்,নিৰ্দেশিত মাধ্যম
துப்பாக்கி சிப்,গুনজিপ
ஊடுருவு,হেক কৰক
ஹேக்கர்,হেকাৰ
ஹேக்கர் அகராதி,hacker&#39;s অভিধান
அரை சேர்ப்பான்,হাফ এডাৰ
அரை பாலம்,আধা দলং
அரை இரட்டை,হাফ ডুপ্লেক্স
அரை இரட்டை வரி,হাফ ডুপ্লেক্স লাইন
அரை இரட்டை முறை,হাফ ডুপ্লেক্স মোড
பாதி தீவிரம்,আধা তীব্ৰতা
அரை திசைவி,হাফ ৰাউটাৰ
அரை கழிப்பான்,আধা বিয়োগকাৰী
அரை டோனிங்,হাফ টোনিং
அரை வார்த்தை,আধা শব্দ
வலிமிகுந்த சுழற்சி,hamiltonious চক্ৰ
ஹாமிங் குறியீடு,হামিং কোড
கை,হাত
கை நகல்,হাতৰ কপি
கைப்பிடி,চম্ভালা
கையாளுதல்,হেণ্ডলিং
தொங்கும்,ওলমা
மகிழ்ச்சி வலை,সুখী নেট
கடின நகல் சாதனம்,হাৰ্ড কপি ডিভাইচ
வன் வட்டு,হাৰ্ড ডিস্ক
ஹார்ட் டிஸ்க் செயலிழப்பு,হাৰ্ড ডিষ্ক ক্ৰেচ
கடினமான பிழை,কঠিন ভুল
வன்பொருள் ஓட்டம் கட்டுப்பாடு,হাৰ্ডৱেৰ প্ৰবাহ নিয়ন্ত্ৰণ
இசைவான,হাৰমনিক
ஹார்மோனிக் சராசரி,হাৰমনিক গড়
ஹாஷ்,hash
ஹாஷ் வரைபடம்,হেচ ডায়াগ্ৰাম
ஹாஷ் அட்டவணை,হেচ টেবুল
ஹாஷிங் நுட்பம்,হেচিং কৌশল
தலைப்பு,হেডাৰ
குவியல்,ঢেৰ
குவியல் வகை,heap sort
உதவி,সহায়
உதவி திரை,সহায় পৰ্দা
ஹெல்ப்நெட்,হেল্পনেট
ஹெர்ட்ஸ்,হাৰ্টজ
ஹூரிஸ்டிக்,heuristic
ஹூரிஸ்டிக் முறை,হিউৰিষ্টিক পদ্ধতি
பதின்ம எண்கள்,ষড়দশমিক সংখ্যা
மறைக்கப்பட்ட வரி,লুকাই থকা ৰেখা
படிநிலை தரவு தளம்,স্তৰভিত্তিক তথ্য ভিত্তি
படிநிலை கோப்பு முறைமை,স্তৰভিত্তিক নথিপত্ৰপ্ৰণালী
படிநிலை நிலப்பரப்பு,স্তৰভিত্তিক ভূ-প্ৰকৃতি
உயர் மட்ட மொழி,উচ্চ পৰ্যায়ৰ ভাষা
அதிக நினைவக பகுதி,উচ্চ স্মৃতিশক্তি এলেকা
உயர் செயல்திறன்,উচ্চ পৰিৱেশন
தாக்கியது,মৰা
வீதம்,হিট হাৰ
வெற்றி விகிதம்,হিট ৰেচিঅ&#39;
துளை,ফুটা
முகப்பு அடைவு,হোম ডাইৰেকটৰী
முகப்பு பக்கம்,হোম পেজ
ஒரே மாதிரியான ஒருங்கிணைப்பு,সমজাতীয় স্থানাংক
ஹாப்,জঁপিওৱা
ஹாப் எண்ணிக்கை,হপ গণনা
கொம்பு,শিঙ
ஹோஸ்ட் கணினி,গৃহস্থ কম্পিউটাৰ
ஹோஸ்ட் கணினி,গৃহস্থ কম্পিউটাৰ
புரவலன் மொழி,গৃহস্থ ভাষা
சூடான சாவி,হট কী
ஹைப்பர் டெக்ஸ்ட் மார்க்அப் மொழி (HTML),হাইপাৰ টেক্সট মাৰ্কআপ ভাষা (HTML)
கருதுகோள்,অনুমান
நான் போட்,মই পড
I/O தாங்கல்,I/O বাফাৰ
I/O போர்ட்,I/O পৰ্টে
I/O அலகு,I/O একক
அடையாளங்காட்டி,চিনাক্তকৰ্তা
அடையாளம்,পৰিচয়
படம்,ছৱি
பட சென்சார்,ইমেজ চেন্সৰ
தாக்க அச்சுப்பொறி,ইমপেক্ট প্ৰিন্টাৰ
தடை,ইম্পিডেন্স
கட்டாய நிரல் மொழி,আৱশ্যকীয় প্ৰগ্ৰেম ভাষা
கட்டாய அறிக்கை,আৱশ্যকীয় বক্তব্য
மறைமுக முகவரி,অন্তৰ্নিহিত ঠিকনা
சாத்தியமற்ற நிகழ்வு,অসম্ভৱ পৰিঘটনা
செயலற்ற முனை,নিষ্ক্ৰিয় ন&#39;ড
முரண்பாடு,অসামঞ্জস্যতা
அதிகரிப்பு,বৃদ্ধি কৰক
குறியீட்டு,সূচী
குறியீட்டு தரவு உருப்படி,সূচী তথ্য বস্তু
குறியீட்டு கோப்பு,সূচী নথিপত্ৰ
குறியீட்டு பதிவு,সূচী পঞ্জীয়ন
குறியீட்டு வரிசை,সূচী ক্ৰমিক
குறியிடப்பட்ட முகவரி,সূচীভুক্ত ঠিকনাকৰণ
குறியிடப்பட்ட மொழி,সূচীভুক্ত ভাষা
அட்டவணைப்படுத்தப்பட்ட வரிசை கோப்பு,সূচীভুক্ত ক্ৰম নথিপত্ৰ
அட்டவணைப்படுத்தப்பட்ட வரிசைமுறை sccess முறை (ISAM),সূচীভুক্ত ক্ৰমিক sccess পদ্ধতি (ISAM)
மறைமுக முகவரி,পৰোক্ষ সম্বোধন
தகவலியல்,তথ্যবিজ্ঞান
தகவல்,তথ্য
தகவல் பிட்,তথ্য বিট
தகவல் மேலாண்மை,তথ্য ব্যৱস্থাপনা
தகவல் மேலாண்மை அமைப்பு (IMS),তথ্য ব্যৱস্থাপনা ব্যৱস্থা (IMS)
தகவல் மீட்பு,তথ্য উদ্ধাৰ কৰা
தகவல் அமைப்பு,তথ্য ব্যৱস্থা
தகவல் தொழில்நுட்பம் (IT),তথ্য প্ৰযুক্তি (IT)
உள்கட்டமைப்பு மேலாண்மை,আন্তঃগাঁথনি ব্যৱস্থাপনা
பரம்பரை,উত্তৰাধিকাৰ
பரம்பரை பிழை,উত্তৰাধিকাৰী সূত্ৰে পোৱা ভুল
ஆரம்ப,প্ৰাৰম্ভিক
ஆரம்ப முகவரி,প্ৰাৰম্ভিক ঠিকনা
ஆரம்ப நிலை,প্ৰাৰম্ভিক অৱস্থা
துவக்கம்,আৰম্ভণি
மை ஜெட் அச்சுப்பொறி,ইংক জেট প্ৰিন্টাৰ
எண்ணிலடங்கா,অসংখ্য
நான் முனை அட்டவணை,i-node টেবুল
செயல்பட முடியாத நேரம்,অকাৰ্য্যকৰী সময়
உள்ளீடு தாங்கல் பதிவு,ইনপুট বাফাৰ ৰেজিষ্টাৰ
உள்ளீட்டு வெளியீட்டு செயலி (I/O செயலி),ইনপুট আউটপুট প্ৰচেছৰ (I/O প্ৰচেছৰ)
உள்ளீடு வெளியீடு பதிவு (I/O பதிவு),ইনপুট আউটপুট ৰেজিষ্টাৰ (I/O ৰেজিষ্টাৰ)
உள்ளீட்டு வெளியீட்டு அறிக்கை (I/O அறிக்கை),ইনপুট আউটপুট বিবৃতি (I/O বিবৃতি)
உள்ளீடு/வெளியீடு (I/O),ইনপুট/আউটপুট (I/O)
உள்ளீடு/வெளியீடு இடையக (I/O இடையக),ইনপুট/আউটপুট বাফাৰ (I/O বাফাৰ)
உள்ளீடு/வெளியீட்டு சாதனம் (I/O சாதனம்),ইনপুট/আউটপুট ডিভাইচ (I/O ডিভাইচ)
செருகு,প্ৰবিষ্ট কৰা
செருகும் வகை,সন্নিৱিষ্ট কৰা সজাই পৰাই তোলা
நிறுவல் நேரம்,সংস্থাপনৰ সময়
உதாரணம்,উদাহৰণ
அறிவுறுத்தல்,নিৰ্দেশনা
அறிவுறுத்தல் கவுண்டர்,নিৰ্দেশনা কাউণ্টাৰ
அறிவுறுத்தல் சுழற்சி,নিৰ্দেশনা চক্ৰ
அறிவுறுத்தல் தொகுப்பு,নিৰ্দেশনা ছেট
முழு எண் நிரலாக்கம்,পূৰ্ণসংখ্যা প্ৰগ্ৰেমিং
முழு எண் மாறி,পূৰ্ণসংখ্যা চলক
ஒருங்கிணைந்த மோடம்,সংহত মডেম
ஒருங்கிணைந்த சேவைகள் டிஜிட்டல் நெட்வொர்க் (ISDN),ডিজিটেল নেটৱৰ্ক (ISDN)
நேர்மை,একতা
அறிவார்ந்த கட்டுப்படுத்தி,বুদ্ধিমান নিয়ন্ত্ৰক
அறிவார்ந்த முனையம்,বুদ্ধিমান টাৰ্মিনেল
இடைப்பட்ட தொகுதி,inter ব্লক
இடைத் தொகுதி இடைவெளி,আন্তঃব্লক ব্যৱধান
தொடர்பு அமைப்பு,আন্তঃ যোগাযোগ ব্যৱস্থা
தொடர்பு,ভাৱ-বিনিময়
ஊடாடும் கிராபிக்ஸ்,ইন্টাৰেক্টিভ গ্ৰাফিক্স
ஊடாடும் விசைப்பலகை அச்சுப்பொறி,ইন্টাৰেক্টিভ কিবৰ্ড প্ৰিন্টাৰ
இண்டர்காம் சேவை,ইন্টাৰকম সেৱা
இடைமுகம்,আন্তঃপৃষ্ঠ
இடைச்செருகல்,ইন্টাৰলিভিং
இடைநிலை தாங்கல்,মধ্যৱৰ্তী বাফাৰ
உள் தொகுதி,অভ্যন্তৰীণ ব্লক
உள் தொடர்பு,আভ্যন্তৰীণ যোগাযোগ
உள் துண்டாடுதல்,আভ্যন্তৰীণ খণ্ডিতকৰণ
உள் நினைவகம்,আভ্যন্তৰীণ স্মৃতিশক্তি
உள் வகை,অভ্যন্তৰীণ সজাই পৰাই তোলা
உள் டைமர்,অভ্যন্তৰীণ টাইমাৰ
தரப்படுத்தலுக்கான சர்வதேச அமைப்பு (ISO),আন্তৰ্জাতিক প্ৰামাণিককৰণ সংস্থা (ISO)
சர்வதேச தொழில்நுட்ப ஆதரவு அமைப்பு,আন্তঃৰাষ্ট্ৰীয় কাৰিকৰী সহায়ক সংস্থা
இணையதளம்,ইণ্টাৰনেট
இணைய பொறியியல் பணிக்குழு (IETF),ইণ্টাৰনেট অভিযান্ত্ৰিক টাস্ক ফ&#39;ৰ্চ (IETF)
இன்டர்நெட் எக்ஸ்ப்ளோரர்,ইন্টাৰনেট এক্সপ্ল&#39;ৰাৰ
இணைய வேட்டை,ইন্টাৰনেট হান্ট
இணைய மாத அறிக்கை,ইণ্টাৰনেটৰ মাহেকীয়া প্ৰতিবেদন
இணைய பாக்கெட் பரிமாற்றம்,ইণ্টাৰনেট পেকেট বিনিময়
இணைய நெறிமுறை (IP),ইণ্টাৰনেট প্ৰট&#39;কল (IP)
இணைய நெறிமுறை நீக்கம் (IP),ইন্টাৰনেট প্ৰটোকল আঁতৰোৱা (IP)
இணைய ரிலே அரட்டை (IRC),ইন্টাৰনেট ৰিলে চেট (IRC)
இணைய சேவை வழங்குபவர்,ইণ্টাৰনেট সেৱা প্ৰদানকাৰী
இணைய சேவைகளின் பட்டியல்,ইণ্টাৰনেট সেৱাৰ তালিকা
இணைய சமூகம்,ইণ্টাৰনেট সমাজ
இணைய கருவிகள்,ইণ্টাৰনেট সঁজুলি
இணைய வேலை,ইণ্টাৰনেটৰ কাম কৰা
இணைய வேலை,ইণ্টাৰনেটৰ কাম কৰা
இடைச்செருகல்,আন্তঃপ্ৰক্ষেপণ
விளக்குவது,ব্যাখ্যা
மொழிபெயர்ப்பாளர்,ব্যাখ্যাকৰোতা
இடைச்செயல் தொடர்பு,আন্তঃপ্ৰক্ৰিয়া যোগাযোগ
குறுக்கீடு,মাজতে বাধা দিয়া
குறுக்கீடு கையாளுபவர்,বাধা নিয়ন্ত্ৰক
குறுக்கீடு முகமூடி,interrupt মাস্ক
குறுக்கீடு சமிக்ஞை,বাধা সংকেত
குறுக்கீடு திசையன்,interrupt ভেক্টৰ
குறுக்கீடு,বাধাগ্ৰস্ততা
குறுக்கிடும்,ছেদ কৰক
அக இணையம்,ইন্ট্ৰানেট
மாறாத,অপৰিৱৰ্তিত
சரக்கு முதன்மை கோப்பு,ইনভেণ্টৰী মাষ্টাৰ ফাইল
தலைகீழ் மல்டிபிளெக்சர்,ইনভাৰ্ছ মাল্টিপ্লেক্সাৰ
தலைகீழ் ஸ்கேனிங்,বিপৰীত স্কেনিং
தலைகீழ் கோப்பு,ওলোটা ফাইল
தலைகீழ் பட்டியல் கோப்பு,ওলোটা তালিকা নথিপত্ৰ
தலைகீழ் பக்க அட்டவணை,ওলোটা পৃষ্ঠা টেবুল
இன்வெர்ட்டர்,ইনভাৰ্টাৰ
இணைய வேலை,ইণ্টাৰনেটৰ কাম কৰা
இடைச்செருகல்,আন্তঃপ্ৰক্ষেপণ
விளக்குவது,ব্যাখ্যা
மொழிபெயர்ப்பாளர்,ব্যাখ্যাকৰোতা
இடைச்செயல் தொடர்பு,আন্তঃপ্ৰক্ৰিয়া যোগাযোগ
குறுக்கீடு,মাজতে বাধা দিয়া
குறுக்கீடு கையாளுபவர்,বাধা নিয়ন্ত্ৰক
குறுக்கீடு முகமூடி,interrupt মাস্ক
குறுக்கீடு சமிக்ஞை,বাধা সংকেত
குறுக்கீடு திசையன்,interrupt ভেক্টৰ
குறுக்கீடு,বাধাগ্ৰস্ততা
குறுக்கிடும்,ছেদ কৰক
அக இணையம்,ইন্ট্ৰানেট
மாறாத,অপৰিৱৰ্তিত
சரக்கு முதன்மை கோப்பு,ইনভেণ্টৰী মাষ্টাৰ ফাইল
தலைகீழ் மல்டிபிளெக்சர்,ইনভাৰ্ছ মাল্টিপ্লেক্সাৰ
தலைகீழ் ஸ்கேனிங்,বিপৰীত স্কেনিং
தலைகீழ் கோப்பு,ওলোটা ফাইল
தலைகீழ் பட்டியல் கோப்பு,ওলোটা তালিকা নথিপত্ৰ
தலைகீழ் பக்க அட்டவணை,ওলোটা পৃষ্ঠা টেবুল
இன்வெர்ட்டர்,ইনভাৰ্টাৰ
வேலை மேலாண்மை,চাকৰি ব্যৱস্থাপনা
வேலை சார்ந்த மொழி,চাকৰিমুখী ভাষা
வேலை முன்னுரிமை,চাকৰিৰ অগ্ৰাধিকাৰ
வேலை திட்டமிடல்,চাকৰিৰ সময়সূচী
வேலை வரிசைப்படுத்துதல்,চাকৰিৰ ক্ৰমবিন্যাস
வேலை அட்டவணை,চাকৰিৰ টেবুল
சேர (சேர்),যোগদান কৰক (JOIN)
கூட்டு புகைப்படக் குழு (jpg),যৌথ ফটোগ্ৰাফিক গোট (jpg)
இதழ்,জাৰ্নেল
மகிழ்ச்சி குச்சி,জয় লাঠি
தீர்ப்பு,বিচাৰ কৰা
தாவி,জাপ মৰা
குதிக்கும் அறிவுறுத்தல்,জাম্প নিৰ্দেশনা
குதிப்பவர்,জাম্পাৰ
சந்திப்பு,জংচন
குப்பை,আৱৰ্জনা
நியாயப்படுத்துதல்,ন্যায্যতা প্ৰদান
கே பைட்டுகள்,k বাইট
கர்னாக் வரைபடம்,karnaugh মানচিত্ৰ
கர்னாக் வரைபடம்,karnaugh মানচিত্ৰ
கேபி (கிலோ பைட்),KB (কিলো বাইট)
கர்னல்,কাৰ্ণেল
கர்னல் முறை,কাৰ্ণেল ধৰণ
கெர்னிங்,কেৰ্নিং
முக்கிய,চাবি
விசைப்பலகை,কী বৰ্ড
முக்கிய துள்ளல்,কী বাউন্স
முக்கிய கிளிக்,কি ক্লিক কৰক
முக்கிய சுருக்கம்,কি সংকোচন
முக்கிய வட்டு,চাবি ডিষ্ক
முக்கிய குறியாக்கம்,কি&#39; এনক্ৰিপচন
முக்கிய புலம்,কী ফিল্ড
முக்கிய கோப்பு,কী ফাইল
முக்கிய சட்டகம்,কী ফ্ৰেম
முக்கிய மேலாண்மை,কী ব্যৱস্থাপনা
முக்கிய திண்டு,কী পেড
முக்கிய திண்டு,কী পেড
முக்கிய சொற்றொடர்,মূল বাক্যাংশ
முக்கிய துடிப்பு,কী পালছ
முக்கிய பஞ்ச்,কী পাঞ্চ
முக்கிய வரிசையாக்கம்,কী সজাই পৰাই তোলা
முக்கிய பக்கவாதம்,কী ষ্ট্ৰ&#39;ক
முகவரி மாற்றத்திற்கான திறவுகோல்,ৰূপান্তৰক সম্বোধন কৰিবলৈ চাবিকাঠি
வட்டின் விசை,ডিষ্কলৈ চাবি
நெகிழ்வுக்கான திறவுகோல்,ফ্লপিলৈ কি&#39;
டேப்பின் விசை,টেপলৈ চাবি
முக்கிய வார்த்தை,মূল শব্দ
உதை,কিক
கொல்லுங்கள்,হত্যা
கிலோபிட்,কিলোবিট
முடிச்சுகள்,গাঁঠি
அறிவு சார்ந்த தகவல் சேவைகள்,জ্ঞান ভিত্তিক তথ্য সেৱা
அறிவு கண்டுபிடிப்பு,জ্ঞান আৱিষ্কাৰ
அறிவு கண்டுபிடிப்பு தரவுத்தளம் (KDD),জ্ঞান আৱিষ্কাৰ ডাটাবেছ (KDD)
அறிவு பொறியியல்,জ্ঞান অভিযান্ত্ৰিকী
அறிவு மேலாண்மை,জ্ঞান ব্যৱস্থাপনা
அறிவு பணியாளர்,জ্ঞান কৰ্মী
லேன் அடாப்டர்,লেন এডাপ্টাৰ
லேன் சர்வர்,লান চাৰ্ভাৰ
LAN பணியிடம்,LAN কৰ্মস্থলী
நிலப்பரப்பு,ভূচিত্ৰ
நிலப்பரப்பு,ভূচিত্ৰ
மொழி,ভাষা
மொழி மொழிபெயர்ப்பாளர்,ভাষা দোভাষী
மொழி செயலி,ভাষা প্ৰচেছৰ
மொழி மொழிபெயர்ப்பாளர்,ভাষা অনুবাদক
மடிக்கணினி,লেপটপ
பெரிய அளவிலான ஒருங்கிணைப்பு (எல்எஸ்ஐ),বৃহৎ পৰিসৰৰ সংহতি (lsi)
பெரிய அளவிலான ஒருங்கிணைப்பு (LSI),বৃহৎ পৰিসৰৰ সংহতি (LSI)
லேசர்,লেজাৰ
லேசர் அச்சுப்பொறி,লেজাৰ প্ৰিন্টাৰ
கடைசியாக முதலில் வெளியே (LIFO),লাষ্ট ইন ফাৰ্ষ্ট আউট (LIFO)
அடுக்கு,স্তৰ
தளவமைப்பு,গাঁথনি
இலை,পাত
இலை முனை,পাতৰ ন&#39;ড
இலை தளம்,পাতৰ ঠাই
குத்தகைக்கு,লীজ
குத்தகைக்கு விடப்பட்ட சேனல்,লিজত দিয়া চেনেল
குத்தகை வரி,লিজড লাইন
குறைந்தது குறிப்பிடத்தக்க பிட் (எல்எஸ்பி),কম গুৰুত্বপূৰ্ণ বিট (lsb)
குறைந்தது குறிப்பிடத்தக்க இலக்கம்,কম গুৰুত্বপূৰ্ণ অংক
பேற்று முறைமை,লিগেচি চিষ্টেম
லெம்மா,লেমা
எழுத்து தரம் (LQ),চিঠিৰ মান (LQ)
லெக்ஸீம்,লেক্সেম
அகராதியியல்,লেক্সিকোগ্ৰাফী
நூலகம்,পুথিভঁৰাল
நூலக திட்டம்,লাইব্ৰেৰী প্ৰগ্ৰেম
நூலக துணை வழக்கம்,লাইব্ৰেৰী উপ-ৰুটিন
உரிம ஒப்பந்தம்,অনুজ্ঞাপত্ৰ চুক্তি
ஒளி உமிழ்ப்பான் டையோடு (LED),লাইট এমিটাৰ ডাইঅ&#39;ড (LED)
லேசான துப்பாக்கி,লাইট বন্দুক
ஒளி பேனா,লাইট পেন
வரி அடாப்டர்,লাইন এডাপ্টাৰ
வரி எடிட்டிங்,শাৰী সম্পাদনা
வரி அச்சுப்பொறி,লাইন প্ৰিন্টাৰ
நேரியல்,ৰৈখিক
நிமிடத்திற்கு கோடுகள் (LPM),প্ৰতি মিনিটত লাইন (LPM)
இணைப்பு,লিংক
இணைக்கப்பட்ட பட்டியல்,লিংক কৰা তালিকা
லினக்ஸ்,LINUX
திரவ படிக காட்சி (எல்சிடி),লিকুইড ক্রিষ্টাল ডিছপ্লে (LCD)
பட்டியல் செயலாக்கம்,তালিকা প্ৰক্ৰিয়াকৰণ
இலக்கியம்,আক্ষৰিক
வாழ்க,জীয়াই থকা
நேரடி முனை,লাইভ ন&#39;ড
ஏற்றவும்,ভাৰ
சுமை தொகுதி,লোড মডিউল
உள்ளூர்,স্থানীয়
உள்ளூர் அணுகல்,স্থানীয় প্ৰৱেশ
உள்ளூர் பகுதி நெட்வொர்க் (Lan),স্থানীয় এলেকা নেটওয়ার্ক (Lan)
உள்ளூர் வரையறை,স্থানীয় সংজ্ঞা
உள்ளூர் பரிமாற்றம்,স্থানীয় বিনিময়
உள்ளூர் நினைவகம்,স্থানীয় স্মৃতিশক্তি
உள்ளூர் முறை,স্থানীয় ধৰণ
உள்ளூர் மாறி,স্থানীয় চলক
பூட்டு,তলা
பூட்டப்பட்ட கோப்பு,লক কৰা ফাইল
உள்நுழை = உள்நுழை,লগ ইন=লগ অন কৰক
வெளியேறு-வெளியேறு,লগ অফ-লগ আউট
பதிவு செய்தல்,লগিং
தர்க்க பகுப்பாய்வி,যুক্তি বিশ্লেষক
தர்க்க வெடிகுண்டு,লজিক বোমা
தர்க்க அட்டை,লজিক কাৰ্ড
தர்க்க விளக்கப்படம் (ஓட்டம் விளக்கப்படம்),লজিক চাৰ্ট (ফ্ল&#39; চাৰ্ট)
தர்க்க சுற்று,লজিক বৰ্তনী
தர்க்க வடிவமைப்பு,লজিক ডিজাইন
தர்க்க வரைபடம்,লজিক ডায়েগ্ৰাম
தர்க்க ஓட்ட விளக்கப்படம்,লজিক ফ্ল&#39; চাৰ্ট
தர்க்க செயல்பாடு,লজিক ফাংচন
தர்க்க வாயில்,লজিক গেট
தர்க்க நிரலாக்கம்,লজিক প্ৰগ্ৰেমিং
தர்க்க மாற்றம்,লজিক শিফ্ট
தர்க்க நிலை,লজিক অৱস্থা
தர்க்க சுவிட்ச்,লজিক চুইচ
தர்க்க அலகு,লজিক ইউনিট
தருக்க,যুক্তিসংগত
தருக்க இணைப்பு,লজিকেল সংযোগ
தருக்க தரவு அமைப்பு,লজিকেল ডাটা গঠন
தருக்க வரைபடம்,লজিকেল ডায়েগ্ৰাম
தருக்க வெளிப்பாடு,লজিকেল এক্সপ্ৰেচন
தருக்க பாய்வு விளக்கப்படம் (ஓட்டம் விளக்கப்படம்),লজিকেল ফ্ল&#39; চাৰ্ট (ফ্ল&#39; চাৰ্ট)
தருக்க IF,লজিকেল IF
தருக்க செயல்பாடு,লজিকেল অপাৰেচন
தருக்க ஆபரேட்டர்,লজিকেল অপাৰেটৰ
தர்க்கரீதியான உறவு,যুক্তিসংগত সম্পৰ্ক
தருக்க திட்டம்,যুক্তিসংগত আঁচনি
தருக்க சின்னம்,যুক্তিসংগত চিহ্ন
தருக்க வகை,লজিকেল টাইপ
தருக்க மதிப்பு,লজিকেল মান
தருக்க மாறி,লজিকেল ভেৰিয়েবল
முன்னே பார்,আগলৈ চাওক কঢ়িয়াই লৈ ফুৰে
முன்னே பார்,look ahead set
பார்-அப்,চোৱা
லூப்,খান্দৰি
வளைய கட்டுப்பாடு,লুপ নিয়ন্ত্ৰণ
வளைய துவக்கம்,লুপ আৰম্ভণি
வளைய மாற்றம்,লুপ পৰিবৰ্তন
வளைய நெட்வொர்க்,লুপ নেটৱাৰ্ক
வளைய தொடக்கம்,লুপ আৰম্ভ
லூப் முடித்தல்,লুপ টাৰ্মিনেচন
லூப்-பேக் சோதனை,লুপ-বেক পৰীক্ষা
தளர்வாக இணைக்கப்பட்டது,শিথিলভাৱে সংযুক্ত
இழப்பற்ற சுருக்கம்,ক্ষতিহীন সংকোচন
இழப்பு சுருக்கம்,ক্ষতিকাৰক সংকোচন
குறைந்த பைட்,কম বাইট
குறைந்த அளவிலான மொழி,নিম্নস্তৰৰ ভাষা
குறைந்த பாஸ் வடிகட்டி,লো পাছ ফিল্টাৰ
குறைந்த எல்லை,নিম্ন সীমা
மேக் நெறிமுறை (நடுத்தர அணுகல் கட்டுப்பாடு),mac প্ৰটোকল (মধ্যমীয়া অভিগম নিয়ন্ত্ৰণ)
இயந்திரம்,যন্ত্ৰ
இயந்திர முகவரி,মেচিনৰ ঠিকনা
இயந்திர குறியீடு,মেচিন ক&#39;ড
இயந்திர சுழற்சி,মেচিন চক্ৰ
இயந்திரம் சார்ந்த மொழி,মেচিন নিৰ্ভৰশীল ভাষা
இயந்திரம் சார்ந்த மென்பொருள்,মেচিন নিৰ্ভৰশীল চফ্টৱেৰ
இயந்திர பிழை,মেচিনৰ ভুল
இயந்திரம் செயலற்ற நேரம்,মেচিনৰ অচল সময়
இயந்திர சுயாதீன மொழி,মেচিন স্বাধীন ভাষা
இயந்திர அறிவுறுத்தல்,মেচিনৰ নিৰ্দেশনা
இயந்திர நுண்ணறிவு,মেচিন বুদ্ধিমত্তা
இயந்திர மொழி,মেচিন ভাষা
இயந்திர வழி கற்றல்,মেচিন লাৰ্নিং
இயந்திர செயல்பாடு,মেচিন অপাৰেচন
இயந்திரம் சார்ந்த மொழி,যন্ত্ৰমুখী ভাষা
இயந்திர ஓட்டம்,মেচিন চলোৱা
இயந்திர உருவகப்படுத்துதல்,মেচিন চিমুলেচন
இயந்திரம் கெட்டுப்போன நேரம்,মেচিন নষ্ট সময়
இயந்திர மொழிபெயர்ப்பு,মেচিন অনুবাদ
இயந்திர வார்த்தை,মেচিন শব্দ
மேக்ரோ (=மேக்ரோ அறிவுறுத்தல்),মেক্ৰ&#39; (=মেক্ৰ&#39; নিৰ্দেশনা)
மேக்ரோ வாதம்,মেক্ৰ&#39; যুক্তি
மேக்ரோ சட்டசபை திட்டம்,মেক্ৰ&#39; সমাবেশ প্ৰগ্ৰেম
மேக்ரோ அழைப்பு,মেক্ৰ&#39; কল
மேக்ரோ குறியீடு,মেক্ৰ&#39; ক&#39;ড
மேக்ரோ கட்டளை,মেক্ৰ&#39; কমাণ্ড
மேக்ரோ பிரகடனம்,মেক্ৰ&#39; ঘোষণা
மேக்ரோ வரையறை,মেক্ৰ&#39; সংজ্ঞা
மேக்ரோ ஓட்ட விளக்கப்படம்,মেক্ৰ&#39; ফ্ল&#39; চাৰ্ট
மேக்ரோ ஜெனரேட்டர்,মেক্ৰ&#39; জেনেৰেটৰ
மேக்ரோ அறிவுறுத்தல்,মেক্ৰ&#39; নিৰ্দেশনা
மேக்ரோ மொழி,মেক্ৰ&#39; ভাষা
மேக்ரோ நூலகம்,মেক্ৰ&#39; লাইব্ৰেৰী
மேக்ரோ அளவுரு,মেক্ৰ&#39; প্ৰাচল
மேக்ரோ செயலாக்கம்,মেক্ৰ&#39; প্ৰচেছিং
மேக்ரோ செயலி,মেক্ৰ&#39; প্ৰচেছৰ
மேக்ரோ நிரலாக்க,মেক্ৰ&#39; প্ৰগ্ৰেমিং
மேக்ரோ முன்மாதிரி,মেক্ৰ&#39; প্ৰ&#39;ট&#39;টাইপ
மேக்ரோ-குறியீடு,মেক্ৰ&#39;-ক&#39;ডিং
மாகாபைட் (MB),মেগাবাইট (MB)
மந்திர பாத்திரம்,যাদু চৰিত্ৰ
மந்திர எண்,যাদু সংখ্যা
காந்த குமிழி நினைவகம்,চুম্বকীয় বুদবুদ স্মৃতিশক্তি
காந்த அட்டை,চুম্বকীয় কাৰ্ড
காந்த செல்,চুম্বকীয় কোষ
காந்த தன்மை,চুম্বকীয় চৰিত্ৰ
காந்த மைய சேமிப்பு,চুম্বকীয় কোৰ সংৰক্ষণ
காந்த வட்டு,চুম্বকীয় ডিস্ক
காந்த வட்டு முகவரி,চুম্বকীয় ডিষ্কৰ ঠিকনা
காந்த வட்டு நினைவகம்,চুম্বকীয় ডিষ্ক মেমৰি
காந்த டிரம்,চুম্বকীয় ড্ৰাম
காந்த குறியாக்கம்,চুম্বকীয় এনকোডিং
காந்த தலை,চুম্বকীয় মূৰ
காந்த மை,চুম্বকীয় চিয়াঁহী
காந்த மை எழுத்து அங்கீகாரம் (MICR),চুম্বকীয় চিয়াঁহী আখৰ চিনাক্তকৰণ (MICR)
காந்த ஊடகம்,চুম্বকীয় মাধ্যম
காந்த வாசிப்பு,চুম্বকীয় পঢ়া
காந்த பதிவு,চুম্বকীয় ৰেকৰ্ডিং
காந்த சேமிப்பு,চুম্বকীয় সংৰক্ষণ
காந்தப் பட்டை,চুম্বকীয় ষ্ট্ৰিপ
காந்த நாடா,চুম্বকীয় টেপ
காந்த நாடா கெட்டி,চুম্বকীয় টেপ কাৰ্টিজ
காந்த நாடா இயக்கி,চুম্বকীয় টেপ ড্ৰাইভ
காந்த நாடா தலைப்பு,চুম্বকীয় টেপ হেডাৰ
காந்த நாடா நூலகர்,চুম্বকীয় টেপ লাইব্ৰেৰিয়ান
காந்த நாடா போக்குவரத்து,চুম্বকীয় টেপ পৰিবহণ
காந்த நாடா அலகு,চুম্বকীয় টেপ ইউনিট
காந்த மெல்லிய படலம்,চুম্বকীয় পাতল ফিল্ম
காந்த பாதை,চুম্বকীয় ট্ৰেক
காந்த ஒளி சேமிப்பு,চুম্বকীয় অপটিক সংৰক্ষণ
காந்தவியல் அச்சுப்பொறி,চুম্বকীয় প্ৰিন্টাৰ
காந்தத்தடுப்பு,চুম্বকীয় ষ্ট্ৰিকচন
காந்தத்தடுப்பு மாத்திரை,magnetostrictive টেবলেট
அஞ்சல் பெட்டி,মেইল বাকচ
அஞ்சல் இணைப்பு,মেইল মাৰ্জ কৰক
முக்கிய கட்டுப்பாட்டு அலகு,মূল নিয়ন্ত্ৰণ একক
முக்கிய சட்டகம்,মূল ফ্ৰেম
முக்கிய சட்ட அமைப்பு,মূল ফ্ৰেম ব্যৱস্থা
முதன்மை நினைவகம்,মূল স্মৃতিশক্তি
முக்கிய திட்டம்,মূল কাৰ্যসূচী
முக்கிய சேமிப்பு,মূল সংৰক্ষণ
முக்கிய சுவிட்ச்,মূল চুইচ
பராமரிப்பு,ব্যৱস্থাপনা
பராமரிப்பு குழு,ৰক্ষণাবেক্ষণ পেনেল
பராமரிப்பு நேரம்,ৰক্ষণাবেক্ষণৰ সময়
முக்கிய சுழற்சி,মুখ্য চক্ৰ
முக்கிய சாதனம்,মুখ্য ডিভাইচ
முக்கிய விசை,মুখ্য চাবি
முக்கிய மாநிலம்,প্ৰধান ৰাজ্য
முக்கிய கட்டமைப்பு,মুখ্য গঠন
முக்கிய பணி,ডাঙৰ কাম
பெரும்பான்மை உறுப்பு,সংখ্যাগৰিষ্ঠ উপাদান
பெரும்பான்மை வாயில்,সংখ্যাগৰিষ্ঠতা গেট
பெரும்பான்மை செயல்பாடு,সংখ্যাগৰিষ্ঠতা অপাৰেচন
ஒப்பனை நேரம்,মেকআপ সময়
செயலிழப்பு வழக்கமான,বিজুতিৰ ৰুটিন
மேலாண்மை வளர்ச்சி,ব্যৱস্থাপনা বিকাশ
மேலாண்மை தகவல் அமைப்பு (எம்ஐஎஸ்),ব্যৱস্থাপনা তথ্য ব্যৱস্থা (MIS)
மேலாண்மை அறிவியல்,ব্যৱস্থাপনা বিজ্ঞান
மான்செஸ்டர் குறியீட்டு முறை,মানচেষ্টাৰ ক&#39;ডিং
பன்மடங்கு,মেনিফল্ডিং
கையாளப்பட்ட மாறி,হেতালি খেলা চলক
குறியீட்டு முறையை கையாளுதல்,সূচীভুক্তকৰণত হেতালি খেলা
மனிதன்-இயந்திர உருவகப்படுத்துதல்,মানুহ-যন্ত্ৰৰ অনুকৰণ
கையேடு முகவரி சுவிட்ச்,মেনুৱেল ঠিকনা চুইচ
கையேடு பகுப்பாய்வு,হাতৰ দ্বাৰা বিশ্লেষণ কৰা
கைமுறை பதில்,হাতৰ দ্বাৰা উত্তৰ দিয়া
கைமுறை நுழைவு,হাতৰ দ্বাৰা প্ৰৱেশ কৰা
கையேடு பரிமாற்றம்,মেনুৱেল এক্সচেঞ্জ
கைமுறை உள்ளீடு,মেনুৱেল ইনপুট
கைமுறை செயல்பாடு,মেনুৱেল অপাৰেচন
பல பல உறவுகள்,বহুতৰ পৰা বহুতৰ সম্পৰ্ক
பல ஒரு குறிவிலக்கி,বহুত এটা ডিকোডাৰলৈ
வரைபட முறை,মানচিত্ৰ পদ্ধতি
விவரணையாக்கம்,মেপিং
விளிம்பு,প্ৰান্ত
விளிம்பு பிழை,মাৰ্জিন ভুল
விளிம்பு சோதனை,প্ৰান্তীয় পৰীক্ষা
விளிம்பு சோதனை,প্ৰান্তীয় পৰীক্ষা
குறி கண்டறிதல்,চিহ্ন ধৰা পেলোৱা
குறி வாசிப்பு,মাৰ্ক ৰিডিং
குறி ஸ்கேனிங்,স্কেনিং চিহ্নিত কৰক
குறி உணர்வு,মাৰ্ক চেন্স
குறிப்பான்,মাৰ্কাৰ
குறியிடுதல்,চিহ্নিত কৰা
குறிக்கும் அலை,চিহ্নিত কৰা তৰংগ
மார்க்கோவ் சங்கிலி,মাৰ্কভ শৃংখল
மார்க்கோவ் ஆதாரம்,মাৰ্কভ উৎস
குறி மொழி,মাৰ্ক-আপ ভাষা
மாசர்,মাছেৰ
மாசர்,মাছেৰ
முகமூடி,মুখা
முகமூடி பிட்,মাস্ক বিট
முகமூடி நிரல்படுத்தக்கூடிய சாதனம்,মাস্ক প্ৰগ্ৰেমেবল ডিভাইচ
முகமூடி பதிவு,মাস্ক ৰেজিষ্টাৰ
முகமூடி ROM,মাস্ক কৰা ROM
மறைத்தல்,মাস্কিং
வெகுஜன தரவு,গণ তথ্য
நிறை நினைவகம்,গণ স্মৃতিশক্তি
பெருமளவில் இணையாக,বৃহৎ পৰিমাণে সমান্তৰাল
குரு,মাষ্টৰ
முதன்மை அட்டை,মাষ্টাৰ কাৰ্ড
முதன்மை கடிகாரம்,মাষ্টাৰ ঘড়ী
மாஸ்டர் கன்சல்,মাষ্টাৰ কনছল
பிரதான தரவு,মাষ্টাৰ ডাটা
முதன்மை வரைபடம்,মাষ্টাৰ ডায়েগ্ৰাম
முதன்மை கோப்பு,মাষ্টাৰ ফাইল
முதன்மை குழு,মাষ্টাৰ গ্ৰুপ
முதன்மை விசை,মাষ্টাৰ কি&#39;
முதன்மை நூலக நாடா,মাষ্টাৰ লাইব্ৰেৰী টেপ
முதன்மை செயலி,মাষ্টাৰ প্ৰচেছৰ
முதன்மை திட்டம்,মাষ্টাৰ প্ৰগ্ৰেম
முதன்மை நிலையம்,মাষ্টাৰ ষ্টেচন
மாஸ்டர் டேப்,মাষ্টাৰ টেপ
முதன்மை முனையம்,মাষ্টাৰ টাৰ্মিনেল
மாஸ்டர்/அடிமை சாதனம்,মাষ্টাৰ/স্লেভ ডিভাইচ
எஜமானர்/அடிமை முறை,মাষ্টাৰ/স্লেভ ব্যৱস্থা
பொருத்துக,মিল থকা
பொருத்தம்,মিল থকা
கணித நிரலாக்கம்,গাণিতিক প্ৰগ্ৰেমিং
கணித உருவகப்படுத்துதல்,গাণিতিক অনুকৰণ
மேட்ரிக்ஸ்,মেট্ৰিক্স
அணி அச்சுப்பொறி,মেট্ৰিক্স প্ৰিন্টাৰ
அணி சுவிட்ச்,মেট্ৰিক্স চুইচ
அணி அட்டவணை,মেট্ৰিক্স টেবুল
அதிகபட்ச கணினி,maxi কম্পিউটাৰ
அதிகபட்ச கணினி,মেক্সিকম্পিউটাৰ
அதிகபட்ச உறுப்பு,সৰ্বোচ্চ উপাদান
அதிகபட்சம் (நிலையான தொகை),maxterm (মানক যোগফলৰ সময়সীমা)
மேக்ஸ்வெல் டீமான்,maxwell ডেমন
சராசரி,অৰ্থ
பழுதுபார்க்கும் நேரம் என்று பொருள்,গড় মেৰামতিৰ সময়
தோல்விக்கு இடையிலான சராசரி நேரம் (MTBF),বিফলতাৰ মাজৰ গড় সময় (MTBF)
தோல்விக்கு இடையிலான சராசரி நேரம் (MTBF),বিফলতাৰ মাজৰ গড় সময় (MTBF)
தோல்விக்கான நேரம் என்று அர்த்தம்,বিফলতাৰ সময় বুজাইছে
பழுதுபார்க்கும் நேரம்,মেৰামতিৰ বাবে সময়
பழுதுபார்ப்பதற்கான சராசரி நேரம் (MTTR),মেৰামতিৰ বাবে গড় সময় (MTTR)
நடுத்தர அளவிலான ஒருங்கிணைப்பு (MSI),মধ্যমীয়া পৰিসৰৰ সংহতি (MSI)
நடுத்தர அளவிலான ஒருங்கிணைப்பு (MSI),মধ্যমীয়া পৰিসৰৰ সংহতি (MSI)
நடுத்தர கால சேமிப்பு சாதனம்,মধ্যমকালীন সংৰক্ষণ ডিভাইচ
ஒரு வினாடிக்கு மெகாபிட் (எம்பி பிஎஸ்),প্ৰতি ছেকেণ্ডত মেগাবিট (MB Ps)
உறுப்பினர் பொருள்,সদস্য বস্তু
உறுப்பினர் பதிவு,সদস্যৰ ৰেকৰ্ড
நினைவு,স্মৃতি
நினைவக வரிசை,মেমৰি এৰে
நினைவக வங்கி,মেমৰি বেংক
நினைவக இடையக பதிவு,মেমৰি বাফাৰ ৰেজিষ্টাৰ
நினைவக பேருந்து,মেমৰি বাছ
மெமரி கார்டு,মেমৰি কাৰ্ড
நினைவக செல்,স্মৃতিশক্তি কোষ
நினைவக சுருக்கம்,মেমৰি কম্পেকচন
நினைவக கோர்,মেমৰি কোৰ
நினைவக சுழற்சி,স্মৃতি চক্ৰ
நினைவக தரவு பதிவு,মেমৰি ডাটা ৰেজিষ্টাৰ
நினைவக திணிப்பு,মেমৰি ডাম্প
நினைவக பரிமாற்றம்,স্মৃতি বিনিময়
நினைவக படிநிலை,স্মৃতিশক্তিৰ স্তৰ
நினைவக அறிவுறுத்தல்,স্মৃতিশক্তিৰ নিৰ্দেশনা
நினைவக மேலாண்மை,স্মৃতিশক্তি ব্যৱস্থাপনা
நினைவக வரைபடம்,মেমৰি মেপ
நினைவக வரைபட I/O,মেমৰি মেপ কৰা I/O
நினைவக மாதிரி,মেমৰি মডেল
நினைவக தொகுதி,মেমৰি মডিউল
நினைவக சுட்டி பதிவு,মেমৰি পইণ্টাৰ ৰেজিষ্টাৰ
ஞாபக சக்தி,মেমৰি শক্তি
நினைவக பாதுகாப்பு,স্মৃতিশক্তি সুৰক্ষা
நினைவக குறிப்பு வழிமுறை,মেমৰি ৰেফাৰেন্স নিৰ্দেশনা
நினைவக குடியிருப்பு திட்டம்,মেমৰি ৰেচিডেন্ট প্ৰগ্ৰেম
நினைவக அலகு,মেমৰি ইউনিট
பட்டியல்,মেনু
மெனு பார்,মেনু বাৰ
மெனு டிரைவ்,মেনু ড্ৰাইভ
மெனு தேர்வு,মেনু নিৰ্বাচন
மெனு-உந்துதல் நிரல்,মেনু-চালিত প্ৰগ্ৰেম
ஒன்றிணைக்கவும்,মাৰ্জ কৰক
பரிமாற்ற வரிசையை ஒன்றிணைத்தல்,মাৰ্জ এক্সচেঞ্জ sort
ஒன்றிணைக்கும் வகை,merge sort
இணைத்தல்,মাৰ্জিং কৰা
கண்ணி நெட்வொர்க்,মেছ নেটৱৰ্ক
செய்தி அனுப்புதல்,বাৰ্তা প্ৰেৰণ কৰা
செய்தி,বাৰ্তা
செய்தி அங்கீகாரம்,বাৰ্তা প্ৰমাণীকৰণ
செய்தி பெட்டி,বাৰ্তা বাকচ
செய்தி சுற்று,বাৰ্তা বৰ্তনী
செய்தி வடிவம்,বাৰ্তা বিন্যাস
செய்தி தலைப்பு,বাৰ্তাৰ হেডাৰ
செய்தி முறை,বাৰ্তা ধৰণ
செய்தி அனுப்புதல்,বাৰ্তা পাছ কৰা
செய்தி வாக்கெடுப்பு,বাৰ্তা ভোটদান
செய்தி வரிசை,বাৰ্তা শাৰী
செய்தி சுவிட்ச்,বাৰ্তা চুইচ
செய்தி உரை,বাৰ্তাৰ লিখনী
செய்தி பரிமாற்ற முகவர்,বাৰ্তা স্থানান্তৰ এজেন্ট
மெட்டா அசெம்பிளர்,মেটা এছেম্বলাৰ
மெட்டா வகுப்பு,মেটা ক্লাছ
மெட்டா தொகுப்பு,মেটা সংকলন
மெட்டா கம்பைலர்,meta কম্পাইলাৰ
மெட்டா மொழி,মেটা ভাষা
மெட்டா நெட்வொர்க்,মেটা নেটৱাৰ্ক
மெட்டா அமைப்பு,মেটা চিস্টেম
முறை,প্রণালী
பெருநகரப் பகுதி நெட்வொர்க் (MAN),মহানগরীয় এলাকা নেটওয়ার্ক (MAN)
மைக்ரோ,মাইক্ৰ&#39;
மைக்ரோ குறியீடு,মাইক্ৰ&#39; ক&#39;ড
மைக்ரோ கணினி,মাইক্ৰ&#39; কম্পিউটাৰ
நுண் கட்டுப்படுத்தி,মাইক্ৰ&#39; নিয়ন্ত্ৰক
நுண் சுழற்சி,মাইক্ৰ&#39; চক্ৰ
மைக்ரோ எலக்ட்ரானிக் மெக்கானிக்கல் சிஸ்டம் (MEMS),মাইক্ৰ&#39; ইলেক্ট্ৰনিক মেকানিকেল চিষ্টেম (MEMS)
மைக்ரோ எலக்ட்ரானிக்ஸ்,মাইক্ৰ&#39; ইলেক্ট্ৰনিক্স
மைக்ரோ சிறிய அங்கீகாரம்,মাইক্ৰ&#39; ক্ষুদ্ৰ অনুমোদন
மைக்ரோ ஆர்டர்,মাইক্ৰ&#39; অৰ্ডাৰ
மைக்ரோ/மெயின்பிரேம் இணைப்பு,মাইক্ৰ&#39;/মেইনফ্ৰেম লিংক
மைக்ரோசிப்,মাইক্ৰ&#39;চিপ
மைக்ரோகோபோல்,মাইক্ৰ&#39;ক&#39;বল
மைக்ரோகோட்,মাইক্ৰ&#39;ক&#39;ড
மைக்ரோஃபிச்,মাইক্ৰ&#39;ফিচ
மைக்ரோஃப்ளாப்பி,মাইক্ৰ&#39;ফ্লপি
மைக்ரோஃபார்ம் ரீடர்,মাইক্ৰ&#39;ফৰ্ম ৰিডাৰ
மைக்ரோஃப்ரேம்,মাইক্ৰ&#39;ফ্ৰেম
மைக்ரோகிராபிக்ஸ்,মাইক্ৰ&#39;গ্ৰাফিক্স
ஒலிவாங்கி,মাইক্ৰ&#39;ফোন
மைக்ரோஃபோட்டோகிராஃப்,মাইক্ৰ’ফটোগ্ৰাফ
நுண்செயலி அலகு,মাইক্ৰ&#39;প্ৰচেছিং ইউনিট
நுண்செயலி,মাইক্ৰ&#39;প্ৰচেছৰ
நுண்செயலி சிப்,মাইক্ৰ&#39;প্ৰচেছৰ চিপ
நுண்செயலி தொகுப்பி,মাইক্ৰ&#39;প্ৰচেছৰ কম্পাইলাৰ
நுண்செயலி அலகு (MPU),মাইক্ৰ&#39;প্ৰচেছৰ ইউনিট (MPU)
நுண் நிரல்,মাইক্ৰ&#39;প্ৰগ্ৰেম
நுண்வரிசை,মাইক্ৰ&#39;ছিকুৱেন্স
மைக்ரோசாப்ட்,মাইক্ৰ’ছফ্ট
மைக்ரோசாஃப்ட் ஜன்னல்கள்,মাইক্ৰ&#39;ছফ্ট উইণ্ড&#39;সমূহ
மைக்ரோவேவ்,মাইক্ৰৱেভ
நுண்ணலை இணைப்பு,মাইক্ৰৱেভ লিংক
நுண்ணலை பரப்புதல்,মাইক্ৰৱেভ প্ৰসাৰণ
நடுத்தர மேலாண்மை,মধ্যম ব্যৱস্থাপনা
மிடில்வேர்,মিডলৱেৰ
மிடிகம்ப்யூட்டர்,মিডিকম্পিউটাৰ
நடுப்புள்ளி,মিডপইন্ট
இடைக்காலம்,মিডটাৰ্ম
இடம்பெயர்வு பாதை,প্ৰব্ৰজনৰ পথ
ஒரு வினாடிக்கு மில்லியன் வழிமுறைகள் (MIPS),প্ৰতি ছেকেণ্ডত মিলিয়ন নিৰ্দেশনা (MIPS)
சிறிய கணினி,মিনি কম্পিউটাৰ
மினிடிஸ்கெட்,মিনিডিস্কেট
குறைந்தபட்ச கர்னல்,নূন্যতম কাৰ্ণেল
குறைந்தபட்ச தயாரிப்பு,নূন্যতম উৎপাদন
குறைந்தபட்ச மரம்,নূন্যতম গছ
minimax (min-max) அல்காரிதம்,minimax (নূন্যতম-সৰ্বোচ্চ) এলগৰিদম
குறைந்தபட்ச செயல்முறை,minimax পদ্ধতি
குறைந்தபட்ச செலவு பரந்த மரம்,নূন্যতম খৰচ স্পেনিং গছ
குறைந்தபட்ச தாமதக் குறியீட்டு முறை,নূন্যতম বিলম্ব ক&#39;ডিং
சிறிய சாதனம்,সৰু ডিভাইচ
மின்டெரிம்,মিন্টেৰিম
கழித்தல் கொடி,বিয়োগ পতাকা
கழித்தல் கொடி,বিয়োগ পতাকা
கழித்தல் மண்டலம்,বিয়োগ জ&#39;ন
கண்ணாடி,আইনা
கண்ணாடி தளம்,মিৰ&#39;ৰ চাইট
கலப்பு-ரேடிக்ஸ் குறியீடு,মিশ্ৰিত-মূল সংকেত
கலவை,মিক্সাৰ
நினைவாற்றல்,স্মৃতিভ্ৰংশ
நினைவு முகவரி,mnemonic ঠিকনা
நினைவாற்றல்,স্মৃতিশক্তি
கைபேசி,ম’বাইল
மொபைல் கம்ப்யூட்டிங்,মোবাইল কম্পিউটিং
மாதிரி,নমুনা
முறையற்ற ஆசிரியர்,মোডলেছ সম্পাদক
மாடலிங்,মডেলিং
மோடம்,মডেম
மிதமான,মধ্যমীয়া
நிதானம்,মডাৰেচন
மதிப்பீட்டாளர்,মডাৰেটৰ
மாற்றியமைக்கப்பட்ட அறிவுறுத்தல்,পৰিৱৰ্তিত নিৰ্দেশনা
மாற்றியமைப்பவர்,পৰিৱৰ্তক
மாற்றி பிட்,পৰিবৰ্তক বিট
மாற்றியமைக்கவும்,শুধৰা
மட்டு,মডুলাৰ
மாடுலாரிட்டி,মডুলাৰিটি
பண்பேற்றம்,মডুলেচন
தொகுதி,মডিউল
தொகுதி கட்டமைப்பு,মডিউল স্থাপত্য
கண்காணிக்கவும்,কাৰোবাৰ ওপৰত চকু ৰখা
கண்காணிப்பு திட்டம்,নিৰীক্ষণ কাৰ্য্যসূচী
மோனோக்ரோம் காட்சி,মনোক্ৰ&#39;ম প্ৰদৰ্শন
ஒற்றைக்கல் ஒருங்கிணைந்த சுற்று,একক সংহত বৰ্তনী
ஒற்றைக்கல் தொழில்நுட்பம்,একক প্ৰযুক্তি
மோனோஸ்பேஸ் எழுத்துரு,monospace ফন্ট
மோனோஸ்டபிள்,মনোষ্টেবল
மோனோடோரிசிட்டி,একচেটিয়াতা
மார்பு,মৰ্ফ
மார்பிம்,মৰ্ফিম
மார்பிசம்,মৰ্ফিজম
அடமானம்,বন্ধক
mosfet (MOSFET),mosfet (MOSFET) গেস্টবুক
மிக முக்கியமான பிட்,আটাইতকৈ উল্লেখযোগ্য বিট
தாய் பலகை,মাদাৰ বৰ্ড
அம்மா பதிவு,মাতৃ পঞ্জীয়ন
இயக்க படம்,চলচ্চিত্ৰ
மோஷன் பிக்சர் நிபுணர்கள் குழு (MPEG),চলচ্চিত্ৰ বিশেষজ্ঞ গোট (MPEG)
மவுண்ட்,মাউন্ট
சுட்டி,নিগনি
நகர்வு,পদক্ষেপ লোৱা
பாத்திரத்தை நகர்த்தவும்,move চৰিত্ৰ
MS-DOS,এম এছ-ড’ছ
MS-விண்டோஸ்,এম এছ-উইণ্ড’জ
பல அம்சம்,বহু দিশ
பல செயலி,মাল্টি প্ৰচেছৰ
பல நிரலாக்க,মাল্টি প্ৰগ্ৰেমিং
பல பணி,মাল্টি টাস্কিং
மல்டிபஸ்,মাল্টিবাছ
மல்டிகாஸ்ட்,মাল্টিকাষ্ট
மல்டிகாஸ்ட் முகவரி,মাল্টিকাষ্ট ঠিকনা
மல்டிகாஸ்டிங்,মাল্টিকাষ্টিং
மல்டிசிப்,মাল্টিচিপ
மல்டிக்ஸ்,মাল্টিক্স
பல வேலை செயல்பாடு,মাল্টিজব অপাৰেচন
பல நிலை நினைவகம்,বহুস্তৰীয় স্মৃতিশক্তি
மல்டிமீடியா தொழில்நுட்பம்,মাল্টিমিডিয়া প্ৰযুক্তি
மல்டிமோட்,মাল্টিম&#39;ড
பல,একাধিক
பல துல்லியம்,একাধিক নিখুঁততা
பல பின்னடைவு,বহুবিধ ৰিগ্ৰেছন
மல்டிபிளக்ஸ்,মাল্টিপ্লেক্স
மல்டிபிளக்ஸ் முறை,মাল্টিপ্লেক্স মোড
மல்டிபிளெக்சர்,মাল্টিপ্লেক্সাৰ
மல்டிபிளெக்சிங்,মাল্টিপ্লেক্সিং
பலமுனை நெட்வொர்க்,মাল্টিপইন্ট নেটৱৰ্ক
பல செயலாக்கம்,মাল্টিপ্ৰচেছিং
பல்செயலி அமைப்பு,মাল্টিপ্ৰচেছৰ চিস্টেম
பல்நோக்கு இணைய அஞ்சல் விரிவாக்கம் (MIME),বহুমুখী ইণ্টাৰনেট মেইল সম্প্ৰসাৰণ (MIME)
பல அட்டவணை,বহুসূচী
மல்டிஸ்டேஷன்,মাল্টিষ্টেচন
மல்டித்ரெடிங்,মাল্টিথ্ৰেডিং
பல மதிப்புள்ள தர்க்கம்,বহুমূল্যযুক্ত যুক্তি
பன்முக பகுப்பாய்வு,বহুচলকীয় বিশ্লেষণ
மல்டிவிபிரேட்டர்,মাল্টিভাইব্ৰেটৰ
பரஸ்பர விலக்கல்,পাৰস্পৰিক বৰ্জন
பரஸ்பர தகவல்,পাৰস্পৰিক তথ্য
அப்பாவி பயனர்,সহজ-সৰল ব্যৱহাৰকাৰী
பெயர் சேவையகம்,নাম চাৰ্ভাৰ
NAND செயல்பாடு,NAND অপাৰেচন
நானோ,নেনো
குறுகிய இசைக்குழு,সংকীৰ্ণ বেণ্ড
தேசிய தகவல் உள்கட்டமைப்பு,ৰাষ্ট্ৰীয় তথ্য আন্তঃগাঁথনি
தேசிய தகவல் தரநிலை அமைப்பு (NAND NISO),ৰাষ্ট্ৰীয় তথ্য মানদণ্ড সংস্থা (NAND NISO)
சொந்த குறியீடு,স্থানীয় ক&#39;ড
சொந்த தொகுப்பாளர்,স্থানীয় কম্পাইলাৰ
சொந்த மென்பொருள்,স্থানীয় চফ্টৱেৰ
இயற்கை தொகுப்பி,প্ৰাকৃতিক কম্পাইলাৰ
இயற்கை மொழி செயலாக்கம்,প্ৰাকৃতিক ভাষা প্ৰক্ৰিয়াকৰণ
இயற்கை மொழி வினா,প্ৰাকৃতিক ভাষাৰ প্ৰশ্ন
இயற்கை எண்,প্ৰাকৃতিক সংখ্যা
வழிசெலுத்தல்,নেভিগেচন
நேவிகேட்டர்,নেভিগেটৰ
எதிர்மறை தர்க்கம்,ঋণাত্মক যুক্তি
உள்ளமை வளையம்,নেষ্টেড লুপ
உள்ளமைக்கப்பட்ட மேக்ரோக்கள்,নেষ্টেড মেক্ৰ&#39;সমূহ
நிகர,জাল
நிகர முகவரி,নেট ঠিকনা
நிகர குடிமகன்,নেট নাগৰিক
நெட்ஸ்கேப் நேவிகேட்டர்,নেটস্কেপ নেভিগেটৰ
பிணைய அணுகல் கட்டுப்பாடு,নে&#39;টৱৰ্ক অভিগম নিয়ন্ত্ৰণ
பிணைய கட்டமைப்பு,নে&#39;টৱৰ্ক আৰ্কিটেকচাৰ
பிணைய கோப்பு முறைமை (NFS),নে&#39;টৱৰ্ক নথিপত্ৰপ্ৰণালী (NFS)
பிணைய ஒருமைப்பாடு,নেটৱাৰ্ক অখণ্ডতা
பிணைய இணைப்பு,নেটৱাৰ্ক আন্তঃসংযোগ
பிணைய அடுக்கு,নে&#39;টৱৰ্ক স্তৰ
பிணைய மேலாண்மை,নেটৱাৰ্ক ব্যৱস্থাপনা
பிணைய இடவியல்,নে&#39;টৱৰ্ক টপোলজি
நெட்வொர்க் மெய்நிகர் முனையம்,নে&#39;টৱৰ্ক ভাৰ্চুৱেল টাৰ্মিনেল
நடுநிலை ரிலே,নিৰপেক্ষ ৰিলে
நடுநிலை பரிமாற்றம்,নিৰপেক্ষ সংক্ৰমণ
புதிய வரி எழுத்து,নতুন শাৰী আখৰ
புதிய ஒத்திசைவு,নতুন সিঙ্ক
NFS/நெட்வொர்க் கோப்பு,NFS/নেটৱৰ্ক নথিপত্ৰ
நிப்பிள்,নিবল
ஒன்பது நிரப்பு,ন&#39;ৰ পৰিপূৰক
முனை,ন&#39;ড
சத்தம்,হুলস্থূল
இரைச்சல் முறை,শব্দ ধৰণ
சத்தமில்லாத குறியீட்டு முறை,শব্দহীন ক&#39;ডিং
நிர்ணயம் இல்லாதது,অনিৰ্দিষ্টতাবাদ
விநியோகிக்காதது,অ বিতৰণমূলক
காலியாக இல்லாத தொகுப்பு,খালী নহোৱা ছেট
முதன்மை அல்லாத,নন প্ৰাইম
ஊடாடாதது,অ-পাৰস্পৰিক ক্ৰিয়াশীল
முனையமற்ற அமைப்பு,অ-টাৰ্মিনেল ব্যৱস্থা
நிலையற்ற நினைவகம்,অস্বাভাৱিক স্মৃতিশক্তি
ஆவியாகாத ராம்,অস্বাভাৱিক ৰাম
எடையற்ற குறியீடு,নন-ৱেইটেড ক&#39;ড
NOP அறிவுறுத்தல்,NOP নিৰ্দেশনা
NOR,NOR
NOR வாயில்,NOR গেট
இயல்பானது,স্বাভাৱিক
இயல்பாக்குதல்,স্বাভাৱিককৰণ
இயல்பாக்குபவர்,নৰ্মালাইজাৰ
NOR-செயல்பாடு,NOR-অপাৰেচন
இல்லை,নহয়
சுற்று அல்ல,বৰ্তনী নহয়
சமமான வாயில் அல்ல,সমতুল্যতা গেট নহয়
செயல்பாடு இல்லை,অপাৰেচন নহয়
இல்லை- மற்றும்,নহয়-AND
மற்றும் செயல்பாடு அல்ல,NOT-AND অপাৰেচন
இல்லை-அல்லது,NOT-OR
இல்லை-அல்லது செயல்பாடு,NOT-OR অপাৰেচন
NP முழுமை,এন পি সম্পূৰ্ণতা
NULL சுட்டி,NULL পইণ্টাৰ
எண் கோட்பாடு,সংখ্যা তত্ত্ব
nyquist அளவுகோல்கள்,nyquist মাপকাঠী
பொருள்,বস্তু
பொருள் சார்ந்த,বস্তুমুখী
எண் குறியீடு,অক্টল কোড
எண்ம எண்,অষ্টক সংখ্যা
அக்டெட்,অক্টেট
அக்ட்ரி,অক্টোবৰ
ஒற்றைப்படை சமநிலை,অদ্ভুত সমতা
அலுவலக ஆட்டோமேஷன்,অফিচ অটোমেচন
அலுவலக மென்பொருள்,অফিচ চফ্টৱেৰ
ஆஃப்லைன்,অফ-লাইন
ஆஃப்-லைன் செயலாக்கம்,অফ-লাইন প্ৰচেছিং
ஆஃப்-செட்,অফ-ছেট
ஒமேகா குறியீடு,ওমেগা সংকেত
ஆன்லைன் தொடர்பு,অনলাইন যোগাযোগ
ஆன்லைன் செயலாக்கம்,অনলাইন প্ৰচেছিং
OP பதிவு,OP ৰেজিষ্টাৰ
திறந்த முகவரி,মুক্ত ঠিকনাকৰণ
திறந்த அமைப்பு இணைப்பு,মুক্ত ব্যৱস্থাপ্ৰণালীৰ আন্তঃসংযোগ
திறந்த கம்பி,খোলা তাঁৰ
ஓபராண்ட்,অপাৰেণ্ড
இயக்க முறைமை,অপাৰেটিং চিষ্টেম
ஆபரேஷன்,সঞ্চালন
ஆபரேட்டர்,অপাৰেটৰ
ஒளியியல் எழுத்து அங்கீகாரம்,অপটিকেল চৰিত্ৰ চিনাক্তকৰণ
ஆப்டிகல் ஃபைபர்,অপটিকেল ফাইবাৰ
ஒளியியல் எழுத்துரு,অপটিকেল ফন্ট
ஒளியியல் குறி அங்கீகாரம் (OMR),অপটিকেল মাৰ্ক চিনাক্তকৰণ (OMR)
ஒளியியல் நினைவகம்,অপটিকেল মেমৰি
ஆப்டிகல் ரீடர்,অপটিকেল ৰিডাৰ
ஆப்டிகல் ஸ்கேனிங்,অপটিকেল স্কেনিং
உகந்தது,অনুকূল
உகப்பாக்கம்,অনুকূলন
ஆப்டோ கப்ளர்,opto কাপলাৰ
ஆப்டோ எலக்ட்ரானிக்ஸ்,অপ্টোইলেক্ট্ৰনিক্স
ஆப்டோஐசோலேட்டர்,অপ্টোআইছ&#39;লেটৰ
அல்லது,অথবা
அல்லது வாயில்,OR গেট
அல்லது செயல்பாடு,OR অপাৰেচন
உத்தரவின் படி,দ্বাৰা অৰ্ডাৰ কৰক
முன்னுரிமை வரிசை,অগ্ৰাধিকাৰৰ ক্ৰম
ஆர்டர் செய்யப்பட்ட ஜோடி,অৰ্ডাৰ দিয়া জোৰা
ஆர்டர் செட்,অৰ্ডাৰ কৰা ছেট
உத்தரவு மரம்,অৰ্ডাৰ দিয়া গছ
வெளியீடு தரவு,আউটপুট ডাটা
வெளியீடு சாதனம்,আউটপুট ডিভাইচ
வெளியீடு கோப்பு,আউটপুট ফাইল
வெளியீடு தொகுதி,আউটপুট মডিউল
வெளியீடு அறிக்கை,আউটপুট বিবৃতি
வெளியீடு ஸ்ட்ரீம்,আউটপুট ষ্ট্ৰিম
வெளியீட்டு அலகு,আউটপুট ইউনিট
அதிக ஓட்டம்,অভাৰ ফ্ল&#39;
மேல் கிடந்தது,over lay
அதிக சுமை,অভাৰ লোড
மேல் அச்சிடுதல்,প্ৰিন্টিঙৰ ওপৰত
ஓவர் ரன்,অভাৰ ৰান
ஓவர் ரன் பிழை,over run ত্ৰুটি
மேல்நிலை பிட்,ওভাৰহেড বিট
ஒன்றுடன் ஒன்று,ওভাৰলেপ কৰক
மேலடுக்கு திட்டம்,ওভাৰলে প্ৰগ্ৰেম
குறுக்கீடு மேலெழுதல்,override interrupt
மேலெழுதவும்,অভাৰৰাইট কৰক
சொந்த குறியீட்டு முறை,নিজৰ ক&#39;ডিং
பேக்,পেক
தொகுப்பு,পেকেজ
பாக்கெட்,পেকেট
பாக்கெட் மாறுதல்,পেকেট চুইচিং
பேக்கிங் காரணி,পেকিং ফ্যাক্টৰ
திணிப்பு,পেডিং
பக்கம்,পৃষ্ঠা
பக்க முகவரி,পৃষ্ঠা ঠিকনাকৰণ
பக்க இடைவெளி,পৃষ্ঠা বিৰতি
பக்க அடிக்குறிப்பு,পৃষ্ঠাৰ ফুটিং
பக்கம்,পৃষ্ঠাত
பக்கம் வெளியே,পৃষ্ঠা আউট
பக்க வாசகர்,পৃষ্ঠা পাঠক
பக்க மாற்றம்,পৃষ্ঠা শ্বেপ
பக்க நினைவகம்,পৃষ্ঠাযুক্ত মেমৰি
பேஜிங்,পেজিং
உள்ளங்கை மேல்,পাম টপ
காகித சென்சார்,কাগজৰ চেন্সৰ
இணை அல்காரிதம்,সমান্তৰাল এলগৰিথাম
இணை கணினி,সমান্তৰাল কম্পিউটাৰ
இணையான இடைமுகம்,সমান্তৰাল আন্তঃপৃষ্ঠ
இணை துறைமுகம்,সমান্তৰাল পৰ্টে
இணை செயலாக்கம்,সমান্তৰাল প্ৰক্ৰিয়াকৰণ
இணை நிரலாக்கம்,সমান্তৰাল প্ৰগ্ৰেমিং
அளவுரு,প্ৰাচল
பெற்றோர்,অভিভাৱক
சமத்துவம்,সমতা
பாகுபடுத்தும் மரம்,পাৰ্চ গছ
பாகுபடுத்தி,পাৰ্চাৰ
பாகுபடுத்துதல்,বিশ্লেষণ কৰা
பிரிவினை,বিভাজন
பிரித்தல்,বিভাজন কৰা
கடவுச்சொல்,পাছৱৰ্ড
பாதை,পথ
மாதிரி வகை அறிதல்,আৰ্হি চিনাক্তকৰণ
பிசி-டிஸ்க் ஆப்பரேட்டிங் சிஸ்டம் (பிசிடிஓஎஸ்),পিচি-ডিস্ক অপাৰেটিং চিষ্টেম (PCDOS)
சகா,সহকৰ্মী
பேனா சதி செய்பவர்,পেন প্লটাৰ
பெண்டியம்,পেন্টিয়াম
காலமுறை,সময়ে সময়ে
புறப்பொருட்கள்,পেৰিফেৰেল
பெரி,পেৰি
நிரந்தர மெய்நிகர் சுற்று,স্থায়ী ভাৰ্চুৱেল বৰ্তনী
நிலைத்திருக்கும்,স্থায়ী
தனிநபர் கணினி (பிசி),ব্যক্তিগত কম্পিউটাৰ (PC)
பணியாளர்கள் டிஜிட்டல் உதவியாளர் (PDA),ডিজিটেল সহায়ক (PDA)
பாண்டம்,ফেণ্টম
கட்டம்,স্তৰ
ஃபோன்மே,ফোনিম
ஒலிப்பு அமைப்பு,ধ্বনিগত ব্যৱস্থা
புகைப்பட டையோடு,ফটো ডাইঅ&#39;ড
உடல்,শাৰীৰিক
உடல் இடைமுகம்,ভৌতিক আন্তঃপৃষ্ঠ
பைக்கோ,পিকো
பை விளக்கப்படம்,পাই চাৰ্ট
பை வரைபடம்,পাই গ্ৰাফ
பிட்ச்,চূড়া
படத்துணுக்கு,পিক্সেল
வெற்று அஸ்கி (ASCII),প্লেইন ascii (ASCII)
சாதாரண எழுத்து,সাধাৰণ লিখনী
திட்டமிடல்,পৰিকল্পনা কৰা
நடைமேடை,প্লেটফৰ্ম
சதி செய்பவர்,প্লটাৰ
சதி தலை,প্লটিং হেড
பிளக்போர்டு,প্লাগবোর্ড
புள்ளி,বিন্দু
பாயின்ட் டு பாயிண்ட் புரோட்டோகால் (PPP),পইণ্ট টু পইণ্ট প্ৰট&#39;কল (PPP)
சுட்டி,পইণ্টাৰ
துருவப்படுத்தல்,মেৰুকৰণ
வாக்கெடுப்பு,ভোটগ্ৰহণ
பலகோண கிளிப்பிங்,বহুভুজ ক্লিপিং
பாலிமார்பிசம்,বহুৰূপতা
பல்லுறுப்புக்கோவை,বহুপদ
POP (அஞ்சல் அலுவலக நெறிமுறை),POP (ডাকঘৰ প্ৰট&#39;কল)
பாப்-அப் மெனு,পপ-আপ মেনু
பெயர்வுத்திறன்,পোৰ্টেবিলিটি
உருவப்படம்,প্ৰতিকৃতি
போஸ்ட் ஆர்டர்,পোষ্ট অৰ্ডাৰ
பின்குறிப்பு,পোষ্ট লিপি
தபால்தலை பிட்,postamble বিট
போஸ்ட்ஃபிக்ஸ்,পোষ্টফিক্স
மின் தடை,পাৱাৰ ডাউন
பவர் ஆஃப்,পাৱাৰ-অফ
பவர்-ஆன்,পাৱাৰ-অন
பவர்-அப்,পাৱাৰ-আপ
முன்னுரை பிட்,preamble বিট
முன்னுரிமை வரைபடம்,অগ্ৰাধিকাৰ গ্ৰাফ
கணிக்கவும்,প্ৰেডিকেট
முன்கூட்டியே திட்டமிடல்,পূৰ্বনিৰ্ধাৰিত সময়সূচী
முன் சரி,প্ৰি-ফিক্স
முன் செயலாக்கம்,প্ৰিপ্ৰচেছিং
செயல்முறை,প্ৰক্ৰিয়া
செயல்முறை சுவிட்ச்,প্ৰক্ৰিয়া চুইচ
செயலாக்கம்,প্ৰচেছিং
செயலி,প্ৰচেছৰ
உற்பத்தி,উৎপাদন
நிரல்,কাৰ্যসূচী
நிரல் தொகுப்பு,প্ৰগ্ৰেম সংকলন
நிரல் பணம்,প্ৰগ্ৰেম নগদ ধন
நிரல் பிழைத்திருத்தம்,প্ৰগ্ৰাম ডিবাগিং
நிரல் வடிவமைப்பு,প্ৰগ্ৰেম ডিজাইন
நிரல் மதிப்பீடு மற்றும் மறுஆய்வு நுட்பம் (PERT),কাৰ্য্যক্ৰম মূল্যায়ন আৰু পৰ্যালোচনা কৌশল (PERT)
நிரல் நிறுத்தம்,কাৰ্য্যক্ৰম বন্ধ
நிரல் நூலகம்,প্ৰগ্ৰেম লাইব্ৰেৰী
நிரல் இயக்கம்,প্ৰগ্ৰেম চলোৱা
புரோகிராமர்,প্ৰগ্ৰেমাৰ
முன்னுரை,প্ৰলোগ
PROM,PROM
பரப்புதல்,প্ৰসাৰণ
முன்மொழிவு,প্ৰস্তাৱনা
பாதுகாக்கப்பட்ட விசை,সুৰক্ষিত চাবি
பாதுகாப்பு,সুৰক্ষা
நெறிமுறை,প্ৰট&#39;কল
நெறிமுறை மொழிபெயர்ப்பு,প্ৰট&#39;কল অনুবাদ
போலி குறியீடு,ছ্যুডো ক&#39;ড
பொது தரவு நெட்வொர்க்,ৰাজহুৱা তথ্য নেটৱৰ্ক
பொது டொமைன்,ৰাজহুৱা ডমেইন
பொது விசை குறியாக்கம்,ৰাজহুৱা কি&#39; এনক্ৰিপটিং
துடிப்பு,নাড়ী
துடிப்பு குறியீடு பண்பேற்றம்,পালছ ক&#39;ড মডুলেচন
பல்ஸ் டிஜிட்டல் மாடுலேஷன் (PDM),পালছ ডিজিটেল মডুলেচন (PDM)
துடிப்பு ரயில்,পালছ ট্ৰেইন
நிறுத்தற்குறி,বিৰাম চিহ্ন
தள்ளு,হেঁচ
ஆட்டோமேட்டாவை கீழே தள்ளுங்கள்,push down automata
pushup பட்டியல்,pushup তালিকা
குவாட் அடர்த்தி,quad ঘনত্ব
தகுதி,অৰ্হতা
அளவுகோல்,কোৱান্টিফায়াৰ
அளவிடு,কোৱাণ্টাইজ কৰক
குவாண்டிசர்,কোৱাণ্টাইজাৰ
குவாண்டம்,কোৱাণ্টাম
குவாண்டம் கடிகாரம்,কোৱাণ্টাম ঘড়ী
குவாண்டம் கம்ப்யூட்டிங்,কোৱাণ্টাম কম্পিউটিং
உதாரணம் மூலம் வினவவும்,উদাহৰণৰ দ্বাৰা প্ৰশ্ন কৰক
வினவு,প্ৰশ্ন
கேள்வி மொழி,প্ৰশ্ন ভাষা
வினவல் செயலாக்கம்,প্ৰশ্ন প্ৰক্ৰিয়াকৰণ
வரிசை,লানি পতা
வரிசை மேலாண்மை,শাৰী ব্যৱস্থাপনা
வரிசை பதிவு,শাৰী পঞ্জীয়ন
வரிசை நெட்வொர்க்,শাৰীবদ্ধ নেটৱৰ্ক
வரிசை கோட்பாடு,queuining তত্ত্ব
விரைவான அணுகல் நினைவகம்,দ্ৰুত প্ৰৱেশ স্মৃতিশক্তি
அளவுகோல்,ভাগফল
ரேடியோ அலைவரிசை குறுக்கீடு (RFI),ৰেডিঅ&#39; কম্পাঙ্ক হস্তক্ষেপ (RFI)
ரேடிக்ஸ்,ৰেডিক্স
சீரற்ற அணுகல் கணினி உபகரணங்கள் (RACE),ৰেণ্ডম এক্সেছ কম্পিউটাৰ সঁজুলি (RACE)
சீரற்ற அணுகல் நினைவகம் (ரேம்),ৰেণ্ডম এক্সেছ মেমৰি (RAM)
சீரற்ற ஸ்கேன்,ৰেণ্ডম স্কেন
ராஸ்டர்,ৰাষ্টাৰ
ராஸ்டர் ஸ்கேன்,ৰেষ্টাৰ স্কেন
மறு பொறியியல்,re অভিযান্ত্ৰিকীকৰণ
மீண்டும் விரிவாக்கம்,পুনৰ বৃদ্ধি
அடையக்கூடிய தன்மை,ৰিচেবিলিটি
படி,পঢ়া
தலை வாசிக்கவும்,মূৰ পঢ়া
படிக்க மட்டுமே,কেৱল পঢ়ক
படிக்க மட்டும் நினைவகம்,কেৱল পঢ়া স্মৃতিশক্তি
எழுத தலை வாசிக்கவும்,পঢ়া লিখা মূৰ
படிக்க/எழுத சுழற்சி,পঢ়া/লিখা চক্ৰ
படிக்க/எழுத தலை,পঢ়া/লিখা মূৰ
படிக்க/எழுத,পঢ়া/লিখা
வாசகர்,পাঠক
வாசிப்பு,পঢ়ি থকা
படிக்க-அவுட்,ৰিড-আউট
உண்மையான,বাস্তৱ
உண்மையான நேர செயலாக்கம்,ৰিয়েল টাইম প্ৰচেছিং
பெறுபவர்,গ্ৰাহক
அங்கீகார தர்க்கம்,চিনাক্তকৰণ যুক্তি
மீண்டும் தொகுக்கவும்,পুনৰ কম্পাইল কৰক
பதிவு,নথিভুক্ত
பதிவு தலை,ৰেকৰ্ডিং হেড
மீட்டெடுக்கக்கூடிய பிழை,পুনৰুদ্ধাৰযোগ্য ভুল
மீட்பு,পুনৰুদ্ধাৰ
மறுசுழற்சி தேற்றம்,পুনৰাবৃত্তি উপপাদ্য
மறுநிகழ்வு,পুনৰাবৃত্তি
சுழல் செயல்பாடு,পুনৰাবৃত্তিমূলক ফলন
குறைக்கப்பட்ட அறிவுறுத்தல் தொகுப்பு கணினி (RISC),হ্ৰাস কৰা নিৰ্দেশনা ছেট কম্পিউটাৰ (RISC)
பணிநீக்கம்,অতিৰিক্ততা
சுயாதீன வட்டுகளின் தேவையற்ற வரிசை (RAID),স্বতন্ত্ৰ ডিষ্কসমূহৰ অতিৰিক্ত এৰে (RAID)
மீண்டும் நுழைந்தவர்,পুনৰ প্ৰৱেশকাৰী
மறு நுழைவு குறியீடு,পুনৰ প্ৰৱেশকাৰী ক&#39;ড
குறிப்பு,সন্দৰ্ভ
மேற்கோளிட்ட நேர்மை,ৰেফাৰেন্সিয়েল অখণ্ডতা
பிரதிபலிப்பு,প্ৰতিফলনশীলতা
பிரதிபலிப்பு,প্ৰতিফলন
ஒளிவிலகல்,বিবৰ্তন
புதுப்பிப்பு,সতেজ কৰক
மீளுருவாக்கம்,পুনৰুত্পাদন
பதிவு,পঞ্জীয়ন কৰা
வழக்கமான இலக்கணம்,নিয়মীয়া ব্যাকৰণ
உறவு,সম্পৰ্ক
தொடர்புடைய தரவுத்தளம்,সম্পৰ্কীয় ডাটাবেছ
தொடர்புடைய தரவுத்தள மேலாண்மை அமைப்பு (RDBMS),সম্পৰ্কীয় ডাটাবেছ ব্যৱস্থাপনা ব্যৱস্থা (RDBMS)
தொடர்புடைய மாதிரி,সম্পৰ্কীয় আৰ্হি
உறவினர்,সম্পৰ্কীয়
உறவினர் முகவரி,আপেক্ষিক সম্বোধন
ரிலே,ৰিলে
நம்பகத்தன்மை மாடலிங்,নিৰ্ভৰযোগ্যতা মডেলিং
நம்பகமானது,নিৰ্ভৰযোগ্য
இடமாற்றம் செய்யக்கூடிய குறியீடு,স্থানান্তৰযোগ্য ক&#39;ড
ரிமோட்,দূৰৱৰ্তী
தொலை புரவலன்,দূৰৱৰ্তী গৃহস্থ
தொலைதூர வேலை நுழைவு,দূৰৱৰ্তী চাকৰি প্ৰৱেশ
தொலை உள்நுழைவு,দূৰৱৰ্তী লগ-ইন
தொலை நடைமுறை அழைப்பு (RPC),দূৰৱৰ্তী প্ৰক্ৰিয়া কল (RPC)
தொலை உணர்வு,ৰিম&#39;ট চেন্সিং
மறுபெயரிடவும்,নাম সলনি কৰক
வழங்குதல்,ৰেণ্ডাৰ কৰা
ரிப்பீட்டர்,ৰিপিটাৰ
பதில்,প্ৰত্যুত্তৰ
கோரிக்கை,অনুৰোধ
கருத்துகளுக்கான கோரிக்கை (RFC),মন্তব্যৰ বাবে অনুৰোধ (RFC)
கோரிக்கை/பதில் நெறிமுறை,অনুৰোধ/উত্তৰ প্ৰট&#39;কল
நிரலை மீண்டும் இயக்கவும்,প্ৰগ্ৰেম পুনৰ চলাওক
ஆராய்ச்சி,গৱেষণা
மீட்டமைப்பு சுழற்சி,ৰিছেট চক্ৰ
குடியிருப்பாளர்,বাসিন্দা
தீர்மானம்,সংকল্প
வளங்கள்,সম্পদসমূহ
பதில் நேரம்,সঁহাৰি সময়
மறுதொடக்கம்,পুনৰাৰম্ভ কৰক
மீட்டமை,পুনৰ সঞ্চয় কৰা
திரும்பப் பெறு,পুনৰ অনুসন্ধান কৰক
மறு பரிமாற்றம்,পুনৰ সংক্ৰমণ
மீட்டெடுக்கவும்,উদ্ধাৰ কৰা
மீண்டும் முயற்சிக்கவும்,পুনৰ চেষ্টা কৰক
திரும்பு,উভতাই দিয়া
திரும்ப குறியீடு,ক&#39;ড ঘূৰাই দিয়ক
திரும்பும் விசை,ৰিটাৰ্ণ কি&#39;
மீண்டும் பயன்படுத்தக்கூடிய குறியீடு,পুনৰ ব্যৱহাৰযোগ্য ক&#39;ড
மீண்டும் எழுதக்கூடியது,পুনৰ লিখিব পৰা
RGB மானிட்டர்,RGB মনিটৰ
ரிப்பன்,ফিতা
சரியான பிரச்சினை,সঠিক বিষয়
ரோபோ,ৰবট
ரோபாட்டிக்ஸ்,ৰবটিক্স
வலுவான,মজবুত
பங்கு,ভূমিকা
திரும்பவும்,ৰোল বেক
உருட்டவும்,ৰোল ইন
உருட்டவும்,ৰোল আউট
ரோம்,ৰম
வேர்,শিপা
ரூட் அடைவு,ৰূট ডাইৰেকটৰি
பிழை சுற்று,ভুলৰ ৰাউণ্ড
திசைவி,ৰাউটাৰ
ரூட்டிங்,ৰুটিং
RS232C இடைமுகம்,RS232C আন্তঃপৃষ্ঠ
RSA குறியாக்கம்,RSA এনক্ৰিপচন
ஆர்.டி.சி,আৰ টি চি
ரன் நீளம் குறியாக்கம்,দৈৰ্ঘ্যৰ এনকোডিং চলাওক
இயக்க நேரம்,ৰান টাইম
இயக்க பிழை,ৰান টাইম ত্ৰুটি
மாதிரி,নমুনা
மாதிரி எடுத்தல்,নমুনা সংগ্ৰহ কৰা
செயற்கைக்கோள்,উপগ্ৰহ
நிறைவுற்றது,চেচুৰেটিং
சேமிக்கவும்,সঞ্চয় কৰা
அளவீடல்,স্কেলেবিলিটি
அளவுகோல்,স্কেলাৰ
ஸ்கேன் செய்கிறது,স্কেনিং কৰা
காட்சி,দৃশ্যপট
திட்டமிடுபவர்,সূচীকাৰক
திரை பட ப்ரொஜெக்டர்,স্ক্ৰীণ ইমেজ প্ৰজেক্টৰ
கையால் எழுதப்பட்ட தாள்,চিত্ৰনাট্য
ஸ்கிரிப்டிங் மொழி,লিপিৰ ভাষা
ஸ்க்ரோலிங்,স্ক্ৰলিং কৰা
SDLC (ஒத்திசைவான தரவு இணைப்பு கட்டுப்பாடு),SDLC (সমকালীন তথ্য সংযোগ নিয়ন্ত্ৰণ)
தேடு,সন্ধান
தேடல் இயந்திரம்,চাৰ্চ ইঞ্জিন
தேடல் மரம்,search tree
தேடி,সন্ধান কৰি আছে
இரண்டாம் நிலை,মাধ্যমিক
துறை,খণ্ড
பாதுகாப்பு கொள்கை,সুৰক্ষা নীতি
நேரம் தேடுங்கள்,সময় বিচাৰিব
பிரிவு,ছেগমেণ্ট
பிரிவு,ছেগমেণ্টেচন
தேர்வு வகை,নিৰ্বাচন সজাই পৰাই তোলা
தன்னை உள்ளடக்கியது,self contained
சொற்பொருள்,অৰ্থবিজ্ঞান
செமாஃபோர்,চেমাফোৰ
செமிகண்டக்டர்,অৰ্ধপৰিবাহী
சொற்பொருள் வலை,চেমন্টিক ৱেব
தொடர் அணுகல் முறை,ক্ৰমিক অভিগম পদ্ধতি
தொடர்,ছিৰিয়েল
சீரியலைசர்,ছিৰিয়েলাইজাৰ
சேவையகம்,চাৰ্ভাৰ
சர்வர் செயலிழப்பு,চাৰ্ভাৰ ক্ৰেচ
சர்வர் உரிமம்,চাৰ্ভাৰ অনুজ্ঞাপত্ৰ
சர்வோ பெருக்கி,চাৰ্ভো বহুগুণক
அமைக்கவும்,স্থাপন কৰা
அமைக்க புள்ளி,ছেট পইণ্ট
அமைக்க,স্থাপন কৰা
நிழல்,ছাঁ পৰা ঠাই
நிழல்,ছাঁ দিয়া
நிழல்,ছাঁ
கோப்பு பகிர்வு,ফাইলটো শ্বেয়াৰ কৰক
பகிரப்பட்ட அணுகல்,অংশীদাৰী অভিগম
பகிர்தல்,ভাগ কৰি দে
ஷெல்,খোলা
மாற்றம் பாத்திரம்,শিফ্ট চৰিত্ৰ
குறைந்த மின்னழுத்தம்,শ্বৰ্ট চাৰ্কিট
குறுகிய அறிவுறுத்தல்,চুটি নিৰ্দেশনা
உடன்பிறப்பு,সহোদৰ
பக்க விளைவு,পাৰ্শ্বক্ৰিয়া
அடையாளம் பிட்,sign bit
சிக்னல்,সংকেত
சமிக்ஞை செயலாக்கம்,সংকেত প্ৰক্ৰিয়াকৰণ
சிக்னலிங்,সংকেত প্ৰদান কৰা
சமிக்ஞை-இரைச்சல் விகிதம்,সংকেত-শব্দ অনুপাত
கையெழுத்து,চহী
கையெழுத்து சோதனை,স্বাক্ষৰ পৰীক্ষণ
குறிப்பிடத்தக்க இலக்கம்,উল্লেখযোগ্য অংক
சிலிக்கான் சிப்,ছিলিকন চিপ
எளிய அஞ்சல் பரிமாற்ற நெறிமுறை (SMTP),সৰল মেইল স্থানান্তৰ প্ৰটোকল (SMTP)
சிம்ப்ளக்ஸ்,ছিমপ্লেক্স
எளிய முனை,simplex ন&#39;ড
உருவகப்படுத்துதல்,চিমুলেচন
சிமுலேட்டர்,চিমুলেটৰ
ஒரே நேரத்தில்,একে লগে
ஒரே நேரத்தில் செயலாக்கம்,একেলগে প্ৰক্ৰিয়াকৰণ
சிங்கிள்டன்,চিংগলটন
தள உரிமம்,চাইট অনুজ্ঞাপত্ৰ
அளவு,আকাৰ
அளவிடுதல்,আকাৰ নিৰ্ধাৰণ
வரைதல்,স্কেচিং
தவிர்க்கவும்,বাদ দিয়া
ஸ்கிப்பிங்,এৰি দিয়া হৈছে
ஸ்லாஷ்,স্লেছ
அடிமை கணினி,স্লেভ কম্পিউটাৰ
நெகிழ் சாளர நெறிமுறை,স্লাইডিং উইন্ডো প্ৰটোকল
நழுவும்,পিছলা
ஸ்லாட்,ছাঁদ
சிறிய கணினி அமைப்பு இடைமுகம் (SCSI),সৰু কম্পিউটাৰ ব্যৱস্থাপ্ৰণালীৰ আন্তঃপৃষ্ঠ (SCSI)
ஸ்மார்ட் கார்டு,স্মাৰ্ট কাৰ্ড
நத்தை அஞ்சல்,শামুক মেইল
ஸ்னாப்ஷாட்,স্নেপশ্বট
மென்மையான கணினி,চফ্ট কম্পিউটিং
மென்மையான நகல்,চফ্ট কপি
மென்மையான எழுத்துரு,কোমল ফন্ট
மென்பொருள்,ছ’ফ্টৱেৰ
மென்பொருள் பொறியியல்,চফট্ ৱেৰ ইঞ্জিনিয়াৰিং
மென்பொருள் உரிமம்,চফ্টৱেৰ অনুজ্ঞাপত্ৰ
மென்பொருள் திருட்டு,চফ্টৱেৰ পাইৰেচি
ஸ்பெக்ட்ரம்,বৰ্ণালী
சுழல்,সৰ্পিল
விரிதாள்,স্প্ৰেড শ্বীট
தரநிலை,মানদণ্ড
நிலையான பொதுவான மார்க்அப் மொழி (SGML),প্ৰামাণিক সাধাৰণীকৃত মাৰ্কআপ ভাষা (SGML)
தரப்படுத்தல்,প্ৰামাণিককৰণ
காத்திருப்பு நேரம்,ষ্টেণ্ডবাই সময়
நட்சத்திரம் LAN,ষ্টাৰ লেন
நட்சத்திர இடவியல்,তৰা টপোলজি
தொடக்க பிட்,ষ্টাৰ্ট বিট
பட்டினி,অনাহাৰ
நிலையான நினைவகம்&#39;,ষ্টেটিক মেমৰি&#39;
நிலை சேனல்,ষ্টেটাছ চেনেল
படி அளவு,ষ্টেপৰ আকাৰ
நிறுத்த மற்றும் காத்திரு நெறிமுறை,বন্ধ কৰক আৰু অপেক্ষা কৰক প্ৰট&#39;কল
நிறுத்த குறியீடு,ষ্টপ ক&#39;ড
நிறுத்த விசை,বন্ধ কি&#39;
சேமிப்புத்திறன்,সংৰক্ষণযোগ্যতা
சேமிக்கப்பட்ட நிரல்,সংৰক্ষিত প্ৰগ্ৰেম
சரம் தரவு,ষ্ট্ৰিং ডাটা
கட்டமைக்கப்பட்ட குறியீட்டு முறை,গঠনমূলক ক&#39;ডিং
கட்டமைக்கப்பட்ட வினவல் மொழி (SQL),গঠনমূলক প্ৰশ্ন ভাষা (SQL)
நடை தாள்,ষ্টাইল শ্বীট
துணை அடைவு,উপ-ডাইৰেকটৰি
சப்நெட்,চাবনেট
துணை மரம்,উপবৃক্ষ
சுருக்கம்,সাৰাংশ
சூப்பர் கணினி,চুপাৰ কম্পিউটাৰ
சூப்பர் கம்ப்யூட்டிங்,চুপাৰ কম্পিউটিং
சூப்பர் சாவி,চুপাৰ কী
சூப்பர் பயனர்,চুপাৰ ইউজাৰ
மேற்பார்வை கற்றல்,তত্বাৱধানত শিক্ষণ
ஆதரவு சிப்,সমৰ্থন চিপ
சர்ஃப்,চাৰ্ফ
உலாவல்,চাৰ্ফিং
இடமாற்று,অদলবদল
இடமாற்றம்,শ্বেপ ইন
மாற்றிக்கொள்,শ্বেপ আউট
இடமாற்றம்,শ্বেপিং
நெட்வொர்க் மாறியது,চুইচ কৰা নেটৱাৰ্ক
மாறுகிறது,চুইচিং কৰা
மாறுதல் கோட்பாடு,চুইচিং তত্ত্ব
குறியீட்டு நிரலாக்கம்,প্ৰতীকী প্ৰগ্ৰেমিং
ஒத்திசைவு,সমন্বয়
சின்க்ரோனைசர்,সমন্বয়ক
ஒத்திசைவானது,সমকালীন
ஒத்திசைவான டிஜிட்டல் படிநிலை (SDH),সমকালীন ডিজিটেল হাইৰাৰ্কি (SDH)
தொடரியல் பகுப்பாய்வு,বাক্যবিন্যাস বিশ্লেষণ
அமைப்பு பகுப்பாய்வு,ব্যৱস্থা বিশ্লেষণ
கணினி பொறியியல்,চিষ্টেম ইঞ্জিনিয়াৰিং
கணினி ஹேக்கர்,চিস্টেম হেকাৰ
கணினி ஒருங்கிணைப்பான்,চিস্টেম ইন্টিগ্ৰেটৰ
கணினி பதிவு,চিস্টেম লগ
அமைப்பு முகமூடி,চিস্টেম মাস্ক
கணினி நெட்வொர்க் கட்டமைப்பு (SNA),চিস্টেম নে&#39;টৱৰ্ক স্থাপত্য (SNA)
கணினி நிரலாளர்,চিস্টেম প্ৰগ্ৰেমাৰ
கணினி மறுதொடக்கம்,ব্যৱস্থাপ্ৰণালী পুনৰাৰম্ভ কৰক
கணினி பணிநிறுத்தம்,চিস্টেম বন্ধ কৰা
அமைப்பு சோதனை,চিস্টেম পৰীক্ষণ
அமைப்பு பயன்பாடு,চিস্টেম সঁজুলি
முறையான குறியீடு,পদ্ধতিগত ক&#39;ড
tab கட்டளை,tab কমাণ্ড
மேசை,মেজ
மேஜை மேலே பார்க்கவும்,টেবুলখন ওপৰলৈ চাওক
அட்டவணை இடம்,টেবুলৰ স্থান
டேப்லெட்,টেবলেট
அட்டவணை வரிசை,টেবুলাৰ এৰে
அட்டவணை செயல்பாடு,টেবুলেটিং ফাংচন
குறியிடப்பட்ட கட்டிடக்கலை,টেগ কৰা স্থাপত্য
குறியிடப்பட்ட படக் கோப்பு வடிவம் (TIFF),টেগ কৰা ছবি নথিপত্ৰ বিন্যাস (TIFF)
தண்டம் அமைப்பு,টাণ্ডাম ব্যৱস্থা
டேப் அடர்த்தி,টেপ ঘনত্ব
நாடா முகமூடி,টেপ মাস্ক
தார் கோப்பு,tar ফাইল
பணி,কাৰ্য
பணிப்பட்டி,টাস্ক বাৰ
பணி திட்டமிடுபவர்,কাৰ্য্য নিৰ্ধাৰক
TCP/IP (டிரான்ஸ்மிஷன் கண்ட்ரோல் புரோட்டோகால்/இன்டர்நெட் புரோட்டோகால்),TCP/IP (সংক্ৰমণ নিয়ন্ত্ৰণ প্ৰটোকল/ইণ্টাৰনেট প্ৰটোকল)
கிழித்தல் செயல்பாடு,টিয়াৰডাউন অপাৰেচন
தொலை தொடர்பு,টেলিকম
தொலைத்தொடர்பு,দূৰসংযোগ
தொலைதொடர்பு,টেলিকনফাৰেন্স
டெலி கான்பரன்சிங்,টেলিকনফাৰেন্সিং
தந்தி,টেলিগ্ৰাফী
டெலிமெட்ரி,টেলিমেট্ৰি
தொலைபேசி,টেলিফোন
டெலிபோனி,টেলিফোনি
டெலி பிரிண்டர்,টেলিপ্ৰিণ্টাৰ
டெலிபிராசசிங்,টেলিপ্ৰচেছিং
தொலைக்காட்சி,টেলিভিছন
டெலக்ஸ்,টেলেক্স
டெல்நெட்,টেলনেট
வெப்ப நிலை,তাপমান
டெம்ப்ளேட்,সাঁচ
பத்து இன் நிரப்பு,দহৰ পৰিপূৰক
டெரா பைட்,টেৰা বাইট
தேரா தோல்விகள்,টেৰা ফ্লপ
டெர்மினல் கர்சர்,টাৰ্মিনেল কাৰ্চাৰ
முனைய முனை,টাৰ্মিনেল ন&#39;ড
முனைய சாளரம்,টাৰ্মিনেল উইন্ডো
முடித்தல்,টাৰ্মিনেচন
மும்முனை,তৰ্নাৰী
மும்மை செயல்பாடு,তৰ্নাৰী অপাৰেচন
சோதனை,পৰীক্ষা
சோதனை கவரேஜ்,পৰীক্ষাৰ কভাৰেজ
சோதனை ஓட்டம்,পৰীক্ষা চলোৱা
சோதனை-தரவு,পৰীক্ষা-তথ্য
உரை,পাঠ্য
உரை பெட்டி,লিখনী বাকচ
உரை கர்சர்,লিখনী কাৰ্চাৰ
உரை திருத்தி,টেক্সট সম্পাদক
உரை கோப்பு,লিখনী নথিপত্ৰ
உரை முறை,লিখনী ধৰণ
உரை செயலாக்கம்,টেক্সট প্ৰচেছিং
உரையிலிருந்து பேச்சு (TTS),টেক্সট টু স্পীচ (TTS)
அமைப்பு மேப்பிங்,টেক্সচাৰ মেপিং
டி-ஃபிளிப்-ஃப்ளாப்,টি-ফ্লিপ-ফ্লপ
வெப்ப அச்சுப்பொறி,তাপীয় প্ৰিন্টাৰ
மெல்லிய பட நினைவகம்,পাতল ফিল্মৰ স্মৃতি
மெல்லிய பட டிரான்சிஸ்டர்,পাতল ফিল্ম ট্ৰেঞ্জিষ্টৰ
அடித்தல்,থ্ৰেচিং
நூல்,সূতা
திரித்தல்,থ্ৰেডিং
மூன்று அடுக்கு நெட்வொர்க்,ত্ৰিস্তৰীয় নেটৱৰ্ক
உற்பத்தி,থ্ৰুপুট
நேரம் சிக்கலானது,সময়ৰ জটিলতা
நேரப் பிரிவு மல்டிபிளெக்சிங் (டிடிஎம்),সময় বিভাজন মাল্টিপ্লেক্সিং (TDM)
கால அளவு,সময়সীমা
கால அளவு,সময়সীমা
கால இயந்திரம்,টাইম মেচিন
நேரம் முடிந்தது,টাইম আউট
நேர அளவீடு,সময় কোৱাণ্টাইজেচন
நேரத் தொடர்,সময় শৃংখলা
நேரம் பகிர்வு,সময় ভাগ-বতৰা কৰা
நேர பகிர்வு அமைப்பு,সময় ভাগ-বতৰা কৰা ব্যৱস্থা
நேர முத்திரை,সময় ডাকটিকট
நேர வரைபடம்,টাইমিং ডায়াগ্ৰাম
சாயல்,টিন্ট
நிலைமாற்று,টগল কৰক
மாறுதல் வேகம்,টগলিং গতি
டோக்கன்,টোকেন
டோக்கன் பஸ்,টোকেন বাছ
டோக்கன் பஸ்,টোকেন বাছ
டோக்கன் பஸ் நெட்வொர்க்,টোকেন বাছ নেটৱাৰ্ক
டோக்கன் வளையம்,টোকেন ৰিং
அடையாளப் பேச்சு,টোকেন টক
கருவி,সঁজুলি
மேலிருந்து கீழ்,ওপৰলৈ তললৈ
மேல் கீழ் வடிவமைப்பு,টপ ডাউন ডিজাইন
மேல் கீழே பாகுபடுத்துதல்,টপ ডাউন পাৰ্চিং
கட்டமைப்பியல்,টপোলজি
டச் பேட்,টাচ পেড
தொடு திரை,টাচ্ছ স্ক্ৰীন
சுவடு,দাগ
தடமறிதல்,ট্ৰেচিং
தடம்,ট্ৰেক
தட வட்டு,ট্ৰেক ডিস্ক
டிராக் டேப்,ট্ৰেক টেপ
கண்காணிப்பு,ট্ৰেকিং
டிரெய்லர்,ট্ৰেইলাৰ
பாதை,ট্ৰেজেক্টৰী
பரிவர்த்தனை,লেনদেন
பரிவர்த்தனை கோப்பு,লেনদেন ফাইল
பரிவர்த்தனை பதிவு,লেনদেনৰ লগ
படியெடுக்கவும்,লিপিবদ্ধ কৰক
மின்மாற்றி,ট্ৰেন্সডুচাৰ
பரிமாற்ற விகிதம்,স্থানান্তৰ হাৰ
பரிமாற்ற நேரம்,স্থানান্তৰ সময়
உருமாற்றம்,ৰূপান্তৰ
நிலையற்ற பிழை,ক্ষণস্থায়ী ভুল
பயண நேரம்,ট্ৰেনজিট সময়
மாற்றம்,স্থানান্তৰ
இடைநிலை,ট্ৰেন্সিটিভ
டிரான்சிட்டிவிட்டி,ট্ৰেন্সিটিভিটি
மொழிபெயர்ப்பு,অনুবাদ
பரவும் முறை,সংক্ৰমণ
பரிமாற்ற கட்டுப்பாட்டு நெறிமுறை (TCP),সংক্ৰমণ নিয়ন্ত্ৰণ প্ৰটোকল (TCP)
ஒலிபரப்பு வரி,ট্ৰেন্সমিছন লাইন
டிரான்ஸ்மிட்டர்,ট্ৰেন্সমিটাৰ
வெளிப்படைத்தன்மை,স্বচ্ছতা
டிரான்ஸ்பாண்டர்,ট্ৰেন্সপণ্ডাৰ
போக்குவரத்து,পৰিবহন
இடமாற்றம்,ট্ৰেন্সপজিচন
டிரான்ஸ்பியூட்டர்,ট্ৰেন্সপিউটাৰ
பரிமாற்றி,ট্ৰেন্সৰিচিভাৰ
பொறி,ট্ৰেপিং
தொடரவேண்டும்,ট্ৰেভাৰ্ছ
மரம் (கடந்து செல்லும்),গছ (traversal)
மரம் நெட்வொர்க்,গছৰ নেটৱৰ্ক
கிளை சுற்று,ট্ৰিবিউটেৰী চাৰ্কিট
அற்ப வரைபடம்,ট্ৰাইভাল গ্ৰাফ
பிரச்சனை படப்பிடிப்பு,trouble shoot
துண்டிக்கவும்,ছেদ কৰক
உண்மை அட்டவணை,সত্য টেবুল
ட்யூனர்,টিউনাৰ
சுரங்கப்பாதை,সুৰংগ নিৰ্মাণ
ட்யூனிங்,টিউনিং
டூபிள்,টিউপল
டர்போ பாஸ்கல்,টাৰ্বো পাস্কেল
டூரிங் இயந்திரம்,টুৰিং মেচিন
நேரம் திரும்பவும்,turn aroud সময়
ஆவணத்தைத் திருப்புங்கள்,নথিপত্ৰ ঘূৰাই ঘূৰাই দিয়ক
திருப்பு வரிசை,টাৰ্ণআউট ক্ৰম
இரட்டை கேபிள்,টুইন কেবল
முறுக்கப்பட்ட ஜோடி,টুইষ্টেড পেয়াৰ
இரண்டு பகுதி அசெம்பிளர்,টু পাৰ্ট এছেম্বলাৰ
இரண்டின் நிரப்பு,দুটাৰ পৰিপূৰক
வகை,প্ৰকাৰ
வகை முகம்,মুখ টাইপ কৰক
வகை தலை,টাইপ হেড
வகை சக்கரம்,টাইপ চকা
தட்டச்சு,টাইপিং কৰা
தடையில்லா ஆற்றல் மூலங்கள் (யுபிஎஸ்),un interruptable শক্তি উৎস (UPS)
unary செயல்பாடு,ইউনাৰী অপাৰেচন
unary செயல்பாடு,ইউনাৰী অপাৰেচন
unary ஆபரேட்டர்,unary অপাৰেটৰ
நிச்சயமற்ற தன்மை,অনিশ্চয়তা
நிபந்தனையற்ற அறிக்கை,নিঃচৰ্ত বিবৃতি
கணக்கிட முடியாதது,অগণিত
வெளிக்கொணரும்,উন্মোচন কৰক
தீர்மானிக்க முடியாதது,অনিৰ্ণয়যোগ্য
வரையறுக்கப்படாத,অসংজ্ঞায়িত
வரையறுக்கப்படாத பதிவு,অসংজ্ঞায়িত ৰেকৰ্ড
நீக்குதல்,আনডিলিট কৰক
அடிக்கோடிட்டு,আণ্ডাৰস্কোৰ কৰক
திசைதிருப்பப்படவில்லை,অনিৰ্দেশিত
திசைதிருப்பப்படாத வரைபடம்,অনিৰ্দেশিত গ্ৰাফ
திசையற்ற சேவை நேரம்,অদিশীয় সেৱাৰ সময়
செயல்தவிர்,পূৰ্বৱৰ্তী অৱস্থালৈ ঘূৰাই আনিব
வடிவமைக்கப்படாத வட்டு,অফৰ্মেট কৰা ডিষ্ক
யூனிகாஸ்டிங்,ইউনিকাস্টিং
யூனிகோட்,ইউনিকোড
ஒருமுகப்படுத்தப்படாத மரம்,একনিৰ্দেশিত গছ
சீரான ஆதார இருப்பிடம் (URL),একেধৰণৰ সম্পদ স্থানক (URL)
செயலாக்கம் நீக்குகிறது,ইউনিপ্ৰচেছিং
தனித்துவமான,অনন্য
பாதுகாக்கப்படாத முறுக்கப்பட்ட ஜோடி (UTP),unishielded টুইষ্টেড পেয়াৰ (UTP)
அலகு,একক
அலகு முகவரி,ইউনিটৰ ঠিকনা
அலகு இடைவெளி,একক ব্যৱধান
அலகு சோதனை,ইউনিট পৰীক্ষণ
ஒற்றையாட்சி குறியீடு,একক ক&#39;ড
யூனிடெர்ம்,এককীয়তা
உலகளாவிய ஒத்திசைவற்ற ரிசீவர்/டிரான்ஸ்மிட்டர் (UART),ইউনিভাৰ্চেল এচিনক্ৰ&#39;নাছ ৰিচিভাৰ/ট্ৰেন্সমিটাৰ (UART)
உலகளாவிய ஃபிளிப் ஃப்ளாப்,ইউনিভাৰ্চেল ফ্লিপ ফ্লপ
உலகளாவிய தொகுப்பு,ইউনিভাৰ্চেল ছেট
உலகளாவிய எழுத்துத் தொகுப்பு,সাৰ্বজনীন চৰিত্ৰৰ গোট
யுனிக்ஸ்,ইউনিক্স
திறக்கவும்,আনলক কৰক
பாதுகாப்பற்ற களம்,অসুৰক্ষিত ক্ষেত্ৰ
பாதுகாப்பற்ற கோப்பு,অসুৰক্ষিত ফাইল
அணுக முடியாதது,অপ্ৰৱেশযোগ্য
நிழலாடுதல்,আনশ্বেড কৰক
கவசமின்றி,অনাবৃত
தோல்வியுற்ற அழைப்பு,অসফল কল
உந்தார்,উন্টাৰ
புதுப்பிப்பு முரண்பாடுகள்,বিজুতিসমূহ আপডেট কৰক
புதுப்பிக்கப்பட்ட கோப்பு,আপডেট কৰা ফাইল
புதுப்பிக்கிறது,আপডেট কৰা হৈছে
மேம்படுத்தல்,বিকশিত কৰা
மேம்படுத்தல்,বিকশিত কৰা
இணைப்பு,আপলিংক
பதிவேற்றுகிறது,আপলোড কৰা হৈছে
மேல் நினைவக பகுதி,ওপৰৰ মেমৰি এৰিয়া
அப்ஸ்ட்ரீம்,আপষ্ট্ৰিম
முடிந்தநேரம்,আপটাইম
மேல்நோக்கி,ওপৰলৈ
யூஸ்நெட்,ইউজেনেট
பயனர்,ব্যৱহাৰকাৰী
பயனர் முகவர்,ব্যৱহাৰকাৰী এজেন্ট
பயனர் அங்கீகாரம்,ব্যৱহাৰকাৰী প্ৰমাণীকৰণ
பயனர் டேட்டாகிராம் நெறிமுறை (யுடிபி),ব্যৱহাৰকাৰী ডাটাগ্ৰাম প্ৰটোকল (UDP)
பயனர் நட்பு,ব্যৱহাৰকাৰী অনুকূল
பயனர் அடையாளம்,ব্যৱহাৰকাৰী চিনাক্তকৰণ
பயனர் அடையாளம் (UID),ব্যৱহাৰকাৰী পৰিচয় (UID)
பயனர் இடைமுகம்,ব্যৱহাৰকাৰী আন্তঃপৃষ্ঠ
பயனர் பெயர்,ব্যৱহাৰকাৰীৰ নাম
பயனர் சுயவிவரம்,ব্যৱহাৰকাৰী প্ৰ&#39;ফাইল
பயன்பாடு,কামৰ বস্তু
பயன்பாட்டு மென்பொருள்,ইউটিলিটি চফ্টৱেৰ
செல்லுபடியாகும்,মান্য
சரிபார்த்தல்,বৈধকৰণ
சரிபார்ப்பு நெறிமுறைகள்,বৈধকৰণ প্ৰটোকলসমূহ
சரிபார்ப்பு சோதனை,বৈধকৰণ পৰীক্ষণ
செல்லுபடியாகும் சோதனை,বৈধতা পৰীক্ষা
மதிப்பு கூட்டப்பட்ட நெட்வொர்க் (VAN),মূল্য সংযোজিত নেটৱাৰ্ক (VAN)
மதிப்பு கூட்டப்பட்ட மறுவிற்பனையாளர் (VAR),মূল্য সংযোজিত পুনৰ বিক্ৰেতা (VAR)
மறைந்து போகும் புள்ளி,ভেনিচিং পইণ্ট
வேப்பர்வேர்,ভেপাৰৱেৰ
மாறி,লৰৃ - চৰ হৈ থকা
மாறி முகவரி,ভেৰিয়েবল ঠিকনা
மாறி பிட் விகிதம்,ভেৰিয়েবল বিট হাৰ
மாறி புல நீளம்,ভেৰিয়েবল ক্ষেত্ৰৰ দৈৰ্ঘ্য
மாறி நீளக் குறியீடு,ভেৰিয়েবল লেংথ ক&#39;ড
மாறி பெயர்,চলকৰ নাম
வேரியலே,ভেৰিয়েল
திசையன்,ভেক্টৰ
திசையன் வரைகலை,ভেক্টৰ grapdhics
வெக்டார் முன்னோடி,ভেক্টৰ প্ৰেচেছিং
திசையன் குறுக்கீடுகள்,ভেক্টৰযুক্ত বাধাসমূহ
வென் வரைபடம்,venn ডায়েগ্ৰাম
சரிபார்ப்பு மற்றும் சரிபார்ப்பு (V&amp;V),পৰীক্ষণ আৰু বৈধকৰণ (V&amp;V)
பதிப்பு கட்டுப்பாடு,সংস্কৰণ নিয়ন্ত্ৰণ
பதிப்பு எண்,সংস্কৰণ নম্বৰ
உச்சி,শিখৰ
செங்குத்து செயலி,উলম্ব প্ৰচেছৰ
மிகப் பெரிய அளவிலான ஒருங்கிணைப்பு (VLSI),অতি বৃহৎ পৰিসৰৰ সংহতি (VLSI )
மிக நீண்ட அறிவுறுத்தல் வார்த்தை (VLIW),অতি দীঘল নিৰ্দেশনা শব্দ (VLIW)
வி.எச்.டி.எல்,ভিএইচডিএল
நிகழ்பதிவி,ভিডিঅ&#39; কেমেৰা
வீடியோ கான்பரன்சிங்,ভিডিঅ&#39; কনফাৰেন্সিং
வீடியோ காட்சி முனையம்,ভিডিঅ&#39; প্ৰদৰ্শন টাৰ্মিনেল
வீடியோ காட்சி அலகு,ভিডিঅ&#39; প্ৰদৰ্শন ইউনিট
வீடியோ கேம்,ভিডিঅ&#39; গেম
வீடியோ கிராஃபிக் அடாப்டர் (VGA),ভিডিঅ&#39; গ্রাফিক এডাপ্টাৰ (VGA)
வீடியோ கிராபிக்ஸ் அடாப்டர் (VGA),ভিডিঅ&#39; গ্রাফিক্স এডাপ্টাৰ (VGA)
வீடியோ சர்வர்,ভিডিঅ&#39; চাৰ্ভাৰ
காண்க,দৰ্শন
காட்சி துறைமுகம்,দৰ্শন পৰ্ট
வியூபோர்ட்,ভিউপৰ্ট
மெய்நிகர் சுற்று,ভাৰ্চুৱেল চাৰ্কিট
மெய்நிகர் செயல்பாடு,ভাৰ্চুৱেল ফাংচন
மெய்நிகர் நினைவகம்,ভাৰ্চুৱেল মেমৰি
மெய்நிகர் தனியார் நெட்வொர்க்,ভাৰ্চুৱেল ব্যক্তিগত নেটৱাৰ্ক
மெய்நிகர் உண்மை,ভাৰ্চুৱেল ৰিয়েলিটি
மெய்நிகர் உண்மை,ভাৰ্চুৱেল ৰিয়েলিটি
மெய்நிகர் ரியாலிட்டி மார்க்அப் மொழி,ভাৰ্চুৱেল ৰিয়েলিটি মাৰ্কআপ ভাষা
மெய்நிகர் ரியாலிட்டி மார்க்அப் மொழி (VRML),ভাৰ্চুৱেল ৰিয়েলিটি মাৰ্কআপ ভাষা (VRML)
மெய்நிகர் சேமிப்பக அணுகல் முறை,ভাৰ্চুৱেল সংৰক্ষণ অভিগম পদ্ধতি
மெய்நிகர் சேமிப்பு மேலாண்மை,ভাৰ্চুৱেল সংৰক্ষণ ব্যৱস্থাপনা
வைரஸ்,ভাইৰাছ
வைரஸ் கண்டறிதல்,ভাইৰাছ ধৰা পেলোৱা
வைரஸ் நிரல்,ভাইৰাছ প্ৰগ্ৰেম
தெரிவுநிலை,দৃশ্যমানতা
பார்வை,দৃষ্টি
காட்சி அடிப்படை,ভিজুৱেল বেচিক
காட்சி C++,ভিজুৱেল C++
காட்சி காட்சி அலகு,ভিজুৱেল ডিছপ্লে ইউনিট
விச்சுவல்,ভিচুৱেল
உண்மையான முகவரி,ভিচুৱেল ঠিকনা
காட்சி இயந்திரம் (VM),ভিচুৱেল মেচিন (VM)
குரல்,কণ্ঠ
குரல் அஞ்சல்,ভইচ মেইল
குரல் அஞ்சல் சேவையகம்,ভইচ মেইল চাৰ্ভাৰ
குரல் அங்கீகாரம்,কণ্ঠস্বৰ চিনাক্তকৰণ
குரல் வலை,ভইচ-নেট
நிலையற்ற நினைவகம்,অস্বাভাৱিক স্মৃতিশক্তি
வேஃபர்,ৱেফাৰ
WAIS மேலாளர்,WAIS মেনেজাৰ
காத்திருக்கவும்,অপেক্ষা কৰক মৰি যাওক
காத்திருங்கள் காயம்,wait ঘাঁ
காத்திருக்கும் குறியீடு,অপেক্ষা কৰা ক&#39;ড
சராசரியாக காத்திருந்தார்,অপেক্ষা কৰিছিল mean
காத்திருக்கும் நேரம்,অপেক্ষাৰ সময়
சுவர் தரம்,ৱাল গ্ৰেড
சூடான மறுதொடக்கம்,উষ্ণ পুনৰাৰম্ভ
கழிவு பட்டை அகலம்,আৱৰ্জনা বেণ্ডৰ প্ৰস্থ
நீர்வீழ்ச்சி மாதிரி,জলপ্ৰপাতৰ আৰ্হি
அலை அலையானது,ৱেভলেট
அலை பட சுருக்கம்,wavelet ছবি সংকোচন
அலைவரிசை மாற்றம்,ৱেভলেট ৰূপান্তৰ
பலவீனமான நிறுவனம்,দুৰ্বল সত্তা
வலை,ৱেব
இணைய முகவரி,ৱেব ঠিকনা
வலை எழுதுதல்,ৱেব ৰচনা
இணைய உலாவி,ৱেব ব্ৰাউজাৰ
இணைய பக்கம்,ৱেব পৃষ্ঠা
இணைய சேவையகம்,ৱেব চাৰ্ভাৰ
இணையதளம்,ৱেব চাইট
web-enabld பயன்பாடு,web-enabld এপ্লিকেচন
இணையம் இயக்கப்பட்டது,ৱেব-সামৰ্থবান
எடையுள்ள வரைபடம்,ওজনযুক্ত গ্ৰাফ
நன்றாக இணைக்கப்பட்டுள்ளது,ভালদৰে সংযুক্ত
நன்கு உருவாக்கப்பட்ட சூத்திரம்,সুগঠিত সূত্ৰ
நன்கு வரிசைப்படுத்தப்பட்ட தொகுப்பு,ভালদৰে অৰ্ডাৰ কৰা চেট
வெட்வேர்,ৱেটৱেৰ
வீட்ஸ்டோன் பெஞ்ச் மார்க்,ঘেঁহুৰ শিলৰ বেঞ্চ চিহ্ন
சக்கரம்,চকা
லூப் போது,while লুপ
வெள்ளை பெட்டி சோதனை,বগা বাকচ পৰীক্ষণ
வெள்ளை ஒளி,বগা পোহৰ
வெள்ளை சத்தம்,বগা শব্দ
பரந்த பகுதி நெட்வொர்க் (WAN),ৱাইড এৰিয়া নেটৱাৰ্ক (WAN)
பரந்த பகுதி நெட்வொர்க் (WAN),ৱাইড এৰিয়া নেটৱাৰ্ক (WAN)
பரந்த இசைக்குழு,বহল বেণ্ড
காட்டு அட்டை,ৱাইল্ড কাৰ্ড
பலவீனமானவன்,উইম্প
வெற்றி,জয়
zip வெற்றி,জিপ জিপ
ஜன்னல்,খিৰিকী
ஜன்னல்,উইণ্ড&#39;ইং
விண்டோஸ்,উইণ্ড’জ
விண்டோஸ் எக்ஸ்ப்ளோரர்,উইণ্ড&#39;জ এক্সপ্ল&#39;ৰাৰ
விண்டோஸ் என்.டி,উইণ্ড&#39;জ NT
கம்பி சட்ட மாதிரி,তাঁৰৰ ফ্ৰেমৰ মডেল
கம்பி அச்சுப்பொறி,তাঁৰ প্ৰিন্টাৰ
கம்பி தர்க்கம்,তাঁৰযুক্ত যুক্তি
வயர்லெஸ் நம்பகத்தன்மை (வைஃபை),বেতাঁৰ নিষ্ঠা ( wi Fi)
வயர்லெஸ் லேன்,বেতাঁৰ LAN
வயர்லெஸ் டிரான்ஸ்மிஷன்,বেতাঁৰ সংক্ৰমণ
மந்திரவாதி,উইজাৰ্ড
சொல்,শব্দ
வார்த்தை திறவுகோல்,শব্দৰ চাবি
வார்த்தை நீளம்,শব্দৰ দৈৰ্ঘ্য
வார்த்தை சார்ந்த,শব্দমুখী
சொல் செயலாக்க,ৱৰ্ড প্ৰচেছিং
சொல் செயலாக்க,ৱৰ্ড প্ৰচেছিং
சொல் செயலி,ৱৰ্ড প্ৰচেছৰ
வார்த்தை அடிக்கோடிடும் எழுத்து,শব্দ আণ্ডাৰস্কোৰ চৰিত্ৰ
வேலை ஓட்ட மேலாண்மை,কৰ্ম প্ৰবাহ ব্যৱস্থাপনা
பணிக்குழு,কৰ্মগোট
வேலை அலகு,ৱৰ্ক ইউনিট
வேலை அளவு,ৱৰ্ক ভলিউম
வேலை அடைவு,কাৰ্য্যকৰী ডাইৰেকটৰি
வேலை செய்யும் தொகுப்பு,কাৰ্য্যকৰী ছেট
வேலை சேமிப்பு,কাৰ্য্যকৰী সংৰক্ষণ
பணிமனை,কৰ্মশালা
பணிநிலையம்,ৱৰ্কষ্টেচন
உலக ஒருங்கிணைப்பு,বিশ্বৰ সমন্বয়
உலகளாவிய வலை (WWW),ৱৰ্ল্ড ৱাইড ৱেব (WWW)
மோசமான பகுப்பாய்வு,আটাইতকৈ বেয়া ক্ষেত্ৰৰ বিশ্লেষণ
மோசமான பொருத்தம் அல்காரிதம்,worst fit এলগৰিদম
மடக்கு,ৰেপাৰআউট
மணிக்கட்டு கணினி,ৰিষ্ট কম্পিউটিং
எழுதக்கூடியது,লিখিব পৰা
எழுது,লিখা
தற்காலிக சேமிப்பை எழுதவும்,কেশ্ব লিখা
எழுதும் சுழற்சி,লিখাৰ চক্ৰ
எழுது திறவுகோல்,লিখা চাবি
"ஒருமுறை எழுதுங்கள், மேலும் படிக்கவும் (WORM)","এবাৰ লিখক, অধিক পঢ়ক (WORM)"
எழுதும் பாதுகாப்பு,লিখাৰ সুৰক্ষা
படிக்க தலை எழுது,লিখা read head
X அல்லது,X বা
எக்ஸ்-12,এক্স-১২
XBM X பிட்மேப்,XBM X বিটমেপ
Xenix,জেনিক্স
Xmodem,Xmodem
எக்ஸ்-ஆன்/எக்ஸ்-ஆஃப்,এক্স-অন/এক্স-অফ
எக்ஸ்-டெர்மினல்,X-টাৰ্মিনেল
எக்ஸ்டெக்ஸ்ட்,Xtext
X-சாளரம்,এক্স-উইণ্ডো
YACC,YACC
யாஹூ,Yahoo
நுகம்,যোক
Z-பஃபர்,জেড-বাফাৰ
பூஜ்ஜிய முகவரி அறிவுறுத்தல்,শূন্য ঠিকনা নিৰ্দেশনা
பூஜ்ஜிய செயல்பாடு,শূন্য ফলন
பூஜ்ஜிய நிலை முகவரி,শূন্য স্তৰৰ ঠিকনা
பூஜ்ஜிய அணி,শূন্য মেট্ৰিক্স
பூஜ்ஜிய அடக்குமுறை,শূন্য দমন
பூஜ்ஜிய காத்திருப்பு நிலை,শূন্য অপেক্ষা অৱস্থা
பூஜ்ஜிய ஸ்லாட் LAN,শূন্য-স্লট LAN
ஜிப்,জিপ
அஞ்சல் குறியீடு,জিপ কোড
zip கோப்பு,জিপ ফাইল
zip UPZ மோடம்,জিপ UPZ মডেম
மண்டலம்,জ&#39;ন
மண்டல பட்டியல்,জ&#39;ন তালিকা
பெரிதாக்கு,জুম কৰক
பெரிதாக்க,জুম ইন কৰক
பெரிதாக்கு,জুম আউট কৰক
பெரிதாக்குகிறது,জুম কৰা
Z-காலம்,জেড-টাৰ্ম
