Odiya,English
ୱେଷ୍ଟମିନିଷ୍ଟରର ଆବି |,Abbey of Westminster
ଅବକ୍ଷୟ,Abditory
ଦାସତ୍ୱ ରଦ୍ଦ,Abolition of slavery
ଆଦିବାସୀ,Aboriginal
ଅବ୍ରହାମ ଏରା,Abraham Era
ଅନୁପସ୍ଥିତ ଜମିଦାରମାନେ |,Absentee landlords
ଏକାଡେମୀ |,Academy
ଆକ୍ରା ସମ୍ମିଳନୀ |,Accra conference
ଆକ୍ରୁଏଲ୍ |,Accruals
ଆକଲଚ୍ୟୁଚର୍,Acculturation
ଆକେଲଡାମା |,Aceldama
ଆଖିଆନ୍ (= ଆଚିଆନ୍),Achaean (=Achian)
ଆଚିଆନ୍ ଲିଗ୍ (= ଆଚିଆନ୍ ଲିଗ୍),Achaean League (=Achian League)
ଆକ୍ରୋପଲିସ୍ |,Acropolis
ଆକ୍ଟା ଡିଆର୍ନା |,Acta Diurna
ଆକ୍ଟା ସେନାଟସ୍ |,Acta Senatus
ଆକ୍ଟ ଆଡେଲ୍ |,Acte Additionel
ସକ୍ରିୟ ରେକର୍ଡ (= ସାମ୍ପ୍ରତିକ ରେକର୍ଡ),Active record (=current record)
ଆଟେଣ୍ଡର୍ ଆକ୍ଟ |,Act of attainder
କ୍ଷତିପୂରଣ ଏବଂ ବିସ୍ମୟର ନିୟମ |,Act of Indemnity and oblivion
ସମାଧାନ ନିୟମ,Act of Settlement
ବିଜ୍ଞାପନ ଚୁକ୍ତି ସିଲ୍ |,Ad contractus seal
ଆଡୁଲାମାଇଟ୍ସ |,Adullamites
ଶତ୍ରୁ,Adversary
ଶତ୍ରୁ,Adversary
ଆଓନ୍,Aeon
ଏରାରିୟମ୍ |,Aerarium
ବାୟୁ ଯୁଦ୍ଧ |,Aerial warfare
ଆଟୋଲିଆନ୍ ଲିଗ୍ |,Aetolian League
ବୟସ,Age
ବାର୍ଦ୍ଧକ୍ୟ (= ବାର୍ଦ୍ଧକ୍ୟ),Ageing (=aging)
ବାର୍ଦ୍ଧକ୍ୟ ପ୍ରକ୍ରିୟା |,Ageing process
ଆଗେଲାଇ |,Agelai
Ival ିଭାଲିର ବୟସ |,Age of chivalry
ଜ୍ଞାନର ବୟସ |,Age of Englightment
ପେରିକଲ୍ସର ବୟସ |,Age of Pericles
କାରଣର ବୟସ |,Age of reason
କୃଷିବାଦ,Agrarianism
କୃଷି ଆନ୍ଦୋଳନ |,Agrarian movement
ଆଲବିଅନ୍ |,Albion
ଆଲବମ୍,Album
ଆଲଡରମ୍ୟାନ୍ |,Alderman
ଭ୍ରାନ୍ତ ବାହୁ |,Allusive arms
ବନ୍ଧୁତା,Amity
ଆମ୍ଫିକ୍ଟୋନିକ୍ ପରିଷଦ |,Amphictyonic Council
ଆମ୍ଫିକ୍ଟୋନିକ୍ ଲିଗ୍ |,Amphictyonic League
ଆମ୍ଫିଥେଟର,Amphitheatre
ଅମ୍ରି ନାଲ୍ ଗୋଷ୍ଠୀ (କୁମ୍ଭାରର),Amri Nal group (of pottery)
ଆନାକ୍ରୋନିଜିମ୍ |,Anachronism
ଆନାକ୍ରୋନିଷ୍ଟିକ୍ |,Anachronistic
ପୂର୍ବପୁରୁଷ,Ancestor
ପୂର୍ବପୁରୁଷ ପୂଜା |,Ancestor Worship
ପିତୃପୁରୁଷ,Ancestry
ପିତୃପୁରୁଷ,Ancestry
ପିତୃପୁରୁଷ,Ancestry
ପିତୃପୁରୁଷ,Ancestry
ପ୍ରାଚୀନ ଶାସନ,Ancien regime
ପ୍ରାଚୀନ,Ancient
ପ୍ରାଚୀନ ବାଲାଡ୍ |,Ancient ballad
ପ୍ରାଚୀନ ବିଶ୍ୱାସ,Ancient belief
ପ୍ରାଚୀନ ପ୍ରଥା,Ancient custom
ପ୍ରାଚୀନ ଇତିହାସ,Ancient history
ପ୍ରାଚୀନ ସ୍ମାରକୀ,Ancient monuments
ଉପନ୍ୟାସ,Anecdote
ଆଞ୍ଜେଲଟ୍ |,Angelot
ଆଞ୍ଜେଲସ୍ |,Angelus
ଆଞ୍ଜେଭିନ୍ (= ଆଞ୍ଜେଭିନ୍),Angevin (=anjevin)
କୋଣ,Angles
ଅଙ୍ଗଲିକାନ୍ |,Anglican
ଅଙ୍ଗଲିକାନ୍ ଯୋଗାଯୋଗ |,Anglican Communion
ଅଙ୍ଗଲିକାନିଜିମ୍ |,Anglicanism
ଆଙ୍ଗ୍ଲୋ-ଫୋବେ |,Anglo-phobe
ଆଙ୍ଗ୍ଲୋ-ଫୋବିୟା |,Anglo-phobia
ଆଙ୍ଗ୍ଲୋ-ସାକ୍ସନ୍ |,Anglo-Saxon
ଆଙ୍ଗ୍ଲୋ-ସାକ୍ସୋନିଜିମ୍ |,Anglo-Saxonism
ଆନ୍ନାଲିଷ୍ଟ |,Annalist
ବାର୍ଷିକ,Annals
ସଂଲଗ୍ନ,Annexation
ଆଣ୍ଟେ-ବେଲମ୍ |,Ante-bellum
ଆଣ୍ଟେ ତାରିଖ |,Ante date
ଧର୍ମ-ବିରୋଧୀ,Anti-clericalism
ଧର୍ମ-ବିରୋଧୀ ନିୟମ,Anti-clerical legislation
ପ୍ରାଚୀନତା,Antiquity
ଆଣ୍ଟି-ଭଡା,Anti-rent
ଆଣ୍ଟି-ଭଡା,Anti-rent
ବିରୋଧୀ ଦଳ,Anti Semitism
ଅଞ୍ଜାକ |,Anzac
ଆପେଲା |,Apella
ଅରୁଲୁ |,Aralu
ଆର୍ ବିଶପ୍ |,Arch bishop
ଆର୍ ଡୁଚି |,Arch duchy
ଆର୍ ଡ୍ୟୁକ୍ |,Arch duke
ଆର୍କିଫ୍ (= ଅଭିଲେଖାଗାର ସଂଗ୍ରହ),Archief (=archival collection)
ଆର୍କିପିସ୍କୋପେଟ୍ |,Archiepiscopate
ଆଭିମୁଖ୍ୟ,Aristocracy
ଆରିଷ୍ଟୋକ୍ରାଟ୍ |,Aristocrat
ଆରିଷ୍ଟୋକ୍ରାଟ୍ ସ୍ନୋବେରୀ |,Aristocratic snobbery
ଆରିଷ୍ଟୋଟେଲିଆନ୍ |,Aristotelian
ଆର୍ମଡା |,Armada
ଆର୍ମଡା (= ସ୍ପାନିସ୍ ଆର୍ମଡା),Armada (=The Spanish Armada)
ବାହୁବଳୀ (= ବାହୁବଳୀ),Armorist (=armourist)
ବାହୁବଳୀ (= ବାହୁବଳୀ),Armour (=armor)
ବାହୁବଳୀ |,Armourist
ଆର୍ଯ୍ୟନ୍,Aryan
ଆର୍ଯ୍ୟନ୍,Aryan
ଆସ୍କାରି |,Askari
ନ୍ୟସ୍ତ କରନ୍ତୁ |,Assignat
Assize,Assize
Assize,Assize
Assize,Assize
ଆର୍ମସ୍ ଆକ୍ଟର ଆସାଇଜ୍ |,Assize of Arms Act
ଡାରେନ୍ ପ୍ରେଜେଣ୍ଟେସନ୍ ର ଆସାଇଜ୍ |,Assize of Darrein Presentment
ମର୍ଟ &#39;ଡି&#39; ପୂର୍ବପୁରୁଷଙ୍କ ଅନୁଧ୍ୟାନ |,Assize of Mort 'D' Ancestor
ନୋଭେଲ୍ ଡିସାଇସିନ୍ ର ଆସାଇଜ୍ |,Assize of Novel Disseisin
ଅତ୍ୟାଚାର,Atrocity
ଆକ୍ରମଣ,Attack
ଆୟୁଲିକ୍ ପରିଷଦ |,Aulic Council
ଗେଡିର କୁରା (ି (= ଗେଡି କୁରା) ି),Axe of the Geddess (=the Geddess axe)
ଆକ୍ସିସ୍ (= ରୋମ୍-ବର୍ଲିନ୍-ଟୋକିଓ ଆକ୍ସିସ୍),Axis (=The Rome-Berlin-Tokyo Axis)
ବାବିଲ,Babylon
ବାବିଲର ବନ୍ଦୀତା (= ବାବିଲୋନ ବନ୍ଦୀ),Babylonian captivity (=Babylonish captivity)
ବ୍ୟାଚାନାଲ ଭକ୍ତ,Bacchanal devotee
ବ୍ୟାଚାନାଲିଆ |,Bacchanalia
ଅବିବାହିତ,Bachelor
ବାଗଦାଦ ଚୁକ୍ତି |,Baghdad Pact
ବାଲକାନ୍ ଲିଗ୍ |,Balkan League
ବାଲକାନ୍ ଚୁକ୍ତି |,Balkan Pact
ବାଲକାନ ଯୁଦ୍ଧ |,Balkan Wars
ବାଲ୍ଟିକ୍ ଚୁକ୍ତି |,Baltic Pact
ବୃନ୍ଦାବନ,Bandit
ବୃନ୍ଦାବନ ସମ୍ମିଳନୀ |,Bandung Conference
ବହିଷ୍କାର |,Banishment
ବ୍ୟାନର |,Banner
ବର୍ବର,Barbarian
ବାର୍ବିକାନ୍ |,Barbican
ବାର୍ଡୋଲି ସତ୍ୟଗ୍ରାହ |,Bardoli satyagraha
ବାର୍ ବର୍ନର୍ସ |,Barn Burners
ବରୁଣ |,Baron
ବରୁଣ,Baronage
ବାରୋନସ୍ ମେଜୋରସ୍ |,Barones majores
ବାରୋନସ୍ ମାଇନୋରସ୍ |,Barones minores
ବରୁଣେସ୍ |,Baroness
ବରୁଣେଟ୍ |,Baronet
ବରୁଣେଟେଜ୍ |,Baronetage
ବରୁଣେଟେଜ୍ |,Baronetage
ବାରୋନେଟସି |,Baronetcy
ବାରୋନି |,Barony
ବାରାକୁନ୍ |,Barracoon
ବାରାକୁନ୍ |,Barracoon
ବ୍ୟାରିକେଡ୍ (= ବ୍ୟାରିକେଡୋ),Barricade (=barricado)
ବ୍ୟାରିକେଡ୍ (= ବ୍ୟାରିକେଡୋ),Barricade (=barricado)
ବ୍ୟାରିକେଡ୍ (= ବ୍ୟାରିକେଡୋ),Barricade (=barricado)
ବେସ୍ କ୍ୟାମ୍ପ୍ |,Base camp
ବେସିଲିକା |,Basilica
ବେସିଲିକା |,Basilica
ବସ୍ତିଲା |,Bastila
ବସ୍ତିଲ୍ |,Bastille
ବସ୍ତିଲ୍ |,Bastille
ବ୍ୟାଟେରୀ,Battery
ଯୁଦ୍ଧ,Battle
ବଟଲ୍-ଆରେ |,Batlle-array
ଯୁଦ୍ଧ କାନ୍ଦ |,Battle cry
ଯୁଦ୍ଧ ଡିନ |,Battle din
ଯୁଦ୍ଧ କ୍ଷେତ୍ର |,Battle field
ଯୁଦ୍ଧ ଭଜନ,Battle hymn
ସ୍ପର୍ସର ଯୁଦ୍ଧ |,Battle of the Spurs
ମାନାଙ୍କ ଯୁଦ୍ଧ |,Battle of the Standard
ଯୁଦ୍ଧ ଜାହାଜ |,Battleship
ଯୁଦ୍ଧ-ଶକ୍ତି |,Battleship-strength
ବାୟକ୍ସ ଟେପେଷ୍ଟ୍ରି |,Bayeux tapestry
ବିକନ୍ |,Beacon
ବିକନ୍ ଟାୱାର୍ |,Beacon tower
ବିଭର୍ |,Beaver
ବିଭର୍ |,Beaver
ସମୁଦ୍ରର ଭିକାରୀ |,Beggars of the sea
ବେଲିକୋଜ୍ |,Bellicose
ବେଲିକୋଜ୍ |,Bellicose
ବେଲିକୋଜ୍ |,Bellicose
ବେଲିକୋସିଟି |,Bellicosity
ବେଲୋନା |,Bellona
ଉପକାର,Benefice
ପାଦ୍ରୀମାନଙ୍କର ଲାଭ,Benefit of clergy
ବେନେଲକ୍ସ |,Benelux
ବର୍ଲିନ୍ ଆଦେଶ |,Berlin Decree
ବର୍ସରକର |,Berserker
ବେସାଣ୍ଟ (= ବେଜାଣ୍ଟ),Besant (=bezant)
ବ Bethel ଥେଲ୍ |,Bethel
Bibliolater,Bibliolater
ଗ୍ରନ୍ଥସମୂହ,Bibliolatry
ବିଗ୍ ବର୍ଥା |,Big Bertha
ବିଗଟ୍ |,Bigot
ବିଲିଂ,Billeting
ଅଟ୍ଟାଇଣ୍ଡରର ବିଲ୍ |,Bill of Attainder
ଅଧିକାର ବିଲ୍ |,Bill of Rights
ଜୀବନୀ,Biographer
ଜନ୍ମ କାହାଣୀ |,Birth stories
ବିଭିଆକ୍ |,Bivouac
ବିଭିଆକ୍ |,Bivouac
ବିଭିଆକ୍ |,Bivouac
ବିଜୋନିଆ |,Bizonia
କଳା ପକ୍ଷୀ,Black birding
କଳା ପତାକା,Black flag
ବ୍ଲାକ୍ ହୋଲ୍ |,Black Hole
ବ୍ଲାକ୍ ହୋଲ୍ |,Black Hole
କଳା ଗୋଡ (= ସ୍କାବ),Black leg (=scab)
କଳା ସାର୍ଟ |,Black Shirt
ବ୍ଲାଜନ୍,Blazon
ବ୍ଲାଜନ୍,Blazon
ବ୍ଲାଜୋନ୍ରି |,Blazonry
ବ୍ଲାଜୋନ୍ରି |,Blazonry
ବ୍ଲିଟ୍ସ୍କ୍ରିଗ୍ |,Blitzkrieg
ରକ୍ତହୀନ ବିପ୍ଳବ (= ଗ or ରବମୟ ବିପ୍ଳବ),Bloodless Revolution (=Glorious Revolution)
ରକ୍ତଚାପ,Bloodwite
ରକ୍ତାକ୍ତ ମରିୟମ |,Bloody Mary
ନୀଳ,Blue
ନୀଳ ରକ୍ତ,Blue blood
ନୀଳ ପୁସ୍ତକ |,Blue book
ନୀଳ ରିବନ୍ |,Blue ribbon
ନୀଳ ରିବନ୍ |,Blue ribbon
ବ୍ଲୁଜ୍ (= ରୟାଲ୍ ଘୋଡା ଗାର୍ଡ),Blues (=Royal Horse Guards)
ନୀଳ ସାର୍ଟ |,Blue Shirt
ନୀଳ ଜଳ ବିଦ୍ୟାଳୟ |,Blue Water School
ନିୟନ୍ତ୍ରଣ ବୋର୍ଡ |,Board of Control
ଶରୀରର ଅସ୍ତ୍ରଶସ୍ତ୍ର |,Body armour
ବୋଇର୍,Boer
ବୁଟି,Booty
ବୋରୱୋ |,Borough
ବୁଲୁଟେରିଅନ୍ |,Bouleuterion
ବୋର୍ବନ୍ |,Bourbon
ବକ୍ସର ବିଦ୍ରୋହ |,Boxer rebellion
ବନ୍ଧନୀ,Brace
ପିତ୍ତଳ |,Brassard
ପିତ୍ତଳ |,Brassard
ରୁଟି କଲୋନୀ |,Bread colonies
ସ୍ତନ ପ୍ଲେଟ୍ |,Breast Plate
ସ୍ତନ କାମ,Breast work
ବ୍ରେଟୱାଲଡା |,Bretwalda
ବ୍ରିଗାଣ୍ଡ୍ |,Brigand
ବ୍ରିଗେଣ୍ଡେଜ୍,Brigandage
ବ୍ରିଟିଶ୍ କମନୱେଲଥ୍ ଅଫ୍ ନେସନ୍ସ |,British Commonwealth of Nations
ବ୍ରାଉନ୍ ସାର୍ଟ (= ନାଜି),Brown Shirts (=The Nazis)
ବ୍ରୁସେଲ୍ସ ଚୁକ୍ତି (ଚୁକ୍ତି) ସଂଗଠନ (= ପଶ୍ଚିମ ୟୁରୋପୀୟ ୟୁନିଅନ୍),Brussels Treaty (Pact) organisation (=Western Europeon union)
ବଫ୍ |,Buff
ବଫ୍ |,Buff
ବଫ୍-କୋଟ୍ |,Buff-coat
ବଫସ୍ |,Buffs
ବୁଲେ (= ପରିଷଦ),Bule (=council)
ବନ୍ଧକ,Burgage
ବରଗଡ |,Burgess
ବାଇଜାଣ୍ଟାଇନ,Byzantine
ବ yz ଜୟନ୍ତ ଚର୍ଚ୍ଚ,Byzantine church
ବ yz ଜୟନ୍ତ ସାମ୍ରାଜ୍ୟ |,Byzantine Empire
ବାଇଜାଣ୍ଟାଇନ ଯୁଗ,Byzantine Era
ବ yz ଜୟନ୍ତ histor ତିହାସିକମାନେ |,Byzantine historians
କ୍ୟାବଲ୍ |,Cabal
କେଜରିଜିମ୍ |,Caesarism
ଖଲିଫ୍ |,Caliph
କଲିଗ୍ରାଫର୍ |,Calligrapher
କଲିଗ୍ରାଫିଷ୍ଟ |,Calligraphist
କାଲିଗ୍ରାଫି |,Calligraphy
କାଲ୍ଟ୍ରପ୍ |,Caltrop
କାମାଡେରି |,Camaraderie
କାମାରିଲା |,Camarilla
କାମାରିଲା |,Camarilla
କାମେଲାକମ୍ |,Camelaucum
କାମୁଫ୍ଲେଜ୍ |,Camouflage
ଅଭିଯାନ |,Campaign
କ୍ୟାମ୍ପ ଅନୁସରଣକାରୀ |,Camp follower
କ୍ୟାମ୍ପୋ ସାଣ୍ଟୋ |,Campo santo
କ୍ୟାମ୍ପସ୍ ମାର୍ଟିସ୍,Campus martius
କାନେଫୋରା |,Canephora
କଙ୍ଗୁ,Cangue
କାନନେଡ୍ |,Cannonade
ତୋପ ଖାଇବା |,Cannon fodder
କାନନ୍ |,Canon
କାନନ୍ ନିୟମ |,Canon law
କାନୋପସ୍ ଆଦେଶ |,Canopus decree
ବାହୁବଳୀ,Canting arms
ବନ୍ଦୀ,Captive
କ୍ୟାପ୍ଟର,Captor
କାର୍ଡିନାଲ୍ |,Cardinal
କାର୍ଲ |,Carl
କାରୋଲିଙ୍ଗିଆନ୍ ରାଜବଂଶ |,Carolingian dynasty
କାର୍ଟୁସିଆନ୍ ସମ୍ପ୍ରଦାୟ |,Carthusian sect
କାର୍ଟୋସା |,Cartosa
କାଷ୍ଟେଲିଆନ୍ |,Castelian
କାଷ୍ଟେଲିଆନ୍ |,Castelian
ଜାତି ପ୍ରଣାଳୀ |,Caste system
ଦୁର୍ଗ,Castle
ଦୁର୍ଗ,Castle
ଦୁର୍ଗ ସହର,Castle town
କାଷ୍ଟ୍ରା |,Castra
କାଷ୍ଟ୍ରା |,Castra
କ୍ୟାଥେଡ୍ରା |,Cathedra
କ୍ୟାଥେଡ୍ରାଲ୍ |,Cathedral
କାଟୋ ଷ୍ଟ୍ରିଟ୍ ଷଡଯନ୍ତ୍ର |,Cato Street conspiracy
କାଉଡିଲୋ |,Caudillo
କାଭାଲିଅର୍ |,Cavalier
କାଭାଲିଅର୍ |,Cavalier
କାଭାଲିଅର୍ ସଂସଦ |,Cavalier Parliament
ଅଦୁଲ୍ଲାମର ଗୁମ୍ଫା |,Cave of Adullam
ଗୁମ୍ଫା ଚିତ୍ର,Cave painting
ଗୁମ୍ଫା ଚିତ୍ର,Cave painting
Centumvir,Centumvir
ସେଞ୍ଚୁରିଅନ୍ |,Centurion
ଶତାବ୍ଦୀ,Century
ଶୃଙ୍ଖଳା ବାହୁବଳୀ (= ଶୃଙ୍ଖଳା ମେଲ୍),Chain armour (=chain mail)
ଚାନ୍ଟ୍ରି |,Chantry
ଚାନ୍ଟ୍ରି |,Chantry
ଅଧ୍ୟାୟ ପୁସ୍ତକ,Chap book
ଚାପଲେନ୍ |,Chaplain
ଅଧ୍ୟାୟ,Chapter
ଦୁର୍ଘଟଣାର ଅଧ୍ୟାୟ |,Chapter of accidents
ଚାର୍ଜ,Charge
ଡିଫେୟାର୍ ଚାର୍ଜ କରନ୍ତୁ |,Charge d'affaires
ଚାର୍ଜ ବିଭାଜନ |,Charge parting
ଚାର୍ଜର,Charger
ରଥ,Chariot
ରଥ,Charioteer
ରଥ,Charioteer
ରଥ,Charioteer
ଚାରିଟି ରୋଷେଇ ଘର |,Charity kitchen
ଚାର୍ଟର୍,Charter
ଚାର୍ଟିଷ୍ଟ ଆନ୍ଦୋଳନ (= ଚାର୍ଟିଜିମ୍),Chartist Movement (=Chartism)
ଚାର୍ଟୋଫିଲାସିୟମ୍ |,Chartophylacium
Chateau |,Chateau
ପୋଷ୍ଟ ଯାଞ୍ଚ କରନ୍ତୁ |,Check post
ରାସାୟନିକ ଯୁଦ୍ଧ |,Chemical Warfare
ଚେଷ୍ଟର୍ |,Chester
ମୁଖ୍ୟ,Chief
ମୁଖିଆ,Chieftain
ମୁଖିଆ,Chieftain
ମୁଖିଆ,Chieftain
ଚିଫନ୍ |,Chiffon
ପ୍ରତିଦ୍ୱନ୍ଦ୍ୱିତା |,Chivalry
ମନୋନୀତ ଲୋକ,Chosen People
କ୍ରିସମୋଗ୍ରାଫିନ୍ |,Chrismographion
ଖ୍ରୀଷ୍ଟଧର୍ମ,Christendom
ଖ୍ରୀଷ୍ଟିଆନ ଯୁଗ |,Christian era
ଖ୍ରୀଷ୍ଟିଆନ ସମାଜବାଦ |,Christian Socialism
ଇତିହାସ,Chronicle
କ୍ରୋନିକଲର୍,Chronicler
କ୍ରିସ୍ ଚେରସୋନିସ୍ |,Chryse Chersonese
ସିମେଲିୟମ୍ |,Cimelium
ସିନକେସେଣ୍ଟୋ ଷ୍ଟାଇଲ୍ |,Cinquecento Style
ସର୍କୁନାଭିଗେସନ୍ |,Circumnavigation
ସିଷ୍ଟର୍ସିଆନ୍ ମାଙ୍କଡ |,Cistercian monk
ସୀତା,Citadel
ଉଦ୍ଧୃତ,Citation
ଉଦ୍ଧୃତ,Citation
ନାଗରିକ ଅବମାନନା |,Civil disobedience
ଗୃହଯୁଦ୍ଧ |,Civil war
ସିଭିସ୍ ରୋମାନସ୍ |,Civis Romanus
ଶାସ୍ତ୍ରୀୟ ବୟସ |,Classical age
କ୍ଲିଫ୍ଟ (= କ୍ଲେଫ୍ଟ),Clepht (=klepht)
ଧର୍ମ ଧର୍ମ,Clericalism
କ୍ଲାରଚ,Cleruch
କ୍ଲୁନିୟକ୍ ଗତିବିଧି |,Cluniac movement
କୋଟ ବାହୁ,Coat armour
କୋଟ୍,Coat of arms
କୋଟ୍,Coat of arms
କୋଟ୍,Coat of arms
କୋଟ୍ ମେଲ୍ |,Coat of mail
କୋହର୍ଟ |,Cohort
Comitia,Comitia
Comitia Centuriata,Comitia Centuriata
Comitia Curiata,Comitia Curiata
Comitia Tributa,Comitia Tributa
ସ୍ମରଣୀୟ ଆର୍,Commemorative arch
ସ୍ମରଣୀୟ ମୁଦ୍ରା,Commemorative coin
ସ୍ମରଣୀୟ ସିଲ୍ |,Commemorative seal
ସାଧାରଣ କ୍ଷେତ୍ର |,Common field
କମ୍ୟୁନାର୍ଡ |,Communard
କନକର୍ଡେଟ୍ |,Concordat
କନକର୍ଡେଟ୍ |,Concordat
କଣ୍ଡୋଟିଅର୍ |,Condottiere
ନିଶ୍ଚିତକରଣ କାର୍ଟାରମ୍ |,Confirmation Cartarum
ଦ୍ୱନ୍ଦ୍ୱ |,Conflict
ମଣ୍ଡଳୀ,Congregation
ରାଜ୍ୟ ଜିତିବା |,Conquering state
ଜୟ,Conqueror
କନକ୍ୟୁଷ୍ଟାଡର୍ |,Conquistador
କନସିଲିୟମ୍ |,Consilium
ସ୍ଥିର,Consistory
ଷଡଯନ୍ତ୍ର,Conspiracy
ଷଡଯନ୍ତ୍ର,Conspiracy
କନସୁଲେଟ୍ |,Consulate
କନସୁଲେସନ୍ ବୁକ୍ |,Consulation book
କଣ୍ଟିନେଣ୍ଟାଲ୍ ସିଷ୍ଟମ୍ |,Continental system
ସମ୍ମିଳନୀ ସଂସଦ |,Convention Parliament
କପରହେଡ୍ସ (= ଶାନ୍ତି ଗଣତାନ୍ତ୍ରିକ),Copperheads (=peace democrats)
କପିହୋଲ୍ଡ |,Copyhold
କର୍ଡୋନିଂ |,Cordoning
କରୋନା |,Corona
କରୋନେସନ୍ |,Coronation
କରୋନେସନ୍ ପଥର |,Coronation stone
କର୍ପସ୍,Corpus
କର୍ସାୟର୍ |,Corsair
କର୍ସାୟର୍ |,Corsair
କର୍ସେଟ୍ (= କର୍ସଲେଟ୍),Corset (=corselet)
କର୍ଟସ୍ |,Cortes
କୁଟୀର (= କୁଟିଅର୍),Cottar (=cottier)
କୁଟୀର (= କୁଟିଅର୍),Cottar (=cottier)
ପାଲାଟିନେଟ୍ ଗଣନା କରନ୍ତୁ |,Count Palatinate
ଦେଶ ଘର,Country house
କାଉଣ୍ଟି |,County
କାଉଣ୍ଟି ବୋରୱେଲ |,County borough
କାଉଣ୍ଟି କୋର୍ଟ |,County courts
କାଉଣ୍ଟି ପାଲାଟାଇନ୍ |,County palatine
କୋର୍ଟ,Court
କୋର୍ଟ,Court
କୋର୍ଟ ସର୍କୁଲାର୍ |,Court circular
କୋର୍ଟ ଶ iqu ଳୀ,Court etiquette
କୋର୍ଟ,Courtier
ଅଦାଲତ,Court of cassation
କୋର୍ଟ ଅଫ୍ ଡାଇରେକ୍ଟର୍ସ (EIC),Court of Directors (E. I. C.)
ମାଲିକଙ୍କ କୋର୍ଟ,Court of Proprietors
କୋର୍ଟ କବି,Court poet
ଚୁକ୍ତିଭିତ୍ତିକ କାମେରୋନିଆନ୍ |,Covenanted Cameronians
ମୁକୁଟ |,Crown
ମୁକୁଟ |,Crown
ମୁକୁଟ |,Crown
ମୁକୁଟ ଜମି |,Crown land
ମୁକୁଟ ଜମି |,Crown land
କ୍ରାଉନ୍ ପ୍ରିନ୍ସ |,Crown Prince
କ୍ରୁସେଡ୍ |,Crusade
କ୍ରୁସେଡର୍ |,Crusader
କ୍ରିପ୍ଟୋଗ୍ରାମ୍ |,Cryptogram
କୁଇରାସ୍ |,Cuirass
କୁଇରାସିଅର୍ |,Cuirassier
ଦେବତା ସଂସ୍କୃତି,Cult deity
କୁରିଆ,Curia
କୁରିଆ,Curia
ରାଜା,Czarism
ଅନ୍ଧାର ମାଳଦ୍ୱୀପ |,Dark continent
ବିଚାର ଦିନ,Day of judgement
ବିଚାର ଦିନ,Day of judgement
ଡିନ୍,Dean
ଦଶନ୍ଧି,Decade
ଡେନାରିୟସ୍ |,Denarius
ବିତାଡିତ ରାଜତନ୍ତ୍ର |,Deposed monarch
ଲୁଟ,Despoil
ବିଚ୍ଛିନ୍ନତା |,Despoilation
ଡେଥ୍ରୋନ୍ |,Dethrone
ଡାଏଡେମ୍ |,Diadem
ଡାଏଡେମ୍ |,Diadem
ଡାଏଡେମ୍ |,Diadem
ଡିଆସିଆ,Diasia
ଡିକାଷ୍ଟେରିୟମ୍ |,Dicasterium
ଦିଲୁଭିଆଲିଷ୍ଟ |,Diluvialist
ଡ଼ିଓସିସ୍,Diocese
ଡ଼ିଓସିସ୍,Diocese
Directoire (= Directry),Directoire (=Directry)
Directoire (= Directry),Directoire (=Directry)
ଦିରହମ୍ |,Dirham
ଅବିଶ୍ୱାସୀ |,Disloyal
ଅବିଶ୍ୱାସୀ |,Disloyal
ତ୍ୟାଗ,Doctrine of lapse
ଡକ୍ୟୁମେଣ୍ଟ୍,Document
ଡକ୍ୟୁମେଣ୍ଟାରୀ ପ୍ରମାଣ |,Documentary evidence
ଡୋମେସ୍ ବୁକ୍ |,Domesday Book
କନଷ୍ଟାଣ୍ଟିନର ଦାନ |,Donation of Constantine
ନିପାତ |,Doom
ଡାଉଜର୍ ରାଣୀ |,Dowager queen
ଡ୍ରାଗନ୍ |,Dragoon
ଡ୍ରୋମେଡାରିଆନ୍ |,Dromedarian
ଡ୍ରୋମେଡାରୀ |,Dromedary
ଡ୍ରୋମଣ୍ଡ |,Dromond
ଡୁଆଲ୍ |,Dual
ଦ୍ୱ ual ତ ମିଳିତତା |,Dual alliance
ଡୁଆଲ୍ ଏଣ୍ଟେଣ୍ଟେ |,Dual entente
ଡୁଆଲ୍ ସିଷ୍ଟମ୍ (= ଦ୍ୱ ual ତ ସରକାର),Dual system (=dual government)
ଡ୍ୟୁକ୍ |,Duke
ଡୁମା,Duma
ବାଘ ଅବତାର |,Dwarf incarnation
ରାଜବଂଶ,Dynasty
ରାଜବଂଶ,Dynasty
ଇଗଲ,Eagle
ଏଲଡର୍ ମ୍ୟାନ୍ |,Ealder man
କର୍ଣ୍ଣ,Earl
Earldom,Earldom
ପ୍ରାରମ୍ଭିକ ଗୁପ୍ତା |,Early Guptas
ପ୍ରାରମ୍ଭିକ (histor ତିହାସିକ) ସାଇଟଗୁଡିକ |,Early (historic) sites
ପ୍ରାରମ୍ଭିକ ବ ed ଦିକ ଅବଧି |,Early Vedic period
ଉପଦେଶ,Ecclesia
ପୁନ it ଉଦ୍ଧାରର ଆଦେଶ |,Edict of Restitution
ଆଠ ଗୁଣା ପଥ |,Eight fold path
ପ୍ରାଚୀନମାନେ,Elders
ବୟସ୍କ ରାଜ୍ୟସ୍ତରୀୟ (= ଜେନ୍ରୋ),Elder statesman (=genro)
ହାତୀ ଛେଳି |,Elephant goad
ଏକାଦଶ ବର୍ଷର ଅତ୍ୟାଚାର |,Eleven Years' Tyranny
ଏଲିସା (= ଏଲିସି),Elysae (=Elysee)
ଏନକ୍ଲୋଜର ଆନ୍ଦୋଳନ |,Enclosure Movement
ଏନସାଇକ୍ଲିକ୍ |,Encyclical
ଏନସାଇକ୍ଲୋପେଡିଷ୍ଟ ଆନ୍ଦୋଳନ |,Encyclopaedist movement
ଏଣ୍ଟେଣ୍ଟେ |,Entente
ଏଣ୍ଟେଣ୍ଟେ କର୍ଡିଆଲ୍ |,Entente cordiale
ଏଣ୍ଟ୍ରୋନ୍ |,Enthrone
ଭ୍ରମଣ,Entourage
ଏଫୋଡ୍,Ephod
ଇଫୋର |,Ephor
ଏପିକ୍ ବୟସ |,Epic age
ଏପିକ୍ ହିରୋ |,Epic hero
ଏପିଗ୍ରାଫ୍ |,Epigraph
Episcopacy,Episcopacy
Episcopate |,Episcopate
ଏପିସୋଡ୍,Episode
ଯୁଗ,Epoch
ଯୁଗ ତିଆରି ଇଭେଣ୍ଟ |,Epoch-making event
ଯୁଗ ସୃଷ୍ଟି କରୁଥିବା ବ୍ୟକ୍ତି |,Epoch-making man
ଉପନାମ,Eponym
ସମୀକରଣ,Equerry
ସମୀକରଣ,Equerry
ଅଶ୍ୱିନୀ ମୂର୍ତ୍ତି |,Equestrian statue
ଯୁଗ,Era
ଏରଗାଷ୍ଟୁଲମ୍ |,Ergastulum
ଇଉକାରିଷ୍ଟ |,Eucharist
ସୁସମାଚାର,Evangelicalism
ସୁସମାଚାର ଆନ୍ଦୋଳନ |,Evangelical movement
ସୁସମାଚାର ପ୍ରଚାରକ |,Evangelist
Exarch,Exarch
Exilarch,Exilarch
ଫାଲାଙ୍ଗିଷ୍ଟ |,Falangist
ପିତା ଭୂମି |,Father land
ପିତା ଭୂମି |,Father land
ଫେରିଆ |,Feriae
ଫେଟିଶ୍ |,Fetish
ସାମାଜିକ ହୋଲ୍ଡିଂ |,Feudal holdings
ସାମ୍ରାଜ୍ୟବାଦ (= ସାମ୍ରାଜ୍ୟ ପ୍ରଣାଳୀ),Feudalism (=feudal system)
ସାମ୍ରାଜ୍ୟ ବ୍ୟବସ୍ଥା |,Feudal system
ବିବାଦୀୟ |,Feudatory
ଫିଡେ ଡିଫେନ୍ସର୍ (= ବିଶ୍ୱାସର ଡିଫେଣ୍ଡର),Fidei defensor (=Defender of the Faith)
ଫିଫ୍ |,Fief
ଫିଲ୍ଡ ସିଷ୍ଟମ୍ |,Field system
ପ te ୍ଚଦଶ କର |,Fifteenth tax
ଚିତ୍ର ମୁଣ୍ଡ,Figure head
ଫିନ୍ ଡି ସାଇକେଲ୍ |,Fin de siecle
ଅଗ୍ନି ଭୋଜନକାରୀ |,Fire eater
ପାଞ୍ଚ ମାଇଲ୍ ଆକ୍ଟ |,Five Mile Act
ପତାକା,Flag
ଫ୍ଲେମେନ୍ ଡାଏଲିସ୍ |,Flamen Dialis
ଫ୍ଲେମେନ ମାର୍ଟିଆଲିସ୍ |,Flamen Martialis
ଜ୍ୱଳନ୍ତ ମଶାଲ |,Flaming torch
ଫାଙ୍କା,Flank
ଫ୍ଲାଙ୍କିଙ୍ଗ୍ ଗତି,Flanking movement
ସମୃଦ୍ଧ ସଭ୍ୟତା |,Flourishing civilization
ଫ୍ଲୁଭିଆଲିଷ୍ଟିକ୍ ବିଶ୍ୱାସ |,Fluvialistic belief
ଲୋକ ଭଗବାନ |,Folk god
ଲୋକ ଦେବୀ,Folk goddess
ଲୋକ ସ୍ମୃତି,Folk memory
ଲୋକ ପୁରାଣ (= ଲୋକନୃତ୍ୟ),Folk myth (=folklore)
ଚୋରାଚାଲାଣ |,Foraging
ଅଗ୍ରଗାମୀ |,Foray
ଅଗ୍ରଗାମୀ |,Forebear
ପୂର୍ବଜ,Forefather
ଅଗ୍ରଗାମୀ |,Forerunner
ଭରସା,Forlorn hope
ଗଠନମୂଳକ ପର୍ଯ୍ୟାୟ |,Formative stage
ଦୁର୍ଗ,Fort
ଦୁର୍ଗ,Fortification
ଦୁର୍ଗ ସହର,Fortified town
ଦୁର୍ଗ,Fortress
ଫର୍ଚୁନା,Fortuna
ଫୋରମ୍ ରୋମାନମ୍ |,Forum Romanum
ଫ୍ରାନ୍ସିସ୍କାନ୍ |,Franciscan
ଫ୍ରାଙ୍କଲିନ୍ |,Franklin
ଭ୍ରାତୃ ଯୁଦ୍ଧ |,Fratricidal war
ମୁକ୍ତ ଚର୍ଚ୍ଚ,Free Church
ମୁକ୍ତଧାରୀ,Freeholder
ଫ୍ରିଲାନ୍ସ ସ soldier ନିକ |,Freelance soldier
ଫ୍ରିଲାନ୍ସ ସ soldier ନିକ |,Freelance soldier
ଫ୍ରିମାନ୍,Freeman
ଫ୍ରିମାନ୍,Freeman
ଫ୍ରିପାସ୍ |,Freepass
ଫରାସୀ ବିପ୍ଳବ |,French Revolution
ଫ୍ରିୟାର୍ |,Friar
ଫ୍ରାସିଆନ୍ ଭିକାରୀ,Friasian mercenaries
ସୀମାନ୍ତ ମଣିଷ |,Frontier'a man
ଗାଲେନ୍ |,Galleon
ଗାଲିକାନ୍ (= ଗାଲିକାନିଷ୍ଟ),Gallican (=Gallicanist)
ଗାଲିକାନିଜିମ୍ |,Gallicanism
ଗ୍ୟାରିସନ୍ |,Garrison
ଗଲ୍ |,Gaul
ଗାଣ୍ଟଲେଟ୍ |,Gauntlet
ଗାଣ୍ଟଲେଟ୍ |,Gauntlet
ଗେଜେବୋ |,Gazebo
ଗେଜେବୋ |,Gazebo
ଗେଜେବୋ |,Gazebo
ବଂଶାନୁକ୍ରମିକ ଇତିହାସ |,Genealogical history
ବଂଶାନୁକ୍ରମିକ ରେକର୍ଡ |,Genealogical record
ବଂଶାନୁକ୍ରମିକ ସାରଣୀ |,Genealogical table
ବଂଶାନୁକ୍ରମିକ ବୃକ୍ଷ |,Genealogical tree
ବଂଶାନୁକ୍ରମିକ,Genealogy
ବଂଶାନୁକ୍ରମିକ,Genealogy
ପି Generation ଼ି,Generation
ଜାତିସଂଘ,Genocide
ଅଣଯିହୂଦୀ,Gentile
ଅଣଯିହୂଦୀ,Gentile
ଅଣଯିହୂଦୀ,Gentile
ଅଣଯିହୂଦୀ,Gentile
ଘେଟୋ |,Ghetto
ଘେଟୋ |,Ghetto
ଗିବ୍ବେଟ୍ |,Gibbet
ଗିଲ୍ଡ (= ଗିଲ୍ଡ),Gild (=guild)
ଗ୍ଲାଡିଏଟର |,Gladiater
ଗ or ରବମୟ ବିପ୍ଳବ |,Glorious Revolution
ସୁବର୍ଣ୍ଣ ହୋର୍ଡ଼ |,Golden Horde
ଗ୍ରାଣ୍ଡ୍ ଆଲାଏନ୍ସ |,Grand Alliance
ଗ୍ରାଣ୍ଡି,Grandee
ଗ୍ରାଣ୍ଡ୍ ସାଇନର୍ |,Grand Signor
ଗ୍ରାଣ୍ଡ୍ ସାଇନର୍ |,Grand Signor
ମହାନ ଗୃହଯୁଦ୍ଧ |,Great Civil War
ମହାନ ବିଦାୟ (ବୁଦ୍ଧଙ୍କ),Great Departure (of Buddha)
ଗ୍ରେଟର ଭାରତ |,Greater India
ମହାନ ହେଲାସ୍ |,Great Hellas
ମହାନ ହୋର୍ଡ,Great Horde
ମହାନ ତ୍ୟାଗ (= ମହାନ ବିଦାୟ),Great Renunciation (=great departure)
ମହାନ ସିଲ୍ |,Great Seal
ଗ୍ରେଟ୍ ଟ୍ରାକ୍ |,Great Trak
ମହାନ ଯାନ,Great Vehicle
ଚାଇନାର ଗ୍ରେଟ୍ ୱାଲ୍ |,Great Wall of China
ଗ୍ରୀଭ୍ |,Greave
ରାକ୍ଷୀ-ଚାମ୍ବର |,Guard-chamber
ରାକ୍ଷୀ-ଚାମ୍ବର |,Guard-chamber
ରାକ୍ଷୀ-ଚାମ୍ବର |,Guard-chamber
ଗୁପ୍ତା,Guptas
ହାଗିଓଗ୍ରାଫି |,Hagiography
ହାଗିଓଗ୍ରାଫି |,Hagiography
ହାଜିଓଲୋଜି |,Hagiology
ହାଜିଓଲୋଜି |,Hagiology
ବ୍ୟକ୍ତିଗତ ଦର୍ଶକଙ୍କ ହଲ୍ |,Hall of private audience
ଜନ ଦର୍ଶକଙ୍କ ହଲ୍ |,Hall of public audience
ହ୍ୟାଚ୍,Hatchment
ହେଥେନ୍ |,Heathen
ହେଥେନ୍ |,Heathen
ହେଥେନିଜିମ୍ |,Heathenism
ହେଗିରା (ହେଜେରା),Hegira (Hejera)
ହେଲେନିଜିମ୍ |,Hellenism
ହେଲଟ୍ |,Helot
ହେରାଲ୍ଡ୍ରି |,Heraldry
ହେରିଟେଜ୍,Heritage
ହାଇରୋଗଲିଫିକ୍ ର line ଖ୍ୟ ବର୍ଣ୍ଣଗୁଡିକ |,Hieroglyphic linear characters
ହାଇରୋଗଲିଫିକ୍ ସ୍କ୍ରିପ୍ଟ |,Hieroglyphic script
ହାଇ ଚର୍ଚ୍ଚ,High Church
ହାଇ ଲ୍ୟାଣ୍ଡର୍ |,High Lander
ହିନ୍ଦୁ ଧର୍ମ,Hinduism
Histor ତିହାସିକ,Historian
Histor ତିହାସିକ,Historian
Histor ତିହାସିକ ବସ୍ତୁବାଦ |,Historical materialism
Histor ତିହାସିକ ଯୁଗ |,Historic era
Histor ତିହାସିକ ସୀମା,Historic frontier
ଇତିହାସକାର,Historiographer
ଇତିହାସକାର,Historiographer
ଇତିହାସ ଲିପି,Historiography
ଇତିହାସ ଲିପି,Historiography
ଇତିହାସ,History
ହିତ୍ତୀୟ ସାମ୍ରାଜ୍ୟ |,Hittite empire
ପବିତ୍ର ମିଳିତ ମଞ୍ଚ,Holy Alliance
ପବିତ୍ର ସହର,Holy city
ପବିତ୍ର ସହର,Holy city
ପବିତ୍ର ଭୂମି,Holy land
ପବିତ୍ର ଭୂମି,Holy land
ହୋଲି ଲିଗ୍ |,Holy League
ହୋଲି ଲିଗ୍ |,Holy League
ପବିତ୍ର ରୋମାନ୍ ସାମ୍ରାଜ୍ୟ (= ସାମ୍ରାଜ୍ୟ),Holy Roman Empire (=The Empire)
ପବିତ୍ର ସମୁଦ୍ର |,Holy Sea
ପବିତ୍ର ସମୁଦ୍ର |,Holy Sea
ପବିତ୍ର ଯୁଦ୍ଧ,Holy war
ପବିତ୍ର ଯୁଦ୍ଧ,Holy war
ଗୃହ ସରକାର,Home Government
ହୋମ ଗାର୍ଡ |,Home Guard
ମାତୃଭୂମି |,Homeland
ଗୃହ ନିୟମ |,Home rule
ଗୃହ ନିୟମ,Home Rule
ହୋର୍ଡେ |,Horde
ହୋର୍ଡେ |,Horde
ଶତ୍ରୁ ଦେଶ |,Hostile country
ଶତ୍ରୁ ଭୂମି |,Hostile land
ଗରମ ଅନୁସରଣ,hot pursuit
ଘର,House
ଘର,House
ହାଉସ୍ ଅଫ୍ କମନ୍ସ,House of Commons
ହାଉସ୍ ଅଫ୍ ଲର୍ଡସ୍ |,House of Lords
ଲୋକସଭା,House of Representatives
ହୁଗୁଏନଟ୍ସ |,Huguenots
ମାନବବାଦ |,Humanism
ମାନବବାଦୀ |,Humanist
ଶହ ଶହ ୟେସର ଯୁଦ୍ଧ |,Hundred Yesrs' War
ହଙ୍କର୍ |,Hunker
ଇବାଦତ ଖାନା (ପୂଜା ଘର),Ibadat Khana (House of Worship)
ଆଇକନୋକ୍ଲାଷ୍ଟ |,Iconoclast
ପ୍ରତିମା,Idolater
ଇଲାହି ଯୁଗ |,Ilahi era
ବେଆଇନ ଯୁଦ୍ଧ |,Illegal war
ଆଲୋକିତ ପାଣ୍ଡୁଲିପି,Illuminated manuscript
ଚିତ୍ରିତ ପାଣ୍ଡୁଲିପି |,Illustrated manuscript
ଚିତ୍ରିତ ପାଣ୍ଡୁଲିପି |,Illustrated manuscript
ଇମାମ (ଇମ୍ମାମ୍),Imam (Immaum)
ଇମାମେଟ୍ |,Imamate
ଇମାମେଟ୍ |,Imamate
ଇମମ୍ବର,Imambarah
ସାମ୍ରାଜ୍ୟ,Imperial
ସାମ୍ରାଜ୍ୟ ସହର |,Imperial city
ସାମ୍ରାଜ୍ୟବାଦ |,Imperialism
ସାମ୍ରାଜ୍ୟ ପସନ୍ଦ |,Imperial preference
ଅପ୍ରାକୃତିକ |,Impolicy
ଇମ୍ପୋଷ୍ଟର୍ |,Impostor
କାରାଗାର,Imprisonment
କାରାଗାର,Imprisonment
ଆକ୍ରମଣ,Incursion
ଅନୁପ୍ରବେଶକାରୀ |,Incursionist
ସ୍ୱାଧୀନତା,Independence
ସ୍ବାଧୀନତା ଦିବସ,Independence day
ସ୍ୱାଧୀନତା ହଲ୍,Independence Hall
ଭାରତୀୟ ଆମେରିଆନ୍ (= ରେଡ୍ ଇଣ୍ଡିଆନ୍ = ଆମେରିକୀୟ ଭାରତୀୟ),Indian Amerian (=Red Indian=American Indian)
ଇଣ୍ଡିଆନ୍ ହୋମ୍ ନିୟମ ଲିଗ୍ |,Indian Home Rule League
ଶିଳ୍ପ ବିପ୍ଳବ |,Industrial Revolution
ଅବିଶ୍ୱାସୀ |,Infidel
ଅବିଶ୍ୱାସୀ |,Infidel
ଅନୁପ୍ରବେଶ,Infiltration
ଅନୁପ୍ରବେଶକାରୀ |,Infiltrator
ସୂଚନାଯୋଗ୍ୟ,Informant
ସୂଚନାଯୋଗ୍ୟ,Informant
ସୂଚନାଦାତା,Informer
ସୂଚନାଦାତା,Informer
ଅନୁପ୍ରବେଶ,Ingress
ଅନୁପ୍ରବେଶ,Ingress
ଅନୁପ୍ରବେଶ,Ingress
ବାସସ୍ଥାନ,Inhabitance
ନିବାସୀ,Inhabitant
ଉତ୍ତରାଧିକାରୀ |,Inheritance
ଉତ୍ତରାଧିକାରୀ |,Inheritance
ଉତ୍ତରାଧିକାରୀ |,Inheritance
ଲେଖା,Inscription
ଇନସିନିୟା |,Insignia
ଯୋଗଦାନର ଯନ୍ତ୍ର,Instrument of Accession
ସରକାରଙ୍କ ଉପକରଣ,Instrument of Government
ବିଦ୍ରୋହ (ବିଦ୍ରୋହ),Insurgence (insurgency)
ବିଦ୍ରୋହୀ,Insurgent
ବିଦ୍ରୋହ,Insurrection
ବିଦ୍ରୋହ,Insurrection
ଏକୀକରଣ,Integration
ରେକର୍ଡଗୁଡ଼ିକର ଅଖଣ୍ଡତା |,Integrity of records
ରାଜ୍ୟଗୁଡ଼ିକର ଅଖଣ୍ଡତା |,Integrity of states
ଇଣ୍ଟେଲିଜେଣ୍ଟିଆ (ଇଣ୍ଟେଲିଜେଣ୍ଟିଆ),Intelligentsia (Intelligentzia)
ମଧ୍ୟସ୍ଥି |,Intercession
ମଧ୍ୟସ୍ଥି |,Intercessor
ମଧ୍ୟସ୍ଥି |,Intermediary
ଆନ୍ତର୍ଜାତୀୟତା,Internationalism
ଆନ୍ତର୍ଜାତୀୟତା,Internationalism
ଆନ୍ତର୍ଜାତୀୟବାଦୀ |,Internationalist
ଇଣ୍ଟର୍ନେସିନ୍ ଯୁଦ୍ଧ |,Internecine war
ଇଣ୍ଟରନେଟ୍,Internee
ଇଣ୍ଟରନେଟ୍,Internee
ଇଣ୍ଟର୍ନି କ୍ୟାମ୍ପ,Internee camp
ଇଣ୍ଟର୍ନେଟ୍,Internment
ଇଣ୍ଟର୍ନେଟ୍,Internment
ଇଣ୍ଟର୍ନେଟ୍,Internment
ଇଣ୍ଟର୍ନିସିଓ |,Internuncio
ଅନୁବାଦକ,Interpreter
ଅନୁବାଦକ,Interpreter
ଅନୁବାଦକ,Interpreter
ହସ୍ତକ୍ଷେପ,Intervention
ଆନ୍ତରିକତା,Intestacy
ଅନ୍ତନଳୀ,Intestate
ଷଡଯନ୍ତ୍ର,Intrigue
ଅନୁପ୍ରବେଶକାରୀ,Intruder
ଅନୁପ୍ରବେଶକାରୀ,Intruder
ଅନୁପ୍ରବେଶ,Intrusion
ଆକ୍ରମଣ,Invasion
ଆକ୍ରମଣ,Invasion
ବିନିଯୋଗ କରନ୍ତୁ |,Invest
ବିନିଯୋଗ କରନ୍ତୁ |,Invest
ବିନିଯୋଗ କରନ୍ତୁ |,Invest
ବିନିଯୋଗ କରନ୍ତୁ |,Invest
ବିନିଯୋଗ,Investiture
ବିନିଯୋଗ,Investiture
ବିନିଯୋଗ,Investiture
ବିନିଯୋଗ ସମାରୋହ,Investiture ceremony
ଜାତୀୟତା ସହିତ ବିନିଯୋଗ କରନ୍ତୁ |,Invest with nationality
ଅବିସ୍ମରଣୀୟ ଆର୍ମଡା |,Invincible Armada
ଅହିଂସା (ରାଜ୍ୟ),Inviolateness (of state)
ଅବ୍ୟବସ୍ଥା |,Inviolate state
ଅବିସ୍ମରଣୀୟ ଦୁର୍ଗ |,Invulnerable castle
ଲ Iron ହ ଯୁଗ |,Iron age
ଲୁହା ପରଦା |,Iron curtain
ଲୁହା ଗାର୍ଡ |,Iron guard
ଲୁହା ରାସନ |,Iron rations
ଲୁହା ପାର୍ଶ୍ୱ |,Iron sides
ଲୁହା ଟାଇପ୍ ତୀର |,Iron tipped arrow
ଇଷ୍ଟମିଆନ୍ ଖେଳଗୁଡିକ |,Isthmian games
ଜାନିସାରୀ |,Janissary
ଜାନିଟର୍ |,Janitor
ଜାନିଟର୍ |,Janitor
ଜାଭେଲିନ୍ |,Javelin
ଜିମ୍ କ୍ରୋ ନିୟମ |,Jim Crow Laws
ଜିଙ୍ଗୋ |,Jingo
ଜିଙ୍ଗୋ |,Jingo
ଜିଙ୍ଗୋ |,Jingo
ଜିଙ୍ଗୋଜିମ୍ |,Jingoism
ମିଳିତ କାର୍ଯ୍ୟ,Joint action
ମିଳିତ ନିୟନ୍ତ୍ରଣ |,Joint control
ମିଳିତ ବୃତ୍ତି,Joint occupancy
ଖଣ୍ଡପୀଠ,Jury
କେବଳ କାରଣ |,Just cause
ରଖନ୍ତୁ |,Keep
ଅଭିଲେଖାଗାରର ରକ୍ଷକ |,Keeper of Archives
କେଟଲ୍-ଡ୍ରମ୍ |,Kettle-drum
ମୁଖ୍ୟ ଶବ୍ଦ |,Key word
ରାଜା,King
ରାଜ୍ୟ,Kingdom
କିଙ୍ଗଲେଟ୍ |,Kinglet
ରାଜା ନିର୍ମାତା |,King maker
କିଙ୍ଗସିପ୍ |,Kingship
କିଙ୍ଗସିପ୍ |,Kingship
ରୋଷେଇ ଘର କ୍ୟାବିନେଟ୍ |,Kitchen cabinet
ନାଇଟ୍ |,Knight
କିଙ୍ଗହୁଡ୍ |,Kinghthood
କିଙ୍ଗହଟସ୍ ହସ୍ପିଟାଲ୍ |,Kinghts hospitalers
ସେଣ୍ଟ ଜନ୍ ର ନାଇଟ୍ସ |,Knights of Saint John
ନାଇଟ୍ ଟେମ୍ପଲର୍ |,Knight Templar
କୁ କ୍ଲକ୍ସ କ୍ଲାନ୍ (KKK),Ku Klux Klan (K.K.K.)
କୁମିଣ୍ଟାଙ୍ଗ |,Kumintang
ଲାଇଟି,Laity
ଲାନ୍ସ |,Lance
ଲାନ୍ସର୍,Lancer
ପରେ ଗୁପ୍ତା |,Later Guptas
ଆଇନଗତ ଉତ୍ତରାଧିକାରୀ |,Lawful heir
ଅନ less ତିକତା (= ବିଶୃଙ୍ଖଳା),Lawlessness (=disorder)
ଅନ less ତିକତା (= ବିଶୃଙ୍ଖଳା),Lawlessness (=disorder)
ଆଇନ ପ୍ରଭୁ,Law lords
ଧର୍ମର ନିୟମ,Law of Piety
ଲିଗ୍ ଅଫ୍ ନେସନ୍ସ,League of Nations
ଉତ୍ତରାଧିକାରୀ (= ଉତ୍ତରାଧିକାରୀ),Legacy (=bequest)
ଉତ୍ତରାଧିକାରୀ (= ଉତ୍ତରାଧିକାରୀ),Legacy (=bequest)
ଆଇନଗତ ଉତ୍ତରାଧିକାରୀ |,Legal heir
ଲିଗେଟ୍ |,Legate
ଲିଗେଟ୍ |,Legate
ଲିଗେଟ୍ |,Legate
କିମ୍ବଦନ୍ତୀ,Legend
କିମ୍ବଦନ୍ତୀ,Legend
ଲେଜିଅନ୍ |,Legion
ଲେଜିଅନ୍ |,Legion
ଲେଜିଅନ୍ ଅଫ୍ ସମ୍ମାନ,Legion of Honour
Lese ମହିମା (= lese majeste),Lese majesty (=lese majeste)
ଛୋଟ ରାଜ୍ୟଗୁଡିକ |,Lesser states
ବିଶ୍ cred ାସ ପତ୍ର,Letters of credence
ଲିଜ୍-ପ୍ରଭୁ,Liege-lord
ଲିଜ୍ ମ୍ୟାନ୍ |,Liege man
ଲିଜ୍ ମ୍ୟାନ୍ |,Liege man
ଆଜୀବନ କାରାଦଣ୍ଡ |,Life imprisonment
ବଂଶ,Lineage
ଛୋଟ ଇଂଲଣ୍ଡ,Little Englander
ଛୋଟ ଯାନ (= କମ୍ ଯାନ),Little Vehicle (=lesser vehicle)
ଉପକୂଳବର୍ତ୍ତୀ ରାଜ୍ୟ |,Littoral state
ଲିଟୁର୍ଗିଜ୍ |,Liturgies
ଲିଟୁର୍ଜି,Liturgy
ସ୍ଥାନୀୟ ଅନୁଗତତା |,Local allegiance
ସ୍ଥାନୀୟ ସ୍ୱୟଂ ସରକାର |,Local-self government
ଦୀର୍ଘ ସଂସଦ |,Long Parliament
ନିମ୍ନ ଦେଶଗୁଡିକ |,Low Countries
ବିଶ୍ୱସ୍ତ,Loyal
ନିଷ୍ଠା,Loyalty
ମାଚିଆଭେଲିଆନ୍ ନୀତି |,Machiavellian policy
ମାଗନା କାର୍ଟା |,Magna Carta
ମ୍ୟାଗ୍ନୁମ୍ କନ୍ସିଲିୟମ୍ |,Magnum Concillium
ମାଲମ୍ ନିଷେଧ |,Malum prohibitum
ମାଣ୍ଡାମସ୍ |,Mandamus
ଆଦେଶ,Mandate
"ମାଣ୍ଡେଟ୍, ଶ୍ରେଣୀ &#39;ଏ&#39;","Mandate, class 'A'"
"ମାଣ୍ଡେଟ୍, ଶ୍ରେଣୀ &#39;ବି&#39;","Mandate, class 'B'"
"ମାଣ୍ଡେଟ୍, ଶ୍ରେଣୀ &#39;ସି&#39;","Mandate, class 'C'"
ମାଣ୍ଡେଟ୍ ସିଷ୍ଟମ୍ |,Mandate system
ବାଧ୍ୟତାମୂଳକ ରାଜ୍ୟ |,Mandatory state
ମାଙ୍ଗୋନେଲ୍ |,Mangonel
ମନିଫେଷ୍ଟୋ |,Manifesto
ମନିଭର୍ସ |,Manoeuvres
ମ୍ୟାନ୍ ଅଫ୍ ଯୁଦ୍ଧ |,Man-of-war
ମନୋର |,Manor
ମନୋର |,Manor
ମାନବ ଶକ୍ତି |,Man-power
ମାନବ ଶକ୍ତି |,Man-power
ମାନୁମିସନ୍ |,Manumission
ମନୁମିଟ୍ |,Manumit
ପାଣ୍ଡୁଲିପି,Manuscript
ପାଣ୍ଡୁଲିପି,Manuscript
ପାଣ୍ଡୁଲିପି,Manuscript
ମାରୁଦ,Marauder
ସାମୁଦ୍ରିକ ବେଲ୍ଟ |,Maritime belt
ସାମୁଦ୍ରିକ ସଭ୍ୟତା |,Maritime civilization
ସାମୁଦ୍ରିକ ପତାକା |,Maritime flag
ସାମୁଦ୍ରିକ ଶକ୍ତି,Maritime powers
ସାମୁଦ୍ରିକ ସାର୍ବଭ .ମତ୍ୱ |,Maritime soverignty
ସାମୁଦ୍ରିକ ଯୁଦ୍ଧ |,Maritime war
ମାର୍କିସ୍ |,Marquis
ମାର୍କିସେଟ୍ |,Marquisate
ସାମରିକ ନିୟମ |,Martial law
ସାମରିକ ଦ aces ଡ଼ |,Martial races
ଶହୀଦ |,Martyr
ହତ୍ୟାକାଣ୍ଡ |,Massacre
ମନିଭର୍ ର ମାସ |,Mass of manoeuvre
ମାଷ୍ଟର-ଆଟ୍-ବାହୁ,Master-at-arms
ସମାରୋହର ଗୁରୁ,Master of ceremonies
ଘରର ଗୁରୁ,Master of Household
ଘୋଡା ଗୁରୁ,Master of the Horse
ରୋଲ୍ସର ମାଷ୍ଟର |,Master of the Rolls
ମ୍ୟାଚ୍,Match
ମ୍ୟାଚ୍,Match
ମ୍ୟାଚ୍ ଲକ୍,Matchlock
ମାଟ୍ରିମୋନିଆଲ୍ ମିଳିତତା |,Matrimonial alliance
ଭୂମଧ୍ୟସାଗରୀୟ ଶକ୍ତି |,Mediterranian powers
ମେନସେଭିକ୍ |,Menshevik
ଦୟାଳୁ ସେନା |,Mercenary army
ଦୟାଳୁ ସ soldier ନିକ |,Mercenary soldier
ବ୍ୟବସାୟୀ,Merchantman
ମଧ୍ୟ ଯୁଗ,Middle ages
ମଧ୍ୟ ପୂର୍ବ,Middle East
ମଧ୍ୟମ ପାସ୍ |,Middle passage
ମଧ୍ୟମ ପଥ,Middle path
ମଧ୍ୟମ ମାର୍ଗ (= ମଧ୍ୟମ ପାଠ୍ୟକ୍ରମ),Middle way (=middle course)
ପ୍ରବାସୀ,Migrant
ସ୍ଥାନାନ୍ତରଣ,Migration
ସ୍ଥାନାନ୍ତରଣ,Migration
ସ୍ଥାନାନ୍ତରଣ,Migration
ମିଲିଟାରିଜିମ୍ |,Militarism
ମିଲିଟାରିଜିମ୍ |,Militarism
ମିଲିଟାରିଜିମ୍ |,Militarism
ମିଲିଟାରିଜିମ୍ |,Militarism
ମିଲିଟାରିଷ୍ଟ,Militarist
ମିଲିଟାରିଷ୍ଟ,Militarist
ସାମରିକକରଣ,Militarization
ସାମରିକକରଣ,Militarization
ସାମରିକକରଣ,Militarization
ସାମରିକ କ tact ଶଳ (= କ tact ଶଳ),Military tactician (=tactician)
ସାମରିକ କ tact ଶଳ (= କ tact ଶଳ),Military tactician (=tactician)
ସାମରିକ କ ics ଶଳ (= କ act ଶଳ),Military tactics (=tactics)
ମିଲିସିଆ,Militia
ମିଲିସିଆ,Militia
ବିଭ୍ରାନ୍ତ |,Misrule
ନିଖୋଜ ଲିଙ୍କ୍ |,Missing link
ମିଶନ୍ |,Mission
ମିଶନ୍ |,Mission
ମିଶନ୍ |,Mission
ମିଶ୍ରିତ ଜାତି |,Mixed race
ଆଧୁନିକ ଇତିହାସ,modern history
ମୋଡସ୍ ବିବେଣ୍ଡି |,Modus vivendi
ମୋନାଚିଜିମ୍ |,Monachism
ରାଜତନ୍ତ୍ର |,Monarch
ରାଜତନ୍ତ୍ର |,Monarch
ରାଜତନ୍ତ୍ର |,Monarchism
ରାଜତନ୍ତ୍ର |,Monarchism
ରାଜତନ୍ତ୍ର,Monarchist
ରାଜତନ୍ତ୍ର,Monarchy
ମଠ,Monastery
ମଠ,Monastery
ମଠ,Monastery
ମୋନାଷ୍ଟିକ୍,Monasticism
ମୋନାଷ୍ଟିକ୍,Monasticism
ମାଙ୍କଡ,Monk
ମାତୃ ଦେଶ |,Mother country
ମାତୃଭୂମି,Motherland
ସଂସଦର ମାତା,Mother of Parliaments
ମାକ୍ରାକର୍ସ |,Muckrakers
ମମି,Mummy
ସଂଗ୍ରହାଳୟ,Museum
ମସ୍କେଟ୍ |,Musket
ମୁସ୍କିଟର୍ |,Musketeer
ମୁସ୍କେଟ୍ରି |,Musketry
ମୁସ୍କେଟ୍ରି |,Musketry
ମାଷ୍ଟର ମାଷ୍ଟର |,Muster master
ମାଷ୍ଟର-ରୋଲ୍ |,Muster-roll
ମାଷ୍ଟର-ରୋଲ୍ |,Muster-roll
ବିଦ୍ରୋହ,Mutiny
ବିଦ୍ରୋହ ଆଇନ,Mutiny Act
ରହସ୍ୟ ଜାହାଜ,Mystery ship
କାହାଣୀ,Narrative
ଜାତି,Nation
ଦେଶୀ,Native
ଦେଶୀ ରାଜ୍ୟ |,Native state
ପ୍ରାକୃତିକତା |,Naturalism
ପ୍ରାକୃତିକ ଅଧିକାର |,Natural rights
ନାଜି,Nazi
ନାଜି ବିପ୍ଳବ |,Nazi revolution
ନାଜିଜିମ୍,Nazism
ପୂର୍ବ ପୂର୍ବ,Near East
ନେଗ୍ରୋ |,Negro
ନେଗ୍ରୋଫିଲ୍ |,Negrophil
ନେଗ୍ରୋଫିଲିଜିମ୍ |,Negrophilism
ନେଗ୍ରୋଫୋବିୟା |,Negrophobia
ନିରପେକ୍ଷ |,Neutral
ନିରପେକ୍ଷ ଦେଶ |,Neutral country
ନୂତନ ଡିଲ୍ |,New Deal
ନୂଆ ଦୁନିଆ,New World
ସମ୍ଭ୍ରାନ୍ତ,Nobility
ନୋବଲ୍ |,Noble
ନୋବଲ୍ |,Noble
ନାମମାତ୍ର,Nomad
ନାମମାତ୍ର ହୋର୍ଡ |,Nomadic horde
ନାମକରଣ,Nomadism
ଅଣ-ଆକ୍ରୋଶ ଚୁକ୍ତି |,Non-aggression pact
ଅହିଂସା ଚୁକ୍ତି |,Non-aggression treaty
ଯୁଦ୍ଧବିହୀନ ରାଜ୍ୟ |,Non-belligerent state
ଅସହଯୋଗ |,Non-co-operation
ଅଣ-ସହଯୋଗ ଆନ୍ଦୋଳନ |,Non co-operation movement
ବିପରୀତ |,Obverse
ବିପରୀତ |,Obverse
Ochlocracy (= mobocracy),Ochlocracy (=mobocracy)
Ochlocrat,Ochlocrat
ଅଫିସିଆଲ୍ ଡକ୍ୟୁମେଣ୍ଟ୍ |,Official document
ପୁରୁଣା ଦୁନିଆ |,Old world
ଅଲିଗାର୍କି |,Oligarchy
ଆକ୍ରମଣ,Onslaught
ଖୋଲା ବୁ ation ାମଣା |,Open negotiation
ଖୋଲା ପ୍ରଶ୍ନ |,Open question
ରେକର୍ଡଗୁଡିକ ଖୋଲନ୍ତୁ |,Open records
ଓରିଏଣ୍ଟ,Orient
ଓରିଏଣ୍ଟାଲାଇଜିମ୍,Orientalism
ଓରିଏଣ୍ଟାଲାଇଜିମ୍,Orientalism
ଓରିଏଣ୍ଟାଲିଷ୍ଟ,Orientalist
ଉତ୍ପତ୍ତି,Origin
ଉତ୍ପତ୍ତି,Origin
ଅର୍ଥୋଗ୍ରାଫି |,Orthography
ଶତ୍ରୁତାର ବିସ୍ଫୋରଣ |,Outbreak of hostilities
ପୋଷ୍ଟ,Out-post
ଓଭର-ପ୍ରଭୁ,Over-lord
ଅତ୍ୟଧିକ ରଥଯାତ୍ରା |,Over-ride
ଅତ୍ୟଧିକ ରଥଯାତ୍ରା |,Over-ride
ପାଗନ୍,Pagan
ପାଗନ୍,Pagan
ପୂଜାପାଠ,Paganism
ପୂଜାପାଠ,Paganism
ପାଗୋଡା |,Pagoda
ପାଗୋଡା |,Pagoda
ପାଗୋଡା |,Pagoda
ପ୍ୟାଲେସ୍ ଷଡଯନ୍ତ୍ର |,Palace intrigues
ପାଲାଟିନେଟ୍ |,Palatinate
ଖଜୁରୀ ପତ୍ର |,Palm-leaf
ଖଜୁରୀ ରବିବାର |,Palm Sunday
ପାନେଗିରିଷ୍ଟ |,Panegyrist
ଆତଙ୍କିତ |,Panic
ଆତଙ୍କିତ |,Panic
ଆତଙ୍କିତ,Panic-monger
ପାପାସି |,Papacy
ପାପାସି |,Papacy
ପାପାସି |,Papacy
ପାପାସି |,Papacy
ପପାଲ୍ ଷଣ୍। |,Papal bull
ପପାଲିଜିମ୍ |,Papalism
ପପାଲିଜିମ୍ |,Papalism
ପାପାଲିଷ୍ଟ |,Papalist
ପପାଲ୍ ରାଜ୍ୟ |,Papal state
ପପିଜିମ୍ (= ପେପିଷ୍ଟ୍ରି),Papism (=papistry)
ପପିଷ୍ଟ,Papist
ପେପିରୁସ୍ |,Papyrus
ଦୃଷ୍ଟାନ୍ତ,Parable
ପାରାମାଉଣ୍ଟ୍ |,Paramount
ପାରାମାଉଣ୍ଟସି (= ପ୍ରାଥମିକ ଶକ୍ତି),Paramountcy (=paramount power)
ପାରାମାଉଣ୍ଟ୍ ଲେଡି |,Paramount lady
ପାରାମାଉଣ୍ଟ ପ୍ରଭୁ,Paramount lord
ଚିତ୍ରକଳା |,Parchment
ଚିତ୍ରକଳା |,Parchment
ଚିତ୍ରକଳା |,Parchment
କ୍ଷମା,Pardon
ପାର୍ଲେସ୍,Parleys
ପାର୍ଲେସ୍,Parleys
ସଂସଦ (= ପାର୍ଲାମେଣ୍ଟ),Parliament (=parlement)
ସଂସଦ,Parliament
ସଂସଦ,Parliament
ସଂସଦ,Parliament
ସଂସଦ ଅଧିନିୟମ |,Parliament Act
ସଂସଦୀୟ,Parliamentarian
ସଂସଦୀୟ,Parliamentarian
ସଂସଦୀୟ ଏଜେଣ୍ଟ |,Parliamentary agent
ପାର୍ନେଲିଜିମ୍ |,Parnellism
ପାରୋଲ୍,Parole
ପାରୋଲ୍,Parole
ପାରିକାଇଡ୍ |,Parricide
ପାରିକାଇଡ୍ |,Parricide
ଦଳୀୟ,Partisan
ଦଳୀୟ,Partisan
ଦଳୀୟ,Partisan
ପାସ୍ କରନ୍ତୁ |,Pass
ପାସ୍ ଶବ୍ଦ (= ଦେଖନ୍ତୁ ଶବ୍ଦ),Pass word (=watch word)
ପିତୃପୁରୁଷ,Patriarch
ପିତୃପୁରୁଷ,Patriarchs
ପାଟ୍ରିସିଆନ୍ |,Patrician
ପ rim ତୃକ ସମ୍ପତ୍ତି |,Patrimony
ପ୍ୟାକ୍ସ ବ୍ରିଟାନିକା |,Pax Britannica
ପ୍ୟାକ୍ସ ରୋମାନା |,Pax Romana
ବଂଶ,Pedigree
ବଂଶ,Pedigree
ବଂଶଧର ବ୍ୟକ୍ତି |,Pedigreed person
ସହକର୍ମୀ,Peer
ସହକର୍ମୀ,Peer
ପାଇରେଜ୍,Peerage
ପାଇରେଜ୍,Peerage
ପାଇରେଜ୍,Peerage
ଆୟରଲ୍ୟାଣ୍ଡର ସାଥୀଗଣ |,Peers of Ireland
ସ୍କଟଲ୍ୟାଣ୍ଡର ସାଥୀଗଣ |,Peers of Scotland
ଉପଦ୍ୱୀପ ଅଭିଯାନ |,Peninsular Campaign
ଉପଦ୍ୱୀପ ଯୁଦ୍ଧ |,Peninsular war
ପେନାଣ୍ଟ |,Pennant
ପିପୁଲ୍ସ ଚାର୍ଟର୍ (= ଜାତୀୟ ଚାର୍ଟର୍),People's Charter (=National Charter)
ଲୋକଙ୍କ ଆଗ (= ଲୋକପ୍ରିୟ ସାମ୍ନା),People's front (=popular front)
ପରଫିଡି |,Perfidy
ସମୟ,Period
ସମୟ,Period
ପେରିଫେରୀ |,Periphery
ସ୍ଥାୟୀ ସମାଧାନ |,Permanent Settlement
ଚିରାଚରିତ ଫିଫ୍ |,Perpetual fief
ଫାଲାନକ୍ସ |,Phalanx
ଫାଲାନକ୍ସ |,Phalanx
ଫ୍ରୋହ,Phraoh
ପିକ୍ଟୋଗ୍ରାମ୍ |,Pictogram
ଚିତ୍ର,Pictograph
ଚିତ୍ର,Pictograph
ତୀର୍ଥଯାତ୍ରୀ,Pilgrim
ତୀର୍ଥଯାତ୍ରୀ ପିତା |,Pilgrim fathers
ପିଲେଜ୍,Pillage
ପିଲେଜ୍,Pillage
ସ୍ତମ୍ଭ,Pillar
ସ୍ତମ୍ଭ ଏଡିଟସ୍ (ଅଶୋକର),Pillar Edicts (of Ashoka)
ସ୍ତମ୍ଭ ଏଡିଟସ୍ (ଅଶୋକର),Pillar Edicts (of Ashoka)
ସ୍ତମ୍ଭ ଏଡିଟସ୍ (ଅଶୋକର),Pillar Edicts (of Ashoka)
ଡକାୟତି,Pirate
ଡକାୟତି,Pirate
ଯୁଦ୍ଧ,Pitched battle
ଭୂଖଣ୍ଡ,Plot
ପୋଲିସ୍,Polis
ପୋଲିସ୍,Polis
ରାଜନୀତି,Politarch
ରାଜନ Political ତିକ ଏଜେଣ୍ଟ |,Political Agent
ରାଜନ Political ତିକ ଆଶ୍ରୟ |,Political asylum
ରାଜନ Political ତିକ ବାସିନ୍ଦା |,Political Resident
ରାଜନ Political ତିକ ଆତଙ୍କବାଦ |,Political terrorism
ପୋଲ ଟ୍ୟାକ୍ସ,Poll tax
ପଣ୍ଟୁନ୍ |,Pontoon
ପ୍ରିମିୟର୍ |,Premier
ପ୍ରିମିୟର୍ |,Premier
ପ୍ରିମିୟର୍ସିପ୍ |,Premiership
ରାଷ୍ଟ୍ରପତି,Presidency
ରାଷ୍ଟ୍ରପତି,Presidency
ରାଷ୍ଟ୍ରପତି,President
ରାଷ୍ଟ୍ରପତି,President
ପ୍ରେସିଡିୟମ୍ |,Presidium
ପ୍ରଧାନ ମନ୍ତ୍ରୀ,Prime Minister
ପ୍ରାଥମିକତା,Primogeniture
ପ୍ରିନ୍ସ,Prince
ପ୍ରିନ୍ସ,Prince
ପ୍ରିନ୍ସ ବିଶପ୍ |,Prince Bishop
ପ୍ରିନ୍ସ କନସର୍ଟ |,Prince Consort
ପ୍ରିନ୍ସ ରେଜିଣ୍ଟ୍ |,Prince Regent
ପିନ୍ସ ରେଗନାଣ୍ଟ |,Pince regnant
ରାଜକୁମାରୀ ରେଜିଣ୍ଟ୍ |,Princess Regent
ରାଜକୁମାରୀ ରୟାଲ୍ |,Princess Royal
ଆଚାର୍ଯ୍ୟ,Principality
ଆଚାର୍ଯ୍ୟ,Principality
ଆଚାର୍ଯ୍ୟ,Principality
ପୁରସ୍କାର,Prize
ପୁରସ୍କାର,Prize
ପୁରସ୍କାର ରାଶି,Prize money
ବୃତ୍ତିଗତ ସ soldier ନିକ |,Professional soldier
ପ୍ରତିଜ୍ଞା,Promise
ପ୍ରମୋଣ୍ଟୋରୀ ଦୁର୍ଗ |,Promontory fort
ସଂରକ୍ଷଣ,Protectorate
ସଂରକ୍ଷଣ,Protectorate
ସଂରକ୍ଷଣ,Protectorate
ପ୍ରୋଟେଗେ |,Protégé
ପ୍ରୋଭାନ୍ସ |,Provenance
ପ୍ରୋଭାନ୍ସ |,Provenance
ପ୍ରୋଭାନ୍ସ ସିଷ୍ଟମ୍ |,Provenance system
ପ୍ରୋ-ଜିଓନିଷ୍ଟ |,Pro-zionist
ଜନସାଧାରଣ ଶତ୍ରୁ |,Public enemy
ଜନସାଧାରଣ ଶତ୍ରୁ |,Public enemy
ବିରାମଚିହ୍ନ,Punctations
ପନିକ ଯୁଦ୍ଧ |,Punic wars
ପୁରାଣ,Puritan
ପୁଚ୍,Putsch
କ୍ୱାଡ୍ରିଗା |,Quadriga
ଚତୁର୍ଭୁଜ ମିଳିତତା |,Quadruple alliance
କ୍ୱାକର୍ |,Quaker
ରାଣୀ,Queen
ରାଣୀ କନସର୍ଟ |,Queen consort
ରାଣୀ,Queen dowager
କୁଇଣ୍ଡୋମ୍ |,Queendom
କୁଇଣ୍ଡୋମ୍ |,Queendom
ରାଣୀ ମାତା |,Queen mother
ରାଣୀ ପୁନର୍ବାର,Queen regnant
ପ୍ରଶ୍ନ,Quisling
ପ୍ରଶ୍ନ,Quisling
ଭଡା ଛାଡନ୍ତୁ |,Quit rent
କ୍ୱିଭର୍ |,Quiver
Quo ୱାରେଣ୍ଟୋ |,Quo warranto
ଦ ace ଡ଼ |,Race
ଜାତିଗତ ସର୍ବୋଚ୍ଚତା |,Racial supremacy
ଥାକ,Rack
ଥାକ,Rack
ରେଡ୍,Raid
ରେଡ୍,Raid
ରାମପାର୍ଟ |,Rampart
ରାମପାର୍ଟ |,Rampart
ରାନ୍ସକ୍ |,Ransack
ମୁକ୍ତି,Ransom
ମୁକ୍ତି,Ransom
ରାଗ,Ravage
କ୍ଷତି,Ravages
କ୍ଷେତ୍ର,Realm
ପଛ ଗାର୍ଡ |,Rear guard
ପଛ ଗାର୍ଡ କାର୍ଯ୍ୟ,Rear guard action
ବିଦ୍ରୋହୀ,Rebel
ବିଦ୍ରୋହ,Rebellion
ବିଦ୍ରୋହର ସ୍ୱୀକୃତି |,Recognition of insurgency
ପୁନ ond ନିର୍ମାଣ,Reconduction
ପୁନ onna ନିର୍ମାଣ,Reconnaissance
ପୁନ on ନିର୍ମାଣ,Reconstruction
ରେକର୍ଡ କରନ୍ତୁ |,Record
ରେକର୍ଡ ଅଫିସ୍ |,Record office
ଅବସର ଅବସର ରେକର୍ଡ କରନ୍ତୁ |,Record retirement
ନାଲି ସାର୍ଟ |,Red shirts
ସଂସ୍କାର,Reformation
ଶରଣାର୍ଥୀ,Refugee
ରେଗାଲିଆ |,Regalia
ରେଗାଲିଆ |,Regalia
ରେଗାଲିଆ |,Regalia
ରେଜେନ୍ସି,Regency
ରେଜିଣ୍ଟ୍ |,Regent
ରେଜିଣ୍ଟ୍ ରାଣୀ |,Regent queen
ହତ୍ୟା,Regicide
ରେଜିସିଡ୍ |,Regicides
ଶାସନ,Regime
ଶାସନ,Regime
ଅଞ୍ଚଳ,Region
ନିୟମିତ ବର୍ଷ |,Regnal year
ଅବଶିଷ୍ଟ |,Regnant
ରେଗ୍ନୁମ୍ |,Regnum
ରିଚ,Reich
ଶାସନ କରନ୍ତୁ,Reign
ଶାସନ କରନ୍ତୁ |,Reign
ପରିବାର ଶାସନ,Reigning family
ଆତଙ୍କବାଦର ଶାସନ,Reign of terror
ଆତଙ୍କବାଦର ଶାସନ,Reign of terror
ସଶକ୍ତ କର |,Reinforce
ସଶକ୍ତୀକରଣ,Reinforcement
ପୁନ in ସ୍ଥାପନ,Reinstatement
ପୁନ in ନିବେଶ କରନ୍ତୁ |,Reinvest
ରିଲେ ପୋଷ୍ଟ |,Relay post
ରିଲେ ମାର୍ଗ,Relay route
ରିଲେ ସିଷ୍ଟମ୍ |,Relay system
ରିଲିଜ୍,Release
ରିଲିଜ୍,Release
ତ୍ୟାଗ,Renunciation
ତ୍ୟାଗ,Renunciation
ରେପର୍ଟୋରୀ (= ଭଣ୍ଡାର),Repertory (=inventory)
ସଂଗ୍ରହାଳୟ,Repository
ସଂଗ୍ରହାଳୟ,Repository
ଗଣତନ୍ତ୍ର,Republic
ଗଣତନ୍ତ୍ର ଦିବସ |,Republic Day
ଲିପିବଦ୍ଧ,Rescript
ଲିପିବଦ୍ଧ,Rescript
ବାସିନ୍ଦା,Resident
ପୁନରୁଦ୍ଧାର,Restoration
ପୁନରୁତ୍ଥାନ |,Resurrection
ପୁନରୁତ୍ଥାନ |,Resurrection
ପଂଚାୟତ,Retreat
ଓଲଟା (ଗୋଟିଏ ମୁଦ୍ରାର),Reverse (of a coin)
ବିଦ୍ରୋହ,Revolt
ବିପ୍ଳବ,Revolution
"ବିପ୍ଳବ, ଫରାସୀ |","Revolution, French"
ବିପ୍ଳବ ଗ or ରବମୟ |,Revolution Glorious
"ବିପ୍ଳବ, ଶିଳ୍ପ","Revolution, Industrial"
ଉଠିବା,Rising
ପତିତ-ବୋରୱେଲ |,Rotten-borough
ରୁଫ୍ ରାଇଡର୍ସ |,Rough Riders
ଗୋଲାକାର ମୁଣ୍ଡ |,Round-heads
ମାର୍ଗ,Rout
ରୟାଲ୍ ଦର୍ଶକ |,Royal audience
ରୟାଲ୍ ଚାର୍ଟର୍ |,Royal charter
ରୟାଲ୍ କ୍ରେଷ୍ଟ୍ |,Royal crest
ରୟାଲ୍ କ୍ରେଷ୍ଟ୍ |,Royal crest
ରୟାଲ୍ ଆଦେଶ |,Royal decree
ରୁବ୍ରିକ୍ |,Rubric
ଧ୍ୱଂସାବଶେଷ |,Ruins
ରନର୍ |,Runner
ସାବ୍ୟସ୍ତତା |,Sabotage
ସାବର |,Sabre
ସାବର୍ସ |,Sabres
ବଳିଦାନ,Sacrifice
ବଳିଦାନ,Sacrifice
ବଳିଦାନ,Sacrifice
ନିରାପଦ ଆଚରଣ |,Safe conduct
ସୁରକ୍ଷାକର୍ମୀ |,Safeguard
ସୁରକ୍ଷାକର୍ମୀ |,Safeguard
କର୍ତ୍ତବ୍ୟର ସୁରକ୍ଷା,Safeguarding duties
ସ ally ଲି,Sally
ସଲି-ପୋର୍ଟ |,Sally-port
ରାଜଦଣ୍ଡ,Sceptre
ସ୍କିମିଟର୍ |,Scimitar
ଦ୍ୱିତୀୟ ଇଷ୍ଟେଟ୍ |,Second estate
ସେକ୍ଟର,Sect
ସେକ୍ଟର,Sect
ଜବରଦଖଲ,Seizure
ଜବରଦଖଲ,Seizure
ସିନେଟ୍,Senate
ସିନେଟ୍,Senate
ସିନେଟ୍,Senate
ସିନେଟ୍,Senate
ସର୍ଫ୍ (= ବୋର୍ଡର୍ କିମ୍ବା ଭିଲିନ୍),Serf (=bordar or villein)
ସର୍ଫ୍ (= ବୋର୍ଡର୍ କିମ୍ବା ଭିଲିନ୍),Serf (=bordar or villein)
ସର୍ଫଡମ୍ (ସର୍ଫହୁଡ୍ କିମ୍ବା ସର୍ଫେଜ୍),Serfdom (serfhood or serfage)
ସର୍ଫଡମ୍ (ସର୍ଫହୁଡ୍ କିମ୍ବା ସର୍ଫେଜ୍),Serfdom (serfhood or serfage)
ଛାୟା ରାଜା |,Shadow king
ଜାହାଜ ଟଙ୍କା,Ship Money
ଶକ୍ ସ troops ନ୍ୟ (= storm ଡ ସ troops ନ୍ୟ),Shock troops (=storm troops)
ସଂକ୍ଷିପ୍ତ ସଂସଦ |,Short Parliament
Kir ଗଡା,Skirmish
ଦାସ,Slave
ଦାସତ୍ୱ,Slavery
ଦାସତ୍ୱ,Slavery
ସ old ନିକ ରାଜ୍ୟସ୍ତରୀୟ,Soldier statesman
ବର୍ଚ୍ଛା,Spear
ବର୍ଚ୍ଛା-ମୁଣ୍ଡ,Spear-head
କ୍ଷେତ୍ର,Sphere
ସ୍ପ୍ରାଗିଷ୍ଟିକ୍ |,Sphragistics
ଲୁଟେରା ସିଷ୍ଟମ୍ |,Spoils system
ସ୍କ୍ ire ାଇୟାର୍ |,Squire
ସ୍କ୍ ire ାଇୟାର୍ |,Squire
ସ୍କ୍ ire ାର୍ଚି |,Squirearchy
ସ୍କ୍ ire ାର୍ଚି |,Squirearchy
ମାନକ,Standard
ମାନକ-ଧାରକ |,Standard-bearer
ସ୍ଥାୟୀ ସେନା |,Standing army
ଷ୍ଟାଣ୍ଡିଂ ଅର୍ଡର |,Standing orders
ଷ୍ଟାଣ୍ଡିଂ ଅର୍ଡର |,Standing orders
ରାଜ୍ୟସ୍ତରୀୟ,Statesman
ପଥର ଲେଖା |,Stone inscription
Orm ଡ଼ ସ troops ନ୍ୟ,Storm troops
ଷ୍ଟ୍ରାଟେଜେମ୍ |,Stratagem
ରଣନୀତି,Strategy
ରଣନୀତି,Strategy
ରଣନୀତି,Strategy
ଷ୍ଟ୍ରାଟୋକ୍ରାସି |,Stratocracy
Ife ଗଡା,Strife
Ife ଗଡା,Strife
ଦୃ hold ଧରନ୍ତୁ |,Strong hold
ଦୃ hold ଧରନ୍ତୁ |,Strong hold
ସହାୟକ ଉଚ୍ଚତା |,Subsidiary talliance
ଉତ୍ତରାଧିକାରୀ |,Succession
ଉତ୍ତରାଧିକାରୀ,Successor
ମତଦାନ,Suffrage
ସୁଫ୍ରାଗିଷ୍ଟ |,Suffragist
ସୁଲତାନ,Sultanate
ସୁଲତାନ ଅବଧି,Sultanate period
ଆତ୍ମସମର୍ପଣ,Surrender
ସୁଜେରାଇନ୍ |,Suzerain
ସୁଜେରେନ ରାଜ୍ୟ |,Suzerain state
ଖଣ୍ଡାଧାରକ |,Swordsman
ତାମାନି ସୋସାଇଟି |,Tammany Society
କ୍ରୋଧିତ ଖଣ୍ଡା |,Tempered sword
ଭଡାଟିଆ,Tenant
ଭଡାଟିଆ,Tenant
ଅଞ୍ଚଳ,Territory
ଅଞ୍ଚଳ,Territory
ପ୍ରଦେଶ ସରକାର,Territory government
ଆତଙ୍କବାଦ,Terrorism
ତୃତୀୟ ଇଷ୍ଟେଟ୍ |,Third estate
ତିନୋଟି ଇଷ୍ଟେଟ୍ |,Three estates
ଟୋଲ୍,Toll
ଟୋଲ୍ ହାଉସ୍ |,Toll house
ସମାଧି,Tomb
ଟୋରୀ |,Tory
ଟୋଟେମ୍ |,Totem
ଦୁର୍ଗ,Tower
ଦୁର୍ଗ,Tower
ବିଜୟ ଦୁର୍ଗ,Tower of victory
ଦେଶଦ୍ରୋହୀ,Traitor
ବିଶ୍ୱାସଘାତକତା,Treachery
ଦେଶଦ୍ରୋହ,Treason
ଚୁକ୍ତି,Treaty
ଯୁଦ୍ଧ ଦ୍ Tr ାରା ପରୀକ୍ଷା (= ଯୁଦ୍ଧ ଦ୍ trail ାରା ଟ୍ରେଲ୍),Trial by battle (=trail by combat)
ଶ୍ରଦ୍ଧାଞ୍ଜଳି |,Tribute
ଶ୍ରଦ୍ଧାଞ୍ଜଳି |,Tribute
ଶ୍ରଦ୍ଧାଞ୍ଜଳି ଜମି |,Tribute land
ତ୍ରିଗୁଣ ସହଯୋଗ,Triple alliance
ଟ୍ରିପଲ୍ ଏଣ୍ଟେଣ୍ଟେ |,Triple entente
ବିଜୟ,Triumph
ବିଜୟ,Triumph
ଅଶାନ୍ତି |,Turmoil
ଟାଇରାନାଇସିଡ୍ |,Tyrannicide
ଟାଇରାନାଇସିଡ୍ |,Tyrannicide
ଅତ୍ୟାଚାର,Tyranny
ଅତ୍ୟାଚାର,Tyranny
ଅତ୍ୟାଚାର,Tyrant
ଉହଲାନ୍ |,Uhlan
ଉକେସ୍ |,Ukase
ଉକେସ୍ |,Ukase
ଉଲେମା,Ulema
ଅଲ୍ଟିମାଟମ୍ |,Ultimatum
ଅଲ୍ଟିମାଟମ୍ |,Ultimatum
ମାମୁଁ ସାମ,Uncle sam
ଅଣ୍ଡର-ରାଜା |,Under-king
ୟୁନାଇଟେଡ୍ ଇଂରେଜମାନେ |,United Irishmen
ସଂଯୁକ୍ତ ରାଷ୍ଟ୍ର,United Nations
ସଂଯୁକ୍ତ ପ୍ରଦେଶଗୁଡ଼ିକ |,United Provinces
ସଂଯୁକ୍ତ ପ୍ରଦେଶଗୁଡ଼ିକ |,United Provinces
ଅବିଭକ୍ତ ଦୁର୍ଗ |,Univallated fort
ସର୍ବଭାରତୀୟ ରାଜତନ୍ତ୍ର |,Universal monarch
ସର୍ବଭାରତୀୟ ମତଦାନ,Universal suffrage
ବିଦ୍ରୋହ,Uprising
ଉସର୍ପେସନ୍ |,Usurpation
ଉସର୍ପର୍ |,Usurper
Utopia,Utopia
ଭାଣ୍ଡାଲ୍,Vandal
ଭଙ୍ଗାରୁଜା,Vandalism
ଭଙ୍ଗାର୍ଡ |,Vanguard
ଭଙ୍ଗାର୍ଡ |,Vanguard
ଭଙ୍ଗାର୍ଡ |,Vanguard
ବାରଙ୍ଗିଆନ୍ |,Varangian
ବାରଙ୍ଗିଆନ୍ ଗାର୍ଡ |,Varangian guard
ଭାସାଲ୍ |,Vassal
ଭାସାଲ୍ |,Vassal
ଭାସାଲ୍ ରାଜ୍ୟ |,Vassal state
ଭାଟିକାନ୍ ପରିଷଦ,Vatican Council
ଜାହାଜ |,Vessel
ଜାହାଜ |,Vessel
ଜାହାଜ |,Vessel
ଉପ-ରାଜା,Vice-king
ଭିକେରୋଇ |,Viceroy
ଭିକେରୋୟାଲିଟି = ଭିସେରୋସିପ୍ |,Viceroyalty=viceroyship
ଭିକ୍ଟର |,Victor
ବିଜୟ,Victory
ଭିଲିନ୍ |,Villein
ଯାତ୍ରା,Voyage
ଦୁର୍ବଳ ଦୁର୍ଗ,Vulnerable fortress
କାନ୍ଥ ଚିତ୍ର,Wall painting
କାନ୍ଥ ଚିତ୍ର,Wall painting
ଯୁଦ୍ଧ,War
ଯୁଦ୍ଧ-ପ୍ରଭୁ,War-lord
ଯୋଦ୍ଧା,Warrior
ଯୋଦ୍ଧା,Warrior
ଯୋଦ୍ଧା,Warrior
ଯୁଦ୍ଧ ଜାହାଜ,Warship
ୱାଚ୍ ୱାର୍ଡ |,Watch-word
କଲ୍ୟାଣ ସ୍ଥିତି,Welfare state
କଲ୍ୟାଣ କାର୍ଯ୍ୟ,Welfare Work
ୱିଗ୍ |,Whig
ଧଳା ପତାକା |,White flag
ଶ୍ୱେତବର୍ଗଙ୍କ ଭାର |,Whitemen's burden
ବିଶ୍ୱ ସାମ୍ରାଜ୍ୟ |,World empire
ବିଶ୍ୱ ଆନ୍ଦୋଳନ |,World movement
ବିଶ୍ୱ ରାଜନୀତି,World politics
ବିଶ୍ୱ ଶକ୍ତି,World power
ବିଶ୍ଵ ଯୁଦ୍ଧ,World war
Wreeker,Wreeker
ସଂଶୋଧନ ସଂଶୋଧନ |,Wrecking amendment
ଜେନେଲେସିସ୍ |,Xenelasis
ଜେନୋଫୋବିୟା |,Xenophobia
ଜାନକୀ,Yankee
ହଳଦିଆ ଜ୍ୟାକେଟ୍ |,Yellow jacket
ହଳଦିଆ,Yellow man
ହଳଦିଆ ବିପଦ,Yellow peril
ହଳଦିଆ ପ୍ରେସ୍ |,Yellow press
ଯୁବକ ତୁର୍କୀ |,Young Turks
ଜିଉସ୍,Zeus
ଜିଓନିଜିମ୍ |,Zionism
ଜୋରୋଷ୍ଟ୍ରିଆନ୍ ଧର୍ମ |,Zoroastrianism
