English,Hindi
Abdomen,उदर
Abdominal leg,उदर-पाद
Abiogenesis,अजीवात्जनन
Abiotic,"जीवेतर, अजैव"
Abnormality,अपसामान्यता
Abrasion resistance,अपघर्षण प्रतिरोध
Abscess,"फोड़ा, विद्रधि"
Abscission,विलगन
Absciss layer,विलग-परत
Absorb,"अवशोषण करना, अवचूषण करना"
Acaricide,"एकेरसनाशी, बरूथीनाशी"
Accessory gland,सहायक ग्रंथि
Accumulation,"संचयन, जमाव"
Acid,"अम्ल, स्थायी जीवाणु"
Acid fast bacteria,अम्लकारी स्थायी जीवाणु
Acid forming bacteria,अम्लकारी जीवाणु
Acidic,"अम्लीय, तेजाबी, ऐसिडी"
Acidimetry,अम्लमिति
Acidity,अम्लता
Acid proof,"अम्लसह, ऐसिड प्रूफ"
Acid resistant,अम्ल प्रतिरोधी
Acid rinse,"अम्ल प्रक्षालन, तेजीबी धुलाई"
Acid salt,अम्लीय लवण
Acid soil,"मल-मृदा, अम्लीय मिट्टी"
Acid treated,अम्ल-उपचारित
Acid treatment,"अम्ल-उपचार, अम्लोपचार"
Acid treatment bath,"अम्लोपचार पात्र, अम्ल-उपचार पात्र"
Acquired character,अपार्जित लक्षण
Acre,एकड़
Acreage,क्षेत्रफल (एकड़ में)
Activator,"सक्रियकारक, सक्रियक"
Active ingedient,सक्रिय संघटक
Activity,सक्रियता
Acute,"तीव्र, निशिताग्"
Acute exposure,अति प्रभावन
Adaptability,अनुकूलनशीलता
Adaptation,अनुकूलन
Additive gene,"योज्य जीन, जुड़नेवाला जीन"
Adhesive substance,"आसंजक, आसंजी पदार्थ, चिपकनेवाला पदार्थ"
Adipose tissue,वसामय ऊतक
Administration,"प्रयोग, खिलाना, देना, लगाना"
Adopt,"अधिग्रहण करना, ग्रहण करना"
Adopted,"अधिगृहीत, ग्रहण किया हुआ"
Adoption,अधिग्रहण
adras,अदरास (आधा रेशमी आधा सूती वस्त्र)
aeciospore,"ईशियमी बीजाणु, ईशियोस्पोर"
aecium,ईशियम
aedeagus,"लिंगाग्रिका,ईडिएगस"
aeration,"वायुमिश्रण ,वातन"
aerobic,वायुजीवी
aerobic bacteria,वायुजीवी जीवाणु
Aerolium,ईशियम
Aeropile,वायुरंध्र
Aerosol,"वायु-विलय, वायु घोल, एरोसोल"
Aestivation,ग्रीष्म निष्क्रियता
Aestivation,2. पुष्पदल विन्यास
Afforestation,वनरोपण
Afforestation activity,वनरोपण कार्यकलाप
Agar,एगार
Age,"आयु, वयस, उम्र"
Agglutination,"समूहन, आश्लेषण"
Agricultural science,कषि विज्ञान
Agricultural Scientist,कृषि वैज्ञानिक
Agriculture,"कृषि, खेती"
Agriculturist,"कृषक, किसान, कृषिविज्ञानी"
Agro-based,कृषि-आधारित
Agroclimatic,कृषि जलवायु-संबंधी
Agroclimatic zone,कृषि जलवायु-क्षेत्र
Agro industrial economy,कृषि-औद्योगिक अर्थव्यवस्था
Agro industry,कृषि उदायोग
Agronomic soil science,सस्य-मृदा विज्ञान
Agronomy,सस्यविज्ञान
Agropedology,कृषि-मृदा विज्ञान
Aherua,अहरूआ
Aided grainage,सहायता-प्राप्त बीजागार
Air conditioned,वातानुकूलित
Airconditioner,"वातानुकूलित्र, एयर कंडीशनर"
Aircooler,"वायुशीतित्र, एयर कूलर"
Air layering,"गूंटी बांधना, एयर लेयरिंग"
Alary muscle,पक्षाकार पेशी
Albinism,रंजकहीनता
Albumen,"श्वेतक, ऐल्बुमेन"
Albumin,ऐल्बुमिन
Alicyclic,ऐलिसाइक्लिक
Alimentary canal,आहार नाल
Alimentation,भरण-पोषण
Aliphatic,ऐलिफैटिक
Alkali,"क्षार, एल्कली"
Alkalimetry,क्षारमिति
Alkaline,क्षारीय
Alkaline soil,क्षारीय मृदा
Alkalinity,क्षारीयता
Allatectovary,अंडाशय अच्छेदन
Allele,"युग्मविकल्पी, विकल्पी"
Allergy,एलर्जी
Allitic soil,एलाइटिक मृदा
Allogamy,पर निषेचन
Allotropy,अपररूपता
Alloy,मिश्रातु
All silk,विशुद्ध रेशम
Alluvial soil,जलोढ मृदा
Alternation,एकान्तरण
Altitude,"ऊँचाई, तुंगता"
Alum,फिटकरी
Amalgam,"पारद-मिश्रण, अमलगम, पारा-मिश्रण"
Amalgam,2. सम्मिश्र
Amelioration,सुधार
Amendment element,सुधारक तत्व
Ametabolion,अकायान्तरण
Ametabolous,अकायान्तरणी
Amino acid,"एमिनो अम्ल, एमिनो ऐसिड"
Ampatia,अम्पतिया (तसर कोसा की दूसरी फसल)
Amphidiploid,उभयद्विगुणित
Amphoteric,उभयधर्मी
Amputation,"अंगोच्छेदन, अंग काटना"
Amylase,एमिलेस
Anabolism,"चय, उपचय"
Anaerobic,अवायुजीवी
Anal lip,गुद कपाट
Analogue,"अनुरूप, तुल्यरूप"
Analysis,विश्लेषण
Anamorphism,प्रकायांतरण
Anamorphosis,अधिकायांतरण
Anaphe silk,"आनाफे सिल्क, अनोफे रेशम, (अफ्रीका में जंगली रेशमकीटों से उत्पादित रेशम)"
Anatomy,"शारीर रचना विज्ञान, शारीर"
Anchor,"लंगर, स्थिरक"
Androgen,"एंड्रोजन, पुंजन"
Androgenesis,पुंजनन
Androgenous,पुंजनक
Androsphore,पुमंगधर
Androspore,पुंबीजाणु
Anemometer,"पवनवेगमापी, एनीमोमीटर"
Aneuploid,असुगुणित
Anhydrous,निर्जल
Anion,ऋणायन
Antagonism,विरोध
Antechamber,उपकक्ष
Antemeridian,पूर्वाहन
Antenna,"श्रृंगिका, ऐटेना"
Anterior silk gland,अग्र रेशम ग्रंथि
Anther,परागकोश
Antheridiophore,पुंधानीधर
Antheridium,पुंधानी
Antibacterial,प्रतिजीवाणुक
Antibiotic,प्रतिजैविक
Antibiotic drug,प्रतिजैविक औषधि
Antibiotics,प्रतिजैविकीः प्रतिजैविक औषधि
Antibody,प्रतिरक्षी
Anticrease,"शिकनरोधी, वलनरोधी"
Antigen,प्रतीजन
Antihaemorrhagic factor,रक्तस्रावरोधी कारक
Anti-protozoan drug,प्रोटोजोआरोधी औषधि
Antiseptic,"पूतिरोधी, ऐन्टीसेप्टिक"
Antiserum,प्रतिसीरम
Antistatic,प्रतिस्थैतिक
Antisterility,प्रतिवंध्यता
Antithesis,प्रतिपक्ष
Antithesis,2. प्रतिस्थापना
Antitranspirant,प्रतिवाष्प-उत्सर्जक
Antivital,प्रतिविषाणुक
Ant-well,चींटीरोधक जलपात्र
Anus,गुदा
Aorta,महाधमनी
Apetalous,दलहीन
Aphid,"लाही, माहू, चेंपा, ऐफिड"
Aphis,एफिस
Aphyllous,अपर्णी
Apiculture,"मधुमक्खी पालन, मौन पालन"
Apolysis,प्रमोचन
Apparatus,अधः स्फीतिका
Appendage,उपकरण
Appetite,उपांग
Appetizer,"क्षुधा, भूख"
Appliance,"क्षुधावर्धक, भूख बढ़ाने वाला"
Application,साधन-सामग्रीः साधित्र
Aqueous,"अनुप्रयोग, इस्तेमाल, उपयोग"
Arid,जलीय
Arboriculture,वृक्ष-संबर्धन
Aird,शुष्क
Aird soil,शुष्क मृदा
Aird zone,शुष्क क्षेत्र
Aromatic,"ऐरोमैटिक, सुरभित"
Aromatic compound,"ऐरोमैटिक यौगिक, सुरभि-यौगिक"
Arthropoda,"आर्थ्रोपोडा, संधिपाद (संघ)"
Articulated leg,संधित पाद
Artificial coupling,कृत्रिम युग्मन
Artificial diet,कृत्रिम आहार
Artificial hatching,कृत्रिम (अंडा) स्फुटन
Artificial pollination,कृत्रिम परागण
Art silk,कृत्रिम रेशम
Ascocarp,ऐस्कोकार्प
Ascogonium,"ऐस्कोधानी, ऐस्कोगोनियम"
Ascomycete,"ऐस्कसी कवक, ऐस्कोमाइसीट"
Ascoplasm,ऐस्कसद्रव्य
Ascospore,ऐस्कस-बीजाणु
Ascus,ऐस्कस
Aseptic rearing,अपूतिक (कीट) पालन
Asexual reproduction,अलैंगिक जनन
Aspergillosis,"ऐस्परजिलोसिस, ऐस्परजिलस रोग"
Assessment,"निर्धारण, मूल्यांकन"
Assimilation,स्वांगीकरण
Association,"संगुणन, साहचर्य"
Asymmetry,असममिति
Atavism,पूर्वजता
Atmosphere,वायुमंडल
Atom,परमाणु
Atomic weight,परमाणु-भार
Attack,आक्रमण
Attenuation,"तनूकरण, क्षीणन, कम करना"
Attenctant,आकर्षि
Audio_visual aids,दृश्य-श्रव्य साधन
Auger,बरमा
Autocidal,स्वनाशी
Autoclave,ऑटोक्लेव
Autogamy,स्वकयुग्मन
Autogenesis,"स्वतःजनन, अनिषेकजनन"
Autogenous,स्वजात
Autoinfection,स्वसंत्कमण
Automatic silk reeling machine,स्वचालित रेशम धागाकरण यंत्र
Automation,स्वचालन
Auxillary bud,सहायक कली
Auxin,ऑक्सिन
Axe,कुल्हाड़ी
Axial flower,"अक्षीय पुष्प, अक्षीय फूल"
Azotobacter,ऐजोटोबैक्टर
Bacillar (=bacilliform),दंडाकार
Bacillus radicicola*,बैसिलस रेडिसिकोला
Back cross,प्रतीप संकर
Back crossing,प्रतीप संकरण
Bacteria,"जीवाणु, बैक्टीरिया"
Bacterial disease,"जीवाणुज रेग, जीवाणुजनित रोग"
Bactericide,"जीवाणुनाशी, जीवाणुनाशक"
Bacteriological,"जीवाण्विक, जीवाणुनाशक"
Bacteriologist,"जीवाणुवैज्ञानिक, जीवाणुविज्ञानी"
Bacteriology,जीवाणुविज्ञान
Bacteriolysis,"जीवाणुविघटन, जीवाण्विक विघटन, जीवाणुलयन"
Bacteriophase,जीवाणुभोजी
Bacteriophagous,जीवणुभक्षी
Bacterioscopy,जीवाणुदर्शन
Bacteriosis,"जीवाणुज रोग, जीवाणुजनित रोग"
Bacteriostasis,जीवाणुनिरोध
Bad cast,त्रुटिपूर्ण कताई
Bafta,बाफता
Bag insect,बैग कीट
Balance,"तुला, तराजू"
Balance,2. संतुलन
Bale,गांठ
Balkal Yarn,बल्कन सूत्र
Baluchari,बालूचरी
Bamboo sieve,"बांस झारा, बांस चालनी"
Bark,"छाल, वल्कल"
Barostat (barostatic),दाबस्थापी
Barrel steaming,पीपा वाष्पन
Barrier,रोध
Barsati,बरसाती (तसर कोसे की फसल)
Base,क्षारक
Basement membrane,"आधारर झिल्ली, आधार कला"
Basic seed,"मूल बीज, बुनियादी बीज"
Basic seed station,मूल बीज केंद्र
Basic stock,मूल प्रभव
Basidiomycete,"बेसिडियोमाइसीट, बेसिडीयमी कवक"
Basidiomycetes,बेसिडियोमाइसिटीज
Basidiospore,बेसिडियम बीजाणु
Basidium,बेसिडियम
Basin,"थाला, बेसिन, द्रोणी"
Basinet,"बेसिनेटो, अवशिष्ट रेशम (धागाकरण के बाद बचा रेशम)"
Basin irrigation,द्रोणी-सिंचाई
Basket,टोकरी
Basket steaming,टोकरी वाष्पन
Beaker,बीकर
Beating process,"बीटिंग प्रकम, ताड़न प्रकम"
Bed,"संस्तर, तल, क्यारी, बेड"
Bed cleaning,"संस्तर सफाई, तल सफाई"
Bee fly,भ्रमर मक्खी
Beetle,भृंग
Bending length,बंकन लम्बाई
Bengaline,बंगालीन
Benthos,"नितल जीवजात, नितलक"
Berry,बेरी
Bhodia,भोदिया (एक फसल)
Bilateral,"द्विपार्श्वीय, द्विपक्षीय"
Bilateral symmetry,द्विपार्श्वीय सममिति
Bill hook,गँडासा
Binomenclature (binomial nomenclature),द्विनाम-पदृधति
Bioassay,जैव आमापन
Biocatalyst,जैव-उत्प्रेरक
Biochemical,जैवरासायनिक
Bio-chemist,"जीवरसायनज्ञ, जीवरसायनविज्ञानी"
Biochemistry,जैवरसायन
Biochore,जैव सीमा
Biocontrol (biogical control),"जैव नियंत्रण, जैविक नियंत्रण"
Biocycle,जैवचक्र
Biodegradation,"जैव निम्नीकरण, जैव क्षय"
Biofertilizer,जैव उर्वरक
Biogas,"गोबर-गैस, बायोगैस"
Biogenesis,"जावात्-जनन, जाव-जनन"
Biogeny,"जीव-विकास सिद्धांत, जीव विकासिता"
Biogeochemistry,जीव-भूरसायन
Biogeography,जीव-भूगोल
Biological assay,जैव आमापन
Biological control,जैविक नियंत्रण
Biological entity,जैव सत्ता
Biologist,जीवविज्ञानी
Biomass,"जीव भार, जैव मात्रा"
Biometry (biostatistics),"जीव-सांख्यिकी, बायोमेट्री"
Bio-molecular,"जैव आण्विक, जैव आणविक"
Bionomics,जीव-पारिस्थितिकी
Bio-oxidation,"जैव ऑक्सीकरण, जैव अपचयन"
Biophagous,जीव-भक्षी
Biophore,जीवधर
Bioplasm,जीवद्रव्य
Biopsy,"जीवूतिपरीक्षा, बायोप्सी"
Bopsphere,जीव मंडल
Biotechnology,"जैव प्रौद्योगिकी, बायो टेक्नोलॉजी"
Biotic factor,जीवीय कारक
Biotype,"जीव प्ररूप, समजीनी प्ररूप"
Biopolarity,द्विधुवता
Biserrated leaf,द्विक्रकटी पत्ती
Bisexual,द्विलिंगी
Bisexuality,द्विलिंगता
Bivalency,द्विसंयोजकता
Bivalent,द्विसंयोजकता
Bivoltine,द्विप्रज
Bivoltine silk,द्विप्रज रेशम
Black boxing,समकालिंक प्रस्फुटन प्रक्रम
Black fly,"कृष्ण मक्खी, काली मक्खी"
Blast disease,प्रध्वंस रोग
Blastema,"प्रमुकुल, ब्लास्टीमा"
Blastocoele,"कोरकगुहा, ब्लास्टोडर्म"
Blastoderm,"कोरक चर्म, ब्लास्टोडर्म"
Blastogenesis,"कोरक जनन, कोरक उत्पति"
Blastokinesis,कोरकगतिक्रम
Blastopore,कोरकरंध्र
Blastula,"कोरक, ब्लैस्टूला"
Bleach,"रंग उड़ाना, विरंजन करना"
Bleaching,विरंजन
Bleaching powder,"विरंजक चूर्ण, ब्लीचिंग पाउडर"
Blending,सम्मिश्रण
Blending inheritance,सम्मिश्रण वंशागति
Blight,"अंगमारी, शीर्णता"
Blight,2. शीर्णन
Bloat,फूलना
Block plantation,"खंड-पौधारोपण, खंड-पौदरोपण"
Blow pipe,फूंकनी
Blow-up photo,आवर्धित फोटो
Blue egg stage,नीलांड अवस्था
Bobbin,"बॉबिन, फिरकी"
Body pigmentation,काय वर्णकता
Boiled off silk,गोंदरहित रेशम
Boiling,"उबलना, उबालना, क्वथन"
Boiling point,क्वथनांक
Bolting cloth,"बोल्टिंग क्लॉथ, चालनी-वस्त्र"
Book,रेशम गट्ठी
Booking,"बुकिंग, गट्ठीकरण, गट्ठी बनाना"
Border effect,सीमांत प्रभाव
Borewell (tube well),"नलकूप, वेधकूप"
Bottom pruning,अधितल काट-छाँट
Box rearing,पेटी-कीटपालन
Bract,सहपत्र
Bracteole,सहपत्रिका
Brain,मस्तिष्क
Branch harvesting,सपत्र शाखा कटाई
Breakage,"टूट, टूट-फूट"
Breaking length,खंडन लंबाई
Breaking load,खंडन भार
Breed,नस्ल
Breeder,प्रजनक
Breeder's seed,प्रजनक बीज
Breeding,प्रजनन
Breeding centre,प्रजनन केंद्र
Breeding group,प्रजनन समूह
Breeding season,प्रजनन ऋतु
Bright silk,सुंरजित रेशम (गोंदरहित रंगा ऐंठ रेशम)
Brin,"सरल सूत्र, ब्रिन"
Briquette,इष्टिका
Brittle,"भंगुर, भुरभुरा"
Broadcasting,छिटकाव
Brocade,"ब्रोकेडे, उभारी बुनावट"
Bronze powder,कांस्य चूर्ण
Brood,"अंड, अंजसमूह, शाव"
Brooding,अंडे सेना
Brush,"कूची, बुश"
Brushing,कूर्चना
Brushing,2. डिभक-अंतरण
Buccal cavity,मुख-गुहा
Bud,"कली, कलिका, मुकुल"
budding,मुकुलन
Bud graft,"कलम लगाना, कली चढ़ाना"
Bug,"बगा, मत्कुण"
Bund,"मेंड़, बंध"
Burating strength,स्फूटन शक्ति
Burette,ब्यूरेट
Bush,"झाड़ी , झाड़"
Byproduct,उपोत्पाद
Cake,"टिकिया, खली, केक"
Calendering,"कैलेंडरिंग, कैलेन्डरण (बेलन यंत्र से इस्त्री करना)"
Callus culture,"किण संवर्ध, कैलस संवर्ध"
Caloricity,कैलोरिता
Calory,कैलोरी
Calyx,बाह्यदलपुंज
Cambium,"एधा, कैम्बियम"
Canada balsam,कनाडा बालसम
Canalization,सरणीकरण
Canker,प्रव्रण कैंकर
Canton silk,कैंटन रेशम
Capillary tube,"केशिका, केशनली"
Capsid bug,केप्सिड मत्कुण
Captivity,"बंदी स्थिति, बंदी अवस्था"
Carbohydrate,कार्बेहाइड्रेट
Carbonation,"कार्बेनिशन, काबेनिटीकरण"
Carcass,"कंकाल, अस्थिपंजर"
Caroing,धुनाई
Carotenoid,कैरोटिनॉइड
Cast off,छोड़ना
Castor,"अंडी, रेंडी, एरंड"
Catabolism,"अपपाचन, अपचय"
Catagenesis,प्रतिविकास
Catalysis,उत्प्रेरण
Catalyst,उत्प्रेरक
Cataplasm,पुल्टिस
Caterpillar,इल्ली
Cation,धनायन
Catkin,कैटकिनस शल्कीशूक
Caudal leg,पुच्छपाद
Causal agent,रोगकारक
Caustic,"दाहक, कॉस्टिक"
Cell,कोशिका
Cellar,"तहखाना, तलगृह"
Cell division,कोशिका-विभाजन
Celluar,"कोशिकीय, कोशिकामय"
Celluar rearing,एकशलभी कीटपालन
Cellule,शलभ ढक्कन
Cellule,2. लघु कोशिका
Centrifugal,अपकेन्द्री
Centrifugal force,अपकेन्द्री बल
Centrifugal machine,अपकेन्द्री मशीन यंत्र
Centrifugation,"अपकेन्द्रीकरण, अपकेन्द्रण"
Centrifuge,"अपकेन्द्रण यंत्र, अपकेन्द्रित्र"
Cereal,अनाजस धान्य
Chaff,"भूसा, भूसी, चोकर"
Chain isomerism,"श्रृंखला समावयवता, श्रृंखला आइसोमरता"
Chalone,हार्मोनरोधी स्राव
Chamber steaming,कोष्ठ वाष्पन
Chandika,चंद्रिका
Channel,नहरस प्रणाल
Char,जला (जलकर काला होना)
Character,लक्षण
Charkha,चरखा
Charkha silk,चरखा रेशम
Charring,जलकर काला होना
Chart,संचित्र
Chawki centre,चौकी केन्द्र
Chawki rearing,चैकी कीटपालन
Chemical balance,रासायनिक तुला
Chemical change,रासायनिक परिवर्तन
Chemical combination,रासायनिक संयोग
Chemical composition,रासायनिक संघटन
Chemical equation,रासायनिक समीकरण
Chemical equilibrium,रासायनिक संतुलन
Chemical equivalent,रासायनिक तुल्यांक
Chemical examination,रासायनिक परीक्षण
Chemical method,रासायनिक विधि
Chemical modification,रासायनिक रूपांतर
Chemical processing,रासायनिक प्रक्रमण
Chemoreceptor,रसग्राही
Chemosensory,रससंवेदी
Chemo-sensory receptor,रस-संवेदी ग्राहक
Chemosterilant,रसवंध्यक
Chemosterilisation,रसवंध्यीकरण
Chemotherapeutic treatment,रसचिकित्सीय उपचार
Chemotherapy,रसोचिकित्सा (रसायन चिकित्सीय उपचार)
Chemotropism,रसानुवर्तन
Chernozem,चर्नेजम
Chiasma,किएज्मास व्यत्यासिका
Chilling,दुतशीतन
China clay,चीनी मिट्टी
China silk,चीनी रेशम
Chitin,काइटिन
Chlorophenicol,क्लोरोफेनिकोल
Chlorophyll,"पर्णहरित, क्लोरोफिल"
Chloroplast,"हरित लवक, क्लोरोप्लास्ट"
Chlorosis,हरिमाहीनता
Chlorosis,"2. हरितरोग, क्लोरोसिस"
Chopping board,"संकर्तन, टुकड़े करना"
Chopping boarf,संकर्तन-पट्ट
Chopping knife,संकर्तन छुरी
Chopsticks,चौपस्टिक
Choriogenesis,जरायुजनन
Chorion,जरायु
Chotua,छोटुआ
Chromatogram,वर्णलेख
Chromatographic absorption,वर्णलेखी अधिशोषण
Chromatographic analysis,वर्णलेखी विश्लेषण
Chromatographic separation,वर्णलेखी पृथक्करण
Chromatography,वर्णलेखन
Chromatology,वर्णलेखिविज्ञान
Chromogenic,"वर्णोत्पादकी, वर्णजनिक, क्रोमोजनी"
Chromoplast,"वर्णलवक, क्रोमोप्लास्ट"
Chromosomal,गुणसूत्री
Chromosomal aberration,गुणसूत्री विपथन
Chromosomal bridge,गुणसूत्री योजक
Chromosomal fission,गुणसूत्री विखंडन
Chromosome,"गुणसूत्र, क्रोमोसोम"
Chronic,"चिरकालिक, चिरकारी"
Chrysalis,"कोशस्थ, क्रिसालिस"
Circulatory system,परिसंचरण-तंत्र
Citral,सिट्रल
Clasper,"आलिंगर, क्लैस्पर"
Clasping,"समालग्न, आलिंगन"
Class,"वर्ग, क्लास"
Classification,वर्गीकरण
Clay,चिकनी मिट्टी
Clayey,चिकनी मिट्टी का
Clayey soil,चिकनी मिट्टी
Clay pipe triangle,मृदानालिका त्रिकोण
Cleaning,"सफाई, शोधन"
Cleaning net,"निर्मलन जाल, शोधन जाल"
Cleanliness defect,स्वच्छता-दोष
Cleistothecium,क्लाइस्टोथीसियम
Climatic condition,जलवायु-दशा
Climatic fluctuation,जलवायु-उतार-चढ़ाव
Close spacing,निकट अंतरण
Clumped eggs,गुच्छित अंडे
Clypeus,"मुखपालि, क्लिपियस"
Coagulation,स्कंदन
Coalesce,सम्मिलित होना
Coan silk,कोअन रेशम
Coarse,"खुरदरा, मोटा"
Coarse leaf,खुरदरी पत्ती
Coastal,तटीय
Coastal sandy soil,सागरतटीय रेतीली मिट्टी
Coccidiosis,कॉक्सीडियता
Coccus,"कॉकस, गोलाणु"
Cockchafer,कॉकचेफर
Cocoon,"कोसा, कोया"
Cocoonage,कोसा निमार्ण अवस्था
Cocoonase,कोकुनेस (एन्जाइम)
Cocoon assessment,कोसा मूल्यांकन
Cocoon cage,कोसा पिंजर
Cocoon character,"कोसा लक्षण, कोसा गुण"
Cocoon drying,"कोसा शुष्कन, कोसा सुखाना"
Cocoon harvest,"कोसा फसल, कोसा उत्पादन"
Cocooning,कोसाकरण
Cocoon shell,कोसा कवच
Cocoon spinning,कोसा निर्माण
Cocoon stifling,कोसास्थ श्वास रोधन
Cocoon weight,कोसा भांर
Coefficient,गुणांक
Coenzyme,सहएन्जाइस
Coenzyme precursor,पूर्ववर्ती सहएन्जाइस
Coexistence,सहअस्तित्व
Cofactor,सहकारक
Cohesion,संसंजन
Colchicin,कॉल्चिसिन
Cold acid treatment,शीत अम्ल उपचार
Cold reeling,शीत धागाकरण
Cold storage,शीतागार
Collar-rot,"कॉलर रॉट, ग्रीवा विगलन"
Collateral bud,संपार्श्विक कलिका
Collenchyma (Collenchyme),"कॉलेनकाइमा, श्लेषोतक"
Colloid,कोलॉइड
Colorimeter,वर्णमापी
Colorimetric analysis,वर्णमापी विश्लेषण
Colorimetric indicator,वर्णमितीय सूचक
Colorimetric method,वर्णमितीय विधी
Colorimetry,वर्णमिति
Combination,"संयोजन, मेल, संयोग"
Combined therapy,मिला-जुला उपचारस मिली-जुली चिकित्सा
Combing,कंघीकरणस विजटीकरण
Commensalism,सहभोजिता
Commercial crop,वाणिज्यिक फसल
Commeroial character,वाणिज्यिक लक्षण
Common facility centre,"सामान्य सुविधा केंद्र, सर्व सुविधा केंद्र"
Communicable disease,"संचारणशील रोग (संचरणीय रोग), संचारी रोग"
Community,समुदाय
Compact cocoon,"सुदृढ़ कोसा, सुगठित कोसा"
Competitive interaction,पारस्परिक स्पर्धा
Complex fertilizer,समिमश्र उर्वरक
Complimentary gene,पूरक जीन
Composite population,मिश्र समष्टि
Compost,कम्पोस्ट
Compound,यौगिक
Compound eye,संयुक्त नेत्र
Compound leaf,"संयुक्त पर्ण, संयुक्त पत्ती"
Compound radical,यौगिक मूलक
Computation,अभिकलन
Computer,"अभिकलित्र, कम्प्यूटर"
Concentration,"सांद्रता, सांद्रण"
Condenser,"द्रवणित्र, संघनित्र"
Condenser,2. संधारित्र
Conditioned weight,अनुकूलित भार
Conditioning,"अनुकूलन, प्रानुकूलन"
Conductivity,चालकता
Congenital disease,जन्मजात रोग
Conical flask,शंक्वाकार फ्लास्क
Conidiophore,कोनिडियमधर
Conidium,कोनिडियमधर
Connector,"योजक, संबंधक, अनुयोजक"
Conservation,संरक्षण
Consigning to cold storage,"शीतागार परेषण, शीतागार को भेजा जाना (बीज कोसा)"
Constipation,"मलबद्धता, कोष्ठबद्धता, कब्ज"
Constituent,"अवयव, धटक, रचक"
Constrained,सीमित
Constraint,"बाध्यता, व्यवरोधक"
Construction,निर्मण
Consumption,"उपभोग, खपत"
Contagious disease,"संसर्गज रोग, सांसर्गिक रोग"
Contaminated,संदूषित
Contamination,संदूषण
Control,नियंत्रण
Control,2. मानक
Controlled rearing,नियंत्रित कीटपालन
Control measure,नियंत्रण उपाय
Conventional tecnique,परंपरागत तकनीक
Conversion,"परिवर्तन, रूपांतरण"
Conversion efficiency,"रूपांतरण दक्षता, परिवर्तन दक्षता"
Cooking of cocoons,"कोसा पकाना, कोसा उबालना"
Cooking system (cocoon),"(कोस) पकाने की प्रणाली, (कोसा) उबालने की प्रणाली"
Cooling effect,शीतलन प्रभाव
Copulation,मैथुन
Copulation,2. संयुग्मन
Corn beetle,धान्य भृंग
Coronate,किरीटाकार
Corpus allatum,अंडाभ पिंड
Correlation,"सहसंबंध, सहसंबंधी"
Cortex,वल्कुट
Corticosteroid,कॉर्टिकोस्टेरॉयह
Corticosterone,कॉर्टिकोस्टेरोन
Cottage basin,कुटीर धागाकरण-यंत्र
Cotton,"कपास, रूई"
Cotton count,"कॉटन काउंट, कपास गणनांक"
Cotyledon,बीजपत्र (नवडात उगे पौधों की पहली पतितयाँ)
Count,काउंट (धागे की मोटाई को दशनिवाला गणनांक)
Counter tillage,समतल जुताई
Country charkha,देशी चरखा
Country oven,देशी चूल्हा
Country plough,देशी हल
Coupling,"युग्मन, जोड़ खाना"
Covalence (=covalency),सहसंयोजकता
Covalent binding,सहसंयोजी बंधन
Covalent bond,"सहसंयोजी आबंध, सहसंयोजी बंधन"
Covalent compound,सहसंयोजी यौगिक
Covalent linkage,सहसंयोजी बंधकता
Covalent structure,सहसंयोजी संरचना
Cover,आवरण
Cover crop,"भूमि-संरक्षण सस्य, भूमि संरक्षण फसल"
Cover glass,कवर ग्लास
Cover slip,"आवरण पट्टी, कवर स्लिप"
Coxa,कक्षांग
Coxa,2. श्रोणि
Craft,शिल्प
Crawl,"रेंगना, रिंगण"
Crease recovery,क्रीज पुनः प्राप्ति
Crease resistant,"शिकनरोधी, क्रीजरोधी"
Creel,क्रील (बनुकरों द्वारा ताना बनाने में प्रयुक्त उपकरण)
Crenate,कुंठदंची
Crepe,क्रेप
Crepe-de-chinn,क्रेप-द-शीन (अल्प भार वाला वस्त्र)
Crepe fabric,क्रेप वस्त्र
Crimp,"क्रिम्प, उर्मिलता, लहरिया"
Crimp rigidity,"क्रिम्प कड़ापन, लहरिया कड़ापन"
Criteria,"मानदंड, कसौटी, निकष"
Critical period,क्रांतिक काल
Croise (twill),क्राइज रेशम (टिवल)
Croissure,क्रोइसर
Crop,"फसल, सस्य"
Crop growth rate,फसल वृद्धि दर
Crop loss,फसल हानि
Cropping pattern,"सस्य स्वरूप, फसल का स्वरूप"
Cross,"संकर, संकरण"
Cross-breed,संकर
Cross-breeding,संकरण
Cross-fertilization,पर-निषेचन
Cross-infectivity,पर-संक्राम्यता
Crossing over,विनिमय
Crossing over,2. जीन-विनिमय
Cross-pollination,पर-परागण
Cross-ventilation,आर-पार संवातन
Crowbar,सब्बल
Crown grafting,"शीर्ष-रोपण, शीर्ष कलम"
Crown height,"शीर्ष ऊँचाई, आपत्र ऊँचाई"
Crumple,चुन्नटदार
Crystal,क्रिस्टल
Crystalline,क्रिस्टलीय
Crystallization,"क्रिस्टलन, क्रिस्टलीकरण, क्रिस्टलीभवन"
Cultivable,कृषियोग्यस खेती लायक
Cultivation,"कृषि, खेती"
Culture,संवर्धःसंवर्धन
Culture,2. पालन
Cut cocoon,कटा कोसा
Cuticle,"उपत्वचा, उपचर्म, क्यूटिकल"
Cutin,क्यूटिन
Cutting,कर्तन
Cutting,2. कलम
Cytoblast,साइटोब्लास्ट
Cytoblastema,साइटोब्लास्टीमा
Cytogenetics,कोशिकानुवंशिकी
Cytokinesis,कोशिकाद्रव्य-विभाजन
Cytological investigation,कोशिकीय अन्वेषण
Cytology,कोशिका विज्ञान
Cytoplasm,कोशिकाद्रव्य
Cytoplasmic polyheydrosis,कोशिकाद्रव्य बहुफलकीय विषाणु रोग
Daba,डाबा (तसर कोसा की दूसरी फसल)
Damp,"नम, आर्द्र, गीला"
Damping-off,आर्द्र पतन रोग
Deceased,मृत
Decentralise,विकेंद्रित करना
Deciduous,पर्णपातीस पतझड़ी
Decouplation,"विसंयुग्मन, मैथुन छुड़ाना"
Deep rooted plant,गहरी जड़वाला पौधा
Deep-rooting,"गहरी जड़वाला, गभीर मूलक"
Defecation,"अपमलन, विष्ठा-उत्सर्जन, मल- उत्सर्जन, मल-उत्सर्जन"
Defective cocoon,दोषपूर्ण कोसा
Deflossing,फलौस हटाना
Defoliation,निष्पत्रण
Degeneration,अपहासन
Degumming,"विगोंदन, गोंद हटाना"
Dehiscence,स्फुटन
Dehydrate,निर्जल करना
Dehydrated,निर्जलित
Dehydrating agent,निर्जलीकारक
Dehydration,"निर्जलीकरण, निर्जलन"
Deliquescent,"पसीजने वाला, प्रस्वेद्य"
Demography,जनसांख्यिकी
Demonstration,निर्द्शन
Denaturation,विकृतीकरण
Denier,डेनियर
Dentate,"दंती, दंतुर"
Denting,डेंटिंज
Depairing,वियुग्मन
Desiccator,"जलशोषत्र, डेसिकेटर"
Desizing,"माड़ी हटाना, विचिक्कणन"
Desmology,"स्नायुनिज्ञान, डेस्मोलॉजी"
Desmotropism,स्नायु-अनुवर्तन
Destruction,विनाश
Destructive insects,"विनाश कीट, नाशक कीट"
Determination,"निर्धारण, मूल्यांकन"
Detrimental effect,हानिकारक प्रभाव
Development,"परिवर्धन, विकास"
Diagnosis,निदान
Diagram,आरेख
Diallel,"डायलेल, व्यत्यासी"
Diandrous,"द्विपुंकेसरी, द्विपुमंगी"
Diapause,उपरति
Diapausing eggs,उपरति-अंड
Diarrhoea,"प्रवाहिका, दस्त"
Dibasic,द्विक्षारकी
Dicotyledon,द्विबीजपत्री
Didactylous,"द्विअंगुलिक, दो अंगुलीवाला"
Die back,"शीर्षारंभीक्षय, पश्चक्षय"
Differentiation,विभेदन
Diddused,विसरित
Diffusion,विसरण
Digestion,"पाचन, हाजमा"
Digestive system,पाचन-तंत्र
Digestive tract,"पाचन-क्षेत्र, पाचन-नाल"
Dimorphism,द्विरूपता
Dioecious,एकलिंगाश्रयी
Diplococcus,डिप्लोकोकस
Diploid,द्विगुणित
Disease,"रोग, व्याधि, बीमारी"
Diseased,रोगग्स्त
Disease free laying (DFL),"रोगमुक्त बीज चकता, रोगरहित अंड समूह"
Disease resistant,"रोगरोधी, रोग प्रतिरोधी"
Disease resistant silkworm,रोग प्रतिरोधी रेशम कीट
Disease resistant strain,रोग प्रतिरोधी विभेद
Disinfectant,"संक्रमणहारी, रोगाणुनाशी"
Disinfection,"रोगाणुनाशन, विसंक्रमण"
Dispersal,"परिक्षेपण, प्रकीर्णन"
Dissection,विच्छेदन
Dissemination,"प्रकीर्णन, प्रसार"
Distillation,आसवन
Distilled water,"आसुत जल, डिस्टिल्ड वाटर"
Distribution,"वितरण, बंटन"
Diurnal,"दिवाचर, दिवा, दैनिक"
Diurnal temperature,दैनिक तापमान
Diverse origin,भिन्न उद्गम
Division,विभाजन
Do Kadi,दो कड़ी (रेशम अवशेष)
Domestic,"पालतू, घरेलू"
Domestication,पालतू बनाना
Dominant,"प्रभावी, प्रमुख"
Dormancy,प्रसुप्ति
Dorsal,पृष्ठ
Dorsocentral,पृष्ठकेन्द्रीय
Dorsolateral,पृष्ठपार्श्वीय
Dorsoventral,पृष्ठाधर
Dosage,"निर्धारित मात्रा, मात्रा निर्धारण"
Dose,"मात्रा, डो"
Do suti,जो सूती
Double cocoon,युग्म कोसा
Double faced satin,द्विपृष्ठीय साटन
Double fertilization,द्विनिषेचन
Doubling,द्विस्तरणस दोहरा करना
Downy mildew,"मृदुरोमिल, आसिता"
Drafting,कर्ष-परिष्करण
Drafting,2. भार न्यूनीकरण
Drainage,"जलनिकास, अपवाह"
Drap,ड्रेप
Drawing,ड्रॉइंग
Dressing,"ड्रेसिंग, रेशा वर्गीकरण"
Dropsy,"ड्रॉप्सी, जलशोफ"
Drought prone region,सूखा संभावित क्षेत्र
Drought resistant,सूखारोधी
Drugget,"ड्रगेट, दूरी"
Dry farming practice,वर्षाधीन कृषि पद्धति
Dry farming technique,वर्षाधीन कृषि तकनीक
Drying,"सुखाना, शुष्कन"
Drying oven,शुष्कन भट्टी
Dry reeling,शुष्क धागाकरण
Dry season,शुष्क मौसम
Duct,"वाहिनी, नलिका"
Dumb-bell shape,डंबलाकार
Dupion,डुपियोन
Dupion silk,डुपियोन रेशम
Duster (Cloth),"झाड़न, डस्टर"
Dusting,झाड़ना
Dust mulch,धूलि पलवार
Dwarf,"वामन, बौना"
Dyed,"रंजित, रंगा हुआ"
Dyeing,"रंगाई, रंजन, रंगना"
Dyer,रंगरेज
Dyestuff,"रंजक, रंगने की सामग्री"
Dynamics,"गतिकी, गति विज्ञान"
Dysentry,"अतिसार, पेचिश"
Early moth emergence,समयपूर्व शलभ निर्गमन
Early sprouting,शीघ्र अंकुरण
Early stage larva,प्रारंभिक डिम्भक
Earthen pot ware,"मिट्टी के बर्तन, मृद-भांड"
Ecdysis,"निर्मोकोत्सर्जन, निर्मोक-उत्सर्जन"
Ecilienne,ईसिलियने
Eclosion,विनिर्गमन
Eco-geographic area,पारिभौगोलिक क्षेत्र
Ecological,पारिस्थितिक
Ecological barrier,पारिस्थितिक रोध
Ecological condition,पारिस्थितिक दसा
Ecologist,पारिस्थितिविज्ञान
Ecology,"पारिस्थितिकी, परिस्थितिविज्ञान"
Economic character,आर्स्थिक लक्षण
Economic importance,आर्स्थिक महत्व
Economic plantation,आर्स्थिक रोपण
Eco race,"पारिप्रजाति, पारिस्थितिक प्रजाति"
Eco-rageneration of vegetation,वानस्पतिक पारिपुनर्जनन
Ecosystem,"पारिस्थितिक तंत्र, पारितंत्र"
Ecotype,"पारिस्थितिक प्ररूप, पारिप्ररूप"
Ectohormone,बाह्य हॉर्मोन
Ectoparasite,बाह्यपरजीवी
Ectotrophic,"बहिःस्तरपोषित, बाह्यपोषित"
Ectotrophous,बहिर्मुखांग
Edaphic factor,मृदीय कारक
Edaphology,मृदाविज्ञान
Edge,"किनारा, कोर"
Effective rate of rearing,कीटपालन की प्रभावी दर
Efficacy,प्रभाविकता
Egg,"अंडा, अंड"
Egg box,अंड पेटी
Egg cards,अंड कार्ड
Egg cell,अंड कोशिका
Egg hatching,अंड स्फुटन
Egg laying,"अंड निक्षोपण, अडे देना"
Egg laying capacity,अंडे निक्षेपण क्षमता
Egg sac,अंडे थैली (अंड कोश)
Egg shape,अंडे का आकार
Egg sheet,"अंड-फलक, अंडा शीट"
Egg stage,अंडावस्था
Egg washing chamber,"अंड प्रक्षालन कक्ष, अंड धुलाई कक्ष"
Ejaculation,स्खलन
Ejection,निष्कासन
Ek kadi,एक कड़ी (एक प्रकार का रेशम अवशंष)
Elasticity,"प्रत्यास्थता, लोच"
Electrical conductivity,वैद्युत चालकता
Electrilysis,विद्युत-अपघटन
Electron microscopy,इलेक्ट्रोन सूक्ष्मदर्शी
Electrophorosis,वैद्युत कण संचलन
Elite,प्रवर
Elongation,दीर्घीकरण
Embellishment,अलंकरण
Embroidery,"कशीदाकारी, कढ़ाई"
Embroidery silk,"कशीदाकारी रेशम, कशीदा रेशम"
Embryo,भ्रूण
Embryogenesis,भ्रूणोदभव
Embryology,"भ्रूणविज्ञान, भ्रौणिकी"
Embryonic development,भ्रूणीय परिवर्धन
Embryo sac,भ्रूण-कोश
Emergence,निर्गमन
Empirical formula,आनुभविक सूत्र
Empress gauze,एम्प्रेस गॉज
Emulsifiable concentrate,पायसीकरणीय सांद्र
Emulsification,"पायसीकरण, इसल्सीकरण"
Emulsion,"पायस, इमल्शन"
Endemic,"स्थानिक, विशेष क्षत्री (रोग)"
Endocarp,अन्तःफलभित्ति
Endocrine,अंतःस्रावी
Endocuticle,"अंतःउपच्वचा, अंतःउपचर्म"
Endodern,"अन्तस्त्वटा, अंतश्चर्म"
Endoparasite,अंतःपरजीवी
Endospore,बीजाणु अन्तश्चोल
Endothermic,आंतरोष्मी
Endothermic,2. भष्माशोषी
Endotoxin,अंतराविष
Endotrophic,परांतः पोषित
Energy gain,"ऊर्जा प्राप्ति, ऊर्जा लाभ"
Energy loss,"ऊर्जा क्षय, ऊर्जा हानि"
Entomology,कीटविज्ञान
Entomophagous,कीटभक्षी
Environment,पर्यावरण
Environmental condition,पर्यावरणी दशा
Environmental constraint,पर्यावरणी बाध्यता
Environmental factor,पर्यावरणी कारक
Enzootic,"पशुमारी, पशुस्थानिक (महामारी)"
Enzyme,"एन्जाइम, प्रकिण्व"
Epidemic,जानपदिक
Epidemics,"जानपदिक रोग, महामारी"
Epidemiology,जानपदिक रोग विज्ञान
Epidermis,"बाह्यत्वचा, अधिचर्म"
Epigeal,"भूम्युपरिक, भूमि-उपरिक"
Epistasis,प्रबलता
Epistasis,2. अध्यांतरण
Epizootic,जन्तुमारी
Epizootiology,जन्तुमारिकी
Equivalent conductivity,तुल्यांकी चालकता
Equivalent weight,तुल्यांकी भार
Eradicant chemical,उन्मूलक रसायन
Eradication,उन्मूलन
Eri,"एरी, एंडी, अंडी"
Ericulture,"एरी संवर्धन, अंडी संवर्धन"
Eri silk,अंडी रेशम
Eri silkworm,अंडी रेशमकीट
Erratic emergence,अनियमिक निर्गमन
Erratic monsoon,अनियमित मानसून
Estrogen,एस्ट्रोजन
Ethology,जीव-पारिस्थितिकी
Etiolation,पांडुरता
Etiological agent,"हेतुकारक, रोगकारक"
Etiology,हेतुविज्ञान
Evalution,मूल्यांकन
Evaporation,"वाष्पीकरण, वाष्पन, वाष्पीभवन"
Evaporimeter,वाष्पनमापी
Evapotranspiration,वाष्पन-वाष्पोत्सर्जन
Evenness,"समतलता, समता"
Evergreen,"सदाहरित, सदापर्णी"
Evolution,विकास
Evolved breed,विकसित नस्त
Excrescence,अपवृद्वि
Excreta,अत्सर्ग
Excretion,"उत्सर्ग, उत्सर्जन"
Excretory system,अत्सर्जन-तंत्र
Exfoliation,"अपशल्कन, अपपत्रण"
Exhaust fan,"निष्कासक पंखा, निकास पंखा"
Exhibition,"प्रदर्शनी, नुमाइश"
Exocarp,बाह्यफलभित्ति
Exocuticle,"बाह्य उपत्वचा, बाह्य उपचर्म"
Exoderm,"बहिश्चर्म, बहिःचर्म"
Exoskeleton,बहिःकंकाल
Exothermic,"ऊष्माक्षेपी, ऊष्मा-उन्मोची"
Exotic,"विदेशज, विदेशी"
Exotic variety,"विदेशी उपजाति, विदेशी किस्म"
Exotoxin,"बहिःआविष, बाह्य आविष"
Experiment,प्रयोग
Experimental,"प्रयोगिक, प्रयोगात्मक"
Exploit,समुपयोजन करना
Exploitation,"समुपयोज, शोषण, दोहन"
exploration,"अन्वेषण, खोज"
Exporter,निर्यातक
Export oriented industry,निर्यात उन्मुख उद्योग
Exposition,"प्रतिपादन, प्रस्तुतीकरण"
Exposure,"प्रभावन, संपर्कन, उद्भान"
Exudate,"निःस्राव, रिसाव"
Exudation,निःस्रवण
Exuviae,"निर्मोकोत्सर्जन, निर्मोक-उत्सर्जन"
Eye spot (of egg),(अंडे का) दृकबिन्दु
Fabric,"कपड़ा, तांतव वस्त्र"
Fabrication,"संविरचन, गढ़ाई"
Factor,"कारक, घटक, गुणक, उपादान"
Factorial design,"बहुउपादानी अभिकल्पना, बहुउपादानी डिजाइन"
Faecal material,"विष्ठा, मल"
Fair economic value,उचित आर्थिक मूल्य
Fallow,"परती, पलिहर"
Family,"परिवार, कुल"
Farm produce,फार्म उत्पाद
Farmyard manure,गोबर खाद
Fasua,फेसुआ
Fat,"वसा, चर्बी"
Fat boy,वसा पिंडक
Fatty acid,"वसा-अम्ल, वसीय अम्ल"
Fauna,"प्राणिजात, प्राणि समूह"
Feather,"पंख, पर"
Fecundity,"वहुप्रजता, अंडजता, अंडजनन क्षमता"
Feed back,प्रति प्राप्ति
Feed back,2. पुनर्भरण
Feeding,"अशन, आहार देना"
Feeding habit,आशन स्वभाव
Feeding stand,अशन मंच (अशन स्टैन्ड)
Feeding trial,अशन परीक्षण
Female,मादा
Female moth,मादा शलभ
Femoral,ऊरू
Fencing,बाड़ लगाना
Fermentation,किण्वन
Fertile,"जनन-क्षम, निषेच्य, उर्वर"
Fertility,"उर्वरता, निषेच्यता"
Fertilization,निषेचन
Fertilization,2. उर्वरण
fertilized egg,निषेचित अंडा
Fertilizer,उर्वरक
Fibre,"रेशा, अंशुक"
Fibre identification,रेशा पहचान
Fibre property,रेशा गुण
Fibril,"रेशक, तंतुक"
Fibroin,फाइब्रोइन (रेशम प्रोटीन)
Fibroporous,रेशरंध्री
Fibula,बहिजैघिका
Field trial,क्षेत्र परीक्षण
Figure,"चित्र, आकृति"
Filament,तन्तु
Filament blending,तन्तु सम्मिश्रण
Filature,"फिलेचर, धागाकरण"
Filature unit,फिलेचर इकाई
Filial generation,संतानीय पीढी
Fillet,"फिलेट, पट्टिका"
Filter,"निस्यंदक, छन्ना"
Filter paper,छन्ना पत्र
Filtration,"छनाई, निस्यंदन"
Final tield trial,अन्तिम पैदावार परीक्षण
Fine end,"महीन छोर, सूक्ष्म सिरा"
Fineness,"सूक्ष्माता, बारीकी"
Finishing,"परिष्करण, परिष्कृति"
Fixation,स्थिकीकरण
Fixation,2. यौगिकीकरण
Fixative,स्थायीकर
Fixed stram,नियत प्रभेद
Flacherie,फलेचरी (रेशमकीट रोग)
Flacoid,"श्लथ, ढीला"
Flexible wire,लचीला तार
Flimsy,झीना
Flimsy cocoon,झीना कोसा
Floor rearing,फर्श कीटपालन
Flora,"वनस्पति-जात, पेड़-पौधे"
Floral diagram,पुष्प-आरेख
Floral formula,पुष्प-सूत्र
Floral leaf,पुष्प-पत्र
Floret,पुष्पक
Floristic composition,पादपी संघटन
Floss,फ्लौस
Floss silk,फ्लौस रेशम
Fluctuation,"घट-बढ़, उतार-चढ़ाव"
Fluctuation of temperature,तापमान का उतार-चढ़ाव
Fluorescence,प्रतिदीप्ति
Fluorescent,प्रतिदीप्तिशील
Fluorescent microscope,प्रतिदीप्ति सूक्ष्मदर्शी
Fly,"मक्खी, मक्षी"
Flyproof,"मक्षीसह, मक्खीरोधी"
Flyroom,"मक्षी-कक्षा, मक्खी कक्ष"
Flywheel,"गतिपालक चक्र, फ्लाइ ह्वील"
Foam pad,फोम गद्दी
Foliage,पर्णसमूह
Follicle,"पुटक, पुटिका"
Follicle cell,पुटक कोशिका
Follicle epithelium,पुटक उपकला
Follicular imprint,अंड सतही निशान
Food chain,"खाद्य श्रृंखला, आहार श्रृंखला"
Food channel,"भोजन नली, आहार नाल"
Food plant,खाद्य पौधा
Foot cleaning tray,पाद-मार्जन ट्रे
Foot mat,"पावदान, पायदान"
Foot operated,पाद प्रचालिक
Foregut,अग्रांत्र
Fore leg,अग्रपाद
Forest,"वन, जंगल"
Forestation,वनरोपण
Forest based industry,वन आधारित उद्योग
Fore wing,अग्रपंख
Fork,"द्विशाख, कांटा"
Form,"रूप, आकार"
Formaline,फॉर्मेलिन
Formation,"रचना, निर्माण"
Fortification,प्रबलीकरण
Foulard,"फूलाई (नरम, फुलवा, हल्का रेशम वस्त्र)"
Foundation cross,"आधारी संकर, आधारी संकरण"
Fragmentary evolution,अंश विकास
Frass,कीट मल
Freezing point,हिमांक
Frequency,"आवृत्ति, बारंबारता"
Frise,फ्रिज
Fructose,"फल शर्करा, फ्रक्टोस"
Fumigant,"धूमक, धूमद"
Fumigated cocoon,धूमित कोसा
Fumigation,"धूम देना, धूमन"
Fumigation technique,धूमन तकनीक
Function,"कार्य, प्रकार्य"
Fungicide,कवकनाशी
Fungus (fungi),कवक
Funicle,बीजांड-वृंत
Funnel,कीपस फनेल
Furrow,"कूंड, सीता, खांचा"
Fusiform,तर्कुरूपस तकुआनुमा
Gall,"गॉल, पिटिका"
Gall formation,"पिटिका रचना, गॉल बनाना"
Gall insect,गॉल कीट
Gamete,"युग्मक, गैमीट"
Gametocyte,युग्मकजनक
Gametophyte,युग्मकोद्भिद्
Gamma radiation,गामा विकिरण
Gamma ray,गामा-किरण
Ganglion,"गुच्छिका, गंडिका, गैंग्लियान"
Gangrene,"कोथ, गैंग्रीन"
Gangrenous,कोथयुक्त
Gas burner,"गैस ज्वालक, गैस बर्नर"
Gas liquid chromatography,गैस द्रव वर्णलेखन
Gastrula,कंदुक
Gattine,गैटिन
Gauge,"प्रमाप, प्रमापी, गेज"
Gauze,"जाली, गौज़"
Gelatinous,श्लेषी
Gene,जीन
Gene grafting,जीन रोपण
Gene interaction,जीन अन्योन्यकरण
Geneology,वंश-अध्ययन
General combinig ability,सामान्य संयोजन क्षमता
Generation,"पीढ़ी, पुश्त"
Generation,2. जनन
Generic,वंशीय
Genesis,उत्पत्ति
Genestatic,जीन निरोधी
Genetic,आनुवंशिक
Genetic architecture,आनुवंशिक रचना
Genetic divergence,आनुवंशिक अपसरण
Genetic drift,आनुवंशिक विचलन
Genetic engineering,आनुवंशिक अभियांत्रिकी
Genetics,"आनुवंशिकी, आनुवंशिकविज्ञान"
Genital,"ननिक, जननांगी"
Genitalia,जननांग
Genone,"संजीन, जीनोम"
Genotype,"जानप्ररूप, जीनी संरचना"
Genotype,"2. वंशप्ररूप, समजीनी"
Genotypic,"जीन प्ररूपी, समजीनीय"
Genus,"वंश, जीनस"
Geographical variability,भौगोलिक परिवर्तिता
Georgette,जॉर्जेट
Germ,रोगाणु
Germ,2. जनन
Germ band formaion,जनन-पट्टी निर्माण
Germicide,रोगाणुनाशी
Germination,अंकुरण
Germplasm,"जननद्रव्य, जर्मप्लाज्म"
Germplasm bank,जननद्रव्य बैंक
Germ tube,जनन नलिका
Gerontology,जराविज्ञान
Gestation period,गर्भवधि
Gestation period,2. समारंभपूर्व अवधि
Ghicha,घीचा
Gibberellin,जिबरेलिन
Glabrous leaf,चिकना पत्ता
Glamour,"चमक, चमक-द्रमक"
Gland,ग्रंथि
Glass rod,कांच-छड़
Glass tube,कांच-नली
Glass wool,"कांच-रूई, कांचतंतु"
Glaze,"लुक, ग्लेज"
Glossy,चमकदार
Glow,दीप्ति
Glucose,ग्लूकोस
Glycogen,ग्लाइकोजन
Gonad,"जननग्रंथि, जनद"
Gonidium,गोनिडियम
Grade,"श्रेणी, कोटी, स्तर, क्रम"
Grading,"श्रेणीकरण, कोटि-निर्धारण"
Graft,कलम
Grainage,बीजागार
Grant reel,ग्रांट रील
Granulation,"कणिकायन, कणीभवन"
Granule,"कणिका, कनी, कणी"
Granulosis,कणिकार्ति
Grasserie,ग्रैसरी (विषाणु रोग)
Grasshopper,टिड्डा
Grassland agriculture,घास-स्वल कृषि
Gravel,बजरी
Gravelly soil,"बजरीली भूमि, मोरम मिट्टी"
Gravid,अंडपूर्ण
Green cocoon,जीवित कोसा
Green manure,हरी खाद
Grey cloth,"कोरा वस्त्र, कोरा कपड़ा"
Grinder,पेषक
Ground pruning,अधित कटाई-छंटाई
Ground water level,भौमजल तल
Growing point,वर्धी बिन्दु
Grown up (larva),पूर्ण (डिंभक)
Growth,वृद्धि
Growth paramenter,वृद्धि प्राचल
Growth promoter,वृद्धिकारक
Growth regulator,"वृद्धि नियामक, वृद्धि नियंत्रक"
Grub,भृंगक
Gum waste,अवशिष्ट गोंद
Gut,"आहार नली, आंत, आंत्र"
Habit,"प्रकृति, स्वभाव, स्वरूप"
Habitat,आवास
Habutai,हाबुटाई (जापानी रेशमी महीन वस्त्र)
Hack-saw,लौह आरी
Haematogenous,रुधिरजन्य
Haematology,रुधिर विज्ञान
Haeme protein,हीम प्रोटीन
Haemocoel,रक्तगुहा
Haemocyte,"रूधिराणु, रूधिर कोशिका, रक्तकोशिक"
Haemocytometer,रूधिरकोशिकामापी
Haemoglobin,हीमोग्लोबिन
Haemolymph,"रूधिरलसिका, हीमोलिम्फ"
Haemolysis,रूघिरलयन
Haemolytic,रूघिरलयी
Harmosporidian,रक्तबीजाणुक
Hailstorm,ओलावृष्टि
Hair,"रोम, केश"
Hairy caterpillar,"रोमिल इल्ली, रोयेंदार इल्ली"
Half height pruning,अर्ध कटाई-छँटाई
Hammock,हैमक
Handloom,हथकरघा
Hand operated,हस्तचालिक
Hank,लच्छा
Haploid,अगुणित
Haptotropism,स्पर्शानुवर्तन
Hardness,कठोरता
Hardness of water,जल की कठोरता
Hard water,कठोर जल
Hardy,सुदृढ़
Harmful insect,हानिकारक कीट
Harrowing,हैंगा चलाना
Harvest,शस्य
Harvest,2. प्राप्ति
Harvesting of cocoons,कोसा प्राप्ति
Hatchability,"अंडजोत्पतित क्षमता, स्फूटन क्षमता"
Hatching,"स्फुटन, अंडजोत्पत्ति"
Hatching box,स्फुट बॉक्स
Haustorium,चूषकांग
Head,"सिर, शीर्ष"
Head capsule,"सिर संपुट, शीर्ष संपुट"
Heater,"तापक, हीटर"
Hemimetabolous,अल्प रूपांतरी
Herb,"शाक, बूटी"
Herbaceous,"शाकीय, बूटीय"
Herbarium,"वनस्पति संग्रहालय, पादपालय"
Herbicide,शाकनाशी
Herbivore,शाकाहारी
Heredity,आनुवंशिकता
Hermaphrodite,उभयलिंगी
Heterochromatic,विषमवर्णी
Heterogeneity,विषमांगता
Heterogenesis,"विषमैकांतरण, विषम एकांतरण"
Heterogenous,विषम जनिक
Heterologous,विषमजात
Heteromorphism,विषमरूपता
Heterophyllous,विषमपर्णी
Heteroploidy,विषमगुणिता
Heterosis,संकर ओज
Heterosporous,विषमबीजाणुक
Heterotrophic,परपोषित
Heterotrophy,परपोषित
Heterozygosity,विषमयुग्मजता
Heterozygous,विषमयुग्मजी
Hibernal embryo,शीतनिष्क्रिय भ्रुण
Hibernation schedule,शीतनिष्क्रियता युक्तिक्रम
high performance liquid chromatography,उच्च निष्पादन द्रव वर्णलेखन
High yielding,अधिउत्पादक
High yielding variety,अधिउत्पादक उपजाति
Hindgut,पश्चांत्र
Hindleg,पश्चपाद
hind limb,पश्चपाद
hind wing,पश्च पंख
Histology,"ऊचतलिज्ञान, औतिकी"
Histolysis,ऊतकलयन
Histopathology,ऊतक-रोगविज्ञान
Hoeing,"गुड़ाई, गोड़ना"
Holometabolous,पूर्ण रूपांतरी
Homogeneous,समांगी
Homogenization,समांगीकरण
Homogenizer,"समांगक, समांगित्र"
Homologous,समजात
Homologous chromosome,सजातीय गुणसूत्र
Homozygosity,समयुग्मजता
Homozygous,समयुग्मज
Honan,होनान
Honey dew,मधुरस
Hopper burn,"हापर बर्न, फुदकदाह"
Hormone,हॉर्मोन
Horticulture,बागवीनी
Host,"परपोषी, पोषी"
Host plant,"परपोषी पौधा, परपोषी पादप"
Hot air drying,तप्त वायु शुष्कन
Hot air oven,पप्त वायु भट्ठी
Humidification,आर्दीकरण
Humidifier,आर्दकर
Humidity,"आर्द्रता, नमी"
Humidity chamber,आर्देता कक्ष
Humus,ह्यूमस
Hyaline,काचाभ
Hyaloplasm,"काचाभ जीवद्रव्य, हायलोप्लाज्म"
Hybrid,संकर
Hybridisaion,संकर ण
Hydrid vigour,संकर ओज
Hydrogen ion concentration,ह्इड्रोजन आयन सान्द्रता
Hydrolysis,जल-अपघटन
Hydrometer,"उतप्लव घनप्वमापी, हाइड्रोमीटर"
Hygiene,स्वास्थ्य विज्ञान
Hygiene,"2. स्वस्थवृत, स्वास्थ्य"
Hygienic,"स्वास्थ्य सम्बन्धी, स्वास्थ्यकर"
Hygrometer,"आर्द्रतामापी, हाइग्रोमीटर"
Hygroscopic,आर्द्रतामीपी
Hygroscopic nature,आर्द्रताग्राही प्रकृति
Hyperparasite,परात्परजीवी
Hyperplasia,अतिवर्धन
Hyper sensitivity,अति संवेदनशीलता
Hypertrophy,अतिवृदधि
Hypha,"कवक तंतु, हाइफा"
Hypocotyl,बीजपत्राधर
Hypoderm,"अधस्त्वचा, अधश्चर्म"
Hypodermis,अधश्चर्म
Hypogeal,अधोभूमिक
Hypopharynx,"अधोग्रसनी, हाइपोफैरिंकस"
Hypoplasia,अल्पवर्धन
Hypostomium,"अधोमुखक, अधोरंध्रक"
Hypothesis,परिकल्पना
Identification,पहचान
Illustration,निर्देश चित्र
Imago,"पूर्णक, पूर्णकीट, इमेगो"
Immature,अपरिपक्व
Immature cocoon,अपरिपक्व कोसा
Immune,"असंक्राम्य, प्रतिरक्षित, रोधक्षम"
Immunity,"रोधक्षमता, प्रतिरक्षा, असंक्राम्यता"
Immunization,"प्रतिरक्षीकरण, संक्रमीकरण, रोधक्षमीकरण"
Immuno-detection,प्रतिरक्षी पहचान
Immunology,"प्रतिरक्षाविज्ञान, रोधक्षमता विज्ञान"
Impermeable,अपारगम्य
Impervious soil,अप्रवेश्य मिट्टी
Impregnation,"गर्भाधान, संसेचन"
Improved charkha,उन्नत चरखा
Improved method of silkworm rearing,रेशमकीट पालन की उन्नत विधि
Improved seed,उन्नत बीच
Improved silk,उन्नत रेशम
Inactive,निष्क्रि.
Inbreeding,अन्तः प्रजनन
Inbreeding depression,अन्तः प्रजनन अवनमन
Incandescent,तापदीप्त
Incidence,"आपतन, आघटन"
Incompatibility,असंगतता
Incubation,"ऊष्मायन, इन्क्युबेशन"
Incubation room,ऊष्मायन कक्ष
Incubator,"ऊष्मायित्र, इन्क्युबेटर"
Index,"सूचक, सूचकांक"
Index card,"सूचक पत्रक, सूचक कार्ड"
Indicator,सूचक
Indigenous,"स्वदेशी, देशज"
Indigenous race,"देशी प्रजाति, देशज प्रजाति"
Indole acetic acid (IAA),"इंडोल एसीटिक ऐसिड (आई.ए.ए), इंडोल एसीटिक अम्ल"
Indole butyric acid (IBA),"इंडोल बूटीरिक ऐसिड (आई.बी.ए.), इंडोल ब्यूटीरिक अम्ल"
Indoor rearing,"गृह कीटपालन, अन्तर्कक्ष कीटपालन"
Induced mutation,प्रेरित उत्परिवर्तन
Induction,"प्रेरण, विप्रेरण"
Infected,संक्रमित
Infection,संक्रमण
Infection agent,संक्रमण कारक
Infectious disease,संक्रामक रोग
Infestation,"ग्रसन, उत्पीड़न"
Infested,ग्रस्त
Inflorescence,पुष्पक्रम
Infrastructure,"बुनियादी रचना, आधार संरचना"
Ingestion,अंतग्रर्हण
Inhalation,अंतःश्वसन
Inheritance,वंशागति
Initiation,समारंभन
Innovation,"नव परिवर्तन, नवाचार"
Inoculation,"संरोपण, टीका लगाना"
Inoculum,"संरोप, निवेश द्रव्य"
In ova,"अंडस्थ, अंडाणौ"
Insect,कीट
Insecticide,कीटनाशी
Insectivore (insectivorous),कीटाहारी
Ir.sect pest,"पीड़क कीट, नाशी कीट"
Insemination,वीर्यसेचन
Instar,"निरूप, इन्सटार"
Integrated,एकीकृच. समाकलित
Integrated pest control,एकीकृत पीड़क नियंत्रण
Integument,अध्यावरण
intensity,गहनता
intensity,2. तीव्रता
Intensive sericulture development project,गहन रेशम-उत्पादन विकास परियोजना
Inter,"अंतर, अन्तरा"
Interaction,"अन्योन्य क्रिया, पारस्परिक क्रिया"
Intercrop,"अन्तरसस्य, बीच की फसल"
Intercropping,अन्तरसस्यन
Inter cultivation,अंतराकृषि
Interline cross,अन्तरवंशीय संकर
Intermediate host,मध्यस्थ परपोषी
Internal element,आंतरिक तत्व
Internal environment,आंतरिक पर्यावरण
Internode,"पर्व, पोरी"
Inter segmented,"अन्तराखंड, अन्तराखंडीय"
Inter specific,अन्तरजातीय
Interspecific hybridisation,अन्तरजातीय संकरण
Intoxication,आविषांचन
Intra,"अंतः, अन्तर"
Intraction,अंतःक्रिया
Intragenic,आंतरजीनी
Intrapulmonary,आंतर फुप्फुसीय
Intra specific,"आन्तर जातीय, अन्तःजातीय"
Investment,निवेश
In vitro (studies),पात्रे (अध्ययन)
In vivo,जीवे
Ionic equilibrium,आयनी साम्यावस्था
Ionisation,"आयनन, आयनीकरण"
Ionised atom,आयनित परमाणु
Iridescent,रंगदीप्त
Iron-pan,लौह-पात्र
Irradiated batch,"किरणित धान, किरणित समूह"
Irregular cocoon,विषमाकार कोसा
Irritation,उत्तेजन
Isobar,"समभारिक परमाणु, आइसोबार"
Isogamy,"समयुग्मकता, समयुग्मन"
Isogenic line,समजीनी वंश
Isolation,"पृथक्करण, अलगाव"
Isomerism,समावयवता
Isomorphic,समरूपी
Isomorphism,समरूपता
Isothermal,"समतापी, आइसोथर्मी"
Isotone,"समन्यूट्रोनिक, आइसोटोन"
Isotonic,"सपरासारी, आइसोटोनी"
Isotope,"समस्थानिक, आइसोटोप"
Itensive,"गहन, तीव्र"
Jala,जाला
Jali,जाली
Jamdani,जामदानी
Jar,"मर्तबार, जार"
Jatam,जटाम
Jaundice,"कामला, पीलिया"
Jelly,जैली
Jerua,जडुआ
Jethua,जेठुआ
Jhuri,झुरी
Jute,"जूट, पटसन"
Juvenile,किशोर
Juvenile stage,किशोरावस्था
Kakme cost,काकमे लागत (प्रति किलो रेशम हेतु कोसों की लागत)
Kamdani,कामदानी (सुच्ची जर रेशम वस्त्र)
Karyotype,"गुणसूत्रप्ररूप, केन्द्रक प्ररूप"
Katan,कतान
Katia,कटिया
Khadi (Khaddar) silk,खादी (खद्दर) सिल्क
Khorika,खरिका
Kimkhab,"किमखाब, कमखाब"
Kinesis,गतिक्रम
Kinetic energy,गतिज ऊर्जा
Kolguddali,कुदाल
Korean silk,कोरियाईरोशम
Kosa,कोसा प्राप्ति
Kosen,कोसेन (सहतूत की जापानी किस्म)
kotia,कतिया
Koya,कोया
Koya,2. तसर कीटपालक आदिवासी जाति
Labium,अधरोष्ठ
Labour intensive,"श्रमिक-प्रधान, श्रम-प्रधान"
Labrum,ऊर्ध्वोष्ठ
Lacing,लेसिंग (धागे से लच्छी को पांच बराबर भागों में बाँटना)
Laciniate,विदीर्ण
Lagerstroemia parviflora*,लैगरस्ट्रोमिया पार्वीफ्लोरा (तसर खाद्य पौधा)
Lag phase,मन्दल प्रावस्था
Lamina,"पटल, स्तरिका"
Laminar air flow,"स्तरीय वायु प्रवाह, पटलीय वायु प्रवाह"
Lamination,"पटल, स्तरिका"
Lamination,"2. स्तरिकायन, पटलन, स्तरण"
Lap,लैप
Laria,लरिया (बिहार के तसर कीट की क्षेत्रीय जाति)
Larva,"डिम्भ, लारवा, डिम्भक"
Larval duration,डिम्भकीय अवधि
Lasio campa*,लैसियो कैम्पा (वियतनाम की तसर कीट-जाति)
Late age rearing,उत्तरावस्था कीटपालन
Late born,"उत्तरजात, बाद में उत्पन्न"
Late insta larvae,उत्तरावस्था निरूप डिंभक
Lateral branch,पार्श्व शाखा
Lateral root,पार्श्व मूल
Lateral side,पार्श्व भाग
Laterite soil,"लैटाराइट मृदा, मखरला मृदा"
Latex,लैटेक्स
Latin square,लैटिन वर्ग
Lattice,"जालत, लैटिस"
Lattitude,अक्षांश
Layerage,दाब कलम
Layering,"परतन, दाब लगाना"
Laying,"बीजचकत्ता, अंड समूह"
Laying,2. (क्रिया) अंडे देना
Layout,"विन्यास, अभिन्यास, खाका"
Leaching,निक्षालन
Leaf,"पर्ण, पत्ती, पत्ता, पत्र"
Leaf area,"पत्ती क्षेत्रफल, पर्ण क्षेत्रफल"
Leafarea index,पर्णक्षेत्र सूचकांक
Leaf blade,"पत्रपटल, पत्रफलक"
Leaf bud,पत्र-कलिका
Leaf chamber,"पर्ण-कक्ष, पत्ती कक्ष"
Leaf cup,पर्ण-प्याला
Leaf curi (disease),"पर्ण-कुंचन (रोग), पत्ती-कुंचन (रोग)"
Leaf fall,पतझड़
Leaf harvest,"पर्ण-लवन, पर्ण-संग्रहण"
Leaf plucking,"पत्ता तोड़ना, पत्ती तुड़ाई"
Leaf rust disease,पर्ण किट्ट रोग
Leaf sheath,पर्णच्छद
Leaf spot,पर्ण चिती
Leaf-stalk,पर्णवृन्त
Leaf stripping,पत्ती उतारना
Leaf trace,पर्ण-अनुपथ
Leafyield,"पर्ण उपज, पतितयों की उपज या पैदावर"
Leasing,"ताना विभाजन, लीसिंग"
Leg,"पाद, टाँग"
Legume biomass,"फली जैव मात्रा, शिम्ब जीव भार"
Lenticel,वातरंध्र
Lepidopteran,शल्कपंखी
Lepidopterous,शल्कपंखीय
lesion,विक्षत
Lethal dose,घातक मात्रा
Levigated,"चिक्कयित, चिकनाया"
Life cycle,जीवन-चक्र
Life history,जीवन-वृत्त
Light dark cycle,दीप्त-अदीप्त चक्र
Light transmission ratio,प्रकाश संचरण अनुपात
Light treatment,"प्रकाशोपचार, प्रकाश-उपचार"
Lime powder,चूना पाउडर
Line,"वंश, वंशक्रम"
Lineage,वंश परम्परा
Link,"श्रृंखला, कड़ी"
Linkage,सहलग्नता
Lipomctabolism,वसा-चयापचय
Litmus paper,लिटमस कागज
Litsca citrata*,लिटसिया सिट्रेटा (मेडनकोरी)
Litter,करकट
Loam,"टुमट, लोम"
Loamy soil,दुमटी मृदा
Lobe,पालि
Local stock,स्थानीय प्रभव
Local stock,2. स्थानीय स्तन्ध
Longitudinal section,अनुदैर्घ्य काट
Longterm refigeration,दीर्घकालिक प्रशीतन
Loose egg,अबद्ध अंड
Lousiness (defect),अर्मिलता (कच्चे रेशम का दोष)
Low dose,अल्प मात्रा
Lustre,"चमक, द्युति"
Lux,लक्स
Luxometer,लक्समापी
Luxuriant growth,अत्याधिक वृद्धि
Lysine,लाइसीन
Lysis,"लयन, अपघटन"
Machilus bombycina*,मैटिलस बाम्बीसिना (सोम)
Machine,"यंत्र, मशीन"
Maconium,"नवविष्ठा, मेकोनियम (तसर कीटांड सतह का भूरा चिपचिपा पदार्थ)"
Macro,"स्थूल, महा, दीर्घ, गुरू"
Macroelement,गुरूपत्व
Madhuca indica*,मधुका इंडिका (महुआ)
Maggot,"अपादक, मैग"
Magnitude,परिमाण
Maina,मैना (तसर उत्पादक आदिवासी जाति)
Maintain,"पोषण करना, देखभाल करना"
Maintenace,"अनुरक्षण, पोषण, देखभाल, संधारण"
Makhmal,मखमल
Malathion,मैलाथियान (कीटनाशी)
Maldistribution,कुवितरण
Male,"नर, पुं-, पुम-"
Male gamete,पुंयुग्मक
Malformed cocoon,विकृत कोसा
Malignancy,दुर्दमता
Malnutrition,कुपोषण
Malpighian layer,मैलपीगी स्तर
Malpighian tubule,मैलपीगी नलिका
Maltose,माल्टोस
Mandalaya,मंडालया (तसर कीट की पारिप्रजाति)
Mandible,"चिबुकास्थि, मैंडिबल"
Manuring,खाद देना
Marble dyeing,"मार्बल रंगाई, संगमरमरी रंगाई"
Marginal,"सीमांत, उपांत"
Marketing,विपणन
Mass,"द्रव्यमान, संहति"
Mass rearing,व्यापक कीटपालन
Mastication,चर्वण
Maternal effect,मातृक प्रभाव
Maternal inheritance,मातृक वंशागति
Mating,"युग्मन, संगम"
Matka yarn,मटका सूत
Mature,परिपक्त
Matured larva,परिपक्त डिम्भ
Matured leaf,परिपक्त पर्ण
Maturity,परिपक्वता
Maxilla,"जंभिका (जबड़े का भाग), मैक्सिला"
Maxillary,"मैक्सिलरी, जंभिकीय"
Maxillary lobe,जंभिका पालि
Mean variation,माध्य विचरण
Mechanical process,यांत्रिक प्रक्रम
Median,"मध्य, मध्यस्थ"
Median,"2. माध्यिका, मीडियन"
Medicine,औषधि
Medium leaf,"अर्धपक्व पत्ती, मध्यक पत्ती"
Megaspore,गुरूबीजाणु
Megasporogenesis,गुरूबीजाणुजनन
Meiosis,"अर्धसूत्री विभाजन, अर्धसूत्रण"
Melted cocoon,गलित कोसा
Melting,"गलन, पिघलना"
Melting point,गलनांक
Membrane,"झिल्ली, कला"
Menace,संत्रास
Merocyte,अंशाणु
Merogony,"मीरोगोनी, अंशविभाजन"
Meroistic ovariole,पोषी अंडाशयक
Meront,खंडक
Mesic environment,मध्यम (आर्द्र) पर्यावरण
Mesocarp,मध्य फल-भितित
Mesophil,मध्यरागी
Mesophyll,पर्णमध्योतक
Mesophyll,2. मध्यम पर्ण
Mesothorax,मध्यवक्ष
Metabiosis,अनुजीविता
Metabolism,"उपापचय, चयापचय"
Metagenesis,समैकान्तरण
Metalloid,उपधातु
Meramorphism,कायांतरण
Meramorphosis,कायांतरण
Metanephros,पश्चवृक्क
Metanephrosis,पश्चवृक्क रोग
Metaphase,"मेटाफेज, मध्यावस्था"
Metaplasm,"मेटाप्लाज्म, अजीवद्रव्य"
Metasoma,पश्चकाय
Metatergum,पश्चपृष्ठक
Metathorax,पश्चवक्ष
Methodology,"क्रिया-पद्धति, क्रियाविधि, कार्यप्रणाली"
Micro,"लघु, सूक्ष्म"
Microanalysis,सूक्ष्म विश्लेषण
Microbe,रोगाणु
Microbial,"सूक्ष्मजैविक, रोगाणुक, रोगणवीय"
Microbial control,"रोगाणुक नियंत्रण, संक्ष्मजैविक नियंत्रण"
Microbiology,"सूक्ष्मजीवविज्ञान, सूक्ष्मजैविकी"
Microclimate,सूक्ष्म-जलवायु
Micrococcus,माइक्रोकोकस
Microcyte,सूक्ष्माणु
Microflora,सूक्ष्मवनस्तिजात
Micronutrient,सूक्ष्म पोषक
Microorganism,सूक्ष्मजीव
Microphase,सूक्ष्मवस्था
Micropyle,"बीजांद्वार, अंडद्वार"
Microscope,सूक्ष्मदर्शी
Microscopic,सूक्ष्मदर्शीय
Microsoma,"लघुकाय, माइक्रोसोम"
Microsporangiate,लघुबीजाणुधानिक
Microspore,"लघुबीजाणु, माइक्रोस्पोर"
Microsporidian disease,लघुबीजाणु रोग
Microsporocyte,लघुबीजाणुकोशिका
Microsporogenesis,लघुबीजाणुजनन
Microsporophyll,लघुबीजाणुपर्ण
Middle leg,मध्यपाद
Middle pruning,मध्य छँटाई
Middle silk gland,मध्य रेशम ग्रंथि
Mid dorsal line,मध्य पृष्ठ रेखा
Mid gut,मध्यांत्र
Migration,प्रवास
Migratory path,प्रवासी पथ
Milky disease,दूधिया रोग (कवच रोग)
Mimicry,अनुहरण
Mineral,खनिज
Mite,"बरूथी, चिंचड़ी"
Mitogenetic,वर्धनप्रभावी
Mitosis,"सूत्रीविभाजन, समसूत्रण, माइटोसिस"
Mixed infection,मिश्र संक्रमण
Mixer,"मिश्रण यंत्र, मिश्रित्र, मिक्सर"
Modal,मोदल (बिहार तसरकीट की क्षेत्रीय जाति)
Moisture,"नमी, आर्द्रता"
Moisture conservation,"नमी संरक्षण, आर्द्रता संरक्षण"
Moisture content,"नमी अंश, आर्द्रता अंश"
Moisture gauge,"नमी मापक, आर्द्रता प्रमापी"
Moisture regain,आर्द्रता पुनः प्राप्ति
Moisture retention capacity,आर्द्रता धारण क्षमता
Molecular,"आण्विक, आणविक"
Molecular formula,अमुसूत्र
Molecular weight,अणुभार
Molecule,अणु
Monia,मोनिया (वांस का अंडनिक्षेपण पात्र)
Monocotyledon,एकबीजपत्र
Monogamy,एकसंगमन
Monograph,मोनोग्राफ
Monohybrid,एकसंकर
Monophagous,"एकाहारी, एकभक्षी"
Monothalamous,"एकाधानी, एकवेश्मी"
Monotremata,मोनोट्रिमेटा (एकविद्र गण)
Moribund,"मृतप्राय, मरणासन्न"
Moriculture,शहतूत संवर्धन
Morphogenesis,संरटनाविकास
Morphological adaptation,"आकृतिक अनुकूलन, आकारिकी अनुकूलन"
Morphology,"आकृतिविज्ञान, आकारिकी"
Morphometry,आकारमिति
Mortality,"मृत्यु संख्या, मृत्युदर, मर्त्यता"
Mortality rate,मृत्यू दर
Mortar & pestle,खरल-मूसली
Morula,तूतक
Morus,मोरस (शहतूत वंश)
Mosaic,"मोजेक, किर्मीर"
Moth,शलभ
Moth cellule,शलभ ढक्कन
Moth crushing,शलभ दलन
Moth crushing set,शलभदलन उरकरण
Moth emergence,शलभ निर्गमन
Mother liquor,"मातृद्रव, मदर लिकर"
Mother moth,मातृ शलभ
Moth testing table,शलभ परीक्षण टेबूल
Mould,फफूंदी
Mouldy cocoon,"फफूंदी कोया, फफूंदी-कोसा"
Moult,निर्मोक
Moulting,निर्मोचन
Moulting hormone,निर्मोचन हार्मोन
Moultinism,निर्मोकता
Mountage,चंद्रिका
Mounting,आरोपण
Mounting room,अरोपण कक्ष
Mouth part,मुखांग
Mucous gland,श्लेष्मा ग्रंथि
Mucous membrane,श्लेष्मा झिल्ली
Mud house,कच्चा घर
Muga culture,"मूगा संवर्धन, मूगा रेशम उत्पादन"
Muga silk,"मूगा रेशम, मूगा सिल्क"
Mugdar,मुगदर
Mulberry,"तूत, शहतूत"
Mulberry culture,"शहतूत संवर्धन, शहतूत उत्पादन"
Mulberry cutting,शहतूत कलम
Mulberry raw silk,शहतूत कच्चा रेशम
Mulching,"पलवारना, मलच बनाना"
Multi-end reeling machine,बहुछोरीय धागाकरण यंत्र
Multilocational trial,बहुस्थानीय परीक्षण
Mutiplication,"गुणन, बढ़ाना"
Multiply,बढ़ाना
Mutivoltine,बहुप्रज
Mutivoltine silk,बहुप्रज रेशम
Mumti,कुदाली
Munda,मुंडा (तसर उत्पादक आदिवासी जाति)
Muscardine,मस्कार्डिन (रेशमकीट का फफूंट रोग)
Muslin,मलमल
Mussel silk,"शंबु रेशम, मसल रेशम"
Mutagen,उत्परिवर्तजन
Mutagenesis,"उत्परिवर्तजनन, म्यूटाजेनेसिस"
Mutant,"उत्परिवर्ती, म्यीटेन्ट"
Mutation,"उत्परिवर्तन, म्यूटेशन"
Mutual infection,पारस्परिक संक्रमण
Mutualism,सहोपकारिता
Mycelium,"कवकजाल, माइसीलियम"
Mycology,कवक विज्ञान
Mycoplasm,कवकद्रव्य
Mycorrhiza,कवकमूल
Mycosis,"कवककार्ति, माइचोसिस"
Mycotic infection,कवक संक्रमण
Nascent,नवजात
Natural fauna and flora,प्रकृतिक प्राणिजात एवं वनस्पतिजात
Natural fibre,प्राकृतिक रेशा
Natural hazard,प्राकृतिक आपदा
Neatness,स्वच्छता
Necrosis,ऊचकक्षय
Neem cake,नीम खली
Nega,नेगा
Negative reprint,नेगेटिव रीप्रिन्टस नेगेटिव पुनर्मुद्रण
Nematocide,सूत्रकृमिनाशी
Nematoda,नेमाटोडा (सूत्रकृमि संघ)
Nematology,सूत्रकृमिविज्ञान
Neomorphosis,नवोत्पत्ति
Neoplasm,नवद्रव्य
Nerve cord,तंत्रिका-रज्जु
Nervous system,तंत्रिका तंत्र
Neural tube,"तंत्रिका नलिका, तंत्रिक नलिका"
Neuritis,तंत्रिकाशोथ
Neurosecretion,तंत्रिकास्राव
Neurotic,विक्षिप्त
Neutral,उदासीन
Nitration,नाइट्रेटन
Nitrification,नाइट्रीकरण
Nitrogen fixation,नाइट्रोजन यौगिकीकरण
Nitrogenous fertilizer,नाइट्रोजनीय उर्वरक
Nitrogen uptake,नाइट्रोजन उद्ग्रहण
Nocturnal,"रात्रिचर, नैश"
Node,"गांक, पर्व संधि"
Noil yarn,"नाइल सूत्र, लघुन्तुक सूत्र"
Nomenclature,"नामपद्दित, नाम तंत्र"
Non-diapause,अनुपरति
Non-diapausing egg,अनुपरति-अण्ड
Non-hibernating,अशीतनिष्क्रिय
Non-mulberry,"गैर-शहतूती, अ-शहतूती"
Non-occluded,"अधिविष्ट, अनाधि धारित"
Non-virulent,अनुग्र
Notation,"संकेतन, अंकन"
Nuclear membrane,केन्द्रकीय झिल्ली
Nuclear polyhedrosis,केन्द्रकीय बहुफलक विषाणुरोग
Nuclear seed,मूल बीज
Nucleogenesis,केन्द्रकजनन
Nursery,"पौधघर, नर्सरी, संवर्धनगृह"
Nutrition,पोषण
Nutritional deficiency,पोषक हीनता
Nutritional value,पोषकमान
Nutritive,"पोषक, पौष्टिक"
Nylon net,नायलॉन जाल
Nymph,"अर्भक, शिशुकीट"
Oak,"बांज, ओक"
Oak nursery,बांज पौधघर
Oak plantation,बांज रोपण
Oak tasar culture,बांज तसर संवर्धन
Oak tasar zone,बांज तसर क्षेत्र
Obligatory parasite,अविकल्पी परजीवी
Obscura,ओबसक्यूरा (अंडी रेशम कीट जाति)
Observation,प्रेक्षण
Obturator,"सेतुक, गवाक्ष"
Ocellus (ocelli),नेत्रक
Ocoluded,"अधिविष्ट, अधिधारण"
Offspring,"संतति, संतान"
Oligo,"अल्प, स्वल्प"
Oligophagous,"अल्पभक्षी, अल्पाहारी"
Ontogenesis,व्यक्ति जनन
Oogonium,अंडधानी
Optimum,इष्टतम
Oral administration,मुखीय प्रयोग (मुँह द्वारा देना)
Oral disk,मुख-बिम्ब
Oraon,उरांब (अदिवासी जाति)
Order,गण
Order,2. क्रम
Organdy,आर्गेन्डी (आर्गेन्जा वस्त्र)
Organic manure,जैव खाद
Organic matter,जैव पदार्थ
Organism,जीव
Organza,आर्गेन्जा (गोंदयुक्त द्विसूत ऐंठित धागा)
Organzine,आर्गेन्जिन (द्विव्यावर्तित धागा)
Origin,"उदभव, मूल, उदगम, उत्पत्ति"
Osmosis,परासरण
Outbreak,"प्रकोप, उद्वभेद"
Outbreeding,बहिःप्रजनन
Outcrossing,बहिःसंकरण
Outdoor rearing,बाह्य कीटपालन
Output,"पैदावार, उत्पादन, उपज"
Oval,"अंडाकार, अंडाकृति"
Oval shaped cocoon,अंडाकार कोसा
Ovarian follicle,अंडाशयी पुटक
Ovarian tube,अंडाशयी नलिका
Ovariole,अंडाशयक
Ovarium,अंडाशय
Ovary,अंडाशय
Ovate,अंडाकार
Oven,"अवन, बन्द चूल्हा, आवा"
Overcrowding,अतिसंकुलता
Overdominance,अतिप्रभाविता
Over winter,शिशिरातिजीवन
Oviduct,अण्डवाहिनी
Oviform,अण्डरूप
Oviparous,"अण्डप्रजक, अण्डज"
Oviposition,अण्डनिक्षेपण
Ovipositor,अण्डनिक्षेपक
Ovoid,अण्डाभ
Ovoidal,अण्डाभी
Ovoviviparous,अण्डजरायुज
Ovulation,अण्डोत्सर्ग
Ovum (ova),अण्डाणु
Oxidation,"ऑक्सीकरण, उपचयन"
Package of practices,अनुप्रयोग-पैकेज
Packing,"संवेष्टन, बंधाई, पैकिंग"
Pairing,"युग्मन, युगलन"
Pandemic,सर्वव्यापी
Panoistic ovariole,अपोषी अंडाशयक
Paraffin,"पैराफिन, मोम"
Paraffin paper,"पैराफिन पेपर, मोमी कागज"
Paralleism,समांतरता
Parallelisation,समान्तरीकरण
Paralysis,"पक्षाघात, लकवा"
Parameter,प्राचल
Parasite,परजीवी
Parasitoid,परजीव्याभ
Parasitology,परजीवीविज्ञान
Paratrophic bacteria,परापोषी जीवाणु
Paroral infection,परामुखीय संक्रमण
Paratid gland,कर्णपूर्व ग्रंथि
Parotitis,कर्णपूर्वग्रंथि शोथ
Parthenocarpic,अनिषेकफली
Parthenocarpy,अनिषेकफलन
Parthenogenesis,अनिषेकजनन
Paste,"लेई, पेस्ट"
Pasture,चरागाह
Pathogen,रोगजनक
Pathogenic,"रोगजनक, विकृतिजनक"
Pathogenicity,रोगजनकता
Pathological,"रोगजन्य, विकृतिजन्य"
Pathology,"रोगजन्य, विकृतिविज्ञान"
Peak period,"चरम काल, चरम अवधि"
Pebrine disease,"पेब्राइन रोग, गंठ रोग"
Pebrinised larva,"पेब्राइनग्रस्त डिंभक, गंठ रोगी डिंभक"
Pedal driven,पादचालित
Pedal rotated,पादघूर्णित
Pedical,"वृंत, पुष्पवृंच"
Pedigree,वंशावली
Peduncle,"कोसा वृंतक, तसर कोसा डंडी"
Pellet,"गोली, गुटिका, टिक्की"
Pendent,निलंबी (कोसे के संबंध में)
Penetration,"बंधन, प्रवेश करना"
Pentamoulter,पंचनिर्मोकी
Percolation,अंतःस्रवण
Perennial,बहुवर्षी
Perforated plate,छिद्रित पटटिका
Performance,निश्पादन
Perianth,परिदलपुंज
Pericardium,"हदयावरण, परिहद"
Pericarp,"फलभित्ति, बाह्य परत"
Peristalsis,क्रमाकुंचन
Permeability,पारगम्यता
Permeable,पारगम्य
Pesticide,"पीड़तनाशी, नाशकमार"
Pests,"पीड़क, नाशक जीव"
Petiole,पर्णवृंत
Petrifaction,"अश्मन, अश्मीभवन"
PH,पी.एच.
Phagocyte,भक्षकाणु
Phagocytosis,भक्षकाणु क्रिया
Phase,प्रावस्था
Phenomenon,परिघटना
Phenotype,"लक्षणप्ररूप, समलक्षणी"
Phenotypic,"लक्षणप्ररूपी, समलक्षणीय"
Phenomone,फीरोमोन
Phloem,"पोषवाह, फ्लोएम"
Phosporylation,फॉस्फेटीकरण
Photo copy,"फोटो प्रतिलिपि, फोटो प्रति"
Photoengraving,फोटो उत्कीर्णन
Photogenic bacteria,प्रकाशजनक जीवाणु
Photographic film,फोटोग्राफिक फिल्म
Photoinsensitive,प्रकाश असंवेदी
Photoperiod,दीप्तिकालिता
Photoperiodic treatment,दीप्तिकालिक उपचार
Photo phase,प्रकाशीय प्रावस्था
Photoreceptor,प्रकाशग्राही
Photosensitive,प्रकाशसंवेदी
Photosynthesis,प्रकाश-संश्लेषण
Phototropism,प्रकाशानुवर्तन
PH paper,पी. एच. पत्र
Phyllodium,पर्णाभ वृंत
Phylloid,पर्णाभ
Phyalloplane,पर्णतलीय
Phyllosphere,"पर्णपरिवेश, पर्णमंडल"
Phyllotaxy,पर्णविन्यास
Phylogenetic,जातिवृत्तीय
Phylogeny,जातिवृत्त
Phylum,"संघ, फाइलम"
Physiochemical study,भौतिक रासायनिक अध्ययन
Physiology,"शरीरक्रियाविज्ञान, कार्यिकी"
Physiopathology,शरीर रोगाविज्ञान
Phytochemistry,पादपरसायन
Phyto extract,"पादपसार, पादप निष्कर्ष"
Phytogenesis,पादपविकास
Phytogenetics,पादपआनुवंशिकी
Phytohormone,"पादप हार्मोन, फाइटोहार्मोन"
Phytopathogenic bacteria,पादपरोगजनक जीवाणु
Phytophagous,पादपभक्षी
Pick axe,गैंती
Pick motion,उद्ग्रण गति
Pierced coccon,फोकी कोसा
Pigment,वर्णक
Pin head stage,पिन हेड अवस्था
Pipe,"नल, नली, नलिका"
Pit,"गडढा, गढा, गर्त"
Pit system,गर्त पद्धति
Placenta,अपरा
Placenta,2. बीजांडासन
Planimeter,क्षेत्रफलमापी
Plant,"पौधा, पादप"
Plantation,"रोपण, पौधरोपण"
Plant density,पादप सघनता
Plant improvement,पादप सुधार
Plant propagation,पादप प्रवर्धन
Plant protection,"पादप संरक्षण, पौधा रक्षण"
Plasma,जीवद्रव्य
Plasma,2. प्लाज्मा
Plasmoid,प्लाजमाभ
Plasmolysis,"जीवद्रव्यकुंचन, जीवद्रव्यलयन"
Plot,भूखण्ड
Ploughing,"जोतना, जुताई"
Ply,स्तर
Ply,"2. सूती, प्लाइ"
Pocket (of population),विशेश स्थान
Poison,"विष, जहर"
Polar,ध्रुवीय
Pollarding,शाखा कर्तन
Pollen,पराग
Pollen germination,पराग अंकुरण
Pollen grain,परागकण
Pollinated seedling,"परागित नवोदभिद, परागित पौधा"
Pollination,परागण
Pollution,प्रदुषण
Polyembryonic seed,बहुभूणी बीज
Polygamous,बहुसंगमनी
Polygamous,2. सर्वलिंगी
Polyhedral body,"बहुतलीय काय, बहुफलकीय काय"
Polyhedron,बहुफलक
Polymer,बहुलक
Polymerisation,बहुलकीकरण
Polymorphism,बहुरूपता
Polyphagous,विविधभक्षी
Polyploid,बहुगुणित
Polyploidy,बहुगुणिता
Polyster fibre,पॉलिएस्टर तंतु
Polythene,पॉलिथीन
Polytropic ovariole,बहुपोषी अंडाशयक
Poor soil,अल्प उपजाऊ भूमि
Popularisation,लोकप्रियकरण
Population,"समष्टि, जनसंख्या, आबादी"
Population density,जनसंख्या घनत्व
Porometer,रंध्रमापी
Porosity,सरंध्रता
Porous,सरंध्र
Post cocoon technology,कोसोत्तर प्रौदयोगिकी
Post enbryonic development,भ्रुणोत्तर परिवर्धन
Posterior silk gland,पश्च रेशम ग्रंथि
Post harvest,शस्योत्तर
Postmortem,मरणोत्तर परीक्षा
Powdery mildew,चूर्णिल असिता
Powerloom,विद्युत करघा
Practical aspects,"प्रयोगिक पहलू, व्यावहारिक पक्ष"
Practice,"पदधति, प्रक्रिया"
Precipitate,अवक्षेप
Precipitation,अवक्षेपण
Predator,परभक्षी
Predisposing,प्रवर्तनपूर्व
Pre-exposure,"पूर्व प्रभावन, पूर्व उदभासन"
Preliminary study,प्रारंभिक अध्ययन
Pre-requisite,पूवपिक्षित
Preservation,परिरक्षण
Prevalence,"प्रचलन, व्यापकता"
Prevent,"रोक, रोकना"
Prevention,"निरोध, रोकथाम"
Preventive measure,"निरोधी उपाय, रोकथाम उपाय"
Prey,शिकार
Price stabilisation,कीमत स्थिरीकरण
Primary parasite,प्राथमिक परजीवी
Primordium,आद्यक
Probability,"प्रायिकता, संभाविता"
Proboscis,"सूँड, शुंड"
Processed silkwaste,संसाधित रेशम अवशिष्ट
Processing,संसाधन
Product,उत्पाद
Production,उत्पादन
Progeny test,संतति परीक्षा
Programming,प्रक्रमन (कार्यक्रम बनाना)
Project,परियोजना
Proleg,प्रपाद
Propapation,प्रवर्धन
Prophylactic measure,"रोगनिरोधी उपाय, रोगरोध उपाय"
Protection case,रक्षी अवरण
Protein,प्रोटीन
Proteolysis,"प्रोटीन अपघटन, प्रोटीन लयन"
Proteolytic enzyme,"प्रोटीनलयी एन्जाइम, प्रोटीन अपघटक एन्जाइम"
Prothorax,अग्रवक्ष
Protoplasm,"जीवद्रव्य, प्रोटोप्लाज्म"
Prototrophic,सर्वसंश्लेषी
Protozoa,प्रोटोज़ोआ
Protrusion,बहिःसरण
Proximity,निकटता
Pruning,"छंटाई, काट-छाँट"
Pruning knife,छंटाई चाकू
Pruning saw,छंटाई आरी
Pseudo leg,छटमपाद
Pseudo resistant,छद्म प्रतिरोधी
Pulse,स्पंद
Pulse,2. दाल
Pupa,"कोशित, प्यूपा"
Pupal mortality,कोशित मर्त्यता
Pupal weight,कोशित भार
Pupation,कोशितीकरण
Purification,"शोधन, निर्मलीकरण, स्वच्छीकरण"
Putrefaction,पूयन
Putrified body fluid,पूयित काय तरल
Pygidium,पाइजिडियम
Qualitative trait,गुणात्मक विशेषक
Quality cocoon,"उत्कृष्ट कोया, उत्कृष्ट कोसा"
Quantitative trait,मात्रात्मक विशेषक
Quarantine,संगरोध
Quercus,क्वेर्कस
Quiescent stage,शान्त अवस्था
Race,प्रजाति
Radiation,विकिरण
Radical,मूलद
Radical,2. मूलक
Radiole,मूलांकुर
Raily,रैली (मध्य प्रदेश के तसरकीट की पारिजाति)
Rain fall,वर्ष
Rainfed,"वर्षश्रित, वर्ष पोषित"
Raise,"बढ़ाना, पालना, उगाना"
Random,यादृच्छित
Random block design,यादृच्छित खंड अभिकल्प
Range,"परास, रेन्ज, राजि"
Raw silk,कच्चा रेशम
Rear,कीटपालन
Rearer,कीटपालक
Rearing,कीटपालन
Rearing appliance,कीटपालन उपकरण
Rearing field,कीटपालन क्षेत्र
Rearing house,कीटपालन गृह
Rearing period,कीटपालन अवधि
Rearing stand,कीटपालन स्टैन्ड
Rearing technique,कीटपालन तकनीक
Rearing tray,कीटपालन ट्रे
Recessive,अप्रभावी
Reciprocal cross,पारस्परिक संकरण (प्रजनन के संबंध में)
Reclamation,"उदधार, भूमि सुधार"
Recombinant,पुनर्योगज
Recombination,पुनर्योजन
Recovery,पुनःप्राप्ति
Rectal protrusion,मलाशय बहिःसरण
Rectum,मलाशय
Red beetle,लाल भृंग
Red loamy soil,लाल दुमट मृदा
Reduction,"न्यूनीकरण, अपचयन"
Reduvidae,रेडुवाइडी
Reed,नरकुल नरकट
Reelability,धागाकरण क्षमता
Reeled,धागाकृत
Reeler,धागाकार
Reeling,धागाकरण
Reeling cocoon,धागा योग्य कोसा
Reeling machine,धागाकरण यंत्र
Reeling performance,धागाकरण निष्पादन
Refrigeration,प्रशीतन
Refrigerator,"रेफ्रिजरेटर, प्रशीतित्र, फ्रिज"
Regeneration,पुनर्जनन
Regression,प्रतिक्रमण
Regular phenomenon,नियमित परिघना
Reinfection,पुनस्संक्रमण (पुनः संक्रमण)
Rejuvenation,पुनर्युवन
Relative growth rate,आपेक्षिक वृद्धि दर
Relative humidity,आपेक्षिक आर्द्रता
Relevant data,सुसंगत आँर्द्रता
Renditta,रेंडिट्टा (प्रति किलोग्राम कच्चे रेशम हेतु आवश्यक कोसा वजन)
Reorientation,"पुनर्विन्यास, पुनः अभिविन्यास"
Repallent,प्रतिकर्षी
Replication,प्रतिकृति
Replication,2. पुनरावृत्ति
Replinishment,पुनःपूर्ति
Reproduction,जनन
Rereel,पुनःधागाकरण (धागे को पुनः चरखी पर लपेटना)
research,अनुसंधान
Reservoir,"जलाशयस हौज, कुंड"
Residual toxicity,अवशिष्ट आविषालुता
Residue,अवशिष्ट
resin finish,रेजिन परिष्कृति
Resistance,"प्रतिरोध, अवरोध"
Resistant strain,"प्रतिरोधी प्रभेद, प्रतिरोधी विभेद"
Respiratory system,श्वसन तंत्र
Respiratory tube,श्वास नली
Retropharngeal,अनुग्रसनी
Retrosternal,उरोस्थिपृष्ठ
Revolving mountage,परिक्रामी चंद्रिका
Rewinding,पुनःआवलन
Rhizoplane,मूलतलीय
Rhizosphere,"मूलपरिवेश, मूलमंडल"
Ricinus communis*,"रिसिनस कॉम्युनिस (एरंड, अंडी)"
Riddling,कोटिकरण (फूलास रहित कोसों की आकारनुसार छँटाई)
Ridge,"कटक, मेड, रिज"
Rigor,"कठोर, दृढ़"
Ring,"वलय, छल्ला"
Ring rail,वलय पथ
Ring spinning,वलय कताई
Ring traveller,चल वलय
Rodenticide,कृन्तकनाशी
Root borer,"मूल बेधक, जड़ बेधक"
Rooting media,मूवन माध्यम
Root system,"मूल-तंत्र, जड़-तंत्र"
Rot,विगलन
Rotation per minute (RPM),प्रति मिनट घूर्णन
Roving,पूनी बनाना
Row system,"पंक्ति पद्धति, पंक्ति तंत्र"
Rust,किट्टी
Rust,2. जंग
Safe period,निरापद अवधि
Safe period,2. प्रतीक्षा काल
Saline,"नमकीन, खारा, लवणीय"
Saline soil,लवणीय मृदा
Salinity,"लवणता, खारापन"
Salinity tolerance,लवण सहिष्णुता
Salt,"लवण, नमक"
Sample,"नमूना, प्रतिदर्श"
Sanitation,स्वच्छता
Sapling,पौध
Saprophyte,"मृतजीवी, पूतिजीवी"
Satin,साटन
Saturated solution,संतृप्त विलयन
Scale,शल्क
Scale,"2. पैमाना, मापनी"
Scale insect,शल्क-कीट
Schappe,शापे (कता रेशम)
Schedule,", कार्यक्रम"
Schedule,2. अनुसूची
Schematic represetation,व्यवस्थात्मक निरूपण
Scientific frame,वैज्ञानिक रूपरेखा
Sclerenchyma,दृढ़ोतक
Sclerite,कठक
Scleroid,"दृढ़ कोशिका, कठोर कोशिका"
Sclerosis,दृढ़न
Scoto period,तिमिरावधि
Scoto phase,तिमिर प्रावस्था
Screeing,चयन
Screen making,स्क्रीन बनाना(छपाई के संबंध में)
Scrooping,सरसराहट
Scason,"मौलम, ऋतु"
Scasonal abundance,मौसमी प्रचुरता
Scasonal fluctuation,मौसमी उतार-चढ़ाव
Secateur,"कलम-कैंटी, छांटने की कैंची"
Secondary nutient,द्वितीयक पोषक
Secondary parasite,द्वितीयक परजीवी
Secretion,"स्राव, स्रवण"
Section,अनुभाग
Section,2. काट
Seed multiplication,बीज गुणन
Seed propagation,बीज प्रवर्धन
Seed selection,बीज चयन
Seed treatment,"अंड उपचार, बीज उपचार"
Segment,खंड
Segmental,खंडीय
Segmentation,खंडीभवन
Segregation,विसंयोजन
selection,"चयन, वरण"
Selective,"वरणात्मक, चयनात्मक"
Self pollination,स्वपरागण
Semi domesticated,अर्ध पालतू
Sense-organ,"संवेदी अंग, ज्ञानेन्द्रिय"
Sensitive,"संवेदशील, सुग्राही"
Sensory,"संवेदी अंग, ज्ञानेन्द्रिय"
Sensory organ,"ज्ञानेंद्रिय, संवेदी अंग"
septate,पटयुक्त
Septation,पटीयन
Sericin,सेरिसिन
Sericologist,"रेशमविद्, रेशमविज्ञानी"
Sericulture extension,"रेशम संवर्धन विस्तार, रेशम उत्पादन विस्तार"
Sericulturist,रेशम उत्पादक
Series,"श्रेणी, श्रृंखला, माला"
Serological,"सीरमी, सीरम संबंधी"
Serrated margin,क्रकचित कोर
Serration,क्रकचन
Serum,सीरम
Seta,"शूक, सीटा"
Seta,2. स्फोटिका-वृंत
Sex chromosome,लिंग गुणसूत्र
Sexlimited strain,"लिंगसीमित प्रभेद, लिंगसीमित विभेद"
Sex linked,लिंग सहलग्न
Sex pheromone,"लिंग फीरोमोन, सेक्स फीरोमोन"
Sex ratio,लिंग अनुपात
Sexual dimorphism,लैंगिक द्विरूपता
Sexual reproduction,लैंगिक जनन
Shadding motion,ताना-अंतराल गति
Shadding rooted,सतही जड़वाला
Shelf rearing,शेल्फ कीटपावलन
Shell,कवच
Shell,2. खोल
Shell,3. कोश
Shell ratio,कवच अनुपात
Shell weight,कवच भार
Shoot,प्ररोह
Shoot borer,प्ररोह बेधक
Shoot harvest,प्ररोह कटाई
Shoot hole,प्ररोह छिद्र
Shoot rearing,प्ररोह कीटपालन
Shot hole,विस्फोट-छिद्र
Shrink,"सिकुड़ना, संकुचन"
Shrinkage,"सिकुड़ना, संकुचन"
Sickle,"दराँती, हंसिया"
Silk,"रेशम, कौशेय, सिल्क"
Silk content,"रेशम अंश, रेशम अंतर्वस्तु"
Silken,रेशमी
Silk fabric,रेशम वस्त्र
Silk gland,रेशम ग्रंथि
Silk moth,रेशम शलभ
Silk product,रेशम उत्पाद
Silk ratio,रेशम अनुपात
Silk throwing,रेशम व्यावर्तन
Silk waste,"रेशम अवशिष्ट, रेशम छीजन"
Silkworm,"रेशमकीट, कौशेयक"
Silkworm rearing,रेशमकीट पालन
Silkworm seed,रेशमकीट अंड
Silty soil,पांशु मृदा
Silver,"रजत, चांदी"
Silver spot,रजतीय धब्बा
Sizing,माड़ी लगा
Skeining,लच्छी बनाना
Sketch,रेखाचित्र
Slide,स्लाइड
Sliver,पूनी
Sliver,2. प्रपट्ट
Sliver,3. स्लाइवर
Sloppy land,ढालुआ जमीन
Sluggish,"मंद, सुस्त"
Smear,"आलेप, आलेपन"
Snarl yarn,कुण्डलित सूत
Soaking (of cocoon),(कोसा) भिगोना
Soap method,साबुन विधि
Soap solution,साबुन विलयन
Social forestry,सामाजिक वानिकी
Socio economic framework,सामाजिक आर्थिक ढ़ाँचा
Softening agent,"मृदुकारक, मृदुकारी"
Softness,"मुता, कोमलता"
Soft rot,मृदा विगलन
Soil erosion,"भूमि अपरदन, मृदा अपरदन"
Soil insect,मृदा कीट
Soil management,"मृदा प्रबंध, मृदा व्यवस्खा"
Soil moisture,मृदा आर्द्रता
Soil reclamation,मृदा अद्रधार
Soil temperature,मृदा तापमान
Soil texture,मृदा गठन
Solute,विलेय
Solution,विलयन
Solvent,विलायक
Somatic chromosome,कायिक गुणसूत्र
Somatoclonal variation,कायिक क्लोनी विविघता
Sorting,"श्रेणीकरण, छांटना"
Sowing,"वपन, बोना"
Spacing,"अंतराल, अंतरालन"
Spade,फावड़ा
Spasm,"ऐंठन, मरोड़"
Species,"जाति, स्पीशीज"
Specific combining ability,विशिष्ट संयोजन योग्यता
Specific gravity,आपेक्षिक घनत्व
Specific growth rate,विशिष्ट वृद्दिध दर
Sperm,शुक्राणु
Sperm,"2. पुमणु, बीज"
Spermatogenesis,शुक्रजनन
Spermatozoan,शुक्राणु
Spermatozoid,पुमणु
Spider silk,"मकड़ी रेशम, लूता रेशम"
Spindle,"तर्कु, तकुआ"
spinneret,वयनांग
spinneret,"2. स्पिनरेट, वयित्र"
Spinning,कताई
Spinning of cocoon,कोसा निर्माण
Spinning wheal,चरखा
Spiracle,श्वास रंध्र
Split dose,निभक्त मात्रा
Sporadic incidence,"कदाचनिक प्रभाव , छिटपुट प्रभाव"
Spore,बीजाणु
Sporoblast,बीजाणुकोरक
Sporocarp,बीजाणु-फलिका
Sporocyst,बीजाणुपुटी
Sporocyte,बीजाणुकोशिका
Sporoderm,बीजाणु त्वचा
Sporodochium,स्पोरोडोकियम
Sporoduct,बीजाणुवाहिनी
Sporophyte,बीजाणु-उद्भिद्
Sporozoa,स्पोरोजोआ
Sporulating bacteria,"बीजाणुकजनन जीवाणु, बीजाणुकजनन बैक्टीरिया"
Sporulation,बीजाणुकजनन
Sporule,बीजाणुक
Spotted,चित्तीदार
Spotted cocoon,चित्तीदार कोसा
Spray,"फुहारना, फुहारा"
Sprayer,"फुहारक, शीकरक, फुहारा"
Spraying,"फुहार, छिड़कावस, शीकरण"
Spring balance,कमानीदार तुला
Spring crop,वसंत फसल
Sprinkle,छिड़कना
Sprinkler irrigation,सेकत्र सिंचाई
Sprorphyll,बीजाणुपर्ण
Sprouting,अंकुरण
Spun silk,कता रेशम
Spun silk yarn,कता रेशम सूत
Stability parameter,स्थायित्व प्राचल
Stabilization,"स्थिरीकरण, स्थायीकरण"
Stabilize,"स्थिरीकरण, स्थायीकरण"
Stabilizer,स्थायीकारी
Stadium (stadia),अंतरावस्था
Stage,"अवस्था, चरण"
Stagnation,"प्रगतिरोध, रूद्धता"
Staining,"अभिरंजन, रंगला"
Stalked,सवृंत
Standard,मानक
Standard deviation,मानक विचलन
Standard error,मानक त्रुटि
Standardisation,मानकीकरण
Standard solution,मानक विलयन
Staple,"सूत्रक, स्टेपल"
Stapling,स्टेपलिंग (अपेक्षित लंबाई में रेशम काटना)
Starch,"मंड, माँड़ी, स्टार्च"
Station,केन्द्र
Station,2. स्टेशन
Steady,"अचर, स्थिर"
Steam borer,तनाबेधक
Steam canker,"स्तम्भ प्रवण, तना कैंकर"
Steaming of cocoon,कोसा वाष्पीकरण
Steep land,खड़ी दलुआ भूमि
Stem blight,"स्तम्भ अंगमारी, तना अंगआरी"
Step down shoot harvest,अवरोही प्ररोह कटाई
Step pulley,सोपानी घिटनी
Step up shoot harvest,आरोही प्ररोह कटाई
Sterile,वंध्य
Sterile,"2. रोगाणुरहित, निर्जर्म"
Sterile,"3. अनुर्वर,"
Sterile adult,"वंध्य वयस्क, वंध्य प्रौढ़"
Sterility,वंध्यता
Sterilization,"वंध्यकरण, अनुर्वरीकरण, निर्जर्मीकरण"
Stifled cocoon,"श्वासरुद्ध कोया, सूखा कोसा"
Stifling,"श्वासरोधन, दमघोट (प्यूपा का ताप से मारने की क्रिया)"
Stigma,वर्तिकाग्र
Stigmasterol,सिटगमास्टेरॉल
Stimulant,उद्दीपक
Stimulation,उद्दीपन
Stirrer,विलोडक
Stoma (stomata),रंध्र
Stomatal resistance,रंध्री प्रतिरोध
Storage,भण्डारण
Store,भण्डार
Strain,प्रभेद
Strand,रज्जुक
Strawbed,पुआल विछावन
Streakless egg,धारीरहित अंडा
Strength,"शक्ति, सामर्ध्य, सांद्रता"
Streptococcus,स्ट्रेप्टोकोकस
Stress,प्रतिबल
Stress condition,प्रतिबल दशा
Striped,"रेखित, धारीदार"
Stroma,पीठिका
Strome,पीठिका
Stump,ठूंठ
Stump plantation,"ठूंठ रोपण, जड़-धड़ रोपण"
Stunted,अवरुद्ध
Subclass,उप वर्ग
Subculture,उप संवर्ध
Subfamily,उप कुल
Sub-himalayan belt,अधो-हिमालयी पट्टी
Sub-lethal,अक्घातक
Sublimate,ऊर्ध्वपातज
Sublimation,ऊर्ध्वपातन
Sublines,उपवंशक्रम
Suborder,उपगण
Subphylum,उपसंघ
Subspecies,उपजाति
Sub-station,उप केन्द्र
Subterranean,"भूमिगत, अंतःभूमिक"
Succulent leaf,"सरस पर्ण, गूदेदार पत्ती"
Suction,चूषण
Summer autumn crop,ग्रीष्म-शरद फसल
Sun drying,"सौर शूष्कन, धूम शुष्कन"
Super elite egg,अति प्रवर अंड
Superfamily,अधिकुल
Supernatant,अधिप्लवी
Surface active agent,पृष्ठ सक्रियकारक
Surface soil,सतही मिट्टी
Survey,सर्वेक्षण
Survival,"उत्तरजीविचा, अतिजीविता"
Susceptible,"सुग्राह्य, अतिसंवेदनशील"
Sweet box,"अंड डब्बा, स्वीट बॉक्स"
Symbiosis,"सहजीवन, सहजीविता"
Symptom,लक्षण
Syndrome,संलक्षण
Syngamy,युग्मक-संलयन
Syngenesis,सहजनन
Synthesis,संश्लेषण
Synthetic fibre,संश्लिष्ट रेशा
Syrup,"शीरा, सिरप"
System,"पद्धति, प्रणाली, तंत्र"
Systematic selection,"क्रमबददध चयन, क्रमबद्ध वरण"
Systemic fungicide,सर्वांगी कवकनाशी
Tapping,"थपकना, थपथपाना"
Target,लक्ष्य
tasar,तसर
tasar culture,"तसर संवर्धन, तसर उत्पादन"
Taxonomy,"वर्गीकरणविज्ञान, वर्गिकी"
Technician,"प्रविधिज्ञ, तकनीशियन"
Technique,"तकनीक, प्रविधि"
Technological,प्रौद्योगिक
Technology,"प्रौद्योगिकी, टेक्नोलॉजी"
Telophase,अंत्यावस्था
Temperate,शीतोष्ण
Temperate condition,शीतोष्ण दशा
Temperature,तापमान
Tenacity,लगिष्णुता
Tender leaf,कोमल पत्ती
Tensile strength,तनन सामर्थ्य
Tensiometer,"पृष्ठतनावमापी, तनावमापी"
Terminal bud,अंतस्थ कलिका
Termite,दीमक
Test,"परीक्षण, परख"
Test cross,"परीक्षणार्थ-संकर, परीक्षण-संकर"
Testing,परीक्षण
Testis,वृषण
Test tube,"परख नली, परीक्षण नली"
Teramoulter,चतुर्निर्मोकी
Tetraploid,चतुर्गुणित
Textile,"वस्त्र, पटड़ा"
Texture,"बुनावट, गठन, संव्यूति"
Thatched house,"छप्पर घर, तृण गृह"
Thermic,ऊष्मिक
Thermic control,ऊष्मिक नियंत्रण
thermometer,"तापमापी, थर्मामीटर"
Thermophoto periodic treatment,ताप-प्रकाश आवधिक उपचार
Thermosetting resin,तापदृढ़ रेज़िन
Thermostat,तापस्थापी
Thesis,"शोध प्रवंध, थीसिस"
Thin layer chromatography,विरल परत वर्णलेखन
Thiotepa,थीयोटेपा
Thoracic leg,वक्षीय पाद
Thorax,वक्ष
Thread,"धागा, डोरा, तागा"
Threshold,देहली
Thrips,"रसाद, थ्रिप्स"
Thrown silk,व्यावर्तित रेशम
Throglobulin,थायरोग्लोबुलिन
Tibia,"अंतर्जंघिका, टिबिया"
Tick,"कुटकी, किलनी"
Tillage,"कर्षण, जुताई"
Tilth,"जुताई, जोती भूमि"
Tissue,ऊतक
Tissue culture,ऊतक संवर्धन
Tissue water balance,ऊतक जल संतुलन
Titration,अनुमापन
Tolerance,"सहन, सहिष्णुता"
Top clipping,फुनगी तोड़ना
Topography,स्थालाकृति
Toxic,आविषालु
Toxicant,आविषाक्त
Toxicity,आविषालुता
Toxin,"आविष, टॉक्सिन"
Trachea,"श्वासनली, वातक, श्वास प्रणाल"
Tracheole,"श्वासनलिका, लघुवातक"
Track,"टिकिया, खली, केक"
Trader,व्यापारी
Traditional state,परम्परागत राज्य
Trainee,प्रशिक्षणार्थी
Trait,विशेषक
Tram silk,अल्प व्यावर्तित रेशम
Transcription,अनुलेखन
Transduction,पारक्रमण
Transformation,"रूपांतरण, रूपांतर"
Translocation,स्थानांतरण
Transmission,"पारगमन, प्रेषण"
Transovarial,पारअण्डाशयी
Transpiration,वाष्पोत्सर्जन
Transpirometer,वाष्पोत्सर्जनमापी
Transplantation,प्रतिरोपण
Traverse motion,चंक्रमगति
Treated,"उपचारित, अभिक्रियित"
Treatment,"उपचार, अभिक्रिया"
Tree,"वृक्ष, पेड़"
Trench,खाई
Trial,"परीक्षण, जांच, परख"
Trial rearing,परीक्षणार्थ कीटपालन
Triangular file,"त्रिकोण रेती, तिकोनी रेती"
Tribal,आदिवासी
Trifoliate,त्रिपर्णक
Trimming,"समाकर्तन, कतरना"
Trimorphism,त्रिरूपता
Trimorphus,त्रिरूप
Trimoulter,त्रिनिर्मोकी
Triple beam balance,त्रिदंडतुला
Triploid,त्रिगुणित
Trochanter,शिखरक
Trochantin,"ट्रोकेन्टिन, संधिकठक"
Trochosphere,चक्रगोलक
Trophochromatin,"ट्रोफोक्रोमेटिन, पोषक्रोमेटिन"
Trophocyte,पोषकाणु
Trophophyll,पोषी पर्ण
Trophoplasm,पोषद्रव्य
Trophotaxis,पोषानुचलन
Trophotropism,पोषानुवर्तन
Trophozoite,"पोषाणु, पोष जीवाणु"
Tropical,उष्णाकटिबंधीय
Tropical belt,उष्णाकटिबंधीय पट्टी
Tropical condition,उष्णाकटिबंधीय दशा
Tropical tasar,उष्णाकटिबंधीय तसर
Tubercle,गुलिका
Tuft,"चूड़ा, गुच्छा"
Tukra disease,टुकरा रोग
Turbid,"आविल, गंदला"
Twig blight,टहनी अंगमारी
Twill,ट्विल (एक प्रकार की बुनाई)
Twist,"व्यावर्त, ऐंठन"
Twister,व्यावर्तक
Twisting,"व्यावर्तन, ऐंठन"
Twist per inch(T.P.I),व्यावर्त प्रति इंच (टी पी आई)
Tympanic membrane,कर्णपटह झिल्ली
Ultracentrifugation,दुत अपकेंद्रण
Ultra centrifuge,दुत अपकेंद्रत्र
Ultrastructure,"परासंरचना, परारचना"
Underemployment,"अपूर्ण रोजगार, अल्प रोजगार"
Unfertile land,"अनुर्वर भूमि, अनुपजाऊ भूमि"
Univoltine,एकप्रज
Unrooted stup,"निर्मूल ठूंठ, जड़हीन ठूंठ"
Unsaturated solution,असंतृप्त विलयन
Untwisted,"ऐंठनरहित, अव्यावर्तित"
Unwinding,"अनावलन, अकुंडलन"
Uptake,"उदग्रहण, अंतर्ग्रहण"
Uredospore,यूरीडोबीजाणु
Urination,मूत्रण
Utilization efficiency,उपयोजन दक्षता
Uzicide,यूजीनाशी
Uzifly,यूजी मक्खी
Uzi maggot,यूजी अपादक
Vaccination,"टीका, टीका लगाना"
Z-twist,जेड-वेष्टन
