English,Punjabi
abiogenesis,ਅਬਾਇਓਟਿਕ ਪ੍ਰਜਨਨ
abnormal,ਅਲੌਕਿਕ
abomasum,1. ਚੌਥਾ ਪੇਟ 2. ਈਵੋਮਾਸੋਮ
aborted organ,ਸਟੋਮੈਟਲ ਵਿਕਾਸ ਅੰਗ
aborted seed,ਰੁਕਿਆ ਹੋਇਆ ਵਾਧਾ ਬੀਜ
abortion,1. ਗਰਭਪਾਤ 2. ਗਰਭਪਾਤ 3. ਵਿਕਾਸ ਪ੍ਰਤੀਰੋਧ
absolute weed,1. ਅਣਚਾਹੇ ਜੰਗਲੀ ਬੂਟੀ 2. ਮੁਕੰਮਲ ਨਦੀਨ
absorbed cation,ਲੀਨ cation
absorption,ਸਮਾਈ
abyssinian mustard,ਐਬੀਸੀਨੀਅਨ ਸਰ੍ਹੋਂ
acaricide,1. ਐਕਰੀਸਾਈਡ
accentric,centripetal
accentuate (cell),ਪ੍ਰਸਾਰਨ (ਸੈੱਲ)
accepted tolerance,ਮਨਜ਼ੂਰ ਸਹਿਣਸ਼ੀਲਤਾ
accessory,1. ਵਾਧੂ 2. ਐਕਸੈਸਰੀ 3. ਐਕਸੈਸਰੀ
acclimatization,ਅਨੁਕੂਲਨ
accumulation,ਇਕੱਠਾ ਕਰਨਾ
accuracy,1. ਸ਼ੁੱਧਤਾ 2. ਸ਼ੁੱਧਤਾ
acervulus,1. ਏਸਰਵੁਲਸ 2. ਸਪੋਰੋਫਾਈਟ
acetification,1. ਐਸੀਟਾਈਜ਼ੇਸ਼ਨ 2. ਸਿਰਕਾ ਬਣਾਉਣਾ 3. ਐਸੀਟਿਲੇਨ
acidification,1. ਤੇਜ਼ਾਬੀਕਰਨ 2. ਤੇਜ਼ਾਬੀਕਰਨ
acidimeter,1. ਐਸੀਡੋਮੀਟਰ 2. ਐਸਿਡਮੀਟਰ
acidity,ਐਸਿਡਿਟੀ
acidophilic,ਐਸਿਡੋਫਾਈਲ
acidulated rock phosphate,ਤੇਜ਼ਾਬ ਚੱਟਾਨ ਫਾਸਫੇਟ
aciduric,ਤੇਜ਼ਾਬ
acquifer,aquifer
acquisition,ਪ੍ਰਾਪਤੀ
acre,ਏਕੜ
acreage,1. ਖੇਤਰ 2. ਖੇਤਰ
acrocentric chromosome,ਅੰਤ ਬਿੰਦੂ ਕ੍ਰੋਮੋਸੋਮ
acropetal,ਅਗਾਂਹਵਧੂ
acrosome,acrosome
actinomycetes,ਐਕਟਿਨੋਮਾਈਸੀਟਸ
active root zone,ਸਰਗਰਮ ਕੋਰ
acute,1. ਗੁੱਸੇ ਵਾਲਾ 2. ਤੀਬਰ
adaptability,ਅਨੁਕੂਲਤਾ
adaptation,ਕਸਟਮਾਈਜ਼ੇਸ਼ਨ
adhesion,1. ਅਡੈਸ਼ਨ 2. ਅਡੈਸ਼ਨ
adipose,sebaceous
adjustment equation,ਸਮਾਯੋਜਨ ਸਮੀਕਰਨ
adobe soil,ਅਡੋਬ ਮਿੱਟੀ
adulterant,ਮਿਲਾਵਟ ਕਰਨ ਵਾਲਾ
adventitious,ਐਕਟੋਪਿਕ
aecidiospore,ਆਈਸੀਡਿਓਸਪੋਰ ਆਈਸੀਡੀਅਮ ਸਪੋਰ
aeolian process,ਐਰੋਡਾਇਨਾਮਿਕ ਪ੍ਰਕਿਰਿਆ
aeolian,ਵੈਂਟ੍ਰਲ
aerate,ਹਵਾ ਦੇਣ ਲਈ
aerial,1. ਹਵਾ 2. ਆਕਾਸ਼ੀ
aerometer,1. ਐਰੋਮੀਟਰ 2. ਐਰੋਮੀਟਰ 3. ਐਰੋਮੀਟਰ
aerosol,ਐਰੋਸੋਲ
aestivation,1. ਫੁੱਲ 2. ਗਰਮੀਆਂ ਦੀ ਸੁਸਤਤਾ
aetiology (etiology),ਬਿਮਾਰੀ ਦਾ ਵਿਗਿਆਨ
afforestation,ਜੰਗਲਾਤ
agitation,1. ਅੰਦੋਲਨ 2. ਗੜਬੜ
agmark,ਐਗਮਾਰਕ
agrarian,1. ਜ਼ਮੀਨ ਨਾਲ ਸਬੰਧਤ 2. ਖੇਤੀਬਾੜੀ
agricultural clinic,ਖੇਤੀਬਾੜੀ ਕਲੀਨਿਕ
agricultural labour,1. ਖੇਤੀ ਮਜ਼ਦੂਰ 2. ਖੇਤੀ ਮਜ਼ਦੂਰ
agricultural marketing,ਖੇਤੀਬਾੜੀ ਮੰਡੀਕਰਨ
agricultural technology,ਖੇਤੀਬਾੜੀ ਤਕਨਾਲੋਜੀ
agriculture,1. ਖੇਤੀ 2. ਖੇਤੀ 3. ਖੇਤੀ ਵਿਗਿਆਨ
agrisilviculture,ਖੇਤੀਬਾੜੀ ਜੰਗਲਾਤ
agrobiodiversity,ਖੇਤੀਬਾੜੀ ਜੈਵ ਵਿਭਿੰਨਤਾ
agrobiological defects,ਖੇਤੀਬਾੜੀ ਜੈਵਿਕ ਨੁਕਸ
agrobiology,ਖੇਤੀਬਾੜੀ ਜੀਵ ਵਿਗਿਆਨ
agroclimatic diversity,ਖੇਤੀ-ਜਲਵਾਯੂ ਵਿਭਿੰਨਤਾ
agroclimatic zoning,ਖੇਤੀ ਜਲਵਾਯੂ ਖੇਤਰ ਦੀ ਰਚਨਾ
agroforestry,ਖੇਤੀ ਜੰਗਲਾਤ
agrology,ਖੇਤੀ ਵਿਗਿਆਨ
agronomy,ਖੇਤੀ ਵਿਗਿਆਨਕ
agropastoral,ਖੇਤੀਬਾੜੀ ਪੇਸਟੋਰਲ
agroprocessing,ਫਸਲ ਪ੍ਰੋਸੈਸਿੰਗ
agrostology,ਘਾਹ ਵਿਗਿਆਨ
agrotype,ਫਸਲ ਦੀ ਕਿਸਮ
air plant,epiphyte
akiochi soil,aikiochi ਮਿੱਟੀ
albinism,ਰੰਗ ਅੰਨ੍ਹਾਪਨ
alfisols,alfisol
algae,ਐਲਗੀ
algal disease,ਐਲਗੀ ਰੋਗ
alkali water,ਖਾਰੀ ਪਾਣੀ
alkaline,ਖਾਰੀ
allele,ਵਿਕਲਪਕ
allelochemicals,ਐਲੇਲੋ ਕੈਮਿਸਟਰੀ
allelomorph,ਐਲੀਲ
allelopathy,ਐਲੇਲੋਪੈਥੀ
alley cropping,ਵੇਥੀ ਦੀ ਫਸਲ
allocarpy,ਸੰਪੂਰਨਤਾ
allogamy,ਗਰੱਭਧਾਰਣ ਕਰਨਾ
allometry,1. ਰਿਲੇਟੀਵਿਟੀ 2. ਐਲੋਮੈਟਰੀ
allopolyploid,multiploidy
allosynapsis (allosyndesis),1. ਪੈਰਾਜ਼ੀਗੋਸਿਟੀ
alternate bearing,1. ਵਿਕਲਪਕ ਸਾਲ ਫੰਕਸ਼ਨ 2. ਵਿਕਲਪਕ ਫੰਕਸ਼ਨ
alternate land use,ਬਦਲਵੀਂ ਜ਼ਮੀਨ ਦੀ ਵਰਤੋਂ
ambient,ਵਾਤਾਵਰਣ
ameliorant,ਸੁਧਾਰਕ
amitosis,ਮਾਈਟੋਸਿਸ
amminization,ਆਮੀਨ
ammonification,ਐਮੋਨੀਅਨ
ammonifier,amniferous
amorph,1. ਬੇਅਸਰ ਰੂਪ 2. ਅਰੂਪੀ
amphimixis,amphibian ਮਿਸ਼ਰਣ
amphoteric,ਐਮਫੋਟੇਰਿਕ
anabolism,ਭੰਡਾਰ
anaerobe,1. ਐਨਾਇਰੋਬਿਕ 2. ਐਨਾਇਰੋਬਿਕ ਜੀਵ
aneuploid,ਹੈਪਲੋਇਡ
angle planting,ਕੋਣੀ ਲਾਉਣਾ
animal husbandry,ਪਸ਼ੂ ਪਾਲਣ
animal refuse,ਜਾਨਵਰ ਦੇ ਮਲ-ਮੂਤਰ
animate energy,ਜੀਵਤ ਊਰਜਾ
anisoploid,ਅਸਧਾਰਨ
annual plant,ਇੱਕ ਸਾਲ ਪੁਰਾਣਾ ਪੌਦਾ
annual,ਸਾਲਾਨਾ
anthesis,1. ਅਨੰਦ 2. ਚਮਕ
anthrax,ਐਂਥ੍ਰੈਕਸ
anthropogenic factor,ਮਾਨਵ-ਜਨਕ ਕਾਰਕ
antibiosis,ਬਚਾਅ
antibiotic,1. ਐਂਟੀਬਾਇਓਟਿਕ 2. ਐਂਟੀਬਾਇਓਟਿਕ
antidote,ਘਿਣਾਉਣੀ
antioxidants,ਐਂਟੀਆਕਸੀਡੈਂਟ
antitoxin,ਐਂਟੀਟੌਕਸਿਨ
anulus,ਰਿੰਗ ਉਂਗਲ
aphid,1. ਐਫੀਡ 2. ਮਹੂ 3. ਚੇਪਾ
apical bud,ਚੋਟੀ ਦੇ ਮੁਕੁਲ
apical dominance,ਸਿਖਰ ਪ੍ਰਭਾਵ
apiculture (bee keeping),ਮਧੂ ਮੱਖੀ ਪਾਲਣ
apomixis,ਅਲੌਕਿਕਤਾ
apoptosis,apoptosis
appendage,ਜੋੜ
appetizer,ਭੁੱਖ ਵਧਾਉਣ ਵਾਲਾ
applied,ਲਾਗੂ ਕੀਤਾ
aquatic weed,ਜਲਜੀ ਬੂਟੀ
arboreal,1. ਰੁੱਖ 2. ਰੁੱਖ ਨਿਵਾਸੀ
arborization,ਬ੍ਰਾਂਚਿੰਗ
archaeo-botanical records,ਪ੍ਰੋਟੋਬੋਟੈਨੀਕਲ ਰਿਕਾਰਡ
area statistics,ਜ਼ੋਨ ਨੰਬਰ
area,1. ਖੇਤਰ 2. ਖੇਤਰ
arid ecosystem,ਖੁਸ਼ਕ ਈਕੋਸਿਸਟਮ
aril,cotyledon
aroma,ਸੌਰਭ
aromatic plant,ਖੁਸ਼ਬੂਦਾਰ ਪੌਦਾ
aromatic rice,ਸੁਗੰਧਿਤ ਚੌਲ
arrowing,ਇਕੁ ਪੁਸ਼ਪੰ ॥
asepsis,ਅਸੈਪਟਿਕ
aseptic,1. ਅਸੈਪਟਿਕ 2. ਅਸੈਪਟਿਕ
asexual propagation,ਅਲੌਕਿਕ ਪ੍ਰਜਨਨ
assay,ਆਕਾਰ
assets,ਸੰਪਤੀ
assimilation,1. ਸਮੀਕਰਨ 2. ਸਮੀਕਰਨ
association,1. ਐਸੋਸੀਏਸ਼ਨ 2. ਐਸੋਸੀਏਸ਼ਨ
astringent,1. ਕਾਲਮ 2. astringency
asynapsis,heterozygosity
atavism,1. ਪੂਰਵਜ 2. ਅਟਾਵਿਜ਼ਮ
atomizer,ਕਣ
atrophy,1. ਅਪੁਸ਼ਟਤਾ 2. ਵਿਗਾੜ
autogamy,ਸਵੈ ਜੋੜਾ
autolysis,autolysis
autooxidation,1. ਸੁਭਾਵਕ ਆਕਸੀਕਰਨ 2. ਸਵੈ-ਚਾਲਤ ਆਕਸੀਕਰਨ
autopolyploid,ਸਵੈ ਮਲਟੀਪਲੈਕਸ
auxins,auxin
awn (bristle),1. ਹਿਲਾ 2. ਟੌਡ
baccilovirus,ਸਜ਼ਾ ਵਾਇਰਸ
bacillus,1. ਬੇਸੀਲਸ 2. ਬੇਸੀਲਸ
bacteria,1. ਬੈਕਟੀਰੀਆ 2. ਬੈਕਟੀਰੀਆ
bacteriotoxin,ਬੈਕਟੀਰੀਆ ਦੇ ਜ਼ਹਿਰ
bagasse,ਬੈਗਾਸ
balance sheet,ਸੰਤੁਲਨ ਸ਼ੀਟ
balanced fertilization,ਸੰਤੁਲਿਤ ਖਾਦ ਦੀ ਵਰਤੋਂ
bar diagram,ਬਾਰ ਗ੍ਰਾਫ
bark,ਸੱਕ
barometer,1. ਬੈਰੋਮੀਟਰ 2. ਬੈਰੋਮੀਟਰ
barren,1. ਬਜ਼ਰ 2. ਜੜ 3. ਬੰਜਰ
base,1. ਅਧਾਰ 2. ਅਧਾਰ 3. ਕੱਪਾਂਗ
basin,1. ਤਾਲਾ 2. ਬੇਸਿਨ
basipetal,ਤਾਲਾਬੀਸਰੀ
basisternum,1. ਬੇਸਿਸਟਰਨਮ 2. ਰੂਟ ਹੋਲਡਰ
bay monsoon,ਖਾੜੀ ਮਾਨਸੂਨ
bearing plant,ਫਲ ਪੌਦਾ
bed,ਬਿਸਤਰਾ
bedder,ਬੈੱਡ ਪੌਦਾ
bedding,ਬਿਸਤਰਾ
beet molasses,ਚੁਕੰਦਰ ਗੁੜ
bellows,ਘੰਟੀ
belt,1. ਪੱਟੀ 2. ਭੂਮੀ
benefit-cost analysis,ਲਾਭ-ਲਾਗਤ ਵਿਸ਼ਲੇਸ਼ਣ
biased (sampling),ਚਾਹਵਾਨ (ਨਮੂਨਾ)
biennial,ਦੋ-ਸਾਲਾ ਪੌਦੇ
binomial,ਬਾਇਨੋਮੀਅਲ
bioagent,ਬਾਇਓਫੈਕਟਰ
bioclimate,ਜੈਵਿਕ ਜਲਵਾਯੂ
bioenergy,ਬਾਇਓ ਊਰਜਾ
bionomics,ਜੀਵ-ਜੰਤੂ ਵਾਤਾਵਰਣ
bio-reactor,1. ਬਾਇਓ-ਪ੍ਰੋਸੈਸਰ 2. ਬਾਇਓ-ਰਿਐਕਟਰ
biosphere,ਜੀਵ-ਮੰਡਲ
biotic,ਬਾਇਓਟਿਕ
biotype,ਜੀਵ-ਜੰਤੂ
bisexual,ਡਿਵਿਲਿੰਗੀ
blanching,ਧਵਲਨ
blast,1. ਪ੍ਰਧਵਾਸਨ (ਰੋਗ) 2. ਗਸਟ ਰੋਗ
blend,ਮਿਲਾਉਣਾ
blight,1. ਅੰਗਮਾਰੀ (ਰੋਗ) 2. ਝੁਲਸ (ਰੋਗ)
blister,1. ਛਾਲੇ 2. ਛਾਲੇ 3. ਫਟਣਾ 4. ਛਾਲੇ
blue revolution,ਨੀਲੀ ਕ੍ਰਾਂਤੀ
bottom heat chamber,ਪਲੈਨਰ ਹੀਟਿੰਗ ਚੈਂਬਰ
bottom heat technique,ਪਲੈਨਰ ਹੀਟਿੰਗ ਤਕਨਾਲੋਜੀ
bran,ਬਰੈਨ
branching,ਬ੍ਰਾਂਚਿੰਗ
branchlet,1. ਟਹਿਣੀ 2. ਸਬਬ੍ਰਾਂਚ
breed,ਨਸਲ
breeding,ਪ੍ਰਜਨਨ
brimming,ਸ਼ੁਰੂਆਤੀ ਉਗਣ ਦਾ ਇਲਾਜ
brood,1. ਬੱਚਾ 2. ਅੰਡੇ 3. ਭਰੂਣ
budding,ਉਭਰਦਾ
budget,ਬਜਟ
buffer,1. ਐਮਫੋਟੇਰਿਕ 2. ਬਫਰ
bulb,ਮਿਠਾ ਆਲੂ
bunt,ਬੰਟ (ਰੋਗ)
by-product,1. ਉਪ-ਉਤਪਾਦ 2. ਉਪ-ਉਤਪਾਦ
c moisture characteristic curve,c ਨਮੀ ਨਿਰਧਾਰਨ ਕਰਵ
cake,ਤੇਲ ਕੇਕ
calcarious,1. ਚੂਨਾ 2. ਕੈਲਸ਼ੀਅਮ
calcification,ਕੈਲਸੀਓਨ
calcination of phosphate,ਫਾਸਫੇਟ ਹਟਾਉਣ
callosity,1. ਕਿਨਾਟਾ 2. ਕੈਲਾਟਾ
callus,1. ਕੈਲਸ 2. ਕਿਰਨ
calyx,1. ਸੈਪਲਸ 2. ਕੈਲਿਕਸ
calyx-end,ਬਾਹਰੀ ਅੰਤ
cambium,ਏਡਾ
canker,ਕੈਂਕਰ (ਬੈਕਟੀਰੀਆ ਦੀ ਬਿਮਾਰੀ)
canning,ਕੈਨਿੰਗ
canopy,ਅਸਮਾਨ
capital,ਵਿੱਤ
caprification,ਪਰਾਗੀਕਰਨ (ਅੰਜੀਰ ਦਾ)
capsule,1. ਕੈਪਸੂਲ 2. ਕੈਪਸੂਲ 3. ਕੈਪਸੂਲ
carbonated,ਕਾਰਬਨਾਈਜ਼ਡ
carbonization,ਕਾਰਬਨਾਨ
carpel,carapace
carpus,ਬਰੇਸਲੈੱਟ
casting,1. ਕਾਸਟਿੰਗ (ਲੋਹਾ) 2. ਕਸ਼ਤੀ (ਕੀੜੇ)
catabolism,catabolism
catalysis,ਪ੍ਰੇਰਣਾ
caterpillar,1. ਕੈਟਰਪਿਲਰ 2. ਕੈਟਰਪਿਲਰ
C-DNA Library,c d. ਐਨ. a ਸੰਗ੍ਰਹਿ
ceiling,ਸੀਮਾ
cell,1. ਸੈੱਲ 2. ਸੈੱਲ
central leader system,ਕੇਂਦਰੀ ਫਰੰਟ ਸਿਸਟਮ
centric,1. ਪੁਆਇੰਟ 2. ਫੋਕਸ
centrifugation,centrifugation
centrifuge,ਸੈਂਟਰਿਫਿਊਜ
centriole,ਸਟਾਰ ਸੈਂਟਰ
centrogenic,epigenetic
centrogenous,ਕੇਂਦਰਜਾ
cercus,ਲੂਮ
cereal,1. ਸੀਰੀਅਲ 2. ਸੀਰੀਅਲ
certification,1. ਸਰਟੀਫਿਕੇਸ਼ਨ 2. ਸਰਟੀਫਿਕੇਸ਼ਨ
certified seed,ਪ੍ਰਮਾਣਿਤ ਬੀਜ
chaff,1. ਤੂੜੀ 2. ਕੁੱਟੀ 3. ਸ਼ਲਕ ਸਹਪਾਤਰਾ
chalaza,1. ਨਿਭਾਗ 2. ਕੈਲਜਾ
chemotropism,ਕਾਇਮੋਗ੍ਰਾਫੀ
chiasma,1. ਕੀਜ਼ਮਾ 2. ਵਿਅਸਤ
chilling hours,ਸੁਪਰ ਕੂਲਿੰਗ ਘੰਟੇ
chilling injury,ਠੰਡ ਦਾ ਨੁਕਸਾਨ
chimera,1. ਵੀਚਰੋਤਕੀ 2. ਚਿਮੇਰਾ
chloranthy,ਹਰਾ ਦਲੀਆ
chlorophyll,1. ਪੱਤੇ 2. ਹਰੇ
chlorosis,ਸਾਇਨੋਸਿਸ
chorology,ਜੈਵਿਕ ਵੰਡ ਵਿਗਿਆਨ
chromatid,1. ਕ੍ਰੋਮੇਟਿਡਜ਼ 2. ਅੱਧੇ ਕ੍ਰੋਮੋਸੋਮਜ਼
chromatin,chromatin
chromatography,ਕ੍ਰੋਮੈਟੋਗ੍ਰਾਫੀ
chromatolysis,chromatinlation
chromocentre,ਅਟਲ ਬਿੰਦੂ
chromogenesis,chromatogenesis
chromoprotein,1. ਕ੍ਰੋਮੋਪ੍ਰੋਟੀਨ 2. ਪਿਗਮੈਂਟਪ੍ਰੋਟੀਨ
chromosome,1. ਕ੍ਰੋਮੋਸੋਮਜ਼ 2. ਕ੍ਰੋਮੋਸੋਮਜ਼
chronic,1. ਪੁਰਾਣੀ 2. ਪੁਰਾਣੀ 3. ਪੁਰਾਣੀ 4. ਪੁਰਾਣੀ
citrange,citrange
cladode,ਪਤਝੜ ਤਿਉਹਾਰ
classification,ਵਰਗੀਕਰਨ
clay,1. ਮਿੱਟੀ 2. ਮਿੱਟੀ
cleaning,1. ਸਫਾਈ 2. ਰਗੜਨਾ 3. ਸਫਾਈ 4. ਸ਼ੁੱਧੀਕਰਨ
cleistogamy,ਲਗਾਤਾਰ ਪਰਾਗਣ
climacteric fruit,cruciferous ਫਲ
climate,ਜਲਵਾਯੂ
climatology,ਜਲਵਾਯੂ ਵਿਗਿਆਨ
clipper,ਕੱਟਣਾ
clod,ਗੰਢ (ਮਿੱਟੀ)
clone,ਕਲੋਨ
cloud,1. ਬੱਦਲ 2. ਬੱਦਲ
clump,ਝੁੰਡ
cluster,ਝੁੰਡ
coarse,1. ਮੋਟਾ 2. ਮੋਟਾ 3. ਕੱਚਾ 4. ਮੋਟਾ
coat (seed),1. ਕਵਰ 2. ਚਮੜਾ
cocoon,ਕੋਯਾ
coenzyme,1. ਕੋਐਨਜ਼ਾਈਮ 2. ਕੋ-ਐਨਜ਼ਾਈਮ
cohesion,ਤਾਲਮੇਲ
coir,1. ਫਾਈਬਰ (ਜੂਟ ਜੂਟ) 2. ਨਾਰੀਅਲ ਮੋਟੇ
coleorrhiza,ਮੁਲੰਕੁਰ ਚੋਲਾ
collar 1. स्तंभमूलसंधि 2. कॉलर 3. ग्रीवा,
colloid (soil),ਕੋਲਾਇਡ (ਮਿੱਟੀ)
columella,1.ਕਾਲਮ 2.ਕੋਲੁਮੇਲਾ
column,1. ਜੁਰਮਾਨਾ 2. ਕਾਲਮ 3. ਕਾਲਮ
commensalism,ਸਾਂਝ
commercial bank,ਵਪਾਰਕ ਬੈਂਕ
commodity,1. ਵਸਤੂ 2. ਵਪਾਰਕ ਮਾਲ
community,ਭਾਈਚਾਰਾ
compaction (of soil),ਮਿਸ਼ਰਣ (ਮਿੱਟੀ ਦਾ)
compatibility,1. ਅਨੁਕੂਲਤਾ 2. ਅਨੁਕੂਲਤਾ
compatibility,ਅਨੁਕੂਲਤਾ
compensation,1. ਮੁਆਵਜ਼ਾ 2. ਮੁਆਵਜ਼ਾ
competitive interaction,ਪ੍ਰਤੀਯੋਗੀ ਪਰਸਪਰ ਪ੍ਰਭਾਵ
complementary crop,ਪੂਰਕ ਫਸਲ
complex,1. ਸੰਯੁਕਤ 2. ਗੁੰਝਲਦਾਰ
component,ਸੰਵਿਧਾਨਕ
composition,ਰਚਨਾ
compost,ਖਾਦ
compound interest,ਮਿਸ਼ਰਿਤ ਵਿਆਜ
computation,ਗਣਨਾ
computer,1. ਕੰਪਿਊਟਰ 2. ਕੰਪਿਊਟਰ
concentration,1. ਇਕਾਗਰਤਾ 2. ਇਕਾਗਰਤਾ
conditioner,1. ਆਪਟੀਮਾਈਜ਼ਰ 2. ਰੀਵਾਈਟਲਾਈਜ਼ਰ
conductance,ਚਾਲਕਤਾ
configuration,1. ਸੰਰਚਨਾ 2. ਸੰਰਚਨਾ
conformity,1. ਅਨੁਕੂਲਤਾ 2. ਸੰਰਚਨਾ 3. ਅਨੁਕੂਲਤਾ
confounding,1. ਏਕੀਕਰਣ 2. ਹਾਈਬ੍ਰਿਡਾਈਜ਼ੇਸ਼ਨ
conjugation,ਸੰਜੋਗ
connective,1. ਜੋੜਨ ਵਾਲਾ 2. ਜੋੜਨ ਵਾਲਾ
conservation,ਸੁਰੱਖਿਆ
consolidation,ਏਕੀਕਰਨ
constituents,1. ਸਮੱਗਰੀ 2. ਸਮੱਗਰੀ
consumer,ਖਪਤਕਾਰ
consumption,ਖਪਤ
contamination,ਗੰਦਗੀ
contour planting,ਕੰਟੂਰ ਲਾਉਣਾ
contour,ਕੰਟੋਰ ਲਾਈਨ
contract farming,1. ਕੰਟਰੈਕਟ ਫਾਰਮਿੰਗ 2. ਕੰਟਰੈਕਟ ਫਾਰਮਿੰਗ 3. ਕੰਟਰੈਕਟ ਫਾਰਮਿੰਗ
controlled storage,ਨਿਯੰਤਰਿਤ ਵਾਯੂਮੰਡਲ ਸਟੋਰੇਜ਼
co-operative bank,ਸਹਿਕਾਰੀ ਬੈਂਕ
cooperator,ਸਹਿਕਾਰੀ ਸਭਾ ਦੇ ਮੈਂਬਰ
coppice,ਗੁਲਮਾਵਨ
corm,ਘਣ
corolla,1. ਦਲਪੁੰਜ 2. ਕੋਰੋਲਾ
cortex,1. ਕਾਰਟੈਕਸ 2. ਕਾਰਟੈਕਸ
cost,ਲਾਗਤ
cotyledon (seed),cotyledon
credit society,ਕ੍ਰੈਡਿਟ ਕਮੇਟੀ
credit,1. ਉਧਾਰ 2. ਕ੍ਰੈਡਿਟ
creditor,1. ਰਿਣਦਾਤਾ 2. ਲੈਣਦਾਰ
crest,1. ਕਰੈਸਟ 2. ਸਿਰਾ 3. ਸਪਾਇਰ
crinkle,ਵਾਪਸੀ
crisis,ਸਮੱਸਿਆ
criterion,ਟੈਸਟ
critical,ਨਾਜ਼ੁਕ
crop insurance,ਫਸਲ ਬੀਮਾ
crop loan,ਫਸਲ ਕਰਜ਼ਾ
crop,1. ਫਸਲ 2. ਫਸਲ
cropping area,ਕਾਸ਼ਤ ਖੇਤਰ
cross-incompatible,ਪਾਰ ਅਸੰਗਤ
crown (plant),1. ਤਾਜ 2. ਸਿਖਰ (ਪੌਦਾ)
crumb,ਨਰਮ ਕਣ
crust,ਛਾਲੇ
cryptogam,1. ਕ੍ਰਿਪਟੋਗਾਮ 2. ਗੈਰ-ਫਲੋਰੀਫਾਰਮ
cull (fruits),ਛਾਂਟੀ (ਫਲ)
culm,ਕਲਮ
cultivar,ਕਿਸਮ ਦੀ ਕਿਸਮ
cultivation,1. ਟ੍ਰੈਕਸ਼ਨ 2. ਖੇਤੀਬਾੜੀ 3. ਖੇਤੀ
cultivator,1. ਕਿਸਾਨ 2. ਕਾਸ਼ਤਕਾਰ
culture,1. ਕਾਸ਼ਤ 2. ਕਾਸ਼ਤ 3. ਪਾਲਣ
curing,1.ਸਰੋਤ 2.ਤਿਆਰੀ
curling,1.ਕੁੰਤਲਨ 2.ਕੁੰਚਨ
currency,ਆਸਣ
cuticle,1. ਐਪੀਡਰਰਮਿਸ 2. ਛੱਲੀ
cutting,1. ਕਲਮ 2. ਕੱਟਣਾ 3. ਕੱਟਣਾ 4. ਕੱਟਣਾ 5. ਕੱਟਣਾ
cyst,1. ਕੀੜਾ ਸਰੀਰ 2. ਸਿਸਟ 3. ਗੰਢ 4. ਵਿਗੜਿਆ ਗੰਢ 5. ਨਿਓਪਲਾਜ਼ਮ
cytochrome,cytochrome
cytogamy,ਸੈੱਲ ਜੋੜਨਾ
cytogenesis,ਸੈੱਲ ਪ੍ਰਜਨਨ
cytogenetics,ਸੈੱਲ ਜੈਨੇਟਿਕਸ
cytokinesis,cytoplasmic ਡਿਵੀਜ਼ਨ
cytology,ਸੈੱਲ ਜੀਵ ਵਿਗਿਆਨ
cytolysis,ਸੈੱਲ lysis
cytomere,1. ਸਾਇਟੋਮੇਰ 2. ਸੈੱਲ ਸੈਗਮੈਂਟੇਸ਼ਨ
cytoplasm,cytoplasm
dairy,1. ਡੇਅਰੀ 2. ਡੇਅਰੀ
dairying,ਡੇਅਰੀ ਉਦਯੋਗ
dam,1. ਡੈਮ 2. ਬਰੀਡਰ
day-neutral,ਦਿਨ ਦਾ ਸੰਪੂਰਨ ਪੌਦਾ
days after flowering,ਫੁੱਲ ਦੇ ਬਾਅਦ ਦਿਨ
days after full bloom,ਪੂਰੇ ਫੁੱਲ ਦੇ ਬਾਅਦ ਦਿਨ
deblossoming,ਅਕੁਸ਼ਲਤਾ
decalcification,decalcification
decant,1. ਡਿਸਲੋਜ 2. ਡਿਸਲੋਜ
decay,ਸੜਨ
deciduous,ਪਤਝੜ
decimal,1. ਦਸ਼ਮਲਵ 2. ਦਸ਼ਮਲਵ
deficiency,ਘਟੀਆਪਨ
deflocculation (soil),ਅਨੁਰਾਨ (ਮਿੱਟੀ)
defloration,ਵਿਪੁਸ਼ਪਨ
defoliation,ਬਿਲਿੰਗ
deforestation,ਕਟਾਈ
degeneration,ਬਦਨਾਮੀ
degradation,ਪਤਨ
degree days,ਭਾਗ ਦਿਨ
degree,1. ਮਾਤਰਾ 2. ਹਿੱਸਾ
dehiscence,dehiscence
dehulling,ਭੂਸੀ ਨੂੰ ਹਟਾਉਣਾ
dehusking,ਭੂਸੀ ਨੂੰ ਹਟਾਉਣਾ
dehydration,ਡੀਹਾਈਡਰੇਸ਼ਨ
dehydrator,ਨਿਹਾਈਡ੍ਰਸ
demand,ਮੰਗ
denaturation,1. ਵਿਨਾਸ਼ਕਾਰੀ 2. ਗੁਣਾ
denudation,ਖੰਡਨ
deposit,1. ਜਮ੍ਹਾ (ਮਿੱਟੀ) 2. ਜਮ੍ਹਾ (ਆਰਥਿਕਤਾ)
deposition,ਜਮ੍ਹਾ
depreciation,1. ਘਟਾਓ 2. ਘਟਾਓ
desalinization,ਡੀਸਲੀਨੇਸ਼ਨ
desiccation,1. ਪਾਣੀ ਸੁਕਾਉਣਾ 2. ਡੀਹਾਈਡਰੇਸ਼ਨ
design,1. ਡਿਜ਼ਾਈਨ 2. ਡਿਜ਼ਾਈਨ
dessicator,ਸੁੱਕਣ ਵਾਲਾ
destoning,ਕਰਨਲ ਹਟਾਉਣ
desuckering,ਡੀ-ਇੰਟਰਕਲੇਸ਼ਨ
desynapsis,ਸੰਜੋਗ
detassel,1. ਨਰ ਮੰਜਰੀ ਐਕਸਟਰੈਕਸ਼ਨ (ਮੱਕੀ) 2. ਬੱਲਰ ਐਕਸਟਰੈਕਸ਼ਨ
detasseling,ਬੱਲਰ ਜਾਂ ਕੁੰਦਨ ਕੱਟਣਾ
determinant,ਨਿਰਧਾਰਕ
devaluation,devaluation
devegetation,de-vegetate
deviation,ਭਟਕਣਾ
diad,ਡਬਲ
diagnosis,ਨਿਦਾਨ
dichogamy,ਵੱਖਰੀ ਪਰਿਪੱਕਤਾ
dichotomy,ਵੰਡ
dicotyledon (seed),1. ਡਾਇਕੋਟਾਈਲਡਨ 2. ਡਾਇਕੋਟਾਈਲਡਨ (ਬੀਜ)
die back (disease),ਪਿੱਠ ਦੀ ਬਿਮਾਰੀ
diffusion,1. ਫੈਲਾਅ 2. ਪ੍ਰਸਾਰ
digestibility,ਪਾਚਨ ਸਮਰੱਥਾ
dihybrid,ਡਾਇਹਾਈਬ੍ਰਿਡ
dike (dyke),1. ਡੈਮ 2. ਡਰੇਨ 3. ਪਰਿਵਾਰ
dilute,ਮਾਮੂਲੀ
dioecious,1. ਮੋਨੋਗੈਮਸ 2. ਮੋਨੋਗੈਮਸ
diploid,ਡਿਪਲੋਇਡ
diploid,1. ਡਿਪਲੋਇਡ 2. ਡਿਪਲੋਇਡ
diplonema,dipole
disbudding,1. ਕੱਢਣਾ 2. ਬਡ ਹਟਾਉਣਾ
discing,1. ਹਲ ਵਾਹੁਣਾ 2. ਕਤਾਈ
discount,ਛੂਟ
disinfection,ਕੀਟਾਣੂਨਾਸ਼ਕ
dispersion,1. ਫੈਲਾਅ 2. ਖਿੰਡਾਉਣਾ
dissemination,1. ਖਿੰਡਾਉਣਾ 2. ਪਰਿਵਰਤਨ
diversification,ਵਿਭਿੰਨਤਾ
diversified farming,ਵਿਭਿੰਨ ਖੇਤੀਬਾੜੀ
DNA Ladder,ਡੀਐਨਏ ਕਦਮ
DNA receptor,ਡੀ.ਐਨ.ਏ ਪ੍ਰਾਪਤਕਰਤਾ
dockage,ਡੌਕ ਕਿਰਾਏ &#39;ਤੇ
dominant,ਅਸਰਦਾਰ
dormancy,ਸੁਸਤਤਾ
dose,1. ਮਾਤਰਾ 2. ਖੁਰਾਕ 3. ਖੁਰਾਕ
douole sigmoid curve,ਡਬਲ ਸਿਗਮੋਇਡ ਕਰਵ
draft (draught),1. ਝੱਖੜ 2. ਖਿੱਚੋ
drain,1. ਐਗਜ਼ੌਸਟ ਡਰੇਨ 2. ਗੰਦਾ ਪਾਣੀ
drainage,ਡਰੇਨੇਜ
draw,ਖਿੱਚ
drenching,1. ਦਵਾਈ ਦਿਓ 2. ਭਿੱਜੋ
dressing (seed),ਕਾਸਮੈਟਿਕਸ (ਬੀਜ)
drill (n.),1. auger 2. ਘੱਟ ਨੁਕਸ 3. ਡ੍ਰਿਲ 4. auger
drilling (ag. engg),1. ਮੋਰੀ 2. ਡ੍ਰਿਲ 3. ਡ੍ਰਿਲ
drilling (agronomy),1. ਡ੍ਰਿਲਿੰਗ 2. ਇੱਕ ਮਸ਼ਕ ਨਾਲ ਬਿਜਾਈ 3. ਇੱਕ ਮਸ਼ਕ ਨਾਲ ਡੋਲ੍ਹਣਾ
drip irrigation,ਤੁਪਕਾ ਸਿੰਚਾਈ
dryland farming,ਸੁੱਕੀ ਖੇਤੀ
dust,1.ਧੂੜ 2.ਬੁਕਨੀ
duster,1. ਡਸਟਰ 2. ਸਕੈਟਰਰ
dusting,ਛਿੜਕਣ ਲਈ
dwarf,1. ਬੌਣਾ 2. ਵਾਮਨ
dwarf pyramid,ਵਾਮਨ ਪਿਰਾਮਿਡ
dwarfing,ਵਾਮਿਨੀ ਭਵਨ
ecology,ਵਾਤਾਵਰਣ
econometrics,ਅਰਥ ਗਣਿਤ
economic efficiency,ਆਰਥਿਕ ਕੁਸ਼ਲਤਾ
ecotype,ਸਥਿਤੀ ਦੀ ਕਿਸਮ
ectotrophic,ਵਾਧੂ ਪੱਧਰੀ
edaphic,ਨਰਮ
edaphology,ਮਿੱਟੀ ਵਿਗਿਆਨ
edging,1. ਬ੍ਰਿਜਿੰਗ 2. ਕਿਨਾਰਾ 3. ਸਟ੍ਰੈਂਡ ਕਲੋਜ਼ਰ
edible part,ਭੋਜਨ ਦਾ ਹਿੱਸਾ
elasticity of demand,ਮੰਗ ਦੀ ਲਚਕਤਾ
elasticity of production,ਉਤਪਾਦਨ ਦੀ ਲਚਕਤਾ
electrolysis,ਇਲੈਕਟ੍ਰੋਲਾਈਸਿਸ
electrophoresis,ਇਲੈਕਟ੍ਰੋਫੋਰੇਸਿਸ
eluviation,ਵਾਸ਼ਪੀਕਰਨ
emasculator,1. ਡੀਕੈਪੀਟੇਟਰ 2. ਨਸਬੰਦੀ 3. ਡੀਕੈਪੀਟੇਟਰ 4. ਨਸਬੰਦੀ
embanking,1. ਵੀਰ ਬੰਦੀ 2. ਤੂੜੀ
embryo,ਭਰੂਣ
embryology,1. ਭਰੂਣ ਵਿਗਿਆਨ 2. ਭੌਤਿਕ ਵਿਗਿਆਨ
emergence,1. ਨਿਕਾਸ 2. ਨਿਕਾਸ
emulsifier,emulsifier
endogenous,ਅੰਤਰਜਾਤੀ
endomitosis,ਅੰਤਰ-ਪੁਆਇੰਟ ਡਿਵੀਜ਼ਨ
endoparasite,ਅੰਤਰ-ਪਰਜੀਵੀ
endosperm,ਐਂਡੋਸਪਰਮ
enterprise,ਉੱਦਮ
entomology,ਕੀਟ ਵਿਗਿਆਨ
environment,ਵਾਤਾਵਰਣ
enzyme,1. ਐਨਜ਼ਾਈਮ 2. ਐਨਜ਼ਾਈਮ
epicotyl grafting,ਕਲੱਸਟਰ ਗ੍ਰਾਫਟਿੰਗ
epiphyte,1. ਐਪੀਫਾਈਟ 2. ਐਪੀਫਾਈਟ
equity,ਇਕੁਇਟੀ
eradication,ਖਾਤਮਾ
essential nutrients,ਜ਼ਰੂਰੀ ਪੌਸ਼ਟਿਕ ਤੱਤ
estimation,1. ਮਾਪ 2. ਜੰਪ 3. ਮੁਲਾਂਕਣ
etiolation,ਚੁਸਤ
eugenic,ਸੁਜਾਨਿਕ
evaluation,ਮੁਲਾਂਕਣ
evaporimeter,ਭਾਫ਼ ਗੇਜ
evapo-transpiration,evaportranspiration
evergreen revolution,ਸਦੀਵੀ ਇਨਕਲਾਬ
evergreen,1. ਸਦਾਬਹਾਰ 2. ਸਦਾਬਹਾਰ
evolution,ਵਿਕਾਸ
excise,ਬੰਦ ਕਰ ਦਿਓ
exhaustion (fertility),ਪਰੀਕਸ਼ਯ (ਜਣਨ ਸ਼ਕਤੀ)
exploitation,ਸ਼ੋਸ਼ਣ
exploration,1. ਖੋਜ 2. ਖੋਜ
extrusion,1. ਐਕਸਟਰਿਊਸ਼ਨ 2. ਨਿਕਾਸ
eye (sugarcane/potato),ਆਈ
factor,1. ਫੈਕਟਰ 2. ਕੰਪੋਨੈਂਟ 3. ਫੈਕਟਰ 4. ਸਰੋਤ
factor productivity,ਕਾਰਕ ਉਤਪਾਦਕਤਾ
factorage,ਵਪਾਰੀ ਦੀ ਛੋਟ
factorial block design,ਫੈਕਟੋਰੀਅਲ ਬਲਾਕ ਡਿਜ਼ਾਈਨ
facultative,ਵਿਕਲਪਕ
fallow,1. ਪੱਟੀ 2. ਪਾਲੀਹਾਰ
family,ਕੁੱਲ
farm appraisal,ਖੇਤਰ ਦਾ ਮੁਲਾਂਕਣ
farm budgeting,ਖੇਤੀ ਬਜਟ
farm business,ਖੇਤੀਬਾੜੀ ਕਾਰੋਬਾਰ
farm planning,ਖੇਤਰ ਦੀ ਯੋਜਨਾਬੰਦੀ
farmer,1. ਕਿਸਾਨ 2. ਕਿਸਾਨ
farming,1. ਖੇਤੀ 2. ਖੇਤੀ
fasciation,ਟੱਕਰ
fecundation,ਮਲਟੀਪਲ ਪ੍ਰਜਨਨ
fermentation,ਫਰਮੈਂਟੇਸ਼ਨ
fertility,ਜਣਨ
fertilizer,ਖਾਦ
fertilizer use efficiency,ਖਾਦ ਵਰਤਣ ਦੀ ਕੁਸ਼ਲਤਾ
fibrous,ਰੇਸ਼ੇਦਾਰ
field,1. ਫਾਰਮ 2. ਖੇਤਰ 3. ਸਥਾਨ
field capacity,ਮਿੱਟੀ ਦੇ ਪਾਣੀ ਨੂੰ ਰੱਖਣ
field demonstration,ਖੇਤਰ ਪ੍ਰਦਰਸ਼ਨ
fixation,1. ਸਥਿਰਤਾ 2. ਫਿਕਸੇਸ਼ਨ 3. ਫਿਕਸੇਸ਼ਨ
flooding,1. ਡੁੱਬਣਾ 2. ਗਰਭਪਾਤ
flow diagram,ਵਹਾਅ ਚਿੱਤਰ
food value,ਭੋਜਨ ਮੁੱਲ
forage (fodder),ਚਾਰਾ
forecasting,ਪੂਰਵ ਅਨੁਮਾਨ
forest,ਜੰਗਲ
forestation,ਜੰਗਲਾਤ
frond,1. ਤਾਦਪਰਨ 2. ਰੂਪ
frost resistant,ਠੰਡ ਰੋਧਕ
frost,1. ਪਾਲਾ 2. ਝੁਲਸ
frozen (fruit & vegetable),1. ਜੰਮਿਆ ਹੋਇਆ 2. ਜੰਮਿਆ ਹੋਇਆ
fructification,ਫੰਕਸ਼ਨ
fruit drop,1. ਫਰੂਟ ਫਾਲ 2. ਫਰੂਟ ਫਾਲ
fruit -set (fruit setting),ਫਲ ਬਣ
fumigation,1. ਧੁਨੀ 2. ਧੁੰਦ
fungicide,ਉੱਲੀਨਾਸ਼ਕ
fungistatic,ਐਂਟੀਫੰਗਲ
fungus,ਉੱਲੀ
furow,1. ਖੁਦਾ 2. ਸੀਤਾ
fusion,1. ਫਿਊਜ਼ਨ 2. ਫਿਊਜ਼ਨ
fuzz,ਕਪਾਹ ਉੱਨ
fuzzy,ਵਾਲਾਂ ਵਾਲਾ
gall (Hort),1. ਰੁੱਖ ਦਾ ਫੋੜਾ 2. ਪਿਟਿਕਾ
gamete,1. ਗੇਮੇਟਸ 2. ਗੇਮੇਟਸ
garden,1. ਬਾਗ 2. ਬਾਗ
gauge (water),1. ਪੰਸਲ 2. ਹਾਈਡਰੋਮੀਟਰ
gene bank,ਜੀਨ ਸੰਗ੍ਰਹਿ
gene tagging,ਜੀਨ ਟੈਗਨ
geneology,ਵੰਸ਼ਾਵਲੀ
genetic map,ਜੀਨ ਨਕਸ਼ਾ
genetics,ਜੈਨੇਟਿਕਸ
genome,1. ਜੀਨੋਮ 2. ਸੰਗੀਨ
genomic library,ਸੰਜੀਨੀ ਸੰਗ੍ਰਹਿ
genomics,ਜੀਨੋਮਿਕਸ
genotype,ਜੀਨੋਟਾਈਪ
genotype,1. ਜੀਨ ਬਣਤਰ 2. ਜੀਨ ਦੀ ਕਿਸਮ
genus,ਲਿੰਗ
genus,1. ਜੀਨਸ 2. ਵੰਸ਼
germ,1. ਜਰਮ 2. ਕੀਟਾਣੂ
germicide,ਕੀਟਾਣੂਨਾਸ਼ਕ
germination,ਉਗਣਾ
germplasm,1. ਜਰਮਪਲਾਜ਼ਮ 2. ਜਰਮਪਲਾਜ਼ਮ
gibberellic acid,gibberellic ਐਸਿਡ
ginning,ਇਕੱਠਾ ਕਰਨਾ
glume,ਤੁਸ਼
glutinous,1. ਗਲੁਟਨ 2. ਪੇਟੂ
glycolysis,glycolysis
gneiss,ਵਧੀਆ
golden revolution,ਸੁਨਹਿਰੀ ਇਨਕਲਾਬ
grading,1. ਵਰਗੀਕਰਨ 2. ਵਰਗੀਕਰਨ 3. ਪੱਧਰੀਕਰਨ
grafted plant,1. ਗ੍ਰਾਫਟਡ ਪੌਦਾ 2. ਪੇਨਮਬਰਲ ਪਲਾਂਟ
graft-incompatible,ਕਲਮ ਅਸੰਗਤ
granna,ਗ੍ਰਾਨਾ
granulation,ਦਾਣੇ
green manure,ਹਰੀ ਖਾਦ
green revolution,ਹਰੀ ਕ੍ਰਾਂਤੀ
growth and development,ਵਿਕਾਸ ਅਤੇ ਵਿਕਾਸ
gummosis,1. ਮਸੂੜਿਆਂ ਦੀ ਬਿਮਾਰੀ
gynodioecious,ਵਿਪਰੀਤ ਲਿੰਗੀ
habit,1. ਪ੍ਰਕ੍ਰਿਤੀ 2. ਕੁਦਰਤ 3. ਰੂਪਗੁਣਾ 4. ਦਿੱਖ
hail,1. ਓਲਾ 2. ਕਰਕਪਟ 3. ਕਰਕਾ
hairyvetch,ਰੋਮਿਲਵਾਚ
halophyte,ਖਾਰੇ ਗੱਠ
harrow,ਹੈਰੋ
harvest index,1. ਵਾਢੀ ਸੂਚਕਾਂਕ 2. ਵਾਢੀ ਸੂਚਕਾਂਕ
harvest,1. ਵਾਢੀ 2. ਵਾਢੀ ਹੋਈ ਫ਼ਸਲ 3. ਮੁਕੰਮਲ ਫ਼ਸਲ 4. ਝਾੜ
harvesting,1. ਵੱਢਣਾ 2. ਵਾਢੀ 3. ਵੱਢਣਾ
hatch,1. ਅੰਡਾ ਦੇਣਾ 2. ਅੰਡੇ ਦੀ ਤਾਕਤ
hay,ਸੁੱਕਾ ਘਾਹ
haylage,ਸੁੱਕੀ ਫੀਡ
haystock,ਗੰਜੀ
haze,ਧੁੰਦ
hazy,ਧੁੰਦਲਾ
head (Agro),1. ਬਲੀ 2. ਸੀਤਾ 3. ਮੁੰਡਕ 4. ਸਿਖਰ 5. ਸਿਰ 6. ਸਿਰਾ
head (of channel),ਝਰੀ ਦਾ ਅੰਤ
heading back,ਚੋਟੀ ਦੀ ਛਾਂਟੀ
hedge,ਵਾੜ
hedging,ਹਿਰਾਸਤ
helix,ਕੁੰਡਲਨੀ
hematite,hematite
herb,1. ਜੜੀ ਬੂਟੀ 2. ਜੜੀ ਬੂਟੀ
herbarium,1.ਬੋਟੈਨੀਕਲ ਕਲੈਕਸ਼ਨ 2.ਬੋਟੈਨੀਕਲ ਮਿਊਜ਼ੀਅਮ
herbicide,ਜੜੀ-ਬੂਟੀਆਂ ਨਾਸ਼ਕ
heredity,ਖ਼ਾਨਦਾਨੀ
heretability,ਖ਼ਾਨਦਾਨੀ
hermaphrodite,ਲਿੰਗੀ
heterochromatic,heterochromatic
heterofertilization,heterofertilization
heterosis,1. ਹਾਈਬ੍ਰਿਡੋਜ਼ 2. ਹੇਟਰੋਸਿਸ
heterosome,ਸੈਕਸਕ੍ਰੋਮੋਸੋਮ
heterotroph,ਪਾਲਣ ਪੋਸ਼ਣ
hexaploid,ਹੈਕਸਾਡੈਸੀਮਲ
hibernate,ਠੰਡੀ ਸੁਸਤਤਾ
high density planting,ਉੱਚ ਘਣਤਾ ਲਾਉਣਾ
hill (rice),1. ਪਿਂਡਲਕ 2. ਪਹਾੜੀ (ਝੋਨਾ)
histogram,ਹਿਸਟੋਗ੍ਰਾਮ
hitech horticulture,ਉੱਚ ਤਕਨੀਕੀ ਬਾਗਬਾਨੀ
hive,1. ਦਹੀਂ 2. ਛਪਾਕੀ
hoeing,1. ਨਦੀਨ 2. ਨਦੀਨ
holding,ਹੋਲਡ
home farm,ਪ੍ਰਾਈਵੇਟ ਫਾਰਮ
homeostasis,ਹੋਮਿਓਸਟੈਸਿਸ
homestead,ਵਤਨ
homogeneity,ਸਮਰੂਪਤਾ
homogenous,1. ਸਮਰੂਪ 2. ਸਮਰੂਪ
homologus,ਹਮਦਰਦ
homozygote,ਸਮਰੂਪ
hopper,1. ਖੁਰਲਿਕਾ 2. ਭੋਜਨ ਦਾ ਡੱਬਾ 3. ਹੈਪਰ
horizon,1. ਪਰਤ 2. ਹੋਰਾਈਜ਼ਨ
horticultural crops,ਬਾਗਬਾਨੀ ਫਸਲ
horticulture,1. ਬਾਗਬਾਨੀ 2. ਬਾਗਬਾਨੀ 3. ਬਾਗਬਾਨੀ 4. ਬਾਗਬਾਨੀ
