Tamil,Kannada
அமிலத்தன்மை,ಆಸಿಡಾಯ್ಡ್
அயோலியன் மண்,ಅಯೋಲಿಯನ್ ಮಣ್ಣು
மதிப்பீட்டு,ಒಟ್ಟು
திரட்டுதல்,ಒಟ್ಟುಗೂಡಿಸುವಿಕೆ
வேளாண்மை,ಕೃಷಿಶಾಸ್ತ್ರ
வேளாண்மை,ಕೃಷಿಶಾಸ್ತ್ರ
A- அடிவானம்,ಎ-ಹಾರಿಜಾನ್
Ao- அடிவானம்,Ao-ಹಾರಿಜಾನ್
Aoo- அடிவானம்,Aoo-ಹಾರಿಜಾನ್
மண்ணின் காற்று திறன்,ಮಣ್ಣಿನ ಗಾಳಿಯ ಸಾಮರ್ಥ್ಯ
மண்ணின் காற்றின் உள்ளடக்கம்,ಮಣ್ಣಿನ ಗಾಳಿಯ ಅಂಶ
காற்று பிக்னோமீட்டர்,ಏರ್ ಪಿಕ್ನೋಮೀಟರ್
அல்லிடிக் மண்,ಆಲಿಟಿಕ್ ಮಣ್ಣು
வண்டல் மண்,ಮೆಕ್ಕಲು ಮಣ್ಣು
ஆம்போலிடாய்டு,ಆಂಫೋಲಿಟಾಯ್ಡ್
அயன்,ಅಯಾನ್
"வெளிப்படையான குறிப்பிட்ட ஈர்ப்பு அளவு எடை அல்லது மொத்த குறிப்பிட்ட ஈர்ப்பு,&quot;","ಸ್ಪಷ್ಟವಾದ ನಿರ್ದಿಷ್ಟ ಗುರುತ್ವಾಕರ್ಷಣೆಯ ಪರಿಮಾಣದ ತೂಕ ಅಥವಾ ಬೃಹತ್ ನಿರ್ದಿಷ್ಟ ಗುರುತ್ವಾಕರ್ಷಣೆ,&quot;"
அரிஸ்,ಅರ್ರಿಸ್
Ashlar நன்றாக கொத்து,ಆಶ್ಲರ್ ಉತ್ತಮವಾದ ಕಲ್ಲು
ஆஷ்லர் கொத்து,ಆಶ್ಲರ್ ಕಲ್ಲು
அசோனல் மண்,ಅಜೋನಲ್ ಮಣ್ಣು
பின் நடிகர்,ಹಿಂದೆ ನಟ
பின் வளைவு,ಹಿಂದಿನ ಕಮಾನು
பின் இசைக்குழு,ಬ್ಯಾಕ್ ಬ್ಯಾಂಡ್
பின் தூரிகை,ಬ್ಯಾಕ್ ಬ್ರಷ್
மீண்டும் சரிபார்க்கவும்,ಹಿಂತಿರುಗಿ ಪರಿಶೀಲಿಸಿ
பின் கவுண்டர்,ಹಿಂದಿನ ಕೌಂಟರ್
முதுகு வெட்டுதல்,ಬೆನ್ನು ಕತ್ತರಿಸುವುದು
பின் வரைவு damper,ಬ್ಯಾಕ್ ಡ್ರಾಫ್ಟ್ ಡ್ಯಾಂಪರ್
பின் வடிகால்,ಬ್ಯಾಕ್ ಡ್ರೈನ್
பின் துளி,ಬ್ಯಾಕ್ ಡ್ರಾಪ್
பின் நிரப்பவும்,ಹಿಂದೆ ಭರ್ತಿ
பின் ஃபில்லட்,ಬ್ಯಾಕ್ ಫಿಲೆಟ್
பின் மடல் கீல்,ಬ್ಯಾಕ್ ಫ್ಲಾಪ್ ಹಿಂಜ್
பின் ஓட்ட இணைப்பு,ಬ್ಯಾಕ್ ಫ್ಲೋ ಸಂಪರ್ಕ
பின் ஓட்டம் தடுப்பான்,ಬ್ಯಾಕ್ ಫ್ಲೋ ತಡೆಗಟ್ಟುವಿಕೆ
பின் அளவுகோல்,ಬ್ಯಾಕ್ ಗೇಜ್
பின்புற சாக்கடை,ಹಿಂಭಾಗದ ಗಟಾರ
பின் அடுப்பு,ಹಿಂಬದಿ ಒಲೆ
ஆதரவு,ಹಿಮ್ಮೇಳ
பேக்கிங் போர்டு,ಬ್ಯಾಕಿಂಗ್ ಬೋರ್ಡ್
பின் அழுத்தம்,ಬೆನ್ನಿನ ಒತ್ತಡ
பின் முட்டு,ಬ್ಯಾಕ್ ಪ್ರಾಪ್
பின் பார்வை,ಹಿಂದಿನ ದೃಷ್ಟಿ
பின் நீர்,ಹಿಂಬದಿ ನೀರು
குழப்பம்,ಅಡ್ಡಿಪಡಿಸು
பை வேலை,ಬ್ಯಾಗ್ವರ್ಕ್
பேலாஸ்ட்,ನಿಲುಭಾರ
பந்து களிமண்,ಬಾಲ್ ಕ್ಲೇ
பந்து கூம்பு கவ்வி,ಬಾಲ್ ಕೋನ್ ಕ್ಲಾಂಪ್
முள்வேலி,ಮುಳ್ಳುತಂತಿ
பார் நாய்,ಬಾರ್ ನಾಯಿ
விசைப்படகு பலகை,ಬಾರ್ಜ್ ಬೋರ್ಡ್
பேரியம் சல்பேட் சோதனை,ಬೇರಿಯಮ್ ಸಲ್ಫೇಟ್ ಪರೀಕ್ಷೆ
சரமாரி,ಬ್ಯಾರೇಜ್
பாரெட்,ಬ್ಯಾರೆಟ್
அடித்தளம்,ಬೇಸ್
அடிப்படை பரிமாற்றம்,ಮೂಲ ವಿನಿಮಯ
அடிப்படை வரி,ಬೇಸ್ ಲೈನ್
அடித்தளம்,ನೆಲಮಾಳಿಗೆ
அடித்தள சுவர்,ನೆಲಮಾಳಿಗೆಯ ಗೋಡೆ
அடித்தட்டு,ಬೇಸ್ ಪ್ಲೇಟ್
"அடிப்படை தட்டு, சரிசெய்யக்கூடியது","ಬೇಸ್ ಪ್ಲೇಟ್, ಹೊಂದಾಣಿಕೆ"
அடிப்படை செறிவு,ಮೂಲ ಶುದ್ಧತ್ವ
பாசாய்டு,ಬಸಾಯಿಡ್
வௌவால்,ಬ್ಯಾಟ್
பாத் மற்றும் WC,ಬಾತ್ ಮತ್ತು WC
இடி ஆப்பு,ಬ್ಯಾಟರ್ ಪೆಗ್
பேட்டர் பையர்,ಬ್ಯಾಟರ್ ಪಿಯರ್
பேட்டர் விதி,ಬ್ಯಾಟರ್ ನಿಯಮ
பால்க் (பால்க்),ಬಾಲ್ಕ್ (ಬಾಲ್ಕ್)
விரிகுடா,ಕೊಲ್ಲಿ
தாங்குபவர்,ಬೇರರ್
தாங்கும் திறன்,ತಾಳಿಕೊಳ್ಳುವ ಸಾಮರ್ಥ್ಯ
தாங்கும் பைல்,ಬೇರಿಂಗ್ ಪೈಲ್
தாங்கி அடுக்கு,ಬೇರಿಂಗ್ ಸ್ಟ್ರಾಟಮ್
படுக்கை,ಹಾಸಿಗೆ
படுக்கை விமானம்,ಹಾಸಿಗೆ ವಿಮಾನ
படுக்கை கூட்டு,ಬೆಡ್ ಜಂಟಿ
படுக்கை பாறை,ಬೆಡ್ ರಾಕ್
படுக்கை அறை,ಮಲಗುವ ಕೋಣೆ
தேன் மெழுகு,ಜೇನುಮೇಣ
மணி பெட்டி,ಬೆಲ್ ಬಾಕ್ಸ್
பெல்லிங் வாளி,ಬೆಲ್ಲಿಂಗ್ ಬಕೆಟ್
பெல்லோஃப்ராம்,ಬೆಲ್ಲೋಫ್ರಾಮ್
பெஞ்ச் அடித்தளம்,ಬೆಂಚ್ಡ್ ಅಡಿಪಾಯ
பெஞ்சிங்,ಬೆಂಚಿಂಗ್
பெஞ்ச் மார்க்,ಮಾನದಂಡ
நன்மை செலவு பகுப்பாய்வு,ಲಾಭದ ವೆಚ್ಚದ ವಿಶ್ಲೇಷಣೆ
பெர்ம்,ಬೆರ್ಮ್
வளைந்த மூடல்,ಬೆವೆಲ್ಡ್ ಮುಚ್ಚುವಿಕೆ
"பி-ஹரைசன்,&quot;பி-","ಬಿ-ಹಾರಿಜಾನ್,&quot;ಬಿ-"
பயாட்,ಬಿಯಾಟ್
பைண்டர்,ಬೈಂಡರ್
பிணைப்பு பொருள்,ಬೈಂಡಿಂಗ್ ವಸ್ತು
பயோட்டின் கோட்பாடு,ಬಯೋಟ್ ಸಿದ್ಧಾಂತ
பிடுமின்,ಬಿಟುಮೆನ್
கருப்பு பருத்தி மண்,ಕಪ್ಪು ಹತ್ತಿ ಮಣ್ಣು
கருப்பு பூமி,ಕಪ್ಪು ಭೂಮಿ
கருப்பு தரை மண்,ಕಪ್ಪು ಟರ್ಫ್ ಮಣ್ಣು
கத்தி,ಬ್ಲೇಡ್
ஊது உலை கசடு சிமெண்ட்,ಬ್ಲಾಸ್ಟ್ ಫರ್ನೇಸ್ ಸ್ಲ್ಯಾಗ್ ಸಿಮೆಂಟ್
தடுப்பு அமைப்பு,ಬ್ಲಾಕ್ ರಚನೆ
போகி எதிர்ப்பு,ಬೋಗಿ ಪ್ರತಿರೋಧ
போக்-இரும்பு தாது,ಬಾಗ್-ಕಬ್ಬಿಣದ ಅದಿರು
பத்திரம்,ಕರಾರುಪತ್ರ
பிணைக்கப்பட்ட உறுப்பினர்,ಬಂಧಿತ ಸದಸ್ಯ
பிணைக்கப்பட்ட பிந்தைய பதற்றம்,ಬಂಧಿತ ಪೋಸ್ಟ್ ಟೆನ್ಷನಿಂಗ್
பத்திர கல்,ಬಾಂಡ್ ಕಲ್ಲು
கட்டுப்பட்ட நீர்,ಬೌಂಡ್ ನೀರು
பெட்டி சாக்கடை,ಬಾಕ್ಸ್ ಗಟರ್
பிரேஸ்,ಬ್ರೇಸ್
விளிம்பில் செங்கல்,ಬ್ರಿಕ್ ಆನ್ ಎಡ್ಜ್
கடிவாளம்,ಬ್ರಿಡ್ಲ್
பிரகாசம்,ಹೊಳಪು
பழுப்பு மண்,ಕಂದು ಮಣ್ಣು
கட்டிடம்,ಕಟ್ಟಡ
கட்டிட சர்வேயர்,ಕಟ್ಟಡ ಸರ್ವೇಯರ್
தாங்கல்,ಬಫರ್
தாங்கல் வளைவு,ಬಫರ್ ಕರ್ವ್
தாங்கல்,ಬಫರಿಂಗ್
தாங்கல் திறன்,ಬಫರಿಂಗ್ ಸಾಮರ್ಥ್ಯ
பண்டர்,ಬಂದರ್
பட்டர்ஸ்,ಬಟ್ರೆಸ್
சி-அடிவானம்,ಸಿ-ಹಾರಿಜಾನ್
கேபிள்,ಕೇಬಲ್
கேபிள் மோல்டிங்,ಕೇಬಲ್ ಮೋಲ್ಡಿಂಗ್
கேபிளிங்,ಕೇಬಲ್ ಹಾಕುವುದು
அறை,ಕ್ಯಾಬಿನ್
கேபின் ஹூக்,ಕ್ಯಾಬಿನ್ ಹುಕ್
மந்திரி சபை,ಕ್ಯಾಬಿನೆಟ್
கபோல்ட் வெளியேறினார்,ಕಾಬೋಲ್ಟ್ ತೊರೆದರು
சிற்றுண்டியகம்,ಕೆಫೆಟೇರಿಯಾ
கூண்டு,ಪಂಜರ
கூண்டு கட்டுமானம்,ಪಂಜರ ನಿರ್ಮಾಣ
கெய்னின் சூத்திரம்,ಕೇನ್ ಅವರ ಸೂತ್ರ
கெய்சன்,ಕೈಸನ್
கெய்சன் நோய்,ಕೈಸನ್ ಕಾಯಿಲೆ
கெய்சன் அடித்தளம்,ಕೈಸನ್ ಅಡಿಪಾಯ
கெய்சன் குவியல்,ಕೈಸನ್ ರಾಶಿ
சுண்ணாம்பு செங்கல்,ಸುಣ್ಣದ ಇಟ್ಟಿಗೆ
சுண்ணாம்பு களிமண்,ಸುಣ್ಣದ ಜೇಡಿಮಣ್ಣು
சுண்ணாம்பு மேலோடு,ಕ್ಯಾಲ್ಕೇರಿಯಸ್ ಕ್ರಸ್ಟ್
கால்சிஃபிகேஷன்,ಕ್ಯಾಲ್ಸಿಫಿಕೇಶನ್
கால்சினேஷன்,ಕ್ಯಾಲ್ಸಿನೇಷನ್
கால்சின்,ಕ್ಯಾಲ್ಸಿನ್
கால்சைட்,ಕ್ಯಾಲ್ಸೈಟ್
கால்சியம்-அலுமினேட் சிமெண்ட்,ಕ್ಯಾಲ್ಸಿಯಂ-ಅಲ್ಯೂಮಿನೇಟ್ ಸಿಮೆಂಟ್
கால்சியம்-சிலிகேட் செங்கல்,ಕ್ಯಾಲ್ಸಿಯಂ-ಸಿಲಿಕೇಟ್ ಇಟ್ಟಿಗೆ
கால்சியம்-சிலிகேட் ஹைட்ரேட்,ಕ್ಯಾಲ್ಸಿಯಂ-ಸಿಲಿಕೇಟ್ ಹೈಡ್ರೇಟ್
கலிச்சே,ಕ್ಯಾಲಿಚೆ
கலிபோர்னியா தாங்கி விகிதம்,ಕ್ಯಾಲಿಫೋರ್ನಿಯಾ ಬೇರಿಂಗ್ ಅನುಪಾತ
காலிபர்,ಕ್ಯಾಲಿಪರ್
கலோரிமீட்டர்,ಕ್ಯಾಲೋರಿಮೀಟರ್
கேம்பர்,ಕ್ಯಾಂಬರ್
கால்வாய்,ಕಾಲುವೆ
விதானம்,ಮೇಲಾವರಣ
கான்டிலீவர் அடிவாரம்,ಕ್ಯಾಂಟಿಲಿವರ್ ಫೂಟಿಂಗ್
தொப்பி,ಕ್ಯಾಪ್
திறன்,ಸಾಮರ್ಥ್ಯ
ஆயில் பாதையின் திறன்,ಏಲ್ ಟ್ರ್ಯಾಕ್ ಸಾಮರ್ಥ್ಯ
தொப்பி கேபிள்,ಕ್ಯಾಪ್ ಕೇಬಲ್
கேபிலரிட்டி,ಕ್ಯಾಪಿಲ್ಲರಿಟಿ
தந்துகி முறிவு,ಕ್ಯಾಪಿಲ್ಲರಿ ಬ್ರೇಕ್
தந்துகி ஓட்டம்,ಕ್ಯಾಪಿಲ್ಲರಿ ಹರಿವು
தந்துகி ஈரப்பதம் அல்லது தந்துகி நீர்,ಕ್ಯಾಪಿಲ್ಲರಿ ತೇವಾಂಶ ಅಥವಾ ಕ್ಯಾಪಿಲ್ಲರಿ ನೀರು
தந்துகி துளை இடம்,ಕ್ಯಾಪಿಲ್ಲರಿ ರಂಧ್ರದ ಜಾಗ
கேபிலரி போரோசிட்டி,ಕ್ಯಾಪಿಲ್ಲರಿ ಸರಂಧ್ರತೆ
தந்துகி வெளி,ಕ್ಯಾಪಿಲ್ಲರಿ ಸ್ಪೇಸ್
பிடிப்பு வேகம்,ಕ್ಯಾಪ್ಚರ್ ವೇಗ
கார்பனேற்றம்,ಕಾರ್ಬೊನೇಶನ್
கார்பன் கருப்பு,ಕಾರ್ಬನ್ ಕಪ್ಪು
காஸ்ட்பிள் பயனற்ற,ಕ್ಯಾಸ್ಟ್ಬಲ್ ವಕ್ರೀಕಾರಕ
காஸ்ட்-இன்-பிளேஸ் அல்லது காஸ்ட்-இன்-சிட்டு,ಬಿತ್ತರಿಸಿದ ಸ್ಥಳದಲ್ಲಿ ಅಥವಾ ಬಿತ್ತರಿಸಿದ ಸ್ಥಳದಲ್ಲಿ
காஸ்ட்-இன்-பிளேஸ் பைல்,ಎರಕಹೊಯ್ದ ರಾಶಿ
ஆமணக்கு,ಕ್ಯಾಸ್ಟರ್
வார்ப்பு கல்,ಎರಕಹೊಯ್ದ ಕಲ್ಲು
வினையூக்கி,ವೇಗವರ್ಧಕ
கேட்டனா,ಕ್ಯಾಟೆನಾ
பூனை முகம்,ಬೆಕ್ಕಿನ ಮುಖ
பூனை தலை,ಬೆಕ್ಕಿನ ತಲೆ
கேஷன்,ಕ್ಯಾಶನ್
பூனை நடை,ಬೆಕ್ಕಿನ ನಡಿಗೆ
குழிவுறுதல் சேதம்,ಗುಳ್ಳೆಕಟ್ಟುವಿಕೆ ಹಾನಿ
செலைட்,ಸೆಲೈಟ್
செல்லுலார் கான்கிரீட்,ಸೆಲ್ಯುಲಾರ್ ಕಾಂಕ್ರೀಟ್
செல்லுலார் கட்டுமானம்,ಸೆಲ್ಯುಲಾರ್ ನಿರ್ಮಾಣ
சிமெண்ட்,ಸಿಮೆಂಟ್
"சிமெண்ட், பிட்மினஸ்","ಸಿಮೆಂಟ್, ಬಿಟುಮಿನಸ್"
"சிமெண்ட், அதிக வலிமை","ಸಿಮೆಂಟ್, ಹೆಚ್ಚಿನ ಶಕ್ತಿ"
"சிமெண்ட், ஹைட்ராலிக்","ಸಿಮೆಂಟ್, ಹೈಡ್ರಾಲಿಕ್"
"சிமெண்ட், குறைந்த வெப்பம்","ಸಿಮೆಂಟ್, ಕಡಿಮೆ ಶಾಖ"
"சிமெண்ட், கொத்து","ಸಿಮೆಂಟ್, ಕಲ್ಲು"
"சிமெண்ட், இயற்கை","ಸಿಮೆಂಟ್, ನೈಸರ್ಗಿಕ"
"சிமெண்ட், போர்ட்லேண்ட்","ಸಿಮೆಂಟ್, ಪೋರ್ಟ್ಲ್ಯಾಂಡ್"
"சிமெண்ட், போர்ட்லேண்ட் பிளாஸ்ட் ஃபர்னேஸ் ஸ்லாக்","ಸಿಮೆಂಟ್, ಪೋರ್ಟ್ಲ್ಯಾಂಡ್ ಬ್ಲಾಸ್ಟ್ ಫರ್ನೇಸ್ ಸ್ಲ್ಯಾಗ್"
"சிமெண்ட், போர்ட்லேண்ட் போஸோலன்","ಸಿಮೆಂಟ್, ಪೋರ್ಟ್ಲ್ಯಾಂಡ್ ಪೊಝೋಲನ್"
"சிமெண்ட், கசடு","ಸಿಮೆಂಟ್, ಸ್ಲ್ಯಾಗ್"
"சிமெண்ட், சல்பேட் எதிர்ப்பு","ಸಿಮೆಂಟ್, ಸಲ್ಫೇಟ್ ನಿರೋಧಕ"
"சிமெண்ட், சூப்பர் சல்பேட்","ಸಿಮೆಂಟ್, ಸೂಪರ್ ಸಲ್ಫೇಟ್"
"சிமெண்ட், வெள்ளை","ಸಿಮೆಂಟ್, ಬಿಳಿ"
சிமெண்ட்-மொத்த விகிதம்,ಸಿಮೆಂಟ್-ಒಟ್ಟಾರೆ ಅನುಪಾತ
சிமெண்ட் உள்ளடக்கம்,ಸಿಮೆಂಟ್ ವಿಷಯ
சிமெண்ட் ஜெல்,ಸಿಮೆಂಟ್ ಜೆಲ್
சிமெண்ட் துப்பாக்கி,ಸಿಮೆಂಟ್ ಗನ್
சிமெண்ட் சூளை,ಸಿಮೆಂಟ್ ಗೂಡು
சிமெண்ட் பெயிண்ட்,ಸಿಮೆಂಟ್ ಬಣ್ಣ
சிமெண்ட் பூச்சு,ಸಿಮೆಂಟ್ ಪ್ಲಾಸ್ಟರ್
சிமெண்ட் பாறை,ಸಿಮೆಂಟ್ ಕಲ್ಲು
சிமெண்ட் குழம்பு,ಸಿಮೆಂಟ್ ಸ್ಲರಿ
சிமெண்ட் சேமிப்பு,ಸಿಮೆಂಟ್ ಸಂಗ್ರಹಣೆ
சிமெண்டேஷன் செயல்முறை,ಸಿಮೆಂಟೇಶನ್ ಪ್ರಕ್ರಿಯೆ
மையப்படுத்துதல்,ಕೇಂದ್ರೀಕರಣ
மையப்படுத்துதல் மற்றும் மூடுதல்,ಕೇಂದ್ರೀಕರಿಸುವುದು ಮತ್ತು ಮುಚ್ಚುವುದು
மத்திய கலப்பு கான்கிரீட்,ಕೇಂದ್ರ ಮಿಶ್ರ ಕಾಂಕ್ರೀಟ್
மத்திய கலவை,ಕೇಂದ್ರ ಮಿಕ್ಸರ್
மையவிலக்கு விசிறி,ಕೇಂದ್ರಾಪಗಾಮಿ ಫ್ಯಾನ್
சுண்ணாம்பு,ಚಾಕ್
சேம்ஃபர்,ಚೇಂಫರ್
சேம்பர் துண்டு,ಚೇಂಫರ್ ಸ್ಟ್ರಿಪ್
சேனல் கற்றை,ಚಾನಲ್ ಕಿರಣ
சிறப்பியல்பு சுமை,ವಿಶಿಷ್ಟ ಲೋಡ್
பண்பு வலிமை,ವಿಶಿಷ್ಟ ಶಕ್ತಿ
சார்ஜ் ஆஃப்,ಚಾರ್ಜ್ ಆಫ್
சார்ஜ் செய்கிறது,ಚಾರ್ಜ್ ಆಗುತ್ತಿದೆ
சரிபார்க்கிறது,ಪರಿಶೀಲಿಸಲಾಗುತ್ತಿದೆ
இரசாயன பிணைப்பு,ರಾಸಾಯನಿಕ ಬಂಧ
செர்னோசெம்,ಚೆರ್ನೋಜೆಮ್
கஷ்கொட்டை மண்,ಚೆಸ್ಟ್ನಟ್ ಮಣ್ಣು
புகைபோக்கி சாக்கடை,ಚಿಮಣಿ ಗಟಾರ
சிப் போர்டு,ಚಿಪ್ ಬೋರ್ಡ್
சிப்பிங்,ಚಿಪ್ಪಿಂಗ್
சீவல்கள்,ಚಿಪ್ಸ್
சரிவு,ಗಾಳಿಕೊಡೆ
வகுப்பு (கான்கிரீட்),ವರ್ಗ (ಕಾಂಕ್ರೀಟ್)
களிமண்,ಕ್ಲೇ
களிமண் உள்ளடக்கம்,ಕ್ಲೇ ವಿಷಯ
களிமண் பான்,ಕ್ಲೇ ಪ್ಯಾನ್
சுத்தம் செய்,ಕ್ಲೀನ್ಔಟ್
சுத்தம் செய்,ಸ್ವಚ್ಛಗೊಳಿಸಿ
கிளீட்,ಕ್ಲೀಟ್
கிளிங்கர்,ಕ್ಲಿಂಕರ್
கிளிப்,ಕ್ಲಿಪ್
உறைதல்,ಹೆಪ್ಪುಗಟ್ಟುವಿಕೆ
கரடுமுரடான மொத்த,ಒರಟಾದ ಒಟ್ಟು
கரடுமுரடான தானிய மண்,ಒರಟಾದ ಧಾನ್ಯದ ಮಣ್ಣು
கோட்,ಕೋಟ್
காஃபர் அணை,ಕಾಫರ್ ಅಣೆಕಟ್ಟು
ஒருங்கிணைப்பு,ಒಗ್ಗಟ್ಟು
கொலாய்டு,ಕೊಲಾಯ್ಡ್
கூழ் ஈரப்பதம் சமமான விகிதம்,ಕೊಲೊಯ್ಡಲ್ ತೇವಾಂಶ ಸಮಾನ ಅನುಪಾತ
கூழ் அமைப்பு,ಕೊಲೊಯ್ಡಲ್ ವ್ಯವಸ್ಥೆ
கொலுவல் மண்,ಕೊಲ್ಯುವಿಯಲ್ ಮಣ್ಣು
நெடுவரிசை,ಅಂಕಣ
சீப்பு பூச்சு,ಬಾಚಣಿಗೆ ಮುಕ್ತಾಯ
இணைந்த அடி,ಕಂಬೈನ್ಡ್ ಫೂಟಿಂಗ್
ஒருங்கிணைந்த நீர்,ಸಂಯೋಜಿತ ನೀರು
பொதுவான அறை,ಸಾಮಾನ್ಯ ಕೊಠಡಿ
நிறைவு சான்றிதழ்,ಪೂರ್ಣಗೊಳಿಸುವಿಕೆ ಪ್ರಮಾಣಪತ್ರ
கூறு சதுரம்,ಘಟಕ ಚೌಕ
கான்கிரீட்,ಕಾಂಕ್ರೀಟ್
கான்கிரீட்,ಕಾಂಕ್ರೀಟಿಕರಣ
ஒருங்கிணைந்த விகிதம்/தட்டை விகிதம்,ಏಕೀಕೃತ ದರ/ಫ್ಲಾಟ್ ದರ
அசுத்தங்கள்,ಮಾಲಿನ್ಯಕಾರಕಗಳು
அல்கோவ் சமையல்,ಅಲ್ಕೋವ್ ಅಡುಗೆ
சமாளிப்பது,ನಿಭಾಯಿಸುವುದು
கோர்பெல்,ಕಾರ್ಬೆಲ್
கார்னிஸ்,ಕಾರ್ನಿಸ್
இணைப்பான்,ಸಂಯೋಜಕ
"கப்லர், இரட்டை","ಕಪ್ಲರ್, ಡಬಲ್"
"கப்லர், புட்லாக்","ಕಪ್ಲರ್, ಪುಟ್ಲಾಗ್"
"இணைப்பு, சுழல்","ಕಪ್ಲರ್, ಸ್ವಿವೆಲ್"
பாடநெறி,ಕೋರ್ಸ್
சீரற்ற இடிந்த கொத்து,ಕೋರ್ಸ್ಡ್ ಯಾದೃಚ್ಛಿಕ ಕಲ್ಲುಮಣ್ಣು ಕಲ್ಲುಗಳು
மூடப்பட்ட பகுதி,ಆವರಿಸಿದ ಪ್ರದೇಶ
தவழும்,ತೆವಳುವ
க்ரீப் குணகம்,ಕ್ರೀಪ್ ಗುಣಾಂಕ
குரோடோவின்,ಕ್ರೊಟೊವಿನ್
காக்கை கால்,ಕಾಗೆ ಕಾಲು
நொறுக்குத் தீனி அமைப்பு,ಕ್ರಂಬ್ ರಚನೆ
கட்டுப்படுத்து,ದಂಡೆ
தற்போதைய,ಪ್ರಸ್ತುತ
வளைவு எதிர்ப்பு,ಕರ್ವ್ ಪ್ರತಿರೋಧ
ஈரப்பதம் இல்லாத பாடநெறி,ತೇವಾಂಶ ನಿರೋಧಕ ಕೋರ್ಸ್
நிறைவு தேதி,ಪೂರ್ಣಗೊಂಡ ದಿನಾಂಕ
நிலைச்சுமை,ಡೆಡ್ ಲೋಡ್
இறந்த நீர்,ಸತ್ತ ನೀರು
டெசிபல்,ಡೆಸಿಬೆಲ್
டிஃப்ளோகுலேஷன்,ಡಿಫ್ಲೋಕ್ಯುಲೇಷನ್
காற்றோட்டம் அல்லது காற்று விண்வெளி விகிதம்,ಗಾಳಿ ಅಥವಾ ಗಾಳಿಯ ಅಂತರದ ಅನುಪಾತದ ಪದವಿ
திரட்டல் பட்டம்,ಒಟ್ಟುಗೂಡಿಸುವಿಕೆಯ ಪದವಿ
சிதறல் பட்டம்,ಪ್ರಸರಣದ ಪದವಿ
செறிவூட்டல் பட்டம்,ಶುದ್ಧತ್ವದ ಪದವಿ
அடர்த்தி,ಸಾಂದ್ರತೆ
பாலைவன நடைபாதை,ಮರುಭೂಮಿ ಪಾದಚಾರಿ ಮಾರ್ಗ
பாலைவன மண்,ಮರುಭೂಮಿ ಮಣ್ಣು
விவரங்கள்,ವಿವರಗಳು
வளர்ச்சி காலம்,ಅಭಿವೃದ್ಧಿ ಅವಧಿ
டி-அடிவானம்,ಡಿ-ಹಾರಿಜಾನ್
மூலைவிட்ட பிணைப்பு,ಕರ್ಣೀಯ ಬಂಧ
வரைபடம்,ರೇಖಾಚಿತ್ರ
டிஜிட்டல் டாக்,ಡಿಜಿಟಲ್ ಡಾಕ್
வேறுபட்ட நீர் விகிதம்,ಭೇದಾತ್ಮಕ ನೀರಿನ ದರ
நீர்த்த காற்றோட்டம்,ದುರ್ಬಲಗೊಳಿಸುವ ವಾತಾಯನ
டிலுவியம்,ಡಿಲುವಿಯಂ
சாப்பிடும் அல்லது உணவருந்தும் அறை,ಊಟದ ಕೋಣೆ
திசை ஆப்பு,ದಿಕ್ಕಿನ ಪೆಗ್
சிதறல்,ಪ್ರಸರಣ
டிஸ்டெம்பர்,ಡಿಸ್ಟೆಂಪರ್
கப்பல்துறை,ಡಾಕ್
கதவு,ಬಾಗಿಲು
டார்மர்,ಡಾರ್ಮರ್
டார்மர் சோதனை,ಡಾರ್ಮರ್ ಚೆಕ್
இரட்டை சதை பிணைப்பு,ಡಬಲ್ ಫ್ಲೆಮಿಶ್ ಬಾಂಡ್
இரட்டை அடுக்கு,ಡಬಲ್ ಲೇಯರ್
டோவல்,ಡೋವೆಲ್
வரைதல் பலகை,ಡ್ರಾಯಿಂಗ್ ಬೋರ್ಡ್
வரைதல் அறை,ಡ್ರಾಯಿಂಗ್ ಕೊಠಡಿ
சறுக்கல்,ಡ್ರಿಫ್ಟ್
உலர் குமிழ் வெப்பநிலை,ಒಣ ಬಲ್ಬ್ ತಾಪಮಾನ
உலர் கப்பல்துறை,ಡ್ರೈ ಡಾಕ್
உலர் ரப்பர் கொத்து,ಒಣ ರಬ್ಬರ್ ಕಲ್ಲು
டச்சு பத்திரம்,ಡಚ್ ಬಾಂಡ್
குள்ள சுவர்,ಕುಬ್ಜ ಗೋಡೆ
குடியிருப்பு அலகு,ವಸತಿ ಘಟಕ
ஈவ்,ಈವ್
ஈவ்ஸ் சாக்கடை,ಈವ್ಸ್ ಗಟರ್
பொருளாதார சாத்தியம்,ಆರ್ಥಿಕ ಕಾರ್ಯಸಾಧ್ಯತೆ
எக்டோடைனமார்பிக் மண்,ಎಕ್ಟೋಡೈನಮಾರ್ಫಿಕ್ ಮಣ್ಣು
எட்டி,ಸುಳಿ
பயனுள்ள அளவு,ಪರಿಣಾಮಕಾರಿ ಗಾತ್ರ
மலர்ச்சி,ಪುಷ್ಪಮಯ
கழிவுநீர்,ಹೊರಹರಿವು
உயரம்,ಎತ್ತರ
எலுவியேஷன்,ಎಲುವಿಯೇಶನ್
எலுவியம்,ಎಲುವಿಯಮ್
எண்டோடைனமார்பிக் மண்,ಎಂಡೋಡೈನಮಾರ್ಫಿಕ್ ಮಣ್ಣು
பொறியியல் சாத்தியம்,ಎಂಜಿನಿಯರಿಂಗ್ ಕಾರ್ಯಸಾಧ್ಯತೆ
ஆங்கில பத்திரம்,ಇಂಗ್ಲಿಷ್ ಬಾಂಡ್
ஆங்கில தோட்ட சுவர் பத்திரம்,ಇಂಗ್ಲಿಷ್ ಗಾರ್ಡನ್ ವಾಲ್ ಬಾಂಡ್
"EPM (ஒரு மில்லியனுக்கு சமம்),&quot;","EPM (ಪ್ರತಿ ಮಿಲಿಯನ್‌ಗೆ ಸಮಾನ),&quot;"
சமமான எடை,ಸಮಾನ ತೂಕ
எ.கா,ಉದಾ
மாற்றத்தக்கது,ವಿನಿಮಯ ಮಾಡಬಹುದಾದ
மாற்றக்கூடிய அமிலத்தன்மை,ಬದಲಾಯಿಸಬಹುದಾದ ಆಮ್ಲೀಯತೆ
மாற்றக்கூடிய சோடியம் சதவீதம் (ESP),ಬದಲಾಯಿಸಬಹುದಾದ ಸೋಡಿಯಂ ಶೇಕಡಾವಾರು (ESP)
ஈ.எஸ்.பி.,ಇ.ಎಸ್.ಪಿ.
பரிமாற்ற அமிலத்தன்மை,ವಿನಿಮಯ ಆಮ್ಲೀಯತೆ
பரிமாற்ற வளாகம்,ವಿನಿಮಯ ಸಂಕೀರ್ಣ
வெளியேற்ற,ನಿಷ್ಕಾಸ
வெளிப்பட்ட பூச்சு,ಬಹಿರಂಗ ಮುಕ್ತಾಯ
கண்,ಕಣ್ಣು
கண் புருவம்,ಕಣ್ಣು ಹುಬ್ಬು
எதிர்கொள்ளும்,ಎದುರಿಸುತ್ತಿದೆ
எதிர்கொள்ளும் பிணைப்பு,ಎದುರಿಸುತ್ತಿರುವ ಬಂಧ
பாதுகாப்பு காரணி,ಸುರಕ್ಷತೆಯ ಅಂಶ
வீழ்ச்சி,ಪತನ
ஃபேசியா,ಫೇಶಿಯಾ
முக பலகை,ಫೇಶಿಯಾ ಬೋರ್ಡ್
தவறு,ದೋಷ
வயல் ஈரப்பதம்,ಕ್ಷೇತ್ರ ತೇವಾಂಶ
இறுதி ஈரப்பதம் சமம்,ಅಂತಿಮ ತೇವಾಂಶ ಸಮಾನ
ஃபில்லட் (மோட்டார்),ಫಿಲೆಟ್ (ಗಾರೆ)
இறுதி,ಅಂತಿಮ
இறுதி அளவீடு,ಅಂತಿಮ ಮಾಪನ
இறுதி கட்டணம்,ಅಂತಿಮ ಪಾವತಿq
இறுதி முன் மன அழுத்தம்,ಅಂತಿಮ ಪೂರ್ವ ಒತ್ತಡ
இறுதி பதற்றம்,ಅಂತಿಮ ಒತ್ತಡ
நிதி சாத்தியம்,ಹಣಕಾಸಿನ ಕಾರ್ಯಸಾಧ್ಯತೆ
நேர்த்தியான மொத்த,ಉತ್ತಮವಾದ ಒಟ್ಟು
பிளவுபட்ட பாறை,ಬಿರುಕುಗೊಂಡ ಬಂಡೆ
கொடி கல்,ಧ್ವಜದ ಕಲ್ಲು
பிளெமிஷ் பிணைப்பு,ಫ್ಲೆಮಿಶ್ ಬಂಧ
ஒளிரும்,ಮಿನುಗುತ್ತಿದೆ
பளிச்சிடும் ஓடை,ಹೊಳೆಯುವ ಸ್ಟ್ರೀಮ್
தட்டையான கூரை,ಫ್ಲಾಟ್ ಛಾವಣಿ
Fleche,ಫ್ಲೆಚೆ
பிளெமிஷ் தோட்ட சுவர் பிணைப்பு,ಫ್ಲೆಮಿಶ್ ಗಾರ್ಡನ್ ವಾಲ್ ಬಾಂಡ್
பிளின்ட்,ಫ್ಲಿಂಟ್
பிளின்ட் சுவர்,ಫ್ಲಿಂಟ್ ಗೋಡೆ
மிதக்கும் தளம்,ತೇಲುವ ಮಹಡಿ
ஃப்ளோக்குலேஷன்,ಫ್ಲೋಕ್ಯುಲೇಷನ್
ஃப்ளோகுலேஷன் வரம்பு,ಫ್ಲೋಕ್ಯುಲೇಷನ್ ಮಿತಿ
ஃப்ளோகுலேஷன் விகிதம்,ಫ್ಲೋಕ್ಯುಲೇಷನ್ ಅನುಪಾತ
ஃப்ளோக்குல்ஸ்,ಫ್ಲೋಕಲ್ಸ್
தரை,ಮಹಡಿ
மாடி முத்திரை,ಮಹಡಿ ಮುದ್ರೆ
ஓட்டம்,ಹರಿವು
ஏற்ற இறக்கம்,ಏರಿಳಿತ
காலடி,ಕಾಲಿಡುವುದು
அறக்கட்டளை,ಅಡಿಪಾಯ
இலவச வீழ்ச்சி பாரோ டாப்பிங் மிக்சர்,ಉಚಿತ ಪತನದ ಬ್ಯಾರೋ ಟಾಪಿಂಗ್ ಮಿಕ್ಸರ್
இலவச வீழ்ச்சி கலவை (டிரம் வகை),ಉಚಿತ ಪತನ ಮಿಕ್ಸರ್ (ಡ್ರಮ್ ಪ್ರಕಾರ)
இலவச கல்,ಉಚಿತ ಕಲ್ಲು
புதியது,ಫ್ರೆಶ್ಸೆಟ್
உராய்வு குவியல்,ಘರ್ಷಣೆ ರಾಶಿ
தவளை,ಕಪ್ಪೆ
கேபிள்,ಗೇಬಲ್
கேப்லெட்,ಗ್ಯಾಬ್ಲೆಟ್
சூதாட்ட கூரை,ಗ್ಯಾಂಬ್ರೆಲ್ ಛಾವಣಿ
அளவீடு,ಗೇಜ್
அளவிடும் பிரிவு,ಅಳತೆ ವಿಭಾಗ
அளவிடும் நிலையம்,ಮಾಪಕ ನಿಲ್ದಾಣ
பொதுவான இருப்பிடத் திட்டம்,ಸಾಮಾನ್ಯ ಸ್ಥಳ ಯೋಜನೆ
பொது காற்றோட்டம்,ಸಾಮಾನ್ಯ ವಾತಾಯನ
G அடிவானம் அல்லது gley அடிவானம்,ಜಿ ಹಾರಿಜಾನ್ ಅಥವಾ ಗ್ಲೇ ಹಾರಿಜಾನ್
வரை பனிப்பாறை,ತನಕ ಗ್ಲೇಶಿಯಲ್
Gneiss,ಗ್ನೀಸ್
பொருட்கள் முற்றம்,ಸರಕುಗಳ ಅಂಗಳ
சாய்வு எதிர்ப்பு,ಗ್ರೇಡಿಯಂಟ್ ಪ್ರತಿರೋಧ
கிரானைட்,ಗ್ರಾನೈಟ್
சிறுமணி அமைப்பு,ಹರಳಿನ ರಚನೆ
குருணையாக்கம்,ಗ್ರ್ಯಾನ್ಯುಲೇಷನ್
சிறுமணி,ಗ್ರ್ಯಾನ್ಯೂಲ್
ஈர்ப்பு நீர் இல்லாத நீர்,ಗುರುತ್ವಾಕರ್ಷಣೆಯ ನೀರು ಮುಕ್ತ ನೀರು
ஈர்ப்பு முற்றம்,ಗುರುತ್ವಾಕರ್ಷಣೆಯ ಅಂಗಳ
பெரிய மண் குழு,ದೊಡ್ಡ ಮಣ್ಣಿನ ಗುಂಪು
கிரில்லேஜ் அடித்தளம்,ಗ್ರಿಲ್ಲೇಜ್ ಅಡಿಪಾಯ
தரையில் கை மோல்டிங்,ನೆಲದ ಕೈ ಮೋಲ್ಡಿಂಗ್
குழுவாக்கப்பட்ட கப்பல்துறை,ಗುಂಪು ಮಾಡಲಾದ ಡಾಕ್
குழு வீடுகள்,ಗುಂಪು ವಸತಿ
விருந்தினர் அறை,ಅತಿಥಿ ಕೊಠಡಿ
சாக்கடை,ಗಟಾರ
சாக்கடை சுமப்பவர்,ಗಟಾರ ಹೊರುವವನು
கால்வாய் சோதனை,ಗಟರ್ ಚೆಕ್
சுத்தி அலங்காரம்,ಸುತ್ತಿಗೆ ಡ್ರೆಸ್ಸಿಂಗ್
துறைமுகம்,ಬಂದರು
புகலிடத் துறைமுகம்,ಆಶ್ರಯ ಬಂದರು
கடினமான பான்,ಹಾರ್ಡ್ ಪ್ಯಾನ್
தலைப்பு,ಶಿರೋಲೇಖ
தலைப்பு பத்திரம்,ಹೆಡರ್ ಬಾಂಡ್
தலைப்பு பாடநெறி,ಹೆಡರ್ ಕೋರ್ಸ್
தலை வாயில் அமைப்பு,ಹೆಡ್ ಗೇಟ್ ರಚನೆ
கால்வாயின் தலைவர்,ಕಾಲುವೆಯ ಮುಖ್ಯಸ್ಥ
தலைமை சீராக்கி,ಮುಖ್ಯ ನಿಯಂತ್ರಕ
ஹெர்ரிங் எலும்பு பிணைப்பு,ಹೆರಿಂಗ್ ಮೂಳೆ ಬಂಧ
இதயம்,ಹಾರ್ಟಿಂಗ್
ஈரமாக்கும் வெப்பம்,ತೇವಗೊಳಿಸುವ ಶಾಖ
உயர் அலுமினா சிமெண்ட்,ಹೆಚ್ಚಿನ ಅಲ್ಯೂಮಿನಾ ಸಿಮೆಂಟ್
இடுப்பு,ಹಿಪ್
ஹிப் கேப்பிங்,ಹಿಪ್ ಕ್ಯಾಪಿಂಗ್
இடுப்பு முனை,ಹಿಪ್ಡ್ ಎಂಡ್
ஹூட்,ಹುಡ್
ஹூட் மோல்டிங்,ಹುಡ್ ಮೋಲ್ಡಿಂಗ್
ஹூக்கின் சட்டம்,ಹುಕ್ ಕಾನೂನು
வளைய இரும்பு,ಹೂಪ್ ಕಬ್ಬಿಣ
அடிவானம்,ಹಾರಿಜಾನ್
ஈரப்பதமாக்குதல்,ಆರ್ದ್ರತೆ
"ஈரப்பதம், முழுமையானது","ಆರ್ದ್ರತೆ, ಸಂಪೂರ್ಣ"
"ஈரப்பதம், உறவினர்","ಆರ್ದ್ರತೆ, ಸಾಪೇಕ್ಷ"
ஹம்ப் யார்டு,ಹಂಪ್ ಯಾರ್ಡ್
ஹைட்ராலிக் அழுத்தம்,ಹೈಡ್ರಾಲಿಕ್ ಒತ್ತಡ
நீரேற்றம்,ಜಲಸಂಚಯನ
நீராற்பகுப்பு,ಜಲವಿಚ್ಛೇದನ
ஹைட்ரோலைடிக் அமிலத்தன்மை,ಹೈಡ್ರೊಲೈಟಿಕ್ ಆಮ್ಲೀಯತೆ
ஹைட்ரோமார்பிக் மண்,ಹೈಡ್ರೋಮಾರ್ಫಿಕ್ ಮಣ್ಣು
ஹைட்ரோஃபிலிக் கொலாய்டு,ಹೈಡ್ರೋಫಿಲಿಕ್ ಕೊಲೊಯ್ಡ್
ஹைட்ரோபோபிக் கொலாய்டு,ಹೈಡ್ರೋಫೋಬಿಕ್ ಕೊಲೊಯ್ಡ್
ஹைட்ரோஸ்டேடிக் அழுத்தம் விகிதம்,ಹೈಡ್ರೋಸ್ಟಾಟಿಕ್ ಒತ್ತಡದ ಅನುಪಾತ
ஹைக்ரோஸ்காப்டிக் குணகம்,ಹೈಗ್ರೊಸ್ಕಾಪ್ಟಿಕ್ ಗುಣಾಂಕ
ஹைக்ரோஸ்கோபிக் ஈரப்பதம்,ಹೈಗ್ರೊಸ್ಕೋಪಿಕ್ ತೇವಾಂಶ
ஹைட்ரோஸ்கோபிசிட்டி,ಹೈಡ್ರೋಸ್ಕೋಪಿಸಿಟಿ
ஹைக்ரோஸ்கோபிக் ஈரப்பதம்,ಹೈಗ್ರೊಸ್ಕೋಪಿಕ್ ತೇವಾಂಶ
ஹைபர்பேரிக் அறை,ಹೈಪರ್ಬೇರಿಕ್ ಚೇಂಬರ್
ஹைப்பர்ஸ்டேடிக் சட்டகம்,ಹೈಪರ್ಸ್ಟಾಟಿಕ್ ಫ್ರೇಮ್
ஹைப்சோமீட்டர்,ಹೈಪ್ಸೋಮೀಟರ್
வெளிச்சம்,ಇಲ್ಯುಮಿನೇಷನ್
உட்புகுதல் ஈரப்பதம்,ಇಂಬಿಬೇಷನ್ ತೇವಾಂಶ
முதிர்ச்சியடையாத மண்,ಬಲಿಯದ ಮಣ್ಣು
சிறைபிடிக்கப்பட்ட கப்பல்துறை,ವಶಪಡಿಸಿಕೊಂಡ ಡಾಕ್
நில வருவாய் அதிகரிப்பு,ಭೂ ಆದಾಯ ಹೆಚ್ಚಳ
சுதந்திர சாரக்கட்டு,ಸ್ವತಂತ್ರ ಸ್ಕ್ಯಾಫೋಲ್ಡ್
உள்வாங்கப்பட்டது,ಇಂಡರೇಟೆಡ್
ஆரம்ப அழுத்த அழுத்தம்,ಆರಂಭಿಕ ಪ್ರಿಸ್ಟ್ರೆಸ್
ஆரம்ப பதற்றம்,ಆರಂಭಿಕ ಒತ್ತಡ
உள்நாட்டு நீர்வழி துறைமுகம்,ಒಳನಾಡಿನ ಜಲಮಾರ್ಗ ಬಂದರು
காப்பு பலகை,ಇನ್ಸುಲೇಟಿಂಗ್ ಬೋರ್ಡ್
இடைநிலை துறைமுகம்,ಮಧ್ಯಂತರ ಬಂದರು
உள் உராய்வு,ಆಂತರಿಕ ಘರ್ಷಣೆ
உள் மண்டல மண்,ಇಂಟ್ರಾಜೋನಲ್ ಮಣ್ಣು
அயன்,ಅಯಾನು
அயன் பரிமாற்றம்,ಅಯಾನು ವಿನಿಮಯ
இரும்பு சட்டி,ಕಬ್ಬಿಣದ ಪ್ಯಾನ್
பாசன நிலம்,ನೀರಾವರಿ ಭೂಮಿ
நீர்ப்பாசனம்,ನೀರಾವರಿ
பாசன செஸ்,ನೀರಾವರಿ ಸೆಸ್
ஜம்ப்,ಜಾಂಬ್
தள்ளாட்டம்,ಜೋಗಲ್
ஜாக்கிள் முள்,ಜೋಗಲ್ ಪಿನ್
ஜூல்,ಜೂಲ್
குதிப்பவர்,ಜಂಪರ್
கிலோகிராம்,ಕಿಲೋಗ್ರಾಂ
கிலோகிராம் படை,ಕಿಲೋಗ್ರಾಂ ಬಲ
கிலோகிராம் விசை மீட்டர்,ಕಿಲೋಗ್ರಾಂ ಫೋರ್ಸ್ ಮೀಟರ್
கிலோவாட் மணி,ಕಿಲೋವ್ಯಾಟ್ ಗಂಟೆ
கிங் மூடல்,ಕಿಂಗ್ ಮುಚ್ಚುವಿಕೆ
சமையலறை,ಅಡಿಗೆ
லேஸ்டு நெடுவரிசை,ಲೇಸ್ಡ್ ಕಾಲಮ್
பின்னடைவு,ಹಿಂದುಳಿದಿದೆ
லமெல்லா வேர்,ಲ್ಯಾಮೆಲ್ಲಾ ರೂಟ್
லேமினார் ஓட்டம்,ಲ್ಯಾಮಿನಾರ್ ಹರಿವು
விளக்கு துளை,ದೀಪದ ರಂಧ್ರ
நிலப் பெருக்கம்,ಭೂಮಿ ಸಂಚಯ
நில சறுக்கல்,ಲ್ಯಾಂಡ್ ಸ್ಲೈಡಿಂಗ್
லேட்டரைட்,ಲ್ಯಾಟರೈಟ್
லேட்டரைட் மண்,ಲ್ಯಾಟರೈಟ್ ಮಣ್ಣು
பெரிய எண்களின் சட்டம்,ದೊಡ್ಡ ಸಂಖ್ಯೆಗಳ ಕಾನೂನು
தளவமைப்பு திட்டம்,ಲೇಔಟ್ ಯೋಜನೆ
பேரேடு,ಖಾತಾ ಪುಸ್ತಕ
சுண்ணாம்பு பான்,ಸುಣ್ಣದ ಪ್ಯಾನ್
லிண்டல்,ಲಿಂಟೆಲ್
திரவ வரம்பு,ದ್ರವ ಮಿತಿ
நேரடி சுமை,ಲೈವ್ ಲೋಡ್
களிமண்,ಲೋಮ್
உள்ளூர் வெளியேற்ற காற்றோட்டம்,ಸ್ಥಳೀಯ ನಿಷ್ಕಾಸ ವಾತಾಯನ
லோகோ முற்றம்,ಲೋಕೋ ಅಂಗಳ
லூஸ்,ಲೋಸ್
குறைந்த பிளாஸ்டிக் வரம்பு,ಕಡಿಮೆ ಪ್ಲಾಸ್ಟಿಕ್ ಮಿತಿ
குறைந்த வெப்ப சிமெண்ட்,ಕಡಿಮೆ ಶಾಖ ಸಿಮೆಂಟ್
இயந்திர மோல்டிங்,ಯಂತ್ರ ಮೋಲ್ಡಿಂಗ್
மேக்ரோஸ்ட்ரக்சர்,ಮ್ಯಾಕ್ರೋಸ್ಟ್ರಕ್ಚರ್
முக்கிய தலைமை சீராக்கி,ಮುಖ್ಯ ನಿಯಂತ್ರಕ
முக்கிய துறைமுகம்,ಮುಖ್ಯ ಬಂದರು
ஒப்பனை காற்று,ಮೇಕಪ್ ಗಾಳಿ
மான்சார்ட்,ಮನ್ಸಾರ್ಡ್
மார்ஷலிங் முற்றம்,ಮಾರ್ಷಲಿಂಗ್ ಯಾರ್ಡ್
கொத்து,ಕಲ್ಲುಗಾರಿಕೆ
முதிர்ச்சியடைந்த வெப்பநிலை,ಪಕ್ವವಾಗುತ್ತಿರುವ ತಾಪಮಾನ
இடைமட்ட மாடி,ಮೆಜ್ಜನೈನ್ ಮಹಡಿ
இயந்திர பகுப்பாய்வு,ಯಾಂತ್ರಿಕ ವಿಶ್ಲೇಷಣೆ
இயந்திர காற்றோட்டம்,ಯಾಂತ್ರಿಕ ವಾತಾಯನ
மெட்ரிக் அமைப்பு,ಮೆಟ್ರಿಕ್ ಪದ್ಧತಿ
நுண் கட்டமைப்பு,ಸೂಕ್ಷ್ಮ ರಚನೆ
மில்லிக்கு சமம்,ಮಿಲಿ ಸಮಾನ
ஒரு லிட்டருக்கு மில்லி சமம்,ಪ್ರತಿ ಲೀಟರ್‌ಗೆ ಮಿಲಿ ಸಮಾನ
கனிம,ಖನಿಜ
கனிம மண்,ಖನಿಜ ಮಣ್ಣು
சிறிய துறைமுகம்,ಚಿಕ್ಕ ಬಂದರು
மிட்ரெட் மூடல்,ಮಿಟ್ರೆಡ್ ಮುಚ್ಚುವಿಕೆ
நடமாடும் மண் கொலாய்டு,ಮೊಬೈಲ್ ಮಣ್ಣಿನ ಕೊಲೊಯ್ಡ್
ஈரப்பதம்,ತೇವಾಂಶ
ஈரப்பதம் சாய்வு,ತೇವಾಂಶ ಗ್ರೇಡಿಯಂಟ್
ஒற்றைக்கல்,ಏಕಶಿಲೆ
மோனோரயில்,ಮೊನೊರೈಲ್
தேசிய துறைமுக சபை,ರಾಷ್ಟ್ರೀಯ ಬಂದರು ಮಂಡಳಿ
இயற்கை படுக்கை,ನೈಸರ್ಗಿಕ ಹಾಸಿಗೆ
இயற்கையான பூச்சு,ನೈಸರ್ಗಿಕ ಮುಕ್ತಾಯ
இயற்கை துறைமுகம்,ನೈಸರ್ಗಿಕ ಬಂದರು
இயற்கை காற்றோட்டம்,ನೈಸರ್ಗಿಕ ವಾತಾಯನ
கடற்படை துறைமுகம்,ನೌಕಾ ಬಂದರು
நியூட்டன்,ನ್ಯೂಟನ್
சீரற்ற ஓட்டம்,ಏಕರೂಪವಲ್ಲದ ಹರಿವು
நீர் வீதத்தை ஆக்கிரமித்துள்ளது,ನೀರಿನ ದರವನ್ನು ಆಕ್ರಮಿಸುತ್ತದೆ
எண்ணெய் வண்ணப்பூச்சு,ಎಣ್ಣೆ ಬಣ್ಣ
எண்ணெய் கிணறு சிமெண்ட்,ತೈಲ ಬಾವಿ ಸಿಮೆಂಟ್
திறந்த சேனல் ஓட்டம்,ಚಾನಲ್ ಹರಿವನ್ನು ತೆರೆಯಿರಿ
உகந்த ஈரப்பதம்,ಆಪ್ಟಿಮಮ್ ಆರ್ದ್ರತೆ
கரிம மண்,ಸಾವಯವ ಮಣ್ಣು
நோக்குநிலை,ದೃಷ್ಟಿಕೋನ
ஆர்த்தோகனல்,ಆರ್ಥೋಗೋನಲ್
ஆர்ட்ஸ்டீன்,ಒರ್ಟ್ಸ್ಟೈನ್
வெளிப்புற சமிக்ஞை,ಬಾಹ್ಯ ಸಂಕೇತ
ஆக்சிஜனேற்றம்,ಆಕ್ಸಿಡೀಕರಣ
சரக்கறை,ಪ್ಯಾಂಟ್ರಿ
பாரபெட்,ಪ್ಯಾರಪೆಟ್
பாரபெட் சுவர்,ಪ್ಯಾರಪೆಟ್ ಗೋಡೆ
பெற்றோர் பொருள்,ಮೂಲ ವಸ್ತು
கூழாங்கல் வார்ப்பு பிளாஸ்டர்,ಬೆಣಚುಕಲ್ಲು ಎರಕಹೊಯ್ದ ಪ್ಲಾಸ್ಟರ್
பெடல்பர்,ಪೆಡಲ್ಫರ್
பெடோகல்,ಪೆಡೋಕಲ್
பெடோஜெனெசிஸ்,ಪೆಡೋಜೆನೆಸಿಸ್
பெடாலஜி,ಪೆಡೋಲಜಿ
பெடோஸ்பியர்,ಪೀಡೋಸ್ಪಿಯರ್
பெனெட்ரோமீட்டர்,ಪೆನೆಟ್ರೋಮೀಟರ್
பென்ட் கூரை,ಪೆಂಟ್ ಛಾವಣಿ
பெப்டிசிங் முகவர்,ಪೆಪ್ಟೈಸಿಂಗ್ ಏಜೆಂಟ್
பகுப்பாய்வு காலம்,ವಿಶ್ಲೇಷಣೆಯ ಅವಧಿ
பெர்பென்ட்,ಪರ್ಪೆಂಡ್
பெர்ஸர்ப்ஷன்,ಪರ್ಸರ್ಪ್ಶನ್
பையர்,ಪಿಯರ್
பிலாஸ்டர்,ಪಿಲಾಸ್ಟರ್
பிட்ச்,ಪಿಚ್
பிட்ச் கூரை,ಪಿಚ್ ಛಾವಣಿ
வெற்று கான்கிரீட்,ಸರಳ ಕಾಂಕ್ರೀಟ್
விமான கோணம்,ಪ್ಲೇನ್ ಕೋನ
சமவெளி முற்றம்,ಬಯಲು ಅಂಗಳ
பிளான்சோல்,ಪ್ಲಾನ್ಸೋಲ್
பிளாஸ்டிக் நிலைத்தன்மை,ಪ್ಲಾಸ್ಟಿಕ್ ಸ್ಥಿರತೆ
பிளாஸ்டிசிட்டி,ಪ್ಲಾಸ್ಟಿಟಿ
பிளாஸ்டிசிட்டி இன்டெக்ஸ்,ಪ್ಲಾಸ್ಟಿಟಿ ಸೂಚ್ಯಂಕ
பிளாஸ்டிசிட்டி வரம்பு,ಪ್ಲಾಸ್ಟಿಸಿಟಿ ಮಿತಿ
பிளாஸ்டிசிட்டி வரம்பு,ಪ್ಲಾಸ್ಟಿಸಿಟಿ ಶ್ರೇಣಿ
பிளாட்டி அமைப்பு,ಪ್ಲಾಟಿ ರಚನೆ
பீடம்,ಸ್ತಂಭ
உழவு மண்,ನೇಗಿಲು ಮಣ್ಣು
பிளம் கல்,ಪ್ಲಮ್ ಕಲ್ಲು
போட்ஸோல்,ಪೊಡ್ಜೋಲ್
சுட்டி,ಸೂಚಿಸುತ್ತಿದೆ
பலகோண சுவர்,ಬಹುಭುಜಾಕೃತಿಯ ಗೋಡೆ
துளை இடம்,ರಂಧ್ರದ ಜಾಗ
துறைமுகம்,ಬಂದರು
நேர்மறை காற்றோட்டம்,ಧನಾತ್ಮಕ ವಾತಾಯನ
புல்வெளி மண்,ಹುಲ್ಲುಗಾವಲು ಮಣ್ಣು
துல்லியம்,ನಿಖರತೆ
முதன்மை துகள்,ಪ್ರಾಥಮಿಕ ಕಣ
பிரிஸ்மாடிக் அமைப்பு,ಪ್ರಿಸ್ಮಾಟಿಕ್ ರಚನೆ
உற்பத்தி வேலை,ಉತ್ಪಾದಕ ಕೆಲಸ
திட்ட நியாயப்படுத்தல்,ಯೋಜನೆಯ ಸಮರ್ಥನೆ
பாதுகாப்பு வேலை,ರಕ್ಷಣಾತ್ಮಕ ಕೆಲಸ
போலி-மைசீலியம்,ಸ್ಯೂಡೋ-ಮೈಸಿಲಿಯಮ್
குட்டை,ಕೊಚ್ಚೆಗುಂಡಿ
புக்கிங்,ಪಗ್ಗಿಂಗ್
பியூமிஸ்,ಪ್ಯೂಮಿಸ್
குத்து,ಪಂಚೆಯಾನ್
பொம்மை,ಬೊಂಬೆ
புட்லாக்,ಪುಟ್ಲಾಗ್
புட்லாக் சாரக்கட்டு,ಪುಟ್ಲಾಗ್ ಸ್ಕ್ಯಾಫೋಲ್ಡ್
அளவு சர்வேயர்,ಪ್ರಮಾಣ ಸರ್ವೇಯರ್
குவாரி சாறு,ಕ್ವಾರಿ ಸಾಪ್
குவே,ಕ್ವೇ
ராணி மூடல்,ರಾಣಿ ಮುಚ್ಚುವಿಕೆ
குவோயின்,ಕ್ವೊಯಿನ್
ராஃப்ட் அடித்தளம்,ರಾಫ್ಟ್ ಅಡಿಪಾಯ
ரேக்கர்,ರೇಕರ್
ரேக்கிங்,ರೇಕಿಂಗ್
ரேக்கிங் பத்திரம்,ರಾಕಿಂಗ್ ಬಾಂಡ್
ரேக்கிங் ஒளிரும்,ಮಿನುಗುವ ರೇಕಿಂಗ್
வேகமாக மாறுபடும் ஓட்டம்,ವೇಗವಾಗಿ ಬದಲಾಗುತ್ತಿರುವ ಹರಿವು
திரும்பப் பெறக்கூடிய கட்டணம்,ಮರುಪಾವತಿಸಬಹುದಾದ ಪಾವತಿ
சிவப்பு பூமி,ಕೆಂಪು ಭೂಮಿ
சிவப்பு களிமண்,ಕೆಂಪು ಲೋಮ್
சீராக்கி,ನಿಯಂತ್ರಕ
ரெகர் அல்லது கருப்பு பருத்தி மண்,ರೆಗರ್ ಅಥವಾ ಕಪ್ಪು ಹತ್ತಿ ಮಣ್ಣು
திருப்பிச் செலுத்தும் ஒப்பந்தம்,ಮರುಪಾವತಿ ಒಪ್ಪಂದ
எஞ்சிய சுருக்கம்,ಉಳಿದ ಕುಗ್ಗುವಿಕೆ
எஞ்சிய மண்,ಉಳಿಕೆ ಮಣ್ಣು
வெளிப்படுத்து,ಬಹಿರಂಗಪಡಿಸಿ
பின்னை வெளிப்படுத்து,ಪಿನ್ ಅನ್ನು ಬಹಿರಂಗಪಡಿಸಿ
டை வெளிப்படுத்து,ರಿವೀಲ್ ಟೈ
ரிட்ஜ்,ರಿಡ್ಜ್
ரிட்ஜ் கேப்பிங்,ರಿಡ್ಜ್ ಕ್ಯಾಪಿಂಗ್
நதி,ನದಿ
சாலை நிலை,ರೋಡ್ ಸ್ಟೇಡ್
கரடுமுரடான பிளாஸ்டர்,ಒರಟು ಪ್ಲಾಸ್ಟರ್
இடிபாடுகள்,ಅವಶೇಷಗಳು
இடிந்த கொத்து,ಕಲ್ಲುಮಣ್ಣು ಕಲ್ಲು
இடிந்த சுவர்,ಅವಶೇಷಗಳ ಗೋಡೆ
இயங்கும் அளவீடு,ಚಾಲನೆಯಲ್ಲಿರುವ ಮಾಪನ
பாதுகாப்பான தாங்கும் திறன்,ಸುರಕ್ಷಿತ ಬೇರಿಂಗ್ ಸಾಮರ್ಥ್ಯ
உப்பு படிந்து,ಉಪ್ಪು ಮೆರುಗು
மாதிரி அளவு,ಮಾದರಿ ಅಳತೆ
மாதிரி விநியோகம்,ಮಾದರಿ ವಿತರಣೆ
மாதிரி பிழை,ಮಾದರಿ ದೋಷ
மணல்,ಮರಳು
மணல் பூச்சு,ಮರಳು ಮುಕ್ತಾಯ
மணல் கை மோல்டிங்,ಮರಳು ಕೈ ಮೋಲ್ಡಿಂಗ್
மணல் அள்ளுதல்,ಮರಳುಗಾರಿಕೆ
நிறைவுற்ற மண்,ಸ್ಯಾಚುರೇಟೆಡ್ ಮಣ್ಣು
நிறைவுற்ற மண் பேஸ்ட்,ಸ್ಯಾಚುರೇಟೆಡ್ ಮಣ್ಣಿನ ಪೇಸ್ಟ್
செறிவூட்டல் சாறு,ಶುದ್ಧತ್ವ ಸಾರ
செறிவூட்டல் சதவீதம்,ಶುದ್ಧತ್ವ ಶೇಕಡಾವಾರು
சாசர் குவிமாடம்,ಸಾಸರ್ ಗುಮ್ಮಟ
சாரக்கட்டு,ಸ್ಕ್ಯಾಫೋಲ್ಡ್
ஷிஸ்ட்,ಸ್ಕಿಸ್ಟ್
கடல் துறைமுகம்,ಸಮುದ್ರ ಬಂದರು
ரகசிய சாக்கடை,ರಹಸ್ಯ ಗಟಾರ
இரண்டாவது,ಎರಡನೇ
வண்டல் பகுப்பாய்வு,ಸೆಡಿಮೆಂಟೇಶನ್ ವಿಶ್ಲೇಷಣೆ
அரை செயற்கை துறைமுகம்,ಅರೆ ಕೃತಕ ಬಂದರು
அரை அலை கப்பல்,ಸೆಮಿ ಟೈಡಲ್ ಡಾಕ್
முதுமை,ವಯಸ್ಸಾದ
ஷேல்,ಶೇಲ್
தாள் குவியல்,ಹಾಳೆಯ ರಾಶಿ
சுருக்க வரம்பு,ಕುಗ್ಗುವಿಕೆ ಮಿತಿ
ஷட்டரிங்,ಶಟರಿಂಗ್
சியாலிடிக் மண்,ಸಿಯಾಲಿಟಿಕ್ ಮಣ್ಣು
சிரோஜெம்,ಸಿರೋಜೆಮ್
சில்லு,ಸಿಲ್
வண்டல் மண்,ಹೂಳು
ஒற்றை சதை இரத்தம்,ಏಕ ಮಾಂಸದ ರಕ್ತ
ஒற்றை தானிய அமைப்பு,ಏಕ ಹರಳಿನ ರಚನೆ
எலும்பு மண்,ಅಸ್ಥಿಪಂಜರದ ಮಣ್ಣು
பாவாடை,ಸ್ಕರ್ಟಿಂಗ್
ஸ்லீப்பர் சுவர்,ಸ್ಲೀಪರ್ ಗೋಡೆ
பக்கவாட்டு சாக்கடை,ಸೈಡ್ ಗಟರ್
ஸ்லைடு விதி,ಸ್ಲೈಡ್ ನಿಯಮ
ஸ்லிப் டாக்,ಸ್ಲಿಪ್ ಡಾಕ್
ஸ்மோனிசா,ಸ್ಮೋನಿಜಾ
ஊறவைத்தல்,ನೆನೆಯುವುದು
மண் சங்கம்,ಮಣ್ಣಿನ ಸಂಘ
மண் வகுப்பு,ಮಣ್ಣಿನ ವರ್ಗ
மண் வளாகம்,ಮಣ್ಣಿನ ಸಂಕೀರ್ಣ
மண் நிலைத்தன்மை,ಮಣ್ಣಿನ ಸ್ಥಿರತೆ
மண் குடும்பம்,ಮಣ್ಣಿನ ಕುಟುಂಬ
மண் சட்ட வேலை,ಮಣ್ಣಿನ ಚೌಕಟ್ಟಿನ ಕೆಲಸ
மண்ணின் ஈரப்பதம்,ಮಣ್ಣಿನ ತೇವಾಂಶ
மண்ணின் ஈரப்பதம் பெருக்கம்,ಮಣ್ಣಿನ ತೇವಾಂಶ ಸಂಗ್ರಹಣೆ
மண்ணின் ஈரப்பதம் குறைபாடு,ಮಣ್ಣಿನ ತೇವಾಂಶದ ಕೊರತೆ
மண் உருவவியல்,ಮಣ್ಣಿನ ರೂಪವಿಜ್ಞಾನ
மண் துகள்,ಮಣ್ಣಿನ ಕಣ
மண் கட்டம்,ಮಣ್ಣಿನ ಹಂತ
மண் விவரக்குறிப்பு,ಮಣ್ಣಿನ ಪ್ರೊಫೈಲ್
மண் எதிர்வினை,ಮಣ್ಣಿನ ಪ್ರತಿಕ್ರಿಯೆ
மண் பிரிகிறது,ಮಣ್ಣು ಬೇರ್ಪಡುತ್ತದೆ
மண் தொடர்,ಮಣ್ಣಿನ ಸರಣಿ
மண் தீர்வு,ಮಣ್ಣಿನ ಪರಿಹಾರ
மண் அமைப்பு,ಮಣ್ಣಿನ ರಚನೆ
மண் அமைப்பு,ಮಣ್ಣಿನ ರಚನೆ
மண் வகை,ಮಣ್ಣಿನ ಪ್ರಕಾರ
சோலம்,ಸೋಲಮ್
சோர்ப்ஷன்,ಸೋರ್ಪ್ಶನ್
ஸ்பால்கள்,ಸ್ಪ್ಯಾಲ್ಸ್
குறிப்பிட்ட அயனி விளைவு,ನಿರ್ದಿಷ್ಟ ಅಯಾನು ಪರಿಣಾಮ
சதுர வடிவ இடிபாடுகள்,ಚೌಕಾಕಾರದ ಕಲ್ಲುಮಣ್ಣುಗಳ ಕಲ್ಲು
ஸ்கொயர் ரெகுலர் கோர்ஸ்டு இடிந்த கல் கொத்து,ಸ್ಕ್ವೇರ್ಡ್ ರೆಗ್ಯುಲರ್ ಕೋರ್ಸ್ಡ್ ಕಲ್ಲುಮಣ್ಣುಗಳ ಕಲ್ಲು
நிலையான ஓட்டம்,ಸ್ಥಿರ ಹರಿವು
மிளிரும் படி,ಮಿನುಗುತ್ತಾ ಹೆಜ್ಜೆ ಹಾಕಿದೆ
ஒட்டும் தன்மை,ಜಿಗುಟುತನ
ஒட்டும் புள்ளி,ಅಂಟಿಕೊಳ್ಳುವ ಬಿಂದು
கல்,ಕಲ್ಲು
ஸ்லோப் கை மோல்டிங்,ಸ್ಲೋಪ್ ಹ್ಯಾಂಡ್ ಮೋಲ್ಡಿಂಗ್
பட்டா கீல்,ಸ್ಟ್ರಾಪ್ ಹಿಂಜ್
வைக்கோல் பலகை,ಒಣಹುಲ್ಲಿನ ಹಲಗೆ
ஸ்ட்ரீம்,ಸ್ಟ್ರೀಮ್
மன அழுத்தம்,ಒತ್ತಡ
நீட்டுபவர்,ಸ್ಟ್ರೆಚರ್
ஸ்ட்ரெச்சர் பிணைப்பு,ಸ್ಟ್ರೆಚರ್ ಬಾಂಡ್
ஸ்ட்ரெச்சர் படிப்பு,ಸ್ಟ್ರೆಚರ್ ಕೋರ್ಸ್
லேசான கயிறு,ಸ್ಟ್ರಿಂಗ್
சரம் பாடநெறி,ಸ್ಟ್ರಿಂಗ್ ಕೋರ್ಸ್
கட்டமைப்பு காரணி,ರಚನಾತ್ಮಕ ಅಂಶ
கட்டமைப்பு குறியீடு,ರಚನೆ ಸೂಚ್ಯಂಕ
ஸ்டக்கோ,ಗಾರೆ
வீரியமான,ಸ್ಟಡ್
ஸ்டைலோபேட்,ಸ್ಟೈಲೋಬೇಟ್
துணை மண்,ಉಪ ಮಣ್ಣು
துணை அமைப்பு,ಉಪ ರಚನೆ
கூட்டுத்தொகை வளைவு,ಸಂಕಲನ ಕರ್ವ್
சன் மைக்கா,ಸೂರ್ಯ ಮೈಕಾ
சூப்பர் கட்டமைப்பு,ಸೂಪರ್ ರಚನೆ
நிலமளப்போர்,ಸರ್ವೇಯರ್
எஸ்-மதிப்பு,ಎಸ್-ಮೌಲ್ಯ
அங்கும் இங்கும் அசை,ತೋರಣ
ஸ்வான் கழுத்து,ಸ್ವಾನ್ ಕುತ್ತಿಗೆ
கூடாரம்,ಗುಡಾರ
மேஜை கை மோல்டிங்,ಟೇಬಲ್ ಹ್ಯಾಂಡ್ ಮೋಲ್ಡಿಂಗ್
டேங்கிங்,ಟ್ಯಾಂಕಿಂಗ್
டெம்பீட்டோ,ಟೆಂಪಿಯೆಟ್ಟೊ
வெப்பநிலை மாற்றம்,ಟೆಂಪರಿಂಗ್
டெம்ப்ளேட்,ಟೆಂಪ್ಲೇಟ್
டெம்ப்ளேட்,ಟೆಂಪ್ಲೇಟ್
டெபிடேரியம்,ಟೆಪಿಡೇರಿಯಮ್
டெரகோட்டா,ಟೆರಾಕೋಟಾ
டெர்ரா ரோசா,ಟೆರ್ರಾ ರೋಸಾ
டெர்ராஸோ,ಟೆರಾಝೋ
டெட்ரா பாணி,ಟೆಟ್ರಾ ಶೈಲಿ
வரம்பு வரம்பு மதிப்பு,ಮಿತಿ ಮಿತಿ ಮೌಲ್ಯ
தொண்டை,ಗಂಟಲು
கல் மூலம்,ಕಲ್ಲಿನ ಮೂಲಕ
டைடல் பேசின்,ಉಬ್ಬರವಿಳಿತದ ಜಲಾನಯನ ಪ್ರದೇಶ
டை பார்,ಟೈ ಬಾರ್
கற்றை கட்டவும்,ಕಿರಣವನ್ನು ಕಟ್ಟಿಕೊಳ್ಳಿ
டை ராட்,ಕಟ್ಟಿದ ಸಲಾಕೆ
Tirs,ಟಿರ್ಸ್
சகிப்புத்தன்மை,ಸಹಿಷ್ಣುತೆ
பல்வலி,ಹಲ್ಲುಜ್ಜುವುದು
மேல் மண் அல்லது மேற்பரப்பு மண்,ಮೇಲಿನ ಮಣ್ಣು ಅಥವಾ ಮೇಲ್ಮೈ ಮಣ್ಣು
மொத்த போரோசிட்டி,ಒಟ್ಟು ಸರಂಧ್ರತೆ
டிரேசரி,ಟ್ರೇಸರಿ
ரயில் எதிர்ப்பு,ರೈಲು ಪ್ರತಿರೋಧ
இடமாற்றம்,ಟ್ರಾನ್ಸೆಪ್ಟ್
இடைநிலை மண்,ಪರಿವರ್ತನೆಯ ಮಣ್ಣು
டிரான்ஸ்சம்,ಟ್ರಾನ್ಸಮ್
போக்குவரத்து மண்,ಸಾರಿಗೆ ಮಣ್ಣು
துணை நதி,ಉಪನದಿ
டிரிஃபோரியம்,ಟ್ರಿಫೊರಿಯಮ್
ட்ரைகிளிஃப்,ಟ್ರೈಗ್ಲಿಫ್
துண்டிக்கப்பட்ட மண்,ಮೊಟಕುಗೊಳಿಸಿದ ಮಣ್ಣು
கொந்தளிப்பான ஓட்டம்,ಪ್ರಕ್ಷುಬ್ಧ ಹರಿವು
சிறு கோபுரம்,ತಿರುಗು ಗೋಪುರ
டைம்பார் எண்,ಟೈಂಪರ್ ಸಂಖ್ಯೆ
இறுதி தாங்கும் திறன்,ಅಂತಿಮ ಬೇರಿಂಗ್ ಸಾಮರ್ಥ್ಯ
அல்டிமேட் பிஎச்,ಅಂತಿಮ ಪಿಎಚ್
ஒழுங்கற்ற சீரற்ற இடிந்த கொத்து,ಅನಿರ್ದಿಷ್ಟ ಯಾದೃಚ್ಛಿಕ ಕಲ್ಲುಮಣ್ಣು ಕಲ್ಲು
கட்டமைக்கப்படாத சதுர இடிபாடுகள்,ಕೋರ್ಸೆಡ್ ಸ್ಕ್ವೇರ್ಡ್ ಕಲ್ಲುಮಣ್ಣುಗಳ ಕಲ್ಲು
அண்டர்கிராஃப்ட்,ಅಂಡರ್ಕ್ರಾಫ್ಟ್
நிரப்பப்படாத போரோசிட்டி,ತುಂಬದ ಸರಂಧ್ರತೆ
சீரான ஓட்டம்,ಏಕರೂಪದ ಹರಿವು
அலகு சட்ட வகை சாரக்கட்டு,ಯೂನಿಟ್ ಫ್ರೇಮ್ ಮಾದರಿ ಸ್ಕ್ಯಾಫೋಲ್ಡ್
பயனற்ற வேலை,ಅನುತ್ಪಾದಕ ಕೆಲಸ
நிறைவுறா மண்,ಅಪರ್ಯಾಪ್ತ ಮಣ್ಣು
நிலையற்ற ஓட்டம்,ಅಸ್ಥಿರ ಹರಿವು
மேல் பிளாஸ்டிக் வரம்பு,ಮೇಲಿನ ಪ್ಲಾಸ್ಟಿಕ್ ಮಿತಿ
பள்ளத்தாக்கு சாக்கடை,ಕಣಿವೆ ಗಟಾರ
வால்ட்,ವಾಲ್ಟ್
வெட்டாரியம்,ವೆಟೇರಿಯಮ್
காற்றோட்டம்,ವಾತಾಯನ
மறுபடியும்,ವೆಂಟಿಲೇಟರ್
வெரம்தா,ವೆರಾಮದಾಹ್
வேஸ்டிபுல்,ವೆಸ್ಟಿಬುಲ್
வில்லா,ವಿಲ್ಲಾ
