Tamil,Hindi
அமிலத்தன்மை,एसीडायड
அயோலியன் மண்,जलोढ़ मृदा
மதிப்பீட்டு,समुच्चय
திரட்டுதல்,समुच्चयन
வேளாண்மை,सस्य मृदा विज्ञान
வேளாண்மை,सस्य विज्ञान
A- அடிவானம்,"A-संस्तर, A-होराइजन"
Ao- அடிவானம்,Ao-संस्तर/Ao-होराइजन
Aoo- அடிவானம்,Aoo-संस्तर/होराइजन
மண்ணின் காற்று திறன்,मृदा की वायु धारिता
மண்ணின் காற்றின் உள்ளடக்கம்,मृदा का वायु अंग
காற்று பிக்னோமீட்டர்,वायु पिक्नोमीटर
அல்லிடிக் மண்,एलीटिक मृदा
வண்டல் மண்,जलोढ़ मृदा
ஆம்போலிடாய்டு,एम्फोलीटायड
அயன்,ऋणायन
"வெளிப்படையான குறிப்பிட்ட ஈர்ப்பு அளவு எடை அல்லது மொத்த குறிப்பிட்ட ஈர்ப்பு,&quot;",आभासी आपेक्षिक घनत्व आयतन भार या आयतन आपेक्षित घनत्व
அரிஸ்,कोर
Ashlar நன்றாக கொத்து,बारीक वराश्म चिनाई
ஆஷ்லர் கொத்து,वराश्म चिनाई
அசோனல் மண்,अस्तरीय मृदा/अक्षेत्रीय मृदा
பின் நடிகர்,कर्ष खनित्र
பின் வளைவு,पश्च डाट
பின் இசைக்குழு,पश्च पट्ट
பின் தூரிகை,उपटा प्रलेप
மீண்டும் சரிபார்க்கவும்,पश्च रोधक
பின் கவுண்டர்,पश्च पटल
முதுகு வெட்டுதல்,पश्च कर्तन
பின் வரைவு damper,उपटा झोंका अवमंदक
பின் வடிகால்,पश्च नली
பின் துளி,पश्च पट
பின் நிரப்பவும்,पृष्ठ भरण
பின் ஃபில்லட்,पश्च पट्टिका
பின் மடல் கீல்,पृष्ठ पल्ला कब्जा
பின் ஓட்ட இணைப்பு,प्रतीप प्रवाह संयोजन
பின் ஓட்டம் தடுப்பான்,प्रतीप प्रवाह निरोधक
பின் அளவுகோல்,पश्चांतर
பின்புற சாக்கடை,पश्च नली
பின் அடுப்பு,अग्निस्थान पृष्ठ
ஆதரவு,पीठ/पृष्ठ भाग
பேக்கிங் போர்டு,पिछला तख्ता
பின் அழுத்தம்,पश्च दाब
பின் முட்டு,पश्च टेक
பின் பார்வை,पश्चावलोकन
பின் நீர்,पश्चजल
குழப்பம்,व्यारोध
பை வேலை,थैला पुशताबंदो
பேலாஸ்ட்,गिट्टी
பந்து களிமண்,बॉल मृत्तिका
பந்து கூம்பு கவ்வி,बॉल शंकुआकार शिकंजा
முள்வேலி,काँटेदार तार
பார் நாய்,छड़ कुत्ता
விசைப்படகு பலகை,त्रयंकी पार्श्व फलक
பேரியம் சல்பேட் சோதனை,बेरियम सल्फेट परीक्षण
சரமாரி,बैराज
பாரெட்,बरेट
அடித்தளம்,क्षार
அடிப்படை பரிமாற்றம்,बेस विनिमय
அடிப்படை வரி,आधार रेखा
அடித்தளம்,तहखाना/अधोभवन
அடித்தள சுவர்,अधोगृह भित्ति
அடித்தட்டு,आधार पट्टिका
"அடிப்படை தட்டு, சரிசெய்யக்கூடியது",समायोज्य आधार पट्टिका
அடிப்படை செறிவு,क्षार संतृप्ति
பாசாய்டு,बेसाइड
வௌவால்,रोड़ा
பாத் மற்றும் WC,स्नानागर व शौच कुण्ड
இடி ஆப்பு,सलामी खूँटी
பேட்டர் பையர்,सलामी पाया
பேட்டர் விதி,सलामी नियम
பால்க் (பால்க்),बॉक
விரிகுடா,खंडक
தாங்குபவர்,धारक
தாங்கும் திறன்,धारण क्षमता
தாங்கும் பைல்,धारक पाइल
தாங்கி அடுக்கு,धारक स्तर
படுக்கை,आधार तल
படுக்கை விமானம்,संस्तरण तल
படுக்கை கூட்டு,पड़ी दरज
படுக்கை பாறை,अश्माधार
படுக்கை அறை,शयन कक्ष
தேன் மெழுகு,मधुमोम
மணி பெட்டி,बैल बॉक्स
பெல்லிங் வாளி,बैलिंग बकेट
பெல்லோஃப்ராம்,बैलोफ्राम
பெஞ்ச் அடித்தளம்,पैड़ीदार नींव
பெஞ்சிங்,पैड़ी बनाना
பெஞ்ச் மார்க்,निदेश तलचिह्न
நன்மை செலவு பகுப்பாய்வு,हितलाभ लागत विश्लेषण
பெர்ம்,उपतट
வளைந்த மூடல்,ढालू डेली
"பி-ஹரைசன்,&quot;பி-",संस्तर/B-होराइजन
பயாட்,बीएट
பைண்டர்,बंधक
பிணைப்பு பொருள்,बंधक पदार्थ
பயோட்டின் கோட்பாடு,बायोट का सिद्धांत
பிடுமின்,बीटूमन
கருப்பு பருத்தி மண்,काली मृदा
கருப்பு பூமி,काली मिट्टी
கருப்பு தரை மண்,काली शाब्दल मृदा
கத்தி,फलक
ஊது உலை கசடு சிமெண்ட்,वात्या भट्टी धातुमल सीमेंट
தடுப்பு அமைப்பு,खंडीय संरचना
போகி எதிர்ப்பு,बोगी संचलन प्रतिरोध
போக்-இரும்பு தாது,दलदल लोह खनित्र
பத்திரம்,चाल (चिनाई की)
பிணைக்கப்பட்ட உறுப்பினர்,बद्ध अवयव
பிணைக்கப்பட்ட பிந்தைய பதற்றம்,बद्ध प्रत्ययित तनन
பத்திர கல்,बंधक पत्थर
கட்டுப்பட்ட நீர்,बद्ध जल
பெட்டி சாக்கடை,पेटिकाकार नाली
பிரேஸ்,बंधनी
விளிம்பில் செங்கல்,खड़ी ईंट
கடிவாளம்,ब्राइडल
பிரகாசம்,द्युति
பழுப்பு மண்,भूरी मृदा
கட்டிடம்,भवन
கட்டிட சர்வேயர்,भवन सर्वेक्षक
தாங்கல்,बफर (रोधक)
தாங்கல் வளைவு,रोधनवक या अनुपामन वक
தாங்கல்,रोधन
தாங்கல் திறன்,रोधन क्षमता
பண்டர்,बन्दर
பட்டர்ஸ்,पुश्ता
சி-அடிவானம்,c-संस्तर/c-होराइजन
கேபிள்,तार/केबल
கேபிள் மோல்டிங்,तारगढ़ाई
கேபிளிங்,केबिल तंत्र
அறை,केबिन
கேபின் ஹூக்,केबिन अंकुश
மந்திரி சபை,मंजूषा
கபோல்ட் வெளியேறினார்,ध्वनि शोषण चादर
சிற்றுண்டியகம்,कैफेटेरिया
கூண்டு,पिंजरा
கூண்டு கட்டுமானம்,पिंजरानुमा निर्माण
கெய்னின் சூத்திரம்,केनसूत्र
கெய்சன்,कैसन (या कॉफर)
கெய்சன் நோய்,कैसन रोग
கெய்சன் அடித்தளம்,केसन नींव
கெய்சன் குவியல்,कैसन पाइल
சுண்ணாம்பு செங்கல்,चूनेदार ईंट
சுண்ணாம்பு களிமண்,चूनेदार मिट्टी
சுண்ணாம்பு மேலோடு,चूनेदार पपड़ी
கால்சிஃபிகேஷன்,केल्सीकरण
கால்சினேஷன்,निस्तापन
கால்சின்,कैलसाइन
கால்சைட்,कैल्साइट
கால்சியம்-அலுமினேட் சிமெண்ட்,कैल्शियम एल्यूमिनेट सीमेंट
கால்சியம்-சிலிகேட் செங்கல்,कैल्शियम सिलीकेट ईंट
கால்சியம்-சிலிகேட் ஹைட்ரேட்,कैल्शियम सिलिकेट हाईड्रेट
கலிச்சே,कालीचे
கலிபோர்னியா தாங்கி விகிதம்,कैलिफोर्निया असर अनुपात
காலிபர்,केलिपर
கலோரிமீட்டர்,कैलोरीमीटर
கேம்பர்,न्युब्ज़ता/कैम्बर
கால்வாய்,नहर
விதானம்,कैनॉपी
கான்டிலீவர் அடிவாரம்,बहुधारन पद
தொப்பி,टोपी
திறன்,धारिता
ஆயில் பாதையின் திறன்,रेल पथ क्षमता
தொப்பி கேபிள்,टोपी कंडरा
கேபிலரிட்டி,केशिकत्व
தந்துகி முறிவு,केशिका विच्छेद
தந்துகி ஓட்டம்,केशिका प्रवाह
தந்துகி ஈரப்பதம் அல்லது தந்துகி நீர்,केशिका आर्द्रता या केशिका जल
தந்துகி துளை இடம்,केशिका रंध्र अवकाश
கேபிலரி போரோசிட்டி,केशिका रंध्रता
தந்துகி வெளி,केशिका अवकाश
பிடிப்பு வேகம்,प्रग्रहण वेग
கார்பனேற்றம்,कार्बोनेशन
கார்பன் கருப்பு,कार्बन काजल
காஸ்ட்பிள் பயனற்ற,ढलने योग्य उच्च तापसह
காஸ்ட்-இன்-பிளேஸ் அல்லது காஸ்ட்-இன்-சிட்டு,स्वस्थान ढली
காஸ்ட்-இன்-பிளேஸ் பைல்,यथास्थान बनाई पाइल
ஆமணக்கு,कैस्टर
வார்ப்பு கல்,ढला पत्थर
வினையூக்கி,उत्प्रेरक
கேட்டனா,मृदा श्रृंखला
பூனை முகம்,विडाल मुख
பூனை தலை,कैट हैड
கேஷன்,धनायन
பூனை நடை,कैट बॉक
குழிவுறுதல் சேதம்,कोटरन क्षति
செலைட்,सेलाइट
செல்லுலார் கான்கிரீட்,कोशिकीय कंक्रीट
செல்லுலார் கட்டுமானம்,कोशिकीय निर्माण
சிமெண்ட்,सीमेंट
"சிமெண்ட், பிட்மினஸ்",बिटुमनी सीमेंट
"சிமெண்ட், அதிக வலிமை",शीघ्र सामर्थ्य सीमेंट
"சிமெண்ட், ஹைட்ராலிக்",जलीय सीमेंट
"சிமெண்ட், குறைந்த வெப்பம்",न्यून ऊष्मा सीमेंट
"சிமெண்ட், கொத்து",चिनाई सीमेंट
"சிமெண்ட், இயற்கை",प्राकृतिक सीमेंट
"சிமெண்ட், போர்ட்லேண்ட்",पोर्टलैंड सीमेंट
"சிமெண்ட், போர்ட்லேண்ட் பிளாஸ்ட் ஃபர்னேஸ் ஸ்லாக்",पोर्टलैंड वात्या-भट्टी धातुमल सीमेंट
"சிமெண்ட், போர்ட்லேண்ட் போஸோலன்",पोर्टलैंड पोजोलॉन सीमेंट
"சிமெண்ட், கசடு",सीमेंट धातुमल
"சிமெண்ட், சல்பேட் எதிர்ப்பு",सल्फेट प्रतिरोधी सीमेंट
"சிமெண்ட், சூப்பர் சல்பேட்",सुपरसल्फेटेड सीमेंट
"சிமெண்ட், வெள்ளை",श्वेत सीमेंट
சிமெண்ட்-மொத்த விகிதம்,सीमेंट मिलावा अनुपात
சிமெண்ட் உள்ளடக்கம்,सीमेंट अंश
சிமெண்ட் ஜெல்,सेमेंट जेल
சிமெண்ட் துப்பாக்கி,सीमेंट गन
சிமெண்ட் சூளை,सीमेंट भट्टी
சிமெண்ட் பெயிண்ட்,सीमेंट प्रलेप
சிமெண்ட் பூச்சு,सीमेंट प्लास्टर
சிமெண்ட் பாறை,सीमेंट शैल
சிமெண்ட் குழம்பு,सीमेंट घोल
சிமெண்ட் சேமிப்பு,सीमेंट भंडारण
சிமெண்டேஷன் செயல்முறை,सीमेंटीकरण प्रक्रम
மையப்படுத்துதல்,ढूला
மையப்படுத்துதல் மற்றும் மூடுதல்,ढूला बनाना
மத்திய கலப்பு கான்கிரீட்,केन्द्रीय मिश्रित कंक्रीट
மத்திய கலவை,केन्द्रीय मिश्रक
மையவிலக்கு விசிறி,अपकेन्द्री पंखा
சுண்ணாம்பு,खड़िया
சேம்ஃபர்,शैम्फर
சேம்பர் துண்டு,निष्कोणन पत्ती
சேனல் கற்றை,चैनल धरन
சிறப்பியல்பு சுமை,अभिलाक्षणिक भार
பண்பு வலிமை,अभिलाक्षणिक सामर्थ्य
சார்ஜ் ஆஃப்,शुल्क माफी
சார்ஜ் செய்கிறது,भरण
சரிபார்க்கிறது,तरेड़न
இரசாயன பிணைப்பு,रासायनिक आबंध
செர்னோசெம்,चर्नोजेम
கஷ்கொட்டை மண்,चैस्टनट मृदा
புகைபோக்கி சாக்கடை,धुआरा पनाली
சிப் போர்டு,अपखण्ड फलक
சிப்பிங்,छीलना
சீவல்கள்,दाना
சரிவு,ढलवा नाली
வகுப்பு (கான்கிரீட்),श्रेणी (कंक्रीट की)
களிமண்,मृत्तिका
களிமண் உள்ளடக்கம்,मृत्तिका अंश
களிமண் பான்,मृत्तिका दृढ़ पटल
சுத்தம் செய்,सफाई द्वार
சுத்தம் செய்,निर्वात सुधार
கிளீட்,गुटका
கிளிங்கர்,क्लिंकर
கிளிப்,क्लिप
உறைதல்,स्कंदन
கரடுமுரடான மொத்த,स्थूल समुच्चय/मोटा मिलावा
கரடுமுரடான தானிய மண்,स्थूल कणीय मृदा
கோட்,कोट
காஃபர் அணை,कॉफर बाँध
ஒருங்கிணைப்பு,ससंजन
கொலாய்டு,कोलाइड
கூழ் ஈரப்பதம் சமமான விகிதம்,कोलाइडी-आर्द्रता तुल्यांक अनुपात
கூழ் அமைப்பு,कोलाइडी प्रणाली या कोलाइडी सम्मिश्रण
கொலுவல் மண்,मिश्रोढ़ मृदा
நெடுவரிசை,स्तम्भ/टेक/संपीडांग
சீப்பு பூச்சு,कंकतित परिष्कृति
இணைந்த அடி,संयुक्त पाद
ஒருங்கிணைந்த நீர்,संयुक्त जल
பொதுவான அறை,सामान्य कक्ष
நிறைவு சான்றிதழ்,पूर्णावस्था प्रमाण पत्र
கூறு சதுரம்,अंग वर्ग
கான்கிரீட்,कंक्रीट
கான்கிரீட்,कंकड़ स्तरन
ஒருங்கிணைந்த விகிதம்/தட்டை விகிதம்,समेकित दर या एक समान दर
அசுத்தங்கள்,दूषणकारक
அல்கோவ் சமையல்,खाना रखने स्थान
சமாளிப்பது,मुंडेर/कोपिंग
கோர்பெல்,टोड़ा
கார்னிஸ்,कॉनिस
இணைப்பான்,युग्मक
"கப்லர், இரட்டை",द्वि-युग्मक
"கப்லர், புட்லாக்",कड़ी युग्मक
"இணைப்பு, சுழல்",भ्रामी युग्मक
பாடநெறி,रद्दा
சீரற்ற இடிந்த கொத்து,बेतरतीब रद्देदार ढोका चिनाई
மூடப்பட்ட பகுதி,आच्छादित क्षत्र
தவழும்,विसर्पण
க்ரீப் குணகம்,विसर्पण गुणांक
குரோடோவின்,क्रोटोवाइन
காக்கை கால்,काक पाद
நொறுக்குத் தீனி அமைப்பு,आचूर्ण संरचना
கட்டுப்படுத்து,कर्ब
தற்போதைய,धारा
வளைவு எதிர்ப்பு,वक्र-प्रतिरोध (रेल)
ஈரப்பதம் இல்லாத பாடநெறி,आर्द्रतारोधी स्तर
நிறைவு தேதி,पूर्ण होने की तिथि
நிலைச்சுமை,अचल भार
இறந்த நீர்,धीर जल
டெசிபல்,डेसीबल
டிஃப்ளோகுலேஷன்,अनूर्पान
காற்றோட்டம் அல்லது காற்று விண்வெளி விகிதம்,वातन कोटि या वायु अवकाश अनुपात
திரட்டல் பட்டம்,समुच्चयन कोटि
சிதறல் பட்டம்,प्रकीर्णन कोटि
செறிவூட்டல் பட்டம்,संतृप्ति कोटि
அடர்த்தி,घनता (आवासीय)
பாலைவன நடைபாதை,भरू कुट्टिम
பாலைவன மண்,मरू मृदा
விவரங்கள்,विस्तृत विवरण
வளர்ச்சி காலம்,विकास अवधि
டி-அடிவானம்,Dसंस्तर/Dहोराइजन
மூலைவிட்ட பிணைப்பு,विकर्ण चाल
வரைபடம்,आरेख
டிஜிட்டல் டாக்,आंगुलिक गोदी
வேறுபட்ட நீர் விகிதம்,अन्तरात्मक जल दर
நீர்த்த காற்றோட்டம்,तनुता संवातन
டிலுவியம்,पूरोढक
சாப்பிடும் அல்லது உணவருந்தும் அறை,भोजन कक्ष
திசை ஆப்பு,दिशा निर्धारक खूँटी
சிதறல்,प्रकीर्णन
டிஸ்டெம்பர்,डिस्टेम्पर
கப்பல்துறை,गोदी
கதவு,1. द्वार 2. कपाट
டார்மர்,छत वातायन
டார்மர் சோதனை,छत वातायन पृष्ठ
இரட்டை சதை பிணைப்பு,दोहरी फ्लेमिश चाल
இரட்டை அடுக்கு,दोहरी परत
டோவல்,गुज्झी
வரைதல் பலகை,आरेखन पट्ट/ड्राइंग बोर्ड
வரைதல் அறை,बैठक
சறுக்கல்,1. प्रक्षेप 2. ड्रिफ्ट 3. गुल्ली
உலர் குமிழ் வெப்பநிலை,शुष्क बल्ब तापक्रम
உலர் கப்பல்துறை,शुष्क गोदी
உலர் ரப்பர் கொத்து,शुष्क ढोका चिनाई
டச்சு பத்திரம்,डच चाल
குள்ள சுவர்,बौनी दीवार
குடியிருப்பு அலகு,आवासीय यूनिट
ஈவ்,ओलती
ஈவ்ஸ் சாக்கடை,ओलती नाली
பொருளாதார சாத்தியம்,आर्थिक संभाव्यता या आर्थिक औचित्य समर्थन
எக்டோடைனமார்பிக் மண்,एक्टोडाइनेमोर्फिक मृदा
எட்டி,भँवर
பயனுள்ள அளவு,कण का प्रभावी आमाप
மலர்ச்சி,उत्फुल्लन
கழிவுநீர்,सहायक सरित
உயரம்,उद्विक्षेप
எலுவியேஷன்,अवक्षालन
எலுவியம்,अवक्षाल
எண்டோடைனமார்பிக் மண்,अंतर्गतिज मृदा
பொறியியல் சாத்தியம்,इंजीनियरी संभाव्यता
ஆங்கில பத்திரம்,इंग्लिश चाल
ஆங்கில தோட்ட சுவர் பத்திரம்,इंग्लिश गार्डन वाल चाल
"EPM (ஒரு மில்லியனுக்கு சமம்),&quot;",ईं.पी.एम. (प्रतिमिलियन तुल्य)
சமமான எடை,समतुल्य भार
எ.கா,अर्ग
மாற்றத்தக்கது,विनिमययोग्य
மாற்றக்கூடிய அமிலத்தன்மை,विनिमेय अम्लता
மாற்றக்கூடிய சோடியம் சதவீதம் (ESP),विनिमेय सोडियम प्रतिशतता
ஈ.எஸ்.பி.,धनायन विनिमय क्षमता
பரிமாற்ற அமிலத்தன்மை,विनिमय अम्लता
பரிமாற்ற வளாகம்,विनिमय सम्मिश्र
வெளியேற்ற,निर्वात/रेचन
வெளிப்பட்ட பூச்சு,अनावरित परिष्कृति
கண்,गवाक्ष
கண் புருவம்,आई ब्रो
எதிர்கொள்ளும்,मोहरा/अग्रभाग
எதிர்கொள்ளும் பிணைப்பு,पार्श्व चाल
பாதுகாப்பு காரணி,सुरक्षा गुणांक
வீழ்ச்சி,प्रवणता
ஃபேசியா,मुख पट्टी
முக பலகை,मुख पट्टी बोर्ड
தவறு,भ्रंश
வயல் ஈரப்பதம்,क्षेत्रीय नमी
இறுதி ஈரப்பதம் சமம்,क्षेत्रीय आर्द्रता तुल्यांक
ஃபில்லட் (மோட்டார்),मसाले की चपती/फिलेट
இறுதி,कलश
இறுதி அளவீடு,अंतिम मापन
இறுதி கட்டணம்,अंतिम भुगतान
இறுதி முன் மன அழுத்தம்,अंतिम पूर्व प्रतिबल
இறுதி பதற்றம்,अंतिम तनाव
நிதி சாத்தியம்,वित्तीय संभाव्यता
நேர்த்தியான மொத்த,महीन समुच्चय/बारीक मिलावा
பிளவுபட்ட பாறை,विदीर्ण शैल
கொடி கல்,पटिया पत्थर
பிளெமிஷ் பிணைப்பு,फ्लेमिश चाल
ஒளிரும்,फ्लैशिंग/जल रोधी झिल्ली
பளிச்சிடும் ஓடை,सद्योवेगी सरिता
தட்டையான கூரை,सपाट छत
Fleche,फलीके
பிளெமிஷ் தோட்ட சுவர் பிணைப்பு,फ्लेमिश गार्डन वाल चाल
பிளின்ட்,चकमक प्रस्तर
பிளின்ட் சுவர்,फ्लिंट दीवार
மிதக்கும் தளம்,प्लवमान फर्श
ஃப்ளோக்குலேஷன்,उर्णन
ஃப்ளோகுலேஷன் வரம்பு,ऊर्णन सीमा
ஃப்ளோகுலேஷன் விகிதம்,ऊर्णन अनुपात
ஃப்ளோக்குல்ஸ்,ऊर्णिका
தரை,फर्श
மாடி முத்திரை,फर्शरुद्धक/फर्श सील
ஓட்டம்,प्रवाह
ஏற்ற இறக்கம்,उच्चावचन
காலடி,पाद
அறக்கட்டளை,नींव
இலவச வீழ்ச்சி பாரோ டாப்பிங் மிக்சர்,मुक्त प्रपात बैरो उद्वर्ती मिश्रक
இலவச வீழ்ச்சி கலவை (டிரம் வகை),मुक्त प्रपात मिश्रक (ढोल के आकार का)
இலவச கல்,मुक्त पत्थर
புதியது,नदीपूर
உராய்வு குவியல்,घर्षण पाइल
தவளை,किश्ती/फॉग
கேபிள்,त्रयंकी
கேப்லெட்,लघु त्रयंकी
சூதாட்ட கூரை,गैमबरेल छत
அளவீடு,गेज (रेल पथ)
அளவிடும் பிரிவு,प्रमापन परिच्छेद
அளவிடும் நிலையம்,प्रमापन स्थल
பொதுவான இருப்பிடத் திட்டம்,सामान्य अवस्थापन अनुविक्षेप
பொது காற்றோட்டம்,सामान्य संवातन
G அடிவானம் அல்லது gley அடிவானம்,संस्तर या ग्ले संस्तर
வரை பனிப்பாறை,हिमगोलाश्म मृत्तिका
Gneiss,नाइस
பொருட்கள் முற்றம்,माल यार्ड
சாய்வு எதிர்ப்பு,प्रवणता प्रतिरोध
கிரானைட்,ग्रेनाइट
சிறுமணி அமைப்பு,दानेदार संरचना
குருணையாக்கம்,कणनन
சிறுமணி,दाना
ஈர்ப்பு நீர் இல்லாத நீர்,गृरूत्व जल या मुक्त जल
ஈர்ப்பு முற்றம்,मार्शलिंग गुरुत्वीय यार्ड
பெரிய மண் குழு,बृहत् मृदा समूह
கிரில்லேஜ் அடித்தளம்,झंझरी/ग्रिलेज नींव
தரையில் கை மோல்டிங்,भूहस्त पथाई
குழுவாக்கப்பட்ட கப்பல்துறை,समूहित गोदी
குழு வீடுகள்,सामूहिक आवासन
விருந்தினர் அறை,अतिथि कक्ष
சாக்கடை,नाली
சாக்கடை சுமப்பவர்,नाली धारक
கால்வாய் சோதனை,नाली रोधक
சுத்தி அலங்காரம்,हथौड़ा गढ़ाई
துறைமுகம்,पोताश्रय
புகலிடத் துறைமுகம்,आश्रय देने वाले पोताश्रय
கடினமான பான்,कठोर तल
தலைப்பு,तोड़ा/हैडर
தலைப்பு பத்திரம்,तोड़ा/हैडर चाल
தலைப்பு பாடநெறி,तोड़ा रद्दा
தலை வாயில் அமைப்பு,मुख फाटक संरचना
கால்வாயின் தலைவர்,नहर का शीर्ष
தலைமை சீராக்கி,मुख नियंत्रक
ஹெர்ரிங் எலும்பு பிணைப்பு,लहरिया चाल
இதயம்,भरत
ஈரமாக்கும் வெப்பம்,सिक्तन उष्मा
உயர் அலுமினா சிமெண்ட்,अक्षि-एल्यूमिना सीमेन्ट
இடுப்பு,पुट्ठा
ஹிப் கேப்பிங்,पुट्ठा मुंडेरी
இடுப்பு முனை,कूट सिरा
ஹூட்,छत्रक
ஹூட் மோல்டிங்,गढ़ा छत्रक
ஹூக்கின் சட்டம்,हुक का नियम
வளைய இரும்பு,पत्ती लोहा
அடிவானம்,संस्तर/होराइजन
ஈரப்பதமாக்குதல்,आद्रीकरण
"ஈரப்பதம், முழுமையானது",निरपेक्ष आद्रता
"ஈரப்பதம், உறவினர்",आपेक्षिक आद्रता
ஹம்ப் யார்டு,हम्प यार्ड
ஹைட்ராலிக் அழுத்தம்,द्रवचालित दाब
நீரேற்றம்,जलयोजन
நீராற்பகுப்பு,जल अपघटन
ஹைட்ரோலைடிக் அமிலத்தன்மை,चल अपघटनी अम्लता
ஹைட்ரோமார்பிக் மண்,जलकृत मृदा
ஹைட்ரோஃபிலிக் கொலாய்டு,जलरागी कोलाइड
ஹைட்ரோபோபிக் கொலாய்டு,जलविरागी कोलाइड
ஹைட்ரோஸ்டேடிக் அழுத்தம் விகிதம்,स्थिरद्रवीय दाब अनुपात
ஹைக்ரோஸ்காப்டிக் குணகம்,आद्रताग्रही गुणांक
ஹைக்ரோஸ்கோபிக் ஈரப்பதம்,आद्रताग्राही नमी
ஹைட்ரோஸ்கோபிசிட்டி,आर्द्रताग्राहिता
ஹைக்ரோஸ்கோபிக் ஈரப்பதம்,आर्द्रताग्राही नमी
ஹைபர்பேரிக் அறை,हाईपरबैरिक कक्ष
ஹைப்பர்ஸ்டேடிக் சட்டகம்,अपेक्षाधिक ढाँचा
ஹைப்சோமீட்டர்,जलक्वथनांकमापी
வெளிச்சம்,प्रदीप्ति
உட்புகுதல் ஈரப்பதம்,अंतःशोषणी आर्द्रता
முதிர்ச்சியடையாத மண்,अपूर्ण परिणत मृदा
சிறைபிடிக்கப்பட்ட கப்பல்துறை,अवरुद्ध गोदी
நில வருவாய் அதிகரிப்பு,भू आय वृद्धि
சுதந்திர சாரக்கட்டு,स्वतंत्र पाड़
உள்வாங்கப்பட்டது,कठोरीकृत
ஆரம்ப அழுத்த அழுத்தம்,प्रारम्भिक पूर्व प्रतिबल
ஆரம்ப பதற்றம்,प्रारम्भिक तनाव
உள்நாட்டு நீர்வழி துறைமுகம்,अन्तर्देशी जलमार्ग पत्तन
காப்பு பலகை,विसंवाहन पट्ट
இடைநிலை துறைமுகம்,मध्यवर्ती पत्तन
உள் உராய்வு,आन्तरिक धर्षण
உள் மண்டல மண்,अंतः क्षेत्रीय मृदा
அயன்,आयन
அயன் பரிமாற்றம்,आयन विनिमय
இரும்பு சட்டி,लोह स्तर
பாசன நிலம்,सिंचित भूमि
நீர்ப்பாசனம்,सिंचाई
பாசன செஸ்,सिंचाई उपकर
ஜம்ப்,पाखा
தள்ளாட்டம்,गुज्झी
ஜாக்கிள் முள்,संधि पिन
ஜூல்,जूल
குதிப்பவர்,जम्पर
கிலோகிராம்,किलोग्राम
கிலோகிராம் படை,किलोग्राम बल
கிலோகிராம் விசை மீட்டர்,किलोग्राम बल मीटर
கிலோவாட் மணி,किलोवाट घण्टा
கிங் மூடல்,नर डेली/किंग क्लोजर
சமையலறை,रसोई
லேஸ்டு நெடுவரிசை,लेसित स्तम्भ
பின்னடைவு,वेष्ठन
லமெல்லா வேர்,लमेला छत
லேமினார் ஓட்டம்,स्तरीय प्रवाह
விளக்கு துளை,दीपछिद्र
நிலப் பெருக்கம்,भूमि अभिवृद्धि
நில சறுக்கல்,भूस्खलन
லேட்டரைட்,लैटेराइट
லேட்டரைட் மண்,लैटेराइट मृदा या लैटोसॉल
பெரிய எண்களின் சட்டம்,बृहत संख्या सिद्धांत
தளவமைப்பு திட்டம்,अभिन्यास अनुविक्षप
பேரேடு,पाड़-बेड़ा
சுண்ணாம்பு பான்,चूना तल
லிண்டல்,लिंटल
திரவ வரம்பு,द्रव सीमा
நேரடி சுமை,चल भार
களிமண்,टुमट
உள்ளூர் வெளியேற்ற காற்றோட்டம்,स्थानीय निर्वात संवातन
லோகோ முற்றம்,लोको यार्ड
லூஸ்,लोएस
குறைந்த பிளாஸ்டிக் வரம்பு,निम्न सुघट्यता सीमा
குறைந்த வெப்ப சிமெண்ட்,अल्प ऊष्मा सीमेंट
இயந்திர மோல்டிங்,यांत्रिक पथाई
மேக்ரோஸ்ட்ரக்சர்,स्थूल संरचना
முக்கிய தலைமை சீராக்கி,प्रमुख शीर्ष नियंत्रक
முக்கிய துறைமுகம்,मुख्य पत्तन
ஒப்பனை காற்று,पुनःपूर्तिवायु
மான்சார்ட்,मैनसई
மார்ஷலிங் முற்றம்,मार्शलिंग यार्ड
கொத்து,चिनाई
முதிர்ச்சியடைந்த வெப்பநிலை,परिपाक तापक्रम
இடைமட்ட மாடி,मध्य तल
இயந்திர பகுப்பாய்வு,यांत्रिक विश्लेषण
இயந்திர காற்றோட்டம்,यांत्रिक संवातन
மெட்ரிக் அமைப்பு,मीटरी पद्धति
நுண் கட்டமைப்பு,सूक्ष्म संरचना
மில்லிக்கு சமம்,मिली तुल्यांक
ஒரு லிட்டருக்கு மில்லி சமம்,मिली तुल्यांक प्रति लीटर
கனிம,खनिज
கனிம மண்,खनिज मृदा
சிறிய துறைமுகம்,लघु पत्तन
மிட்ரெட் மூடல்,कलमी डेली
நடமாடும் மண் கொலாய்டு,जल मृदा कोलाइड
ஈரப்பதம்,आर्द्रतांश
ஈரப்பதம் சாய்வு,आर्द्रता प्रवणता
ஒற்றைக்கல்,मोनोलिथ/एकाश्म
மோனோரயில்,मोनोरेल
தேசிய துறைமுக சபை,राष्ट्रीय पोताश्रय परिषद
இயற்கை படுக்கை,प्राकृतिक तल
இயற்கையான பூச்சு,प्राकृतिक परिष्कृति
இயற்கை துறைமுகம்,प्राकृतिक पोताश्रय
இயற்கை காற்றோட்டம்,प्राकृतिक संवातन
கடற்படை துறைமுகம்,जल सेना पोताश्रय
நியூட்டன்,न्यूटन
சீரற்ற ஓட்டம்,असम प्रवाह
நீர் வீதத்தை ஆக்கிரமித்துள்ளது,उपभोक्ता जल दर
எண்ணெய் வண்ணப்பூச்சு,तेल रंगलेप
எண்ணெய் கிணறு சிமெண்ட்,तेल कूप सीमेंट
திறந்த சேனல் ஓட்டம்,मुक्त पृष्ठ वाहिका प्रवाह
உகந்த ஈரப்பதம்,अनुकूलतम आर्द्रता
கரிம மண்,जैव मृदा
நோக்குநிலை,अभिविन्यास
ஆர்த்தோகனல்,लाम्बिक
ஆர்ட்ஸ்டீன்,ओर्टस्टीन
வெளிப்புற சமிக்ஞை,बाह्य सिगनल
ஆக்சிஜனேற்றம்,ऑक्सीकरण
சரக்கறை,रसोई भण्डार
பாரபெட்,मुंडेेर
பாரபெட் சுவர்,मुंडेर दीवार
பெற்றோர் பொருள்,मूल सामग्री
கூழாங்கல் வார்ப்பு பிளாஸ்டர்,बजरी प्लास्टर
பெடல்பர்,पेडल्फर
பெடோகல்,पेडोकल
பெடோஜெனெசிஸ்,मृदा उत्पत्ति
பெடாலஜி,मृदा रचना विज्ञान
பெடோஸ்பியர்,मृदा मंडल
பெனெட்ரோமீட்டர்,वेधनमापी
பென்ட் கூரை,छज्जा छत
பெப்டிசிங் முகவர்,पाचक कर्मक
பகுப்பாய்வு காலம்,विश्लेषण अवधि
பெர்பென்ட்,खड़ा जोड़
பெர்ஸர்ப்ஷன்,आशोषण
பையர்,प्रस्तम्भ
பிலாஸ்டர்,भित्ति स्तम्भ
பிட்ச்,ढाल/प्रवणता
பிட்ச் கூரை,ढालू छत
வெற்று கான்கிரீட்,अप्रबलित कंक्रीट
விமான கோணம்,समतल कोण
சமவெளி முற்றம்,समतल यार्ड
பிளான்சோல்,प्लानसॉल
பிளாஸ்டிக் நிலைத்தன்மை,सुघट्यता संसक्ति
பிளாஸ்டிசிட்டி,पराप्रत्यास्थता
பிளாஸ்டிசிட்டி இன்டெக்ஸ்,सुघट्यता सूचकांक
பிளாஸ்டிசிட்டி வரம்பு,सुघट्यता सीमा
பிளாஸ்டிசிட்டி வரம்பு,सुघट्यता पिरसर
பிளாட்டி அமைப்பு,पटली संरचना
பீடம்,कुरसी
உழவு மண்,हल मृदा
பிளம் கல்,प्लम पत्थर
போட்ஸோல்,पाडजोल
சுட்டி,टीप
பலகோண சுவர்,बहुकोणी दीवार
துளை இடம்,रंध्र अवकाश
துறைமுகம்,पत्तन
நேர்மறை காற்றோட்டம்,प्रभावी संवातन
புல்வெளி மண்,प्रशाद्वल मृदा
துல்லியம்,परिशुद्धता
முதன்மை துகள்,प्राथमिक कण
பிரிஸ்மாடிக் அமைப்பு,प्रिज्मीय संरचना
உற்பத்தி வேலை,उत्पादक कार्य
திட்ட நியாயப்படுத்தல்,परियोजना औचित्य समर्थन
பாதுகாப்பு வேலை,संरक्षक कार्य
போலி-மைசீலியம்,आभासी माइसीलियम
குட்டை,पडल
புக்கிங்,रौंदना
பியூமிஸ்,झाँवा
குத்து,थूनी
பொம்மை,पपेट
புட்லாக்,कड़ी
புட்லாக் சாரக்கட்டு,धारण पल्लियों का पाड़
அளவு சர்வேயர்,मात्रा सर्वेक्षक
குவாரி சாறு,खदान रस
குவே,भित्ति घाट
ராணி மூடல்,मादा डेली/क्वीन क्लोजर
குவோயின்,कोनिया
ராஃப்ட் அடித்தளம்,रैफ्ट बेड़ा नींव
ரேக்கர்,तिरछी टेक
ரேக்கிங்,रेकिंग
ரேக்கிங் பத்திரம்,तिरछी चाल
ரேக்கிங் ஒளிரும்,नति जलरोधी झिल्ली
வேகமாக மாறுபடும் ஓட்டம்,द्रुत परिवर्ती प्रवाह
திரும்பப் பெறக்கூடிய கட்டணம்,वसूलीयोग्य भुगतान
சிவப்பு பூமி,लाल मिट्टी
சிவப்பு களிமண்,लाल दुमट
சீராக்கி,नियंत्रक/रेगुलेटर
ரெகர் அல்லது கருப்பு பருத்தி மண்,रेगर या काली कपासी मृदा
திருப்பிச் செலுத்தும் ஒப்பந்தம்,वापस भुगतान ठेका
எஞ்சிய சுருக்கம்,अवशिष्ट संकुचन
எஞ்சிய மண்,अवशिष्ट मृदा
வெளிப்படுத்து,बाह्य पक्ष
பின்னை வெளிப்படுத்து,बाह्य पक्ष पिन
டை வெளிப்படுத்து,बाह्य पक्ष बंधक
ரிட்ஜ்,कूट
ரிட்ஜ் கேப்பிங்,कूट मुंडेरी
நதி,नदी
சாலை நிலை,पोताश्रेय द्रोणों
கரடுமுரடான பிளாஸ்டர்,दानेदार प्लास्टर
இடிபாடுகள்,ढोंका
இடிந்த கொத்து,ढोका चिनाई
இடிந்த சுவர்,ढोंका भित्ति
இயங்கும் அளவீடு,चालू मापन या मध्यवर्ती मापन
பாதுகாப்பான தாங்கும் திறன்,सुरक्षी धारण क्षमता/अनुमेय धारण क्षमता
உப்பு படிந்து,लवण परिष्कृति
மாதிரி அளவு,प्रतिदर्श आमाप
மாதிரி விநியோகம்,प्रतिचयन वितरण
மாதிரி பிழை,प्रतिचयन त्रुटि
மணல்,बाल
மணல் பூச்சு,बलुई परिष्कृति
மணல் கை மோல்டிங்,रेत हस्त पथाई
மணல் அள்ளுதல்,बालू घर्षण
நிறைவுற்ற மண்,संतृप्त मृदा
நிறைவுற்ற மண் பேஸ்ட்,संतृप्त मृदा लेई
செறிவூட்டல் சாறு,संतृप्ति निष्कर्षण
செறிவூட்டல் சதவீதம்,संतृप्ति प्रतिशतता
சாசர் குவிமாடம்,शराविका गुम्मद
சாரக்கட்டு,पाड़
ஷிஸ்ட்,शिस्ट
கடல் துறைமுகம்,समुद्री अथवा महासागरीय पत्तन
ரகசிய சாக்கடை,गुप्त वाहिका
இரண்டாவது,सेकन्ड
வண்டல் பகுப்பாய்வு,सादन विश्लेषण
அரை செயற்கை துறைமுகம்,सामि कृत्रिम पोताश्रय
அரை அலை கப்பல்,अर्द्ध-ज्वारीय गोदी
முதுமை,जरावस्था
ஷேல்,शेल
தாள் குவியல்,चादरी पाइल
சுருக்க வரம்பு,संकुचन सीमा
ஷட்டரிங்,तख्ताबन्दी
சியாலிடிக் மண்,सियालिटिक मृदा
சிரோஜெம்,सीरोजेम
சில்லு,देहली या सिल
வண்டல் மண்,साद
ஒற்றை சதை இரத்தம்,इकहरी फ्लेमिश चाल
ஒற்றை தானிய அமைப்பு,एकल कणीय संरचना
எலும்பு மண்,अधकचरी मृदा
பாவாடை,अंचल
ஸ்லீப்பர் சுவர்,आधार भित्तियाँ
பக்கவாட்டு சாக்கடை,सर्पी वाहिका
ஸ்லைடு விதி,परिकलन पट्टिका
ஸ்லிப் டாக்,सर्पण गोदी
ஸ்மோனிசா,स्मोनिटजा
ஊறவைத்தல்,समतापकरण
மண் சங்கம்,मृदा समवाय
மண் வகுப்பு,मृदा वर्ग
மண் வளாகம்,मृदा सम्मिश्र
மண் நிலைத்தன்மை,मृदा संसक्ति
மண் குடும்பம்,मृदा परिवार
மண் சட்ட வேலை,मृदा सार
மண்ணின் ஈரப்பதம்,मृदा नमी
மண்ணின் ஈரப்பதம் பெருக்கம்,मृदा नमी अभिवृद्धि
மண்ணின் ஈரப்பதம் குறைபாடு,मृदा नयी न्यूनता
மண் உருவவியல்,मृदाकारिकी
மண் துகள்,मृदा कण
மண் கட்டம்,मृदा प्रावस्था
மண் விவரக்குறிப்பு,मृदा परिच्छेदिका
மண் எதிர்வினை,मृदा अभिक्रिया
மண் பிரிகிறது,मृदा कणवर्ग
மண் தொடர்,मृदा श्रेणी
மண் தீர்வு,मृदा घोल
மண் அமைப்பு,मृदा संरचना
மண் அமைப்பு,मृदा गठन
மண் வகை,मृदा प्रकार
சோலம்,सोलम
சோர்ப்ஷன்,शोषण
ஸ்பால்கள்,कत्तर
குறிப்பிட்ட அயனி விளைவு,विशिष्ट आयन प्रभाव
சதுர வடிவ இடிபாடுகள்,चौकोर रद्देदार ढोका चिनाई
ஸ்கொயர் ரெகுலர் கோர்ஸ்டு இடிந்த கல் கொத்து,नियमित चौकोर रद्देदार ढोका चिनाई
நிலையான ஓட்டம்,अपरिवर्ती प्रवाह
மிளிரும் படி,सोपानी जलरोधी झिल्ली
ஒட்டும் தன்மை,चिपचिपापन
ஒட்டும் புள்ளி,चिपकन बिंदु
கல்,पत्थर
ஸ்லோப் கை மோல்டிங்,गीली हस्थ पथाई
பட்டா கீல்,पट्टक कब्जा
வைக்கோல் பலகை,गत्ता
ஸ்ட்ரீம்,सरिता
மன அழுத்தம்,प्रतिबल
நீட்டுபவர்,पट्टी/स्ट्रैचर
ஸ்ட்ரெச்சர் பிணைப்பு,पट्टी/स्ट्रैचर चाल
ஸ்ட்ரெச்சர் படிப்பு,पट्टी रद्दा
லேசான கயிறு,स्ट्रिंग
சரம் பாடநெறி,किंगरी रद्दा
கட்டமைப்பு காரணி,संरचना गुणांक
கட்டமைப்பு குறியீடு,संरचना सूचक अंक
ஸ்டக்கோ,स्टुको
வீரியமான,स्टड
ஸ்டைலோபேட்,आधार पीठ
துணை மண்,अवमृदा
துணை அமைப்பு,अधः रचना
கூட்டுத்தொகை வளைவு,संकलन वक्र
சன் மைக்கா,सनमाइका
சூப்பர் கட்டமைப்பு,अधिरचना/ऊपरी ढाँचा
நிலமளப்போர்,सर्वेक्षक
எஸ்-மதிப்பு,S-मान
அங்கும் இங்கும் அசை,प्रठप्पा
ஸ்வான் கழுத்து,हंस ग्रीवा
கூடாரம்,मंडप
மேஜை கை மோல்டிங்,मेज हस्त पथाई
டேங்கிங்,टैंकन
டெம்பீட்டோ,टैम्पीटो
வெப்பநிலை மாற்றம்,मृदुकरण
டெம்ப்ளேட்,टैमप्लेट
டெம்ப்ளேட்,आकार पट्ट
டெபிடேரியம்,टेपीडेरियम
டெரகோட்டா,टैराकोटा
டெர்ரா ரோசா,टैरारोसा
டெர்ராஸோ,टैराजो
டெட்ரா பாணி,चतुरभिकल्पना
வரம்பு வரம்பு மதிப்பு,प्रभाव सीमा मान
தொண்டை,कंठ
கல் மூலம்,धुर पत्थर
டைடல் பேசின்,ज्वारीय बेसिन
டை பார்,तान छड़
கற்றை கட்டவும்,बंधन धरन
டை ராட்,तान दंड
Tirs,टिर्स
சகிப்புத்தன்மை,उपेक्ष्य त्रुटि
பல்வலி,दाढ़ा
மேல் மண் அல்லது மேற்பரப்பு மண்,पृष्ठ मृदा या ऊपरी मृदा
மொத்த போரோசிட்டி,कुल सरंध्रता
டிரேசரி,अलंकरण
ரயில் எதிர்ப்பு,ट्रेन प्रतिरोध
இடமாற்றம்,ट्रानसैप्ट
இடைநிலை மண்,संक्रमणीय मृदा
டிரான்ஸ்சம்,अनुप्रस्थिका
போக்குவரத்து மண்,परिवाहित मृदा
துணை நதி,उप नदी
டிரிஃபோரியம்,गलियारा
ட்ரைகிளிஃப்,ट्रिगलिफ
துண்டிக்கப்பட்ட மண்,रुंड मृदा
கொந்தளிப்பான ஓட்டம்,विक्षुब्ध प्रवाह
சிறு கோபுரம்,टर्रेट
டைம்பார் எண்,डाट की भराई
இறுதி தாங்கும் திறன்,अंतिम धारण क्षमता
அல்டிமேட் பிஎச்,अंतिम ph
ஒழுங்கற்ற சீரற்ற இடிந்த கொத்து,बेतरतीब बेरद्दा ढोंका चिनाई
கட்டமைக்கப்படாத சதுர இடிபாடுகள்,बेतरतीब चौकोर रद्देदार ढोका चिनाई
அண்டர்கிராஃப்ட்,तहखाना
நிரப்பப்படாத போரோசிட்டி,अपूरित संरंध्रता
சீரான ஓட்டம்,सम्प्रवाह
அலகு சட்ட வகை சாரக்கட்டு,एकल ढाँचे की तरह का पाड़
பயனற்ற வேலை,अनउत्पादक कार्य
நிறைவுறா மண்,असंतृप्त मृदा
நிலையற்ற ஓட்டம்,अधीर प्रवाह
மேல் பிளாஸ்டிக் வரம்பு,ऊपरी सुघट्यता सीमा
பள்ளத்தாக்கு சாக்கடை,द्रोणी वाहिका
வால்ட்,चापछद
வெட்டாரியம்,सायबान
காற்றோட்டம்,संवाहन
மறுபடியும்,रोशनदान
வெரம்தா,बरामदा
வேஸ்டிபுல்,ड्योढ़ी
வில்லா,विला
