Kannada,Assamese
ಆಸಿಡಾಯ್ಡ್,এচিড’ইড
ಅಯೋಲಿಯನ್ ಮಣ್ಣು,ইঅ’লিয়ান মাটি
ಒಟ್ಟು,গোট খোৱা
ಒಟ್ಟುಗೂಡಿಸುವಿಕೆ,সংগ্ৰহ
ಕೃಷಿಶಾಸ್ತ್ರ,কৃষি বিজ্ঞান
ಕೃಷಿಶಾಸ್ತ್ರ,কৃষি বিজ্ঞান
ಎ-ಹಾರಿಜಾನ್,এ-দিগন্ত
Ao-ಹಾರಿಜಾನ್,আও-দিগন্ত
Aoo-ಹಾರಿಜಾನ್,আও-দিগন্ত
ಮಣ್ಣಿನ ಗಾಳಿಯ ಸಾಮರ್ಥ್ಯ,মাটিৰ বায়ু ক্ষমতা
ಮಣ್ಣಿನ ಗಾಳಿಯ ಅಂಶ,মাটিৰ বায়ুৰ পৰিমাণ
ಏರ್ ಪಿಕ್ನೋಮೀಟರ್,এয়াৰ পিকনোমিটাৰ
ಆಲಿಟಿಕ್ ಮಣ್ಣು,এলিটিক মাটি
ಮೆಕ್ಕಲು ಮಣ್ಣು,জলজ মাটি
ಆಂಫೋಲಿಟಾಯ್ಡ್,এম্ফোলাইট’ইড
ಅಯಾನ್,এনিয়ন
"ಸ್ಪಷ್ಟವಾದ ನಿರ್ದಿಷ್ಟ ಗುರುತ್ವಾಕರ್ಷಣೆಯ ಪರಿಮಾಣದ ತೂಕ ಅಥವಾ ಬೃಹತ್ ನಿರ್ದಿಷ್ಟ ಗುರುತ್ವಾಕರ್ಷಣೆ,&quot;","আপাত নিৰ্দিষ্ট মাধ্যাকৰ্ষণৰ আয়তনৰ ওজন বা বাল্ক নিৰ্দিষ্ট মাধ্যাকৰ্ষণ,&quot;"
ಅರ್ರಿಸ್,আৰিছ
ಆಶ್ಲರ್ ಉತ್ತಮವಾದ ಕಲ್ಲು,আছলাৰ মিহি শিলৰ কাম
ಆಶ್ಲರ್ ಕಲ್ಲು,আছলাৰ শিলৰ কাম
ಅಜೋನಲ್ ಮಣ್ಣು,এজ’নেল মাটি
ಹಿಂದೆ ನಟ,পিঠিৰ অভিনেতা
ಹಿಂದಿನ ಕಮಾನು,পিছফালৰ খোলা
ಬ್ಯಾಕ್ ಬ್ಯಾಂಡ್,বেক বেণ্ড
ಬ್ಯಾಕ್ ಬ್ರಷ್,পিছফালৰ ব্ৰাছ
ಹಿಂತಿರುಗಿ ಪರಿಶೀಲಿಸಿ,বেক চেক
ಹಿಂದಿನ ಕೌಂಟರ್,বেক কাউণ্টাৰ
ಬೆನ್ನು ಕತ್ತರಿಸುವುದು,পিঠি কাটি থকা
ಬ್ಯಾಕ್ ಡ್ರಾಫ್ಟ್ ಡ್ಯಾಂಪರ್,বেক ড্ৰাফ্ট ডেম্পাৰ
ಬ್ಯಾಕ್ ಡ್ರೈನ್,বেক ড্ৰেইন
ಬ್ಯಾಕ್ ಡ್ರಾಪ್,বেক ড্ৰপ
ಹಿಂದೆ ಭರ್ತಿ,বেক ফিল
ಬ್ಯಾಕ್ ಫಿಲೆಟ್,পিছফালৰ ফিলেট
ಬ್ಯಾಕ್ ಫ್ಲಾಪ್ ಹಿಂಜ್,বেক ফ্লেপ হিঞ্জ
ಬ್ಯಾಕ್ ಫ್ಲೋ ಸಂಪರ್ಕ,বেক ফ্ল&#39; সংযোগ
ಬ್ಯಾಕ್ ಫ್ಲೋ ತಡೆಗಟ್ಟುವಿಕೆ,বেক ফ্ল’ প্ৰিভেণ্টাৰ
ಬ್ಯಾಕ್ ಗೇಜ್,বেক গেজ
ಹಿಂಭಾಗದ ಗಟಾರ,পিছফালৰ নালা
ಹಿಂಬದಿ ಒಲೆ,পিছফালৰ অগ্নিকুণ্ড
ಹಿಮ್ಮೇಳ,বেকিং
ಬ್ಯಾಕಿಂಗ್ ಬೋರ್ಡ್,বেকিং বৰ্ড
ಬೆನ್ನಿನ ಒತ್ತಡ,পিঠিৰ চাপ
ಬ್ಯಾಕ್ ಪ್ರಾಪ್,বেক প্ৰপ
ಹಿಂದಿನ ದೃಷ್ಟಿ,পিছফালৰ দৃষ্টি
ಹಿಂಬದಿ ನೀರು,পিছফালৰ পানী
ಅಡ್ಡಿಪಡಿಸು,বেফেল
ಬ್ಯಾಗ್ವರ್ಕ್,বেগৱৰ্ক
ನಿಲುಭಾರ,বেলেষ্ট
ಬಾಲ್ ಕ್ಲೇ,বল মাটি
ಬಾಲ್ ಕೋನ್ ಕ್ಲಾಂಪ್,বল কন ক্লেম্প
ಮುಳ್ಳುತಂತಿ,কাঁইটীয়া তাঁৰ
ಬಾರ್ ನಾಯಿ,বাৰ কুকুৰ
ಬಾರ್ಜ್ ಬೋರ್ಡ್,বাৰ্জ বৰ্ড
ಬೇರಿಯಮ್ ಸಲ್ಫೇಟ್ ಪರೀಕ್ಷೆ,বেৰিয়াম ছালফেট পৰীক্ষা
ಬ್ಯಾರೇಜ್,বেৰেজ
ಬ್ಯಾರೆಟ್,বেৰেট
ಬೇಸ್,ভেঁটি
ಮೂಲ ವಿನಿಮಯ,ভিত্তি বিনিময়
ಬೇಸ್ ಲೈನ್,ভিত্তি লাইন
ನೆಲಮಾಳಿಗೆ,বেছমেণ্ট
ನೆಲಮಾಳಿಗೆಯ ಗೋಡೆ,বেছমেণ্টৰ দেৱাল
ಬೇಸ್ ಪ್ಲೇಟ್,বেচ প্লেট
"ಬೇಸ್ ಪ್ಲೇಟ್, ಹೊಂದಾಣಿಕೆ","বেচ প্লেট, নিয়ন্ত্ৰণযোগ্য"
ಮೂಲ ಶುದ್ಧತ್ವ,ভিত্তি পৰিপূৰকতা
ಬಸಾಯಿಡ್,বেছ’ইড
ಬ್ಯಾಟ್,বেট
ಬಾತ್ ಮತ್ತು WC,বাথ আৰু ডব্লিউ চি
ಬ್ಯಾಟರ್ ಪೆಗ್,বেটাৰ পেগ
ಬ್ಯಾಟರ್ ಪಿಯರ್,বেটাৰ ঘাট
ಬ್ಯಾಟರ್ ನಿಯಮ,বেটাৰৰ নিয়ম
ಬಾಲ್ಕ್ (ಬಾಲ್ಕ್),Baulk (বালক)
ಕೊಲ್ಲಿ,উপসাগৰ
ಬೇರರ್,বাহক
ತಾಳಿಕೊಳ್ಳುವ ಸಾಮರ್ಥ್ಯ,বহন ক্ষমতা
ಬೇರಿಂಗ್ ಪೈಲ್,বেয়াৰিং পাইল
ಬೇರಿಂಗ್ ಸ್ಟ್ರಾಟಮ್,বহন স্তৰ
ಹಾಸಿಗೆ,বিছনা
ಹಾಸಿಗೆ ವಿಮಾನ,বিচনাৰ বিমান
ಬೆಡ್ ಜಂಟಿ,বিচনাৰ সংযোগ
ಬೆಡ್ ರಾಕ್,বিচনাৰ শিল
ಮಲಗುವ ಕೋಣೆ,শোৱনি কোঠা
ಜೇನುಮೇಣ,মৌমাখিৰ মোম
ಬೆಲ್ ಬಾಕ್ಸ್,বেল বাকচ
ಬೆಲ್ಲಿಂಗ್ ಬಕೆಟ್,বেলিং বাল্টি
ಬೆಲ್ಲೋಫ್ರಾಮ್,বেলোফ্ৰেম
ಬೆಂಚ್ಡ್ ಅಡಿಪಾಯ,বেঞ্চযুক্ত ভেটি
ಬೆಂಚಿಂಗ್,বেঞ্চিং কৰা
ಮಾನದಂಡ,বেঞ্চ মাৰ্ক
ಲಾಭದ ವೆಚ್ಚದ ವಿಶ್ಲೇಷಣೆ,লাভৰ খৰচ বিশ্লেষণ
ಬೆರ್ಮ್,বাৰ্ম
ಬೆವೆಲ್ಡ್ ಮುಚ್ಚುವಿಕೆ,বেভেলড বন্ধ
"ಬಿ-ಹಾರಿಜಾನ್,&quot;ಬಿ-","খ-দিগন্ত,&quot;খ-"
ಬಿಯಾಟ್,বিয়াত
ಬೈಂಡರ್,বাইণ্ডাৰ
ಬೈಂಡಿಂಗ್ ವಸ್ತು,বান্ধি ৰখা সামগ্ৰী
ಬಯೋಟ್ ಸಿದ್ಧಾಂತ,বায়টৰ তত্ত্ব
ಬಿಟುಮೆನ್,বিটুমিন
ಕಪ್ಪು ಹತ್ತಿ ಮಣ್ಣು,ক’লা কপাহী মাটি
ಕಪ್ಪು ಭೂಮಿ,ক&#39;লা পৃথিৱী
ಕಪ್ಪು ಟರ್ಫ್ ಮಣ್ಣು,ক’লা টাৰ্ফ মাটি
ಬ್ಲೇಡ್,ব্লেড
ಬ್ಲಾಸ್ಟ್ ಫರ್ನೇಸ್ ಸ್ಲ್ಯಾಗ್ ಸಿಮೆಂಟ್,ব্লাষ্ট ফাৰ্নেচ স্লেগ চিমেণ্ট
ಬ್ಲಾಕ್ ರಚನೆ,ব্লকযুক্ত গঠন
ಬೋಗಿ ಪ್ರತಿರೋಧ,বগী প্ৰতিৰোধ
ಬಾಗ್-ಕಬ್ಬಿಣದ ಅದಿರು,বোগ-লোহাৰ অক্সাইড
ಕರಾರುಪತ್ರ,বান্ধোন
ಬಂಧಿತ ಸದಸ್ಯ,বণ্ডেড সদস্য
ಬಂಧಿತ ಪೋಸ್ಟ್ ಟೆನ್ಷನಿಂಗ್,বণ্ডেড পোষ্ট টেনচিং
ಬಾಂಡ್ ಕಲ್ಲು,বণ্ড ষ্টোন
ಬೌಂಡ್ ನೀರು,বান্ধি থোৱা পানী
ಬಾಕ್ಸ್ ಗಟರ್,বক্স নালা
ಬ್ರೇಸ್,ব্ৰেচ
ಬ್ರಿಕ್ ಆನ್ ಎಡ್ಜ್,ইটা-অন-এজ
ಬ್ರಿಡ್ಲ್,লজ্জাজনক
ಹೊಳಪು,উজ্জ্বলতা
ಕಂದು ಮಣ್ಣು,বাদামী মাটি
ಕಟ್ಟಡ,ভৱন
ಕಟ್ಟಡ ಸರ್ವೇಯರ್,বিল্ডিং জৰীপকাৰী
ಬಫರ್,বাফাৰ
ಬಫರ್ ಕರ್ವ್,বাফাৰ বক্ৰ
ಬಫರಿಂಗ್,বাফাৰিং
ಬಫರಿಂಗ್ ಸಾಮರ್ಥ್ಯ,বাফাৰিং ক্ষমতা
ಬಂದರ್,বাণ্ডাৰ
ಬಟ್ರೆಸ್,বাট্ৰেছ
ಸಿ-ಹಾರಿಜಾನ್,গ-দিগন্ত
ಕೇಬಲ್,কেবল
ಕೇಬಲ್ ಮೋಲ್ಡಿಂಗ್,কেবল মল্ডিং
ಕೇಬಲ್ ಹಾಕುವುದು,কেবলিং
ಕ್ಯಾಬಿನ್,কেবিন
ಕ್ಯಾಬಿನ್ ಹುಕ್,কেবিন হুক
ಕ್ಯಾಬಿನೆಟ್,কেবিনেট
ಕಾಬೋಲ್ಟ್ ತೊರೆದರು,কেবল্টৰ চাকৰি এৰিছে
ಕೆಫೆಟೇರಿಯಾ,কেফেটেৰিয়া
ಪಂಜರ,সঁজা
ಪಂಜರ ನಿರ್ಮಾಣ,পিঞ্জৰা নিৰ্মাণ
ಕೇನ್ ಅವರ ಸೂತ್ರ,কয়িনৰ সূত্ৰ
ಕೈಸನ್,কেইচন
ಕೈಸನ್ ಕಾಯಿಲೆ,কেইচন ৰোগ
ಕೈಸನ್ ಅಡಿಪಾಯ,কেইচন ফাউণ্ডেচন
ಕೈಸನ್ ರಾಶಿ,কেইচন পাইল
ಸುಣ್ಣದ ಇಟ್ಟಿಗೆ,কেলকেয়াৰযুক্ত ইটা
ಸುಣ್ಣದ ಜೇಡಿಮಣ್ಣು,কেলকেয়াৰযুক্ত মাটি
ಕ್ಯಾಲ್ಕೇರಿಯಸ್ ಕ್ರಸ್ಟ್,কেলকেয়াৰযুক্ত খোলা
ಕ್ಯಾಲ್ಸಿಫಿಕೇಶನ್,কেলচিফিকেশন
ಕ್ಯಾಲ್ಸಿನೇಷನ್,কেলচিনেচন
ಕ್ಯಾಲ್ಸಿನ್,কেলচিন
ಕ್ಯಾಲ್ಸೈಟ್,কেলচাইট
ಕ್ಯಾಲ್ಸಿಯಂ-ಅಲ್ಯೂಮಿನೇಟ್ ಸಿಮೆಂಟ್,কেলচিয়াম-এলুমিনেট চিমেণ্ট
ಕ್ಯಾಲ್ಸಿಯಂ-ಸಿಲಿಕೇಟ್ ಇಟ್ಟಿಗೆ,কেলচিয়াম-চিলিকেট ইটা
ಕ್ಯಾಲ್ಸಿಯಂ-ಸಿಲಿಕೇಟ್ ಹೈಡ್ರೇಟ್,কেলচিয়াম-চিলিকেট হাইড্ৰেট
ಕ್ಯಾಲಿಚೆ,কালিচে
ಕ್ಯಾಲಿಫೋರ್ನಿಯಾ ಬೇರಿಂಗ್ ಅನುಪಾತ,কেলিফৰ্ণিয়া বেয়াৰিং ৰেচিঅ’
ಕ್ಯಾಲಿಪರ್,কেলিপাৰ
ಕ್ಯಾಲೋರಿಮೀಟರ್,কেলৰিমিটাৰ
ಕ್ಯಾಂಬರ್,কেম্বাৰ
ಕಾಲುವೆ,খাল
ಮೇಲಾವರಣ,কেনপি
ಕ್ಯಾಂಟಿಲಿವರ್ ಫೂಟಿಂಗ್,কেন্টিলিভাৰ ফুটিং
ಕ್ಯಾಪ್,কেপ
ಸಾಮರ್ಥ್ಯ,ক্ষমতা
ಏಲ್ ಟ್ರ್ಯಾಕ್ ಸಾಮರ್ಥ್ಯ,ail ট্ৰেকৰ ক্ষমতা
ಕ್ಯಾಪ್ ಕೇಬಲ್,কেপ কেবল
ಕ್ಯಾಪಿಲ್ಲರಿಟಿ,কেপিলাৰিটি
ಕ್ಯಾಪಿಲ್ಲರಿ ಬ್ರೇಕ್,কেপিলাৰী ব্ৰেক
ಕ್ಯಾಪಿಲ್ಲರಿ ಹರಿವು,কেপিলাৰী প্ৰবাহ
ಕ್ಯಾಪಿಲ್ಲರಿ ತೇವಾಂಶ ಅಥವಾ ಕ್ಯಾಪಿಲ್ಲರಿ ನೀರು,কেপিলাৰী আৰ্দ্ৰতা বা কেপিলাৰী পানী
ಕ್ಯಾಪಿಲ್ಲರಿ ರಂಧ್ರದ ಜಾಗ,কেপিলাৰী ছিদ্ৰ স্থান
ಕ್ಯಾಪಿಲ್ಲರಿ ಸರಂಧ್ರತೆ,কেপিলাৰী ছিদ্ৰতা
ಕ್ಯಾಪಿಲ್ಲರಿ ಸ್ಪೇಸ್,কেপিলাৰী স্থান
ಕ್ಯಾಪ್ಚರ್ ವೇಗ,কেপচাৰ বেগ
ಕಾರ್ಬೊನೇಶನ್,কাৰ্বনেচন
ಕಾರ್ಬನ್ ಕಪ್ಪು,কাৰ্বন ব্লেক
ಕ್ಯಾಸ್ಟ್ಬಲ್ ವಕ್ರೀಕಾರಕ,Castble অবাধ্য
ಬಿತ್ತರಿಸಿದ ಸ್ಥಳದಲ್ಲಿ ಅಥವಾ ಬಿತ್ತರಿಸಿದ ಸ್ಥಳದಲ್ಲಿ,কাষ্ট-ইন-প্লেচ বা কাষ্ট-ইন-চিটু
ಎರಕಹೊಯ್ದ ರಾಶಿ,কাষ্ট-ইন-প্লেচ পাইল
ಕ್ಯಾಸ್ಟರ್,কেষ্টাৰ
ಎರಕಹೊಯ್ದ ಕಲ್ಲು,ঢালাই শিল
ವೇಗವರ್ಧಕ,অনুঘটক
ಕ್ಯಾಟೆನಾ,কেটেনা
ಬೆಕ್ಕಿನ ಮುಖ,মেকুৰীৰ মুখ
ಬೆಕ್ಕಿನ ತಲೆ,মেকুৰীৰ মূৰ
ಕ್ಯಾಶನ್,কেটিয়ন
ಬೆಕ್ಕಿನ ನಡಿಗೆ,মেকুৰী খোজ কাঢ়িব
ಗುಳ್ಳೆಕಟ್ಟುವಿಕೆ ಹಾನಿ,গহ্বৰৰ ক্ষতি
ಸೆಲೈಟ್,চেলাইট
ಸೆಲ್ಯುಲಾರ್ ಕಾಂಕ್ರೀಟ್,কোষীয় কংক্ৰিট
ಸೆಲ್ಯುಲಾರ್ ನಿರ್ಮಾಣ,কোষীয় নিৰ্মাণ
ಸಿಮೆಂಟ್,চিমেণ্ট
"ಸಿಮೆಂಟ್, ಬಿಟುಮಿನಸ್","চিমেণ্ট, বিটুমিনাছ"
"ಸಿಮೆಂಟ್, ಹೆಚ್ಚಿನ ಶಕ್ತಿ","চিমেণ্ট, উচ্চ শক্তি"
"ಸಿಮೆಂಟ್, ಹೈಡ್ರಾಲಿಕ್","চিমেণ্ট, হাইড্ৰলিক"
"ಸಿಮೆಂಟ್, ಕಡಿಮೆ ಶಾಖ","চিমেণ্ট, কম জুইত"
"ಸಿಮೆಂಟ್, ಕಲ್ಲು","চিমেণ্ট, শিলৰ কাম"
"ಸಿಮೆಂಟ್, ನೈಸರ್ಗಿಕ","চিমেণ্ট, প্ৰাকৃতিক"
"ಸಿಮೆಂಟ್, ಪೋರ್ಟ್ಲ್ಯಾಂಡ್","চিমেণ্ট, পৰ্টলেণ্ড"
"ಸಿಮೆಂಟ್, ಪೋರ್ಟ್ಲ್ಯಾಂಡ್ ಬ್ಲಾಸ್ಟ್ ಫರ್ನೇಸ್ ಸ್ಲ್ಯಾಗ್","চিমেণ্ট, পৰ্টলেণ্ড ব্লাষ্ট ফাৰ্নেচৰ স্লেগ"
"ಸಿಮೆಂಟ್, ಪೋರ್ಟ್ಲ್ಯಾಂಡ್ ಪೊಝೋಲನ್","চিমেণ্ট, পৰ্টলেণ্ড প&#39;জ&#39;লান"
"ಸಿಮೆಂಟ್, ಸ್ಲ್ಯಾಗ್","চিমেণ্ট, স্লেগ"
"ಸಿಮೆಂಟ್, ಸಲ್ಫೇಟ್ ನಿರೋಧಕ","চিমেণ্ট, ছালফেট প্ৰতিৰোধী"
"ಸಿಮೆಂಟ್, ಸೂಪರ್ ಸಲ್ಫೇಟ್","চিমেণ্ট, ছুপাৰ ছালফেটেড"
"ಸಿಮೆಂಟ್, ಬಿಳಿ","চিমেণ্ট, বগা"
ಸಿಮೆಂಟ್-ಒಟ್ಟಾರೆ ಅನುಪಾತ,চিমেণ্ট-এগ্ৰিগেটৰ অনুপাত
ಸಿಮೆಂಟ್ ವಿಷಯ,চিমেণ্টৰ পৰিমাণ
ಸಿಮೆಂಟ್ ಜೆಲ್,চিমেণ্ট জেল
ಸಿಮೆಂಟ್ ಗನ್,চিমেণ্টৰ বন্দুক
ಸಿಮೆಂಟ್ ಗೂಡು,চিমেণ্টৰ ভঁৰাল
ಸಿಮೆಂಟ್ ಬಣ್ಣ,চিমেণ্টৰ ৰং
ಸಿಮೆಂಟ್ ಪ್ಲಾಸ್ಟರ್,চিমেণ্টৰ প্লাষ্টাৰ
ಸಿಮೆಂಟ್ ಕಲ್ಲು,চিমেণ্টৰ শিল
ಸಿಮೆಂಟ್ ಸ್ಲರಿ,চিমেণ্টৰ গোন্ধ
ಸಿಮೆಂಟ್ ಸಂಗ್ರಹಣೆ,চিমেণ্ট সংৰক্ষণ
ಸಿಮೆಂಟೇಶನ್ ಪ್ರಕ್ರಿಯೆ,চিমেণ্টেচন প্ৰক্ৰিয়া
ಕೇಂದ್ರೀಕರಣ,কেন্দ্ৰীকৰণ
ಕೇಂದ್ರೀಕರಿಸುವುದು ಮತ್ತು ಮುಚ್ಚುವುದು,চেণ্টাৰিং আৰু শ্বাটাৰিং
ಕೇಂದ್ರ ಮಿಶ್ರ ಕಾಂಕ್ರೀಟ್,কেন্দ্ৰীয় মিশ্ৰিত কংক্ৰিট
ಕೇಂದ್ರ ಮಿಕ್ಸರ್,কেন্দ্ৰীয় মিক্সাৰ
ಕೇಂದ್ರಾಪಗಾಮಿ ಫ್ಯಾನ್,কেন্দ্ৰপৃথক ফেন
ಚಾಕ್,চক
ಚೇಂಫರ್,চেমফাৰ
ಚೇಂಫರ್ ಸ್ಟ್ರಿಪ್,চেমফাৰ ষ্ট্ৰিপ
ಚಾನಲ್ ಕಿರಣ,চেনেল বিম
ವಿಶಿಷ್ಟ ಲೋಡ್,বৈশিষ্ট্যপূৰ্ণ বোজা
ವಿಶಿಷ್ಟ ಶಕ್ತಿ,বৈশিষ্ট্যপূৰ্ণ শক্তি
ಚಾರ್ಜ್ ಆಫ್,চাৰ্জ অফ কৰক
ಚಾರ್ಜ್ ಆಗುತ್ತಿದೆ,চাৰ্জিং
ಪರಿಶೀಲಿಸಲಾಗುತ್ತಿದೆ,পৰীক্ষা কৰি আছে
ರಾಸಾಯನಿಕ ಬಂಧ,ৰাসায়নিক বন্ধন
ಚೆರ್ನೋಜೆಮ್,চেৰনোজেম
ಚೆಸ್ಟ್ನಟ್ ಮಣ್ಣು,চেষ্টনাটৰ মাটি
ಚಿಮಣಿ ಗಟಾರ,চিমনিৰ নালা
ಚಿಪ್ ಬೋರ್ಡ್,চিপ বৰ্ড
ಚಿಪ್ಪಿಂಗ್,চিপিং
ಚಿಪ್ಸ್,চিপছ
ಗಾಳಿಕೊಡೆ,চুটে
ವರ್ಗ (ಕಾಂಕ್ರೀಟ್),শ্ৰেণী (কংক্ৰিটৰ)
ಕ್ಲೇ,বোকা মাটি
ಕ್ಲೇ ವಿಷಯ,মাটিৰ পৰিমাণ
ಕ್ಲೇ ಪ್ಯಾನ್,মাটিৰ কেৰাহী
ಕ್ಲೀನ್ಔಟ್,ক্লিনআউট
ಸ್ವಚ್ಛಗೊಳಿಸಿ,চাফ-চিকুণ কৰক
ಕ್ಲೀಟ್,ক্লিট কৰক
ಕ್ಲಿಂಕರ್,ক্লিংকাৰ
ಕ್ಲಿಪ್,ক্লিপ
ಹೆಪ್ಪುಗಟ್ಟುವಿಕೆ,জমা হোৱা
ಒರಟಾದ ಒಟ್ಟು,মোটা গোটা পদাৰ্থ
ಒರಟಾದ ಧಾನ್ಯದ ಮಣ್ಣು,মোটা দানাযুক্ত মাটি
ಕೋಟ್,কোট
ಕಾಫರ್ ಅಣೆಕಟ್ಟು,কফাৰ বান্ধ
ಒಗ್ಗಟ್ಟು,সংহতি
ಕೊಲಾಯ್ಡ್,কলয়ড
ಕೊಲೊಯ್ಡಲ್ ತೇವಾಂಶ ಸಮಾನ ಅನುಪಾತ,কলয়ডাল আৰ্দ্ৰতাৰ সমতুল্য অনুপাত
ಕೊಲೊಯ್ಡಲ್ ವ್ಯವಸ್ಥೆ,কলয়ডাল ব্যৱস্থা
ಕೊಲ್ಯುವಿಯಲ್ ಮಣ್ಣು,কলুভিয়াল মাটি
ಅಂಕಣ,স্তম্ভ
ಬಾಚಣಿಗೆ ಮುಕ್ತಾಯ,কম্বড ফিনিচিং
ಕಂಬೈನ್ಡ್ ಫೂಟಿಂಗ್,সংযুক্ত ফুটিং
ಸಂಯೋಜಿತ ನೀರು,সংযুক্ত পানী
ಸಾಮಾನ್ಯ ಕೊಠಡಿ,কমন ৰুম
ಪೂರ್ಣಗೊಳಿಸುವಿಕೆ ಪ್ರಮಾಣಪತ್ರ,সম্পূৰ্ণ হোৱাৰ প্ৰমাণ পত্ৰ
ಘಟಕ ಚೌಕ,উপাদান বৰ্গ
ಕಾಂಕ್ರೀಟ್,কংক্ৰিট
ಕಾಂಕ್ರೀಟಿಕರಣ,কংক্ৰিচন
ಏಕೀಕೃತ ದರ/ಫ್ಲಾಟ್ ದರ,একত্ৰিত হাৰ/ফ্লেট হাৰ
ಮಾಲಿನ್ಯಕಾರಕಗಳು,দূষক পদাৰ্থ
ಅಲ್ಕೋವ್ ಅಡುಗೆ,ৰন্ধা-বঢ়াৰ এলকোভ
ನಿಭಾಯಿಸುವುದು,মোকাবিলা কৰা
ಕಾರ್ಬೆಲ್,কৰ্বেল
ಕಾರ್ನಿಸ್,কৰ্নিচ
ಸಂಯೋಜಕ,কাপলাৰ
"ಕಪ್ಲರ್, ಡಬಲ್","কাপলাৰ, ডাবল"
"ಕಪ್ಲರ್, ಪುಟ್ಲಾಗ್","কাপলাৰ, পুটলগ"
"ಕಪ್ಲರ್, ಸ್ವಿವೆಲ್","কাপলাৰ, চুইভেল"
ಕೋರ್ಸ್,ধাৰা
ಕೋರ್ಸ್ಡ್ ಯಾದೃಚ್ಛಿಕ ಕಲ್ಲುಮಣ್ಣು ಕಲ್ಲುಗಳು,কোৰ্চ কৰা ৰেণ্ডম ধ্বংসাৱশেষ শিলৰ কাম
ಆವರಿಸಿದ ಪ್ರದೇಶ,আবৃত অঞ্চল
ತೆವಳುವ,অধম
ಕ್ರೀಪ್ ಗುಣಾಂಕ,ক্ৰিপ সহগ
ಕ್ರೊಟೊವಿನ್,ক্ৰ&#39;ট&#39;ভাইন
ಕಾಗೆ ಕಾಲು,কাউৰী ভৰি
ಕ್ರಂಬ್ ರಚನೆ,ক্ৰাম গঠন
ದಂಡೆ,প্ৰতিবন্ধক
ಪ್ರಸ್ತುತ,সোঁত
ಕರ್ವ್ ಪ್ರತಿರೋಧ,বক্ৰ প্ৰতিৰোধ ক্ষমতা
ತೇವಾಂಶ ನಿರೋಧಕ ಕೋರ್ಸ್,ডেম্প প্ৰুফ কোৰ্চ
ಪೂರ್ಣಗೊಂಡ ದಿನಾಂಕ,সম্পূৰ্ণ হোৱাৰ তাৰিখ
ಡೆಡ್ ಲೋಡ್,ডেড লোড
ಸತ್ತ ನೀರು,মৰা পানী
ಡೆಸಿಬೆಲ್,ডেচিবেল
ಡಿಫ್ಲೋಕ್ಯುಲೇಷನ್,ডিফ্ল’কুলেচন
ಗಾಳಿ ಅಥವಾ ಗಾಳಿಯ ಅಂತರದ ಅನುಪಾತದ ಪದವಿ,বায়ুমণ্ডলৰ মাত্ৰা বা বায়ু স্থান অনুপাত
ಒಟ್ಟುಗೂಡಿಸುವಿಕೆಯ ಪದವಿ,একত্ৰীকৰণৰ মাত্ৰা
ಪ್ರಸರಣದ ಪದವಿ,বিক্ষিপ্ততাৰ মাত্ৰা
ಶುದ್ಧತ್ವದ ಪದವಿ,চেচুৰেচনৰ ডিগ্ৰী
ಸಾಂದ್ರತೆ,ঘনত্ব
ಮರುಭೂಮಿ ಪಾದಚಾರಿ ಮಾರ್ಗ,মৰুভূমিৰ ফুটপাথ
ಮರುಭೂಮಿ ಮಣ್ಣು,মৰুভূমিৰ মাটি
ವಿವರಗಳು,সবিশেষ
ಅಭಿವೃದ್ಧಿ ಅವಧಿ,উন্নয়নৰ সময়ছোৱা
ಡಿ-ಹಾರಿಜಾನ್,ডি-দিগন্ত
ಕರ್ಣೀಯ ಬಂಧ,তিৰ্যক বন্ধন
ರೇಖಾಚಿತ್ರ,ডায়াগ্ৰাম
ಡಿಜಿಟಲ್ ಡಾಕ್,ডিজিটেল ডক
ಭೇದಾತ್ಮಕ ನೀರಿನ ದರ,ভিন্নতামূলক পানীৰ হাৰ
ದುರ್ಬಲಗೊಳಿಸುವ ವಾತಾಯನ,পাতল কৰা ভেণ্টিলেচন
ಡಿಲುವಿಯಂ,ডিলুভিয়াম
ಊಟದ ಕೋಣೆ,খোৱাঘৰ
ದಿಕ್ಕಿನ ಪೆಗ್,দিশৰ পেগ
ಪ್ರಸರಣ,বিক্ষিপ্ততা
ಡಿಸ್ಟೆಂಪರ್,ডিষ্টেম্পাৰ
ಡಾಕ್,ডক
ಬಾಗಿಲು,দুৱাৰ
ಡಾರ್ಮರ್,ডৰ্মাৰ
ಡಾರ್ಮರ್ ಚೆಕ್,ডৰ্মাৰ চেক
ಡಬಲ್ ಫ್ಲೆಮಿಶ್ ಬಾಂಡ್,ডাবল ফ্লেমিছ বণ্ড
ಡಬಲ್ ಲೇಯರ್,ডাবল লেয়াৰ
ಡೋವೆಲ್,ডৱেল
ಡ್ರಾಯಿಂಗ್ ಬೋರ್ಡ್,অংকন বৰ্ড
ಡ್ರಾಯಿಂಗ್ ಕೊಠಡಿ,ড্ৰয়িং ৰুম
ಡ್ರಿಫ್ಟ್,ড্ৰিফ্ট
ಒಣ ಬಲ್ಬ್ ತಾಪಮಾನ,শুকান বাল্বৰ উষ্ণতা
ಡ್ರೈ ಡಾಕ್,শুকান ডক
ಒಣ ರಬ್ಬರ್ ಕಲ್ಲು,শুকান ৰবৰৰ শিলৰ কাম
ಡಚ್ ಬಾಂಡ್,ডাচ বণ্ড
ಕುಬ್ಜ ಗೋಡೆ,বামন দেৱাল
ವಸತಿ ಘಟಕ,বাসস্থানৰ ইউনিট
ಈವ್,ইভ
ಈವ್ಸ್ ಗಟರ್,ইভছ নালা
ಆರ್ಥಿಕ ಕಾರ್ಯಸಾಧ್ಯತೆ,অৰ্থনৈতিক সম্ভাৱনীয়তা
ಎಕ್ಟೋಡೈನಮಾರ್ಫಿಕ್ ಮಣ್ಣು,বহিঃগতিশীল মাটি
ಸುಳಿ,এডি
ಪರಿಣಾಮಕಾರಿ ಗಾತ್ರ,ফলপ্ৰসূ আকাৰ
ಪುಷ್ಪಮಯ,ফুলৰ ফুলনি
ಹೊರಹರಿವು,এফ্লুৱেণ্ট
ಎತ್ತರ,উচ্চতা
ಎಲುವಿಯೇಶನ್,এলুভিয়েচন
ಎಲುವಿಯಮ್,এলুভিয়াম
ಎಂಡೋಡೈನಮಾರ್ಫಿಕ್ ಮಣ್ಣು,এণ্ডোডাইনামৰ্ফিক মাটি
ಎಂಜಿನಿಯರಿಂಗ್ ಕಾರ್ಯಸಾಧ್ಯತೆ,অভিযান্ত্ৰিক সম্ভাৱনীয়তা
ಇಂಗ್ಲಿಷ್ ಬಾಂಡ್,ইংৰাজী বণ্ড
ಇಂಗ್ಲಿಷ್ ಗಾರ್ಡನ್ ವಾಲ್ ಬಾಂಡ್,ইংৰাজী বাগিচাৰ দেৱালৰ বণ্ড
"EPM (ಪ್ರತಿ ಮಿಲಿಯನ್‌ಗೆ ಸಮಾನ),&quot;","ইপিএম (প্ৰতি মিলিয়নৰ সমতুল্য),&quot;"
ಸಮಾನ ತೂಕ,সমতুল্য ওজন
ಉದಾ,Erg
ವಿನಿಮಯ ಮಾಡಬಹುದಾದ,বিনিময়যোগ্য
ಬದಲಾಯಿಸಬಹುದಾದ ಆಮ್ಲೀಯತೆ,বিনিময়যোগ্য এচিডিটি
ಬದಲಾಯಿಸಬಹುದಾದ ಸೋಡಿಯಂ ಶೇಕಡಾವಾರು (ESP),বিনিময়যোগ্য ছডিয়াম শতাংশ (ESP)
ಇ.ಎಸ್.ಪಿ.,ই এছ পি.
ವಿನಿಮಯ ಆಮ್ಲೀಯತೆ,বিনিময় এচিডিটি
ವಿನಿಮಯ ಸಂಕೀರ್ಣ,এক্সচেঞ্জ কমপ্লেক্স
ನಿಷ್ಕಾಸ,নিষ্কাশন
ಬಹಿರಂಗ ಮುಕ್ತಾಯ,উন্মুক্ত ফিনিচিং
ಕಣ್ಣು,নয়ন
ಕಣ್ಣು ಹುಬ್ಬು,চকুৰ ভ্ৰূ
ಎದುರಿಸುತ್ತಿದೆ,মুখামুখি
ಎದುರಿಸುತ್ತಿರುವ ಬಂಧ,বন্ধনৰ সন্মুখীন হোৱা
ಸುರಕ್ಷತೆಯ ಅಂಶ,সুৰক্ষাৰ কাৰক
ಪತನ,পৰি যোৱা
ಫೇಶಿಯಾ,ফেচিয়া
ಫೇಶಿಯಾ ಬೋರ್ಡ್,ফেচিয়া বৰ্ড
ದೋಷ,দোষ
ಕ್ಷೇತ್ರ ತೇವಾಂಶ,পথাৰ আৰ্দ্ৰতা
ಅಂತಿಮ ತೇವಾಂಶ ಸಮಾನ,চূড়ান্ত আৰ্দ্ৰতাৰ সমতুল্য
ಫಿಲೆಟ್ (ಗಾರೆ),ফিলেট (মৰ্টাৰৰ)
ಅಂತಿಮ,চূড়ান্ত
ಅಂತಿಮ ಮಾಪನ,চূড়ান্ত জোখ-মাখ
ಅಂತಿಮ ಪಾವತಿq,চূড়ান্ত পেমেণ্টq
ಅಂತಿಮ ಪೂರ್ವ ಒತ್ತಡ,চূড়ান্ত প্ৰি ষ্ট্ৰেছ
ಅಂತಿಮ ಒತ್ತಡ,চূড়ান্ত উত্তেজনা
ಹಣಕಾಸಿನ ಕಾರ್ಯಸಾಧ್ಯತೆ,আৰ্থিক সম্ভাৱনীয়তা
ಉತ್ತಮವಾದ ಒಟ್ಟು,মিহি গোটা পদাৰ্থ
ಬಿರುಕುಗೊಂಡ ಬಂಡೆ,ছিন্নভিন্ন শিল
ಧ್ವಜದ ಕಲ್ಲು,পতাকা শিল
ಫ್ಲೆಮಿಶ್ ಬಂಧ,ফ্লেমিছ বন্ধন
ಮಿನುಗುತ್ತಿದೆ,ফিচফিচাই থকা
ಹೊಳೆಯುವ ಸ್ಟ್ರೀಮ್,ঝলমলীয়া ধাৰা
ಫ್ಲಾಟ್ ಛಾವಣಿ,সমতল চাল
ಫ್ಲೆಚೆ,ফ্লেচে
ಫ್ಲೆಮಿಶ್ ಗಾರ್ಡನ್ ವಾಲ್ ಬಾಂಡ್,ফ্লেমিছ বাগিচাৰ দেৱালৰ বন্ধন
ಫ್ಲಿಂಟ್,ফ্লিন্ট
ಫ್ಲಿಂಟ್ ಗೋಡೆ,ফ্লিণ্টৰ দেৱাল
ತೇಲುವ ಮಹಡಿ,ভাসমান মজিয়া
ಫ್ಲೋಕ್ಯುಲೇಷನ್,ফ্লকুলেচন
ಫ್ಲೋಕ್ಯುಲೇಷನ್ ಮಿತಿ,ফ্লকুলেচন সীমা
ಫ್ಲೋಕ್ಯುಲೇಷನ್ ಅನುಪಾತ,ফ্লকুলেচন অনুপাত
ಫ್ಲೋಕಲ್ಸ್,ফ্লকুলেছ
ಮಹಡಿ,মজিয়া
ಮಹಡಿ ಮುದ್ರೆ,মজিয়াৰ ছীল
ಹರಿವು,বৈ অহা
ಏರಿಳಿತ,উঠা-নমা
ಕಾಲಿಡುವುದು,ফুটিং
ಅಡಿಪಾಯ,ভেঁটি
ಉಚಿತ ಪತನದ ಬ್ಯಾರೋ ಟಾಪಿಂಗ್ ಮಿಕ್ಸರ್,ফ্ৰী ফ&#39;ল বেৰ&#39; টপিং মিক্সাৰ
ಉಚಿತ ಪತನ ಮಿಕ್ಸರ್ (ಡ್ರಮ್ ಪ್ರಕಾರ),ফ্ৰী ফ&#39;ল মিক্সাৰ (ড্ৰাম টাইপ)
ಉಚಿತ ಕಲ್ಲು,মুক্ত শিল
ಫ್ರೆಶ್ಸೆಟ್,ফ্ৰেছেট
ಘರ್ಷಣೆ ರಾಶಿ,ঘৰ্ষণৰ স্তূপ
ಕಪ್ಪೆ,ভেকুলী
ಗೇಬಲ್,গেবল
ಗ್ಯಾಬ್ಲೆಟ್,গেবলেট
ಗ್ಯಾಂಬ್ರೆಲ್ ಛಾವಣಿ,গাম্ব্ৰেলৰ চাল
ಗೇಜ್,জোখ লোৱা
ಅಳತೆ ವಿಭಾಗ,গেজিং অংশ
ಮಾಪಕ ನಿಲ್ದಾಣ,গেজিং ষ্টেচন
ಸಾಮಾನ್ಯ ಸ್ಥಳ ಯೋಜನೆ,সাধাৰণ স্থান পৰিকল্পনা
ಸಾಮಾನ್ಯ ವಾತಾಯನ,সাধাৰণ বায়ু চলাচল
ಜಿ ಹಾರಿಜಾನ್ ಅಥವಾ ಗ್ಲೇ ಹಾರಿಜಾನ್,G দিগন্ত বা গ্লে দিগন্ত
ತನಕ ಗ್ಲೇಶಿಯಲ್,হিমবাহৰ টিল
ಗ್ನೀಸ್,গ্নেইছ
ಸರಕುಗಳ ಅಂಗಳ,সামগ্ৰীৰ চোতাল
ಗ್ರೇಡಿಯಂಟ್ ಪ್ರತಿರೋಧ,গ্ৰেডিয়েণ্ট ৰেজিষ্টেন্স
ಗ್ರಾನೈಟ್,গ্ৰেনাইট
ಹರಳಿನ ರಚನೆ,দানাদাৰ গঠন
ಗ್ರ್ಯಾನ್ಯುಲೇಷನ್,গ্ৰেনুলেচন
ಗ್ರ್ಯಾನ್ಯೂಲ್,গ্ৰেনুল
ಗುರುತ್ವಾಕರ್ಷಣೆಯ ನೀರು ಮುಕ್ತ ನೀರು,মহাকৰ্ষণীয় পানীমুক্ত পানী
ಗುರುತ್ವಾಕರ್ಷಣೆಯ ಅಂಗಳ,মহাকৰ্ষণীয় চোতাল
ದೊಡ್ಡ ಮಣ್ಣಿನ ಗುಂಪು,মহান মাটিৰ গোট
ಗ್ರಿಲ್ಲೇಜ್ ಅಡಿಪಾಯ,গ্ৰীলেজ ফাউণ্ডেচন
ನೆಲದ ಕೈ ಮೋಲ್ಡಿಂಗ್,গ্ৰাউণ্ড হেণ্ড মল্ডিং
ಗುಂಪು ಮಾಡಲಾದ ಡಾಕ್,গ্ৰুপ কৰা ডক
ಗುಂಪು ವಸತಿ,গ্ৰুপ হাউছিং
ಅತಿಥಿ ಕೊಠಡಿ,অতিথিশালা
ಗಟಾರ,নালা
ಗಟಾರ ಹೊರುವವನು,নালা বাহক
ಗಟರ್ ಚೆಕ್,নালা পৰীক্ষা
ಸುತ್ತಿಗೆ ಡ್ರೆಸ್ಸಿಂಗ್,হাতুৰীৰে ড্ৰেছিং
ಬಂದರು,বন্দৰ
ಆಶ್ರಯ ಬಂದರು,আশ্ৰয়ৰ বন্দৰ
ಹಾರ್ಡ್ ಪ್ಯಾನ್,কঠিন কেৰাহী
ಶಿರೋಲೇಖ,হেডাৰ
ಹೆಡರ್ ಬಾಂಡ್,হেডাৰ বণ্ড
ಹೆಡರ್ ಕೋರ್ಸ್,হেডাৰ পাঠ্যক্ৰম
ಹೆಡ್ ಗೇಟ್ ರಚನೆ,হেড গেটৰ গঠন
ಕಾಲುವೆಯ ಮುಖ್ಯಸ್ಥ,খালৰ মূৰ
ಮುಖ್ಯ ನಿಯಂತ್ರಕ,হেড ৰেগুলেটৰ
ಹೆರಿಂಗ್ ಮೂಳೆ ಬಂಧ,হেৰিং হাড়ৰ বন্ধন
ಹಾರ್ಟಿಂಗ್,হৃদয়স্পৰ্শী
ತೇವಗೊಳಿಸುವ ಶಾಖ,তিয়াই থোৱাৰ তাপ
ಹೆಚ್ಚಿನ ಅಲ್ಯೂಮಿನಾ ಸಿಮೆಂಟ್,উচ্চ এলুমিনা চিমেণ্ট
ಹಿಪ್,কঁকাল
ಹಿಪ್ ಕ್ಯಾಪಿಂಗ್,হিপ কেপিং
ಹಿಪ್ಡ್ ಎಂಡ್,হিপড এণ্ড
ಹುಡ್,ডকাইত
ಹುಡ್ ಮೋಲ್ಡಿಂಗ್,হুড মল্ডিং
ಹುಕ್ ಕಾನೂನು,হুক’ৰ আইন
ಹೂಪ್ ಕಬ್ಬಿಣ,হুপ লোহা
ಹಾರಿಜಾನ್,দিগন্ত
ಆರ್ದ್ರತೆ,আৰ্দ্ৰকৰণ
"ಆರ್ದ್ರತೆ, ಸಂಪೂರ್ಣ","আৰ্দ্ৰতা, নিৰপেক্ষ"
"ಆರ್ದ್ರತೆ, ಸಾಪೇಕ್ಷ","আৰ্দ্ৰতা, আপেক্ষিক"
ಹಂಪ್ ಯಾರ್ಡ್,হাম্প চোতাল
ಹೈಡ್ರಾಲಿಕ್ ಒತ್ತಡ,হাইড্ৰলিক চাপ
ಜಲಸಂಚಯನ,জলসিঞ্চন
ಜಲವಿಚ್ಛೇದನ,হাইড্ৰ’লাইছিছ
ಹೈಡ್ರೊಲೈಟಿಕ್ ಆಮ್ಲೀಯತೆ,হাইড্ৰ’লাইটিক এচিডিটি
ಹೈಡ್ರೋಮಾರ್ಫಿಕ್ ಮಣ್ಣು,জলৰূপী মাটি
ಹೈಡ್ರೋಫಿಲಿಕ್ ಕೊಲೊಯ್ಡ್,হাইড্ৰফিলিক কলয়ড
ಹೈಡ್ರೋಫೋಬಿಕ್ ಕೊಲೊಯ್ಡ್,হাইড্ৰ’ফ’বিক কলয়ড
ಹೈಡ್ರೋಸ್ಟಾಟಿಕ್ ಒತ್ತಡದ ಅನುಪಾತ,হাইড্ৰ’ষ্টেটিক চাপৰ অনুপাত
ಹೈಗ್ರೊಸ್ಕಾಪ್ಟಿಕ್ ಗುಣಾಂಕ,হাইগ্ৰ’স্কেপ্টিক সহগ
ಹೈಗ್ರೊಸ್ಕೋಪಿಕ್ ತೇವಾಂಶ,হাইগ্ৰস্কোপিক আৰ্দ্ৰতা
ಹೈಡ್ರೋಸ್ಕೋಪಿಸಿಟಿ,হাইড্ৰস্কোপিচিটি
ಹೈಗ್ರೊಸ್ಕೋಪಿಕ್ ತೇವಾಂಶ,হাইগ্ৰস্কোপিক আৰ্দ্ৰতা
ಹೈಪರ್ಬೇರಿಕ್ ಚೇಂಬರ್,হাইপাৰবেৰিক চেম্বাৰ
ಹೈಪರ್ಸ್ಟಾಟಿಕ್ ಫ್ರೇಮ್,হাইপাৰষ্টেটিক ফ্ৰেম
ಹೈಪ್ಸೋಮೀಟರ್,হাইপছ’মিটাৰ
ಇಲ್ಯುಮಿನೇಷನ್,আলোকসজ্জা
ಇಂಬಿಬೇಷನ್ ತೇವಾಂಶ,ইম্বিবেচন আৰ্দ্ৰতা
ಬಲಿಯದ ಮಣ್ಣು,অপৰিপক্ক মাটি
ವಶಪಡಿಸಿಕೊಂಡ ಡಾಕ್,জব্দ কৰা ডক
ಭೂ ಆದಾಯ ಹೆಚ್ಚಳ,ভূমিৰ ৰাজহ বৃদ্ধি
ಸ್ವತಂತ್ರ ಸ್ಕ್ಯಾಫೋಲ್ಡ್,স্বতন্ত্ৰ মৰাপাট
ಇಂಡರೇಟೆಡ್,কঠিন
ಆರಂಭಿಕ ಪ್ರಿಸ್ಟ್ರೆಸ್,প্ৰাৰম্ভিক প্ৰিষ্ট্ৰেছ
ಆರಂಭಿಕ ಒತ್ತಡ,প্ৰাৰম্ভিক উত্তেজনা
ಒಳನಾಡಿನ ಜಲಮಾರ್ಗ ಬಂದರು,অভ্যন্তৰীণ জলপথ বন্দৰ
ಇನ್ಸುಲೇಟಿಂಗ್ ಬೋರ್ಡ್,ইনচুলেটিং বৰ্ড
ಮಧ್ಯಂತರ ಬಂದರು,মধ্যৱৰ্তী বন্দৰ
ಆಂತರಿಕ ಘರ್ಷಣೆ,আভ্যন্তৰীণ ঘৰ্ষণ
ಇಂಟ್ರಾಜೋನಲ್ ಮಣ್ಣು,ইন্ট্ৰাজ’নেল মাটি
ಅಯಾನು,আয়ন
ಅಯಾನು ವಿನಿಮಯ,আয়ন বিনিময়
ಕಬ್ಬಿಣದ ಪ್ಯಾನ್,লোহাৰ কেৰাহী
ನೀರಾವರಿ ಭೂಮಿ,জলসিঞ্চিত মাটি
ನೀರಾವರಿ,জলসিঞ্চন
ನೀರಾವರಿ ಸೆಸ್,জলসিঞ্চনৰ চেছ
ಜಾಂಬ್,জাম্ব
ಜೋಗಲ್,জগল কৰক
ಜೋಗಲ್ ಪಿನ್,জগল পিন
ಜೂಲ್,জৌলে
ಜಂಪರ್,জাম্পাৰ
ಕಿಲೋಗ್ರಾಂ,কিলোগ্ৰাম
ಕಿಲೋಗ್ರಾಂ ಬಲ,কিলোগ্ৰাম বল
ಕಿಲೋಗ್ರಾಂ ಫೋರ್ಸ್ ಮೀಟರ್,কিলোগ্ৰাম বল মিটাৰ
ಕಿಲೋವ್ಯಾಟ್ ಗಂಟೆ,কিলোৱাট ঘন্টা
ಕಿಂಗ್ ಮುಚ್ಚುವಿಕೆ,ৰজা বন্ধ
ಅಡಿಗೆ,পাকঘৰ
ಲೇಸ್ಡ್ ಕಾಲಮ್,লেচযুক্ত স্তম্ভ
ಹಿಂದುಳಿದಿದೆ,পিছ পৰি থকা
ಲ್ಯಾಮೆಲ್ಲಾ ರೂಟ್,লেমেলা শিপা
ಲ್ಯಾಮಿನಾರ್ ಹರಿವು,লেমিনাৰ প্ৰবাহ
ದೀಪದ ರಂಧ್ರ,লেম্পৰ ফুটা
ಭೂಮಿ ಸಂಚಯ,ভূমি বৃদ্ধি
ಲ್ಯಾಂಡ್ ಸ್ಲೈಡಿಂಗ್,ভূমি পিছলি যোৱা
ಲ್ಯಾಟರೈಟ್,লেটাৰাইট
ಲ್ಯಾಟರೈಟ್ ಮಣ್ಣು,লেটাৰাইট মাটি
ದೊಡ್ಡ ಸಂಖ್ಯೆಗಳ ಕಾನೂನು,বৃহৎ সংখ্যকৰ নিয়ম
ಲೇಔಟ್ ಯೋಜನೆ,বিন্যাস পৰিকল্পনা
ಖಾತಾ ಪುಸ್ತಕ,লেজাৰ
ಸುಣ್ಣದ ಪ್ಯಾನ್,চূণৰ কেৰাহী
ಲಿಂಟೆಲ್,লিণ্টেল
ದ್ರವ ಮಿತಿ,তৰল সীমা
ಲೈವ್ ಲೋಡ್,লাইভ লোড
ಲೋಮ್,লোম
ಸ್ಥಳೀಯ ನಿಷ್ಕಾಸ ವಾತಾಯನ,স্থানীয় এক্সজেষ্ট ভেণ্টিলেচন
ಲೋಕೋ ಅಂಗಳ,লোকো চোতাল
ಲೋಸ್,ল&#39;ছ
ಕಡಿಮೆ ಪ್ಲಾಸ್ಟಿಕ್ ಮಿತಿ,প্লাষ্টিকৰ সীমা কম কৰা
ಕಡಿಮೆ ಶಾಖ ಸಿಮೆಂಟ್,কম তাপত চিমেণ্ট
ಯಂತ್ರ ಮೋಲ್ಡಿಂಗ್,মেচিন মল্ডিং
ಮ್ಯಾಕ್ರೋಸ್ಟ್ರಕ್ಚರ್,বৃহৎ গঠন
ಮುಖ್ಯ ನಿಯಂತ್ರಕ,মূল মূৰ নিয়ন্ত্ৰক
ಮುಖ್ಯ ಬಂದರು,মূল বন্দৰ
ಮೇಕಪ್ ಗಾಳಿ,মেকআপ এয়াৰ
ಮನ್ಸಾರ್ಡ್,মানচাৰ্ড
ಮಾರ್ಷಲಿಂಗ್ ಯಾರ್ಡ್,মাৰ্শ্বেলিং গজ
ಕಲ್ಲುಗಾರಿಕೆ,শিলৰ কাম
ಪಕ್ವವಾಗುತ್ತಿರುವ ತಾಪಮಾನ,পৰিপক্ক উষ্ণতা
ಮೆಜ್ಜನೈನ್ ಮಹಡಿ,মেজেনিন মজিয়া
ಯಾಂತ್ರಿಕ ವಿಶ್ಲೇಷಣೆ,যান্ত্ৰিক বিশ্লেষণ
ಯಾಂತ್ರಿಕ ವಾತಾಯನ,যান্ত্ৰিক বায়ু চলাচল
ಮೆಟ್ರಿಕ್ ಪದ್ಧತಿ,মেট্ৰিক ব্যৱস্থা
ಸೂಕ್ಷ್ಮ ರಚನೆ,অণুগাঁথনি
ಮಿಲಿ ಸಮಾನ,মিলি সমতুল্য
ಪ್ರತಿ ಲೀಟರ್‌ಗೆ ಮಿಲಿ ಸಮಾನ,প্ৰতি লিটাৰত মিলি সমতুল্য
ಖನಿಜ,খনিজ পদাৰ্থ
ಖನಿಜ ಮಣ್ಣು,খনিজ মাটি
ಚಿಕ್ಕ ಬಂದರು,সৰু বন্দৰ
ಮಿಟ್ರೆಡ್ ಮುಚ್ಚುವಿಕೆ,মাইট্ৰেড বন্ধ
ಮೊಬೈಲ್ ಮಣ್ಣಿನ ಕೊಲೊಯ್ಡ್,চলন্ত মাটিৰ কলয়ড
ತೇವಾಂಶ,আৰ্দ্ৰতা
ತೇವಾಂಶ ಗ್ರೇಡಿಯಂಟ್,আৰ্দ্ৰতাৰ গ্ৰেডিয়েণ্ট
ಏಕಶಿಲೆ,মনোলিথ
ಮೊನೊರೈಲ್,মনোৰেল
ರಾಷ್ಟ್ರೀಯ ಬಂದರು ಮಂಡಳಿ,ৰাষ্ট্ৰীয় বন্দৰ পৰিষদ
ನೈಸರ್ಗಿಕ ಹಾಸಿಗೆ,প্ৰাকৃতিক বিচনা
ನೈಸರ್ಗಿಕ ಮುಕ್ತಾಯ,প্ৰাকৃতিক ফিনিচিং
ನೈಸರ್ಗಿಕ ಬಂದರು,প্ৰাকৃতিক বন্দৰ
ನೈಸರ್ಗಿಕ ವಾತಾಯನ,প্ৰাকৃতিক বায়ু চলাচল
ನೌಕಾ ಬಂದರು,নৌসেনাৰ বন্দৰ
ನ್ಯೂಟನ್,নিউটন
ಏಕರೂಪವಲ್ಲದ ಹರಿವು,নন ইউনিফৰ্ম প্ৰবাহ
ನೀರಿನ ದರವನ್ನು ಆಕ್ರಮಿಸುತ್ತದೆ,পানীৰ হাৰ দখল কৰে
ಎಣ್ಣೆ ಬಣ್ಣ,তেলৰ ৰং
ತೈಲ ಬಾವಿ ಸಿಮೆಂಟ್,তেলৰ কুঁৱাৰ চিমেণ্ট
ಚಾನಲ್ ಹರಿವನ್ನು ತೆರೆಯಿರಿ,মুকলি চেনেলৰ প্ৰবাহ
ಆಪ್ಟಿಮಮ್ ಆರ್ದ್ರತೆ,অনুকূল আৰ্দ্ৰতা
ಸಾವಯವ ಮಣ್ಣು,জৈৱিক মাটি
ದೃಷ್ಟಿಕೋನ,অভিবিন্যাস
ಆರ್ಥೋಗೋನಲ್,অৰ্থোগনেল
ಒರ್ಟ್ಸ್ಟೈನ್,অৰ্টষ্টেইন
ಬಾಹ್ಯ ಸಂಕೇತ,বাহিৰৰ সংকেত
ಆಕ್ಸಿಡೀಕರಣ,অক্সিডেচন
ಪ್ಯಾಂಟ್ರಿ,পেণ্ট্ৰি
ಪ್ಯಾರಪೆಟ್,পেৰাপেট
ಪ್ಯಾರಪೆಟ್ ಗೋಡೆ,পেৰাপেটৰ দেৱাল
ಮೂಲ ವಸ್ತು,অভিভাৱকৰ সামগ্ৰী
ಬೆಣಚುಕಲ್ಲು ಎರಕಹೊಯ್ದ ಪ್ಲಾಸ್ಟರ್,শিলগুটি ঢালাই প্লাষ্টাৰ
ಪೆಡಲ್ಫರ್,পেডালফাৰ
ಪೆಡೋಕಲ್,পেড&#39;কেল
ಪೆಡೋಜೆನೆಸಿಸ್,পেড’জেনেছিছ
ಪೆಡೋಲಜಿ,পেড’লজি
ಪೀಡೋಸ್ಪಿಯರ್,পেড’স্ফিয়াৰ
ಪೆನೆಟ್ರೋಮೀಟರ್,পেনেট্ৰ’মিটাৰ
ಪೆಂಟ್ ಛಾವಣಿ,পেণ্ট ছাদ
ಪೆಪ್ಟೈಸಿಂಗ್ ಏಜೆಂಟ್,পেপটাইজিং এজেণ্ট
ವಿಶ್ಲೇಷಣೆಯ ಅವಧಿ,বিশ্লেষণৰ সময়ছোৱা
ಪರ್ಪೆಂಡ್,পাৰ্পেণ্ড
ಪರ್ಸರ್ಪ್ಶನ್,পাৰ্চৰ্পচন
ಪಿಯರ್,ঘাট
ಪಿಲಾಸ್ಟರ್,পিলাষ্টাৰ
ಪಿಚ್,চূড়া
ಪಿಚ್ ಛಾವಣಿ,পিচড ছাদ
ಸರಳ ಕಾಂಕ್ರೀಟ್,সাধাৰণ কংক্ৰিট
ಪ್ಲೇನ್ ಕೋನ,সমতল কোণ
ಬಯಲು ಅಂಗಳ,সাধাৰণ চোতাল
ಪ್ಲಾನ್ಸೋಲ್,প্লেনছল
ಪ್ಲಾಸ್ಟಿಕ್ ಸ್ಥಿರತೆ,প্লাষ্টিকৰ স্থায়িত্ব
ಪ್ಲಾಸ್ಟಿಟಿ,প্লাষ্টিচিটি
ಪ್ಲಾಸ್ಟಿಟಿ ಸೂಚ್ಯಂಕ,প্লাষ্টিচিটি সূচকাংক
ಪ್ಲಾಸ್ಟಿಸಿಟಿ ಮಿತಿ,প্লাষ্টিচিটিৰ সীমা
ಪ್ಲಾಸ್ಟಿಸಿಟಿ ಶ್ರೇಣಿ,প্লাষ্টিচিটিৰ পৰিসৰ
ಪ್ಲಾಟಿ ರಚನೆ,প্লেটি গঠন
ಸ್ತಂಭ,প্লিন্থ
ನೇಗಿಲು ಮಣ್ಣು,হাল বোৱা মাটি
ಪ್ಲಮ್ ಕಲ್ಲು,প্লামৰ শিল
ಪೊಡ್ಜೋಲ್,পডজোলে
ಸೂಚಿಸುತ್ತಿದೆ,আঙুলিয়াই দি
ಬಹುಭುಜಾಕೃತಿಯ ಗೋಡೆ,বহুভুজীয়া বেৰ
ರಂಧ್ರದ ಜಾಗ,ছিদ্ৰৰ স্থান
ಬಂದರು,বন্দৰ
ಧನಾತ್ಮಕ ವಾತಾಯನ,পজিটিভ ভেন্টিলেচন
ಹುಲ್ಲುಗಾವಲು ಮಣ್ಣು,প্ৰেয়ৰী মাটি
ನಿಖರತೆ,নিখুঁততা
ಪ್ರಾಥಮಿಕ ಕಣ,প্ৰাথমিক কণা
ಪ್ರಿಸ್ಮಾಟಿಕ್ ರಚನೆ,প্ৰিজমেটিক গঠন
ಉತ್ಪಾದಕ ಕೆಲಸ,উৎপাদনশীল কাম
ಯೋಜನೆಯ ಸಮರ್ಥನೆ,প্ৰকল্পৰ ন্যায্যতা
ರಕ್ಷಣಾತ್ಮಕ ಕೆಲಸ,সুৰক্ষামূলক কাম
ಸ್ಯೂಡೋ-ಮೈಸಿಲಿಯಮ್,ছ্যুড’-মাইচেলিয়াম
ಕೊಚ್ಚೆಗುಂಡಿ,পুখুৰী
ಪಗ್ಗಿಂಗ್,পাগিং
ಪ್ಯೂಮಿಸ್,পিউমিচ
ಪಂಚೆಯಾನ್,পাঞ্চিয়ন
ಬೊಂಬೆ,পুতলা
ಪುಟ್ಲಾಗ್,পুটলগ
ಪುಟ್ಲಾಗ್ ಸ್ಕ್ಯಾಫೋಲ್ಡ್,পুটলগ মৰাপাট
ಪ್ರಮಾಣ ಸರ್ವೇಯರ್,পৰিমাণ জৰীপকাৰী
ಕ್ವಾರಿ ಸಾಪ್,শিলৰ ৰস
ಕ್ವೇ,ঘাট
ರಾಣಿ ಮುಚ್ಚುವಿಕೆ,কুইন বন্ধ
ಕ್ವೊಯಿನ್,কুইইন
ರಾಫ್ಟ್ ಅಡಿಪಾಯ,ৰাফ্ট ফাউণ্ডেচন
ರೇಕರ್,ৰেকাৰ
ರೇಕಿಂಗ್,ৰেকিং
ರಾಕಿಂಗ್ ಬಾಂಡ್,ৰেকিং বণ্ড
ಮಿನುಗುವ ರೇಕಿಂಗ್,ৰেকিং ফ্লেছিং
ವೇಗವಾಗಿ ಬದಲಾಗುತ್ತಿರುವ ಹರಿವು,দ্ৰুতগতিত পৰিৱৰ্তনশীল প্ৰবাহ
ಮರುಪಾವತಿಸಬಹುದಾದ ಪಾವತಿ,আদায়যোগ্য পেমেণ্ট
ಕೆಂಪು ಭೂಮಿ,ৰঙা মাটি
ಕೆಂಪು ಲೋಮ್,ৰঙা লোম
ನಿಯಂತ್ರಕ,নিয়ন্ত্ৰক
ರೆಗರ್ ಅಥವಾ ಕಪ್ಪು ಹತ್ತಿ ಮಣ್ಣು,ৰেগুৰ বা ক’লা কপাহী মাটি
ಮರುಪಾವತಿ ಒಪ್ಪಂದ,ৰিপেমেণ্ট চুক্তি
ಉಳಿದ ಕುಗ್ಗುವಿಕೆ,অৱশিষ্ট সংকোচন
ಉಳಿಕೆ ಮಣ್ಣು,অৱশিষ্ট মাটি
ಬಹಿರಂಗಪಡಿಸಿ,প্ৰকাশ কৰা
ಪಿನ್ ಅನ್ನು ಬಹಿರಂಗಪಡಿಸಿ,পিন প্ৰকাশ কৰক
ರಿವೀಲ್ ಟೈ,টাই প্ৰকাশ কৰক
ರಿಡ್ಜ್,ৰিজ
ರಿಡ್ಜ್ ಕ್ಯಾಪಿಂಗ್,ৰিজ কেপিং
ನದಿ,নদী
ರೋಡ್ ಸ್ಟೇಡ್,ৰোড ষ্টেড
ಒರಟು ಪ್ಲಾಸ್ಟರ್,ৰুক্ষ প্লাষ্টাৰ
ಅವಶೇಷಗಳು,ধ্বংসাৱশেষ
ಕಲ್ಲುಮಣ್ಣು ಕಲ್ಲು,ধ্বংসাৱশেষৰ শিলৰ কাম
ಅವಶೇಷಗಳ ಗೋಡೆ,ধ্বংসাৱশেষৰ দেৱাল
ಚಾಲನೆಯಲ್ಲಿರುವ ಮಾಪನ,চলি থকা জোখ-মাখ
ಸುರಕ್ಷಿತ ಬೇರಿಂಗ್ ಸಾಮರ್ಥ್ಯ,নিৰাপদ বহন ক্ষমতা
ಉಪ್ಪು ಮೆರುಗು,নিমখৰ গ্লেজ
ಮಾದರಿ ಅಳತೆ,নমুনাৰ আকাৰ
ಮಾದರಿ ವಿತರಣೆ,নমুনা বিতৰণ
ಮಾದರಿ ದೋಷ,নমুনা সংগ্ৰহৰ ভুল
ಮರಳು,বালি
ಮರಳು ಮುಕ್ತಾಯ,বালিৰ ফিনিচিং
ಮರಳು ಕೈ ಮೋಲ್ಡಿಂಗ್,বালিৰ হাতৰ মল্ডিং
ಮರಳುಗಾರಿಕೆ,ছেণ্ডিং
ಸ್ಯಾಚುರೇಟೆಡ್ ಮಣ್ಣು,সংপৃক্ত মাটি
ಸ್ಯಾಚುರೇಟೆಡ್ ಮಣ್ಣಿನ ಪೇಸ್ಟ್,সংপৃক্ত মাটিৰ পেষ্ট
ಶುದ್ಧತ್ವ ಸಾರ,চেচুৰেচন এক্সট্ৰেক্ট
ಶುದ್ಧತ್ವ ಶೇಕಡಾವಾರು,চেচুৰেচন শতাংশ
ಸಾಸರ್ ಗುಮ್ಮಟ,চচৰ গম্বুজ
ಸ್ಕ್ಯಾಫೋಲ್ಡ್,মৰাপাট
ಸ್ಕಿಸ್ಟ್,শ্বিষ্ট
ಸಮುದ್ರ ಬಂದರು,সাগৰীয় বন্দৰ
ರಹಸ್ಯ ಗಟಾರ,গোপন নালা
ಎರಡನೇ,দ্বিতীয়
ಸೆಡಿಮೆಂಟೇಶನ್ ವಿಶ್ಲೇಷಣೆ,পলস বিশ্লেষণ
ಅರೆ ಕೃತಕ ಬಂದರು,অৰ্ধকৃত্ৰিম বন্দৰ
ಸೆಮಿ ಟೈಡಲ್ ಡಾಕ್,অৰ্ধ জোৱাৰ-ভাটাৰ ডক
ವಯಸ್ಸಾದ,চেনিল
ಶೇಲ್,শ্বেল
ಹಾಳೆಯ ರಾಶಿ,শ্বীটৰ স্তূপ
ಕುಗ್ಗುವಿಕೆ ಮಿತಿ,সংকোচনৰ সীমা
ಶಟರಿಂಗ್,শ্বাটাৰিং
ಸಿಯಾಲಿಟಿಕ್ ಮಣ್ಣು,চিয়ালিটিক মাটি
ಸಿರೋಜೆಮ್,ছিয়েৰ’জেম
ಸಿಲ್,চিল
ಹೂಳು,পলি
ಏಕ ಮಾಂಸದ ರಕ್ತ,একক ফ্লেমিছ তেজ
ಏಕ ಹರಳಿನ ರಚನೆ,একক দানাযুক্ত গঠন
ಅಸ್ಥಿಪಂಜರದ ಮಣ್ಣು,কংকালৰ মাটি
ಸ್ಕರ್ಟಿಂಗ್,স্কাৰ্টিং
ಸ್ಲೀಪರ್ ಗೋಡೆ,স্লিপাৰ ৱাল
ಸೈಡ್ ಗಟರ್,কাষৰ নালা
ಸ್ಲೈಡ್ ನಿಯಮ,স্লাইড নিয়ম
ಸ್ಲಿಪ್ ಡಾಕ್,স্লিপ ডক
ಸ್ಮೋನಿಜಾ,স্মোনিজা
ನೆನೆಯುವುದು,তিয়াই থোৱা
ಮಣ್ಣಿನ ಸಂಘ,মাটিৰ সংঘ
ಮಣ್ಣಿನ ವರ್ಗ,মাটিৰ শ্ৰেণী
ಮಣ್ಣಿನ ಸಂಕೀರ್ಣ,মাটিৰ জটিলতা
ಮಣ್ಣಿನ ಸ್ಥಿರತೆ,মাটিৰ স্থায়িত্ব
ಮಣ್ಣಿನ ಕುಟುಂಬ,মাটি পৰিয়াল
ಮಣ್ಣಿನ ಚೌಕಟ್ಟಿನ ಕೆಲಸ,মাটিৰ ফ্ৰেমৰ কাম
ಮಣ್ಣಿನ ತೇವಾಂಶ,মাটিৰ আৰ্দ্ৰতা
ಮಣ್ಣಿನ ತೇವಾಂಶ ಸಂಗ್ರಹಣೆ,মাটিৰ আৰ্দ্ৰতা বৃদ্ধি
ಮಣ್ಣಿನ ತೇವಾಂಶದ ಕೊರತೆ,মাটিৰ আৰ্দ্ৰতাৰ ঘাটি
ಮಣ್ಣಿನ ರೂಪವಿಜ್ಞಾನ,মাটিৰ আকৃতিবিজ্ঞান
ಮಣ್ಣಿನ ಕಣ,মাটিৰ কণা
ಮಣ್ಣಿನ ಹಂತ,মাটিৰ পৰ্যায়
ಮಣ್ಣಿನ ಪ್ರೊಫೈಲ್,মাটিৰ প্ৰফাইল
ಮಣ್ಣಿನ ಪ್ರತಿಕ್ರಿಯೆ,মাটিৰ বিক্ৰিয়া
ಮಣ್ಣು ಬೇರ್ಪಡುತ್ತದೆ,মাটি পৃথক হয়
ಮಣ್ಣಿನ ಸರಣಿ,মাটিৰ শৃংখলা
ಮಣ್ಣಿನ ಪರಿಹಾರ,মাটিৰ দ্ৰৱ
ಮಣ್ಣಿನ ರಚನೆ,মাটিৰ গঠন
ಮಣ್ಣಿನ ರಚನೆ,মাটিৰ টেক্সচাৰ
ಮಣ್ಣಿನ ಪ್ರಕಾರ,মাটিৰ প্ৰকাৰ
ಸೋಲಮ್,ছলুম
ಸೋರ್ಪ್ಶನ್,শোষণ
ಸ್ಪ್ಯಾಲ್ಸ್,Spalls
ನಿರ್ದಿಷ್ಟ ಅಯಾನು ಪರಿಣಾಮ,নিৰ্দিষ্ট আয়ন প্ৰভাৱ
ಚೌಕಾಕಾರದ ಕಲ್ಲುಮಣ್ಣುಗಳ ಕಲ್ಲು,বৰ্গক্ষেত্ৰৰ কোৰ্চযুক্ত ধ্বংসাৱশেষৰ শিলৰ কাম
ಸ್ಕ್ವೇರ್ಡ್ ರೆಗ್ಯುಲರ್ ಕೋರ್ಸ್ಡ್ ಕಲ್ಲುಮಣ್ಣುಗಳ ಕಲ್ಲು,বৰ্গক্ষেত্ৰৰ নিয়মীয়া কোৰ্চযুক্ত ধ্বংসাৱশেষ শিলৰ কাম
ಸ್ಥಿರ ಹರಿವು,স্থিৰ প্ৰবাহ
ಮಿನುಗುತ್ತಾ ಹೆಜ್ಜೆ ಹಾಕಿದೆ,ফিচফিচাই ষ্টেপ কৰিলে
ಜಿಗುಟುತನ,আঠাযুক্ততা
ಅಂಟಿಕೊಳ್ಳುವ ಬಿಂದು,ষ্টিক পইণ্ট
ಕಲ್ಲು,শিল
ಸ್ಲೋಪ್ ಹ್ಯಾಂಡ್ ಮೋಲ್ಡಿಂಗ್,স্লপ হেণ্ড মল্ডিং
ಸ್ಟ್ರಾಪ್ ಹಿಂಜ್,ষ্ট্ৰেপ হিঞ্জ
ಒಣಹುಲ್ಲಿನ ಹಲಗೆ,ষ্ট্ৰ’ বৰ্ড
ಸ್ಟ್ರೀಮ್,নিজৰা
ಒತ್ತಡ,চাপ
ಸ್ಟ್ರೆಚರ್,ষ্ট্ৰেচাৰ
ಸ್ಟ್ರೆಚರ್ ಬಾಂಡ್,ষ্ট্ৰেচাৰ বণ্ড
ಸ್ಟ್ರೆಚರ್ ಕೋರ್ಸ್,ষ্ট্ৰেচাৰ কোৰ্চ
ಸ್ಟ್ರಿಂಗ್,তাঁৰ
ಸ್ಟ್ರಿಂಗ್ ಕೋರ್ಸ್,ষ্ট্ৰিং কোৰ্চ
ರಚನಾತ್ಮಕ ಅಂಶ,গঠন কাৰক
ರಚನೆ ಸೂಚ್ಯಂಕ,গঠন সূচকাংক
ಗಾರೆ,ষ্টুকো
ಸ್ಟಡ್,ষ্টড
ಸ್ಟೈಲೋಬೇಟ್,ষ্টাইলবেট
ಉಪ ಮಣ್ಣು,উপ মাটি
ಉಪ ರಚನೆ,উপ গঠন
ಸಂಕಲನ ಕರ್ವ್,যোগফল বক্ৰ
ಸೂರ್ಯ ಮೈಕಾ,সূৰ্য্যৰ মাইকা
ಸೂಪರ್ ರಚನೆ,চুপাৰ ষ্ট্ৰাকচাৰ
ಸರ್ವೇಯರ್,জৰীপকাৰী
ಎಸ್-ಮೌಲ್ಯ,S-মান
ತೋರಣ,লুট
ಸ್ವಾನ್ ಕುತ್ತಿಗೆ,হাঁসৰ ডিঙি
ಗುಡಾರ,তম্বু
ಟೇಬಲ್ ಹ್ಯಾಂಡ್ ಮೋಲ್ಡಿಂಗ್,টেবুল হেণ্ড মল্ডিং
ಟ್ಯಾಂಕಿಂಗ್,টেংকিং
ಟೆಂಪಿಯೆಟ್ಟೊ,টেম্পিয়েট্টো
ಟೆಂಪರಿಂಗ್,টেম্পাৰিং
ಟೆಂಪ್ಲೇಟ್,টেমপ্লেট
ಟೆಂಪ್ಲೇಟ್,টেমপ্লেট
ಟೆಪಿಡೇರಿಯಮ್,টেপিডাৰিয়াম
ಟೆರಾಕೋಟಾ,টেৰাকোটা
ಟೆರ್ರಾ ರೋಸಾ,টেৰা ৰোজা
ಟೆರಾಝೋ,টেৰাজো
ಟೆಟ್ರಾ ಶೈಲಿ,টেট্ৰা ষ্টাইল
ಮಿತಿ ಮಿತಿ ಮೌಲ್ಯ,থ্ৰেছহ&#39;ল্ড সীমা মান
ಗಂಟಲು,নেলু
ಕಲ್ಲಿನ ಮೂಲಕ,শিলৰ মাজেৰে
ಉಬ್ಬರವಿಳಿತದ ಜಲಾನಯನ ಪ್ರದೇಶ,জোৱাৰ-ভাটাৰ অৱবাহিকা
ಟೈ ಬಾರ್,টাই বাৰ
ಕಿರಣವನ್ನು ಕಟ್ಟಿಕೊಳ್ಳಿ,টাই বিম
ಕಟ್ಟಿದ ಸಲಾಕೆ,টাই ৰড
ಟಿರ್ಸ್,তিৰছ
ಸಹಿಷ್ಣುತೆ,সহনশীলতা
ಹಲ್ಲುಜ್ಜುವುದು,দাঁত ওলোৱা
ಮೇಲಿನ ಮಣ್ಣು ಅಥವಾ ಮೇಲ್ಮೈ ಮಣ್ಣು,ওপৰৰ মাটি বা পৃষ্ঠৰ মাটি
ಒಟ್ಟು ಸರಂಧ್ರತೆ,মুঠ ছিদ্ৰতা
ಟ್ರೇಸರಿ,ট্ৰেচাৰী
ರೈಲು ಪ್ರತಿರೋಧ,ট্ৰেইন ৰেজিষ্টেন্স
ಟ್ರಾನ್ಸೆಪ್ಟ್,ট্ৰেন্সেপ্ট
ಪರಿವರ್ತನೆಯ ಮಣ್ಣು,সংক্ৰমণকালীন মাটি
ಟ್ರಾನ್ಸಮ್,ট্ৰেন্সম
ಸಾರಿಗೆ ಮಣ್ಣು,পৰিবহণ মাটি
ಉಪನದಿ,ট্ৰিবিউটাৰী
ಟ್ರಿಫೊರಿಯಮ್,ট্ৰাইফ’ৰিয়াম
ಟ್ರೈಗ್ಲಿಫ್,ট্ৰিগ্লিফ
ಮೊಟಕುಗೊಳಿಸಿದ ಮಣ್ಣು,ছেদ কৰা মাটি
ಪ್ರಕ್ಷುಬ್ಧ ಹರಿವು,অশান্ত প্ৰবাহ
ತಿರುಗು ಗೋಪುರ,টাৰেট
ಟೈಂಪರ್ ಸಂಖ್ಯೆ,টিম্পাৰ num
ಅಂತಿಮ ಬೇರಿಂಗ್ ಸಾಮರ್ಥ್ಯ,চূড়ান্ত বহন ক্ষমতা
ಅಂತಿಮ ಪಿಎಚ್,চূড়ান্ত ph
ಅನಿರ್ದಿಷ್ಟ ಯಾದೃಚ್ಛಿಕ ಕಲ್ಲುಮಣ್ಣು ಕಲ್ಲು,আনকোৰ্চড ৰেণ্ডম ধ্বংসাৱশেষ শিলৰ কাম
ಕೋರ್ಸೆಡ್ ಸ್ಕ್ವೇರ್ಡ್ ಕಲ್ಲುಮಣ್ಣುಗಳ ಕಲ್ಲು,আনকোৰ্চড বৰ্গক্ষেত্ৰৰ ধ্বংসাৱশেষৰ শিলৰ কাম
ಅಂಡರ್ಕ್ರಾಫ್ಟ್,আণ্ডাৰক্ৰফ্ট
ತುಂಬದ ಸರಂಧ್ರತೆ,ভৰোৱা নোহোৱা ছিদ্ৰতা
ಏಕರೂಪದ ಹರಿವು,একেধৰণৰ প্ৰবাহ
ಯೂನಿಟ್ ಫ್ರೇಮ್ ಮಾದರಿ ಸ್ಕ್ಯಾಫೋಲ್ಡ್,ইউনিট ফ্ৰেম ধৰণৰ মৰাপাট
ಅನುತ್ಪಾದಕ ಕೆಲಸ,অনুত্পাদনশীল কাম
ಅಪರ್ಯಾಪ್ತ ಮಣ್ಣು,অসংপৃক্ত মাটি
ಅಸ್ಥಿರ ಹರಿವು,অস্থিৰ প্ৰবাহ
ಮೇಲಿನ ಪ್ಲಾಸ್ಟಿಕ್ ಮಿತಿ,প্লাষ্টিকৰ ওপৰৰ সীমা
ಕಣಿವೆ ಗಟಾರ,উপত্যকাৰ নালা
ವಾಲ್ಟ್,ভল্ট
ವೆಟೇರಿಯಮ್,ভেটেৰিয়াম
ವಾತಾಯನ,বায়ু চলাচল কৰা
ವೆಂಟಿಲೇಟರ್,ভেন্টিলেটৰ
ವೆರಾಮದಾಹ್,ভেৰামদহ
ವೆಸ್ಟಿಬುಲ್,ভেষ্টিবুল
ವಿಲ್ಲಾ,ভিলা
