Hindi,Odiya
वैस्‍टम‍िन्‍स्‍टर मठ,ୱେଷ୍ଟମିନିଷ୍ଟରର ଆବି |
मालखाना,ଅବକ୍ଷୟ
दासता का उन्मूलन,ଦାସତ୍ୱ ରଦ୍ଦ
आदिवासी,ଆଦିବାସୀ
अब्राहम काल,ଅବ୍ରହାମ ଏରା
प्रवासी ज़मींदार,ଅନୁପସ୍ଥିତ ଜମିଦାରମାନେ |
अकादमी; विद्वत्परिषद,ଏକାଡେମୀ |
अक्रा सम्मेलन,ଆକ୍ରା ସମ୍ମିଳନୀ |
"प्रोद्भूत सामग्री, उपचित सामग्री",ଆକ୍ରୁଏଲ୍ |
"परसंस्कृति-ग्रहण, उत्संस्करण",ଆକଲଚ୍ୟୁଚର୍
एसेलडामा,ଆକେଲଡାମା |
एकियायी,ଆଖିଆନ୍ (= ଆଚିଆନ୍)
एकीयायी लीग,ଆଚିଆନ୍ ଲିଗ୍ (= ଆଚିଆନ୍ ଲିଗ୍)
एक्रोपोलिस,ଆକ୍ରୋପଲିସ୍ |
"शाही रोज़नामचा, दैनिक समाचार",ଆକ୍ଟା ଡିଆର୍ନା |
सीनेट का कार्यवृत्त,ଆକ୍ଟା ସେନାଟସ୍ |
"अपर प्रपत्र, एक्टे एडिशनेल",ଆକ୍ଟ ଆଡେଲ୍ |
सक्रिय रिकार्ड,ସକ୍ରିୟ ରେକର୍ଡ (= ସାମ୍ପ୍ରତିକ ରେକର୍ଡ)
अपकीर्त्ति अधिनियम,ଆଟେଣ୍ଡର୍ ଆକ୍ଟ |
दंड विमुक्ति एवं विस्मरण अधिनियम,କ୍ଷତିପୂରଣ ଏବଂ ବିସ୍ମୟର ନିୟମ |
"राज्य-व्यवस्था अधिनियम, एक्ट ऑफ सेटिलमेंट",ସମାଧାନ ନିୟମ
संविदा मुद्रा,ବିଜ୍ଞାପନ ଚୁକ୍ତି ସିଲ୍ |
आडुलम गुटवादी,ଆଡୁଲାମାଇଟ୍ସ |
विपक्षी,ଶତ୍ରୁ
2. शत्रु,ଶତ୍ରୁ
युग,ଆଓନ୍
इरेरियम,ଏରାରିୟମ୍ |
"आकाशी युद्ध, हवाई लड़ाई",ବାୟୁ ଯୁଦ୍ଧ |
"एटोलियन लीग, एटोलियायी संघ",ଆଟୋଲିଆନ୍ ଲିଗ୍ |
"काल, युग",ବୟସ
"काल-प्रभावन, जीर्णन",ବାର୍ଦ୍ଧକ୍ୟ (= ବାର୍ଦ୍ଧକ୍ୟ)
जीर्णन-प्रक्रिया,ବାର୍ଦ୍ଧକ୍ୟ ପ୍ରକ୍ରିୟା |
एजिलायी,ଆଗେଲାଇ |
शौर्य युग,Ival ିଭାଲିର ବୟସ |
"प्रबोध युग, ज्ञानोदय युग",ଜ୍ଞାନର ବୟସ |
पेरीक्लीज़ युग,ପେରିକଲ୍ସର ବୟସ |
तर्क प्रधान युग,କାରଣର ବୟସ |
भूमि सुधारवाद,କୃଷିବାଦ
भूमि सुधारवादी आंदोलन,କୃଷି ଆନ୍ଦୋଳନ |
एलबियन,ଆଲବିଅନ୍ |
अलबम,ଆଲବମ୍
"पौर मुख्य, विशिष्ट पौर, आल्‍डर्मन",ଆଲଡରମ୍ୟାନ୍ |
कुलांकित आयुध,ଭ୍ରାନ୍ତ ବାହୁ |
मैत्री,ବନ୍ଧୁତା
एम्फिकटिआनी परिषद,ଆମ୍ଫିକ୍ଟୋନିକ୍ ପରିଷଦ |
ऊपर देo : Amphictyonic Council,ଆମ୍ଫିକ୍ଟୋନିକ୍ ଲିଗ୍ |
"रंगवाट, रंगभूमि, अखाड़ा",ଆମ୍ଫିଥେଟର
(मृद्भांडों का) अमरीनाल वर्ग,ଅମ୍ରି ନାଲ୍ ଗୋଷ୍ଠୀ (କୁମ୍ଭାରର)
"काल-वैषम्य, काल-दोष",ଆନାକ୍ରୋନିଜିମ୍ |
काल-वैषम्ययुक्त,ଆନାକ୍ରୋନିଷ୍ଟିକ୍ |
पूर्वज,ପୂର୍ବପୁରୁଷ
पितृ-पूजा,ପୂର୍ବପୁରୁଷ ପୂଜା |
कुल-परंपरा,ପିତୃପୁରୁଷ
2. वंश,ପିତୃପୁରୁଷ
3. वंश-क्रम,ପିତୃପୁରୁଷ
4. उच्च कुल,ପିତୃପୁରୁଷ
"प्राचीन शासन-व्यवस्था, क्रांति पूर्व शासन-व्यवस्था",ପ୍ରାଚୀନ ଶାସନ
"पुरातन, प्राचीन",ପ୍ରାଚୀନ
प्राचीन गाथा,ପ୍ରାଚୀନ ବାଲାଡ୍ |
प्राचीन मत,ପ୍ରାଚୀନ ବିଶ୍ୱାସ
प्राचीन प्रथा,ପ୍ରାଚୀନ ପ୍ରଥା
प्राचीन हतिहास,ପ୍ରାଚୀନ ଇତିହାସ
प्राचीन स्मारक,ପ୍ରାଚୀନ ସ୍ମାରକୀ
उपाख्यान,ଉପନ୍ୟାସ
एन्जिलोट,ଆଞ୍ଜେଲଟ୍ |
देवदूत पूजा,ଆଞ୍ଜେଲସ୍ |
आन्जवै,ଆଞ୍ଜେଭିନ୍ (= ଆଞ୍ଜେଭିନ୍)
ऐन्गल्स,କୋଣ
आंग्लिक,ଅଙ୍ଗଲିକାନ୍ |
आंग्ल चर्च,ଅଙ୍ଗଲିକାନ୍ ଯୋଗାଯୋଗ |
आंग्ल चर्चवाद,ଅଙ୍ଗଲିକାନିଜିମ୍ |
आंग्ल विरोधी,ଆଙ୍ଗ୍ଲୋ-ଫୋବେ |
आंग्ल-दुर्भीति,ଆଙ୍ଗ୍ଲୋ-ଫୋବିୟା |
आंग्ल सैक्सन,ଆଙ୍ଗ୍ଲୋ-ସାକ୍ସନ୍ |
आंग्ल-सैक्सनवाद,ଆଙ୍ଗ୍ଲୋ-ସାକ୍ସୋନିଜିମ୍ |
"आख्यान-लेखक, आख्यानकार",ଆନ୍ନାଲିଷ୍ଟ |
"वर्षवृत्त, आख्यान, ख्यात",ବାର୍ଷିକ
"अधिनहन, मिला देना",ସଂଲଗ୍ନ
युद्ध पूर्व (स्थिति),ଆଣ୍ଟେ-ବେଲମ୍ |
"पूर्वतिथि-निर्धांरण, पूर्वकाल निर्धारण",ଆଣ୍ଟେ ତାରିଖ |
पादरी प्रथा विरोधी,ଧର୍ମ-ବିରୋଧୀ
पादरी प्रथा विरोधी विधान,ଧର୍ମ-ବିରୋଧୀ ନିୟମ
"पुरावशेष, पुरावस्तु",ପ୍ରାଚୀନତା
लगान-विरोधी,ଆଣ୍ଟି-ଭଡା
2. एन्टी रैन्ट पार्टी,ଆଣ୍ଟି-ଭଡା
"यहूदी विरोध, यहूदीवाद-विरोध, यहूदी विरोधवाद",ବିରୋଧୀ ଦଳ
ऐन्ज़ेक,ଅଞ୍ଜାକ |
नागरिक सभा,ଆପେଲା |
अरालू,ଅରୁଲୁ |
आर्च बिशप,ଆର୍ ବିଶପ୍ |
आर्च डची,ଆର୍ ଡୁଚି |
आर्च ड्यूक,ଆର୍ ଡ୍ୟୁକ୍ |
पुरालेख संग्रह,ଆର୍କିଫ୍ (= ଅଭିଲେଖାଗାର ସଂଗ୍ରହ)
महाधर्माध्यक्ष का पद,ଆର୍କିପିସ୍କୋପେଟ୍ |
अभिजाततंत्र,ଆଭିମୁଖ୍ୟ
अभिजात,ଆରିଷ୍ଟୋକ୍ରାଟ୍ |
अभिजातीय दंभ,ଆରିଷ୍ଟୋକ୍ରାଟ୍ ସ୍ନୋବେରୀ |
अरस्तूवादी,ଆରିଷ୍ଟୋଟେଲିଆନ୍ |
आर्मेडा,ଆର୍ମଡା |
स्पेन का आर्मेडा,ଆର୍ମଡା (= ସ୍ପାନିସ୍ ଆର୍ମଡା)
कवच-विशारद,ବାହୁବଳୀ (= ବାହୁବଳୀ)
"कवच, बख्तर, वर्म",ବାହୁବଳୀ (= ବାହୁବଳୀ)
अo देo armorist,ବାହୁବଳୀ |
आर्य,ଆର୍ଯ୍ୟନ୍
2. कुलीन,ଆର୍ଯ୍ୟନ୍
अस्कारी,ଆସ୍କାରି |
"आसिग्ना, भू-प्रतिभृत मुद्रा",ନ୍ୟସ୍ତ କରନ୍ତୁ |
अभिसत्र,Assize
2. विधिपृच्छा,Assize
3. अभिसत्राधिनियम,Assize
आयुध अभिसत्राधिनियम,ଆର୍ମସ୍ ଆକ୍ଟର ଆସାଇଜ୍ |
डारेन उपस्थापन अभिसत्राधिनियम,ଡାରେନ୍ ପ୍ରେଜେଣ୍ଟେସନ୍ ର ଆସାଇଜ୍ |
मृत पूर्वज अभिसत्राधिनियम,ମର୍ଟ &#39;ଡି&#39; ପୂର୍ବପୁରୁଷଙ୍କ ଅନୁଧ୍ୟାନ |
अभिनव अधिधारणोत्सादन अभिसत्राधिनियम,ନୋଭେଲ୍ ଡିସାଇସିନ୍ ର ଆସାଇଜ୍ |
नृशंसता,ଅତ୍ୟାଚାର
आक्रमण,ଆକ୍ରମଣ
"सर्वोच्च न्यायालय, ऑलिक काउन्सिल",ଆୟୁଲିକ୍ ପରିଷଦ |
गेडिस समाधान,ଗେଡିର କୁରା (ି (= ଗେଡି କୁରା) ି)
धुरी राष्ट्र,ଆକ୍ସିସ୍ (= ରୋମ୍-ବର୍ଲିନ୍-ଟୋକିଓ ଆକ୍ସିସ୍)
"बाबुल, बेबीलोन",ବାବିଲ
बेबीलोनी बंदीकरण,ବାବିଲର ବନ୍ଦୀତା (= ବାବିଲୋନ ବନ୍ଦୀ)
बाखुसी उपासक,ବ୍ୟାଚାନାଲ ଭକ୍ତ
मद्यपानोत्सव,ବ୍ୟାଚାନାଲିଆ |
युवा योद्धा,ଅବିବାହିତ
"बगदाद अनुबंध, बगदाद पैक्ट",ବାଗଦାଦ ଚୁକ୍ତି |
बाल्कन लीग,ବାଲକାନ୍ ଲିଗ୍ |
बाल्कन अनुबंध,ବାଲକାନ୍ ଚୁକ୍ତି |
बाल्कन युद्ध,ବାଲକାନ ଯୁଦ୍ଧ |
बाल्टिक अनुबंध,ବାଲ୍ଟିକ୍ ଚୁକ୍ତି |
दस्यु,ବୃନ୍ଦାବନ
बांडुंग सम्मेलन,ବୃନ୍ଦାବନ ସମ୍ମିଳନୀ |
"निर्वासन, देश-निकाला",ବହିଷ୍କାର |
"पताका, ध्वजा",ବ୍ୟାନର |
बर्बर,ବର୍ବର
कोट-घूँघट,ବାର୍ବିକାନ୍ |
बारदोली सत्याग्रह,ବାର୍ଡୋଲି ସତ୍ୟଗ୍ରାହ |
बार्न बर्नस,ବାର୍ ବର୍ନର୍ସ |
"बैरन, सामंत",ବରୁଣ |
बैरोनेज,ବରୁଣ
महासामंत,ବାରୋନସ୍ ମେଜୋରସ୍ |
लघु सामंत,ବାରୋନସ୍ ମାଇନୋରସ୍ |
सामंत पत्नी,ବରୁଣେସ୍ |
उपसामंत,ବରୁଣେଟ୍ |
उपसामंत वर्ग,ବରୁଣେଟେଜ୍ |
2. बैरोनेट वंशावली,ବରୁଣେଟେଜ୍ |
उपसामंत,ବାରୋନେଟସି |
बैरोनी,ବାରୋନି |
दास बंदीगृह,ବାରାକୁନ୍ |
2. दास-गृह,ବାରାକୁନ୍ |
अवरोध,ବ୍ୟାରିକେଡ୍ (= ବ୍ୟାରିକେଡୋ)
2. घिराव,ବ୍ୟାରିକେଡ୍ (= ବ୍ୟାରିକେଡୋ)
3. मोचबिंदी,ବ୍ୟାରିକେଡ୍ (= ବ୍ୟାରିକେଡୋ)
आधार शिबिर,ବେସ୍ କ୍ୟାମ୍ପ୍ |
वैसिलिका,ବେସିଲିକା |
2. सभा भवन,ବେସିଲିକା |
बैस्टील,ବସ୍ତିଲା |
बैस्टील,ବସ୍ତିଲ୍ |
2. कारागार,ବସ୍ତିଲ୍ |
तोपखाना,ବ୍ୟାଟେରୀ
"रण, समर, युद्ध",ଯୁଦ୍ଧ
रण-व्यूह,ବଟଲ୍-ଆରେ |
युद्ध-घोष,ଯୁଦ୍ଧ କାନ୍ଦ |
युद्ध कोलाहल,ଯୁଦ୍ଧ ଡିନ |
"रण भूमि, रण क्षेत्र, समरांगण",ଯୁଦ୍ଧ କ୍ଷେତ୍ର |
युद्ध-गान,ଯୁଦ୍ଧ ଭଜନ
एड़-युद्ध,ସ୍ପର୍ସର ଯୁଦ୍ଧ |
ध्वज-संग्राम,ମାନାଙ୍କ ଯୁଦ୍ଧ |
"रणपोत, जंगी जहाज़, संगरपोत",ଯୁଦ୍ଧ ଜାହାଜ |
"संगरपोत शक्ति, रणपोत-शक्ति",ଯୁଦ୍ଧ-ଶକ୍ତି |
बेयू चित्रपट,ବାୟକ୍ସ ଟେପେଷ୍ଟ୍ରି |
संकेत प्रकाश,ବିକନ୍ |
प्रकाश स्तंभ,ବିକନ୍ ଟାୱାର୍ |
मुखरक्षी,ବିଭର୍ |
2. बीवर सिक्का,ବିଭର୍ |
समुद्री बैगर,ସମୁଦ୍ରର ଭିକାରୀ |
युयुत्यु,ବେଲିକୋଜ୍ |
2. लड़ाकू,ବେଲିକୋଜ୍ |
3. युद्धप्रिय,ବେଲିକୋଜ୍ |
"युयुत्सा, युद्धप्रियता, लड़ाकूपन",ବେଲିକୋସିଟି |
बेलोना,ବେଲୋନା |
"मठवृत्ति, धमवृत्ति, पादरी की वृत्ति",ଉପକାର
पादरी-सुविधा,ପାଦ୍ରୀମାନଙ୍କର ଲାଭ
बेनीलक्स,ବେନେଲକ୍ସ |
"बर्लिन डिकी, बर्लिन निषेध",ବର୍ଲିନ୍ ଆଦେଶ |
"जुझारू योद्धा, नार्सी योद्धा",ବର୍ସରକର |
बजांत,ବେସାଣ୍ଟ (= ବେଜାଣ୍ଟ)
बैथेल,ବ Bethel ଥେଲ୍ |
ग्रंथ-पूजक,Bibliolater
ग्रंथपूजन,ଗ୍ରନ୍ଥସମୂହ
बिग बर्था,ବିଗ୍ ବର୍ଥା |
धर्मांध,ବିଗଟ୍ |
वासादेश,ବିଲିଂ
बिल ऑफ अटेन्डर,ଅଟ୍ଟାଇଣ୍ଡରର ବିଲ୍ |
अधिकार-पत्र,ଅଧିକାର ବିଲ୍ |
"जीवनीकार, चरित लेखक",ଜୀବନୀ
जातक कथाएँ,ଜନ୍ମ କାହାଣୀ |
पड़ाव,ବିଭିଆକ୍ |
2. रण-शिविर,ବିଭିଆକ୍ |
3. सैनिक पहरा,ବିଭିଆକ୍ |
बाइज़ोनिया,ବିଜୋନିଆ |
अवैध दास आयात,କଳା ପକ୍ଷୀ
काला झंडा,କଳା ପତାକା
काल-कोठरी,ବ୍ଲାକ୍ ହୋଲ୍ |
2. ब्लैक होल,ବ୍ଲାକ୍ ହୋଲ୍ |
"गद्दार, द्रोही",କଳା ଗୋଡ (= ସ୍କାବ)
"ब्लैक शर्ट, काली कुर्ती दल",କଳା ସାର୍ଟ |
कुल चिह्र,ବ୍ଲାଜନ୍
2. कुल चिह्र अंकन,ବ୍ଲାଜନ୍
कुल-चिह्रांकन कला,ବ୍ଲାଜୋନ୍ରି |
2. कलात्मक प्रदर्शन,ବ୍ଲାଜୋନ୍ରି |
"तड़ित युद्ध, तूफानी हमला",ବ୍ଲିଟ୍ସ୍କ୍ରିଗ୍ |
"गौरवमय क्रांति, रक्तहीन क्रांति",ରକ୍ତହୀନ ବିପ୍ଳବ (= ଗ or ରବମୟ ବିପ୍ଳବ)
"रक्तपात देय, खून की कीमत, रक्तपात दण्ड",ରକ୍ତଚାପ
खूनी मेरी (सन् - ईo),ରକ୍ତାକ୍ତ ମରିୟମ |
ब्लू,ନୀଳ
"आभिजात्य, कुलीनता",ନୀଳ ରକ୍ତ
"नीली पुस्तिका, सरकारी रिपोर्ट, ब्लू बुक",ନୀଳ ପୁସ୍ତକ |
"नीला फीता, ब्लू रिबन",ନୀଳ ରିବନ୍ |
2. सर्वोच्च सम्मान,ନୀଳ ରିବନ୍ |
राजकीय रक्षक,ବ୍ଲୁଜ୍ (= ରୟାଲ୍ ଘୋଡା ଗାର୍ଡ)
नीली कुर्ती दल (इटली),ନୀଳ ସାର୍ଟ |
नौसेना समर्थक,ନୀଳ ଜଳ ବିଦ୍ୟାଳୟ |
"संचालन-मंडल, संचालन-बोर्ड, नियंन्त्रण मंडल",ନିୟନ୍ତ୍ରଣ ବୋର୍ଡ |
"वर्म, जिरह-बख्तर",ଶରୀରର ଅସ୍ତ୍ରଶସ୍ତ୍ର |
बूर,ବୋଇର୍
लूट का माल,ବୁଟି
बरो,ବୋରୱୋ |
सीनेट सदन,ବୁଲୁଟେରିଅନ୍ |
बूर्बा,ବୋର୍ବନ୍ |
बॉक्सर विद्रोह,ବକ୍ସର ବିଦ୍ରୋହ |
भुज कवच,ବନ୍ଧନୀ
बाहु पट्टिका,ପିତ୍ତଳ |
"2. भुज बंध, भुज कवच",ପିତ୍ତଳ |
बहुधान्यक प्रदेश,ରୁଟି କଲୋନୀ |
"वक्षस्त्राण, उरस्ताण",ସ୍ତନ ପ୍ଲେଟ୍ |
आवक्ष भित्ति,ସ୍ତନ କାମ
"ब्रेटवाल्डा, ब्रिटनों का अधिपति",ବ୍ରେଟୱାଲଡା |
बटमार,ବ୍ରିଗାଣ୍ଡ୍ |
"बटमारी, लुंठन, राहजनी",ବ୍ରିଗେଣ୍ଡେଜ୍
"ब्रिटिश कॉमनवेल्य, राष्ट्रमंडल",ବ୍ରିଟିଶ୍ କମନୱେଲଥ୍ ଅଫ୍ ନେସନ୍ସ |
"ब्राउन शर्ट्स, भूरी कुर्ती दल",ବ୍ରାଉନ୍ ସାର୍ଟ (= ନାଜି)
ब्रुसेल्स संधि संगठन,ବ୍ରୁସେଲ୍ସ ଚୁକ୍ତି (ଚୁକ୍ତି) ସଂଗଠନ (= ପଶ୍ଚିମ ୟୁରୋପୀୟ ୟୁନିଅନ୍)
महिष चर्म,ବଫ୍ |
2. लघु कोट,ବଫ୍ |
बफ़-कोट,ବଫ୍-କୋଟ୍ |
बफ़-रेज़िमेंट,ବଫସ୍ |
ब्यूल,ବୁଲେ (= ପରିଷଦ)
पट्टेदारी,ବନ୍ଧକ
पौर प्रतिनिधि,ବରଗଡ |
बाईजेन्टिनी,ବାଇଜାଣ୍ଟାଇନ
बाइजेन्टिनी गिरजाघर,ବ yz ଜୟନ୍ତ ଚର୍ଚ୍ଚ
बाइजेन्टिनी साम्राज्य; पूर्वी रोम साम्राज्य,ବ yz ଜୟନ୍ତ ସାମ୍ରାଜ୍ୟ |
बाइजेन्टिनी संवत्,ବାଇଜାଣ୍ଟାଇନ ଯୁଗ
बाइजेन्टिनी इतिहासकार,ବ yz ଜୟନ୍ତ histor ତିହାସିକମାନେ |
"काबेल, षडयंत्रकारियों का गुट",କ୍ୟାବଲ୍ |
सीज़रतंत्र,କେଜରିଜିମ୍ |
खलीफ़ा,ଖଲିଫ୍ |
"खुशनवीस, सुलेखक",କଲିଗ୍ରାଫର୍ |
सुलेख-विशारद,କଲିଗ୍ରାଫିଷ୍ଟ |
सुलेख,କାଲିଗ୍ରାଫି |
कैल्ट्रॉप,କାଲ୍ଟ୍ରପ୍ |
सौहार्द,କାମାଡେରି |
लघु कक्ष,କାମାରିଲା |
2. षाड्यंत्रिक,କାମାରିଲା |
(पोप का) मुकुट,କାମେଲାକମ୍ |
"छद्मावरण, छद्म गोपन",କାମୁଫ୍ଲେଜ୍ |
अभियान,ଅଭିଯାନ |
लश्करी; शिविरानुचर,କ୍ୟାମ୍ପ ଅନୁସରଣକାରୀ |
गिरजा क़ब्रिस्तान,କ୍ୟାମ୍ପୋ ସାଣ୍ଟୋ |
कैंपस मारशियस,କ୍ୟାମ୍ପସ୍ ମାର୍ଟିସ୍
"कान्फोरा, डलियावाली",କାନେଫୋରା |
कैंग; काष्ठबंध,କଙ୍ଗୁ
गोलाबारी,କାନନେଡ୍ |
"युद्ध-बलि, तोपचारा",ତୋପ ଖାଇବା |
धर्म-सूत्र,କାନନ୍ |
"चर्च क़ानून, ईसाई धर्म-नियम, धमनियम",କାନନ୍ ନିୟମ |
"कैनोपेस आज्ञप्ति, कैनोपस डिक्री",କାନୋପସ୍ ଆଦେଶ |
"चिह्रित शस्त्र, चिह्रित आयुध",ବାହୁବଳୀ
बंदी,ବନ୍ଦୀ
बंदीकर्त्ता,କ୍ୟାପ୍ଟର
कार्डिनल,କାର୍ଡିନାଲ୍ |
कार्ल,କାର୍ଲ |
कैरोलिन्जी राजवंश,କାରୋଲିଙ୍ଗିଆନ୍ ରାଜବଂଶ |
कारथूसी संप्रदाय,କାର୍ଟୁସିଆନ୍ ସମ୍ପ୍ରଦାୟ |
कारथूसी मठ,କାର୍ଟୋସା |
"किलेदार, कोटपाल",କାଷ୍ଟେଲିଆନ୍ |
2. केस्टेलन,କାଷ୍ଟେଲିଆନ୍ |
वर्ण-व्यवस्था,ଜାତି ପ୍ରଣାଳୀ |
() दुर्ग,ଦୁର୍ଗ
(2) गढ़ी,ଦୁର୍ଗ
दुर्ग-नगर,ଦୁର୍ଗ ସହର
कैस्ट्रा,କାଷ୍ଟ୍ରା |
2. रोमन शिविर,କାଷ୍ଟ୍ରା |
पादरी का सिंहासन,କ୍ୟାଥେଡ୍ରା |
मुख्य गिरजाघर,କ୍ୟାଥେଡ୍ରାଲ୍ |
केटो स्ट्रीट षडयंत्र,କାଟୋ ଷ୍ଟ୍ରିଟ୍ ଷଡଯନ୍ତ୍ର |
कॉडिलो,କାଉଡିଲୋ |
() कैवेलियर,କାଭାଲିଅର୍ |
(2) घुड़सवार,କାଭାଲିଅର୍ |
कैवेलियर पार्लियामेंट,କାଭାଲିଅର୍ ସଂସଦ |
"पक्ष-त्यागी गुट, आडुलम गुट",ଅଦୁଲ୍ଲାମର ଗୁମ୍ଫା |
"गुहा-चित्रकारी, गुहा-चित्रण",ଗୁମ୍ଫା ଚିତ୍ର
2. गुहा-चित्र,ଗୁମ୍ଫା ଚିତ୍ର
सेन्टुमविर,Centumvir
सेंचुरियन,ସେଞ୍ଚୁରିଅନ୍ |
"शताब्दी, सदी, शती",ଶତାବ୍ଦୀ
"जिरह-बख्तर, श्रृंखला-कवच",ଶୃଙ୍ଖଳା ବାହୁବଳୀ (= ଶୃଙ୍ଖଳା ମେଲ୍)
"समर्पित मंदिर, समर्पित पूजागृह",ଚାନ୍ଟ୍ରି |
2. समर्पित धर्मदास,ଚାନ୍ଟ୍ରି |
चैप पुस्तिका,ଅଧ୍ୟାୟ ପୁସ୍ତକ
"धर्माधिकारी, चैपलिन",ଚାପଲେନ୍ |
पादरी मंडल,ଅଧ୍ୟାୟ
सांयोगिक दुर्घटनाएँ,ଦୁର୍ଘଟଣାର ଅଧ୍ୟାୟ |
कीतिंचिह्र,ଚାର୍ଜ
"कार्यदूत, दूत-कार्यकारी",ଡିଫେୟାର୍ ଚାର୍ଜ କରନ୍ତୁ |
विदाई परामर्श,ଚାର୍ଜ ବିଭାଜନ |
युद्धाश्व,ଚାର୍ଜର
विजय रथ,ରଥ
रथारोही,ରଥ
2. रथी,ରଥ
3. सारथी,ରଥ
"अन्नसत्र, लंगर",ଚାରିଟି ରୋଷେଇ ଘର |
"अधिकार-पत्र, चार्टर",ଚାର୍ଟର୍
चार्टिस्ट आंदोलन,ଚାର୍ଟିଷ୍ଟ ଆନ୍ଦୋଳନ (= ଚାର୍ଟିଜିମ୍)
"अभिलेख-कक्ष, अभिलेख-प्रकोष्ठ",ଚାର୍ଟୋଫିଲାସିୟମ୍ |
"सामंत गढ़ी, शातो",Chateau |
पड़ताल चौकी,ପୋଷ୍ଟ ଯାଞ୍ଚ କରନ୍ତୁ |
रासायनिक युद्ध,ରାସାୟନିକ ଯୁଦ୍ଧ |
दुर्ग-नगर,ଚେଷ୍ଟର୍ |
सरदार,ମୁଖ୍ୟ
सरदार,ମୁଖିଆ
2. सामंत,ମୁଖିଆ
3. राजा,ମୁଖିଆ
"जालांशुक, जालीदार कपड़ा, शिफान",ଚିଫନ୍ |
शौर्य,ପ୍ରତିଦ୍ୱନ୍ଦ୍ୱିତା |
यहूदी लोग,ମନୋନୀତ ଲୋକ
दिव्यवाणी कक्ष प्रवचन कक्ष,କ୍ରିସମୋଗ୍ରାଫିନ୍ |
ईसाई जगत,ଖ୍ରୀଷ୍ଟଧର୍ମ
ईसवी काल,ଖ୍ରୀଷ୍ଟିଆନ ଯୁଗ |
ईसाई समाजवाद,ଖ୍ରୀଷ୍ଟିଆନ ସମାଜବାଦ |
इतिवृत्त,ଇତିହାସ
इतिवृत्तकार,କ୍ରୋନିକଲର୍
स्वर्ण-भूमि,କ୍ରିସ୍ ଚେରସୋନିସ୍ |
रत्न-कक्ष,ସିମେଲିୟମ୍ |
सोलहवीं शती की शैली,ସିନକେସେଣ୍ଟୋ ଷ୍ଟାଇଲ୍ |
परिनौचालन,ସର୍କୁନାଭିଗେସନ୍ |
सिस्तर्शी साधु,ସିଷ୍ଟର୍ସିଆନ୍ ମାଙ୍କଡ |
"दुर्ग, गढ़ी",ସୀତା
() प्रशस्ति,ଉଦ୍ଧୃତ
(2) उपस्थिति सूचना,ଉଦ୍ଧୃତ
सविनय अवज्ञा (आन्दोलन),ନାଗରିକ ଅବମାନନା |
गृह-युद्ध,ଗୃହଯୁଦ୍ଧ |
रोमन नागरिक,ସିଭିସ୍ ରୋମାନସ୍ |
"कलासिकी युग, श्रेण्य युग",ଶାସ୍ତ୍ରୀୟ ବୟସ |
बटमार,କ୍ଲିଫ୍ଟ (= କ୍ଲେଫ୍ଟ)
"पादरीवाद, पुरोहितवाद",ଧର୍ମ ଧର୍ମ
"भूग्राही, क्लेरुक",କ୍ଲାରଚ
क्लूनी आंदोलन,କ୍ଲୁନିୟକ୍ ଗତିବିଧି |
"कवच, जिरह-बख्तर",କୋଟ ବାହୁ
कुलांक,କୋଟ୍
2. आयुधांक,କୋଟ୍
3. अस्त्र-ध्वजादि-चित्रण,କୋଟ୍
"कवच, जिरह-बख्तर, अंगत्राण",କୋଟ୍ ମେଲ୍ |
कोहॉर्ट,କୋହର୍ଟ |
कोमिशिया,Comitia
कोमिशिया सेंतुरियाता,Comitia Centuriata
कोमिशिया क्यूरिआता,Comitia Curiata
कोमिशिया ट्रिब्यूता,Comitia Tributa
स्मारक तोरण,ସ୍ମରଣୀୟ ଆର୍
स्मारक सिक्का,ସ୍ମରଣୀୟ ମୁଦ୍ରା
स्मारक मुहर,ସ୍ମରଣୀୟ ସିଲ୍ |
सार्वजनिक भूमि,ସାଧାରଣ କ୍ଷେତ୍ର |
कम्यूनार्ड,କମ୍ୟୁନାର୍ଡ |
समझौता,କନକର୍ଡେଟ୍ |
2. धर्म-संधि,କନକର୍ଡେଟ୍ |
कंदोत्यर,କଣ୍ଡୋଟିଅର୍ |
"अधिकार-पत्र की पुष्टि, चार्टर-पुष्टि",ନିଶ୍ଚିତକରଣ କାର୍ଟାରମ୍ |
संघर्ष,ଦ୍ୱନ୍ଦ୍ୱ |
धर्म-संगति,ମଣ୍ଡଳୀ
विजेता राज्य,ରାଜ୍ୟ ଜିତିବା |
विजेता,ଜୟ
"वर्षक वीर, अत्याचारी विजेता",କନକ୍ୟୁଷ୍ଟାଡର୍ |
राजपरिषद्,କନସିଲିୟମ୍ |
"चर्च न्यायालय, काँसिस्टरी",ସ୍ଥିର
षड़यन्त्र,ଷଡଯନ୍ତ୍ର
2. साजिश,ଷଡଯନ୍ତ୍ର
कांसुली शासन,କନସୁଲେଟ୍ |
परामर्श-पुस्तिका,କନସୁଲେସନ୍ ବୁକ୍ |
महाद्वीपीय व्यवस्था,କଣ୍ଟିନେଣ୍ଟାଲ୍ ସିଷ୍ଟମ୍ |
अनधिकृत आहूत पार्लियामेंट,ସମ୍ମିଳନୀ ସଂସଦ |
कापरहेड्स,କପରହେଡ୍ସ (= ଶାନ୍ତି ଗଣତାନ୍ତ୍ରିକ)
"पट्ट-भूमि, पट्टे पर मिली भूमि",କପିହୋଲ୍ଡ |
परिसीमन; घेरा डालना,କର୍ଡୋନିଂ |
"मुकुट, किरीट",କରୋନା |
राज्याभिषेक,କରୋନେସନ୍ |
"अभिषेकाश्म, अभिषेक-शिला",କରୋନେସନ୍ ପଥର |
(ग्रंथ) संग्रह,କର୍ପସ୍
"जलदस्यु, समुद्री डाकू",କର୍ସାୟର୍ |
2. दस्यु पोत,କର୍ସାୟର୍ |
"उरस्त्राण, वक्षस्त्राण",କର୍ସେଟ୍ (= କର୍ସଲେଟ୍)
"कार्टिज़, स्पेनी संसद",କର୍ଟସ୍ |
कुटी घर,କୁଟୀର (= କୁଟିଅର୍)
2. खिदमती काश्तकार,କୁଟୀର (= କୁଟିଅର୍)
काउन्ट पैलेटीनेट,ପାଲାଟିନେଟ୍ ଗଣନା କରନ୍ତୁ |
ग्राम्य आवास,ଦେଶ ଘର
काउन्टी,କାଉଣ୍ଟି |
काउन्टी बरो,କାଉଣ୍ଟି ବୋରୱେଲ |
काउन्टी न्यायालय,କାଉଣ୍ଟି କୋର୍ଟ |
काउन्टी रियासत,କାଉଣ୍ଟି ପାଲାଟାଇନ୍ |
दरबार,କୋର୍ଟ
2. राजसभा,କୋର୍ଟ
राजपरिपत्र,କୋର୍ଟ ସର୍କୁଲାର୍ |
"दरबारी शिष्टाचार, दरबारी अदब, दरबारी क़ायदा",କୋର୍ଟ ଶ iqu ଳୀ
"राजदरबारी, राजसभासद, मुसाहिब",କୋର୍ଟ
कोर्ट ऑफ कैसेशन,ଅଦାଲତ
"(ईस्ट इंडिया कंपनी का) निदेशक मंडल, कोर्ट ऑफ डायरेक्टर्स",କୋର୍ଟ ଅଫ୍ ଡାଇରେକ୍ଟର୍ସ (EIC)
"(ईस्ट इंडिया कंपनी का) स्वामी मंडल, कोर्ट ऑफ प्रोप्राइटर्स",ମାଲିକଙ୍କ କୋର୍ଟ
राजकवि,କୋର୍ଟ କବି
प्रसंविदाकारी केमेरोनपंथी,ଚୁକ୍ତିଭିତ୍ତିକ କାମେରୋନିଆନ୍ |
"राजा, क्राउन",ମୁକୁଟ |
2. (क) ताज,ମୁକୁଟ |
(ख) मुकुट,ମୁକୁଟ |
"खालसा, राजभूमि",ମୁକୁଟ ଜମି |
2. संघ राज्य,ମୁକୁଟ ଜମି |
युवराज,କ୍ରାଉନ୍ ପ୍ରିନ୍ସ |
"धर्मयुद्ध, जिहाद",କ୍ରୁସେଡ୍ |
धर्म-योद्धा,କ୍ରୁସେଡର୍ |
"गुप्त लेख, छद्म लेख, गुप्त संदेश, कूट लेख, कूट संदेश, छद्म संदेश",କ୍ରିପ୍ଟୋଗ୍ରାମ୍ |
"वक्षस्त्राण, जिरहबख़्तर",କୁଇରାସ୍ |
"चर्म कवचधारी, अश्वारोही",କୁଇରାସିଅର୍ |
संप्रदाय देवता,ଦେବତା ସଂସ୍କୃତି
"क्यूरिया, सभा-भवन, परिषद",କୁରିଆ
2. रोम का सीनेट भवन,କୁରିଆ
जारशाही,ରାଜା
अंध महाद्वीप,ଅନ୍ଧାର ମାଳଦ୍ୱୀପ |
प्रलय-दिवस,ବିଚାର ଦିନ
2. क़यामत का दिन,ବିଚାର ଦିନ
"डीन, अधिष्ठाता",ଡିନ୍
जशक,ଦଶନ୍ଧି
दीनार,ଡେନାରିୟସ୍ |
सिंहासनच्युत राजा,ବିତାଡିତ ରାଜତନ୍ତ୍ର |
विलुंठन,ଲୁଟ
"अपहरण, लूट-खसोट",ବିଚ୍ଛିନ୍ନତା |
गद्दी से उतारना,ଡେଥ୍ରୋନ୍ |
राजमुकुट,ଡାଏଡେମ୍ |
2. किरीट,ଡାଏଡେମ୍ |
3. राजचिह्र,ଡାଏଡେମ୍ |
डायेसिया,ଡିଆସିଆ
न्यायालय,ଡିକାଷ୍ଟେରିୟମ୍ |
जलप्रलयवादी,ଦିଲୁଭିଆଲିଷ୍ଟ |
बिशप-क्षेत्र,ଡ଼ିଓସିସ୍
2. डायोसीज़,ଡ଼ିଓସିସ୍
क्रांतिकारी कार्यकारिणी,Directoire (= Directry)
2. दायरोक्तायर,Directoire (= Directry)
दिरहम,ଦିରହମ୍ |
निष्ठाहीन,ଅବିଶ୍ୱାସୀ |
2. देशद्रोही,ଅବିଶ୍ୱାସୀ |
"राज्य-अपहरण नीति, राज्यलय-नीति",ତ୍ୟାଗ
"प्रलेख, दस्तावेज़",ଡକ୍ୟୁମେଣ୍ଟ୍
"दस्तावेज़ी साक्ष्य, प्रलेखी साक्ष्य",ଡକ୍ୟୁମେଣ୍ଟାରୀ ପ୍ରମାଣ |
"अंतिम निर्णय पुस्तक, क़यामत के दिन की पुस्तक",ଡୋମେସ୍ ବୁକ୍ |
कॉन्सटेन्टाइन का दान,କନଷ୍ଟାଣ୍ଟିନର ଦାନ |
"विधि, क़ानून",ନିପାତ |
राजमाता,ଡାଉଜର୍ ରାଣୀ |
"ड्रेगून, घुड़सवार",ଡ୍ରାଗନ୍ |
साँडनी सवार,ଡ୍ରୋମେଡାରିଆନ୍ |
"साँडनी, मादा ऊँट",ଡ୍ରୋମେଡାରୀ |
महा नौका,ଡ୍ରୋମଣ୍ଡ |
द्वंद्व युद्ध,ଡୁଆଲ୍ |
"डुअल अलाएँस, दोहरी संधि",ଦ୍ୱ ual ତ ମିଳିତତା |
ड्यूल आँताँत,ଡୁଆଲ୍ ଏଣ୍ଟେଣ୍ଟେ |
"दोहरा शासन, दुहरी सरकार, द्वैध शासन",ଡୁଆଲ୍ ସିଷ୍ଟମ୍ (= ଦ୍ୱ ual ତ ସରକାର)
ड्यूक,ଡ୍ୟୁକ୍ |
ड्यूमा,ଡୁମା
वामन अवतार,ବାଘ ଅବତାର |
वंश,ରାଜବଂଶ
2. राजवंश,ରାଜବଂଶ
गरूड़,ଇଗଲ
एल्डरमेन,ଏଲଡର୍ ମ୍ୟାନ୍ |
अर्ल,କର୍ଣ୍ଣ
"अर्लपद, अर्लक्षेत्र",Earldom
"पूर्व गुप्त वंश, पूर्व गुप्त वंशीय राजा",ପ୍ରାରମ୍ଭିକ ଗୁପ୍ତା |
पूर्वकालीन (ऐतिहासिक) स्थल,ପ୍ରାରମ୍ଭିକ (histor ତିହାସିକ) ସାଇଟଗୁଡିକ |
पूर्व वैदिक काल,ପ୍ରାରମ୍ଭିକ ବ ed ଦିକ ଅବଧି |
नागरिक सभा,ଉପଦେଶ
"प्रत्यास्थापन धर्मादेश, प्रत्यास्थापनराजादेश, एडिक्ट ऑफ रेस्टिट्यूशन",ପୁନ it ଉଦ୍ଧାରର ଆଦେଶ |
अष्टांगिक मार्ग,ଆଠ ଗୁଣା ପଥ |
"चर्च अधिकारी, गिरजाधिकारी, प्रेसबीटर",ପ୍ରାଚୀନମାନେ
वयोवृद्ध राजविद्,ବୟସ୍କ ରାଜ୍ୟସ୍ତରୀୟ (= ଜେନ୍ରୋ)
अंकुश,ହାତୀ ଛେଳି |
"ग्यारह वर्ष का आतंक राज्य, एकादश वर्षीय आतंक राज्य",ଏକାଦଶ ବର୍ଷର ଅତ୍ୟାଚାର |
एलीजे,ଏଲିସା (= ଏଲିସି)
बाड़ाबंदी आंदोलन,ଏନକ୍ଲୋଜର ଆନ୍ଦୋଳନ |
पोप-परिपत्र,ଏନସାଇକ୍ଲିକ୍ |
विश्वकोशकार आंदोलन,ଏନସାଇକ୍ଲୋପେଡିଷ୍ଟ ଆନ୍ଦୋଳନ |
"आंतांत, सौहार्द",ଏଣ୍ଟେଣ୍ଟେ |
"दृढ़ सौहार्द, आंतांत कार्दिआल",ଏଣ୍ଟେଣ୍ଟେ କର୍ଡିଆଲ୍ |
राज्यारोहण,ଏଣ୍ଟ୍ରୋନ୍ |
"परिचारक गण, परिचर",ଭ୍ରମଣ
"वस्त्र, परिधान",ଏଫୋଡ୍
"दंडाधीश, एफोर",ଇଫୋର |
वीरयुग,ଏପିକ୍ ବୟସ |
महाकाव्य-नायक,ଏପିକ୍ ହିରୋ |
पुरालेख,ଏପିଗ୍ରାଫ୍ |
बिशपतंत्र,Episcopacy
विशप-पीठ,Episcopate |
घटना,ଏପିସୋଡ୍
युग,ଯୁଗ
युगांतरकारी घटना,ଯୁଗ ତିଆରି ଇଭେଣ୍ଟ |
युग-प्रवर्तक व्यक्ति,ଯୁଗ ସୃଷ୍ଟି କରୁଥିବା ବ୍ୟକ୍ତି |
नाम-स्रोत,ଉପନାମ
अश्वपाल,ସମୀକରଣ
2. एक्यरी,ସମୀକରଣ
अश्वारोही मूर्ति,ଅଶ୍ୱିନୀ ମୂର୍ତ୍ତି |
"काल, संवत्",ଯୁଗ
दास-कारागार,ଏରଗାଷ୍ଟୁଲମ୍ |
यूखेरिस्त,ଇଉକାରିଷ୍ଟ |
"शुभ संदेशवाद, इंजीलवाद",ସୁସମାଚାର
इंजीली आंदोलन,ସୁସମାଚାର ଆନ୍ଦୋଳନ |
"इंजीली प्रचारक, इंजीलवादी",ସୁସମାଚାର ପ୍ରଚାରକ |
एक्सार्क,Exarch
"निष्कासितों का शासक, निर्वासितों का शासक",Exilarch
फैलेंजवादी,ଫାଲାଙ୍ଗିଷ୍ଟ |
() पितृभूमि,ପିତା ଭୂମି |
(2) स्वदेश,ପିତା ଭୂମି |
पर्व,ଫେରିଆ |
जड़-पूजा,ଫେଟିଶ୍ |
सामंती-क्षेत्र,ସାମାଜିକ ହୋଲ୍ଡିଂ |
"सामंतवाद, सामंतशाही",ସାମ୍ରାଜ୍ୟବାଦ (= ସାମ୍ରାଜ୍ୟ ପ୍ରଣାଳୀ)
सामंती व्यवस्था,ସାମ୍ରାଜ୍ୟ ବ୍ୟବସ୍ଥା |
सामंत,ବିବାଦୀୟ |
धर्मत्राता,ଫିଡେ ଡିଫେନ୍ସର୍ (= ବିଶ୍ୱାସର ଡିଫେଣ୍ଡର)
जागीर,ଫିଫ୍ |
क्षेत्र-व्यवस्था,ଫିଲ୍ଡ ସିଷ୍ଟମ୍ |
पंचदशांश कर,ପ te ୍ଚଦଶ କର |
नाम मात्र का अध्यक्ष,ଚିତ୍ର ମୁଣ୍ଡ
अवसानमुखी शताब्दी,ଫିନ୍ ଡି ସାଇକେଲ୍ |
फायर ईटर,ଅଗ୍ନି ଭୋଜନକାରୀ |
पाँच मील अधिनियम,ପାଞ୍ଚ ମାଇଲ୍ ଆକ୍ଟ |
"पताका, ध्वज",ପତାକା
जुपिटर के पुजारी,ଫ୍ଲେମେନ୍ ଡାଏଲିସ୍ |
मार्स के पुजारी,ଫ୍ଲେମେନ ମାର୍ଟିଆଲିସ୍ |
"दीप्त शिला, जलती मशाल",ଜ୍ୱଳନ୍ତ ମଶାଲ |
"पार्श्व, बाजू",ଫାଙ୍କା
"तुलुग़मा, पार्श्वग्राह",ଫ୍ଲାଙ୍କିଙ୍ଗ୍ ଗତି
उन्नतिशील सभ्यता,ସମୃଦ୍ଧ ସଭ୍ୟତା |
नदी संबंधी विश्वास,ଫ୍ଲୁଭିଆଲିଷ୍ଟିକ୍ ବିଶ୍ୱାସ |
"लोक-देवता, जन-देवता",ଲୋକ ଭଗବାନ |
जन-देवी,ଲୋକ ଦେବୀ
लोक-स्मृति,ଲୋକ ସ୍ମୃତି
लोक कथा,ଲୋକ ପୁରାଣ (= ଲୋକନୃତ୍ୟ)
रसदमारी धावा,ଚୋରାଚାଲାଣ |
धावा,ଅଗ୍ରଗାମୀ |
"पुरखा, पूर्वज",ଅଗ୍ରଗାମୀ |
"पूर्वज, पुरखा",ପୂର୍ବଜ
पूर्वगामी,ଅଗ୍ରଗାମୀ |
"जोखिम दल, अग्रदल",ଭରସା
निर्माण-अवस्था,ଗଠନମୂଳକ ପର୍ଯ୍ୟାୟ |
"किला, दुर्ग, गढ़",ଦୁର୍ଗ
क़िलाबंदी,ଦୁର୍ଗ
"प्राचीरयुक्त नगर, परकोटेवाला नगर",ଦୁର୍ଗ ସହର
"दुर्ग, कोटला, गढ़ी",ଦୁର୍ଗ
फॉर्चूना,ଫର୍ଚୁନା
रोमन फोरम,ଫୋରମ୍ ରୋମାନମ୍ |
फ्रांसिस श्रमण,ଫ୍ରାନ୍ସିସ୍କାନ୍ |
मध्यवर्गीय ज़मींदार,ଫ୍ରାଙ୍କଲିନ୍ |
भ्रातृघातक युद्ध,ଭ୍ରାତୃ ଯୁଦ୍ଧ |
"स्वतंत्र चर्च, अबद्ध गिरजा",ମୁକ୍ତ ଚର୍ଚ୍ଚ
"उन्मुक्त भूमिधर, स्वतंत्र माफीदार",ମୁକ୍ତଧାରୀ
() शस्त्रोपजीवी सैनिक,ଫ୍ରିଲାନ୍ସ ସ soldier ନିକ |
(2) स्वच्छंद सैनिक,ଫ୍ରିଲାନ୍ସ ସ soldier ନିକ |
() स्वाधीन नागरिक,ଫ୍ରିମାନ୍
(2) पर्ण नागरिक,ଫ୍ରିମାନ୍
दस्तक,ଫ୍ରିପାସ୍ |
फ्रांसीसी क्रांति,ଫରାସୀ ବିପ୍ଳବ |
भिक्षु,ଫ୍ରିୟାର୍ |
फ्रिजी भृतक सैनिक,ଫ୍ରାସିଆନ୍ ଭିକାରୀ
सीमांतवासी व्यक्ति,ସୀମାନ୍ତ ମଣିଷ |
"दीर्घ नौपोत, दीर्घ नौका",ଗାଲେନ୍ |
"फ्राँसीसी, गॉलीय व्यक्ति",ଗାଲିକାନ୍ (= ଗାଲିକାନିଷ୍ଟ)
गैलीयवाद,ଗାଲିକାନିଜିମ୍ |
"दुर्ग सेना, गैरिसन",ଗ୍ୟାରିସନ୍ |
गॉल,ଗଲ୍ |
"() लौह हस्तक, धातु का दस्ताना",ଗାଣ୍ଟଲେଟ୍ |
(2) हस्त-कवच,ଗାଣ୍ଟଲେଟ୍ |
() सावन-भादों,ଗେଜେବୋ |
(2) धारागृह,ଗେଜେବୋ |
(3) झरोखा,ଗେଜେବୋ |
वंशावली-इतिहास,ବଂଶାନୁକ୍ରମିକ ଇତିହାସ |
"वंशावली-इतिहास, वंशावली अभिलेख",ବଂଶାନୁକ୍ରମିକ ରେକର୍ଡ |
"वंशसारणी, वंशावली",ବଂଶାନୁକ୍ରମିକ ସାରଣୀ |
वंश-वृक्ष,ବଂଶାନୁକ୍ରମିକ ବୃକ୍ଷ |
"वंशावली, वंश-वृक्ष",ବଂଶାନୁକ୍ରମିକ
2. वंशिकी,ବଂଶାନୁକ୍ରମିକ
पीढ़ी,ପି Generation ଼ି
"जन-संहार, जाति-संहार",ଜାତିସଂଘ
() सामान्य जन,ଅଣଯିହୂଦୀ
(2) गैर यहूदी,ଅଣଯିହୂଦୀ
(3) ईसाई,ଅଣଯିହୂଦୀ
(4) मूर्त‍ि पूजक,ଅଣଯିହୂଦୀ
"() घेटो, यहूदी बस्ती",ଘେଟୋ |
(2) पृथक बस्ती,ଘେଟୋ |
"टिकटी, फाँसी का तख्ता",ଗିବ୍ବେଟ୍ |
श्रेणी,ଗିଲ୍ଡ (= ଗିଲ୍ଡ)
"खड्गमल्ल, असिक्रीड़क",ଗ୍ଲାଡିଏଟର |
गौरवमय क्रांति,ଗ or ରବମୟ ବିପ୍ଳବ |
तातारी महासंघ,ସୁବର୍ଣ୍ଣ ହୋର୍ଡ଼ |
"यूरोपीय सहबंध, यूरोपीय संश्रय",ଗ୍ରାଣ୍ଡ୍ ଆଲାଏନ୍ସ |
अमीर,ଗ୍ରାଣ୍ଡି
() तुर्की का सुल्तान,ଗ୍ରାଣ୍ଡ୍ ସାଇନର୍ |
(2) महासामंत,ଗ୍ରାଣ୍ଡ୍ ସାଇନର୍ |
महा गृहयुद्ध,ମହାନ ଗୃହଯୁଦ୍ଧ |
(महात्मा बुद्ध का) महाभिनिष्क्रमण,ମହାନ ବିଦାୟ (ବୁଦ୍ଧଙ୍କ)
बृहत्तर भारत,ଗ୍ରେଟର ଭାରତ |
बृहत यूनान,ମହାନ ହେଲାସ୍ |
ग्रेट होर्ड,ମହାନ ହୋର୍ଡ
महाभिनिष्क्रमण,ମହାନ ତ୍ୟାଗ (= ମହାନ ବିଦାୟ)
"राज-मुद्रा, राजा की मुहर",ମହାନ ସିଲ୍ |
महाप्रवासन,ଗ୍ରେଟ୍ ଟ୍ରାକ୍ |
महायान,ମହାନ ଯାନ
"चीन की महाप्राचीर, चीन की विशाल दीवार",ଚାଇନାର ଗ୍ରେଟ୍ ୱାଲ୍ |
"पिंडलीत्राण, पिंडलीकवच",ଗ୍ରୀଭ୍ |
() रक्षक कक्ष,ରାକ୍ଷୀ-ଚାମ୍ବର |
(2) रक्षक चौकी,ରାକ୍ଷୀ-ଚାମ୍ବର |
(3) अस्थायी कारावास,ରାକ୍ଷୀ-ଚାମ୍ବର |
गुप्त वंश,ଗୁପ୍ତା
() संत चरित संग्रह,ହାଗିଓଗ୍ରାଫି |
(2) संत चरित लेखन,ହାଗିଓଗ୍ରାଫି |
() संत चरित,ହାଜିଓଲୋଜି |
(2) संत साहित्य,ହାଜିଓଲୋଜି |
दीवाने ख़ास,ବ୍ୟକ୍ତିଗତ ଦର୍ଶକଙ୍କ ହଲ୍ |
"दीवाने आम, आम दरबार",ଜନ ଦର୍ଶକଙ୍କ ହଲ୍ |
"शस्त्रांकित पट्टिका, कुल-चिह्नाँकित पट्टिका",ହ୍ୟାଚ୍
() अवधर्मी,ହେଥେନ୍ |
"(2) क़ाफिर, बुतपरस्त",ହେଥେନ୍ |
देव-पूजा,ହେଥେନିଜିମ୍ |
हिज़र,ହେଗିରା (ହେଜେରା)
यूनानी संस्कृति,ହେଲେନିଜିମ୍ |
"भूमिदास, दास",ହେଲଟ୍ |
कुल-चिह्रांकन कला,ହେରାଲ୍ଡ୍ରି |
विरासत,ହେରିଟେଜ୍
चित्रात्मक रेखीय अक्षर या प्रतीक,ହାଇରୋଗଲିଫିକ୍ ର line ଖ୍ୟ ବର୍ଣ୍ଣଗୁଡିକ |
चित्रात्मक लिपि,ହାଇରୋଗଲିଫିକ୍ ସ୍କ୍ରିପ୍ଟ |
हाई चर्च,ହାଇ ଚର୍ଚ୍ଚ
हाई लैन्डर,ହାଇ ଲ୍ୟାଣ୍ଡର୍ |
हिंदू धर्म,ହିନ୍ଦୁ ଧର୍ମ
() इतिहासज्ञ,Histor ତିହାସିକ
(2) इतिहासकार,Histor ତିହାସିକ
ऐतिहासिक भौतिकवाद,Histor ତିହାସିକ ବସ୍ତୁବାଦ |
ऐतिहासिक युग ऐतिहासिक काल,Histor ତିହାସିକ ଯୁଗ |
ऐतिहासिक सीमांत,Histor ତିହାସିକ ସୀମା
इतिहास-लेखक,ଇତିହାସକାର
2. इतिवृत्त लेखक,ଇତିହାସକାର
इतिहास-लेखनकला,ଇତିହାସ ଲିପି
2. इतिहास-लेखन,ଇତିହାସ ଲିପି
इतिहास,ଇତିହାସ
हित्ती साम्राज्य,ହିତ୍ତୀୟ ସାମ୍ରାଜ୍ୟ |
"पवित्र मैत्री, पवित्र सहबंध",ପବିତ୍ର ମିଳିତ ମଞ୍ଚ
"() पुण्य पुरी, पवित्र नगर",ପବିତ୍ର ସହର
(2) होली सिटी,ପବିତ୍ର ସହର
() पुण्य भूमि,ପବିତ୍ର ଭୂମି
(2) होली लैंड,ପବିତ୍ର ଭୂମି
"() होली लीग, पवित्र संघ",ହୋଲି ଲିଗ୍ |
"() सन्  से  ईo की अवधि में, पोप जूलियस द्वितीय (पदकाल सन् - ईo) ने फ्रांसिसियों को इटली से निष्कासित करने के उद्देश्य से इटली के नगर राज्य वेनिस को विजित कर और स्पेन के फर्डिनेन्ड (सन् - ईo) के साथ मिलकर पवित्र संघ की स्थापना की। आगे चलकर इंग्लैंड के राजा हेनरी अष्टम (सन् -) और सम्राट मैक्सिमिलियन प्रथम् (पदकाल सन् - ईo) भी संघ में सम्मिलित हो गए। हेनरी अष्टम् ने ‘एड़ युद्ध’ (बैटिल आफ द स्पर्स) में फ्रांसीसियों को पराजित किया और यह संघ भी उसी के साथ समाप्त हो गया।",ହୋଲି ଲିଗ୍ |
"पवित्र रोमन साम्राज्य, रोम का धर्म-राज्य",ପବିତ୍ର ରୋମାନ୍ ସାମ୍ରାଜ୍ୟ (= ସାମ୍ରାଜ୍ୟ)
() पोप का अधिकार-क्षेत्र,ପବିତ୍ର ସମୁଦ୍ର |
(2) धर्ममंडल,ପବିତ୍ର ସମୁଦ୍ର |
जिहाद,ପବିତ୍ର ଯୁଦ୍ଧ
2. धर्म-युद्ध,ପବିତ୍ର ଯୁଦ୍ଧ
बर्तानिया सरकार,ଗୃହ ସରକାର
"होम गार्ड, गृह रक्षक दल",ହୋମ ଗାର୍ଡ |
स्वदेश,ମାତୃଭୂମି |
स्वशासन,ଗୃହ ନିୟମ |
होम रूल,ଗୃହ ନିୟମ
ओर्दु,ହୋର୍ଡେ |
2. झुंड,ହୋର୍ଡେ |
विरोधी देश,ଶତ୍ରୁ ଦେଶ |
शत्रु-प्रदेश,ଶତ୍ରୁ ଭୂମି |
"क्षिप्र अनुघर्षण, सरगर्मी से पीछा करना",ଗରମ ଅନୁସରଣ
सदन,ଘର
2. घराना,ଘର
हाउस ऑफ कॉमन्स,ହାଉସ୍ ଅଫ୍ କମନ୍ସ
हाउस ऑफ लॉर्डस,ହାଉସ୍ ଅଫ୍ ଲର୍ଡସ୍ |
हाउस ऑफ रिप्रेजेन्टेटिव्स,ଲୋକସଭା
"हयूजिनात, फ्रांसीसी प्रोटेस्टैन्ट",ହୁଗୁଏନଟ୍ସ |
"मानवतावाद, मानवता",ମାନବବାଦ |
मानव (ता) वादी,ମାନବବାଦୀ |
शतवर्षीय युद्ध,ଶହ ଶହ ୟେସର ଯୁଦ୍ଧ |
"हंकर, अनुदारदली (य)",ହଙ୍କର୍ |
"इबादतखाना, उपासना-गृह",ଇବାଦତ ଖାନା (ପୂଜା ଘର)
"मूर्ति भंजक, बुतशिकन",ଆଇକନୋକ୍ଲାଷ୍ଟ |
मूर्त्तिपूजक,ପ୍ରତିମା
"इलाही संवत्, इलाही काल",ଇଲାହି ଯୁଗ |
अवैध युद्ध,ବେଆଇନ ଯୁଦ୍ଧ |
"अलंकृत पांडुलिपि, चमकदार पांडुलिपि",ଆଲୋକିତ ପାଣ୍ଡୁଲିପି
सचित्र पांडुलिपि,ଚିତ୍ରିତ ପାଣ୍ଡୁଲିପି |
2. सचित्र हस्तलेख,ଚିତ୍ରିତ ପାଣ୍ଡୁଲିପି |
इमाम,ଇମାମ (ଇମ୍ମାମ୍)
इमाम-राज्य,ଇମାମେଟ୍ |
2. इमाम पद,ଇମାମେଟ୍ |
इमामबाड़ा,ଇମମ୍ବର
"साम्राज्यिक, साम्राज्य संबंधी",ସାମ୍ରାଜ୍ୟ
साम्राज्यिक नगर,ସାମ୍ରାଜ୍ୟ ସହର |
साम्राज्यवाद,ସାମ୍ରାଜ୍ୟବାଦ |
साम्राज्यिक अधिमानात्मकता,ସାମ୍ରାଜ୍ୟ ପସନ୍ଦ |
दुःनीति,ଅପ୍ରାକୃତିକ |
झूठा दावेदार; प्रतारक,ଇମ୍ପୋଷ୍ଟର୍ |
कैद,କାରାଗାର
2. कारावास,କାରାଗାର
"क्षिप्र आक्रमण, अचानक हमला",ଆକ୍ରମଣ
"आक्रमणकारी, धावामार",ଅନୁପ୍ରବେଶକାରୀ |
स्वाधीनता,ସ୍ୱାଧୀନତା
स्वाधीनता-दिवस,ସ୍ବାଧୀନତା ଦିବସ
इंडिपेन्डेंस हाल,ସ୍ୱାଧୀନତା ହଲ୍
अमरीकी इंडियन,ଭାରତୀୟ ଆମେରିଆନ୍ (= ରେଡ୍ ଇଣ୍ଡିଆନ୍ = ଆମେରିକୀୟ ଭାରତୀୟ)
"भारतीय होम रूल लीग, इंडियन होम रूल लीग",ଇଣ୍ଡିଆନ୍ ହୋମ୍ ନିୟମ ଲିଗ୍ |
औद्योगिक क्रांति,ଶିଳ୍ପ ବିପ୍ଳବ |
"क़ाफिर, अविश्वासी",ଅବିଶ୍ୱାସୀ |
"2. क़ाफिर, विधर्मी",ଅବିଶ୍ୱାସୀ |
घुसपैठ,ଅନୁପ୍ରବେଶ
घुसपैठिया,ଅନୁପ୍ରବେଶକାରୀ |
ज्ञापक,ସୂଚନାଯୋଗ୍ୟ
2. भेदिया,ସୂଚନାଯୋଗ୍ୟ
सूचनादाता,ସୂଚନାଦାତା
2. मुखबिर,ସୂଚନାଦାତା
प्रवेश,ଅନୁପ୍ରବେଶ
2. अंतः प्रवेश,ଅନୁପ୍ରବେଶ
3. प्रवेशाधिकार,ଅନୁପ୍ରବେଶ
निवास,ବାସସ୍ଥାନ
निवासी,ନିବାସୀ
वंशागति,ଉତ୍ତରାଧିକାରୀ |
2. उत्तराधिकार,ଉତ୍ତରାଧିକାରୀ |
3. दाय,ଉତ୍ତରାଧିକାରୀ |
"उत्कीर्ण लेख, अभिलेख",ଲେଖା
लक्षण,ଇନସିନିୟା |
अधिमिलन-पत्र,ଯୋଗଦାନର ଯନ୍ତ୍ର
इन्स्ट्रूमेंट ऑफ गवर्नमेंट,ସରକାରଙ୍କ ଉପକରଣ
उपप्लव,ବିଦ୍ରୋହ (ବିଦ୍ରୋହ)
उपप्लवी,ବିଦ୍ରୋହୀ
विप्लव,ବିଦ୍ରୋହ
2. परिद्रोह,ବିଦ୍ରୋହ
"एकीकरण, समेकीकरण",ଏକୀକରଣ
अभिलेखों (रिकार्डों) की अविकलता,ରେକର୍ଡଗୁଡ଼ିକର ଅଖଣ୍ଡତା |
राज्यों की अखंडता,ରାଜ୍ୟଗୁଡ଼ିକର ଅଖଣ୍ଡତା |
बुद्धिजीवी वर्ग,ଇଣ୍ଟେଲିଜେଣ୍ଟିଆ (ଇଣ୍ଟେଲିଜେଣ୍ଟିଆ)
"अंतःस्थता, बीच-बचाव",ମଧ୍ୟସ୍ଥି |
अंतःस्थ,ମଧ୍ୟସ୍ଥି |
मध्यस्थ,ମଧ୍ୟସ୍ଥି |
अंतर्राष्ट्रीयता,ଆନ୍ତର୍ଜାତୀୟତା
"2. अंतर्राष्ट्रीयतावाद, अंतर्राष्ट्रवाद",ଆନ୍ତର୍ଜାତୀୟତା
"अंतर्राष्ट्रीयतावादी, अंतर्राष्ट्रवादी",ଆନ୍ତର୍ଜାତୀୟବାଦୀ |
अन्यान्यध्वंसी युद्ध,ଇଣ୍ଟର୍ନେସିନ୍ ଯୁଦ୍ଧ |
नज़रबंद व्यक्ति,ଇଣ୍ଟରନେଟ୍
2. स्थानबद्ध व्यक्ति,ଇଣ୍ଟରନେଟ୍
युद्धबंदी शिविर,ଇଣ୍ଟର୍ନି କ୍ୟାମ୍ପ
नज़रबंदी,ଇଣ୍ଟର୍ନେଟ୍
2. स्थानबद्धता,ଇଣ୍ଟର୍ନେଟ୍
3. नज़रबंदी का दंड,ଇଣ୍ଟର୍ନେଟ୍
अंतरनंसियों,ଇଣ୍ଟର୍ନିସିଓ |
दुभाषिया,ଅନୁବାଦକ
2. भाषान्तरकार,ଅନୁବାଦକ
3. व्याख्याकार,ଅନୁବାଦକ
"अंतः क्षेप, हस्तक्षेप",ହସ୍ତକ୍ଷେପ
निर्वसीयता,ଆନ୍ତରିକତା
"निर्वसीयती, इच्छा-पत्र रहित",ଅନ୍ତନଳୀ
"साजिश, षड़यंत्र",ଷଡଯନ୍ତ୍ର
"बल-प्रवेष्टा, बल पूर्वक प्रवेश करने या घुस आने वाला",ଅନୁପ୍ରବେଶକାରୀ
2. अतिक्रमी,ଅନୁପ୍ରବେଶକାରୀ
बल-प्रवेश,ଅନୁପ୍ରବେଶ
आक्रमण,ଆକ୍ରମଣ
2. चढ़ाई,ଆକ୍ରମଣ
घेर लेना,ବିନିଯୋଗ କରନ୍ତୁ |
2. खिलअत देना,ବିନିଯୋଗ କରନ୍ତୁ |
3. मान प्रदान करना,ବିନିଯୋଗ କରନ୍ତୁ |
4. पद प्रदान करना,ବିନିଯୋଗ କରନ୍ତୁ |
खिलअत देना,ବିନିଯୋଗ
2. पद-स्थापन,ବିନିଯୋଗ
3. मान-प्रदान,ବିନିଯୋଗ
मान-प्रदान समारोह,ବିନିଯୋଗ ସମାରୋହ
राष्ट्रीयता प्रदान करना,ଜାତୀୟତା ସହିତ ବିନିଯୋଗ କରନ୍ତୁ |
अजेय आर्मेडा,ଅବିସ୍ମରଣୀୟ ଆର୍ମଡା |
राज्य की अनुल्लंघनीयता,ଅହିଂସା (ରାଜ୍ୟ)
अभेद्य राज्य,ଅବ୍ୟବସ୍ଥା |
अभेद्य दुर्ग,ଅବିସ୍ମରଣୀୟ ଦୁର୍ଗ |
लौह युग,ଲ Iron ହ ଯୁଗ |
"लौह पट, लोहे का पर्दा, दुर्भेद्य आवरण",ଲୁହା ପରଦା |
"आयरन गार्ड, लौहरक्षक दल",ଲୁହା ଗାର୍ଡ |
"आपाती राशन, आपाती रसद",ଲୁହା ରାସନ |
आयरन साइड्स,ଲୁହା ପାର୍ଶ୍ୱ |
लोहाग्रयुक्त बाण,ଲୁହା ଟାଇପ୍ ତୀର |
इस्थिमियायी खेल,ଇଷ୍ଟମିଆନ୍ ଖେଳଗୁଡିକ |
"जांनिसार, तुर्की पैदल सैनिक",ଜାନିସାରୀ |
द्वारपाल,ଜାନିଟର୍ |
2. फर्राश,ଜାନିଟର୍ |
"बरछी, बरछा",ଜାଭେଲିନ୍ |
"जिम क्रो लॉ, जिम क्रो क़ानून",ଜିମ୍ କ୍ରୋ ନିୟମ |
उद्धत राष्ट्रवादी,ଜିଙ୍ଗୋ |
2. जिंगो,ଜିଙ୍ଗୋ |
"3. युयुत्सु, युद्धप्रिय",ଜିଙ୍ଗୋ |
युयुत्सुवाद,ଜିଙ୍ଗୋଜିମ୍ |
संयुक्त कार्यवाही,ମିଳିତ କାର୍ଯ୍ୟ
संयुक्त नियंत्रण,ମିଳିତ ନିୟନ୍ତ୍ରଣ |
"संयुक्त संधारण, संयुक्त दख़ल",ମିଳିତ ବୃତ୍ତି
जूरी,ଖଣ୍ଡପୀଠ
न्यायोचित उद्देश्य,କେବଳ କାରଣ |
अंतः कोट,ରଖନ୍ତୁ |
पुरालेखपाल,ଅଭିଲେଖାଗାରର ରକ୍ଷକ |
"नगाड़ा, नक्कारा",କେଟଲ୍-ଡ୍ରମ୍ |
संकेत शब्द,ମୁଖ୍ୟ ଶବ୍ଦ |
राजा,ରାଜା
"राज्य, राजा",ରାଜ୍ୟ
क्षुद्र राज,କିଙ୍ଗଲେଟ୍ |
"भूपकर्त्ता, राजविधाता",ରାଜା ନିର୍ମାତା |
राजपद,କିଙ୍ଗସିପ୍ |
2. राजतंत्र,କିଙ୍ଗସିପ୍ |
गुप्त सलाहकार,ରୋଷେଇ ଘର କ୍ୟାବିନେଟ୍ |
नाइट,ନାଇଟ୍ |
नाइट पद,କିଙ୍ଗହୁଡ୍ |
नाइट्स हॉसपिटेलर्स,କିଙ୍ଗହଟସ୍ ହସ୍ପିଟାଲ୍ |
नाइट्स ऑफ सेन्ट जॉन,ସେଣ୍ଟ ଜନ୍ ର ନାଇଟ୍ସ |
नाइट टेम्पलर,ନାଇଟ୍ ଟେମ୍ପଲର୍ |
कू क्लक्स क्लान,କୁ କ୍ଲକ୍ସ କ୍ଲାନ୍ (KKK)
"कोमिंतांग, कूमिंतांग",କୁମିଣ୍ଟାଙ୍ଗ |
"सामान्य धर्मोपासक वर्ग, उपासक वर्ग",ଲାଇଟି
"भाला, कुंत",ଲାନ୍ସ |
"भालाधारी, भालासवार, कुंतधारी",ଲାନ୍ସର୍
उत्तर गुप्तवंश,ପରେ ଗୁପ୍ତା |
वैधा उत्तराधिकारी,ଆଇନଗତ ଉତ୍ତରାଧିକାରୀ |
अव्यवस्था,ଅନ less ତିକତା (= ବିଶୃଙ୍ଖଳା)
2. अराजकता,ଅନ less ତିକତା (= ବିଶୃଙ୍ଖଳା)
लॉ लॉर्डस,ଆଇନ ପ୍ରଭୁ
(अशोक द्वार प्रवर्तित) धर्म,ଧର୍ମର ନିୟମ
राष्ट्र संघ,ଲିଗ୍ ଅଫ୍ ନେସନ୍ସ
() रिक्थ,ଉତ୍ତରାଧିକାରୀ (= ଉତ୍ତରାଧିକାରୀ)
(2) वसीयत संपदा,ଉତ୍ତରାଧିକାରୀ (= ଉତ୍ତରାଧିକାରୀ)
"वैध उत्तराधिकारी, कानूनी वारिस",ଆଇନଗତ ଉତ୍ତରାଧିକାରୀ |
पोपदूत,ଲିଗେଟ୍ |
2. लीगेट,ଲିଗେଟ୍ |
"3. प्रणिधि, मितार्थ दूत",ଲିଗେଟ୍ |
आख्यान,କିମ୍ବଦନ୍ତୀ
2. लेख,କିମ୍ବଦନ୍ତୀ
लीजन,ଲେଜିଅନ୍ |
2. सैन्य दल,ଲେଜିଅନ୍ |
लीजन ऑफ ऑनर,ଲେଜିଅନ୍ ଅଫ୍ ସମ୍ମାନ
राजद्रोह,Lese ମହିମା (= lese majeste)
लघु राज्य,ଛୋଟ ରାଜ୍ୟଗୁଡିକ |
प्रत्यय-पत्र,ବିଶ୍ cred ାସ ପତ୍ର
सीमांत स्वामी,ଲିଜ୍-ପ୍ରଭୁ
() सेवाबद्ध सामंत,ଲିଜ୍ ମ୍ୟାନ୍ |
"(2) परिचर, खिदमतगार",ଲିଜ୍ ମ୍ୟାନ୍ |
आजीवन कारावास,ଆଜୀବନ କାରାଦଣ୍ଡ |
वंश परम्परा,ବଂଶ
लिटिल इंग्लैंडर,ଛୋଟ ଇଂଲଣ୍ଡ
हीनयान,ଛୋଟ ଯାନ (= କମ୍ ଯାନ)
समुद्र तटवर्त्ती राज्य,ଉପକୂଳବର୍ତ୍ତୀ ରାଜ୍ୟ |
प्रार्थना-विधि,ଲିଟୁର୍ଗିଜ୍ |
प्रार्थना विधि,ଲିଟୁର୍ଜି
स्थानीय निष्ठा,ସ୍ଥାନୀୟ ଅନୁଗତତା |
"स्थानीय स्वशासन, स्थानीय स्वायत्त शासन",ସ୍ଥାନୀୟ ସ୍ୱୟଂ ସରକାର |
लौंग पार्लियामैंट,ଦୀର୍ଘ ସଂସଦ |
"लो कंट्रीज़, निम्नतल देश",ନିମ୍ନ ଦେଶଗୁଡିକ |
निष्ठावान,ବିଶ୍ୱସ୍ତ
निष्ठा,ନିଷ୍ଠା
मैकियाविली नीति,ମାଚିଆଭେଲିଆନ୍ ନୀତି |
मेग्ना कार्टा,ମାଗନା କାର୍ଟା |
"मैगनम कान्सिलियम, उच्च परिषद्",ମ୍ୟାଗ୍ନୁମ୍ କନ୍ସିଲିୟମ୍ |
राज्यवर्जित कृत्य,ମାଲମ୍ ନିଷେଧ |
परमाधिदेश,ମାଣ୍ଡାମସ୍ |
अधिदेश,ଆଦେଶ
अधिदेश वर्ग 'क',"ମାଣ୍ଡେଟ୍, ଶ୍ରେଣୀ &#39;ଏ&#39;"
अधिदेश वर्ग 'ख',"ମାଣ୍ଡେଟ୍, ଶ୍ରେଣୀ &#39;ବି&#39;"
अधिदेश वर्ग 'ग',"ମାଣ୍ଡେଟ୍, ଶ୍ରେଣୀ &#39;ସି&#39;"
अधिदेश पद्धति,ମାଣ୍ଡେଟ୍ ସିଷ୍ଟମ୍ |
अधिदेश प्राप्त राज्य,ବାଧ୍ୟତାମୂଳକ ରାଜ୍ୟ |
"मेंगोनेल, प्रक्षेपास्त्र",ମାଙ୍ଗୋନେଲ୍ |
घोषणा-पत्र,ମନିଫେଷ୍ଟୋ |
"सैन्यव्यूहन, स्थिति परिवर्तन-कौशल",ମନିଭର୍ସ |
"युद्धपोत, जंगी जहाज",ମ୍ୟାନ୍ ଅଫ୍ ଯୁଦ୍ଧ |
"मेनर, सामंत-भूमि",ମନୋର |
2. सामंत गढ़ी,ମନୋର |
"जनशक्ति, जन बल",ମାନବ ଶକ୍ତି |
2. श्रमिक शक्ति,ମାନବ ଶକ୍ତି |
दासत्वमुक्ति,ମାନୁମିସନ୍ |
दासत्व से मुक्ति,ମନୁମିଟ୍ |
हस्तलेख ग्रथ,ପାଣ୍ଡୁଲିପି
2. पांडुलिपि,ପାଣ୍ଡୁଲିପି
3. हस्तलिखित ग्रंथ,ପାଣ୍ଡୁଲିପି
लुटेरा,ମାରୁଦ
"समुद्र तटवर्ती प्रदेश, समुद्र तटवर्ती क्षेत्र",ସାମୁଦ୍ରିକ ବେଲ୍ଟ |
"समुद्री सभ्यता, समुद्री तटवर्ती सभ्यता",ସାମୁଦ୍ରିକ ସଭ୍ୟତା |
"समुद्री ध्वज, समुद्री पताका",ସାମୁଦ୍ରିକ ପତାକା |
समुद्री शक्तियाँ,ସାମୁଦ୍ରିକ ଶକ୍ତି
समुद्री प्रभुसत्ता,ସାମୁଦ୍ରିକ ସାର୍ବଭ .ମତ୍ୱ |
समुद्री युद्ध,ସାମୁଦ୍ରିକ ଯୁଦ୍ଧ |
मार्क्विस,ମାର୍କିସ୍ |
मार्क्विस का पद,ମାର୍କିସେଟ୍ |
"मार्शल लॉ, फौजी शासन",ସାମରିକ ନିୟମ |
लड़ाकू जातियाँ,ସାମରିକ ଦ aces ଡ଼ |
शहीद,ଶହୀଦ |
"हत्याकांड, जनसंहार",ହତ୍ୟାକାଣ୍ଡ |
सैन्य पुंज,ମନିଭର୍ ର ମାସ |
मास्टर एट आर्म्स,ମାଷ୍ଟର-ଆଟ୍-ବାହୁ
"मास्टर आफ सेरीमोनीज, समारोह-अधीक्षक, समारोह प्रबन्धक",ସମାରୋହର ଗୁରୁ
राजभवन प्रबन्धक,ଘରର ଗୁରୁ
मास्टर ऑफ हॉर्स,ଘୋଡା ଗୁରୁ
मास्टर ऑफ द रोल्स,ରୋଲ୍ସର ମାଷ୍ଟର |
"तोड़ा, टोटा",ମ୍ୟାଚ୍
2. पलीता,ମ୍ୟାଚ୍
तोड़ेदार बंदूक,ମ୍ୟାଚ୍ ଲକ୍
"वैवाहिक संबंध, विवाह द्वारा मैत्री",ମାଟ୍ରିମୋନିଆଲ୍ ମିଳିତତା |
"भूमध्य सागरीय शक्तियाँ, भूमध्य सागरीय राष्ट्र",ଭୂମଧ୍ୟସାଗରୀୟ ଶକ୍ତି |
"मेन्शेविक, नरम दलीय रूसी साम्यवादी",ମେନସେଭିକ୍ |
भृतक सेना,ଦୟାଳୁ ସେନା |
"भृतक सैनिक, भाड़े का सिपाही",ଦୟାଳୁ ସ soldier ନିକ |
व्यापारी जहाज़,ବ୍ୟବସାୟୀ
"मध्य युग, मध्य काल",ମଧ୍ୟ ଯୁଗ
"पश्चिमी एशिया, (यूरोपीय दृष्टि से) मध्य पूर्व",ମଧ୍ୟ ପୂର୍ବ
मध्य समुद्री मार्ग,ମଧ୍ୟମ ପାସ୍ |
मध्यम मार्ग,ମଧ୍ୟମ ପଥ
"मध्य मार्ग, बीच का रास्ता",ମଧ୍ୟମ ମାର୍ଗ (= ମଧ୍ୟମ ପାଠ୍ୟକ୍ରମ)
प्रवासी,ପ୍ରବାସୀ
प्रवास,ସ୍ଥାନାନ୍ତରଣ
2. स्थानांतर गमन,ସ୍ଥାନାନ୍ତରଣ
3. देशांतर गमन,ସ୍ଥାନାନ୍ତରଣ
सैन्यवाद,ମିଲିଟାରିଜିମ୍ |
2. फ़ौजी शासन व्यवस्था,ମିଲିଟାରିଜିମ୍ |
3. सैन्य युद्धवाद,ମିଲିଟାରିଜିମ୍ |
4. युद्ध प्रियता,ମିଲିଟାରିଜିମ୍ |
सैन्यवादी,ମିଲିଟାରିଷ୍ଟ
2. युद्धवादी,ମିଲିଟାରିଷ୍ଟ
सैन्यीकरण,ସାମରିକକରଣ
2. सैनिकीकरण,ସାମରିକକରଣ
3. फ़ौजी शासन,ସାମରିକକରଣ
समरतंत्री,ସାମରିକ କ tact ଶଳ (= କ tact ଶଳ)
2. व्यूह कुशन,ସାମରିକ କ tact ଶଳ (= କ tact ଶଳ)
"समरतंत्र, समर विद्या, युद्ध विद्या",ସାମରିକ କ ics ଶଳ (= କ act ଶଳ)
"नागरिक सेना, सिंहबंदी",ମିଲିସିଆ
2. मिलिशिया,ମିଲିସିଆ
कुशासन,ବିଭ୍ରାନ୍ତ |
लुप्त कड़ी,ନିଖୋଜ ଲିଙ୍କ୍ |
"दूतमंडल, मिशन",ମିଶନ୍ |
2. सेवादल गठित मंडल,ମିଶନ୍ |
3. दौत्यकर्म,ମିଶନ୍ |
मिश्र प्रजाति,ମିଶ୍ରିତ ଜାତି |
आधुनिक इतिहास,ଆଧୁନିକ ଇତିହାସ
"अस्थायी व्यवस्था, आरज़ी समझौता, कार्यनिर्वाहक व्यवस्था",ମୋଡସ୍ ବିବେଣ୍ଡି |
मठवास,ମୋନାଚିଜିମ୍ |
एकराष्ट्र,ରାଜତନ୍ତ୍ର |
2. राजा,ରାଜତନ୍ତ୍ର |
राजतंत्रवाद,ରାଜତନ୍ତ୍ର |
2. राजतंत्र से सिद्धान्त,ରାଜତନ୍ତ୍ର |
राजतंत्रवादी,ରାଜତନ୍ତ୍ର
"राजतंत्र, एकराट्तंत्र",ରାଜତନ୍ତ୍ର
मठ,ମଠ
2. बिहार,ମଠ
3. संधाराम,ମଠ
मठजीवन,ମୋନାଷ୍ଟିକ୍
2. मठतंत्र,ମୋନାଷ୍ଟିକ୍
भिक्षु,ମାଙ୍କଡ
"मूल देश, मातृदेश",ମାତୃ ଦେଶ |
मातृभूमि,ମାତୃଭୂମି
संसद जननी,ସଂସଦର ମାତା
"मकरेकर, कीचड़ उछालने वाला",ମାକ୍ରାକର୍ସ |
"ममी, चिरशव",ମମି
"संग्रहालय, अजायबघर",ସଂଗ୍ରହାଳୟ
"तुपक, लंबी बंदूक, तुफंग",ମସ୍କେଟ୍ |
"बंदकूची, बरकंदाज़",ମୁସ୍କିଟର୍ |
बरकंदाज़ों का दस्ता,ମୁସ୍କେଟ୍ରି |
2. बरकंदाज़ी,ମୁସ୍କେଟ୍ରି |
सैनिक उपस्थिति अधिकारी,ମାଷ୍ଟର ମାଷ୍ଟର |
सैनिक नामावली,ମାଷ୍ଟର-ରୋଲ୍ |
2. उपस्थिति नामावली,ମାଷ୍ଟର-ରୋଲ୍ |
"सैनिक विद्रोह, सैन्य विद्रोह ग़दर, फ़ौजी बग़ावत",ବିଦ୍ରୋହ
"विद्रोह विधि, म्यूटिनी एक्ट",ବିଦ୍ରୋହ ଆଇନ
रहस्यपूर्ण जहाज,ରହସ୍ୟ ଜାହାଜ
वर्णन,କାହାଣୀ
राष्ट्र,ଜାତି
"दैशवासी, देशीय व्यक्ति",ଦେଶୀ
रजवाड़ा,ଦେଶୀ ରାଜ୍ୟ |
प्रकृतिवाद,ପ୍ରାକୃତିକତା |
"नैसर्गिक अधिकार, प्राकृतिक अधिकार",ପ୍ରାକୃତିକ ଅଧିକାର |
"नात्सी, नाज़ी",ନାଜି
"नात्सी क्रांति, नाज़ी क्रांति",ନାଜି ବିପ୍ଳବ |
"नाज़ीवाद, नात्सीवाद",ନାଜିଜିମ୍
निकट पूर्व,ପୂର୍ବ ପୂର୍ବ
नीग्रो,ନେଗ୍ରୋ |
नीग्रो समर्थक,ନେଗ୍ରୋଫିଲ୍ |
नीग्रो प्रेम,ନେଗ୍ରୋଫିଲିଜିମ୍ |
नीग्रो भय,ନେଗ୍ରୋଫୋବିୟା |
तटस्थ,ନିରପେକ୍ଷ |
तटस्थ देश,ନିରପେକ୍ଷ ଦେଶ |
"न्यूडील, नई नीति, नई व्यवस्था",ନୂତନ ଡିଲ୍ |
नूतन विश्व,ନୂଆ ଦୁନିଆ
"अभिजात वर्ग, अमीर वर्ग",ସମ୍ଭ୍ରାନ୍ତ
"अभिजात, अमीर",ନୋବଲ୍ |
2. मोहर,ନୋବଲ୍ |
"खानाबदोश, यायावर",ନାମମାତ୍ର
यायावर दल,ନାମମାତ୍ର ହୋର୍ଡ |
खानाबदोशी जिंदगी,ନାମକରଣ
"अनाक्रमण अनुबंध, अनाक्रमण समझौता",ଅଣ-ଆକ୍ରୋଶ ଚୁକ୍ତି |
अनाक्रमण संधि,ଅହିଂସା ଚୁକ୍ତି |
अयोधी राष्ट्र,ଯୁଦ୍ଧବିହୀନ ରାଜ୍ୟ |
असहयोग,ଅସହଯୋଗ |
असहयोग आंदोलन,ଅଣ-ସହଯୋଗ ଆନ୍ଦୋଳନ |
(सिक्के का) मुख्य भाग,ବିପରୀତ |
2. परिपूरक भाग,ବିପରୀତ |
भीड़शाही,Ochlocracy (= mobocracy)
"भीड़तंत्र का समर्थक, भीड़तंत्र का प्रतिपादक",Ochlocrat
"सरकारी दस्ताबेज़, सरकारी प्रलेख",ଅଫିସିଆଲ୍ ଡକ୍ୟୁମେଣ୍ଟ୍ |
पुरानी दुनिया,ପୁରୁଣା ଦୁନିଆ |
"गुटतंत्र, स्वल्पतंत्र",ଅଲିଗାର୍କି |
"धातक आक्रमण, जबरदस्त मारकाट",ଆକ୍ରମଣ
प्रकट संधिवार्त्ता,ଖୋଲା ବୁ ation ାମଣା |
"मुक्त प्रश्न, खुला प्रश्न, विवादास्पद प्रश्न",ଖୋଲା ପ୍ରଶ୍ନ |
अप्रतिबद्ध अभिलेख,ରେକର୍ଡଗୁଡିକ ଖୋଲନ୍ତୁ |
प्राच्य,ଓରିଏଣ୍ଟ
प्राच्यवाद,ଓରିଏଣ୍ଟାଲାଇଜିମ୍
2. पूर्व देशीयता,ଓରିଏଣ୍ଟାଲାଇଜିମ୍
प्राच्यविद्,ଓରିଏଣ୍ଟାଲିଷ୍ଟ
उद्भव,ଉତ୍ପତ୍ତି
"2. उद्गम, उत्पत्ति",ଉତ୍ପତ୍ତି
शुद्ध लेखन,ଅର୍ଥୋଗ୍ରାଫି |
"सहसा युद्धारंभ, युद्ध का सहसा आरंभ, युद्ध का सहसा छिड़ जाना।",ଶତ୍ରୁତାର ବିସ୍ଫୋରଣ |
"सीमा चौकी, चौकी",ପୋଷ୍ଟ
अधिपति,ଓଭର-ପ୍ରଭୁ
"चढ़ आना, कुचलना",ଅତ୍ୟଧିକ ରଥଯାତ୍ରା |
2. प्रत्यादेश करना,ଅତ୍ୟଧିକ ରଥଯାତ୍ରା |
"देवपूजक, पैगन",ପାଗନ୍
पैगन,ପାଗନ୍
"देवपूजन, मूर्तिपूजा",ପୂଜାପାଠ
2. देवपूजावाद,ପୂଜାପାଠ
स्तूप,ପାଗୋଡା |
2. बौद्ध मंदिर,ପାଗୋଡା |
3. पैगोडा,ପାଗୋଡା |
राजप्रासाद षड़यंत्र,ପ୍ୟାଲେସ୍ ଷଡଯନ୍ତ୍ର |
जागीर,ପାଲାଟିନେଟ୍ |
"ताल, ताड़-पत्र",ଖଜୁରୀ ପତ୍ର |
खजूरी रविवार,ଖଜୁରୀ ରବିବାର |
"प्रशस्तिकार, विरुदकार",ପାନେଗିରିଷ୍ଟ |
आतंक,ଆତଙ୍କିତ |
2. तहलका,ଆତଙ୍କିତ |
आतंककारक,ଆତଙ୍କିତ
पोपतंत्र,ପାପାସି |
2. पोप पद,ପାପାସି |
3. पोप अवधि,ପାପାସି |
"4. पोप-परंपरा, पोपीय उत्तराधिकार",ପାପାସି |
पोप का आदेश-पत्र,ପପାଲ୍ ଷଣ୍। |
पोपवाद,ପପାଲିଜିମ୍ |
2. पोपतंत्रीय व्यवस्था,ପପାଲିଜିମ୍ |
पोपवादी,ପାପାଲିଷ୍ଟ |
पोप-राज्य,ପପାଲ୍ ରାଜ୍ୟ |
पोपवाद,ପପିଜିମ୍ (= ପେପିଷ୍ଟ୍ରି)
पोपवादी,ପପିଷ୍ଟ
पेपाइरस,ପେପିରୁସ୍ |
दृष्टांत कथा,ଦୃଷ୍ଟାନ୍ତ
परमोच्च,ପାରାମାଉଣ୍ଟ୍ |
परमोच्च शक्ति,ପାରାମାଉଣ୍ଟସି (= ପ୍ରାଥମିକ ଶକ୍ତି)
सम्राज्ञी,ପାରାମାଉଣ୍ଟ୍ ଲେଡି |
सम्राट्,ପାରାମାଉଣ୍ଟ ପ୍ରଭୁ
चर्मपत्र,ଚିତ୍ରକଳା |
"2. पार्चमेंट, चर्मपत्र पांडुलिपि",ଚିତ୍ରକଳା |
3. पत्र,ଚିତ୍ରକଳା |
क्षमा,କ୍ଷମା
"संधिवार्ता, सुलह की बातचीत",ପାର୍ଲେସ୍
2. विमर्श,ପାର୍ଲେସ୍
"पार्लियामेंट, पार्लेमैन",ସଂସଦ (= ପାର୍ଲାମେଣ୍ଟ)
पार्लियामेंट,ସଂସଦ
2. संसद,ସଂସଦ
3. पार्लियामेंट,ସଂସଦ
पार्लियामेंट अधिनियम,ସଂସଦ ଅଧିନିୟମ |
"सांसदिक, संसदविज्ञ",ସଂସଦୀୟ
"2. संसदीय पद्धति का समर्थक, पार्लियामेंट समर्थक",ସଂସଦୀୟ
संसदीय प्रतिनिधि,ସଂସଦୀୟ ଏଜେଣ୍ଟ |
पारनेलवाद,ପାର୍ନେଲିଜିମ୍ |
पैरोल,ପାରୋଲ୍
2. संबंध मुक्ति,ପାରୋଲ୍
पितृहंता,ପାରିକାଇଡ୍ |
2. गुरुजनंहंता,ପାରିକାଇଡ୍ |
"पक्षपाती, पक्षधर",ଦଳୀୟ
2. लड़ाका,ଦଳୀୟ
3. गुरिल्ला,ଦଳୀୟ
"दर्रा, गिरी-द्वार",ପାସ୍ କରନ୍ତୁ |
संकेत शब्द,ପାସ୍ ଶବ୍ଦ (= ଦେଖନ୍ତୁ ଶବ୍ଦ)
कुल-पिता,ପିତୃପୁରୁଷ
"(बहुवचन में) जैकब के वंशज; डब्राहीम, इशाक, जैकब और उनके पूर्वज।",ପିତୃପୁରୁଷ
कुलीन,ପାଟ୍ରିସିଆନ୍ |
पैतृकी,ପ rim ତୃକ ସମ୍ପତ୍ତି |
पैक्स ब्रिटेनिका ब्रिटिश साम्राज्य द्वारा शांति-स्थापना,ପ୍ୟାକ୍ସ ବ୍ରିଟାନିକା |
"पक्स रोमाना, रोमन साम्राज्य द्वारा स्थापित शांति",ପ୍ୟାକ୍ସ ରୋମାନା |
वंशानुक्रम,ବଂଶ
2. वंश-वृक्ष,ବଂଶ
"कुलीन व्यक्ति, उच्च कुलोत्पन्न व्यक्ति",ବଂଶଧର ବ୍ୟକ୍ତି |
पियर,ସହକର୍ମୀ
2. समपदस्थ,ସହକର୍ମୀ
पियर पद,ପାଇରେଜ୍
2. पियर वर्ग,ପାଇରେଜ୍
3. पियरेज,ପାଇରେଜ୍
आयरलैंड के पियर,ଆୟରଲ୍ୟାଣ୍ଡର ସାଥୀଗଣ |
स्कॉटलैंड के पियर,ସ୍କଟଲ୍ୟାଣ୍ଡର ସାଥୀଗଣ |
प्रायद्वीपीय अभियान,ଉପଦ୍ୱୀପ ଅଭିଯାନ |
प्रायद्वीपीय युद्ध,ଉପଦ୍ୱୀପ ଯୁଦ୍ଧ |
पताका,ପେନାଣ୍ଟ |
"लोक माँग पत्र, पीपुल्स चार्टर",ପିପୁଲ୍ସ ଚାର୍ଟର୍ (= ଜାତୀୟ ଚାର୍ଟର୍)
जन मोर्चा,ଲୋକଙ୍କ ଆଗ (= ଲୋକପ୍ରିୟ ସାମ୍ନା)
विश्वासघात,ପରଫିଡି |
अवधि,ସମୟ
2. काल,ସମୟ
परिधि,ପେରିଫେରୀ |
"इस्तमरारी बंदोबस्त, स्थायी बंदोबस्त",ସ୍ଥାୟୀ ସମାଧାନ |
स्थायी जागीर,ଚିରାଚରିତ ଫିଫ୍ |
सैन्य व्यूह,ଫାଲାନକ୍ସ |
2. फैलेक्स,ଫାଲାନକ୍ସ |
"फेरो, फ़राऊन, फेरोन",ଫ୍ରୋହ
चित्राक्षर,ପିକ୍ଟୋଗ୍ରାମ୍ |
चित्रलेख,ଚିତ୍ର
2. चित्रमय ग्राफ,ଚିତ୍ର
तीर्थ यात्री,ତୀର୍ଥଯାତ୍ରୀ
पिलग्रिम फादर्स,ତୀର୍ଥଯାତ୍ରୀ ପିତା |
लूट,ପିଲେଜ୍
2. लूट का माल,ପିଲେଜ୍
स्तंभ,ସ୍ତମ୍ଭ
अशोक के स्तंभ लेख,ସ୍ତମ୍ଭ ଏଡିଟସ୍ (ଅଶୋକର)
स्तंभ लेख,ସ୍ତମ୍ଭ ଏଡିଟସ୍ (ଅଶୋକର)
2. लघु स्तंभ लेख,ସ୍ତମ୍ଭ ଏଡିଟସ୍ (ଅଶୋକର)
"जलदस्यु, समुद्री डाकू, समुद्र दस्यु",ଡକାୟତି
2. दस्युपोत,ଡକାୟତି
घमासान युद्ध,ଯୁଦ୍ଧ
षड़यंत्र,ଭୂଖଣ୍ଡ
नगर,ପୋଲିସ୍
2. नगर राज्य,ପୋଲିସ୍
पुर-शासक,ରାଜନୀତି
"राजनीतिक एजेंट, राजनीतिक अभिकर्त्ता",ରାଜନ Political ତିକ ଏଜେଣ୍ଟ |
राजनीतिक शरण,ରାଜନ Political ତିକ ଆଶ୍ରୟ |
राजनीतिक राज्य प्रतिनिधि,ରାଜନ Political ତିକ ବାସିନ୍ଦା |
राजनैतिक आतंकवाद,ରାଜନ Political ତିକ ଆତଙ୍କବାଦ |
व्यक्ति कर,ପୋଲ ଟ୍ୟାକ୍ସ
"नौका सेतु, नाव पुल",ପଣ୍ଟୁନ୍ |
प्रधान,ପ୍ରିମିୟର୍ |
2. प्रधान मंत्री,ପ୍ରିମିୟର୍ |
प्रधान मंत्री-पद,ପ୍ରିମିୟର୍ସିପ୍ |
प्रदेश,ରାଷ୍ଟ୍ରପତି
2. प्रेसीडेन्सी,ରାଷ୍ଟ୍ରପତି
"प्रधान, अध्यक्ष",ରାଷ୍ଟ୍ରପତି
2. राष्ट्रपति,ରାଷ୍ଟ୍ରପତି
"प्रेसीडियम, अध्यक्षमंडल, प्रधान परिषद",ପ୍ରେସିଡିୟମ୍ |
प्रधान मंत्री,ପ୍ରଧାନ ମନ୍ତ୍ରୀ
ज्येष्ठाधिकार,ପ୍ରାଥମିକତା
नरेश,ପ୍ରିନ୍ସ
2. राजकुमार,ପ୍ରିନ୍ସ
प्रिंस बिशप,ପ୍ରିନ୍ସ ବିଶପ୍ |
"महारानी-पति, प्रिंस कंसर्ट",ପ୍ରିନ୍ସ କନସର୍ଟ |
राज-अभिभावक,ପ୍ରିନ୍ସ ରେଜିଣ୍ଟ୍ |
शासक युवराज,ପିନ୍ସ ରେଗନାଣ୍ଟ |
राज-अभिभाविका,ରାଜକୁମାରୀ ରେଜିଣ୍ଟ୍ |
ज्येष्ठ राजकुमारी,ରାଜକୁମାରୀ ରୟାଲ୍ |
राज्य,ଆଚାର୍ଯ୍ୟ
2. देशी राज्य,ଆଚାର୍ଯ୍ୟ
3. सामंत देश,ଆଚାର୍ଯ୍ୟ
युद्ध उपहार,ପୁରସ୍କାର
2. समुद्री लूट,ପୁରସ୍କାର
विजित धन,ପୁରସ୍କାର ରାଶି
"पेशेवरसिपाही, व्यावसायिक सैनिक",ବୃତ୍ତିଗତ ସ soldier ନିକ |
"वचन, वायदा",ପ୍ରତିଜ୍ଞା
अंतरीप दुर्ग,ପ୍ରମୋଣ୍ଟୋରୀ ଦୁର୍ଗ |
"संरक्षित राज्य, संरक्षित देश",ସଂରକ୍ଷଣ
2. संरक्षण-काल,ସଂରକ୍ଷଣ
प्रोटेक्टोरेट,ସଂରକ୍ଷଣ
आश्रित,ପ୍ରୋଟେଗେ |
प्राप्ति-स्थान,ପ୍ରୋଭାନ୍ସ |
2. मूलस्रोत,ପ୍ରୋଭାନ୍ସ |
उद्गम-पद्धति,ପ୍ରୋଭାନ୍ସ ସିଷ୍ଟମ୍ |
यहूदी समर्थक,ପ୍ରୋ-ଜିଓନିଷ୍ଟ |
लोक-शत्रु,ଜନସାଧାରଣ ଶତ୍ରୁ |
2. शत्रु राष्ट्र; युद्धरत राष्ट्र,ଜନସାଧାରଣ ଶତ୍ରୁ |
संधि पूर्व वार्ता,ବିରାମଚିହ୍ନ
प्यूनिक युद्ध,ପନିକ ଯୁଦ୍ଧ |
प्यूरिटन,ପୁରାଣ
पुश,ପୁଚ୍
चतुरश्व रथ,କ୍ୱାଡ୍ରିଗା |
"चतष्ट्र मैत्री, चतुर्राष्ट्र संश्रय",ଚତୁର୍ଭୁଜ ମିଳିତତା |
क्वेकर,କ୍ୱାକର୍ |
"रानी, राजमहिषी",ରାଣୀ
राजपत्नी,ରାଣୀ କନସର୍ଟ |
स्वर्गीय राजा की पत्नी,ରାଣୀ
सम्राज्ञी का पद,କୁଇଣ୍ଡୋମ୍ |
2. राज्य,କୁଇଣ୍ଡୋମ୍ |
राजमाता,ରାଣୀ ମାତା |
शासिका रानी,ରାଣୀ ପୁନର୍ବାର
"देश-द्रोही, विभीषण",ପ୍ରଶ୍ନ
2. क्विसलिंग,ପ୍ରଶ୍ନ
सेवामुक्ति लगान,ଭଡା ଛାଡନ୍ତୁ |
"तरकश, तूणीर",କ୍ୱିଭର୍ |
अधिकार-पृच्छा,Quo ୱାରେଣ୍ଟୋ |
प्रजाति,ଦ ace ଡ଼ |
प्रजातीय सर्वोच्चता,ଜାତିଗତ ସର୍ବୋଚ୍ଚତା |
शिकंजा,ଥାକ
2. उत्पीड़क यन्त्र,ଥାକ
धावा,ରେଡ୍
2. छापा मारना,ରେଡ୍
"दुर्ग प्राचीर, परकोटा",ରାମପାର୍ଟ |
2. दुर्ग-प्राचीर ढाल,ରାମପାର୍ଟ |
लूट-खसोट करना,ରାନ୍ସକ୍ |
"मुक्तिमूल्य, फिरौती",ମୁକ୍ତି
"2. निष्क्रय, निःक्रय",ମୁକ୍ତି
विध्वंस,ରାଗ
विध्वंस-परिणाम,କ୍ଷତି
राज्य,କ୍ଷେତ୍ର
"चंदावल, पार्ष्णि",ପଛ ଗାର୍ଡ |
चंदावल हमला,ପଛ ଗାର୍ଡ କାର୍ଯ୍ୟ
विद्रोही,ବିଦ୍ରୋହୀ
विद्रोह,ବିଦ୍ରୋହ
विद्रोह-मान्यता,ବିଦ୍ରୋହର ସ୍ୱୀକୃତି |
बलात् निष्कासन,ପୁନ ond ନିର୍ମାଣ
"वीक्षण, टोह",ପୁନ onna ନିର୍ମାଣ
पुनर्निर्माण,ପୁନ on ନିର୍ମାଣ
"अभिलेख, रिकॉर्ड",ରେକର୍ଡ କରନ୍ତୁ |
"रिकॉर्ड आफिस, अभिलेख कार्यालय",ରେକର୍ଡ ଅଫିସ୍ |
अभिलेख की निवृत्ति,ଅବସର ଅବସର ରେକର୍ଡ କରନ୍ତୁ |
"लालकुर्ती वाला, खुदाई खिदमतगार",ନାଲି ସାର୍ଟ |
"धर्मसुधार आंदोलन, रिफॉर्मेशन",ସଂସ୍କାର
शरणार्थी,ଶରଣାର୍ଥୀ
राजाधिकार,ରେଗାଲିଆ |
2. राजचिह्र,ରେଗାଲିଆ |
3. राजपरिधान,ରେଗାଲିଆ |
"प्रतिशांसन-व्यवस्था, रीजेंसी",ରେଜେନ୍ସି
"प्रतिशासक, रीजेन्ट",ରେଜିଣ୍ଟ୍ |
अभिभावक रानी,ରେଜିଣ୍ଟ୍ ରାଣୀ |
"राजहंता, नृपध्न, नृपहंता",ହତ୍ୟା
"राजहंता, रेजिसाइड्स",ରେଜିସିଡ୍ |
"राज्यकाल, शासन-काल",ଶାସନ
2. शासन-पद्धति,ଶାସନ
"प्रदेश, क्षेत्र",ଅଞ୍ଚଳ
"राज्य-संवत्, राज्य वर्ष",ନିୟମିତ ବର୍ଷ |
"शासक, शासन करने वाला",ଅବଶିଷ୍ଟ |
राज्यकाल,ରେଗ୍ନୁମ୍ |
"राईख, जर्मन साम्राज्य",ରିଚ
राज्य काल,ଶାସନ କରନ୍ତୁ
2. शाही शासन या राजसी प्राधिकार।,ଶାସନ କରନ୍ତୁ |
राज परिवार,ପରିବାର ଶାସନ
आतंक काल,ଆତଙ୍କବାଦର ଶାସନ
2. आतंक राज्य,ଆତଙ୍କବାଦର ଶାସନ
कुमुक,ସଶକ୍ତ କର |
कुमुक भेजना,ସଶକ୍ତୀକରଣ
"पुनः स्थापना, बहाली",ପୁନ in ସ୍ଥାପନ
प्रति स्थापना,ପୁନ in ନିବେଶ କରନ୍ତୁ |
"बदल चौकी, टपाल चौकी",ରିଲେ ପୋଷ୍ଟ |
"टपाल मार्ग, डाक-मार्ग",ରିଲେ ମାର୍ଗ
"टपाल व्यवस्था, अभिचालन व्यवस्था",ରିଲେ ସିଷ୍ଟମ୍ |
"रिहाई, मुक्ति",ରିଲିଜ୍
2. छूट,ରିଲିଜ୍
"त्याग, परित्याग",ତ୍ୟାଗ
2. संन्यास,ତ୍ୟାଗ
बृहत् सूची,ରେପର୍ଟୋରୀ (= ଭଣ୍ଡାର)
भंडार,ସଂଗ୍ରହାଳୟ
2. संग्रहालय,ସଂଗ୍ରହାଳୟ
"गणराज्य, गणतंत्र",ଗଣତନ୍ତ୍ର
गणराज्य दिवस,ଗଣତନ୍ତ୍ର ଦିବସ |
लिखित समाधान,ଲିପିବଦ୍ଧ
2. राजाज्ञा,ଲିପିବଦ୍ଧ
रेजीडेंट,ବାସିନ୍ଦା
पुनः स्थापना,ପୁନରୁଦ୍ଧାର
(ईसा का) पुनरुत्थान,ପୁନରୁତ୍ଥାନ |
2. पुनुरूज्जीवन,ପୁନରୁତ୍ଥାନ |
पीछे हटना,ପଂଚାୟତ
(सिक्के का) पृष्ठ भाग,ଓଲଟା (ଗୋଟିଏ ମୁଦ୍ରାର)
विद्रोह,ବିଦ୍ରୋହ
क्रांति,ବିପ୍ଳବ
"फ्रांसीसी क्रांति, फ्रांस की राज्य क्रांति","ବିପ୍ଳବ, ଫରାସୀ |"
अ. दे. Glorious Revolution,ବିପ୍ଳବ ଗ or ରବମୟ |
औद्योगिक क्रांति,"ବିପ୍ଳବ, ଶିଳ୍ପ"
"विप्लव, बल्वा",ଉଠିବା
राटन बरो,ପତିତ-ବୋରୱେଲ |
रफ राइडर्स,ରୁଫ୍ ରାଇଡର୍ସ |
राउन्ड हेड्स,ଗୋଲାକାର ମୁଣ୍ଡ |
"भगा देना, परास्त करना, खदेड़ना",ମାର୍ଗ
"राजा से भेंट, राज-दर्शन",ରୟାଲ୍ ଦର୍ଶକ |
शाही फरमान,ରୟାଲ୍ ଚାର୍ଟର୍ |
राजचिह्र,ରୟାଲ୍ କ୍ରେଷ୍ଟ୍ |
2. राजकिरीट,ରୟାଲ୍ କ୍ରେଷ୍ଟ୍ |
राजाज्ञा,ରୟାଲ୍ ଆଦେଶ |
रूबर‍िक,ରୁବ୍ରିକ୍ |
"भग्नावशेष, ध्वंसावशेष, खंडहर",ଧ୍ୱଂସାବଶେଷ |
"धावक, हरकारा",ରନର୍ |
"अंतध्वंस, तोड़फोड़",ସାବ୍ୟସ୍ତତା |
खंग,ସାବର |
"रिसाला, अश्वारोही दल",ସାବର୍ସ |
यज्ञ,ବଳିଦାନ
2. बलि,ବଳିଦାନ
3. बलिदान,ବଳିଦାନ
अभय दान,ନିରାପଦ ଆଚରଣ |
"रक्षोपाय, रक्षा-विधान",ସୁରକ୍ଷାକର୍ମୀ |
2. सुरक्षण बचाव,ସୁରକ୍ଷାକର୍ମୀ |
पूर्व रक्षात्मक कर,କର୍ତ୍ତବ୍ୟର ସୁରକ୍ଷା
धावा,ସ ally ଲି
धावा द्वार,ସଲି-ପୋର୍ଟ |
राजदंड,ରାଜଦଣ୍ଡ
"तलवार, शमशीर",ସ୍କିମିଟର୍ |
"द्वितीय संपदा, अभिजात वर्ग",ଦ୍ୱିତୀୟ ଇଷ୍ଟେଟ୍ |
संप्रदाय,ସେକ୍ଟର
2. पंथ,ସେକ୍ଟର
कब्जा,ଜବରଦଖଲ
2. अधिग्रहण,ଜବରଦଖଲ
सेनेट (प्राचीन रोम की संसद),ସିନେଟ୍
2. सेनेट,ସିନେଟ୍
3. अभिषद्,ସିନେଟ୍
4. सेनेट,ସିନେଟ୍
कृषिदास,ସର୍ଫ୍ (= ବୋର୍ଡର୍ କିମ୍ବା ଭିଲିନ୍)
"2. खिदमती, दास",ସର୍ଫ୍ (= ବୋର୍ଡର୍ କିମ୍ବା ଭିଲିନ୍)
कृषि-दासता,ସର୍ଫଡମ୍ (ସର୍ଫହୁଡ୍ କିମ୍ବା ସର୍ଫେଜ୍)
2. कृषि दास-व्यवस्था,ସର୍ଫଡମ୍ (ସର୍ଫହୁଡ୍ କିମ୍ବା ସର୍ଫେଜ୍)
नाम मात्र का राजा,ଛାୟା ରାଜା |
जहाज कर,ଜାହାଜ ଟଙ୍କା
आक्रामी सेना,ଶକ୍ ସ troops ନ୍ୟ (= storm ଡ ସ troops ନ୍ୟ)
"स्वल्पावधि पार्लियार्मेट, अल्पकालीन पार्लियामेंट",ସଂକ୍ଷିପ୍ତ ସଂସଦ |
झड़प,Kir ଗଡା
"दास, गुलाम",ଦାସ
दास-प्रथा,ଦାସତ୍ୱ
"2. दासता, गुलामी",ଦାସତ୍ୱ
सैनिक राजमर्मज्ञ,ସ old ନିକ ରାଜ୍ୟସ୍ତରୀୟ
बल्लम,ବର୍ଚ୍ଛା
हरावल,ବର୍ଚ୍ଛା-ମୁଣ୍ଡ
प्रभाव क्षेत्र,କ୍ଷେତ୍ର
"मुहर-विद्या, मुद्रा-विद्या",ସ୍ପ୍ରାଗିଷ୍ଟିକ୍ |
पद पुरस्कार व्यवस्था,ଲୁଟେରା ସିଷ୍ଟମ୍ |
बड़ा भूस्वामी,ସ୍କ୍ ire ାଇୟାର୍ |
2. स्कवायर,ସ୍କ୍ ire ାଇୟାର୍ |
जमींदार वर्ग,ସ୍କ୍ ire ାର୍ଚି |
2. भूस्वामी प्रभावित तंत्र,ସ୍କ୍ ire ାର୍ଚି |
ध्वज,ମାନକ
ध्वज-वाहक,ମାନକ-ଧାରକ |
स्थाई सेना,ସ୍ଥାୟୀ ସେନା |
मानक निर्देश,ଷ୍ଟାଣ୍ଡିଂ ଅର୍ଡର |
2. स्थाई आज्ञा,ଷ୍ଟାଣ୍ଡିଂ ଅର୍ଡର |
"राजनीति विशारद, राजनीति मर्मज्ञ",ରାଜ୍ୟସ୍ତରୀୟ
"प्रस्तर लेख, पाषाणलेख",ପଥର ଲେଖା |
तूफानी दस्ता,Orm ଡ଼ ସ troops ନ୍ୟ
"कूट युक्ति, कूट उपाय",ଷ୍ଟ୍ରାଟେଜେମ୍ |
"युद्ध चालन विद्या, सामरिकी",ରଣନୀତି
2. फौजी दाँव-पेच,ରଣନୀତି
3. रण-फौशल,ରଣନୀତି
सैनिक शासन,ଷ୍ଟ୍ରାଟୋକ୍ରାସି |
संघर्ष,Ife ଗଡା
2. मतभेद,Ife ଗଡା
गढ़,ଦୃ hold ଧରନ୍ତୁ |
2. प्रमुख केंद्र,ଦୃ hold ଧରନ୍ତୁ |
सहायक संधि,ସହାୟକ ଉଚ୍ଚତା |
उत्तराधिकारी,ଉତ୍ତରାଧିକାରୀ |
उत्तराधिकारी,ଉତ୍ତରାଧିକାରୀ
मताधिकार,ମତଦାନ
मताधिकारवादी,ସୁଫ୍ରାଗିଷ୍ଟ |
सल्तनत,ସୁଲତାନ
सल्तनत-काल,ସୁଲତାନ ଅବଧି
अभ्यर्पण,ଆତ୍ମସମର୍ପଣ
अधिराज,ସୁଜେରାଇନ୍ |
अधिराज्य,ସୁଜେରେନ ରାଜ୍ୟ |
"शमशीरबाज, खड़गधारी, असियोद्धा",ଖଣ୍ଡାଧାରକ |
टैमनी समाज,ତାମାନି ସୋସାଇଟି |
पानी चढ़ी तलवार,କ୍ରୋଧିତ ଖଣ୍ଡା |
काश्तकार,ଭଡାଟିଆ
"2. किराएदार, आसामी",ଭଡାଟିଆ
"भूभाग, इलाका, अमलदारी",ଅଞ୍ଚଳ
2. प्रदेश,ଅଞ୍ଚଳ
टेरिटरी गवर्नमेन्ट,ପ୍ରଦେଶ ସରକାର
"आतंकवाद, संत्रासवाद",ଆତଙ୍କବାଦ
"तृतीय वर्ग, जनता, जनसाधारण",ତୃତୀୟ ଇଷ୍ଟେଟ୍ |
तीन वर्ग,ତିନୋଟି ଇଷ୍ଟେଟ୍ |
"पथकर, राहदारी",ଟୋଲ୍
चुंगी घर,ଟୋଲ୍ ହାଉସ୍ |
"तूंब, मकबरा",ସମାଧି
टोरी,ଟୋରୀ |
"गणचिह्र, कुलचिह्र, टोटेम",ଟୋଟେମ୍ |
मीनार,ଦୁର୍ଗ
2. मचान,ଦୁର୍ଗ
"जयस्तंभ, कीर्ति-स्तंभ",ବିଜୟ ଦୁର୍ଗ
"देशद्रोही, गद्दार",ଦେଶଦ୍ରୋହୀ
विश्वासघात,ବିଶ୍ୱାସଘାତକତା
राजद्रोह,ଦେଶଦ୍ରୋହ
संधि,ଚୁକ୍ତି
द्वंद्ध युद्ध परीक्षा,ଯୁଦ୍ଧ ଦ୍ Tr ାରା ପରୀକ୍ଷା (= ଯୁଦ୍ଧ ଦ୍ trail ାରା ଟ୍ରେଲ୍)
"खिराज, राजस्व",ଶ୍ରଦ୍ଧାଞ୍ଜଳି |
2. राजकर,ଶ୍ରଦ୍ଧାଞ୍ଜଳି |
खिराजी भूमि,ଶ୍ରଦ୍ଧାଞ୍ଜଳି ଜମି |
त्रिराष्ट्रीय (मैत्री) संधि त्रिपक्षीय संधि,ତ୍ରିଗୁଣ ସହଯୋଗ
"त्रिराष्ट्र सौहार्द्र, ट्रिपल आंतांत",ଟ୍ରିପଲ୍ ଏଣ୍ଟେଣ୍ଟେ |
विजय,ବିଜୟ
2. विजय शोभा-यात्रा,ବିଜୟ
विक्षोभ,ଅଶାନ୍ତି |
निरंकुश-घातक,ଟାଇରାନାଇସିଡ୍ |
2. क्रूर घात,ଟାଇରାନାଇସିଡ୍ |
निरंकुश शासन,ଅତ୍ୟାଚାର
2. निरंकुशता,ଅତ୍ୟାଚାର
"निरंकुश शासक, अत्याचारी शासक",ଅତ୍ୟାଚାର
उलान,ଉହଲାନ୍ |
उकाज,ଉକେସ୍ |
2. राजाज्ञा,ଉକେସ୍ |
उल्मा,ଉଲେମା
अंतिम चेतावनी,ଅଲ୍ଟିମାଟମ୍ |
2. अंतिम प्रस्ताव,ଅଲ୍ଟିମାଟମ୍ |
अंकिल सैम,ମାମୁଁ ସାମ
अधीनस्थ राजा,ଅଣ୍ଡର-ରାଜା |
युनाइटेड आयरिशर्मन,ୟୁନାଇଟେଡ୍ ଇଂରେଜମାନେ |
संयुक्त राष्ट्र संघ,ସଂଯୁକ୍ତ ରାଷ୍ଟ୍ର
संयुक्त प्रांत,ସଂଯୁକ୍ତ ପ୍ରଦେଶଗୁଡ଼ିକ |
2. युनाइटेड प्राविन्सेज़,ସଂଯୁକ୍ତ ପ୍ରଦେଶଗୁଡ଼ିକ |
एक प्राचीर दुर्ग,ଅବିଭକ୍ତ ଦୁର୍ଗ |
"चक्रवर्ती राजा, सार्वभौम राज",ସର୍ବଭାରତୀୟ ରାଜତନ୍ତ୍ର |
सर्वजनीन मताधिकार,ସର୍ବଭାରତୀୟ ମତଦାନ
"विद्रोह, विप्लव",ବିଦ୍ରୋହ
"बलादग्रहण, हड़पना",ଉସର୍ପେସନ୍ |
बलादग्रहणकर्त्ता,ଉସର୍ପର୍ |
"यूटोपिया, काल्पनिक राज्य",Utopia
कला विध्वंसक,ଭାଣ୍ଡାଲ୍
कला विध्वंस,ଭଙ୍ଗାରୁଜା
नासीर,ଭଙ୍ଗାର୍ଡ |
"2. सेनामुख, सेनाग्र",ଭଙ୍ଗାର୍ଡ |
3. हरावल,ଭଙ୍ଗାର୍ଡ |
वैरेंजियायी,ବାରଙ୍ଗିଆନ୍ |
वैरेंजियायी रक्षक,ବାରଙ୍ଗିଆନ୍ ଗାର୍ଡ |
असामी,ଭାସାଲ୍ |
2. दास,ଭାସାଲ୍ |
"अवराज्य, सामंती राज्य",ଭାସାଲ୍ ରାଜ୍ୟ |
पोप परिषद,ଭାଟିକାନ୍ ପରିଷଦ
"जहाज, पोत",ଜାହାଜ |
2. यान,ଜାହାଜ |
3. बर्तन,ଜାହାଜ |
अo देo viceroy,ଉପ-ରାଜା
वाइसराय,ଭିକେରୋଇ |
वाइसराय का पद,ଭିକେରୋୟାଲିଟି = ଭିସେରୋସିପ୍ |
विजेता,ଭିକ୍ଟର |
विजय,ବିଜୟ
कृषिदास,ଭିଲିନ୍ |
समुद्र-यात्रा,ଯାତ୍ରା
"सुभेद्य दुर्ग, सहजभेद्य दुर्ग",ଦୁର୍ବଳ ଦୁର୍ଗ
भित्ति चित्रकारी,କାନ୍ଥ ଚିତ୍ର
2. भित्ति चित्र,କାନ୍ଥ ଚିତ୍ର
युद्ध,ଯୁଦ୍ଧ
महान सेनानी,ଯୁଦ୍ଧ-ପ୍ରଭୁ
योद्धा,ଯୋଦ୍ଧା
2. सैनिक,ଯୋଦ୍ଧା
3. जंगलू,ଯୋଦ୍ଧା
"युद्धपोत, जंगी जहाज",ଯୁଦ୍ଧ ଜାହାଜ
संकेत शब्द,ୱାଚ୍ ୱାର୍ଡ |
"लोक कल्याणकारी राज्य, जनहितकारी राज्य",କଲ୍ୟାଣ ସ୍ଥିତି
कल्याण-कार्य,କଲ୍ୟାଣ କାର୍ଯ୍ୟ
हविग,ୱିଗ୍ |
"श्वेत ध्वज, सफेद झंडा",ଧଳା ପତାକା |
"श्वेत जाति का भार, श्वेत जाति का दायित्व",ଶ୍ୱେତବର୍ଗଙ୍କ ଭାର |
विश्व-साम्राज्य,ବିଶ୍ୱ ସାମ୍ରାଜ୍ୟ |
विश्वव्यापी आंदोलन,ବିଶ୍ୱ ଆନ୍ଦୋଳନ |
विश्व-राजनीति,ବିଶ୍ୱ ରାଜନୀତି
विश्वा-शक्ति,ବିଶ୍ୱ ଶକ୍ତି
विश्वयुद्ध,ବିଶ୍ଵ ଯୁଦ୍ଧ
पोत-भंजक,Wreeker
विनाशकारी संशोधन,ସଂଶୋଧନ ସଂଶୋଧନ |
"जैनेलेजिया, अप्रवेशन",ଜେନେଲେସିସ୍ |
विदेशी जनभीति,ଜେନୋଫୋବିୟା |
यांकी,ଜାନକୀ
पीत परिधान,ହଳଦିଆ ଜ୍ୟାକେଟ୍ |
पीत जाति,ହଳଦିଆ
"पीत आतंक, पीत भीति",ହଳଦିଆ ବିପଦ
सनसनीखेज समाचार पत्र,ହଳଦିଆ ପ୍ରେସ୍ |
"यंग टर्क, युवा तुर्क",ଯୁବକ ତୁର୍କୀ |
"जूस, देवाधिपति",ଜିଉସ୍
यहूदीवाद,ଜିଓନିଜିମ୍ |
"पारसी धर्म, ज़रथुष्ट्र  धर्म",ଜୋରୋଷ୍ଟ୍ରିଆନ୍ ଧର୍ମ |
