Marathi,Gujarati
वेस्टमिन्स्टरचे मठाधीश,વેસ્ટમિન્સ્ટરના એબી
निषिद्ध,ત્યાગી
गुलामगिरीचे उच्चाटन,ગુલામી નાબૂદી
आदिवासी,એબોરિજિનલ
अब्राहम युग,અબ્રાહમ યુગ
अनुपस्थित जमीनदार,ગેરહાજર મકાનમાલિકો
अकादमी,એકેડમી
अक्रा परिषद,અકરા કોન્ફરન્સ
जमा,સંસાધનો
संवर्धन,સંવર્ધન
एसेलडामा,એસેલડામા
आचियन (=अचियन),અચેઅન (=અચિયન)
आचियन लीग (=अचियन लीग),આચિયન લીગ (=એચિયન લીગ)
एक्रोपोलिस,એક્રોપોલિસ
Acta Diurna,એક્ટા દીર્ના
Acta Senatus,એક્ટા સેનાટસ
ऍक्ट अॅडिशनल,એક્ટ એડિશનલ
सक्रिय रेकॉर्ड (=वर्तमान रेकॉर्ड),સક્રિય રેકોર્ડ (=વર્તમાન રેકોર્ડ)
प्राप्तकर्त्याची कृती,પ્રાપ્ત કરનારનું કાર્ય
नुकसानभरपाई आणि विस्मरणाचा कायदा,ક્ષતિપૂર્તિ અને વિસ્મૃતિનું કાર્ય
सेटलमेंटचा कायदा,સમાધાનનો અધિનિયમ
जाहिरात करार सील,જાહેરાત કરાર સીલ
अदुल्लामाइट्स,અદુલ્લામાઈટસ
विरोधक,વિરોધી
विरोधक,વિરોધી
एऑन,એઓન
एरेरियम,એરેરિયમ
हवाई युद्ध,હવાઈ યુદ્ધ
एटोलियन लीग,એટોલિયન લીગ
वय,ઉંમર
वृद्धत्व (=वृद्धत्व),વૃદ્ધત્વ (=વૃદ્ધત્વ)
वृद्धत्व प्रक्रिया,વૃદ્ધત્વ પ્રક્રિયા
अगेलाय,અગેલાઈ
पराक्रमाचे वय,શૌર્યની ઉંમર
ज्ञानाचे वय,જ્ઞાનની ઉંમર
पेरिकल्सचे वय,પેરિકલ્સની ઉંમર
कारण वय,કારણની ઉંમર
कृषीवाद,કૃષિવાદ
कृषी चळवळ,કૃષિ આંદોલન
अल्बिओन,એલ્બિયન
अल्बम,આલ્બમ
अल्डरमन,એલ્ડરમેન
मोहक हात,મોહક શસ્ત્રો
मैत्री,સૌમ્યતા
एम्फेक्टियोनिक परिषद,એમ્ફિક્ટિઓનિક કાઉન્સિલ
एम्फेक्टियोनिक लीग,એમ્ફિક્ટિઓનિક લીગ
अॅम्फिथिएटर,એમ્ફીથિયેટર
अमरी नल गट (मातीचा),અમરી નલ જૂથ (માટીના વાસણો)
अनाक्रोनिझम,અનાક્રોનિઝમ
अनाक्रोनिस्टिक,એનાક્રોનિસ્ટિક
पूर्वज,પૂર્વજ
पूर्वजांची पूजा,પૂર્વજની પૂજા
वंशपरंपरा,વંશ
वंशपरंपरा,વંશ
वंशपरंपरा,વંશ
वंशपरंपरा,વંશ
प्राचीन राजवट,પ્રાચીન શાસન
प्राचीन,પ્રાચીન
प्राचीन बालगीत,પ્રાચીન લોકગીત
प्राचीन श्रद्धा,પ્રાચીન માન્યતા
प्राचीन प्रथा,પ્રાચીન રિવાજ
प्राचीन इतिहास,પ્રાચીન ઇતિહાસ
प्राचीन स्मारके,પ્રાચીન સ્મારકો
किस्सा,ટુચકો
अँजेलोट,એન્જેલોટ
एंजलस,એન્જલસ
अँजेविन (=अंजेविन),એન્જેવિન (=એન્જેવિન)
कोन,ખૂણો
अँग्लिकन,એંગ્લિકન
अँग्लिकन कम्युनियन,એંગ્લિકન કોમ્યુનિયન
अँग्लिकनवाद,અંગ્રેજવાદ
अँग्लो-फोब,એંગ્લો-ફોબ
अँग्लो-फोबिया,એંગ્લો-ફોબિયા
अँग्लो-सॅक्सन,એંગ્લો-સેક્સન
अँग्लो-सॅक्सोनवाद,એંગ્લો-સેક્સોનિઝમ
अॅनालिस्ट,એનાલિસ્ટ
इतिहास,ઇતિહાસ
संलग्नीकरण,જોડાણ
अँटी-बेलम,એન્ટિ-બેલમ
पूर्वीची तारीख,તારીખ પહેલાં
कारकुनविरोधी,ક્લેરિકલિઝમ વિરોધી
कारकुनी विरोधी कायदा,કારકુની વિરોધી કાયદો
पुरातन वास्तू,પ્રાચીનકાળ
विरोधी भाडे,વિરોધી ભાડા
विरोधी भाडे,વિરોધી ભાડા
सेमिटिझम विरोधी,વિરોધી સેમિટિઝમ
अँझॅक,એન્ઝેક
अपेला,અપેલા
अरालू,અરાલુ
आर्च बिशप,આર્ક બિશપ
आर्च डची,કમાન ડચી
आर्च ड्यूक,આર્ક ડ્યુક
आर्काइफ (=अभिलेख संग्रह),આર્કાઇફ (=આર્કાઇવલ સંગ્રહ)
आर्किपिस्कोपेट,આર્કિપીસ્કોપેટ
अभिजात वर्ग,કુલીન વર્ગ
कुलीन,કુલીન
खानदानी स्नोबरी,કુલીન સ્નોબરી
अॅरिस्टोटेलियन,એરિસ્ટોટેલિયન
आरमार,આર્માડા
आरमार (=स्पॅनिश आरमार),આર્મડા (=ધ સ્પેનિશ આર્મડા)
आर्मोरिस्ट (= आर्मरिस्ट),આર્મોરિસ્ટ (=આર્મરિસ્ટ)
चिलखत (= चिलखत),બખ્તર (=બખ્તર)
आर्मरिस्ट,આર્મરિસ્ટ
आर्यन,આર્યન
आर्यन,આર્યન
अस्करी,અસ્કરી
नियुक्त करा,સોંપણી
Assize,સહાય કરો
Assize,સહાય કરો
Assize,સહાય કરો
शस्त्रास्त्र कायद्याची मदत,આર્મ્સ એક્ટની સહાય
डॅरेन प्रेझेंटमेंटची मदत,ડેરેન પ્રેઝન્ટમેન્ટની સહાય
मॉर्ट &#39;डी&#39; पूर्वजांची मदत,મોર્ટ &#39;ડી&#39; પૂર્વજની સહાય
कादंबरी Disseisin च्या Assize,નવલકથા ડીસીસીનની સહાય
अत्याचार,અત્યાચાર
हल्ला,હુમલો
ऑलिक कौन्सिल,ઓલિક કાઉન્સિલ
देवीची कुर्‍हाड (= देवी कुर्हाड),દેવીની કુહાડી (=દેવીની કુહાડી)
अक्ष (=रोम-बर्लिन-टोकियो अक्ष),એક્સિસ (=ધ રોમ-બર્લિન-ટોક્યો એક્સિસ)
बॅबिलोन,બેબીલોન
बॅबिलोनियन बंदिवास (= बॅबिलोनी कैद),બેબીલોનીયન કેદ (=બેબીલોનીશ કેદ)
बचनाल भक्त,બચનલ ભક્ત
बचनालिया,બચ્ચનલિયા
बॅचलर,સ્નાતક
बगदाद करार,બગદાદ કરાર
बाल्कन लीग,બાલ્કન લીગ
बाल्कन करार,બાલ્કન કરાર
बाल्कन युद्धे,બાલ્કન યુદ્ધો
बाल्टिक करार,બાલ્ટિક સંધિ
डाकू,ડાકુ
बांडुंग परिषद,બાંડુંગ કોન્ફરન્સ
हद्दपार,દેશનિકાલ
बॅनर,બેનર
रानटी,અસંસ્કારી
बार्बिकन,બાર્બીકન
बारडोली सत्याग्रह,બારડોલી સત્યાગ્રહ
धान्याचे कोठार बर्नर्स,બાર્ન બર્નર્સ
जहागीरदार,બેરોન
बॅरोनेज,બેરોનેજ
Barones majores,બેરોન્સ મેજર
बॅरोन्स अल्पवयीन,બેરોન્સ સગીર
जहागीरदार,બેરોનેસ
बॅरोनेट,બેરોનેટ
बॅरोनेटेज,બેરોનેટેજ
बॅरोनेटेज,બેરોનેટેજ
बॅरोनेटसी,બેરોનેટસી
बॅरोनी,બેરોની
बॅराकून,બેરાકૂન
बॅराकून,બેરાકૂન
बॅरिकेड (= बॅरिकेडो),બેરિકેડ (=બેરિકેડ)
बॅरिकेड (= बॅरिकेडो),બેરિકેડ (=બેરિકેડ)
बॅरिकेड (= बॅरिकेडो),બેરિકેડ (=બેરિકેડ)
बेस कॅम्प,મુખ્ય છાવણી
बॅसिलिका,બેસિલિકા
बॅसिलिका,બેસિલિકા
बॅस्टिला,બેસ્ટિલા
बॅस्टिल,બેસ્ટિલ
बॅस्टिल,બેસ્ટિલ
बॅटरी,બેટરી
लढाई,યુદ્ધ
Batlle-array,Batlle-એરે
लढाई रडणे,યુદ્ધ ક્રાય
लढाई दिन,યુદ્ધ દિન
युद्धक्षेत्र,યુદ્ધ ક્ષેત્ર
लढाई भजन,યુદ્ધ સ્તોત્ર
स्पर्सची लढाई,સ્પર્સનું યુદ્ધ
स्टँडर्डची लढाई,ધોરણનું યુદ્ધ
युद्धनौका,યુદ્ધજહાજ
युद्धनौका-शक्ती,યુદ્ધજહાજ-શક્તિ
Bayeux टेपेस्ट्री,Bayeux ટેપેસ્ટ્રી
बीकन,બીકન
बीकन टॉवर,બીકન ટાવર
बीव्हर,બીવર
बीव्हर,બીવર
समुद्राचे भिकारी,સમુદ્રના ભિખારીઓ
बेलिकोज,બેલીકોઝ
बेलिकोज,બેલીકોઝ
बेलिकोज,બેલીકોઝ
बेलिकोसिटी,બેલીકોસીટી
बेलोना,બેલોના
फायदा,લાભ
धर्मगुरूंचा लाभ,ધર્મગુરુઓનો લાભ
बेनेलक्स,બેનેલક્સ
बर्लिन डिक्री,બર્લિન હુકમનામું
बेसरकर,બેર્સકર
बेझंट (=बेझंट),બેસન્ટ (=બેઝન્ટ)
बेथेल,બેથેલ
बिब्लिओलेटर,ગ્રંથસૂચિ
ग्रंथदिंडी,ગ્રંથસૂચિ
मोठा बर्था,મોટા બર્થા
धर्मांध,ધર્માંધ
बिलेटिंग,બિલેટિંગ
अटेंडरचे बिल,અટેન્ડરનું બિલ
अधिकारांचे विधेयक,અધિકારોનું વિયેધક
चरित्रकार,જીવનચરિત્રકાર
जन्मकथा,જન્મ કથાઓ
बिव्होक,બિવૉક
बिव्होक,બિવૉક
बिव्होक,બિવૉક
बिझोनिया,બિઝોનિયા
काळा पक्षी,બ્લેક બર્ડિંગ
काळा झेंडा,કાળો ઝંડો
कृष्ण विवर,બ્લેક હોલ
कृष्ण विवर,બ્લેક હોલ
काळा पाय (= खरुज),કાળો પગ (= સ્કેબ)
काळा शर्ट,કાળો શર્ટ
ब्लेझोन,બ્લેઝોન
ब्लेझोन,બ્લેઝોન
झगमगाट,બ્લેઝોનરી
झगमगाट,બ્લેઝોનરી
ब्लिट्झक्रीग,બ્લિટ્ઝક્રેગ
रक्तहीन क्रांती (=वैभवशाली क्रांती),લોહી વગરની ક્રાંતિ (= ભવ્ય ક્રાંતિ)
ब्लडवाईट,બ્લડવાઈટ
ब्लडी मेरी,બ્લડી મેરી
निळा,વાદળી
निळे रक्त,વાદળી રક્ત
निळे पुस्तक,વાદળી પુસ્તક
निळी फीत,વાદળી રિબન
निळी फीत,વાદળી રિબન
ब्लूज (=रॉयल हॉर्स गार्ड),બ્લૂઝ (= રોયલ હોર્સ ગાર્ડ્સ)
निळा शर्ट,વાદળી શર્ટ
ब्लू वॉटर स्कूल,બ્લુ વોટર સ્કૂલ
नियंत्रण मंडळ,બોર્ડ ઓફ કંટ્રોલ
शरीर चिलखत,શારીરિક બખ્તર
बोअर,બોઅર
लूट,લૂંટ
बरो,બરો
बुलेउटेरियन,બુલ્યુટેરિયન
बोरबॉन,બોર્બોન
बॉक्सर बंडखोरी,બોક્સર બળવો
ब्रेस,તાણવું
ब्रासर्ड,બ્રાસર્ડ
ब्रासर्ड,બ્રાસર્ડ
ब्रेड वसाहती,બ્રેડ વસાહતો
ब्रेस्ट प्लेट,સ્તન પ્લેટ
स्तनाचे काम,સ્તન કામ
ब्रेटवाल्डा,બ્રેટવાલ્ડા
ब्रिगेंड,બ્રિગન્ડ
दलाल,બ્રિગેન્ડેજ
ब्रिटिश कॉमनवेल्थ ऑफ नेशन्स,બ્રિટિશ કોમનવેલ્થ ઓફ નેશન્સ
तपकिरी शर्ट (=नाझी),બ્રાઉન શર્ટ્સ (=નાઝીઓ)
ब्रुसेल्स ट्रीटी (पॅक्ट) संस्था (=वेस्टर्न युरोपियन युनियन),બ્રસેલ્સ સંધિ (સંધિ) સંસ્થા (=વેસ્ટર્ન યુરોપિયન યુનિયન)
बफ,બફ
बफ,બફ
बफ-कोट,બફ-કોટ
बफ्स,બફ્સ
बुले (=परिषद),બુલે (= કાઉન્સિલ)
बर्गेज,બર્ગેજ
बर्जेस,બર્જેસ
बायझँटाईन,બાયઝેન્ટાઇન
बायझँटाईन चर्च,બાયઝેન્ટાઇન ચર્ચ
बायझँटाईन साम्राज्य,બાયઝેન્ટાઇન સામ્રાજ્ય
बायझँटाईन युग,બાયઝેન્ટાઇન યુગ
बायझँटाईन इतिहासकार,બાયઝેન્ટાઇન ઇતિહાસકારો
कॅबल,કેબલ
सीझरवाद,સીઝરિઝમ
खलिफा,ખલીફા
कॅलिग्राफर,સુલેખનકાર
कॅलिग्राफिस्ट,સુલેખનકાર
कॅलिग्राफी,સુલેખન
कॅल्ट्रॉप,કેલ્ટ્રોપ
सौहार्द,મિત્રતા
कॅमरिला,કેમેરિલા
कॅमरिला,કેમેરિલા
कॅमेलॅकम,કેમલૌકમ
क्लृप्ती,છદ્માવરણ
मोहीम,ઝુંબેશ
शिबिराचे अनुयायी,શિબિર અનુયાયી
कॅम्पो सॅंटो,કેમ્પો સાન્ટો
कॅम्पस मार्टियस,કેમ્પસ માર્શિયસ
कॅनेफोरा,કેનેફોરા
कॅंग्यू,કેંગ્યુ
तोफखाना,તોપ
तोफ चारा,તોપ ઘાસચારો
कॅनन,કેનન
कॅनन कायदा,કેનન કાયદો
कॅनोपस डिक्री,કેનોપસ હુકમનામું
कण्टिंग शस्त्र,શસ્ત્ર
बंदिवान,બંદીવાન
कॅप्टर,કેપ્ટર
कार्डिनल,કાર્ડિનલ
कार्ल,કાર્લ
कॅरोलिंगियन राजवंश,કેરોલિંગિયન રાજવંશ
कार्थुशियन पंथ,કાર્થુસિયન સંપ્રદાય
कार्टोसा,કાર્ટોસા
कॅस्टेलियन,કેસ્ટેલિયન
कॅस्टेलियन,કેસ્ટેલિયન
जाती व्यवस्था,જાતિ વ્યવસ્થા
वाडा,કિલ્લો
वाडा,કિલ્લો
वाड्याचे शहर,કેસલ ટાઉન
कास्त्रा,કાસ્ટ્રા
कास्त्रा,કાસ્ટ્રા
कॅथेड्रा,કેથેડ્રા
कॅथेड्रल,કેથેડ્રલ
केटो स्ट्रीट कट,કેટો સ્ટ્રીટ કાવતરું
कौडिल्लो,કૌડીલો
घोडेस्वार,ઘોડેસવાર
घोडेस्वार,ઘોડેસવાર
घोडदळ संसद,ઘોડેસવાર સંસદ
अदुल्लमची गुहा,અદુલ્લામની ગુફા
गुहा चित्रकला,ગુફા પેઇન્ટિંગ
गुहा चित्रकला,ગુફા પેઇન્ટિંગ
सेंटमवीर,સેન્ટુમવીર
सेंच्युरियन,સેન્ચ્યુરિયન
शतक,સદી
साखळी चिलखत (=साखळी मेल),સાંકળ બખ્તર (= સાંકળ મેલ)
चंत्री,ચેન્ટ્રી
चंत्री,ચેન્ટ્રી
चॅप बुक,ચેપ પુસ્તક
धर्मगुरू,ધર્મગુરુ
धडा,પ્રકરણ
अपघातांचा अध्याय,અકસ્માતોનો પ્રકરણ
चार्ज करा,ચાર્જ
चार्ज डी अफेयर्स,ચાર્જ ડી અફેર્સ
चार्ज विभाजन,ચાર્જ વિદાય
चार्जर,ચાર્જર
रथ,રથ
सारथी,સારથિ
सारथी,સારથિ
सारथी,સારથિ
धर्मादाय स्वयंपाकघर,ચેરિટી રસોડું
सनद,ચાર્ટર
चार्टिस्ट चळवळ (=चार्टिझम),ચાર્ટિસ્ટ ચળવળ (= ચાર્ટિઝમ)
चार्टोफिलेशियम,ચાર્ટોફિલેસિયમ
Chateau,ચટેઉ
चेक पोस्ट,ચેક પોસ્ટ
रासायनिक युद्ध,રાસાયણિક યુદ્ધ
चेस्टर,ચેસ્ટર
प्रमुख,મુખ્ય
सरदार,સરદાર
सरदार,સરદાર
सरदार,સરદાર
शिफॉन,શિફૉન
शौर्य,શૌર્ય
निवडलेले लोक,પસંદ કરેલા લોકો
ख्रिसमोग्राफीन,ક્રિસ્મોગ્રાફિયન
ख्रिस्ती धर्म,ખ્રિસ્તી ધર્મ
ख्रिश्चन युग,ખ્રિસ્તી યુગ
ख्रिश्चन समाजवाद,ખ્રિસ્તી સમાજવાદ
क्रॉनिकल,ક્રોનિકલ
क्रॉनिकलर,ક્રોનિકર
Chryse Chersonese,Chryse Chersonese
सिमेलियम,સિમેલિયમ
Cinquecento शैली,Cinquecento પ્રકાર
परिक्रमा,પરિક્રમા
सिस्टर्सियन साधू,સિસ્ટરસિયન સાધુ
किल्ला,રાજગઢ
उद्धरण,અવતરણ
उद्धरण,અવતરણ
सविनय कायदेभंग,સામાજિક અસહકાર
नागरी युद्ध,નાગરિક યુદ્ધ
सिव्हिस रोमनस,સિવિસ રોમનસ
शास्त्रीय वय,શાસ્ત્રીય વય
Clepht (=klepht),Clepht (=klepht)
कारकुनीवाद,કારકુનવાદ
लिपिक,કારકુન
क्लुनियाक हालचाली,ક્લુનિયાક ચળવળ
कोट चिलखत,કોટ બખ્તર
अंगरखा,શસ્ત્રોનો કોટ
अंगरखा,શસ્ત્રોનો કોટ
अंगरखा,શસ્ત્રોનો કોટ
मेलचा कोट,ટપાલનો કોટ
पलटण,સમૂહ
कॉमिटिया,કોમીટીયા
Comitia Centuriata,કોમિટિયા સેન્ટુરિયાટા
Comitia Curiata,કોમિટિયા કુરિયાટા
कमिटीया ट्रिबुटा,કોમિટિયા ટ્રિબ્યુટા
स्मारक कमान,સ્મારક કમાન
स्मारक नाणे,સ્મારક સિક્કો
स्मारक शिक्का,સ્મારક સીલ
सामान्य फील्ड,સામાન્ય ક્ષેત્ર
Communard,કોમ્યુનાર્ડ
कॉन्कॉर्डॅट,કોનકોર્ડેટ
कॉन्कॉर्डॅट,કોનકોર્ડેટ
कॉन्डोटिएरे,કોન્ડોટિયર
पुष्टीकरण कार्टारम,પુષ્ટિકરણ Cartarum
संघर्ष,સંઘર્ષ
मंडळी,મંડળ
जिंकणारे राज्य,વિજયી રાજ્ય
जिंकणारा,વિજેતા
जिंकणारा,વિજેતા
कॉन्सिलियम,કોન્સિલિયમ
कंसिस्टरी,કન્સિસ્ટરી
षडयंत्र,કાવતરું
षडयंत्र,કાવતરું
वाणिज्य दूतावास,કોન્સ્યુલેટ
सल्लामसलत पुस्तक,કન્સ્યુલેશન બુક
खंडीय प्रणाली,કોન્ટિનેંટલ સિસ્ટમ
अधिवेशन संसद,સંમેલન સંસદ
कॉपरहेड्स (=पीस डेमोक्रॅट्स),કોપરહેડ્સ (=પીસ ડેમોક્રેટ્સ)
कॉपीहोल्ड,કોપીહોલ્ડ
कोर्डनिंग,કોર્ડનિંગ
कोरोना,કોરોના
राज्याभिषेक,રાજ્યાભિષેક
राज्याभिषेक दगड,રાજ્યાભિષેક પથ્થર
कॉर्पस,કોર્પસ
Corsair,કોર્સેર
Corsair,કોર્સેર
कॉर्सेट (=कॉर्सलेट),કાંચળી (=કાંચળી)
कोर्टेस,કોર્ટેસ
कोटर (=कोटीर),કોટ્ટર (=કોટીયર)
कोटर (= cottier),કોટ્ટર (=કોટીયર)
काउंट पॅलेटिनेट,કાઉન્ટ પેલેટિનેટ
देशाचे घर,દેશ ઘર
परगणा,કાઉન્ટી
काउंटी बरो,કાઉન્ટી બરો
काउंटी न्यायालये,કાઉન્ટી કોર્ટ
काउंटी पॅलाटिन,કાઉન્ટી પેલેટીન
कोर्ट,કોર્ટ
कोर्ट,કોર્ટ
न्यायालयाचे परिपत्रक,કોર્ટ પરિપત્ર
न्यायालयीन शिष्टाचार,કોર્ટ શિષ્ટાચાર
दरबारी,દરબારી
कोर्ट ऑफ कॅसेशन,કેસેશન કોર્ટ
कोर्ट ऑफ डायरेक्टर्स (EIC),કોર્ટ ઓફ ડિરેક્ટર્સ (EIC)
मालकांचे न्यायालय,માલિકોની કોર્ટ
दरबारी कवी,દરબાર કવિ
करार केला कॅमेरोनियन,કરારબદ્ધ કેમેરોનિયનો
मुकुट,તાજ
मुकुट,તાજ
मुकुट,તાજ
मुकुट जमीन,તાજ જમીન
मुकुट जमीन,તાજ જમીન
राजकुमार,રાજકુંવર
धर्मयुद्ध,ધર્મયુદ્ધ
धर्मयुद्ध,ક્રુસેડર
क्रिप्टोग्राम,ક્રિપ્ટોગ્રામ
कुइरास,કુઇરાસ
क्युरासियर,ક્યુરાસીયર
पंथ देवता,સંપ્રદાય દેવતા
कुरिया,કુરિયા
कुरिया,કુરિયા
झारवाद,ઝારવાદ
गडद खंड,શ્યામ ખંડ
न्यायाचा दिवस,ચુકાદાનો દિવસ
न्यायाचा दिवस,ચુકાદાનો દિવસ
डीन,ડીન
दशक,દશક
दिनारियस,ડેનરિયસ
पदच्युत सम्राट,પદભ્રષ્ટ રાજા
उध्वस्त करा,બગાડ
उध्वस्त,બગાડ
डिथ्रोन,ડિથ્રોન
डायडेम,ડાયડેમ
डायडेम,ડાયડેમ
डायडेम,ડાયડેમ
डायशिया,ડાયસિયા
डिकॅस्टेरियम,ડિકાસ્ટેરિયમ
डिलुवालिस्ट,ડિલુવિઆલિસ્ટ
बिशपच्या अधिकारातील प्रदेश,પંથક
बिशपच्या अधिकारातील प्रदेश,પંથક
डायरेक्टरी (=निर्देशिका),નિર્દેશક (=નિર્દેશક)
डायरेक्टरी (=निर्देशिका),નિર્દેશક (=નિર્દેશક)
दिरहाम,દિરહામ
अविश्वासू,બેવફા
अविश्वासू,બેવફા
चूकीचा सिद्धांत,ક્ષતિનો સિદ્ધાંત
दस्तऐवज,દસ્તાવેજ
कागदोपत्री पुरावा,દસ્તાવેજી પુરાવા
डोम्सडे बुक,ડોમ્સડે બુક
कॉन्स्टंटाईनचे दान,કોન્સ્ટેન્ટાઇનનું દાન
नशिबात,પ્રારબ્ધ
डोगर राणी,ડોવગર રાણી
ड्रॅगन,ડ્રેગન
ड्रोमेडरियन,ડ્રોમેડેરીયન
ड्रोमेडरी,ડ્રોમેડરી
ड्रोमंड,ડ્રોમોન્ડ
दुहेरी,ડ્યુઅલ
दुहेरी युती,બેવડા જોડાણ
दुहेरी entente,ડ્યુઅલ entente
दुहेरी प्रणाली (= दुहेरी सरकार),ડ્યુઅલ સિસ્ટમ (= બેવડી સરકાર)
सरदार,ડ્યુક
ड्यूमा,ડુમા
बटू अवतार,વામન અવતાર
राजवंश,રાજવંશ
राजवंश,રાજવંશ
गरुड,ગરુડ
मोठा माणूस,વૃદ્ધ માણસ
अर्ल,અર્લ
अर्लडम,અર્લ્ડમ
लवकर गुप्त,પ્રારંભિક ગુપ્તા
प्रारंभिक (ऐतिहासिक) साइट,પ્રારંભિક (ઐતિહાસિક) સાઇટ્સ
प्रारंभिक वैदिक काळ,પ્રારંભિક વૈદિક સમયગાળો
उपदेशक,એકલસિયા
पुनर्स्थापना आदेश,વળતરનો આદેશ
आठ पट मार्ग,આઠ ગણો રસ્તો
वडीलधारे,વડીલો
ज्येष्ठ राजकारणी (= genro),વડીલ રાજનેતા (= genro)
हत्तीचा गोडा,હાથી ગોડ
अकरा वर्षांचा जुलूम,અગિયાર વર્ષનો જુલમ
एलिसी (=एलिसी),એલિસી (=એલિસી)
बंदिस्त चळवळ,બિડાણ ચળવળ
एनसायकिकल,એન્સાઇકલિકલ
विश्वकोशवादी चळवळ,જ્ઞાનકોશવાદી ચળવળ
एंटेंट,એન્ટેન્ટે
एंटेंट कॉर्डियल,એન્ટેન્ટે કોર્ડિયેલ
सिंहासन,સિંહાસન
दलाल,નોકરચાકર
एफोद,એફોદ
एफोर,એફોર
महाकाव्य युग,મહાકાવ્ય યુગ
महाकाव्य नायक,એપિક હીરો
एपिग्राफ,એપિગ્રાફ
एपिस्कोपसी,એપિસ્કોપેસી
एपिस्कोपेट,એપિસ્કોપેટ
भाग,એપિસોડ
युग,યુગ
युग निर्माण करणारी घटना,યુગ-નિર્માણની ઘટના
युग निर्माण करणारा माणूस,યુગ-નિર્માતા માણસ
उपनाम,ઉપનામ
इक्वरी,ઇક્વેરી
इक्वरी,ઇક્વેરી
अश्वारूढ पुतळा,અશ્વારોહણ પ્રતિમા
युग,યુગ
एर्गस्टुलम,અર્ગાસ્ટુલમ
युकेरिस्ट,યુકેરિસ્ટ
इव्हेंजेलिकलिझम,ઇવેન્જેલિકલિઝમ
इव्हँजेलिकल चळवळ,ઇવેન્જેલિકલ ચળવળ
प्रचारक,પ્રચારક
Exarch,Exarch
Exilarch,એક્સિલર્ચ
फालंगिस्ट,ફલાંગિસ્ટ
वडिलांची जमीन,પિતાની જમીન
वडिलांची जमीन,પિતાની જમીન
फेरी,ફેરિયા
फेटिश,ફેટીશ
जहागीरदार धारण,સામન્તી હોલ્ડિંગ્સ
सरंजामशाही (=सामंत व्यवस्था),સામંતવાદ (= સામંતશાહી વ્યવસ્થા)
सरंजामशाही व्यवस्था,સામંતશાહી વ્યવસ્થા
सामंत,સામંતશાહી
फिदेई बचावकर्ता (=विश्वासाचा रक्षक),ફિદેઇ ડિફેન્સર (=વિશ્વાસના રક્ષક)
फिफ,ફીફ
फील्ड सिस्टम,ફીલ્ડ સિસ્ટમ
पंधरावा कर,પંદરમો કર
आकृती डोके,આકૃતિ વડા
फिन डी siecle,ફિન ડી siecle
आग भक्षक,અગ્નિ ખાનાર
पाच मैल कायदा,ફાઇવ માઇલ એક્ટ
झेंडा,ધ્વજ
फ्लेमेन डायलिस,ફ્લેમેન ડાયાલિસ
फ्लेमेन मार्शियलिस,ફ્લેમેન માર્શેલીસ
ज्वलंत मशाल,જ્વલંત મશાલ
पार्श्वभाग,ફ્લૅન્ક
flanking चळवळ,flanking ચળવળ
भरभराट होत असलेली सभ्यता,વિકસતી સંસ્કૃતિ
प्रवाही विश्वास,પ્રવાહવાદી માન્યતા
लोकदेवता,લોક દેવ
लोकदेवता,લોક દેવી
लोक स्मृती,લોક સ્મૃતિ
लोककथा (=लोककथा),લોક પૌરાણિક કથા (=લોકકથા)
चारा,ઘાસચારો
धाड,ધાડ
पूर्वापार,ફોરબિયર
पूर्वज,વડવા
अग्रदूत,અગ્રદૂત
उदासीन आशा,નિરાશ આશા
निर्मितीचा टप्पा,રચનાત્મક તબક્કો
किल्ला,કિલ્લો
तटबंदी,કિલ્લેબંધી
तटबंदी असलेले शहर,ફોર્ટિફાઇડ નગર
किल्ला,કિલ્લો
फॉर्च्युना,ફોર્ચ્યુના
फोरम रोमनम,ફોરમ રોમનમ
फ्रान्सिस्कन,ફ્રાન્સિસ્કન
फ्रँकलिन,ફ્રેન્કલીન
भ्रातृसंहारक युद्ध,ભાઈચારો યુદ્ધ
मोफत चर्च,મફત ચર્ચ
फ्रीहोल्डर,ફ્રીહોલ્ડર
फ्रीलान्स सैनिक,ફ્રીલાન્સ સૈનિક
फ्रीलान्स सैनिक,ફ્રીલાન્સ સૈનિક
फ्रीमॅन,ફ્રીમેન
फ्रीमॅन,ફ્રીમેન
मोफत पास,મફત પાસ
फ्रेंच क्रांती,ફ્રેન્ચ ક્રાંતિ
तपस्वी,તપસ્વી
फ्रियाशियन भाडोत्री,ફ્રિયાશિયન ભાડૂતી
सीमावर्ती माणूस,સરહદી માણસ
गॅलिओन,ગેલિયન
गॅलिकन (=गॅलिकनिस्ट),ગેલિકન (=ગેલિકનવાદી)
गॅलिकनिझम,ગેલિકનિઝમ
गॅरिसन,ગેરિસન
गॉल,ગૌલ
गॉन्टलेट,ગાઉન્ટલેટ
गॉन्टलेट,ગાઉન્ટલેટ
गॅझेबो,ગાઝેબો
गॅझेबो,ગાઝેબો
गॅझेबो,ગાઝેબો
वंशावळीचा इतिहास,વંશાવળી ઇતિહાસ
वंशावळी रेकॉर्ड,વંશાવળી રેકોર્ડ
वंशावळी सारणी,વંશાવળી કોષ્ટક
वंशावळीचे झाड,વંશાવળી વૃક્ષ
वंशावळी,વંશાવળી
वंशावळी,વંશાવળી
पिढी,જનરેશન
नरसंहार,નરસંહાર
परराष्ट्रीय,બિનજાતીય
परराष्ट्रीय,બિનજાતીય
परराष्ट्रीय,બિનજાતીય
परराष्ट्रीय,બિનજાતીય
वस्ती,ઘેટ્ટો
वस्ती,ઘેટ્ટો
गिबेट,ગીબેટ
गिल्ड (=गिल्ड),ગિલ્ડ (=ગિલ્ડ)
ग्लॅडिएटर,ગ્લેડીએટર
गौरवशाली क्रांती,ભવ્ય ક્રાંતિ
गोल्डन हॉर्डे,ગોલ્ડન હોર્ડ
महाआघाडी,ગ્રાન્ડ એલાયન્સ
ग्रँडी,ગ્રાન્ડી
ग्रँड सिग्नर,ગ્રાન્ડ સિગ્નર
ग्रँड सिग्नर,ગ્રાન્ડ સિગ્નર
महान गृहयुद्ध,મહાન ગૃહ યુદ્ધ
महान प्रस्थान (बुद्धाचे),મહાન પ્રસ્થાન (બુદ્ધનું)
ग्रेटर इंडिया,બૃહદ ભારત
ग्रेट हेलास,ગ્રેટ હેલાસ
ग्रेट होर्डे,મહાન લોકોનું મોટું ટોળું
महान त्याग (=महान प्रस्थान),મહાન ત્યાગ (= મહાન પ્રસ્થાન)
ग्रेट सील,ગ્રેટ સીલ
ग्रेट ट्रॅक,ગ્રેટ ટ્રૅક
उत्तम वाहन,મહાન વાહન
चीनची महान भिंत,ચીનની મહાન દિવાલ
ग्रीव्ह,ગ્રીવ
गार्ड-चेंबर,ગાર્ડ-ચેમ્બર
गार्ड-चेंबर,ગાર્ડ-ચેમ્બર
गार्ड-चेंबर,ગાર્ડ-ચેમ્બર
गुप्ता,ગુપ્તા
हॅगिओग्राफी,હેગિઓગ્રાફી
हॅगिओग्राफी,હેગિઓગ્રાફી
हॅगिओलॉजी,હેગિઓલોજી
हॅगिओलॉजी,હેગિઓલોજી
खाजगी प्रेक्षकांचा हॉल,ખાનગી પ્રેક્ષકોનો હોલ
सार्वजनिक प्रेक्षकांचा हॉल,જાહેર પ્રેક્ષકોનો હોલ
हॅचमेंट,હેચમેન્ટ
हिथन,વિધર્મી
हिथन,વિધર્મી
हिथिनिझम,હીથેનિઝમ
हेगिरा (हेजेरा),હેગીરા (હેજેરા)
हेलेनिझम,હેલેનિઝમ
हेलोट,હેલોટ
हेरलड्री,હેરાલ્ડ્રી
वारसा,ધરોહર
चित्रलिपी रेखीय वर्ण,હિયેરોગ્લિફિક રેખીય અક્ષરો
चित्रलिपी लिपी,હિયેરોગ્લિફિક સ્ક્રિપ્ટ
उच्च चर्च,ઉચ્ચ ચર્ચ
उंच लँडर,ઉચ્ચ લેન્ડર
हिंदू धर्म,હિંદુ ધર્મ
इतिहासकार,ઈતિહાસકાર
इतिहासकार,ઈતિહાસકાર
ऐतिहासिक भौतिकवाद,ઐતિહાસિક ભૌતિકવાદ
ऐतिहासिक युग,ઐતિહાસિક યુગ
ऐतिहासिक सीमा,ઐતિહાસિક સરહદ
इतिहासकार,ઇતિહાસકાર
इतिहासकार,ઇતિહાસકાર
इतिहासलेखन,ઇતિહાસલેખન
इतिहासलेखन,ઇતિહાસલેખન
इतिहास,ઇતિહાસ
हिटाइट साम्राज्य,હિટ્ટાઇટ સામ્રાજ્ય
पवित्र युती,પવિત્ર જોડાણ
पवित्र शहर,પવિત્ર શહેર
पवित्र शहर,પવિત્ર શહેર
पवित्र भूमी,પવિત્ર ભૂમિ
पवित्र भूमी,પવિત્ર ભૂમિ
होली लीग,પવિત્ર લીગ
होली लीग,પવિત્ર લીગ
पवित्र रोमन साम्राज्य (=द एम्पायर),પવિત્ર રોમન સામ્રાજ્ય (=ધ એમ્પાયર)
पवित्र समुद्र,પવિત્ર સમુદ્ર
पवित्र समुद्र,પવિત્ર સમુદ્ર
पवित्र युद्ध,પવિત્ર યુદ્ધ
पवित्र युद्ध,પવિત્ર યુદ્ધ
गृह सरकार,ગૃહ સરકાર
होमगार्ड,હોમગાર્ડ
जन्मभुमी,વતન
घरचा नियम,ઘરનો નિયમ
होम रूल,હોમ રૂલ
होर्डे,લોકોનું મોટું ટોળું
होर्डे,લોકોનું મોટું ટોળું
शत्रु देश,પ્રતિકૂળ દેશ
प्रतिकूल जमीन,પ્રતિકૂળ જમીન
गरम पाठलाग,ગરમ પીછો
घर,ઘર
घर,ઘર
हाऊस ऑफ कॉमन्स,હાઉસ ઓફ કોમન્સ
हाऊस ऑफ लॉर्ड्स,હાઉસ ઓફ લોર્ડ્સ
प्रतिनिधीगृह,હાઉસ ઓફ રિપ્રેઝન્ટેટિવ્સ
Huguenots,હ્યુગ્યુનોટ્સ
मानवतावाद,માનવતાવાદ
मानवतावादी,માનવતાવાદી
शंभर येसर्स युद्ध,સો યસર્સ વોર
हुंकार,હુંકર
इबादत खाना (पूजागृह),ઇબાદત ખાના (ઇબાદતનું ઘર)
आयकॉनोक्लास्ट,આઇકોનોક્લાસ્ટ
मूर्तिपूजक,મૂર્તિપૂજક
इलाही युग,ઇલાહી યુગ
बेकायदेशीर युद्ध,ગેરકાયદેસર યુદ્ધ
प्रकाशित हस्तलिखित,પ્રકાશિત હસ્તપ્રત
सचित्र हस्तलिखित,સચિત્ર હસ્તપ્રત
सचित्र हस्तलिखित,સચિત્ર હસ્તપ્રત
इमाम (इम्माम),ઇમામ (ઇમામ)
इमामते,ઈમામત
इमामते,ઈમામત
इमामबारा,ઈમામબારહ
शाही,શાહી
शाही शहर,શાહી શહેર
साम्राज्यवाद,સામ્રાજ્યવાદ
शाही प्राधान्य,શાહી પસંદગી
बेधडकपणा,અવ્યવસ્થિતતા
ढोंगी,ઢોંગી
तुरुंगवास,કેદ
तुरुंगवास,કેદ
घुसखोरी,આક્રમણ
घुसखोर,આક્રમણ કરનાર
स्वातंत्र्य,સ્વતંત્રતા
स्वातंत्र्यदिन,સ્વતંત્રતા દિવસ
इंडिपेंडन्स हॉल,સ્વતંત્રતા હોલ
भारतीय अमेरिकन (=रेड इंडियन=अमेरिकन भारतीय),ભારતીય અમેરિકન (=રેડ ઇન્ડિયન=અમેરિકન ભારતીય)
इंडियन होम रूल लीग,ઈન્ડિયન હોમ રૂલ લીગ
औद्योगिक क्रांती,ઔદ્યોગિક ક્રાંતિ
काफिर,બેવફાઈ
काफिर,બેવફાઈ
घुसखोरी,ઘૂસણખોરી
घुसखोर,ઘૂસણખોર
माहिती देणारा,માહિતી આપનાર
माहिती देणारा,માહિતી આપનાર
माहिती देणारा,બાતમીદાર
माहिती देणारा,બાતમીદાર
प्रवेश,પ્રવેશ
प्रवेश,પ્રવેશ
प्रवेश,પ્રવેશ
वस्ती,વસવાટ
रहिवासी,રહેવાસી
वारसा,વારસો
वारसा,વારસો
वारसा,વારસો
शिलालेख,શિલાલેખ
बोधचिन्ह,ચિહ્ન
प्रवेशाचे साधन,પ્રવેશનું સાધન
शासनाचे साधन,સરકારનું સાધન
बंड (बंड),બળવો (બળવો)
बंडखोर,બળવાખોર
बंड,બળવો
बंड,બળવો
एकत्रीकरण,એકીકરણ
रेकॉर्डची अखंडता,રેકોર્ડની અખંડિતતા
राज्यांची अखंडता,રાજ્યોની અખંડિતતા
बुद्धिमत्ता (बुद्धिमान),ઇન્ટેલિજેન્ટ્સિયા (બુદ્ધિશાળી)
मध्यस्थी,મધ્યસ્થી
मध्यस्थी करणारा,મધ્યસ્થી
मध्यस्थ,મધ્યસ્થી
आंतरराष्ट्रीयवाद,આંતરરાષ્ટ્રીયવાદ
आंतरराष्ट्रीयवाद,આંતરરાષ્ટ્રીયવાદ
आंतरराष्ट्रीयवादी,આંતરરાષ્ટ્રીયવાદી
परस्पर युद्ध,આંતરીક યુદ્ધ
इंटर्नी,ઈન્ટરની
इंटर्नी,ઈન્ટરની
इंटर्नी कॅम्प,ઈન્ટરની કેમ્પ
नजरबंदी,નજરબંધ
नजरबंदी,નજરબંધ
नजरबंदी,નજરબંધ
Internuncio,ઈન્ટર્નસિયો
दुभाषी,દુભાષિયા
दुभाषी,દુભાષિયા
दुभाषी,દુભાષિયા
हस्तक्षेप,હસ્તક્ષેપ
Intestacy,ઇન્ટેસ્ટેસી
Intestate,ઇન્ટેસ્ટેટ
कारस्थान,ષડયંત્ર
घुसखोर,ઘુસણખોર
घुसखोर,ઘુસણખોર
घुसखोरी,ઘુસણખોરી
आक्रमण,આક્રમણ
आक्रमण,આક્રમણ
गुंतवणूक करा,રોકાણ કરો
गुंतवणूक करा,રોકાણ કરો
गुंतवणूक करा,રોકાણ કરો
गुंतवणूक करा,રોકાણ કરો
गुंतवणूक,રોકાણ
गुंतवणूक,રોકાણ
गुंतवणूक,રોકાણ
गुंतवणूक समारंभ,રોકાણ સમારોહ
राष्ट्रीयत्वासह गुंतवणूक करा,રાષ્ટ્રીયતા સાથે રોકાણ કરો
अजिंक्य आरमार,અજેય આર્મડા
उल्लंघन (राज्याचे),ઉલ્લંઘન (રાજ્યની)
उल्लंघन स्थिती,ઉલ્લંઘન રાજ્ય
अभेद्य किल्ला,અભેદ્ય કિલ્લો
लोह वय,આયર્ન યુગ
लोखंडी पडदा,લોખંડનો પડદો
लोखंडी रक्षक,આયર્ન ગાર્ડ
लोखंडी शिधा,આયર્ન રાશન
लोखंडी बाजू,આયર્ન બાજુઓ
लोखंडी टिपलेला बाण,આયર્ન ટીપેડ તીર
इस्थमियन खेळ,ઇસ્થમિયન રમતો
जॅनिसरी,જેનિસરી
रखवालदार,દરવાન
रखवालदार,દરવાન
भाला,જેવલિન
जिम क्रो कायदे,જિમ ક્રો કાયદા
जिंगो,જિંગો
जिंगो,જિંગો
जिंगो,જિંગો
जिंगोइझम,જિન્ગોઇઝમ
संयुक्त कारवाई,સંયુક્ત કાર્યવાહી
संयुक्त नियंत्रण,સંયુક્ત નિયંત્રણ
संयुक्त वहिवाट,સંયુક્ત કબજો
ज्युरी,જ્યુરી
फक्त कारण,માત્ર કારણ
ठेवा,રાખવું
अभिलेखागाराचा रक्षक,આર્કાઇવ્સ કીપર
केटल-ड्रम,કેટલ-ડ્રમ
मुख्य शब्द,મુખ્ય શબ્દ
राजा,રાજા
राज्य,રાજ્ય
किंगलेट,કિંગલેટ
किंग मेकर,રાજા નિર્માતા
राजेशाही,કિંગશિપ
राजेशाही,કિંગશિપ
किचन कॅबिनेट,રસોડા નો કબાટ
नाइट,નાઈટ
राजत्व,રાજાપણું
Kinghts हॉस्पिटलर्स,Kinghts હોસ્પિટલર્સ
सेंट जॉनचे शूरवीर,સેન્ટ જ્હોનના નાઈટ્સ
नाइट टेम्पलर,નાઈટ ટેમ્પ્લર
कु क्लक्स क्लान (KKK),કુ ક્લક્સ ક્લાન (KKK)
कुमिंतंग,કુમિન્તાંગ
सामान्य,સમાજ
लान्स,લાન્સ
लान्सर,લેન્સર
नंतर गुप्ता,બાદમાં ગુપ્તા
कायदेशीर वारस,કાયદેસર વારસદાર
अराजकता (=विकार),અધર્મ (= અવ્યવસ્થા)
अराजकता (=विकार),અધર્મ (= અવ્યવસ્થા)
कायद्याचे प्रभू,કાયદાના સ્વામીઓ
धार्मिकतेचा कायदा,ધર્મનિષ્ઠાનો કાયદો
लीग ऑफ नेशन्स,લીગ ઓફ નેશન્સ
वारसा (= मृत्युपत्र),વારસો (=વીસિયત)
वारसा (= मृत्युपत्र),વારસો (=વીસિયત)
कायदेशीर वारस,કાનૂની વારસદાર
लेगेट,લેગેટ
लेगेट,લેગેટ
लेगेट,લેગેટ
दंतकथा,દંતકથા
दंतकथा,દંતકથા
फौज,લીજન
फौज,લીજન
लीजन ऑफ ऑनर,લીજન ઓફ ઓનર
Lese majeste (=lese majeste),લેસ મેજેસ્ટી (=લેસે મેજેસ્ટી)
कमी राज्ये,ઓછા રાજ્યો
विश्वासपत्रे,વિશ્વાસના પત્રો
लीज-स्वामी,લીગ-સ્વામી
लीग माणूस,લીગે માણસ
लीग माणूस,લીગે માણસ
जन्मठेप,આજીવન કેદ
वंश,વંશ
लिटल इंग्‍लंडर,લિટલ ઈંગ્લેન્ડર
लहान वाहन (= कमी वाहन),નાનું વાહન (= ઓછું વાહન)
किनारी राज्य,દરિયા કિનારે રાજ્ય
धार्मिक विधी,ઉપાસના
पूजाविधी,ઉપાસના
स्थानिक निष्ठा,સ્થાનિક નિષ્ઠા
स्थानिक स्वराज्य संस्था,સ્થાનિક-સ્વ સરકાર
लांब संसद,લાંબી સંસદ
कमी देश,નીચા દેશો
निष्ठावंत,વફાદાર
निष्ठा,વફાદારી
मॅकियाव्हेलियन धोरण,મેકિયાવેલિયન નીતિ
मॅग्ना कार्टा,મેગ્ના કાર્ટા
मॅग्नम कॉन्सिलियम,મેગ્નમ કોન્સિલિયમ
मलम निषेध,માલુમ નિષેધ
मंदामस,મેન્ડમસ
आज्ञापत्र,આદેશ
"आदेश, वर्ग &#39;अ&#39;","આદેશ, વર્ગ &#39;A&#39;"
"आदेश, वर्ग &#39;ब&#39;","આદેશ, વર્ગ &#39;બી&#39;"
"आदेश, वर्ग &#39;क&#39;","આદેશ, વર્ગ &#39;C&#39;"
आदेश प्रणाली,આદેશ સિસ્ટમ
अनिवार्य राज्य,ફરજિયાત રાજ્ય
मँगोनेल,મેંગોનેલ
जाहीरनामा,મેનિફેસ્ટો
युक्ती,દાવપેચ
मॅन ऑफ वॉर,મેન ઓફ વોર
मनोर,મનોર
मनोर,મનોર
मनुष्य-शक्ती,માનવશક્તિ
मनुष्य-शक्ती,માનવશક્તિ
मॅन्युमिशन,મેન્યુમિશન
मनुमित,મનુમિત
हस्तलिखित,હસ્તપ્રત
हस्तलिखित,હસ્તપ્રત
हस्तलिखित,હસ્તપ્રત
लुटारू,લૂંટારા
सागरी पट्टा,દરિયાઈ પટ્ટો
सागरी सभ्यता,દરિયાઈ સંસ્કૃતિ
सागरी ध्वज,દરિયાઈ ધ્વજ
सागरी शक्ती,દરિયાઈ સત્તાઓ
सागरी सार्वभौमत्व,દરિયાઈ સાર્વભૌમત્વ
सागरी युद्ध,દરિયાઈ યુદ્ધ
मार्क्विस,માર્ક્વિસ
Marquisate,માર્ક્વિસેટ
मार्शल लॉ,લશ્કરી કાયદો
मार्शल रेस,માર્શલ રેસ
हुतात्मा,શહીદ
नरसंहार,હત્યાકાંડ
युक्तीचा वस्तुमान,દાવપેચનો સમૂહ
मास्टर-एट-आर्म्स,માસ્ટર-એટ-આર્મ્સ
समारंभांचा गुरु,વિધિના માસ્ટર
गृहस्थ,ઘરના માસ્ટર
घोड्याचा मास्टर,ઘોડાનો માસ્ટર
मास्टर ऑफ द रोल्स,રોલ્સનો માસ્ટર
जुळवा,મેચ
जुळवा,મેચ
मॅचलॉक,મેચલોક
वैवाहिक युती,વૈવાહિક જોડાણ
भूमध्य शक्ती,ભૂમધ્ય શક્તિઓ
मेन्शेविक,મેન્શેવિક
भाडोत्री सैन्य,ભાડૂતી સૈન્ય
भाडोत्री सैनिक,ભાડૂતી સૈનિક
व्यापारी,વેપારી
मध्यम वयोगटातील,મધ્યમ વય
मध्य पूर्व,મધ્ય પૂર્વ
मधला रस्ता,મધ્ય માર્ગ
मधला मार्ग,મધ્ય માર્ગ
मध्यम मार्ग (=मध्यम मार्ग),મધ્ય માર્ગ (=મધ્યમ અભ્યાસક્રમ)
स्थलांतरित,સ્થળાંતર
स्थलांतर,સ્થળાંતર
स्थलांतर,સ્થળાંતર
स्थलांतर,સ્થળાંતર
सैन्यवाद,લશ્કરવાદ
सैन्यवाद,લશ્કરવાદ
सैन्यवाद,લશ્કરવાદ
सैन्यवाद,લશ્કરવાદ
सैन्यवादी,લશ્કરવાદી
सैन्यवादी,લશ્કરવાદી
सैन्यीकरण,લશ્કરીકરણ
सैन्यीकरण,લશ્કરીકરણ
सैन्यीकरण,લશ્કરીકરણ
लष्करी रणनीतीकार (=रणनीती),લશ્કરી વ્યૂહરચનાકાર (= વ્યૂહરચનાકાર)
लष्करी रणनीतीकार (=रणनीती),લશ્કરી વ્યૂહરચનાકાર (= વ્યૂહરચનાકાર)
लष्करी डावपेच (=रणनीती),લશ્કરી રણનીતિ (= વ્યૂહરચના)
मिलिशिया,મિલિશિયા
मिलिशिया,મિલિશિયા
कुशासन,કુશાસન
गहाळ लिंक,લિંક ખૂટે છે
मिशन,મિશન
मिशन,મિશન
मिशन,મિશન
मिश्र शर्यत,મિશ્ર જાતિ
आधुनिक इतिहास,આધુનિક ઇતિહાસ
मोडस विवेंडी,મોડસ વિવેન્ડી
एकतावाद,મોનાકિઝમ
सम्राट,રાજા
सम्राट,રાજા
राजेशाही,રાજાશાહી
राजेशाही,રાજાશાહી
राजसत्तावादी,રાજાશાહી
राजेशाही,રાજાશાહી
मठ,મઠ
मठ,મઠ
मठ,મઠ
संन्यासी,સાધુવાદ
संन्यासी,સાધુવાદ
संन्यासी,સાધુ
मातृ देश,માતૃ દેશ
मातृभूमी,માતૃભૂમિ
संसदेची जननी,સંસદની માતા
मुक्रकर्स,મકરાકર્સ
मम्मी,મમી
संग्रहालय,મ્યુઝિયમ
मस्केट,મસ્કેટ
मस्केटियर,મસ્કિટિયર
कस्तुरी,મસ્કેટ્રી
कस्तुरी,મસ્કેટ્રી
मस्टर मास्टर,માસ્ટર માસ્ટર
मस्टर-रोल,મસ્ટર-રોલ
मस्टर-रोल,મસ્ટર-રોલ
विद्रोह,વિદ્રોહ
विद्रोह कायदा,બળવો અધિનિયમ
गूढ जहाज,રહસ્ય જહાજ
आख्यान,વર્ણનાત્મક
राष्ट्र,રાષ્ટ્ર
मुळ,મૂળ
मूळ राज्य,મૂળ રાજ્ય
निसर्गवाद,પ્રાકૃતિકતા
नैसर्गिक हक्क,કુદરતી અધિકારો
नाझी,નાઝી
नाझी क्रांती,નાઝી ક્રાંતિ
नाझीवाद,નાઝીવાદ
पूर्वे जवळ,પૂર્વની નજીક
निग्रो,હબસી
निग्रोफिल,નેગ્રોફિલ
निग्रोफिलिझम,નેગ્રોફિલિઝમ
नेग्रोफोबिया,નેગ્રોફોબિયા
तटस्थ,તટસ્થ
तटस्थ देश,તટસ્થ દેશ
नवीन करार,નવી ડીલ
नवीन जग,નવી દુનિયા
कुलीनता,ખાનદાની
नोबल,નોબલ
नोबल,નોબલ
भटक्या,વિચરતી
भटक्यांचा जमाव,વિચરતી ટોળું
भटक्या,વિચરતી
गैर-आक्रमकता करार,બિન-આક્રમકતા કરાર
गैर-आक्रमकता करार,બિન-આક્રમકતા સંધિ
युद्धविरहित राज्य,બિન-યુદ્ધરહિત રાજ્ય
असहकार,અસહકાર
असहकार चळवळ,અસહકાર આંદોલન
उलट,સામે
उलट,સામે
ऑक्लोक्रसी (=मोबोक्रसी),લોકશાહી (=મોબોક્રસી)
ऑक्लोक्रॅट,ઓક્લોક્રેટ
अधिकृत दस्तऐवज,સત્તાવાર દસ્તાવેજ
जुने जग,જૂની દુનિયા
कुलीन वर्ग,ઓલિગાર્કી
हल्ला,આક્રમણ
ओपन वाटाघाटी,ઓપન વાટાઘાટ
खुला प्रश्न,ખુલ્લો પ્રશ્ન
रेकॉर्ड उघडा,ઓપન રેકોર્ડ્સ
ओरिएंट,ઓરિએન્ટ
प्राच्यविद्या,પ્રાચ્યવાદ
प्राच्यविद्या,પ્રાચ્યવાદ
ओरिएंटलिस्ट,પ્રાચ્યવાદી
मूळ,મૂળ
मूळ,મૂળ
ऑर्थोग्राफी,ઓર્થોગ્રાફી
शत्रुत्वाचा उद्रेक,દુશ્મનાવટનો ફાટી નીકળવો
आउट-पोस्ट,આઉટ પોસ્ટ
अतिप्रभु,ઓવર-લોર્ડ
ओव्हर-राईड,ઓવર-રાઈડ
ओव्हर-राईड,ઓવર-રાઈડ
मूर्तिपूजक,મૂર્તિપૂજક
मूर्तिपूजक,મૂર્તિપૂજક
मूर्तिपूजक,મૂર્તિપૂજક
मूर्तिपूजक,મૂર્તિપૂજક
पॅगोडा,પેગોડા
पॅगोडा,પેગોડા
पॅगोडा,પેગોડા
राजवाड्याचे कारस्थान,મહેલ ષડયંત્ર
पॅलेटिनेट,પેલેટિનેટ
ताडपत्री,તાડ-પાન
पाम रविवार,પામ રવિવાર
Panegyrist,પેનેગિરિસ્ટ
घबराट,ગભરાટ
घबराट,ગભરાટ
घाबरणारा,ગભરામણ કરનાર
पोपपद,પોપસી
पोपपद,પોપસી
पोपपद,પોપસી
पोपपद,પોપસી
पोपचा बैल,પાપલ બળદ
पोपवाद,પોપવાદ
पोपवाद,પોપવાદ
पोपवादी,પોપલિસ્ટ
पोप राज्य,પાપલ રાજ્ય
पापवाद (=पॅपिस्ट्री),પેપિઝમ (=પેપિસ્ટ્રી)
पापिस्ट,પેપિસ્ટ
पॅपिरस,પેપિરસ
बोधकथा,ઉપમા
परम,પેરામાઉન્ટ
सर्वोच्चता (=सर्वोच्च शक्ती),સર્વોપરીતા (= સર્વોપરી શક્તિ)
सर्वोत्कृष्ट महिला,સર્વોપરી મહિલા
परम स्वामी,સર્વોપરી સ્વામી
चर्मपत्र,ચર્મપત્ર
चर्मपत्र,ચર્મપત્ર
चर्मपत्र,ચર્મપત્ર
क्षमा करा,ક્ષમા
पारले,વાર્તાલાપ
पारले,વાર્તાલાપ
संसद (=संसद),સંસદ (=સંસદ)
संसद,લોકસભા
संसद,લોકસભા
संसद,લોકસભા
संसद कायदा,સંસદ અધિનિયમ
संसदपटू,સંસદસભ્ય
संसदपटू,સંસદસભ્ય
संसदीय प्रतिनिधी,સંસદીય એજન્ટ
पारनेलिझम,પાર્નેલિઝમ
पॅरोल,પેરોલ
पॅरोल,પેરોલ
पॅरिसाइड,પેરિસાઈડ
पॅरिसाइड,પેરિસાઈડ
पक्षपाती,પક્ષપાતી
पक्षपाती,પક્ષપાતી
पक्षपाती,પક્ષપાતી
पास,પાસ
पास शब्द (=वॉच शब्द),પાસ શબ્દ (=વોચ શબ્દ)
कुलपिता,પિતૃસત્તાક
कुलपिता,પિતૃઓ
पॅट्रिशियन,પેટ્રિશિયન
घराणेशाही,દેશભક્તિ
पॅक्स ब्रिटानिका,પેક્સ બ્રિટાનિકા
पॅक्स रोमाना,પેક્સ રોમાના
वंशावळ,વંશાવલિ
वंशावळ,વંશાવલિ
वंशानुगत व्यक्ती,વંશાવલિ વ્યક્તિ
समवयस्क,પીઅર
समवयस्क,પીઅર
पिरेज,પીરેજ
पिरेज,પીરેજ
पिरेज,પીરેજ
आयर्लंडचे समवयस्क,આયર્લેન્ડના સાથીદારો
स्कॉटलंडचे समवयस्क,સ્કોટલેન્ડના સાથીદારો
द्वीपकल्प मोहीम,દ્વીપકલ્પ ઝુંબેશ
द्वीपकल्पीय युद्ध,દ્વીપકલ્પ યુદ્ધ
पेनंट,પેનન્ટ
लोकांची सनद (=राष्ट्रीय सनद),પીપલ્સ ચાર્ટર (=રાષ્ટ્રીય ચાર્ટર)
लोकांचा मोर्चा (=लोकप्रिय आघाडी),લોકોનો મોરચો (=લોકપ્રિય મોરચો)
लबाडी,બેફામ
कालावधी,સમયગાળો
कालावधी,સમયગાળો
परिघ,પરિઘ
कायमस्वरूपी तोडगा,કાયમી સમાધાન
शाश्वत जागीर,શાશ્વત જાગીર
फॅलान्क्स,ફાલેન્ક્સ
फॅलान्क्स,ફાલેન્ક્સ
फारो,ફેરો
चित्रचित्र,પિક્ટોગ્રામ
चित्रचित्र,પિક્ટોગ્રાફ
चित्रचित्र,પિક્ટોગ્રાફ
यात्रेकरू,યાત્રાળુ
यात्रेकरू पिता,યાત્રાળુ પિતા
लुटणे,લૂંટ
लुटणे,લૂંટ
खांब,સ્તંભ
स्तंभलेख (अशोकाचे),સ્તંભના આજ્ઞાઓ (અશોકના)
स्तंभलेख (अशोकाचे),સ્તંભના આજ્ઞાઓ (અશોકના)
स्तंभलेख (अशोकाचे),સ્તંભના આજ્ઞાઓ (અશોકના)
समुद्री डाकू,ચાંચિયો
समुद्री डाकू,ચાંચિયો
खडबडीत लढाई,પીચ યુદ્ધ
प्लॉट,પ્લોટ
पोलिस,પોલિસ
पोलिस,પોલિસ
पोलिटार्क,પોલિટાર્ક
पोलिटिकल एजंट,પોલિટિકલ એજન્ટ
राजकीय आश्रय,રાજકીય આશ્રય
राजकीय निवासी,રાજકીય નિવાસી
राजकीय दहशतवाद,રાજકીય આતંકવાદ
मतदान कर,મતદાન કર
पोंटून,પોન્ટૂન
प्रीमियर,પ્રીમિયર
प्रीमियर,પ્રીમિયર
प्रीमियरशिप,પ્રીમિયરશિપ
अध्यक्षपद,પ્રમુખપદ
अध्यक्षपद,પ્રમુખપદ
राष्ट्रपती,રાષ્ટ્રપતિ
राष्ट्रपती,રાષ્ટ્રપતિ
प्रेसीडियम,પ્રેસિડિયમ
पंतप्रधान,પ્રધાન મંત્રી
प्रिमोजेनिचर,પ્રિમોજેનિચર
राजकुमार,રાજકુમાર
राजकुमार,રાજકુમાર
प्रिन्स बिशप,પ્રિન્સ બિશપ
राजकुमार सोबती,પ્રિન્સ કોન્સોર્ટ
राजकुमार रीजंट,પ્રિન્સ રીજન્ટ
पिंस regnant,પિન્સ રેગ્નન્ટ
राजकुमारी रीजंट,પ્રિન્સેસ રીજન્ટ
राजकुमारी रॉयल,પ્રિન્સેસ રોયલ
प्रधानता,હુકુમત
प्रधानता,હુકુમત
प्रधानता,હુકુમત
बक्षीस,ઇનામ
बक्षीस,ઇનામ
बक्षीस रक्कम,ઈનામની રકમ
व्यावसायिक शिपाई,વ્યવસાયિક સૈનિક
वचन,વચન
प्रोमोंटरी किल्ला,પ્રોમોન્ટરી કિલ્લો
संरक्षक,સંરક્ષક
संरक्षक,સંરક્ષક
संरक्षक,સંરક્ષક
प्रोटेज,પ્રોટેજી
उत्पत्ती,ઉત્પત્તિ
उत्पत्ती,ઉત્પત્તિ
प्रोव्हनन्स सिस्टम,પ્રોવેન્સ સિસ્ટમ
झिओनिस्ट समर्थक,ઝાયોનિસ્ટ તરફી
सार्वजनिक शत्रू,જાહેર દુશ્મન
सार्वजनिक शत्रू,જાહેર દુશ્મન
विरामचिन्हे,વિરામચિહ્નો
पुनिक युद्धे,પ્યુનિક યુદ્ધો
प्युरिटन,પ્યુરિટન
पुट्श,પુશ
क्वाड्रिगा,ક્વાડ્રિગા
चौपट युती,ચારગણું જોડાણ
क्वेकर,ક્વેકર
राणी,રાણી
राणीची पत्नी,રાણીની પત્ની
क्वीन डोजर,રાણી દાવેદાર
राणी,ક્વીનડમ
राणी,ક્વીનડમ
राणी आई,રાણી માતા
राणी regnant,રાજવી રાણી
क्विझलिंग,ક્વિસલિંગ
क्विझलिंग,ક્વિસલિંગ
भाडे सोडा,ભાડું છોડો
थरथर,ધ્રુજારી
वॉरंटो,વોરન્ટો
शर्यत,રેસ
वांशिक वर्चस्व,વંશીય સર્વોપરિતા
रॅक,રેક
रॅक,રેક
छापा टाकला,દરોડો પાડ્યો
छापा टाकला,દરોડો પાડ્યો
तटबंदी,રેમ્પાર્ટ
तटबंदी,રેમ્પાર્ટ
लूटमार,લૂંટફાટ
खंडणी,ખંડણી
खंडणी,ખંડણી
नासाडी,તબાહી
नासाडी,તબાહી
क्षेत्र,ક્ષેત્ર
मागील गार्ड,પાછળનો રક્ષક
मागील गार्ड क्रिया,પાછળના રક્ષકની ક્રિયા
बंडखोर,બળવાખોર
बंडखोरी,બળવો
बंडखोरीची ओळख,બળવાની માન્યતા
रिकंडक्शन,રીકન્ડક્શન
टोपण,રિકોનિસન્સ
पुनर्रचना,પુનઃનિર્માણ
विक्रम,રેકોર્ડ
रेकॉर्ड ऑफिस,રેકોર્ડ ઓફિસ
विक्रमी निवृत्ती,રેકોર્ડ નિવૃત્તિ
लाल शर्ट,લાલ શર્ટ
सुधारणा,સુધારણા
निर्वासित,શરણાર્થી
रेगलिया,રેગાલિયા
रेगलिया,રેગાલિયા
रेगलिया,રેગાલિયા
रीजन्सी,રીજન્સી
रीजेंट,કારભારી
रीजेंट राणी,કારભારી રાણી
रेजिसाइड,રેજીસાઈડ
रेजिसाइड्स,રેજીસાઇડ્સ
राजवट,શાસન
राजवट,શાસન
प्रदेश,પ્રદેશ
Regnal वर्ष,શાસન વર્ષ
रेग्नंट,રેગ્નન્ટ
रेग्नम,રેગ્નમ
रेच,રીક
राजवट,શાસન
राजवट,શાસન
राज्य करणारे कुटुंब,રાજ પરિવાર
दहशतीचे राज्य,આતંકનું શાસન
दहशतीचे राज्य,આતંકનું શાસન
मजबुत करा,મજબૂત કરો
मजबुतीकरण,મજબૂતીકરણ
पुनर्स्थापना,પુનઃસ્થાપન
पुन्हा गुंतवणूक करा,ફરીથી રોકાણ કરો
रिले पोस्ट,રિલે પોસ્ટ
रिले मार्ग,રિલે માર્ગ
रिले प्रणाली,રિલે સિસ્ટમ
सोडा,પ્રકાશન
सोडा,પ્રકાશન
त्याग,ત્યાગ
त्याग,ત્યાગ
रेपर्टरी (=इन्व्हेंटरी),રેપર્ટરી (= ઇન્વેન્ટરી)
भांडार,ભંડાર
भांडार,ભંડાર
प्रजासत्ताक,પ્રજાસત્તાક
प्रजासत्ताक दिवस,ગણતંત્ર દિવસ
रिस्क्रिप्ट,રીસ્ક્રીપ્ટ
रिस्क्रिप्ट,રીસ્ક્રીપ્ટ
रहिवासी,રહેવાસી
जीर्णोद्धार,પુનઃસ્થાપન
पुनरुत्थान,પુનરુત્થાન
पुनरुत्थान,પુનરુત્થાન
माघार,પીછેહઠ
उलटे (नाण्याचे),ઊલટું (સિક્કાનું)
बंड,બળવો
क्रांती,ક્રાંતિ
"क्रांती, फ्रेंच","ક્રાંતિ, ફ્રેન્ચ"
क्रांती गौरवशाली,ક્રાંતિ ભવ્ય
"क्रांती, औद्योगिक","ક્રાંતિ, ઔદ્યોગિક"
उगवतो,રાઇઝિંગ
रॉटन-बरो,રોટન-બરો
रफ रायडर्स,રફ રાઇડર્સ
गोलाकार डोके,રાઉન્ડ-હેડ્સ
राउट,રાઉટ
रॉयल प्रेक्षक,રોયલ પ્રેક્ષકો
रॉयल चार्टर,રોયલ ચાર્ટર
रॉयल क्रेस्ट,રોયલ ક્રેસ્ટ
रॉयल क्रेस्ट,રોયલ ક્રેસ્ટ
शाही हुकूम,રોયલ હુકમનામું
रुब्रिक,રૂબ્રિક
अवशेष,ખંડેર
धावपटू,દોડવીર
तोडफोड,તોડફોડ
साबर,સાબર
सेबर्स,સાબર્સ
त्याग,બલિદાન
त्याग,બલિદાન
त्याग,બલિદાન
सुरक्षित आचरण,સલામત આચરણ
सेफगार्ड,સેફગાર્ડ
सेफगार्ड,સેફગાર્ડ
कर्तव्यांचे रक्षण करणे,સુરક્ષા ફરજો
सायली,સેલી
सॅली-बंदर,સેલી-બંદર
राजदंड,રાજદંડ
स्किमिटर,સ્કીમિટર
दुसरी इस्टेट,બીજી એસ્ટેટ
पंथ,સંપ્રદાય
पंथ,સંપ્રદાય
जप्ती,જપ્તી
जप्ती,જપ્તી
सिनेट,સેનેટ
सिनेट,સેનેટ
सिनेट,સેનેટ
सिनेट,સેનેટ
सेवक (= सीमा किंवा विलेन),નોકર (=બોર્ડર અથવા વિલિન)
सेवक (= सीमा किंवा विलेन),નોકર (=બોર્ડર અથવા વિલિન)
दासत्व (सरफहुड किंवा सर्फेज),સર્ફડમ (સર્ફહુડ અથવા સર્ફેજ)
दासत्व (सरफहुड किंवा सर्फेज),સર્ફડમ (સર્ફહુડ અથવા સર્ફેજ)
सावलीचा राजा,છાયા રાજા
शिप मनी,શિપ મની
शॉक सैन्य (= वादळ सैन्य),શોક ટુકડીઓ (= તોફાન ટુકડીઓ)
लहान संसद,ટૂંકી સંસદ
चकमक,અથડામણ
गुलाम,ગુલામ
गुलामगिरी,ગુલામી
गुलामगिरी,ગુલામી
सैनिक राजकारणी,સૈનિક રાજનેતા
भाला,ભાલા
भाला-डोके,ભાલા-માથું
गोलाकार,ગોળાકાર
स्फ्रागिस्टिक्स,સ્ફ્રાજીસ્ટિક્સ
व्यवस्था खराब करते,સિસ્ટમ બગાડે છે
स्क्वायर,સ્ક્વેર
स्क्वायर,સ્ક્વેર
स्क्वायरार्की,સ્ક્વેરઆર્કી
स्क्वायरार्की,સ્ક્વેરઆર્કી
मानक,ધોરણ
मानक-वाहक,ધોરણ-વાહક
उभे सैन्य,સ્થાયી સૈન્ય
स्थायी आदेश,સ્ટેન્ડિંગ ઓર્ડર
स्थायी आदेश,સ્ટેન્ડિંગ ઓર્ડર
स्टेटसमन,સ્ટેટ્સમેન
दगडी शिलालेख,સ્ટોન શિલાલેખ
तुफान सैन्य,તોફાન ટુકડીઓ
डावपेच,સ્ટ્રેટેજમ
रणनीती,વ્યૂહરચના
रणनीती,વ્યૂહરચના
रणनीती,વ્યૂહરચના
स्ट्रॅटोक्रसी,સ્ટ્રેટોક્રસી
कलह,ઝઘડો
कलह,ઝઘડો
मजबूत पकड,મજબૂત પકડ
मजबूत पकड,મજબૂત પકડ
उपकंपनी टॅलायन्स,પેટાકંપની ટેલિઅન્સ
उत्तराधिकारी,ઉત્તરાધિકાર
उत्तराधिकारी,અનુગામી
मताधिकार,મતાધિકાર
मताधिकारवादी,મતાધિકારવાદી
सल्तनत,સલ્તનત
सुलतानी काळ,સલ્તનત સમયગાળો
शरणागती,શરણાગતિ
सुझरेन,સુઝેરેન
सुझरेन राज्य,સુઝેરેન રાજ્ય
तलवारबाज,તલવારબાજ
तमनी सोसायटी,તમ્માની સોસાયટી
टेम्पर्ड तलवार,ટેમ્પર્ડ તલવાર
भाडेकरू,ભાડૂત
भाडेकरू,ભાડૂત
प्रदेश,પ્રદેશ
प्रदेश,પ્રદેશ
प्रदेश सरकार,પ્રદેશ સરકાર
दहशतवाद,આતંકવાદ
तिसरी इस्टेट,ત્રીજી એસ્ટેટ
तीन इस्टेट्स,ત્રણ વસાહતો
टोल,ટોલ
टोल घर,ટોલ હાઉસ
थडगे,કબર
टोरी,ટોરી
टोटेम,ટોટેમ
टॉवर,ટાવર
टॉवर,ટાવર
विजयाचा टॉवर,વિજય ટાવર
देशद्रोही,દેશદ્રોહી
विश्वासघात,વિશ્વાસઘાત
देशद्रोह,રાજદ્રોહ
करार,સંધિ
युद्धाद्वारे चाचणी (= लढाईद्वारे माग),યુદ્ધ દ્વારા અજમાયશ (= લડાઇ દ્વારા પગેરું)
श्रद्धांजली,શ્રદ્ધાંજલિ
श्रद्धांजली,શ્રદ્ધાંજલિ
श्रद्धांजली भूमी,શ્રદ્ધાંજલિ જમીન
तिहेरी युती,ત્રિવિધ જોડાણ
तिहेरी entente,ટ્રિપલ entente
विजय,વિજય
विजय,વિજય
गडबड,ગરબડ
अत्याचारी,જુલમી હત્યા
अत्याचारी,જુલમી હત્યા
जुलमी,જુલમ
जुलमी,જુલમ
जुलमी,જુલમી
उल्हान,ઉહલાન
उकासे,ઉકાસે
उकासे,ઉકાસે
उलेमा,ઉલેમા
अल्टिमेटम,અલ્ટીમેટમ
अल्टिमेटम,અલ્ટીમેટમ
सॅम काका,અંકલ સેમ
अंडर-राजा,અન્ડર-કિંગ
युनायटेड आयरिशमन,યુનાઇટેડ આઇરિશમેન
संयुक्त राष्ट्र,સંયુક્ત રાષ્ટ્રો
संयुक्त प्रांत,સંયુક્ત પ્રાંતો
संयुक्त प्रांत,સંયુક્ત પ્રાંતો
अतुलनीय किल्ला,અવિશ્વસનીય કિલ્લો
सार्वत्रिक सम्राट,સાર્વત્રિક રાજા
सार्वत्रिक मताधिकार,સાર્વત્રિક મતાધિકાર
उठाव,બળવો
उपभोग,હડપચી
हडप करणारा,હડપ કરનાર
युटोपिया,યુટોપિયા
तोडफोड,તોડફોડ
तोडफोड,તોડફોડ
मोहरा,વેનગાર્ડ
मोहरा,વાનગાર્ડ
मोहरा,વેનગાર્ડ
वरांगीयन,વરાંજીયન
वरांजीयन गार्ड,વરાંજિયન રક્ષક
वासल,વાસલ
वासल,વાસલ
वासल राज्य,વાસલ રાજ્ય
व्हॅटिकन कौन्सिल,વેટિકન કાઉન્સિલ
भांडे,વહાણ
भांडे,વહાણ
भांडे,વહાણ
उपराजा,ઉપ-રાજા
व्हाईसरॉय,વાઇસરોય
व्हाईसरॉयल्टी = व्हाईसरॉयशिप,વાઇસરોયલ્ટી = વાઇસરોયશિપ
व्हिक्टर,વિક્ટર
विजय,વિજય
विलेन,વિલેન
जलप्रवास,સફર
असुरक्षित किल्ला,સંવેદનશીલ ગઢ
वॉल पेंटिंग,વોલ પેઇન્ટિંગ
भिंत पेंटिंग,વોલ પેઇન્ટિંગ
युद्ध,યુદ્ધ
युद्धाचा अधिपती,યુદ્ધ-સ્વામી
योद्धा,યોદ્ધા
योद्धा,યોદ્ધા
योद्धा,યોદ્ધા
युद्धनौका,યુદ્ધ જહાજ
पहा-शब्द,વૉચ-વર્ડ
कल्याणकारी राज्य,કલ્યાણ રાજ્ય
कल्याणकारी कार्य,કલ્યાણ કાર્ય
विग,વ્હિગ
पांढरा झेंडा,સફેદ ધ્વજ
व्हाईटमेनचे ओझे,વ્હાઇટમેનનો બોજ
जागतिक साम्राज्य,વિશ્વ સામ્રાજ્ય
जागतिक चळवळ,વિશ્વ ચળવળ
जागतिक राजकारण,વિશ્વ રાજકારણ
जागतिक शक्ती,વિશ્વ શક્તિ
विश्वयुद्ध,વિશ્વ યુદ્ધ
कामगार,Wreeker
मोडतोड दुरुस्ती,બરબાદીનો સુધારો
झेनेलासिस,ઝેનેલેસિસ
झेनोफोबिया,ઝેનોફોબિયા
यँकी,યાન્કી
पिवळे जाकीट,પીળો જેકેટ
पिवळा माणूस,પીળો માણસ
पिवळा धोका,પીળો જોખમ
पिवळा प्रेस,યલો પ્રેસ
तरुण तुर्क,યંગ ટર્ક્સ
झ्यूस,ઝિયસ
झिओनिझम,ઝાયોનિઝમ
झोरास्ट्रियन धर्म,પારસી ધર્મ
