Bengali,Hindi
ওয়েস্টমিনস্টারের অ্যাবে,वैस्‍टम‍िन्‍स्‍टर मठ
বর্জনীয়,मालखाना
দাসত্বের সমাপ্তি,दासता का उन्मूलन
আদিবাসী,आदिवासी
আব্রাহাম যুগ,अब्राहम काल
অনুপস্থিত জমির মালিক,प्रवासी ज़मींदार
একাডেমী,अकादमी; विद्वत्परिषद
আকরা সম্মেলন,अक्रा सम्मेलन
সঞ্চয়,"प्रोद्भूत सामग्री, उपचित सामग्री"
সংগ্রহ,"परसंस्कृति-ग्रहण, उत्संस्करण"
অ্যাসেলডামা,एसेलडामा
আচিয়ান (=আচিয়ান),एकियायी
আচিয়ান লীগ (=আচিয়ান লীগ),एकीयायी लीग
অ্যাক্রোপলিস,एक्रोपोलिस
Acta Diurna,"शाही रोज़नामचा, दैनिक समाचार"
Acta Senatus,सीनेट का कार्यवृत्त
অ্যাক্ট অ্যাডিশনেল,"अपर प्रपत्र, एक्टे एडिशनेल"
সক্রিয় রেকর্ড (=বর্তমান রেকর্ড),सक्रिय रिकार्ड
প্রাপ্তির কাজ,अपकीर्त्ति अधिनियम
ক্ষতিপূরণ এবং বিস্মৃতির আইন,दंड विमुक्ति एवं विस्मरण अधिनियम
নিষ্পত্তির আইন,"राज्य-व्यवस्था अधिनियम, एक्ट ऑफ सेटिलमेंट"
বিজ্ঞাপন চুক্তি সীল,संविदा मुद्रा
আদুল্লামাইটস,आडुलम गुटवादी
প্রতিপক্ষ,विपक्षी
প্রতিপক্ষ,2. शत्रु
Aeon,युग
এরারিয়াম,इरेरियम
বায়বীয় যুদ্ধ,"आकाशी युद्ध, हवाई लड़ाई"
এটোলিয়ান লীগ,"एटोलियन लीग, एटोलियायी संघ"
বয়স,"काल, युग"
বার্ধক্য (=বার্ধক্য),"काल-प्रभावन, जीर्णन"
বার্ধক্য প্রক্রিয়া,जीर्णन-प्रक्रिया
এগেলাই,एजिलायी
বীরত্বের বয়স,शौर्य युग
এনলাইটমেন্টের বয়স,"प्रबोध युग, ज्ञानोदय युग"
পেরিক্লেসের বয়স,पेरीक्लीज़ युग
কারণ বয়স,तर्क प्रधान युग
কৃষিবাদ,भूमि सुधारवाद
কৃষি আন্দোলন,भूमि सुधारवादी आंदोलन
অ্যালবিয়ন,एलबियन
অ্যালবাম,अलबम
অল্ডারম্যান,"पौर मुख्य, विशिष्ट पौर, आल्‍डर्मन"
লোভনীয় অস্ত্র,कुलांकित आयुध
বন্ধুত্ব,मैत्री
অ্যাম্ফিক্টোনিক কাউন্সিল,एम्फिकटिआनी परिषद
Amphictyonic লীগ,ऊपर देo : Amphictyonic Council
অ্যাম্ফিথিয়েটার,"रंगवाट, रंगभूमि, अखाड़ा"
আমরি নল দল (মৃৎপাত্রের),(मृद्भांडों का) अमरीनाल वर्ग
অ্যানাক্রোনিজম,"काल-वैषम्य, काल-दोष"
অ্যানাক্রোনিস্টিক,काल-वैषम्ययुक्त
পূর্বপুরুষ,पूर्वज
পূর্ব পুরুষের পুজা,पितृ-पूजा
বংশ,कुल-परंपरा
বংশ,2. वंश
বংশ,3. वंश-क्रम
বংশ,4. उच्च कुल
প্রাচীন শাসন,"प्राचीन शासन-व्यवस्था, क्रांति पूर्व शासन-व्यवस्था"
প্রাচীন,"पुरातन, प्राचीन"
প্রাচীন গীতিনাট্য,प्राचीन गाथा
প্রাচীন বিশ্বাস,प्राचीन मत
প্রাচীন রীতি,प्राचीन प्रथा
প্রাচীন ইতিহাস,प्राचीन हतिहास
প্রাচীন স্মৃতিস্তম্ভ,प्राचीन स्मारक
উপাখ্যান,उपाख्यान
অ্যাঞ্জেলট,एन्जिलोट
এঞ্জেলাস,देवदूत पूजा
অ্যাঞ্জেভিন (=এনজেভিন),आन्जवै
কোণ,ऐन्गल्स
অ্যাংলিকান,आंग्लिक
অ্যাংলিকান কমিউনিয়ন,आंग्ल चर्च
অ্যাংলিকানিজম,आंग्ल चर्चवाद
অ্যাংলো-ফোব,आंग्ल विरोधी
অ্যাংলো-ফোবিয়া,आंग्ल-दुर्भीति
অ্যাংলো-স্যাক্সন,आंग्ल सैक्सन
অ্যাংলো-স্যাক্সোনিজম,आंग्ल-सैक्सनवाद
অ্যানালিস্ট,"आख्यान-लेखक, आख्यानकार"
ইতিহাস,"वर्षवृत्त, आख्यान, ख्यात"
সংযোজন,"अधिनहन, मिला देना"
এন্টে-বেলাম,युद्ध पूर्व (स्थिति)
তারিখের আগে,"पूर्वतिथि-निर्धांरण, पूर्वकाल निर्धारण"
করণিকবাদ বিরোধী,पादरी प्रथा विरोधी
অ্যান্টি-ক্লারিক্যাল আইন,पादरी प्रथा विरोधी विधान
প্রাচীনত্ব,"पुरावशेष, पुरावस्तु"
ভাড়া বিরোধী,लगान-विरोधी
ভাড়া বিরোধী,2. एन्टी रैन्ट पार्टी
সেমিটিজম বিরোধী,"यहूदी विरोध, यहूदीवाद-विरोध, यहूदी विरोधवाद"
আনজাক,ऐन्ज़ेक
আপেলা,नागरिक सभा
আরালু,अरालू
আর্চ বিশপ,आर्च बिशप
আর্চ ডুচি,आर्च डची
আর্চ ডিউক,आर्च ड्यूक
আর্কিফ (= আর্কাইভাল সংগ্রহ),पुरालेख संग्रह
আর্কিপিস্কোপেট,महाधर्माध्यक्ष का पद
আভিজাত্য,अभिजाततंत्र
অভিজাত,अभिजात
আভিজাত্য স্নোবারি,अभिजातीय दंभ
এরিস্টটলীয়,अरस्तूवादी
আরমাডা,आर्मेडा
আরমাদা (=স্প্যানিশ আরমাদা),स्पेन का आर्मेडा
আর্মোরিস্ট (= আর্মারিস্ট),कवच-विशारद
বর্ম (= বর্ম),"कवच, बख्तर, वर्म"
আর্মারিস্ট,अo देo armorist
আরিয়ান,आर्य
আরিয়ান,2. कुलीन
আসকারী,अस्कारी
বরাদ্দ,"आसिग्ना, भू-प्रतिभृत मुद्रा"
সহায়তা,अभिसत्र
সহায়তা,2. विधिपृच्छा
সহায়তা,3. अभिसत्राधिनियम
অস্ত্র আইনের সহায়তা,आयुध अभिसत्राधिनियम
ড্যারিন প্রেজেন্টমেন্টের সহায়তা,डारेन उपस्थापन अभिसत्राधिनियम
মর্ট &#39;ডি&#39; পূর্বপুরুষের সহায়তা,मृत पूर्वज अभिसत्राधिनियम
নভেল ডিসিসিনের অ্যাসাইজ,अभिनव अधिधारणोत्सादन अभिसत्राधिनियम
নৃশংসতা,नृशंसता
আক্রমণ,आक्रमण
অলিক কাউন্সিল,"सर्वोच्च न्यायालय, ऑलिक काउन्सिल"
দেবীর কুঠার (=দেহী কুঠার),गेडिस समाधान
অক্ষ (=রোম-বার্লিন-টোকিও অক্ষ),धुरी राष्ट्र
ব্যাবিলন,"बाबुल, बेबीलोन"
ব্যাবিলনীয় বন্দিত্ব (=ব্যাবিলনীয় বন্দিত্ব),बेबीलोनी बंदीकरण
বাচনাল ভক্ত,बाखुसी उपासक
বাচনালিয়া,मद्यपानोत्सव
ব্যাচেলর,युवा योद्धा
বাগদাদ চুক্তি,"बगदाद अनुबंध, बगदाद पैक्ट"
বলকান লীগ,बाल्कन लीग
বলকান চুক্তি,बाल्कन अनुबंध
বলকান যুদ্ধ,बाल्कन युद्ध
বাল্টিক চুক্তি,बाल्टिक अनुबंध
দস্যু,दस्यु
বান্দুং সম্মেলন,बांडुंग सम्मेलन
নির্বাসন,"निर्वासन, देश-निकाला"
ব্যানার,"पताका, ध्वजा"
অসভ্য,बर्बर
বারবিকান,कोट-घूँघट
বারদোলী সত্যাগ্রহ,बारदोली सत्याग्रह
শস্যাগার বার্নার্স,बार्न बर्नस
ব্যারন,"बैरन, सामंत"
ব্যারোনেজ,बैरोनेज
ব্যারনস মেজরস,महासामंत
ব্যারোনস মাইনরস,लघु सामंत
ব্যারনেস,सामंत पत्नी
ব্যারোনেট,उपसामंत
ব্যারোনেটেজ,उपसामंत वर्ग
ব্যারোনেটেজ,2. बैरोनेट वंशावली
ব্যারোনেটসি,उपसामंत
ব্যারনি,बैरोनी
ব্যারাকুন,दास बंदीगृह
ব্যারাকুন,2. दास-गृह
ব্যারিকেড (=ব্যারিকেড),अवरोध
ব্যারিকেড (=ব্যারিকেড),2. घिराव
ব্যারিকেড (=ব্যারিকেড),3. मोचबिंदी
সেনাঘাঁটি,आधार शिबिर
ব্যাসিলিকা,वैसिलिका
ব্যাসিলিকা,2. सभा भवन
বাস্তিলা,बैस्टील
বাস্তিল,बैस्टील
বাস্তিল,2. कारागार
ব্যাটারি,तोपखाना
যুদ্ধ,"रण, समर, युद्ध"
ব্যাটলে-অ্যারে,रण-व्यूह
যুদ্ধ কান্না,युद्ध-घोष
যুদ্ধ দিন,युद्ध कोलाहल
যুদ্ধক্ষেত্র,"रण भूमि, रण क्षेत्र, समरांगण"
যুদ্ধের স্তব,युद्ध-गान
স্পার্সের যুদ্ধ,एड़-युद्ध
স্ট্যান্ডার্ড যুদ্ধ,ध्वज-संग्राम
যুদ্ধজাহাজ,"रणपोत, जंगी जहाज़, संगरपोत"
যুদ্ধজাহাজ-শক্তি,"संगरपोत शक्ति, रणपोत-शक्ति"
Bayeux ট্যাপেস্ট্রি,बेयू चित्रपट
বীকন,संकेत प्रकाश
বীকন টাওয়ার,प्रकाश स्तंभ
বিভার,मुखरक्षी
বিভার,2. बीवर सिक्का
সমুদ্রের ভিক্ষুক,समुद्री बैगर
বেলিকোস,युयुत्यु
বেলিকোস,2. लड़ाकू
বেলিকোস,3. युद्धप्रिय
বেলিকোসিটি,"युयुत्सा, युद्धप्रियता, लड़ाकूपन"
বেলোনা,बेलोना
উপকারিতা,"मठवृत्ति, धमवृत्ति, पादरी की वृत्ति"
যাজকদের সুবিধা,पादरी-सुविधा
বেনেলাক্স,बेनीलक्स
বার্লিন ডিক্রি,"बर्लिन डिकी, बर्लिन निषेध"
বেসার,"जुझारू योद्धा, नार्सी योद्धा"
বেসান্ট (=বেজেন্ট),बजांत
বেথেল,बैथेल
বিবিলিওলেটর,ग्रंथ-पूजक
বিবিলিওলাট্রি,ग्रंथपूजन
বিগ বার্থা,बिग बर्था
বিগট,धर्मांध
বিলেটিং,वासादेश
অ্যাটেন্ডারের বিল,बिल ऑफ अटेन्डर
অধিকার বিল,अधिकार-पत्र
জীবনীকার,"जीवनीकार, चरित लेखक"
জন্মের গল্প,जातक कथाएँ
বিভাক,पड़ाव
বিভাক,2. रण-शिविर
বিভাক,3. सैनिक पहरा
বিজোনিয়া,बाइज़ोनिया
কালো পাখি,अवैध दास आयात
কালো পতাকা,काला झंडा
কৃষ্ণ গহ্বর,काल-कोठरी
কৃষ্ণ গহ্বর,2. ब्लैक होल
কালো পা (= স্ক্যাব),"गद्दार, द्रोही"
কালো শার্ট,"ब्लैक शर्ट, काली कुर्ती दल"
ব্লাজন,कुल चिह्र
ব্লাজন,2. कुल चिह्र अंकन
ব্লাজনরি,कुल-चिह्रांकन कला
ব্লাজনরি,2. कलात्मक प्रदर्शन
Blitzkrieg,"तड़ित युद्ध, तूफानी हमला"
রক্তহীন বিপ্লব (=গৌরবময় বিপ্লব),"गौरवमय क्रांति, रक्तहीन क्रांति"
ব্লাডওয়াইট,"रक्तपात देय, खून की कीमत, रक्तपात दण्ड"
ব্লাডি মেরি,खूनी मेरी (सन् - ईo)
নীল,ब्लू
আভিজাত্য,"आभिजात्य, कुलीनता"
নীল বই,"नीली पुस्तिका, सरकारी रिपोर्ट, ब्लू बुक"
নীল পটি,"नीला फीता, ब्लू रिबन"
নীল পটি,2. सर्वोच्च सम्मान
ব্লুজ (=রয়্যাল হর্স গার্ড),राजकीय रक्षक
নীল শার্ট,नीली कुर्ती दल (इटली)
ব্লু ওয়াটার স্কুল,नौसेना समर्थक
নিয়ন্ত্রণ বোর্ড,"संचालन-मंडल, संचालन-बोर्ड, नियंन्त्रण मंडल"
শরীরবর্ম,"वर्म, जिरह-बख्तर"
বোয়ার,बूर
লুঠ,लूट का माल
বরো,बरो
বুলিউটেরিয়ন,सीनेट सदन
বোরবন,बूर्बा
বক্সার বিদ্রোহ,बॉक्सर विद्रोह
বন্ধনী,भुज कवच
ব্রাসার্ড,बाहु पट्टिका
ব্রাসার্ড,"2. भुज बंध, भुज कवच"
রুটি উপনিবেশ,बहुधान्यक प्रदेश
ব্রেস্ট প্লেট,"वक्षस्त्राण, उरस्ताण"
স্তনের কাজ,आवक्ष भित्ति
ব্রেটওয়াল্ডা,"ब्रेटवाल्डा, ब्रिटनों का अधिपति"
ব্রিগ্যান্ড,बटमार
ব্রিগ্যান্ডেজ,"बटमारी, लुंठन, राहजनी"
ব্রিটিশ কমনওয়েলথ অফ নেশনস,"ब्रिटिश कॉमनवेल्य, राष्ट्रमंडल"
ব্রাউন শার্ট (=নাৎসি),"ब्राउन शर्ट्स, भूरी कुर्ती दल"
ব্রাসেলস চুক্তি (চুক্তি) সংস্থা (=পশ্চিম ইউরোপীয় ইউনিয়ন),ब्रुसेल्स संधि संगठन
বাফ,महिष चर्म
বাফ,2. लघु कोट
বাফ-কোট,बफ़-कोट
বাফস,बफ़-रेज़िमेंट
বুলে (= পরিষদ),ब्यूल
বার্গেজ,पट्टेदारी
বার্গেস,पौर प्रतिनिधि
বাইজেন্টাইন,बाईजेन्टिनी
বাইজেন্টাইন গির্জা,बाइजेन्टिनी गिरजाघर
বাইজেন্টাইন সাম্রাজ্য,बाइजेन्टिनी साम्राज्य; पूर्वी रोम साम्राज्य
বাইজেন্টাইন যুগ,बाइजेन्टिनी संवत्
বাইজেন্টাইন ইতিহাসবিদ,बाइजेन्टिनी इतिहासकार
ক্যাবল,"काबेल, षडयंत्रकारियों का गुट"
সিজারিজম,सीज़रतंत्र
খলিফা,खलीफ़ा
ক্যালিগ্রাফার,"खुशनवीस, सुलेखक"
ক্যালিগ্রাফিস্ট,सुलेख-विशारद
ক্যালিগ্রাফি,सुलेख
ক্যালট্রপ,कैल्ट्रॉप
বন্ধুত্ব,सौहार्द
ক্যামারিলা,लघु कक्ष
ক্যামারিলা,2. षाड्यंत्रिक
ক্যামেলাউকাম,(पोप का) मुकुट
ছদ্মবেশ,"छद्मावरण, छद्म गोपन"
প্রচারণা,अभियान
শিবিরের অনুসারী,लश्करी; शिविरानुचर
ক্যাম্পো সান্টো,गिरजा क़ब्रिस्तान
ক্যাম্পাস মার্টিয়াস,कैंपस मारशियस
ক্যানেফোরা,"कान्फोरा, डलियावाली"
ক্যাঙ্গু,कैंग; काष्ठबंध
কামান,गोलाबारी
কামানের খাদ্যরুপে পরিগণিত মানুষ,"युद्ध-बलि, तोपचारा"
ক্যানন,धर्म-सूत्र
ক্যানন আইন,"चर्च क़ानून, ईसाई धर्म-नियम, धमनियम"
ক্যানোপাস ডিক্রি,"कैनोपेस आज्ञप्ति, कैनोपस डिक्री"
ক্যান্টিং অস্ত্র,"चिह्रित शस्त्र, चिह्रित आयुध"
বন্দী,बंदी
বন্দী,बंदीकर्त्ता
মৌলিক,कार्डिनल
কার্ল,कार्ल
ক্যারোলিংজিয়ান রাজবংশ,कैरोलिन्जी राजवंश
কার্থুসিয়ান সম্প্রদায়,कारथूसी संप्रदाय
কার্টোসা,कारथूसी मठ
কাস্টেলীয়,"किलेदार, कोटपाल"
কাস্টেলীয়,2. केस्टेलन
বর্ণপ্রথা,वर्ण-व्यवस्था
দুর্গ,() दुर्ग
দুর্গ,(2) गढ़ी
দুর্গ শহর,दुर्ग-नगर
কাস্ত্রা,कैस्ट्रा
কাস্ত্রা,2. रोमन शिविर
ক্যাথেড্রা,पादरी का सिंहासन
ক্যাথিড্রাল,मुख्य गिरजाघर
ক্যাটো স্ট্রিট ষড়যন্ত্র,केटो स्ट्रीट षडयंत्र
কাউডিলো,कॉडिलो
অশ্বারোহী,() कैवेलियर
অশ্বারোহী,(2) घुड़सवार
অশ্বারোহী সংসদ,कैवेलियर पार्लियामेंट
আদুল্লামের গুহা,"पक्ष-त्यागी गुट, आडुलम गुट"
গুহাচিত্র,"गुहा-चित्रकारी, गुहा-चित्रण"
গুহাচিত্র,2. गुहा-चित्र
সেন্টুমভির,सेन्टुमविर
সেঞ্চুরিয়ান,सेंचुरियन
সেঞ্চুরি,"शताब्दी, सदी, शती"
চেইন আর্মার (= চেইন মেইল),"जिरह-बख्तर, श्रृंखला-कवच"
চ্যানট্রি,"समर्पित मंदिर, समर्पित पूजागृह"
চ্যানট্রি,2. समर्पित धर्मदास
চ্যাপ বই,चैप पुस्तिका
চ্যাপলিন,"धर्माधिकारी, चैपलिन"
অধ্যায়,पादरी मंडल
দুর্ঘটনার অধ্যায়,सांयोगिक दुर्घटनाएँ
চার্জ,कीतिंचिह्र
চার্জ ডি অ্যাফেয়ার্স,"कार्यदूत, दूत-कार्यकारी"
চার্জ বিভাজন,विदाई परामर्श
চার্জার,युद्धाश्व
রথ,विजय रथ
সারথি,रथारोही
সারথি,2. रथी
সারথি,3. सारथी
দাতব্য রান্নাঘর,"अन्नसत्र, लंगर"
সনদ,"अधिकार-पत्र, चार्टर"
চার্টিস্ট আন্দোলন (=চার্টিজম),चार्टिस्ट आंदोलन
চার্টোফাইলাসিয়াম,"अभिलेख-कक्ष, अभिलेख-प्रकोष्ठ"
Chateau,"सामंत गढ़ी, शातो"
চেক পোস্ট,पड़ताल चौकी
রাসায়নিক যুদ্ধ,रासायनिक युद्ध
চেস্টার,दुर्ग-नगर
প্রধান,सरदार
প্রধান,सरदार
প্রধান,2. सामंत
প্রধান,3. राजा
শিফন,"जालांशुक, जालीदार कपड़ा, शिफान"
বীরত্ব,शौर्य
নির্বাচিত মানুষ,यहूदी लोग
ক্রিসমোগ্রাফিয়ন,दिव्यवाणी कक्ष प्रवचन कक्ष
খ্রিস্টধর্ম,ईसाई जगत
খ্রিস্টীয় যুগ,ईसवी काल
খ্রিস্টান সমাজতন্ত্র,ईसाई समाजवाद
ক্রনিকল,इतिवृत्त
ক্রনিকলার,इतिवृत्तकार
Chryse Chersonese,स्वर्ण-भूमि
সিমেলিয়াম,रत्न-कक्ष
সিনকুয়েসেন্টো স্টাইল,सोलहवीं शती की शैली
পরিক্রমা,परिनौचालन
সিস্টারসিয়ান সন্ন্যাসী,सिस्तर्शी साधु
সিটাডেল,"दुर्ग, गढ़ी"
উদ্ধৃতি,() प्रशस्ति
উদ্ধৃতি,(2) उपस्थिति सूचना
আইন অমান্য,सविनय अवज्ञा (आन्दोलन)
গৃহযুদ্ধ,गृह-युद्ध
সিভিস রোমানাস,रोमन नागरिक
শাস্ত্রীয় বয়স,"कलासिकी युग, श्रेण्य युग"
ক্লেফ্ট (=ক্লেফ্ট),बटमार
কেরানিবাদ,"पादरीवाद, पुरोहितवाद"
ক্লারাচ,"भूग्राही, क्लेरुक"
ক্লুনিয়াক আন্দোলন,क्लूनी आंदोलन
কোট বর্ম,"कवच, जिरह-बख्तर"
অস্ত্রের কোট,कुलांक
অস্ত্রের কোট,2. आयुधांक
অস্ত্রের কোট,3. अस्त्र-ध्वजादि-चित्रण
ডাকের কোট,"कवच, जिरह-बख्तर, अंगत्राण"
সমদল,कोहॉर्ट
কমিটিয়া,कोमिशिया
Comitia Centuriata,कोमिशिया सेंतुरियाता
কমিটিয়া কুরিয়াটা,कोमिशिया क्यूरिआता
Comitia Tributa,कोमिशिया ट्रिब्यूता
স্মারক খিলান,स्मारक तोरण
স্মারক মুদ্রা,स्मारक सिक्का
স্মারক সীলমোহর,स्मारक मुहर
সাধারণ ক্ষেত্র,सार्वजनिक भूमि
কমুনার্ড,कम्यूनार्ड
কনকর্ড্যাট,समझौता
কনকর্ড্যাট,2. धर्म-संधि
কনডোটিয়ের,कंदोत्यर
নিশ্চিতকরণ Cartarum,"अधिकार-पत्र की पुष्टि, चार्टर-पुष्टि"
দ্বন্দ্ব,संघर्ष
ধর্মসভা,धर्म-संगति
বিজয়ী রাষ্ট্র,विजेता राज्य
বিজয়ী,विजेता
বিজয়ী,"वर्षक वीर, अत्याचारी विजेता"
কনসিলিয়াম,राजपरिषद्
কনসিস্টরি,"चर्च न्यायालय, काँसिस्टरी"
ষড়যন্ত্র,षड़यन्त्र
ষড়যন্ত্র,2. साजिश
কনস্যুলেট,कांसुली शासन
কনসুলেশন বই,परामर्श-पुस्तिका
মহাদেশীয় ব্যবস্থা,महाद्वीपीय व्यवस्था
কনভেনশন সংসদ,अनधिकृत आहूत पार्लियामेंट
কপারহেডস (=শান্তি গণতন্ত্রী),कापरहेड्स
কপিহোল্ড,"पट्ट-भूमि, पट्टे पर मिली भूमि"
কর্ডনিং,परिसीमन; घेरा डालना
করোনা,"मुकुट, किरीट"
রাজ্যাভিষেক,राज्याभिषेक
রাজ্যাভিষেক পাথর,"अभिषेकाश्म, अभिषेक-शिला"
কর্পাস,(ग्रंथ) संग्रह
কর্সেয়ার,"जलदस्यु, समुद्री डाकू"
কর্সেয়ার,2. दस्यु पोत
কাঁচুলি (= কর্সেলেট),"उरस्त्राण, वक्षस्त्राण"
কর্টেস,"कार्टिज़, स्पेनी संसद"
কোটার (=কোটিয়ার),कुटी घर
কোটার (=কোটিয়ার),2. खिदमती काश्तकार
কাউন্ট প্যালাটিনেট,काउन्ट पैलेटीनेट
দেশের বাড়ি,ग्राम्य आवास
কাউন্টি,काउन्टी
কাউন্টি বরো,काउन्टी बरो
কাউন্টি আদালত,काउन्टी न्यायालय
কাউন্টি প্যালাটাইন,काउन्टी रियासत
আদালত,दरबार
আদালত,2. राजसभा
আদালতের সার্কুলার,राजपरिपत्र
আদালতের শিষ্টাচার,"दरबारी शिष्टाचार, दरबारी अदब, दरबारी क़ायदा"
দরবারী,"राजदरबारी, राजसभासद, मुसाहिब"
ক্যাসেশন আদালত,कोर्ट ऑफ कैसेशन
কোর্ট অফ ডিরেক্টরস (EIC),"(ईस्ट इंडिया कंपनी का) निदेशक मंडल, कोर्ट ऑफ डायरेक्टर्स"
মালিকদের আদালত,"(ईस्ट इंडिया कंपनी का) स्वामी मंडल, कोर्ट ऑफ प्रोप्राइटर्स"
দরবারের কবি,राजकवि
চুক্তিবদ্ধ ক্যামেরোনিয়ান,प्रसंविदाकारी केमेरोनपंथी
মুকুট,"राजा, क्राउन"
মুকুট,2. (क) ताज
মুকুট,(ख) मुकुट
মুকুট জমি,"खालसा, राजभूमि"
মুকুট জমি,2. संघ राज्य
ক্রাউন প্রিন্স,युवराज
ক্রুসেড,"धर्मयुद्ध, जिहाद"
ক্রুসেডার,धर्म-योद्धा
ক্রিপ্টোগ্রাম,"गुप्त लेख, छद्म लेख, गुप्त संदेश, कूट लेख, कूट संदेश, छद्म संदेश"
কুইরাস,"वक्षस्त्राण, जिरहबख़्तर"
কুইরাসিয়ার,"चर्म कवचधारी, अश्वारोही"
কাল্ট দেবতা,संप्रदाय देवता
কুরিয়া,"क्यूरिया, सभा-भवन, परिषद"
কুরিয়া,2. रोम का सीनेट भवन
জারবাদ,जारशाही
অন্ধকার মহাদেশ,अंध महाद्वीप
বিচারের দিন,प्रलय-दिवस
বিচারের দিন,2. क़यामत का दिन
যাজক,"डीन, अधिष्ठाता"
দশক,जशक
ডেনারিয়াস,दीनार
ক্ষমতাচ্যুত রাজা,सिंहासनच्युत राजा
নষ্ট করা,विलुंठन
বিলুপ্তি,"अपहरण, लूट-खसोट"
ডিথ্রোন,गद्दी से उतारना
ডায়ডেম,राजमुकुट
ডায়ডেম,2. किरीट
ডায়ডেম,3. राजचिह्र
ডায়াসিয়া,डायेसिया
ডিকাস্টেরিয়াম,न्यायालय
ডিলুভিয়ালিস্ট,जलप्रलयवादी
ডায়োসিস,बिशप-क्षेत्र
ডায়োসিস,2. डायोसीज़
নির্দেশিকা (=নির্দেশনা),क्रांतिकारी कार्यकारिणी
নির্দেশিকা (=নির্দেশনা),2. दायरोक्तायर
দিরহাম,दिरहम
অবিশ্বাসী,निष्ठाहीन
অবিশ্বাসী,2. देशद्रोही
ভুলের মতবাদ,"राज्य-अपहरण नीति, राज्यलय-नीति"
দলিল,"प्रलेख, दस्तावेज़"
দালিলিক প্রমাণ,"दस्तावेज़ी साक्ष्य, प्रलेखी साक्ष्य"
গম্বুজের বই,"अंतिम निर्णय पुस्तक, क़यामत के दिन की पुस्तक"
কনস্টানটাইনের দান,कॉन्सटेन्टाइन का दान
নিয়তি,"विधि, क़ानून"
ডাওগার রানী,राजमाता
ড্রাগন,"ड्रेगून, घुड़सवार"
ড্রোমেডারিয়ান,साँडनी सवार
ড্রোমেডারি,"साँडनी, मादा ऊँट"
ড্রমন্ড,महा नौका
দ্বৈত,द्वंद्व युद्ध
দ্বৈত জোট,"डुअल अलाएँस, दोहरी संधि"
ডুয়েল এন্টেন্টে,ड्यूल आँताँत
দ্বৈত ব্যবস্থা (= দ্বৈত সরকার),"दोहरा शासन, दुहरी सरकार, द्वैध शासन"
ডিউক,ड्यूक
ডুমা,ड्यूमा
বামন অবতার,वामन अवतार
রাজবংশ,वंश
রাজবংশ,2. राजवंश
ঈগল,गरूड़
বুড়ো মানুষ,एल्डरमेन
আর্ল,अर्ल
প্রাচীনত্ব,"अर्लपद, अर्लक्षेत्र"
প্রারম্ভিক গুপ্ত,"पूर्व गुप्त वंश, पूर्व गुप्त वंशीय राजा"
প্রারম্ভিক (ঐতিহাসিক) সাইট,पूर्वकालीन (ऐतिहासिक) स्थल
প্রারম্ভিক বৈদিক যুগ,पूर्व वैदिक काल
ইক্লেসিয়া,नागरिक सभा
পুনরুদ্ধারের আদেশ,"प्रत्यास्थापन धर्मादेश, प्रत्यास्थापनराजादेश, एडिक्ट ऑफ रेस्टिट्यूशन"
আট ভাঁজ পথ,अष्टांगिक मार्ग
প্রবীণ,"चर्च अधिकारी, गिरजाधिकारी, प्रेसबीटर"
বয়স্ক রাষ্ট্রনায়ক (=জেনরো),वयोवृद्ध राजविद्
হাতির ছাগু,अंकुश
এগারো বছরের অত্যাচার,"ग्यारह वर्ष का आतंक राज्य, एकादश वर्षीय आतंक राज्य"
Elysae (=Elysee),एलीजे
ঘের আন্দোলন,बाड़ाबंदी आंदोलन
এনসাইক্লিক্যাল,पोप-परिपत्र
বিশ্বকোষবাদী আন্দোলন,विश्वकोशकार आंदोलन
Entente,"आंतांत, सौहार्द"
Entente cordiale,"दृढ़ सौहार्द, आंतांत कार्दिआल"
সিংহাসন,राज्यारोहण
এনট্যুরেজ,"परिचारक गण, परिचर"
এফোদ,"वस्त्र, परिधान"
ইফোর,"दंडाधीश, एफोर"
মহাকাব্য যুগ,वीरयुग
মহাকাব্যিক নায়ক,महाकाव्य-नायक
এপিগ্রাফ,पुरालेख
এপিস্কোপ্যাসি,बिशपतंत्र
এপিস্কোপেট,विशप-पीठ
পর্ব,घटना
যুগ,युग
যুগ তৈরির ঘটনা,युगांतरकारी घटना
যুগ সৃষ্টিকারী মানুষ,युग-प्रवर्तक व्यक्ति
উপনাম,नाम-स्रोत
ইকুয়েরি,अश्वपाल
ইকুয়েরি,2. एक्यरी
অশ্বারোহী মূর্তি,अश्वारोही मूर्ति
যুগ,"काल, संवत्"
এরগাস্টুলাম,दास-कारागार
ইউক্যারিস্ট,यूखेरिस्त
ধর্মপ্রচার,"शुभ संदेशवाद, इंजीलवाद"
ধর্মপ্রচার আন্দোলন,इंजीली आंदोलन
ধর্মপ্রচারক,"इंजीली प्रचारक, इंजीलवादी"
Exarch,एक्सार्क
এক্সিল্যার্ক,"निष्कासितों का शासक, निर्वासितों का शासक"
ফালাঙ্গিস্ট,फैलेंजवादी
পিতার জমি,() पितृभूमि
পিতার জমি,(2) स्वदेश
ফেরিয়া,पर्व
ফেটিশ,जड़-पूजा
সামন্ত জোত,सामंती-क्षेत्र
সামন্ততন্ত্র (=সামন্ততন্ত্র),"सामंतवाद, सामंतशाही"
সামন্ততান্ত্রিক ব্যবস্থা,सामंती व्यवस्था
সামন্ত,सामंत
ফিদেই রক্ষাকারী (=বিশ্বাসের রক্ষক),धर्मत्राता
ফিফ,जागीर
ক্ষেত্র ব্যবস্থা,क्षेत्र-व्यवस्था
পঞ্চদশ কর,पंचदशांश कर
ফিগার হেড,नाम मात्र का अध्यक्ष
ফিন ডি siecle,अवसानमुखी शताब्दी
আগুন ভক্ষক,फायर ईटर
পাঁচ মাইল আইন,पाँच मील अधिनियम
পতাকা,"पताका, ध्वज"
ফ্ল্যামেন ডায়ালিস,जुपिटर के पुजारी
ফ্ল্যামেন মার্শালিস,मार्स के पुजारी
জ্বলন্ত মশাল,"दीप्त शिला, जलती मशाल"
ফ্ল্যাঙ্ক,"पार्श्व, बाजू"
ফ্ল্যাঙ্কিং আন্দোলন,"तुलुग़मा, पार्श्वग्राह"
বিকশিত সভ্যতা,उन्नतिशील सभ्यता
fluvialistic বিশ্বাস,नदी संबंधी विश्वास
লোকদেবতা,"लोक-देवता, जन-देवता"
লোকদেবী,जन-देवी
লোক স্মৃতি,लोक-स्मृति
লোককথা (=লোককাহিনী),लोक कथा
চারণ,रसदमारी धावा
অভিযান,धावा
পূর্বাবস্থায়,"पुरखा, पूर्वज"
পূর্বপুরুষ,"पूर्वज, पुरखा"
অগ্রদূত,पूर्वगामी
অসহায় আশা,"जोखिम दल, अग्रदल"
গঠনমূলক পর্যায়,निर्माण-अवस्था
দুর্গ,"किला, दुर्ग, गढ़"
দুর্গ,क़िलाबंदी
সুরক্ষিত শহর,"प्राचीरयुक्त नगर, परकोटेवाला नगर"
দুর্গ,"दुर्ग, कोटला, गढ़ी"
ফরচুনা,फॉर्चूना
ফোরাম রোমানাম,रोमन फोरम
ফ্রান্সিসকান,फ्रांसिस श्रमण
ফ্র্যাঙ্কলিন,मध्यवर्गीय ज़मींदार
ভ্রাতৃঘাতী যুদ্ধ,भ्रातृघातक युद्ध
বিনামূল্যে চার্চ,"स्वतंत्र चर्च, अबद्ध गिरजा"
ফ্রিহোল্ডার,"उन्मुक्त भूमिधर, स्वतंत्र माफीदार"
ফ্রিল্যান্স সৈনিক,() शस्त्रोपजीवी सैनिक
ফ্রিল্যান্স সৈনিক,(2) स्वच्छंद सैनिक
ফ্রিম্যান,() स्वाधीन नागरिक
ফ্রিম্যান,(2) पर्ण नागरिक
ফ্রিপাস,दस्तक
ফরাসি বিপ্লব,फ्रांसीसी क्रांति
ভদ্র,भिक्षु
ফ্রিশিয়ান ভাড়াটে,फ्रिजी भृतक सैनिक
সীমান্তের মানুষ,सीमांतवासी व्यक्ति
গ্যালিওন,"दीर्घ नौपोत, दीर्घ नौका"
গ্যালিকান (=গ্যালিকানিস্ট),"फ्राँसीसी, गॉलीय व्यक्ति"
গ্যালিকানিজম,गैलीयवाद
গ্যারিসন,"दुर्ग सेना, गैरिसन"
গল,गॉल
গান্টলেট,"() लौह हस्तक, धातु का दस्ताना"
গান্টলেট,(2) हस्त-कवच
গাজেবো,() सावन-भादों
গাজেবো,(2) धारागृह
গাজেবো,(3) झरोखा
বংশগত ইতিহাস,वंशावली-इतिहास
বংশগত রেকর্ড,"वंशावली-इतिहास, वंशावली अभिलेख"
বংশগত সারণী,"वंशसारणी, वंशावली"
বংশগত গাছ,वंश-वृक्ष
বংশতালিকা,"वंशावली, वंश-वृक्ष"
বংশতালিকা,2. वंशिकी
প্রজন্ম,पीढ़ी
গণহত্যা,"जन-संहार, जाति-संहार"
বিধর্মী,() सामान्य जन
বিধর্মী,(2) गैर यहूदी
বিধর্মী,(3) ईसाई
বিধর্মী,(4) मूर्त‍ि पूजक
ঘেটো,"() घेटो, यहूदी बस्ती"
ঘেটো,(2) पृथक बस्ती
গিবত,"टिकटी, फाँसी का तख्ता"
গিল্ড (=গিল্ড),श्रेणी
গ্ল্যাডিয়েটার,"खड्गमल्ल, असिक्रीड़क"
গৌরবময় বিপ্লব,गौरवमय क्रांति
গোল্ডেন হোর্ড,तातारी महासंघ
মহাজোট,"यूरोपीय सहबंध, यूरोपीय संश्रय"
গ্র্যান্ডি,अमीर
গ্র্যান্ড সাইনর,() तुर्की का सुल्तान
গ্র্যান্ড সাইনর,(2) महासामंत
মহান গৃহযুদ্ধ,महा गृहयुद्ध
মহান প্রস্থান (বুদ্ধের),(महात्मा बुद्ध का) महाभिनिष्क्रमण
বৃহত্তর ভারত,बृहत्तर भारत
গ্রেট হেলাস,बृहत यूनान
গ্রেট হোর্ড,ग्रेट होर्ड
মহান ত্যাগ (= মহান প্রস্থান),महाभिनिष्क्रमण
মহান সীল,"राज-मुद्रा, राजा की मुहर"
মহান Trak,महाप्रवासन
দারুণ যানবাহন,महायान
চীনের মহাপ্রাচীর,"चीन की महाप्राचीर, चीन की विशाल दीवार"
গ্রীভ,"पिंडलीत्राण, पिंडलीकवच"
গার্ড-চেম্বার,() रक्षक कक्ष
গার্ড-চেম্বার,(2) रक्षक चौकी
গার্ড-চেম্বার,(3) अस्थायी कारावास
গুপ্ত,गुप्त वंश
হ্যাজিওগ্রাফি,() संत चरित संग्रह
হ্যাজিওগ্রাফি,(2) संत चरित लेखन
হ্যাজিওলজি,() संत चरित
হ্যাজিওলজি,(2) संत साहित्य
ব্যক্তিগত দর্শকদের হল,दीवाने ख़ास
পাবলিক দর্শক হল,"दीवाने आम, आम दरबार"
হ্যাচমেন্ট,"शस्त्रांकित पट्टिका, कुल-चिह्नाँकित पट्टिका"
বিধর্মী,() अवधर्मी
বিধর্মী,"(2) क़ाफिर, बुतपरस्त"
হিথেনিজম,देव-पूजा
হেগিরা (হেজেরা),हिज़र
হেলেনবাদ,यूनानी संस्कृति
হেলট,"भूमिदास, दास"
হেরাল্ড্রি,कुल-चिह्रांकन कला
ঐতিহ্য,विरासत
হায়ারোগ্লিফিক রৈখিক অক্ষর,चित्रात्मक रेखीय अक्षर या प्रतीक
হায়ারোগ্লিফিক লিপি,चित्रात्मक लिपि
উচ্চ গির্জা,हाई चर्च
উচ্চ ল্যান্ডার,हाई लैन्डर
হিন্দুধর্ম,हिंदू धर्म
ঐতিহাসিক,() इतिहासज्ञ
ঐতিহাসিক,(2) इतिहासकार
ঐতিহাসিক বস্তুবাদ,ऐतिहासिक भौतिकवाद
ঐতিহাসিক যুগ,ऐतिहासिक युग ऐतिहासिक काल
ঐতিহাসিক সীমান্ত,ऐतिहासिक सीमांत
ইতিহাসবিদ,इतिहास-लेखक
ইতিহাসবিদ,2. इतिवृत्त लेखक
ইতিহাস রচনা,इतिहास-लेखनकला
ইতিহাস রচনা,2. इतिहास-लेखन
ইতিহাস,इतिहास
হিট্টাইট সাম্রাজ্য,हित्ती साम्राज्य
পবিত্র জোট,"पवित्र मैत्री, पवित्र सहबंध"
পবিত্র শহর,"() पुण्य पुरी, पवित्र नगर"
পবিত্র শহর,(2) होली सिटी
পবিত্র ভূমি,() पुण्य भूमि
পবিত্র ভূমি,(2) होली लैंड
পবিত্র লীগ,"() होली लीग, पवित्र संघ"
পবিত্র লীগ,"() सन्  से  ईo की अवधि में, पोप जूलियस द्वितीय (पदकाल सन् - ईo) ने फ्रांसिसियों को इटली से निष्कासित करने के उद्देश्य से इटली के नगर राज्य वेनिस को विजित कर और स्पेन के फर्डिनेन्ड (सन् - ईo) के साथ मिलकर पवित्र संघ की स्थापना की। आगे चलकर इंग्लैंड के राजा हेनरी अष्टम (सन् -) और सम्राट मैक्सिमिलियन प्रथम् (पदकाल सन् - ईo) भी संघ में सम्मिलित हो गए। हेनरी अष्टम् ने ‘एड़ युद्ध’ (बैटिल आफ द स्पर्स) में फ्रांसीसियों को पराजित किया और यह संघ भी उसी के साथ समाप्त हो गया।"
পবিত্র রোমান সাম্রাজ্য (= সাম্রাজ্য),"पवित्र रोमन साम्राज्य, रोम का धर्म-राज्य"
পবিত্র সাগর,() पोप का अधिकार-क्षेत्र
পবিত্র সাগর,(2) धर्ममंडल
জেহাদ,जिहाद
জেহাদ,2. धर्म-युद्ध
হোম সরকার,बर्तानिया सरकार
ঘরের রক্ষক,"होम गार्ड, गृह रक्षक दल"
স্বদেশ,स्वदेश
স্বায়ত্তশাসন,स्वशासन
স্বায়ত্তশাসন,होम रूल
Horde,ओर्दु
Horde,2. झुंड
শত্রু দেশ,विरोधी देश
প্রতিকূল ভূমি,शत्रु-प्रदेश
গরম সাধনা,"क्षिप्र अनुघर्षण, सरगर्मी से पीछा करना"
গৃহ,सदन
গৃহ,2. घराना
হাউস অফ কমন্স,हाउस ऑफ कॉमन्स
হাউস অফ লর্ডস,हाउस ऑफ लॉर्डस
হাউস অফ রিপ্রেজেন্টেটিভস,हाउस ऑफ रिप्रेजेन्टेटिव्स
Huguenots,"हयूजिनात, फ्रांसीसी प्रोटेस्टैन्ट"
মানবতাবাদ,"मानवतावाद, मानवता"
মানবতাবাদী,मानव (ता) वादी
শত ইয়েসের যুদ্ধ,शतवर्षीय युद्ध
হুংকার,"हंकर, अनुदारदली (य)"
ইবাদত খানা (উপাসনা ঘর),"इबादतखाना, उपासना-गृह"
আইকনোক্লাস্ট,"मूर्ति भंजक, बुतशिकन"
মূর্তিপূজক,मूर्त्तिपूजक
ইলাহী যুগ,"इलाही संवत्, इलाही काल"
অবৈধ যুদ্ধ,अवैध युद्ध
আলোকিত পাণ্ডুলিপি,"अलंकृत पांडुलिपि, चमकदार पांडुलिपि"
সচিত্র পাণ্ডুলিপি,सचित्र पांडुलिपि
সচিত্র পাণ্ডুলিপি,2. सचित्र हस्तलेख
ইমাম (ইমাম),इमाम
ইমামতি,इमाम-राज्य
ইমামতি,2. इमाम पद
ইমামবাড়া,इमामबाड़ा
ইম্পেরিয়াল,"साम्राज्यिक, साम्राज्य संबंधी"
ইম্পেরিয়াল সিটি,साम्राज्यिक नगर
সাম্রাজ্যবাদ,साम्राज्यवाद
ইম্পেরিয়াল পছন্দ,साम्राज्यिक अधिमानात्मकता
ইমপলিসি,दुःनीति
প্রতারক,झूठा दावेदार; प्रतारक
কারাবাস,कैद
কারাবাস,2. कारावास
অনুপ্রবেশ,"क्षिप्र आक्रमण, अचानक हमला"
অনুপ্রবেশকারী,"आक्रमणकारी, धावामार"
স্বাধীনতা,स्वाधीनता
স্বাধীনতা দিবস,स्वाधीनता-दिवस
স্বাধীনতা হল,इंडिपेन्डेंस हाल
ভারতীয় আমেরিকান (=লাল ভারতীয়=আমেরিকান ভারতীয়),अमरीकी इंडियन
ইন্ডিয়ান হোম রুল লিগ,"भारतीय होम रूल लीग, इंडियन होम रूल लीग"
শিল্প বিপ্লব,औद्योगिक क्रांति
কাফের,"क़ाफिर, अविश्वासी"
কাফের,"2. क़ाफिर, विधर्मी"
অনুপ্রবেশ,घुसपैठ
অনুপ্রবেশকারী,घुसपैठिया
তথ্যদাতা,ज्ञापक
তথ্যদাতা,2. भेदिया
তথ্যদাতা,सूचनादाता
তথ্যদাতা,2. मुखबिर
প্রবেশ,प्रवेश
প্রবেশ,2. अंतः प्रवेश
প্রবেশ,3. प्रवेशाधिकार
বাসস্থান,निवास
বাসিন্দা,निवासी
উত্তরাধিকার,वंशागति
উত্তরাধিকার,2. उत्तराधिकार
উত্তরাধিকার,3. दाय
শিলালিপি,"उत्कीर्ण लेख, अभिलेख"
চিহ্ন,लक्षण
যোগদানের যন্ত্র,अधिमिलन-पत्र
সরকারের যন্ত্র,इन्स्ट्रूमेंट ऑफ गवर्नमेंट
বিদ্রোহ (বিদ্রোহ),उपप्लव
বিদ্রোহী,उपप्लवी
বিদ্রোহ,विप्लव
বিদ্রোহ,2. परिद्रोह
মিশ্রণ,"एकीकरण, समेकीकरण"
রেকর্ডের অখণ্ডতা,अभिलेखों (रिकार्डों) की अविकलता
রাজ্যের অখণ্ডতা,राज्यों की अखंडता
ইন্টেলিজেন্টসিয়া (বুদ্ধিমত্তা),बुद्धिजीवी वर्ग
মধ্যস্থতা,"अंतःस्थता, बीच-बचाव"
মধ্যস্থতাকারী,अंतःस्थ
মধ্যস্থতাকারী,मध्यस्थ
আন্তর্জাতিকতাবাদ,अंतर्राष्ट्रीयता
আন্তর্জাতিকতাবাদ,"2. अंतर्राष्ट्रीयतावाद, अंतर्राष्ट्रवाद"
আন্তর্জাতিকতাবাদী,"अंतर्राष्ट्रीयतावादी, अंतर्राष्ट्रवादी"
আন্তঃযুদ্ধ,अन्यान्यध्वंसी युद्ध
ইন্টার্নী,नज़रबंद व्यक्ति
ইন্টারনি,2. स्थानबद्ध व्यक्ति
ইন্টারনি ক্যাম্প,युद्धबंदी शिविर
অন্তরীণ,नज़रबंदी
অন্তরীণ,2. स्थानबद्धता
অন্তরীণ,3. नज़रबंदी का दंड
ইন্টারনুনসিও,अंतरनंसियों
দোভাষী,दुभाषिया
দোভাষী,2. भाषान्तरकार
দোভাষী,3. व्याख्याकार
হস্তক্ষেপ,"अंतः क्षेप, हस्तक्षेप"
ইন্টেস্ট্যাসি,निर्वसीयता
ইনটেস্টেট,"निर्वसीयती, इच्छा-पत्र रहित"
চক্রান্ত,"साजिश, षड़यंत्र"
অনুপ্রবেশকারী,"बल-प्रवेष्टा, बल पूर्वक प्रवेश करने या घुस आने वाला"
অনুপ্রবেশকারী,2. अतिक्रमी
অনধিকারপ্রবেশ,बल-प्रवेश
আক্রমণ,आक्रमण
আক্রমণ,2. चढ़ाई
বিনিয়োগ করুন,घेर लेना
বিনিয়োগ করুন,2. खिलअत देना
বিনিয়োগ করুন,3. मान प्रदान करना
বিনিয়োগ করুন,4. पद प्रदान करना
ইনভেস্টিচার,खिलअत देना
ইনভেস্টিচার,2. पद-स्थापन
ইনভেস্টিচার,3. मान-प्रदान
বিনিয়োগ অনুষ্ঠান,मान-प्रदान समारोह
জাতীয়তার সাথে বিনিয়োগ করুন,राष्ट्रीयता प्रदान करना
অজেয় আরমাদা,अजेय आर्मेडा
অমান্যতা (রাষ্ট্রের),राज्य की अनुल्लंघनीयता
লঙ্ঘন রাষ্ট্র,अभेद्य राज्य
অভেদ্য দুর্গ,अभेद्य दुर्ग
আয়রন বয়স,लौह युग
লোহার পর্দা,"लौह पट, लोहे का पर्दा, दुर्भेद्य आवरण"
আয়রন গার্ড,"आयरन गार्ड, लौहरक्षक दल"
লোহার রেশন,"आपाती राशन, आपाती रसद"
লোহার দিক,आयरन साइड्स
লোহার টিপযুক্ত তীর,लोहाग्रयुक्त बाण
ইস্তমিয়ান গেমস,इस्थिमियायी खेल
জেনিসারি,"जांनिसार, तुर्की पैदल सैनिक"
দারোয়ান,द्वारपाल
দারোয়ান,2. फर्राश
জ্যাভলিন,"बरछी, बरछा"
জিম ক্রো আইন,"जिम क्रो लॉ, जिम क्रो क़ानून"
জিঙ্গো,उद्धत राष्ट्रवादी
জিঙ্গো,2. जिंगो
জিঙ্গো,"3. युयुत्सु, युद्धप्रिय"
জিঙ্গোইজম,युयुत्सुवाद
যৌথ অভিযান,संयुक्त कार्यवाही
যৌথ নিয়ন্ত্রণ,संयुक्त नियंत्रण
যৌথ দখল,"संयुक्त संधारण, संयुक्त दख़ल"
জুরি,जूरी
শুধু কারণ,न्यायोचित उद्देश्य
রাখা,अंतः कोट
আর্কাইভের রক্ষক,पुरालेखपाल
কেটলি-ড্রাম,"नगाड़ा, नक्कारा"
মূল শব্দ,संकेत शब्द
রাজা,राजा
রাজ্য,"राज्य, राजा"
কিংলেট,क्षुद्र राज
কিং মেকার,"भूपकर्त्ता, राजविधाता"
রাজত্ব,राजपद
রাজত্ব,2. राजतंत्र
রান্নাঘরের তাক,गुप्त सलाहकार
নাইট,नाइट
রাজত্ব,नाइट पद
Kinghts হাসপাতালের,नाइट्स हॉसपिटेलर्स
সেন্ট জন নাইট,नाइट्स ऑफ सेन्ट जॉन
নাইট টেম্পলার,नाइट टेम्पलर
Ku Klux Klan (KKK),कू क्लक्स क्लान
কুমিন্তং,"कोमिंतांग, कूमिंतांग"
সাধারণ,"सामान्य धर्मोपासक वर्ग, उपासक वर्ग"
ল্যান্স,"भाला, कुंत"
ল্যান্সার,"भालाधारी, भालासवार, कुंतधारी"
পরে গুপ্তরা,उत्तर गुप्तवंश
বৈধ উত্তরাধিকারী,वैधा उत्तराधिकारी
অনাচার (=বিশৃঙ্খলা),अव्यवस्था
অনাচার (=বিশৃঙ্খলা),2. अराजकता
আইন প্রভুরা,लॉ लॉर्डस
ধার্মিকতার আইন,(अशोक द्वार प्रवर्तित) धर्म
জাতির লীগ,राष्ट्र संघ
উত্তরাধিকার (= উইল),() रिक्थ
উত্তরাধিকার (= উইল),(2) वसीयत संपदा
আইনগত উত্তরাধিকারী,"वैध उत्तराधिकारी, कानूनी वारिस"
লিগেট,पोपदूत
লিগেট,2. लीगेट
লিগেট,"3. प्रणिधि, मितार्थ दूत"
কিংবদন্তি,आख्यान
কিংবদন্তি,2. लेख
সৈন্যদল,लीजन
সৈন্যদল,2. सैन्य दल
লিজিয়ন অফ অনার,लीजन ऑफ ऑनर
লেস ম্যাজেস্টি (=লেস ম্যাজেস্ট),राजद्रोह
কম রাজ্য,लघु राज्य
বিশ্বাস পত্র,प्रत्यय-पत्र
লিজ-প্রভু,सीमांत स्वामी
লিজ ম্যান,() सेवाबद्ध सामंत
লিজ ম্যান,"(2) परिचर, खिदमतगार"
যাবজ্জীবন কারাদণ্ড,आजीवन कारावास
বংশ,वंश परम्परा
লিটল ইংল্যান্ডার,लिटिल इंग्लैंडर
ছোট যান (= কম যানবাহন),हीनयान
উপকূলীয় রাষ্ট্র,समुद्र तटवर्त्ती राज्य
লিটার্জি,प्रार्थना-विधि
লিটার্জি,प्रार्थना विधि
স্থানীয় আনুগত্য,स्थानीय निष्ठा
স্থানীয় স্ব-সরকার,"स्थानीय स्वशासन, स्थानीय स्वायत्त शासन"
দীর্ঘ সংসদ,लौंग पार्लियामैंट
নিম্ন দেশগুলি,"लो कंट्रीज़, निम्नतल देश"
অনুগত,निष्ठावान
আনুগত্য,निष्ठा
ম্যাকিয়াভেলিয়ান নীতি,मैकियाविली नीति
ম্যাগনা কার্টা,मेग्ना कार्टा
ম্যাগনাম কনসিলিয়াম,"मैगनम कान्सिलियम, उच्च परिषद्"
মালুম নিষেধ,राज्यवर्जित कृत्य
মান্দামুস,परमाधिदेश
ম্যান্ডেট,अधिदेश
"আদেশ, শ্রেণী &#39;ক&#39;",अधिदेश वर्ग 'क'
"আদেশ, শ্রেণী &#39;বি&#39;",अधिदेश वर्ग 'ख'
"ম্যান্ডেট, ক্লাস &#39;সি&#39;",अधिदेश वर्ग 'ग'
ম্যান্ডেট সিস্টেম,अधिदेश पद्धति
বাধ্যতামূলক অবস্থা,अधिदेश प्राप्त राज्य
ম্যাঙ্গোনেল,"मेंगोनेल, प्रक्षेपास्त्र"
ঘোষণাপত্র,घोषणा-पत्र
কৌশল,"सैन्यव्यूहन, स्थिति परिवर्तन-कौशल"
যুদ্ধের মানুষ,"युद्धपोत, जंगी जहाज"
ম্যানর,"मेनर, सामंत-भूमि"
ম্যানর,2. सामंत गढ़ी
জনশক্তি,"जनशक्ति, जन बल"
জনশক্তি,2. श्रमिक शक्ति
ম্যানুমিশন,दासत्वमुक्ति
মনুমিত,दासत्व से मुक्ति
পাণ্ডুলিপি,हस्तलेख ग्रथ
পাণ্ডুলিপি,2. पांडुलिपि
পাণ্ডুলিপি,3. हस्तलिखित ग्रंथ
ডাকাত,लुटेरा
সামুদ্রিক বেল্ট,"समुद्र तटवर्ती प्रदेश, समुद्र तटवर्ती क्षेत्र"
সামুদ্রিক সভ্যতা,"समुद्री सभ्यता, समुद्री तटवर्ती सभ्यता"
সামুদ্রিক পতাকা,"समुद्री ध्वज, समुद्री पताका"
সামুদ্রিক ক্ষমতা,समुद्री शक्तियाँ
সামুদ্রিক সার্বভৌমত্ব,समुद्री प्रभुसत्ता
সামুদ্রিক যুদ্ধ,समुद्री युद्ध
মার্কুইস,मार्क्विस
মার্কুইসেট,मार्क्विस का पद
সেনাশাসন,"मार्शल लॉ, फौजी शासन"
মার্শাল রেস,लड़ाकू जातियाँ
শহীদ,शहीद
হত্যাকাণ্ড,"हत्याकांड, जनसंहार"
কৌশলের ভর,सैन्य पुंज
মাস্টার-এ-আর্মস,मास्टर एट आर्म्स
অনুষ্ঠান - এর গুরু,"मास्टर आफ सेरीमोनीज, समारोह-अधीक्षक, समारोह प्रबन्धक"
গৃহকর্তা,राजभवन प्रबन्धक
ঘোড়ার মাস্টার,मास्टर ऑफ हॉर्स
রোলস মাস্টার,मास्टर ऑफ द रोल्स
ম্যাচ,"तोड़ा, टोटा"
ম্যাচ,2. पलीता
ম্যাচলক,तोड़ेदार बंदूक
বৈবাহিক জোট,"वैवाहिक संबंध, विवाह द्वारा मैत्री"
ভূমধ্য শক্তি,"भूमध्य सागरीय शक्तियाँ, भूमध्य सागरीय राष्ट्र"
মেনশেভিক,"मेन्शेविक, नरम दलीय रूसी साम्यवादी"
ভাড়াটে বাহিনী,भृतक सेना
ভাড়াটে সৈনিক,"भृतक सैनिक, भाड़े का सिपाही"
বণিক,व्यापारी जहाज़
মধ্যবয়সী,"मध्य युग, मध्य काल"
মধ্যপ্রাচ্য,"पश्चिमी एशिया, (यूरोपीय दृष्टि से) मध्य पूर्व"
মধ্যপথ,मध्य समुद्री मार्ग
মধ্যপথ,मध्यम मार्ग
মধ্য পথ (=মিডল কোর্স),"मध्य मार्ग, बीच का रास्ता"
অভিবাসী,प्रवासी
মাইগ্রেশন,प्रवास
মাইগ্রেশন,2. स्थानांतर गमन
মাইগ্রেশন,3. देशांतर गमन
সামরিকবাদ,सैन्यवाद
সামরিকবাদ,2. फ़ौजी शासन व्यवस्था
সামরিকবাদ,3. सैन्य युद्धवाद
সামরিকবাদ,4. युद्ध प्रियता
সামরিকবাদী,सैन्यवादी
সামরিকবাদী,2. युद्धवादी
সামরিকীকরণ,सैन्यीकरण
সামরিকীকরণ,2. सैनिकीकरण
সামরিকীকরণ,3. फ़ौजी शासन
সামরিক কৌশলবিদ (=কৌশলবিদ),समरतंत्री
সামরিক কৌশলবিদ (=কৌশলবিদ),2. व्यूह कुशन
সামরিক কৌশল (=কৌশল),"समरतंत्र, समर विद्या, युद्ध विद्या"
মিলিশিয়া,"नागरिक सेना, सिंहबंदी"
মিলিশিয়া,2. मिलिशिया
দুঃশাসন,कुशासन
হারানো সুত্র,लुप्त कड़ी
মিশন,"दूतमंडल, मिशन"
মিশন,2. सेवादल गठित मंडल
মিশন,3. दौत्यकर्म
মিশ্র জাতি,मिश्र प्रजाति
আধুনিক ইতিহাস,आधुनिक इतिहास
জীবনযাত্রাপ্রণালী,"अस्थायी व्यवस्था, आरज़ी समझौता, कार्यनिर्वाहक व्यवस्था"
একাধিপত্য,मठवास
রাজা,एकराष्ट्र
রাজা,2. राजा
রাজতন্ত্র,राजतंत्रवाद
রাজতন্ত্র,2. राजतंत्र से सिद्धान्त
রাজতন্ত্রবাদী,राजतंत्रवादी
রাজতন্ত্র,"राजतंत्र, एकराट्तंत्र"
মঠ,मठ
মঠ,2. बिहार
মঠ,3. संधाराम
সন্ন্যাস,मठजीवन
সন্ন্যাস,2. मठतंत्र
সন্ন্যাসী,भिक्षु
মাতৃভূমি,"मूल देश, मातृदेश"
মাতৃভূমি,मातृभूमि
সংসদের মা,संसद जननी
মুক্রকারস,"मकरेकर, कीचड़ उछालने वाला"
মমি,"ममी, चिरशव"
যাদুঘর,"संग्रहालय, अजायबघर"
মাস্কেট,"तुपक, लंबी बंदूक, तुफंग"
মাস্কেটিয়ার,"बंदकूची, बरकंदाज़"
মাস্কেট্রি,बरकंदाज़ों का दस्ता
মাস্কেট্রি,2. बरकंदाज़ी
মাস্টার মাস্টার,सैनिक उपस्थिति अधिकारी
মাস্টার-রোল,सैनिक नामावली
মাস্টার-রোল,2. उपस्थिति नामावली
বিদ্রোহ,"सैनिक विद्रोह, सैन्य विद्रोह ग़दर, फ़ौजी बग़ावत"
বিদ্রোহ আইন,"विद्रोह विधि, म्यूटिनी एक्ट"
রহস্য জাহাজ,रहस्यपूर्ण जहाज
বর্ণনামূলক,वर्णन
জাতি,राष्ट्र
স্থানীয়,"दैशवासी, देशीय व्यक्ति"
দেশীয় রাজ্য,रजवाड़ा
প্রকৃতিবাদ,प्रकृतिवाद
প্রাকৃতিক অধিকার,"नैसर्गिक अधिकार, प्राकृतिक अधिकार"
নাৎসি,"नात्सी, नाज़ी"
নাৎসি বিপ্লব,"नात्सी क्रांति, नाज़ी क्रांति"
নাৎসিবাদ,"नाज़ीवाद, नात्सीवाद"
পূর্ব কাছাকাছি,निकट पूर्व
নিগ্রো,नीग्रो
নিগ্রোফিল,नीग्रो समर्थक
নেগ্রোফিলিজম,नीग्रो प्रेम
নিগ্রোফোবিয়া,नीग्रो भय
নিরপেক্ষ,तटस्थ
নিরপেক্ষ দেশ,तटस्थ देश
নতুন চুক্তি,"न्यूडील, नई नीति, नई व्यवस्था"
নতুন বিশ্ব,नूतन विश्व
আভিজাত্য,"अभिजात वर्ग, अमीर वर्ग"
উন্নতচরিত্র,"अभिजात, अमीर"
উন্নতচরিত্র,2. मोहर
যাযাবর,"खानाबदोश, यायावर"
যাযাবর দল,यायावर दल
যাযাবর,खानाबदोशी जिंदगी
অহিংস সন্ধি,"अनाक्रमण अनुबंध, अनाक्रमण समझौता"
অ-আগ্রাসন চুক্তি,अनाक्रमण संधि
যুদ্ধহীন রাষ্ট্র,अयोधी राष्ट्र
অসহযোগিতা,असहयोग
অসহযোগ আন্দোলন,असहयोग आंदोलन
বিপরীত,(सिक्के का) मुख्य भाग
বিপরীত,2. परिपूरक भाग
গণতন্ত্র (=জনতাতন্ত্র),भीड़शाही
অক্লোক্র্যাট,"भीड़तंत्र का समर्थक, भीड़तंत्र का प्रतिपादक"
অফিসের নথিপত্র,"सरकारी दस्ताबेज़, सरकारी प्रलेख"
পুরোনো জগৎ,पुरानी दुनिया
অলিগার্কি,"गुटतंत्र, स्वल्पतंत्र"
আক্রমণ,"धातक आक्रमण, जबरदस्त मारकाट"
খোলা আলোচনা,प्रकट संधिवार्त्ता
খোলা প্রশ্ন,"मुक्त प्रश्न, खुला प्रश्न, विवादास्पद प्रश्न"
রেকর্ড খুলুন,अप्रतिबद्ध अभिलेख
প্রাচ্য,प्राच्य
প্রাচ্যবাদ,प्राच्यवाद
প্রাচ্যবাদ,2. पूर्व देशीयता
প্রাচ্যবিদ,प्राच्यविद्
উৎপত্তি,उद्भव
উৎপত্তি,"2. उद्गम, उत्पत्ति"
অর্থোগ্রাফি,शुद्ध लेखन
শত্রুতার প্রাদুর্ভাব,"सहसा युद्धारंभ, युद्ध का सहसा आरंभ, युद्ध का सहसा छिड़ जाना।"
আউট-পোস্ট,"सीमा चौकी, चौकी"
ওভার-লর্ড,अधिपति
অগ্রাহ্য করা,"चढ़ आना, कुचलना"
অগ্রাহ্য করা,2. प्रत्यादेश करना
পৌত্তলিক,"देवपूजक, पैगन"
পৌত্তলিক,पैगन
পৌত্তলিকতা,"देवपूजन, मूर्तिपूजा"
পৌত্তলিকতা,2. देवपूजावाद
প্যাগোডা,स्तूप
প্যাগোডা,2. बौद्ध मंदिर
প্যাগোডা,3. पैगोडा
প্রাসাদ চক্রান্ত,राजप्रासाद षड़यंत्र
প্যালাটিনেট,जागीर
তাল পাতা,"ताल, ताड़-पत्र"
অব্যবহিত পূর্ববর্তী রবিবার,खजूरी रविवार
প্যানেগরিস্ট,"प्रशस्तिकार, विरुदकार"
আতঙ্ক,आतंक
আতঙ্ক,2. तहलका
আতঙ্কগ্রস্ত,आतंककारक
পোপপদ,पोपतंत्र
পোপপদ,2. पोप पद
পোপপদ,3. पोप अवधि
পোপপদ,"4. पोप-परंपरा, पोपीय उत्तराधिकार"
পাপল বলদ,पोप का आदेश-पत्र
পোপবাদ,पोपवाद
পোপবাদ,2. पोपतंत्रीय व्यवस्था
পোপবাদী,पोपवादी
পোপ রাজ্য,पोप-राज्य
প্যাপিজম (=পেপিস্ট্রি),पोपवाद
পাপিস্ট,पोपवादी
প্যাপিরাস,पेपाइरस
উপমা,दृष्टांत कथा
প্যারামাউন্ট,परमोच्च
সর্বশ্রেষ্ঠতা (=পরামাউন্ট শক্তি),परमोच्च शक्ति
প্যারামাউন্ট ভদ্রমহিলা,सम्राज्ञी
পরম প্রভু,सम्राट्
পার্চমেন্ট,चर्मपत्र
পার্চমেন্ট,"2. पार्चमेंट, चर्मपत्र पांडुलिपि"
পার্চমেন্ট,3. पत्र
ক্ষমা,क्षमा
কথাবার্তা,"संधिवार्ता, सुलह की बातचीत"
কথাবার্তা,2. विमर्श
সংসদ (=সংসদ),"पार्लियामेंट, पार्लेमैन"
সংসদ,पार्लियामेंट
সংসদ,2. संसद
সংসদ,3. पार्लियामेंट
সংসদ আইন,पार्लियामेंट अधिनियम
সংসদ সদস্য,"सांसदिक, संसदविज्ञ"
সংসদ সদস্য,"2. संसदीय पद्धति का समर्थक, पार्लियामेंट समर्थक"
সংসদীয় এজেন্ট,संसदीय प्रतिनिधि
পারনেলিজম,पारनेलवाद
প্যারোল,पैरोल
প্যারোল,2. संबंध मुक्ति
প্যারিসাইড,पितृहंता
প্যারিসাইড,2. गुरुजनंहंता
পক্ষপাতমূলক,"पक्षपाती, पक्षधर"
পক্ষপাতমূলক,2. लड़ाका
পক্ষপাতমূলক,3. गुरिल्ला
পাস,"दर्रा, गिरी-द्वार"
পাস শব্দ (=ঘড়ি শব্দ),संकेत शब्द
প্যাট্রিয়ার্ক,कुल-पिता
প্যাট্রিয়ার্কস,"(बहुवचन में) जैकब के वंशज; डब्राहीम, इशाक, जैकब और उनके पूर्वज।"
প্যাট্রিশিয়ান,कुलीन
পিতৃত্ব,पैतृकी
প্যাক্স ব্রিটানিকা,पैक्स ब्रिटेनिका ब्रिटिश साम्राज्य द्वारा शांति-स्थापना
প্যাক্স রোমানা,"पक्स रोमाना, रोमन साम्राज्य द्वारा स्थापित शांति"
বংশ,वंशानुक्रम
বংশ,2. वंश-वृक्ष
বংশানুক্রমিক ব্যক্তি,"कुलीन व्यक्ति, उच्च कुलोत्पन्न व्यक्ति"
সমকক্ষ ব্যক্তি,पियर
সমকক্ষ ব্যক্তি,2. समपदस्थ
পিরেজ,पियर पद
পিরেজ,2. पियर वर्ग
পিরেজ,3. पियरेज
আয়ারল্যান্ডের সহকর্মীরা,आयरलैंड के पियर
স্কটল্যান্ডের সহকর্মীরা,स्कॉटलैंड के पियर
উপদ্বীপের প্রচারণা,प्रायद्वीपीय अभियान
উপদ্বীপ যুদ্ধ,प्रायद्वीपीय युद्ध
পেনান্ট,पताका
জনগণের সনদ (=জাতীয় সনদ),"लोक माँग पत्र, पीपुल्स चार्टर"
পিপলস ফ্রন্ট (=জনপ্রিয় ফ্রন্ট),जन मोर्चा
বেপরোয়া,विश्वासघात
সময়কাল,अवधि
সময়কাল,2. काल
পরিধি,परिधि
স্থায়ী বন্দোবস্ত,"इस्तमरारी बंदोबस्त, स्थायी बंदोबस्त"
চিরন্তন জাঁকজমক,स्थायी जागीर
ফ্যালানক্স,सैन्य व्यूह
ফ্যালানক্স,2. फैलेक्स
ফেরাউন,"फेरो, फ़राऊन, फेरोन"
পিকটোগ্রাম,चित्राक्षर
পিকটোগ্রাফ,चित्रलेख
পিকটোগ্রাফ,2. चित्रमय ग्राफ
তীর্থযাত্রী,तीर्थ यात्री
তীর্থযাত্রী পিতারা,पिलग्रिम फादर्स
পিলেজ,लूट
পিলেজ,2. लूट का माल
স্তম্ভ,स्तंभ
পিলার এডিক্টস (অশোকের),अशोक के स्तंभ लेख
পিলার এডিক্টস (অশোকের),स्तंभ लेख
পিলার এডিক্টস (অশোকের),2. लघु स्तंभ लेख
জলদস্যু,"जलदस्यु, समुद्री डाकू, समुद्र दस्यु"
জলদস্যু,2. दस्युपोत
পিচড যুদ্ধ,घमासान युद्ध
পটভূমি,षड़यंत्र
পলিস,नगर
পলিস,2. नगर राज्य
পলিটার্ক,पुर-शासक
পলিটিক্যাল এজেন্ট,"राजनीतिक एजेंट, राजनीतिक अभिकर्त्ता"
রাজনৈতিক আশ্রয়,राजनीतिक शरण
রাজনৈতিক বাসিন্দা,राजनीतिक राज्य प्रतिनिधि
রাজনৈতিক সন্ত্রাস,राजनैतिक आतंकवाद
মাথট,व्यक्ति कर
পন্টুন,"नौका सेतु, नाव पुल"
প্রিমিয়ার,प्रधान
প্রিমিয়ার,2. प्रधान मंत्री
প্রিমিয়ারশিপ,प्रधान मंत्री-पद
প্রেসিডেন্সি,प्रदेश
প্রেসিডেন্সি,2. प्रेसीडेन्सी
রাষ্ট্রপতি,"प्रधान, अध्यक्ष"
রাষ্ট্রপতি,2. राष्ट्रपति
প্রেসিডিয়াম,"प्रेसीडियम, अध्यक्षमंडल, प्रधान परिषद"
প্রধানমন্ত্রী,प्रधान मंत्री
প্রিমোজেনিচার,ज्येष्ठाधिकार
রাজপুত্র,नरेश
রাজপুত্র,2. राजकुमार
প্রিন্স বিশপ,प्रिंस बिशप
প্রিন্স কনসোর্ট,"महारानी-पति, प्रिंस कंसर्ट"
প্রিন্স রিজেন্ট,राज-अभिभावक
পিন্স regnant,शासक युवराज
রাজকুমারী রিজেন্ট,राज-अभिभाविका
রাজকুমারী,ज्येष्ठ राजकुमारी
প্রিন্সিপ্যালিটি,राज्य
প্রিন্সিপ্যালিটি,2. देशी राज्य
প্রিন্সিপ্যালিটি,3. सामंत देश
পুরস্কার,युद्ध उपहार
পুরস্কার,2. समुद्री लूट
উপহার স্বরূপ,विजित धन
পেশাদার সৈনিক,"पेशेवरसिपाही, व्यावसायिक सैनिक"
প্রতিশ্রুতি,"वचन, वायदा"
প্রমোনটরি ফোর্ট,अंतरीप दुर्ग
প্রটেক্টরেট,"संरक्षित राज्य, संरक्षित देश"
প্রটেক্টরেট,2. संरक्षण-काल
প্রটেক্টরেট,प्रोटेक्टोरेट
প্রোটেগ,आश्रित
উদ্ভব,प्राप्ति-स्थान
উদ্ভব,2. मूलस्रोत
প্রোভেনেন্স সিস্টেম,उद्गम-पद्धति
ইহুদিবাদী,यहूदी समर्थक
জনশত্রু,लोक-शत्रु
জনশত্রু,2. शत्रु राष्ट्र; युद्धरत राष्ट्र
বিরাম,संधि पूर्व वार्ता
পুনিক যুদ্ধ,प्यूनिक युद्ध
পিউরিটান,प्यूरिटन
Putsch,पुश
কোয়াড্রিগা,चतुरश्व रथ
চতুর্মুখী জোট,"चतष्ट्र मैत्री, चतुर्राष्ट्र संश्रय"
কোয়েকার,क्वेकर
রাণী,"रानी, राजमहिषी"
রানী সহধর্মিণী,राजपत्नी
কুইন দোহার,स्वर्गीय राजा की पत्नी
কুইনডম,सम्राज्ञी का पद
কুইনডম,2. राज्य
রানী মা,राजमाता
রাজকুমারী,शासिका रानी
কুইসলিং,"देश-द्रोही, विभीषण"
কুইসলিং,2. क्विसलिंग
ভাড়া ছাড়ুন,सेवामुक्ति लगान
কাঁপুনি,"तरकश, तूणीर"
ওয়ারেন্টো,अधिकार-पृच्छा
জাতি,प्रजाति
জাতিগত আধিপত্য,प्रजातीय सर्वोच्चता
তাক,शिकंजा
তাক,2. उत्पीड़क यन्त्र
অভিযান,धावा
অভিযান,2. छापा मारना
রামপার্ট,"दुर्ग प्राचीर, परकोटा"
রামপার্ট,2. दुर्ग-प्राचीर ढाल
লুণ্ঠন,लूट-खसोट करना
মুক্তিপণ,"मुक्तिमूल्य, फिरौती"
মুক্তিপণ,"2. निष्क्रय, निःक्रय"
ধ্বংসযজ্ঞ,विध्वंस
ধ্বংসযজ্ঞ,विध्वंस-परिणाम
রাজত্ব,राज्य
রিয়ার গার্ড,"चंदावल, पार्ष्णि"
রিয়ার গার্ড অ্যাকশন,चंदावल हमला
বিদ্রোহী,विद्रोही
বিদ্রোহ,विद्रोह
বিদ্রোহের স্বীকৃতি,विद्रोह-मान्यता
পুনঃসঞ্চালন,बलात् निष्कासन
রিকনেসান্স,"वीक्षण, टोह"
পুনর্গঠন,पुनर्निर्माण
রেকর্ড,"अभिलेख, रिकॉर्ड"
রেকর্ড অফিস,"रिकॉर्ड आफिस, अभिलेख कार्यालय"
রেকর্ড অবসর,अभिलेख की निवृत्ति
লাল শার্ট,"लालकुर्ती वाला, खुदाई खिदमतगार"
সংস্কার,"धर्मसुधार आंदोलन, रिफॉर्मेशन"
উদ্বাস্তু,शरणार्थी
রেগালিয়া,राजाधिकार
রেগালিয়া,2. राजचिह्र
রেগালিয়া,3. राजपरिधान
রিজেন্সি,"प्रतिशांसन-व्यवस्था, रीजेंसी"
রিজেন্ট,"प्रतिशासक, रीजेन्ट"
রাজকীয় রানী,अभिभावक रानी
রেজিসাইড,"राजहंता, नृपध्न, नृपहंता"
রেজিসাইডস,"राजहंता, रेजिसाइड्स"
শাসন,"राज्यकाल, शासन-काल"
শাসন,2. शासन-पद्धति
অঞ্চল,"प्रदेश, क्षेत्र"
রাজকীয় বছর,"राज्य-संवत्, राज्य वर्ष"
রেগন্যান্ট,"शासक, शासन करने वाला"
রেগনাম,राज्यकाल
রাইখ,"राईख, जर्मन साम्राज्य"
রাজত্ব,राज्य काल
রাজত্ব,2. शाही शासन या राजसी प्राधिकार।
রাজত্ব করা পরিবার,राज परिवार
সন্ত্রাসের রাজত্ব,आतंक काल
সন্ত্রাসের রাজত্ব,2. आतंक राज्य
শক্তিশালী করা,कुमुक
শক্তিবৃদ্ধি,कुमुक भेजना
পুনঃস্থাপন,"पुनः स्थापना, बहाली"
পুনরায় বিনিয়োগ করুন,प्रति स्थापना
রিলে পোস্ট,"बदल चौकी, टपाल चौकी"
রিলে রুট,"टपाल मार्ग, डाक-मार्ग"
রিলে সিস্টেম,"टपाल व्यवस्था, अभिचालन व्यवस्था"
মুক্তি,"रिहाई, मुक्ति"
মুক্তি,2. छूट
ত্যাগ,"त्याग, परित्याग"
ত্যাগ,2. संन्यास
রেপার্টরি (=ইনভেন্টরি),बृहत् सूची
ভান্ডার,भंडार
ভান্ডার,2. संग्रहालय
প্রজাতন্ত্র,"गणराज्य, गणतंत्र"
প্রজাতন্ত্র দিবস,गणराज्य दिवस
রিস্ক্রিপ্ট,लिखित समाधान
রিস্ক্রিপ্ট,2. राजाज्ञा
বাসিন্দা,रेजीडेंट
পুন: প্রতিষ্ঠা,पुनः स्थापना
পুনরুত্থান,(ईसा का) पुनरुत्थान
পুনরুত্থান,2. पुनुरूज्जीवन
পশ্চাদপসরণ,पीछे हटना
বিপরীত (একটি মুদ্রার),(सिक्के का) पृष्ठ भाग
বিদ্রোহ,विद्रोह
বিপ্লব,क्रांति
"বিপ্লব, ফরাসি","फ्रांसीसी क्रांति, फ्रांस की राज्य क्रांति"
বিপ্লব গৌরবময়,अ. दे. Glorious Revolution
"বিপ্লব, শিল্প",औद्योगिक क्रांति
উদীয়মান,"विप्लव, बल्वा"
পচা-বরো,राटन बरो
রাফ রাইডার,रफ राइडर्स
গোলাকার মাথা,राउन्ड हेड्स
রাউট,"भगा देना, परास्त करना, खदेड़ना"
রাজকীয় দর্শক,"राजा से भेंट, राज-दर्शन"
রাজকীয় সনদ,शाही फरमान
রাজকীয় ক্রেস্ট,राजचिह्र
রাজকীয় ক্রেস্ট,2. राजकिरीट
রাজকীয় ফরমান,राजाज्ञा
রুব্রিক,रूबर‍िक
ধ্বংসাবশেষ,"भग्नावशेष, ध्वंसावशेष, खंडहर"
রানার,"धावक, हरकारा"
নাশকতা,"अंतध्वंस, तोड़फोड़"
সাবের,खंग
সাবার্স,"रिसाला, अश्वारोही दल"
বলিদান,यज्ञ
বলিদান,2. बलि
বলিদান,3. बलिदान
নিরাপদ আচরণ,अभय दान
নিরাপত্তা বেষ্টনী,"रक्षोपाय, रक्षा-विधान"
নিরাপত্তা বেষ্টনী,2. सुरक्षण बचाव
নিরাপত্তার দায়িত্ব,पूर्व रक्षात्मक कर
স্যালি,धावा
স্যালি-বন্দর,धावा द्वार
রাজদণ্ড,राजदंड
Scimitar,"तलवार, शमशीर"
দ্বিতীয় এস্টেট,"द्वितीय संपदा, अभिजात वर्ग"
সম্প্রদায়,संप्रदाय
সম্প্রদায়,2. पंथ
খিঁচুনি,कब्जा
খিঁচুনি,2. अधिग्रहण
সেনেট,सेनेट (प्राचीन रोम की संसद)
সেনেট,2. सेनेट
সেনেট,3. अभिषद्
সেনেট,4. सेनेट
দাস (= বর্ডার বা ভিলিন),कृषिदास
দাস (= বর্ডার বা ভিলিন),"2. खिदमती, दास"
দাসত্ব (সার্ফহুড বা সারফেজ),कृषि-दासता
দাসত্ব (সার্ফহুড বা সারফেজ),2. कृषि दास-व्यवस्था
ছায়া রাজা,नाम मात्र का राजा
শিপ মানি,जहाज कर
শক সৈন্য (= ঝড় সৈন্য),आक्रामी सेना
সংক্ষিপ্ত সংসদ,"स्वल्पावधि पार्लियार्मेट, अल्पकालीन पार्लियामेंट"
ঝগড়া,झड़प
দাস,"दास, गुलाम"
দাসত্ব,दास-प्रथा
দাসত্ব,"2. दासता, गुलामी"
সৈনিক রাষ্ট্রনায়ক,सैनिक राजमर्मज्ञ
বর্শা,बल्लम
বর্শা-মাথা,हरावल
গোলক,प्रभाव क्षेत्र
স্ফ্রাজিস্টিকস,"मुहर-विद्या, मुद्रा-विद्या"
সিস্টেম নষ্ট করে,पद पुरस्कार व्यवस्था
স্কয়ার,बड़ा भूस्वामी
স্কয়ার,2. स्कवायर
স্কয়ারআর্কি,जमींदार वर्ग
স্কয়ারআর্কি,2. भूस्वामी प्रभावित तंत्र
স্ট্যান্ডার্ড,ध्वज
মান-ধারক,ध्वज-वाहक
স্থায়ী সেনাবাহিনী,स्थाई सेना
স্থায়ী আদেশ,मानक निर्देश
স্থায়ী আদেশ,2. स्थाई आज्ञा
স্টেটসম্যান,"राजनीति विशारद, राजनीति मर्मज्ञ"
পাথরের শিলালিপি,"प्रस्तर लेख, पाषाणलेख"
ঝড় সৈন্য,तूफानी दस्ता
কৌশল,"कूट युक्ति, कूट उपाय"
কৌশল,"युद्ध चालन विद्या, सामरिकी"
কৌশল,2. फौजी दाँव-पेच
কৌশল,3. रण-फौशल
স্ট্র্যাটোক্র্যাসি,सैनिक शासन
কলহ,संघर्ष
কলহ,2. मतभेद
শক্ত হোল্ড,गढ़
শক্ত হোল্ড,2. प्रमुख केंद्र
সাবসিডিয়ারি ট্যালাইন্স,सहायक संधि
উত্তরাধিকার,उत्तराधिकारी
উত্তরাধিকারী,उत्तराधिकारी
ভোটাধিকার,मताधिकार
ভোটাধিকারী,मताधिकारवादी
সালতানাত,सल्तनत
সুলতানি আমল,सल्तनत-काल
আত্মসমর্পণ,अभ्यर्पण
সুজারেন,अधिराज
সুজারেন রাজ্য,अधिराज्य
তলোয়ারধারী,"शमशीरबाज, खड़गधारी, असियोद्धा"
তামানি সোসাইটি,टैमनी समाज
টেম্পারড তলোয়ার,पानी चढ़ी तलवार
প্রজা,काश्तकार
প্রজা,"2. किराएदार, आसामी"
এলাকা,"भूभाग, इलाका, अमलदारी"
এলাকা,2. प्रदेश
অঞ্চল সরকার,टेरिटरी गवर्नमेन्ट
সন্ত্রাস,"आतंकवाद, संत्रासवाद"
তৃতীয় এস্টেট,"तृतीय वर्ग, जनता, जनसाधारण"
তিনটি এস্টেট,तीन वर्ग
টোল,"पथकर, राहदारी"
টোল বাড়ি,चुंगी घर
সমাধি,"तूंब, मकबरा"
টোরি,टोरी
টোটেম,"गणचिह्र, कुलचिह्र, टोटेम"
টাওয়ার,मीनार
টাওয়ার,2. मचान
বিজয়ের টাওয়ার,"जयस्तंभ, कीर्ति-स्तंभ"
বিশ্বাসঘাতক,"देशद्रोही, गद्दार"
বিশ্বাসঘাতকতা,विश्वासघात
বিশ্বাসঘাতকতা,राजद्रोह
সন্ধি,संधि
যুদ্ধের মাধ্যমে বিচার (=যুদ্ধের মাধ্যমে ট্রায়াল),द्वंद्ध युद्ध परीक्षा
শ্রদ্ধাঞ্জলি,"खिराज, राजस्व"
শ্রদ্ধাঞ্জলি,2. राजकर
শ্রদ্ধা ভূমি,खिराजी भूमि
তিন জোট,त्रिराष्ट्रीय (मैत्री) संधि त्रिपक्षीय संधि
ট্রিপল entente,"त्रिराष्ट्र सौहार्द्र, ट्रिपल आंतांत"
বিজয়,विजय
বিজয়,2. विजय शोभा-यात्रा
অশান্তি,विक्षोभ
অত্যাচারী হত্যা,निरंकुश-घातक
অত্যাচারী হত্যা,2. क्रूर घात
অত্যাচার,निरंकुश शासन
অত্যাচার,2. निरंकुशता
অত্যাচারী,"निरंकुश शासक, अत्याचारी शासक"
উহলান,उलान
উকাসে,उकाज
উকাসে,2. राजाज्ञा
ওলামা,उल्मा
আল্টিমেটাম,अंतिम चेतावनी
আল্টিমেটাম,2. अंतिम प्रस्ताव
চাচা স্যাম,अंकिल सैम
অধীনস্থ রাজা,अधीनस्थ राजा
ইউনাইটেড আইরিশম্যান,युनाइटेड आयरिशर्मन
জাতিসংঘ,संयुक्त राष्ट्र संघ
ইউনাইটেড প্রদেশ,संयुक्त प्रांत
ইউনাইটেড প্রদেশ,2. युनाइटेड प्राविन्सेज़
অপ্রত্যাশিত দুর্গ,एक प्राचीर दुर्ग
সর্বজনীন রাজা,"चक्रवर्ती राजा, सार्वभौम राज"
সার্বজনীন ভোটাধিকার,सर्वजनीन मताधिकार
বিদ্রোহ,"विद्रोह, विप्लव"
দখল,"बलादग्रहण, हड़पना"
দখলকারী,बलादग्रहणकर्त्ता
ইউটোপিয়া,"यूटोपिया, काल्पनिक राज्य"
ভাঙচুর,कला विध्वंसक
ধ্বংসাত্মক,कला विध्वंस
ভ্যানগার্ড,नासीर
ভ্যানগার্ড,"2. सेनामुख, सेनाग्र"
ভ্যানগার্ড,3. हरावल
ভারাঙ্গিয়ান,वैरेंजियायी
ভারাঙ্গিয়ান প্রহরী,वैरेंजियायी रक्षक
ভাসাল,असामी
ভাসাল,2. दास
ভাসাল রাষ্ট্র,"अवराज्य, सामंती राज्य"
ভ্যাটিকান কাউন্সিল,पोप परिषद
ভেসেল,"जहाज, पोत"
ভেসেল,2. यान
ভেসেল,3. बर्तन
উপরাজ,अo देo viceroy
ভাইসরয়,वाइसराय
ভাইসরয়্যালিটি = ভাইসরয়শিপ,वाइसराय का पद
ভিক্টর,विजेता
বিজয়,विजय
ভিলেইন,कृषिदास
সমুদ্রযাত্রা,समुद्र-यात्रा
অরক্ষিত দুর্গ,"सुभेद्य दुर्ग, सहजभेद्य दुर्ग"
অম্লান চিত্র,भित्ति चित्रकारी
অম্লান চিত্র,2. भित्ति चित्र
যুদ্ধ,युद्ध
যুদ্ধ-প্রভু,महान सेनानी
যোদ্ধা,योद्धा
যোদ্ধা,2. सैनिक
যোদ্ধা,3. जंगलू
যুদ্ধজাহাজ,"युद्धपोत, जंगी जहाज"
ওয়াচ-শব্দ,संकेत शब्द
কল্যাণ রাষ্ট্র,"लोक कल्याणकारी राज्य, जनहितकारी राज्य"
কল্যাণমূলক কাজ,कल्याण-कार्य
হুইগ,हविग
সাদা পতাকা,"श्वेत ध्वज, सफेद झंडा"
হোয়াইটম্যানের বোঝা,"श्वेत जाति का भार, श्वेत जाति का दायित्व"
বিশ্ব সাম্রাজ্য,विश्व-साम्राज्य
বিশ্ব আন্দোলন,विश्वव्यापी आंदोलन
বিশ্ব রাজনীতি,विश्व-राजनीति
বিশ্ব শক্তি,विश्वा-शक्ति
বিশ্বযুদ্ধ,विश्वयुद्ध
Wreeker,पोत-भंजक
ধ্বংসকারী সংশোধনী,विनाशकारी संशोधन
জেনেলাসিস,"जैनेलेजिया, अप्रवेशन"
জেনোফোবিয়া,विदेशी जनभीति
ইয়াঙ্কি,यांकी
হলুদ জ্যাকেট,पीत परिधान
হলুদ মানুষ,पीत जाति
হলুদ বিপদ,"पीत आतंक, पीत भीति"
হলুদ প্রেস,सनसनीखेज समाचार पत्र
তরুণ তুর্কিদের,"यंग टर्क, युवा तुर्क"
জিউস,"जूस, देवाधिपति"
জায়নবাদ,यहूदीवाद
জরথুষ্ট্রবাদ,"पारसी धर्म, ज़रथुष्ट्र  धर्म"
