Punjabi,Kannada
ਅਬਾਇਓਟਿਕ ਪ੍ਰਜਨਨ,ಅಜೀವಕ ಸಂತಾನೋತ್ಪತ್ತಿ
ਅਲੌਕਿਕ,ಅಧಿಸಾಮಾನ್ಯ
1. ਚੌਥਾ ਪੇਟ 2. ਈਵੋਮਾਸੋਮ,1. ನಾಲ್ಕನೇ ಹೊಟ್ಟೆ 2. ಎವೋಮಾಸೋಮ್
ਸਟੋਮੈਟਲ ਵਿਕਾਸ ਅੰਗ,ಸ್ಟೊಮಾಟಲ್ ಬೆಳವಣಿಗೆಯ ಅಂಗ
ਰੁਕਿਆ ਹੋਇਆ ਵਾਧਾ ਬੀਜ,ಕುಂಠಿತ ಬೆಳವಣಿಗೆ ಬೀಜ
1. ਗਰਭਪਾਤ 2. ਗਰਭਪਾਤ 3. ਵਿਕਾਸ ਪ੍ਰਤੀਰੋਧ,1. ಗರ್ಭಪಾತ 2. ಗರ್ಭಪಾತ 3. ಬೆಳವಣಿಗೆಯ ಪ್ರತಿರೋಧ
1. ਅਣਚਾਹੇ ਜੰਗਲੀ ਬੂਟੀ 2. ਮੁਕੰਮਲ ਨਦੀਨ,1. ಅನಗತ್ಯ ಕಳೆಗಳು 2. ಸಂಪೂರ್ಣ ಕಳೆಗಳು
ਲੀਨ cation,ಹೀರಿಕೊಳ್ಳಲ್ಪಟ್ಟ ಕ್ಯಾಷನ್
ਸਮਾਈ,ಹೀರಿಕೊಳ್ಳುವಿಕೆ
ਐਬੀਸੀਨੀਅਨ ਸਰ੍ਹੋਂ,ಅಬಿಸ್ಸಿನಿಯನ್ ಸಾಸಿವೆ
1. ਐਕਰੀਸਾਈਡ,1. ಅಕಾರಿಸೈಡ್
centripetal,ಕೇಂದ್ರಾಭಿಮುಖ
ਪ੍ਰਸਾਰਨ (ਸੈੱਲ),ವರ್ಧನೆ (ಕೋಶ)
ਮਨਜ਼ੂਰ ਸਹਿਣਸ਼ੀਲਤਾ,ಸಹಿಷ್ಣುತೆಯನ್ನು ಅನುಮೋದಿಸಲಾಗಿದೆ
1. ਵਾਧੂ 2. ਐਕਸੈਸਰੀ 3. ਐਕਸੈਸਰੀ,1.ಹೆಚ್ಚುವರಿ 2.ಪರಿಕರ 3.ಪರಿಕರ
ਅਨੁਕੂਲਨ,ರೂಪಾಂತರ
ਇਕੱਠਾ ਕਰਨਾ,ಶೇಖರಣೆ
1. ਸ਼ੁੱਧਤਾ 2. ਸ਼ੁੱਧਤਾ,1.ವಾಕ್ಯುರಸಿ 2. ನಿಖರತೆ
1. ਏਸਰਵੁਲਸ 2. ਸਪੋਰੋਫਾਈਟ,1. ಅಸೆರ್ವುಲಸ್ 2. ಸ್ಪೊರೊಫೈಟ್
1. ਐਸੀਟਾਈਜ਼ੇਸ਼ਨ 2. ਸਿਰਕਾ ਬਣਾਉਣਾ 3. ਐਸੀਟਿਲੇਨ,1. ಅಸಿಟೈಸೇಶನ್ 2. ವಿನೆಗರ್ ತಯಾರಿಸುವುದು 3. ಅಸಿಟಿಲಿನ್
1. ਤੇਜ਼ਾਬੀਕਰਨ 2. ਤੇਜ਼ਾਬੀਕਰਨ,1. ಆಮ್ಲೀಕರಣ 2. ಆಮ್ಲೀಕರಣ
1. ਐਸੀਡੋਮੀਟਰ 2. ਐਸਿਡਮੀਟਰ,1. ಆಸಿಡೋಮೀಟರ್ 2. ಆಸಿಡಿಮೀಟರ್
ਐਸਿਡਿਟੀ,ಆಮ್ಲೀಯತೆ
ਐਸਿਡੋਫਾਈਲ,ಅಸಿಡೋಫೈಲ್
ਤੇਜ਼ਾਬ ਚੱਟਾਨ ਫਾਸਫੇਟ,ಆಮ್ಲೀಕೃತ ರಾಕ್ ಫಾಸ್ಫೇಟ್
ਤੇਜ਼ਾਬ,ಆಮ್ಲೀಕೃತ
aquifer,ಜಲಚರ
ਪ੍ਰਾਪਤੀ,ಸ್ವಾಧೀನಪಡಿಸಿಕೊಳ್ಳುವಿಕೆ
ਏਕੜ,ಎಕರೆ
1. ਖੇਤਰ 2. ਖੇਤਰ,1. ಪ್ರದೇಶ 2. ಪ್ರದೇಶ
ਅੰਤ ਬਿੰਦੂ ਕ੍ਰੋਮੋਸੋਮ,ಎಂಡ್ ಪಾಯಿಂಟ್ ಕ್ರೋಮೋಸೋಮ್
ਅਗਾਂਹਵਧੂ,ಮುಂದೆ ನೋಡುವ
acrosome,ಅಕ್ರೋಸೋಮ್
ਐਕਟਿਨੋਮਾਈਸੀਟਸ,ಆಕ್ಟಿನೊಮೈಸೆಟ್ಸ್
ਸਰਗਰਮ ਕੋਰ,ಸಕ್ರಿಯ ಕೋರ್
1. ਗੁੱਸੇ ਵਾਲਾ 2. ਤੀਬਰ,1. ಉಗ್ರ 2. ತೀವ್ರ
ਅਨੁਕੂਲਤਾ,ಹೊಂದಿಕೊಳ್ಳುವಿಕೆ
ਕਸਟਮਾਈਜ਼ੇਸ਼ਨ,ಗ್ರಾಹಕೀಕರಣ
1. ਅਡੈਸ਼ਨ 2. ਅਡੈਸ਼ਨ,1. ಅಂಟಿಕೊಳ್ಳುವಿಕೆ 2. ಅಂಟಿಕೊಳ್ಳುವಿಕೆ
sebaceous,ಮೇದಸ್ಸಿನ
ਸਮਾਯੋਜਨ ਸਮੀਕਰਨ,ಹೊಂದಾಣಿಕೆ ಸಮೀಕರಣ
ਅਡੋਬ ਮਿੱਟੀ,ಅಡೋಬ್ ಮಣ್ಣು
ਮਿਲਾਵਟ ਕਰਨ ਵਾਲਾ,ಕಲಬೆರಕೆ
ਐਕਟੋਪਿਕ,ಅಪಸ್ಥಾನೀಯ
ਆਈਸੀਡਿਓਸਪੋਰ ਆਈਸੀਡੀਅਮ ਸਪੋਰ,ಇಸಿಡಿಯೋಸ್ಪೋರ್ ಐಸಿಡಿಯಮ್ ಸ್ಪೋರ್
ਐਰੋਡਾਇਨਾਮਿਕ ਪ੍ਰਕਿਰਿਆ,ವಾಯುಬಲವೈಜ್ಞಾನಿಕ ಪ್ರಕ್ರಿಯೆ
ਵੈਂਟ੍ਰਲ,ಕುಹರದ
ਹਵਾ ਦੇਣ ਲਈ,ಗಾಳಿ ಹಾಕಲು
1. ਹਵਾ 2. ਆਕਾਸ਼ੀ,1. ಗಾಳಿ 2. ಆಕಾಶಿ
1. ਐਰੋਮੀਟਰ 2. ਐਰੋਮੀਟਰ 3. ਐਰੋਮੀਟਰ,1. ಏರೋಮೀಟರ್ 2. ಏರೋಮೀಟರ್ 3. ಏರೋಮೀಟರ್
ਐਰੋਸੋਲ,ಏರೋಸಾಲ್
1. ਫੁੱਲ 2. ਗਰਮੀਆਂ ਦੀ ਸੁਸਤਤਾ,1. ಹೂಗೊಂಚಲು 2. ಬೇಸಿಗೆ ಸುಪ್ತ
ਬਿਮਾਰੀ ਦਾ ਵਿਗਿਆਨ,ರೋಗದ ವಿಜ್ಞಾನ
ਜੰਗਲਾਤ,ಅರಣ್ಯೀಕರಣ
1. ਅੰਦੋਲਨ 2. ਗੜਬੜ,1. ತಳಮಳ 2. ಪ್ರಕ್ಷುಬ್ಧತೆ
ਐਗਮਾਰਕ,ಅಗ್ಮಾರ್ಕ್
1. ਜ਼ਮੀਨ ਨਾਲ ਸਬੰਧਤ 2. ਖੇਤੀਬਾੜੀ,1. ಭೂಮಿಗೆ ಸಂಬಂಧಿಸಿದ 2. ಕೃಷಿ
ਖੇਤੀਬਾੜੀ ਕਲੀਨਿਕ,ಕೃಷಿ ಕ್ಲಿನಿಕ್
1. ਖੇਤੀ ਮਜ਼ਦੂਰ 2. ਖੇਤੀ ਮਜ਼ਦੂਰ,1. ಕೃಷಿ ಕಾರ್ಮಿಕ 2. ಕೃಷಿ ಕಾರ್ಮಿಕ
ਖੇਤੀਬਾੜੀ ਮੰਡੀਕਰਨ,ಕೃಷಿ ಮಾರುಕಟ್ಟೆ
ਖੇਤੀਬਾੜੀ ਤਕਨਾਲੋਜੀ,ಕೃಷಿ ತಂತ್ರಜ್ಞಾನ
1. ਖੇਤੀ 2. ਖੇਤੀ 3. ਖੇਤੀ ਵਿਗਿਆਨ,1. ಕೃಷಿ 2. ಕೃಷಿ 3. ಕೃಷಿ ವಿಜ್ಞಾನ
ਖੇਤੀਬਾੜੀ ਜੰਗਲਾਤ,ಕೃಷಿ ಅರಣ್ಯ
ਖੇਤੀਬਾੜੀ ਜੈਵ ਵਿਭਿੰਨਤਾ,ಕೃಷಿ ಜೀವವೈವಿಧ್ಯ
ਖੇਤੀਬਾੜੀ ਜੈਵਿਕ ਨੁਕਸ,ಕೃಷಿ ಸಾವಯವ ದೋಷಗಳು
ਖੇਤੀਬਾੜੀ ਜੀਵ ਵਿਗਿਆਨ,ಕೃಷಿ ಜೀವಶಾಸ್ತ್ರ
ਖੇਤੀ-ਜਲਵਾਯੂ ਵਿਭਿੰਨਤਾ,ಕೃಷಿ-ಹವಾಮಾನ ವೈವಿಧ್ಯ
ਖੇਤੀ ਜਲਵਾਯੂ ਖੇਤਰ ਦੀ ਰਚਨਾ,ಕೃಷಿ ಹವಾಮಾನ ವಲಯದ ಸೃಷ್ಟಿ
ਖੇਤੀ ਜੰਗਲਾਤ,ಕೃಷಿ ಅರಣ್ಯ
ਖੇਤੀ ਵਿਗਿਆਨ,ಕೃಷಿಶಾಸ್ತ್ರ
ਖੇਤੀ ਵਿਗਿਆਨਕ,ಕೃಷಿಶಾಸ್ತ್ರ
ਖੇਤੀਬਾੜੀ ਪੇਸਟੋਰਲ,ಕೃಷಿ ಪಶುಪಾಲಕ
ਫਸਲ ਪ੍ਰੋਸੈਸਿੰਗ,ಬೆಳೆ ಸಂಸ್ಕರಣೆ
ਘਾਹ ਵਿਗਿਆਨ,ಹುಲ್ಲು ವಿಜ್ಞಾನ
ਫਸਲ ਦੀ ਕਿਸਮ,ಬೆಳೆ ಪ್ರಕಾರ
epiphyte,ಎಪಿಫೈಟ್
aikiochi ਮਿੱਟੀ,ಐಕಿಯೋಚಿ ಮಣ್ಣು
ਰੰਗ ਅੰਨ੍ਹਾਪਨ,ಬಣ್ಣಗುರುಡು
alfisol,ಅಲ್ಫಿಸೋಲ್
ਐਲਗੀ,ಪಾಚಿ
ਐਲਗੀ ਰੋਗ,ಪಾಚಿ ರೋಗ
ਖਾਰੀ ਪਾਣੀ,ಕ್ಷಾರ ನೀರು
ਖਾਰੀ,ಕ್ಷಾರೀಯ
ਵਿਕਲਪਕ,ಪರ್ಯಾಯ
ਐਲੇਲੋ ਕੈਮਿਸਟਰੀ,ಅಲ್ಲೆಲೋ ರಸಾಯನಶಾಸ್ತ್ರ
ਐਲੀਲ,ಆಲೀಲ್
ਐਲੇਲੋਪੈਥੀ,ಅಲೆಲೋಪತಿ
ਵੇਥੀ ਦੀ ਫਸਲ,ವೇಥಿ ಬೆಳೆ
ਸੰਪੂਰਨਤਾ,ಪೂರ್ಣಗೊಳ್ಳುವಿಕೆ
ਗਰੱਭਧਾਰਣ ਕਰਨਾ,ಫಲೀಕರಣ
1. ਰਿਲੇਟੀਵਿਟੀ 2. ਐਲੋਮੈਟਰੀ,1. ಸಾಪೇಕ್ಷತೆ 2. ಅಲೋಮೆಟ್ರಿ
multiploidy,ಮಲ್ಟಿಪ್ಲಾಯ್ಡ್
1. ਪੈਰਾਜ਼ੀਗੋਸਿਟੀ,1. ಪ್ಯಾರಾಜಿಗೋಸಿಟಿ
1. ਵਿਕਲਪਕ ਸਾਲ ਫੰਕਸ਼ਨ 2. ਵਿਕਲਪਕ ਫੰਕਸ਼ਨ,1. ಪರ್ಯಾಯ ವರ್ಷದ ಕಾರ್ಯ 2. ಪರ್ಯಾಯ ಕಾರ್ಯ
ਬਦਲਵੀਂ ਜ਼ਮੀਨ ਦੀ ਵਰਤੋਂ,ಪರ್ಯಾಯ ಭೂಮಿ ಬಳಕೆ
ਵਾਤਾਵਰਣ,ಪರಿಸರ
ਸੁਧਾਰਕ,ಸುಧಾರಕ
ਮਾਈਟੋਸਿਸ,ಮಿಟೋಸಿಸ್
ਆਮੀਨ,ಅಮೀನನ್
ਐਮੋਨੀਅਨ,ಅಮೋನಿಯನ್
amniferous,ಆಮ್ನಿಫೆರಸ್
1. ਬੇਅਸਰ ਰੂਪ 2. ਅਰੂਪੀ,1. ನಿಷ್ಪರಿಣಾಮಕಾರಿ ರೂಪ 2. ಅರೂಪಿ
amphibian ਮਿਸ਼ਰਣ,ಉಭಯಚರ ಮಿಶ್ರಣ
ਐਮਫੋਟੇਰਿਕ,ಆಂಫೋಟರಿಕ್
ਭੰਡਾਰ,ಸಂಗ್ರಹಣೆ
1. ਐਨਾਇਰੋਬਿਕ 2. ਐਨਾਇਰੋਬਿਕ ਜੀਵ,1. ಆಮ್ಲಜನಕರಹಿತ 2. ಆಮ್ಲಜನಕರಹಿತ ಜೀವಿಗಳು
ਹੈਪਲੋਇਡ,ಹ್ಯಾಪ್ಲಾಯ್ಡ್
ਕੋਣੀ ਲਾਉਣਾ,ಕೋನೀಯ ನೆಟ್ಟ
ਪਸ਼ੂ ਪਾਲਣ,ಪಶುಸಂಗೋಪನೆ
ਜਾਨਵਰ ਦੇ ਮਲ-ਮੂਤਰ,ಪ್ರಾಣಿಗಳ ಮಲವಿಸರ್ಜನೆ
ਜੀਵਤ ਊਰਜਾ,ಜೀವನ ಶಕ್ತಿ
ਅਸਧਾਰਨ,ಅಸಂಗತ
ਇੱਕ ਸਾਲ ਪੁਰਾਣਾ ਪੌਦਾ,ಒಂದು ವರ್ಷದ ಸಸ್ಯ
ਸਾਲਾਨਾ,ವಾರ್ಷಿಕ
1. ਅਨੰਦ 2. ਚਮਕ,1. ಭಾವಪರವಶತೆ 2. ಪ್ರಕಾಶ
ਐਂਥ੍ਰੈਕਸ,ಆಂಥ್ರಾಕ್ಸ್
ਮਾਨਵ-ਜਨਕ ਕਾਰਕ,ಮಾನವಜನ್ಯ ಅಂಶಗಳು
ਬਚਾਅ,ಬದುಕುಳಿಯುವಿಕೆ
1. ਐਂਟੀਬਾਇਓਟਿਕ 2. ਐਂਟੀਬਾਇਓਟਿਕ,1. ಪ್ರತಿಜೀವಕ 2. ಪ್ರತಿಜೀವಕ
ਘਿਣਾਉਣੀ,ಹಿಮ್ಮೆಟ್ಟಿಸುವ
ਐਂਟੀਆਕਸੀਡੈਂਟ,ಉತ್ಕರ್ಷಣ ನಿರೋಧಕ
ਐਂਟੀਟੌਕਸਿਨ,ಆಂಟಿಟಾಕ್ಸಿನ್
ਰਿੰਗ ਉਂਗਲ,ಉಂಗುರದ ಬೆರಳು
1. ਐਫੀਡ 2. ਮਹੂ 3. ਚੇਪਾ,1. ಗಿಡಹೇನು 2. ಮಾಹು 3. ಚೇಪಾ
ਚੋਟੀ ਦੇ ਮੁਕੁਲ,ಮೇಲಿನ ಮೊಗ್ಗು
ਸਿਖਰ ਪ੍ਰਭਾਵ,ಗರಿಷ್ಠ ಪರಿಣಾಮಕಾರಿತ್ವ
ਮਧੂ ਮੱਖੀ ਪਾਲਣ,ಜೇನುಸಾಕಣೆ
ਅਲੌਕਿਕਤਾ,ಅಲೈಂಗಿಕತೆ
apoptosis,ಅಪೊಪ್ಟೋಸಿಸ್
ਜੋੜ,ಅನುಬಂಧಗಳು
ਭੁੱਖ ਵਧਾਉਣ ਵਾਲਾ,ಜೀರ್ಣಕಾರಕವಾಗಿ
ਲਾਗੂ ਕੀਤਾ,ಅನ್ವಯಿಸಲಾಗಿದೆ
ਜਲਜੀ ਬੂਟੀ,ಜಲವಾಸಿ ಕಳೆ
1. ਰੁੱਖ 2. ਰੁੱਖ ਨਿਵਾਸੀ,1. ಮರ 2. ಮರದ ನಿವಾಸಿ
ਬ੍ਰਾਂਚਿੰਗ,ಕವಲೊಡೆಯುತ್ತಿದೆ
ਪ੍ਰੋਟੋਬੋਟੈਨੀਕਲ ਰਿਕਾਰਡ,ಪ್ರೊಟೊಬೊಟಾನಿಕಲ್ ದಾಖಲೆಗಳು
ਜ਼ੋਨ ਨੰਬਰ,ವಲಯ ಸಂಖ್ಯೆ
1. ਖੇਤਰ 2. ਖੇਤਰ,1. ಪ್ರದೇಶ 2. ಪ್ರದೇಶ
ਖੁਸ਼ਕ ਈਕੋਸਿਸਟਮ,ಒಣ ಪರಿಸರ ವ್ಯವಸ್ಥೆ
cotyledon,ಕೋಟಿಲ್ಡನ್
ਸੌਰਭ,ಸೌರಭ್
ਖੁਸ਼ਬੂਦਾਰ ਪੌਦਾ,ಆರೊಮ್ಯಾಟಿಕ್ ಸಸ್ಯ
ਸੁਗੰਧਿਤ ਚੌਲ,ಪರಿಮಳಯುಕ್ತ ಅಕ್ಕಿ
ਇਕੁ ਪੁਸ਼ਪੰ ॥,ಇಕ್ಷು ಪುಷ್ಪನ್
ਅਸੈਪਟਿਕ,ಅಸೆಪ್ಟಿಕ್
1. ਅਸੈਪਟਿਕ 2. ਅਸੈਪਟਿਕ,1. ಅಸೆಪ್ಟಿಕ್ 2. ಅಸೆಪ್ಟಿಕ್
ਅਲੌਕਿਕ ਪ੍ਰਜਨਨ,ಅಲೈಂಗಿಕ ಸಂತಾನೋತ್ಪತ್ತಿ
ਆਕਾਰ,ಗಾತ್ರ
ਸੰਪਤੀ,ಆಸ್ತಿ
1. ਸਮੀਕਰਨ 2. ਸਮੀਕਰਨ,1. ಸಮೀಕರಣ 2. ಸಮೀಕರಣ
1. ਐਸੋਸੀਏਸ਼ਨ 2. ਐਸੋਸੀਏਸ਼ਨ,1. ಸಂಘ 2. ಸಂಘ
1. ਕਾਲਮ 2. astringency,1. ಕಾಲಮ್ 2. ಸಂಕೋಚನ
heterozygosity,ಹೆಟೆರೋಜೈಗೋಸಿಟಿ
1. ਪੂਰਵਜ 2. ਅਟਾਵਿਜ਼ਮ,1. ಪೂರ್ವಜ 2. ಅಟಾವಿಸಂ
ਕਣ,ಕಣ
1. ਅਪੁਸ਼ਟਤਾ 2. ਵਿਗਾੜ,1. ದೃಢೀಕರಣ 2. ದುರ್ಬಲತೆ
ਸਵੈ ਜੋੜਾ,ಸ್ವಯಂ ಜೋಡಣೆ
autolysis,ಆಟೋಲಿಸಿಸ್
1. ਸੁਭਾਵਕ ਆਕਸੀਕਰਨ 2. ਸਵੈ-ਚਾਲਤ ਆਕਸੀਕਰਨ,1. ಸ್ವಾಭಾವಿಕ ಆಕ್ಸಿಡೀಕರಣ 2. ಸ್ವಾಭಾವಿಕ ಉತ್ಕರ್ಷಣ
ਸਵੈ ਮਲਟੀਪਲੈਕਸ,ಸ್ವಯಂ ಮಲ್ಟಿಪ್ಲೆಕ್ಸ್
auxin,ಆಕ್ಸಿನ್
1. ਹਿਲਾ 2. ਟੌਡ,1. ಷೂಕ್ 2. ಟೋಡ್
ਸਜ਼ਾ ਵਾਇਰਸ,ದಂಡದ ವೈರಸ್
1. ਬੇਸੀਲਸ 2. ਬੇਸੀਲਸ,1. ಬ್ಯಾಸಿಲಸ್ 2. ಬ್ಯಾಸಿಲಸ್
1. ਬੈਕਟੀਰੀਆ 2. ਬੈਕਟੀਰੀਆ,1. ಬ್ಯಾಕ್ಟೀರಿಯಾ 2. ಬ್ಯಾಕ್ಟೀರಿಯಾ
ਬੈਕਟੀਰੀਆ ਦੇ ਜ਼ਹਿਰ,ಬ್ಯಾಕ್ಟೀರಿಯಾದ ವಿಷ
ਬੈਗਾਸ,ಬಗಸೆ
ਸੰਤੁਲਨ ਸ਼ੀਟ,ಬ್ಯಾಲೆನ್ಸ್ ಶೀಟ್
ਸੰਤੁਲਿਤ ਖਾਦ ਦੀ ਵਰਤੋਂ,ಸಮತೋಲಿತ ರಸಗೊಬ್ಬರ ಬಳಕೆ
ਬਾਰ ਗ੍ਰਾਫ,ಬಾರ್ ಗ್ರಾಫ್
ਸੱਕ,ತೊಗಟೆ
1. ਬੈਰੋਮੀਟਰ 2. ਬੈਰੋਮੀਟਰ,1. ವಾಯುಭಾರ ಮಾಪಕ 2. ವಾಯುಭಾರ ಮಾಪಕ
1. ਬਜ਼ਰ 2. ਜੜ 3. ਬੰਜਰ,1. ಬಜರ್ 2. ಜಡ 3. ಬಂಜರು
1. ਅਧਾਰ 2. ਅਧਾਰ 3. ਕੱਪਾਂਗ,1. ಬೇಸ್ 2. ಬೇಸ್ 3. ಕುಪಾಂಗ್
1. ਤਾਲਾ 2. ਬੇਸਿਨ,1. ತಾಲಾ 2. ಜಲಾನಯನ ಪ್ರದೇಶ
ਤਾਲਾਬੀਸਰੀ,ತಲಾಬಿಸಾರಿ
1. ਬੇਸਿਸਟਰਨਮ 2. ਰੂਟ ਹੋਲਡਰ,1. ಬೇಸಿಸ್ಟರ್ನಮ್ 2. ರೂಟ್ ಹೋಲ್ಡರ್
ਖਾੜੀ ਮਾਨਸੂਨ,ಗಲ್ಫ್ ಮಾನ್ಸೂನ್
ਫਲ ਪੌਦਾ,ಹಣ್ಣಿನ ಗಿಡ
ਬਿਸਤਰਾ,ಹಾಸಿಗೆ
ਬੈੱਡ ਪੌਦਾ,ಹಾಸಿಗೆ ಸಸ್ಯ
ਬਿਸਤਰਾ,ಹಾಸಿಗೆ
ਚੁਕੰਦਰ ਗੁੜ,ಬೀಟ್ ಮೊಲಾಸಸ್
ਘੰਟੀ,ಬೆಲ್ಲೋಸ್
1. ਪੱਟੀ 2. ਭੂਮੀ,1. ಪಟ್ಟಿ 2. ಭೂಪ್ರದೇಶ
ਲਾਭ-ਲਾਗਤ ਵਿਸ਼ਲੇਸ਼ਣ,ಲಾಭ-ವೆಚ್ಚದ ವಿಶ್ಲೇಷಣೆ
ਚਾਹਵਾਨ (ਨਮੂਨਾ),ಮಹತ್ವಾಕಾಂಕ್ಷಿ (ಮಾದರಿ)
ਦੋ-ਸਾਲਾ ਪੌਦੇ,ದ್ವೈವಾರ್ಷಿಕ ಸಸ್ಯಗಳು
ਬਾਇਨੋਮੀਅਲ,ದ್ವಿಪದ
ਬਾਇਓਫੈਕਟਰ,ಜೈವಿಕ ಅಂಶ
ਜੈਵਿਕ ਜਲਵਾਯੂ,ಜೈವಿಕ ಹವಾಮಾನ
ਬਾਇਓ ਊਰਜਾ,ಜೈವಿಕ ಶಕ್ತಿ
ਜੀਵ-ਜੰਤੂ ਵਾਤਾਵਰਣ,ಪ್ರಾಣಿಗಳ ಪರಿಸರ ವಿಜ್ಞಾನ
1. ਬਾਇਓ-ਪ੍ਰੋਸੈਸਰ 2. ਬਾਇਓ-ਰਿਐਕਟਰ,1. ಬಯೋ-ಪ್ರೊಸೆಸರ್ 2. ಬಯೋ-ರಿಯಾಕ್ಟರ್
ਜੀਵ-ਮੰਡਲ,ಜೀವಗೋಳ
ਬਾਇਓਟਿਕ,ಜೈವಿಕ
ਜੀਵ-ਜੰਤੂ,ಪ್ರಾಣಿಸಂಕುಲ
ਡਿਵਿਲਿੰਗੀ,ದಿವಿಲಿಂಗಿ
ਧਵਲਨ,ಧವಳನ್
1. ਪ੍ਰਧਵਾਸਨ (ਰੋਗ) 2. ਗਸਟ ਰੋਗ,1. ಪ್ರಧ್ವಸನ್ (ರೋಗ) 2. ಗಸ್ಟ್ ರೋಗ
ਮਿਲਾਉਣਾ,ಮಿಶ್ರಣ
1. ਅੰਗਮਾਰੀ (ਰੋਗ) 2. ਝੁਲਸ (ਰੋਗ),1. ಅಂಗಮಾರಿ (ರೋಗ) 2. ರೋಗ (ರೋಗ)
1. ਛਾਲੇ 2. ਛਾਲੇ 3. ਫਟਣਾ 4. ਛਾਲੇ,1. ಬ್ಲಿಸ್ಟರ್ 2. ಬ್ಲಿಸ್ಟರ್ 3. ಎರಪ್ಶನ್ 4. ಬ್ಲಿಸ್ಟರ್
ਨੀਲੀ ਕ੍ਰਾਂਤੀ,ನೀಲಿ ಕ್ರಾಂತಿ
ਪਲੈਨਰ ਹੀਟਿੰਗ ਚੈਂਬਰ,ಪ್ಲಾನರ್ ಹೀಟಿಂಗ್ ಚೇಂಬರ್
ਪਲੈਨਰ ਹੀਟਿੰਗ ਤਕਨਾਲੋਜੀ,ಪ್ಲ್ಯಾನರ್ ತಾಪನ ತಂತ್ರಜ್ಞಾನ
ਬਰੈਨ,ಹೊಟ್ಟು
ਬ੍ਰਾਂਚਿੰਗ,ಕವಲೊಡೆಯುತ್ತಿದೆ
1. ਟਹਿਣੀ 2. ਸਬਬ੍ਰਾਂਚ,1. ರೆಂಬೆ 2. ಉಪಶಾಖೆ
ਨਸਲ,ತಳಿ
ਪ੍ਰਜਨਨ,ಸಂತಾನೋತ್ಪತ್ತಿ
ਸ਼ੁਰੂਆਤੀ ਉਗਣ ਦਾ ਇਲਾਜ,ಆರಂಭಿಕ ಮೊಳಕೆಯೊಡೆಯುವಿಕೆ ಚಿಕಿತ್ಸೆ
1. ਬੱਚਾ 2. ਅੰਡੇ 3. ਭਰੂਣ,1. ಮರಿ 2. ಮೊಟ್ಟೆ 3. ಭ್ರೂಣ
ਉਭਰਦਾ,ಮೊಳಕೆಯೊಡೆಯುತ್ತಿದೆ
ਬਜਟ,ಬಜೆಟ್
1. ਐਮਫੋਟੇਰਿਕ 2. ਬਫਰ,1.ಆಂಫೋಟೆರಿಕ್ 2. ಬಫರ್
ਮਿਠਾ ਆਲੂ,ಸಿಹಿ ಆಲೂಗಡ್ಡೆ
ਬੰਟ (ਰੋਗ),ಬಂಟ್ (ರೋಗ)
1. ਉਪ-ਉਤਪਾਦ 2. ਉਪ-ਉਤਪਾਦ,1. ಉಪ ಉತ್ಪನ್ನ 2. ಉಪ ಉತ್ಪನ್ನ
c ਨਮੀ ਨਿਰਧਾਰਨ ਕਰਵ,c ತೇವಾಂಶದ ನಿರ್ದಿಷ್ಟ ಕರ್ವ್
ਤੇਲ ਕੇਕ,ಎಣ್ಣೆ ಕೇಕ್
1. ਚੂਨਾ 2. ਕੈਲਸ਼ੀਅਮ,1. ಸುಣ್ಣ 2. ಕ್ಯಾಲ್ಸಿಯಂ
ਕੈਲਸੀਓਨ,ಕ್ಯಾಲ್ಸಿಯಾನ್
ਫਾਸਫੇਟ ਹਟਾਉਣ,ಫಾಸ್ಫೇಟ್ ತೆಗೆಯುವಿಕೆ
1. ਕਿਨਾਟਾ 2. ਕੈਲਾਟਾ,1. ಕಿನಾಟಾ 2. ಕ್ಯಾಲಟಾ
1. ਕੈਲਸ 2. ਕਿਰਨ,1.ಕ್ಯಾಲಸ್ 2. ಕಿರಣ
1. ਸੈਪਲਸ 2. ਕੈਲਿਕਸ,1. ಸೀಪಲ್ಸ್ 2. ಕ್ಯಾಲಿಕ್ಸ್
ਬਾਹਰੀ ਅੰਤ,ಹೊರಗಿನ ಅಂತ್ಯ
ਏਡਾ,ಈಧಾ
ਕੈਂਕਰ (ਬੈਕਟੀਰੀਆ ਦੀ ਬਿਮਾਰੀ),ಕ್ಯಾನ್ಸರ್ (ಬ್ಯಾಕ್ಟೀರಿಯಾ ರೋಗ)
ਕੈਨਿੰਗ,ಕ್ಯಾನಿಂಗ್
ਅਸਮਾਨ,ಆಕಾಶ
ਵਿੱਤ,ಹಣಕಾಸು
ਪਰਾਗੀਕਰਨ (ਅੰਜੀਰ ਦਾ),ಪರಾಗಸ್ಪರ್ಶ (ಅಂಜೂರದ ಹಣ್ಣುಗಳು)
1. ਕੈਪਸੂਲ 2. ਕੈਪਸੂਲ 3. ਕੈਪਸੂਲ,1. ಕ್ಯಾಪ್ಸುಲ್ 2. ಕ್ಯಾಪ್ಸುಲ್ 3. ಕ್ಯಾಪ್ಸುಲ್
ਕਾਰਬਨਾਈਜ਼ਡ,ಕಾರ್ಬೊನೈಸ್ಡ್
ਕਾਰਬਨਾਨ,ಕಾರ್ಬೊನಾನ್
carapace,ಕ್ಯಾರಪೇಸ್
ਬਰੇਸਲੈੱਟ,ಕಂಕಣ
1. ਕਾਸਟਿੰਗ (ਲੋਹਾ) 2. ਕਸ਼ਤੀ (ਕੀੜੇ),1. ಎರಕ (ಕಬ್ಬಿಣ) 2. ಕ್ಷಿತಿ (ಕೀಟ)
catabolism,ಕ್ಯಾಟಬಾಲಿಸಮ್
ਪ੍ਰੇਰਣਾ,ಪ್ರೇರಣೆ
1. ਕੈਟਰਪਿਲਰ 2. ਕੈਟਰਪਿਲਰ,1. ಕ್ಯಾಟರ್ಪಿಲ್ಲರ್ 2. ಕ್ಯಾಟರ್ಪಿಲ್ಲರ್
c d. ਐਨ. a ਸੰਗ੍ਰਹਿ,ಸಿ ಡಿ. ಎನ್. ಎ. ಸಂಗ್ರಹಣೆ
ਸੀਮਾ,ವ್ಯಾಪ್ತಿ
1. ਸੈੱਲ 2. ਸੈੱਲ,1. ಕೋಶ 2. ಕೋಶ
ਕੇਂਦਰੀ ਫਰੰਟ ਸਿਸਟਮ,ಕೇಂದ್ರ ಮುಂಭಾಗದ ವ್ಯವಸ್ಥೆ
1. ਪੁਆਇੰਟ 2. ਫੋਕਸ,1. ಪಾಯಿಂಟ್ 2. ಫೋಕಸ್
centrifugation,ಕೇಂದ್ರಾಪಗಾಮಿ
ਸੈਂਟਰਿਫਿਊਜ,ಕೇಂದ್ರಾಪಗಾಮಿ
ਸਟਾਰ ਸੈਂਟਰ,ನಕ್ಷತ್ರ ಕೇಂದ್ರ
epigenetic,ಎಪಿಜೆನೆಟಿಕ್
ਕੇਂਦਰਜਾ,ಕೇಂದ್ರರಾಜ
ਲੂਮ,ಮಗ್ಗ
1. ਸੀਰੀਅਲ 2. ਸੀਰੀਅਲ,1. ಏಕದಳ 2. ಸೀರಿಯಲ್
1. ਸਰਟੀਫਿਕੇਸ਼ਨ 2. ਸਰਟੀਫਿਕੇਸ਼ਨ,1. ಪ್ರಮಾಣೀಕರಣ 2. ಪ್ರಮಾಣೀಕರಣ
ਪ੍ਰਮਾਣਿਤ ਬੀਜ,ಪ್ರಮಾಣೀಕೃತ ಬೀಜ
1. ਤੂੜੀ 2. ਕੁੱਟੀ 3. ਸ਼ਲਕ ਸਹਪਾਤਰਾ,1. ಹುಲ್ಲು 2. ಕುಟ್ಟಿ 3. ಶಾಲಕ್ ಸಹಪಾತ್ರ
1. ਨਿਭਾਗ 2. ਕੈਲਜਾ,1. ನಿಭಾಗ್ 2. ಕೈಲಾಜಾ
ਕਾਇਮੋਗ੍ਰਾਫੀ,ಕೈಮೊಗ್ರಫಿ
1. ਕੀਜ਼ਮਾ 2. ਵਿਅਸਤ,1. ಕಿಯಾಜ್ಮಾ 2. ಕಾರ್ಯನಿರತ
ਸੁਪਰ ਕੂਲਿੰਗ ਘੰਟੇ,ಸೂಪರ್ ಕೂಲಿಂಗ್ ಗಂಟೆಗಳು
ਠੰਡ ਦਾ ਨੁਕਸਾਨ,ಫ್ರಾಸ್ಟ್ ಹಾನಿ
1. ਵੀਚਰੋਤਕੀ 2. ਚਿਮੇਰਾ,1. ವಿಚಿರೋಟಕಿ 2. ಚಿಮೆರಾ
ਹਰਾ ਦਲੀਆ,ಹಸಿರು ಗಂಜಿ
1. ਪੱਤੇ 2. ਹਰੇ,1. ಎಲೆಗಳು 2. ಹಸಿರು
ਸਾਇਨੋਸਿਸ,ಸೈನೋಸಿಸ್
ਜੈਵਿਕ ਵੰਡ ਵਿਗਿਆਨ,ಜೈವಿಕ ವಿತರಣಾ ವಿಜ್ಞಾನ
1. ਕ੍ਰੋਮੇਟਿਡਜ਼ 2. ਅੱਧੇ ਕ੍ਰੋਮੋਸੋਮਜ਼,1. ಕ್ರೊಮಾಟಿಡ್ಸ್ 2. ಅರ್ಧ ವರ್ಣತಂತುಗಳು
chromatin,ಕ್ರೊಮಾಟಿನ್
ਕ੍ਰੋਮੈਟੋਗ੍ਰਾਫੀ,ಕ್ರೊಮ್ಯಾಟೋಗ್ರಫಿ
chromatinlation,ಕ್ರೊಮಾಟಿಲೇಷನ್
ਅਟਲ ਬਿੰਦੂ,ಹೃತ್ಕರ್ಣದ ಬಿಂದು
chromatogenesis,ಕ್ರೊಮಾಟೊಜೆನೆಸಿಸ್
1. ਕ੍ਰੋਮੋਪ੍ਰੋਟੀਨ 2. ਪਿਗਮੈਂਟਪ੍ਰੋਟੀਨ,1. ಕ್ರೋಮೋಪ್ರೋಟೀನ್ 2. ಪಿಗ್ಮೆಂಟ್ಪ್ರೋಟೀನ್
1. ਕ੍ਰੋਮੋਸੋਮਜ਼ 2. ਕ੍ਰੋਮੋਸੋਮਜ਼,1. ವರ್ಣತಂತುಗಳು 2. ವರ್ಣತಂತುಗಳು
1. ਪੁਰਾਣੀ 2. ਪੁਰਾਣੀ 3. ਪੁਰਾਣੀ 4. ਪੁਰਾਣੀ,1. ದೀರ್ಘಕಾಲದ 2. ದೀರ್ಘಕಾಲದ 3. ದೀರ್ಘಕಾಲದ 4. ಬಳಕೆಯಲ್ಲಿಲ್ಲದ
citrange,ಸಿಟ್ರೇಂಜ್
ਪਤਝੜ ਤਿਉਹਾਰ,ಶರತ್ಕಾಲದ ಹಬ್ಬ
ਵਰਗੀਕਰਨ,ವರ್ಗೀಕರಣ
1. ਮਿੱਟੀ 2. ਮਿੱਟੀ,1. ಮಣ್ಣು 2. ಮಣ್ಣು
1. ਸਫਾਈ 2. ਰਗੜਨਾ 3. ਸਫਾਈ 4. ਸ਼ੁੱਧੀਕਰਨ,1. ಶುಚಿಗೊಳಿಸುವಿಕೆ 2. ಸ್ಕ್ರಬ್ಬಿಂಗ್ 3. ಸ್ವಚ್ಛಗೊಳಿಸುವಿಕೆ 4. ಶುದ್ಧೀಕರಣ
ਲਗਾਤਾਰ ਪਰਾਗਣ,ನಿರಂತರ ಪರಾಗಸ್ಪರ್ಶ
cruciferous ਫਲ,ಶಿಲುಬೆಯ ಹಣ್ಣು
ਜਲਵਾਯੂ,ಹವಾಮಾನ
ਜਲਵਾਯੂ ਵਿਗਿਆਨ,ಹವಾಮಾನಶಾಸ್ತ್ರ
ਕੱਟਣਾ,ಬರಿಯ
ਗੰਢ (ਮਿੱਟੀ),ಉಂಡೆ (ಜೇಡಿಮಣ್ಣು)
ਕਲੋਨ,ತದ್ರೂಪಿ
1. ਬੱਦਲ 2. ਬੱਦਲ,1.ಮೋಡಗಳು 2.ಮೋಡಗಳು
ਝੁੰਡ,ಗೊಂಚಲು
ਝੁੰਡ,ಗುಂಪನ್ನು
1. ਮੋਟਾ 2. ਮੋਟਾ 3. ਕੱਚਾ 4. ਮੋਟਾ,1. ಒರಟು 2. ಒರಟು 3. ಕಚ್ಚಾ 4. ಒರಟು
1. ਕਵਰ 2. ਚਮੜਾ,1. ಕವರ್ 2. ಲೆಥೆರೆಟ್
ਕੋਯਾ,ಕೋಯಾ
1. ਕੋਐਨਜ਼ਾਈਮ 2. ਕੋ-ਐਨਜ਼ਾਈਮ,1. ಕೋಎಂಜೈಮ್ 2. ಸಹ-ಕಿಣ್ವ
ਤਾਲਮੇਲ,ಒಗ್ಗಟ್ಟು
1. ਫਾਈਬਰ (ਜੂਟ ਜੂਟ) 2. ਨਾਰੀਅਲ ਮੋਟੇ,1. ಫೈಬರ್ (ಸೆಣಬು) 2. ತೆಂಗಿನಕಾಯಿ ಒರಟು
ਮੁਲੰਕੁਰ ਚੋਲਾ,ಮುಳಂಕೂರು ಚೋಳ
,
ਕੋਲਾਇਡ (ਮਿੱਟੀ),ಕೊಲೊಯ್ಡ್ (ಮಣ್ಣು)
1.ਕਾਲਮ 2.ਕੋਲੁਮੇਲਾ,1.ಕಾಲಮ್ 2.ಕೊಲುಮೆಲ್ಲಾ
1. ਜੁਰਮਾਨਾ 2. ਕਾਲਮ 3. ਕਾਲਮ,1. ಪೆನಾಲ್ಟಿ 2. ಕಾಲಮ್ 3. ಕಾಲಮ್
ਸਾਂਝ,ಕಮ್ಯುನಿಯನ್
ਵਪਾਰਕ ਬੈਂਕ,ವಾಣಿಜ್ಯ ಬ್ಯಾಂಕ್
1. ਵਸਤੂ 2. ਵਪਾਰਕ ਮਾਲ,1. ಸರಕು 2. ಸರಕು
ਭਾਈਚਾਰਾ,ಸಮುದಾಯ
ਮਿਸ਼ਰਣ (ਮਿੱਟੀ ਦਾ),ಸಂಕೋಚನ (ಮಣ್ಣಿನ)
1. ਅਨੁਕੂਲਤਾ 2. ਅਨੁਕੂਲਤਾ,1. ಹೊಂದಾಣಿಕೆ 2. ಹೊಂದಾಣಿಕೆ
ਅਨੁਕੂਲਤਾ,ಹೊಂದಾಣಿಕೆ
1. ਮੁਆਵਜ਼ਾ 2. ਮੁਆਵਜ਼ਾ,1. ಪರಿಹಾರ 2. ಪರಿಹಾರ
ਪ੍ਰਤੀਯੋਗੀ ਪਰਸਪਰ ਪ੍ਰਭਾਵ,ಸ್ಪರ್ಧಾತ್ಮಕ ಪರಸ್ಪರ ಕ್ರಿಯೆ
ਪੂਰਕ ਫਸਲ,ಪೂರಕ ಬೆಳೆ
1. ਸੰਯੁਕਤ 2. ਗੁੰਝਲਦਾਰ,1.ಸಂಯೋಜಿತ 2.ಸಂಕೀರ್ಣ
ਸੰਵਿਧਾਨਕ,ಘಟಕ
ਰਚਨਾ,ಸಂಯೋಜನೆ
ਖਾਦ,ಗೊಬ್ಬರ
ਮਿਸ਼ਰਿਤ ਵਿਆਜ,ಚಕ್ರಬಡ್ಡಿ
ਗਣਨਾ,ಗಣನೆ
1. ਕੰਪਿਊਟਰ 2. ਕੰਪਿਊਟਰ,1. ಕಂಪ್ಯೂಟರ್ 2. ಕಂಪ್ಯೂಟರ್
1. ਇਕਾਗਰਤਾ 2. ਇਕਾਗਰਤਾ,1. ಏಕಾಗ್ರತೆ 2. ಏಕಾಗ್ರತೆ
1. ਆਪਟੀਮਾਈਜ਼ਰ 2. ਰੀਵਾਈਟਲਾਈਜ਼ਰ,1. ಆಪ್ಟಿಮೈಜರ್ 2. ರಿವೈಟಲೈಸರ್
ਚਾਲਕਤਾ,ವಾಹಕತೆ
1. ਸੰਰਚਨਾ 2. ਸੰਰਚਨਾ,1. ಕಾನ್ಫಿಗರೇಶನ್ 2. ಕಾನ್ಫಿಗರೇಶನ್
1. ਅਨੁਕੂਲਤਾ 2. ਸੰਰਚਨਾ 3. ਅਨੁਕੂਲਤਾ,1. ಅನುಸರಣೆ 2. ಸಂರಚನೆ 3. ಅನುಸರಣೆ
1. ਏਕੀਕਰਣ 2. ਹਾਈਬ੍ਰਿਡਾਈਜ਼ੇਸ਼ਨ,1. ಏಕೀಕರಣ 2. ಹೈಬ್ರಿಡೈಸೇಶನ್
ਸੰਜੋਗ,ಸಂಯೋಗ
1. ਜੋੜਨ ਵਾਲਾ 2. ਜੋੜਨ ਵਾਲਾ,1. ಸಂಯೋಜಕ 2. ಸಂಯೋಜಕ
ਸੁਰੱਖਿਆ,ರಕ್ಷಣೆ
ਏਕੀਕਰਨ,ಬಲವರ್ಧನೆ
1. ਸਮੱਗਰੀ 2. ਸਮੱਗਰੀ,1. ಪದಾರ್ಥ 2. ಪದಾರ್ಥಗಳು
ਖਪਤਕਾਰ,ಗ್ರಾಹಕ
ਖਪਤ,ಬಳಕೆ
ਗੰਦਗੀ,ಮಾಲಿನ್ಯ
ਕੰਟੂਰ ਲਾਉਣਾ,ಬಾಹ್ಯರೇಖೆ ನೆಟ್ಟ
ਕੰਟੋਰ ਲਾਈਨ,ಬಾಹ್ಯರೇಖೆ ರೇಖೆ
1. ਕੰਟਰੈਕਟ ਫਾਰਮਿੰਗ 2. ਕੰਟਰੈਕਟ ਫਾਰਮਿੰਗ 3. ਕੰਟਰੈਕਟ ਫਾਰਮਿੰਗ,1. ಗುತ್ತಿಗೆ ಕೃಷಿ 2. ಗುತ್ತಿಗೆ ಕೃಷಿ 3. ಗುತ್ತಿಗೆ ಕೃಷಿ
ਨਿਯੰਤਰਿਤ ਵਾਯੂਮੰਡਲ ਸਟੋਰੇਜ਼,ನಿಯಂತ್ರಿತ ವಾತಾವರಣದ ಶೇಖರಣೆ
ਸਹਿਕਾਰੀ ਬੈਂਕ,ಸಹಕಾರಿ ಬ್ಯಾಂಕ್
ਸਹਿਕਾਰੀ ਸਭਾ ਦੇ ਮੈਂਬਰ,ಸಹಕಾರ ಸಂಘದ ಸದಸ್ಯ
ਗੁਲਮਾਵਨ,ಗುಲ್ಮಾವನ್
ਘਣ,ಘನಾಕೃತಿಯ
1. ਦਲਪੁੰਜ 2. ਕੋਰੋਲਾ,1. ದಾಲ್ಪುಂಜ್ 2. ಕೊರೊಲ್ಲಾ
1. ਕਾਰਟੈਕਸ 2. ਕਾਰਟੈਕਸ,1. ಕಾರ್ಟೆಕ್ಸ್ 2. ಕಾರ್ಟೆಕ್ಸ್
ਲਾਗਤ,ವೆಚ್ಚ
cotyledon,ಕೋಟಿಲ್ಡನ್
ਕ੍ਰੈਡਿਟ ਕਮੇਟੀ,ಕ್ರೆಡಿಟ್ ಸಮಿತಿ
1. ਉਧਾਰ 2. ਕ੍ਰੈਡਿਟ,1. ಸಾಲ ನೀಡಿಕೆ 2. ಕ್ರೆಡಿಟ್
1. ਰਿਣਦਾਤਾ 2. ਲੈਣਦਾਰ,1. ಸಾಲದಾತ 2. ಸಾಲಗಾರ
1. ਕਰੈਸਟ 2. ਸਿਰਾ 3. ਸਪਾਇਰ,1. ಕ್ರೆಸ್ಟ್ 2. ಶೃಂಗ 3. ಶಿಖರ
ਵਾਪਸੀ,ಹಿಂತೆಗೆದುಕೊಳ್ಳುವಿಕೆ
ਸਮੱਸਿਆ,ಸಮಸ್ಯೆ
ਟੈਸਟ,ಪರೀಕ್ಷೆ
ਨਾਜ਼ੁਕ,ನಿರ್ಣಾಯಕ
ਫਸਲ ਬੀਮਾ,ಬೆಳೆ ವಿಮೆ
ਫਸਲ ਕਰਜ਼ਾ,ಬೆಳೆ ಸಾಲ
1. ਫਸਲ 2. ਫਸਲ,1. ಬೆಳೆ 2. ಬೆಳೆ
ਕਾਸ਼ਤ ਖੇਤਰ,ಕೃಷಿ ಪ್ರದೇಶ
ਪਾਰ ਅਸੰਗਤ,ಅಡ್ಡ ಹೊಂದಾಣಿಕೆಯಾಗುವುದಿಲ್ಲ
1. ਤਾਜ 2. ਸਿਖਰ (ਪੌਦਾ),1. ಕಿರೀಟ 2. ಪಿನಾಕಲ್ (ಸಸ್ಯ)
ਨਰਮ ਕਣ,ಮೃದು ಕಣಗಳು
ਛਾਲੇ,ಕ್ರಸ್ಟ್
1. ਕ੍ਰਿਪਟੋਗਾਮ 2. ਗੈਰ-ਫਲੋਰੀਫਾਰਮ,1. ಕ್ರಿಪ್ಟೋಗಮ್ 2. ಫ್ಲೋರಿಫಾರ್ಮ್ ಅಲ್ಲದ
ਛਾਂਟੀ (ਫਲ),ಕತ್ತರಿಸು (ಹಣ್ಣು)
ਕਲਮ,ಪೆನ್ನು
ਕਿਸਮ ਦੀ ਕਿਸਮ,ತಳಿ ವೈವಿಧ್ಯ
1. ਟ੍ਰੈਕਸ਼ਨ 2. ਖੇਤੀਬਾੜੀ 3. ਖੇਤੀ,1. ಎಳೆತ 2. ಕೃಷಿ 3. ಬೇಸಾಯ
1. ਕਿਸਾਨ 2. ਕਾਸ਼ਤਕਾਰ,1. ರೈತ 2. ಕೃಷಿಕ
1. ਕਾਸ਼ਤ 2. ਕਾਸ਼ਤ 3. ਪਾਲਣ,1. ಸಾಗುವಳಿ 2. ಸಾಗುವಳಿ 3. ಪಾಲನೆ
1.ਸਰੋਤ 2.ਤਿਆਰੀ,1.ಸಂಪನ್ಮೂಲ 2.ತಯಾರಿಕೆ
1.ਕੁੰਤਲਨ 2.ਕੁੰਚਨ,1.ಕುಂತಲನ್ 2.ಕುಂಚೋನ್
ਆਸਣ,ಭಂಗಿ
1. ਐਪੀਡਰਰਮਿਸ 2. ਛੱਲੀ,1. ಎಪಿಡರ್ಮಿಸ್ 2. ಹೊರಪೊರೆ
1. ਕਲਮ 2. ਕੱਟਣਾ 3. ਕੱਟਣਾ 4. ਕੱਟਣਾ 5. ਕੱਟਣਾ,1. ಪೆನ್ 2. ಕತ್ತರಿಸುವುದು 3. ಕತ್ತರಿಸುವುದು 4. ಕತ್ತರಿಸುವುದು 5. ಕತ್ತರಿಸುವುದು
1. ਕੀੜਾ ਸਰੀਰ 2. ਸਿਸਟ 3. ਗੰਢ 4. ਵਿਗੜਿਆ ਗੰਢ 5. ਨਿਓਪਲਾਜ਼ਮ,1. ವರ್ಮ್ ಕಾರ್ಪಸ್ 2. ಚೀಲ 3. ಚೀಲ 4. ವಿರೂಪಗೊಂಡ ಗಡ್ಡೆ 5. ನಿಯೋಪ್ಲಾಸಂ
cytochrome,ಸೈಟೋಕ್ರೋಮ್
ਸੈੱਲ ਜੋੜਨਾ,ಜೀವಕೋಶದ ಜೋಡಣೆ
ਸੈੱਲ ਪ੍ਰਜਨਨ,ಜೀವಕೋಶದ ಸಂತಾನೋತ್ಪತ್ತಿ
ਸੈੱਲ ਜੈਨੇਟਿਕਸ,ಜೀವಕೋಶದ ತಳಿಶಾಸ್ತ್ರ
cytoplasmic ਡਿਵੀਜ਼ਨ,ಸೈಟೋಪ್ಲಾಸ್ಮಿಕ್ ವಿಭಾಗ
ਸੈੱਲ ਜੀਵ ਵਿਗਿਆਨ,ಜೀವಕೋಶದ ಜೀವಶಾಸ್ತ್ರ
ਸੈੱਲ lysis,ಜೀವಕೋಶದ ವಿಘಟನೆ
1. ਸਾਇਟੋਮੇਰ 2. ਸੈੱਲ ਸੈਗਮੈਂਟੇਸ਼ਨ,1. ಸೈಟೋಮಿಯರ್ 2. ಕೋಶ ವಿಭಜನೆ
cytoplasm,ಸೈಟೋಪ್ಲಾಸಂ
1. ਡੇਅਰੀ 2. ਡੇਅਰੀ,1. ಡೈರಿ 2. ಡೈರಿ
ਡੇਅਰੀ ਉਦਯੋਗ,ಡೈರಿ ಉದ್ಯಮ
1. ਡੈਮ 2. ਬਰੀਡਰ,1. ಅಣೆಕಟ್ಟು 2. ತಳಿಗಾರ
ਦਿਨ ਦਾ ਸੰਪੂਰਨ ਪੌਦਾ,ದಿನ ಸಂಪೂರ್ಣ ಸಸ್ಯ
ਫੁੱਲ ਦੇ ਬਾਅਦ ਦਿਨ,ಹೂಬಿಡುವ ನಂತರ ದಿನ
ਪੂਰੇ ਫੁੱਲ ਦੇ ਬਾਅਦ ਦਿਨ,ಪೂರ್ಣ ಹೂಬಿಡುವ ನಂತರ ದಿನ
ਅਕੁਸ਼ਲਤਾ,ಅಸಮರ್ಥತೆ
decalcification,ಡಿಕ್ಯಾಲ್ಸಿಫಿಕೇಶನ್
1. ਡਿਸਲੋਜ 2. ਡਿਸਲੋਜ,1. ಹೊರಹಾಕು 2. ಹೊರಹಾಕು
ਸੜਨ,ಕೊಳೆತ
ਪਤਝੜ,ಪತನಶೀಲ
1. ਦਸ਼ਮਲਵ 2. ਦਸ਼ਮਲਵ,1. ದಶಮಾಂಶ 2. ದಶಮಾಂಶ
ਘਟੀਆਪਨ,ಕೀಳರಿಮೆ
ਅਨੁਰਾਨ (ਮਿੱਟੀ),ಅನುರಾನ್ (ಮಣ್ಣು)
ਵਿਪੁਸ਼ਪਨ,ವಿಪುಷ್ಪನ್
ਬਿਲਿੰਗ,ಬಿಲ್ಲಿಂಗ್
ਕਟਾਈ,ಅರಣ್ಯನಾಶ
ਬਦਨਾਮੀ,ಅವಮಾನ
ਪਤਨ,ಅವನತಿ
ਭਾਗ ਦਿਨ,ಭಾಗ ದಿನ
1. ਮਾਤਰਾ 2. ਹਿੱਸਾ,1. ಪ್ರಮಾಣ 2. ಭಾಗ
dehiscence,ಅಳಿವು
ਭੂਸੀ ਨੂੰ ਹਟਾਉਣਾ,ಹೊಟ್ಟು ತೆಗೆಯುವುದು
ਭੂਸੀ ਨੂੰ ਹਟਾਉਣਾ,ಹೊಟ್ಟು ತೆಗೆಯುವುದು
ਡੀਹਾਈਡਰੇਸ਼ਨ,ನಿರ್ಜಲೀಕರಣ
ਨਿਹਾਈਡ੍ਰਸ,ಜಲರಹಿತ
ਮੰਗ,ಬೇಡಿಕೆ
1. ਵਿਨਾਸ਼ਕਾਰੀ 2. ਗੁਣਾ,1. ಡಿನಾಟರೇಶನ್ 2. ಗುಣಾಕಾರ
ਖੰਡਨ,ನಿಂದನೆ
1. ਜਮ੍ਹਾ (ਮਿੱਟੀ) 2. ਜਮ੍ਹਾ (ਆਰਥਿਕਤਾ),1. ಠೇವಣಿ (ಮಣ್ಣು) 2. ಠೇವಣಿ (ಅರ್ಥಶಾಸ್ತ್ರ)
ਜਮ੍ਹਾ,ಠೇವಣಿ
1. ਘਟਾਓ 2. ਘਟਾਓ,1. ಸವಕಳಿ 2. ಸವಕಳಿ
ਡੀਸਲੀਨੇਸ਼ਨ,ನಿರ್ಲವಣೀಕರಣ
1. ਪਾਣੀ ਸੁਕਾਉਣਾ 2. ਡੀਹਾਈਡਰੇਸ਼ਨ,1. ನೀರು ಒಣಗಿಸುವುದು 2. ನಿರ್ಜಲೀಕರಣ
1. ਡਿਜ਼ਾਈਨ 2. ਡਿਜ਼ਾਈਨ,1. ವಿನ್ಯಾಸ 2. ವಿನ್ಯಾಸ
ਸੁੱਕਣ ਵਾਲਾ,ಒಣ
ਕਰਨਲ ਹਟਾਉਣ,ಕರ್ನಲ್ ತೆಗೆಯುವಿಕೆ
ਡੀ-ਇੰਟਰਕਲੇਸ਼ਨ,ಡಿ-ಇಂಟರ್ಕಲೇಶನ್
ਸੰਜੋਗ,ಸಂಯೋಗ
1. ਨਰ ਮੰਜਰੀ ਐਕਸਟਰੈਕਸ਼ਨ (ਮੱਕੀ) 2. ਬੱਲਰ ਐਕਸਟਰੈਕਸ਼ਨ,1. ಗಂಡು ಮಂಜರಿ ಉದ್ಧರಣ (ಮೆಕ್ಕೆಜೋಳ) 2. ಬಲ್ಲರ್ ಹೊರತೆಗೆಯುವಿಕೆ
ਬੱਲਰ ਜਾਂ ਕੁੰਦਨ ਕੱਟਣਾ,ಬಲ್ಲರ್ ಅಥವಾ ಕುಂದನ್ ಕತ್ತರಿಸುವುದು
ਨਿਰਧਾਰਕ,ನಿರ್ಣಯಕ
devaluation,ಅಪಮೌಲ್ಯೀಕರಣ
de-vegetate,ಸಸ್ಯರಹಿತ
ਭਟਕਣਾ,ವಿಚಲನ
ਡਬਲ,ದುಪ್ಪಟ್ಟು
ਨਿਦਾਨ,ರೋಗನಿರ್ಣಯ
ਵੱਖਰੀ ਪਰਿਪੱਕਤਾ,ವಿಭಿನ್ನ ಪ್ರಬುದ್ಧತೆ
ਵੰਡ,ಕವಲೊಡೆಯುವಿಕೆ
1. ਡਾਇਕੋਟਾਈਲਡਨ 2. ਡਾਇਕੋਟਾਈਲਡਨ (ਬੀਜ),1. ಡೈಕೋಟಿಲ್ಡನ್ 2. ಡೈಕೋಟಿಲ್ಡನ್ (ಬೀಜ)
ਪਿੱਠ ਦੀ ਬਿਮਾਰੀ,ಬೆನ್ನು ರೋಗ
1. ਫੈਲਾਅ 2. ਪ੍ਰਸਾਰ,1. ಪ್ರಸರಣ 2. ಪ್ರಸರಣ
ਪਾਚਨ ਸਮਰੱਥਾ,ಜೀರ್ಣಸಾಧ್ಯತೆ
ਡਾਇਹਾਈਬ੍ਰਿਡ,ಡೈಹೈಬ್ರಿಡ್
1. ਡੈਮ 2. ਡਰੇਨ 3. ਪਰਿਵਾਰ,1. ಅಣೆಕಟ್ಟು 2. ಚರಂಡಿ 3. ಕುಟುಂಬ
ਮਾਮੂਲੀ,ಅತ್ಯಲ್ಪ
1. ਮੋਨੋਗੈਮਸ 2. ਮੋਨੋਗੈਮਸ,1. ಏಕಪತ್ನಿ 2. ಏಕಪತ್ನಿ
ਡਿਪਲੋਇਡ,ಡಿಪ್ಲಾಯ್ಡ್
1. ਡਿਪਲੋਇਡ 2. ਡਿਪਲੋਇਡ,1. ಡಿಪ್ಲಾಯ್ಡ್ 2. ಡಿಪ್ಲಾಯ್ಡ್
dipole,ದ್ವಿಧ್ರುವಿ
1. ਕੱਢਣਾ 2. ਬਡ ਹਟਾਉਣਾ,1. ಹೊರತೆಗೆಯುವಿಕೆ 2. ಬಡ್ ತೆಗೆಯುವಿಕೆ
1. ਹਲ ਵਾਹੁਣਾ 2. ਕਤਾਈ,1. ನೇಗಿಲು ಉಳುಮೆ 2. ನೂಲುವ
ਛੂਟ,ರಿಯಾಯಿತಿ
ਕੀਟਾਣੂਨਾਸ਼ਕ,ಸೋಂಕುಗಳೆತ
1. ਫੈਲਾਅ 2. ਖਿੰਡਾਉਣਾ,1. ಪ್ರಸರಣ 2. ಸ್ಕ್ಯಾಟರಿಂಗ್
1. ਖਿੰਡਾਉਣਾ 2. ਪਰਿਵਰਤਨ,1. ಚದುರುವಿಕೆ 2. ವ್ಯತ್ಯಾಸ
ਵਿਭਿੰਨਤਾ,ವೈವಿಧ್ಯೀಕರಣ
ਵਿਭਿੰਨ ਖੇਤੀਬਾੜੀ,ವೈವಿಧ್ಯಮಯ ಕೃಷಿ
ਡੀਐਨਏ ਕਦਮ,ಡಿಎನ್ಎ ಹೆಜ್ಜೆ
ਡੀ.ਐਨ.ਏ ਪ੍ਰਾਪਤਕਰਤਾ,ಡಿಎನ್ಎ ರಿಸೀವರ್
ਡੌਕ ਕਿਰਾਏ &#39;ਤੇ,ಡಾಕ್ ಬಾಡಿಗೆ
ਅਸਰਦਾਰ,ಪರಿಣಾಮಕಾರಿ
ਸੁਸਤਤਾ,ಸುಪ್ತಾವಸ್ಥೆ
1. ਮਾਤਰਾ 2. ਖੁਰਾਕ 3. ਖੁਰਾਕ,1. ಪ್ರಮಾಣ 2. ಡೋಸೇಜ್ 3. ಡೋಸೇಜ್
ਡਬਲ ਸਿਗਮੋਇਡ ਕਰਵ,ಡಬಲ್ ಸಿಗ್ಮೋಯ್ಡ್ ಕರ್ವ್
1. ਝੱਖੜ 2. ਖਿੱਚੋ,1. ಬಿರುಗಾಳಿ 2. ಹಿಗ್ಗಿಸಿ
1. ਐਗਜ਼ੌਸਟ ਡਰੇਨ 2. ਗੰਦਾ ਪਾਣੀ,1. ಎಕ್ಸಾಸ್ಟ್ ಡ್ರೈನ್ 2. ಎಫ್ಲುಯೆಂಟ್
ਡਰੇਨੇਜ,ಒಳಚರಂಡಿ
ਖਿੱਚ,ಎಳೆತ
1. ਦਵਾਈ ਦਿਓ 2. ਭਿੱਜੋ,1. ಔಷಧಿ ಕೊಡು 2. ಕುಡಿಸು
ਕਾਸਮੈਟਿਕਸ (ਬੀਜ),ಸೌಂದರ್ಯವರ್ಧಕಗಳು (ಬೀಜಗಳು)
1. auger 2. ਘੱਟ ਨੁਕਸ 3. ਡ੍ਰਿਲ 4. auger,1. ಆಗರ್ 2. ಆಳವಿಲ್ಲದ ದೋಷ 3. ಡ್ರಿಲ್ 4. ಆಗರ್
1. ਮੋਰੀ 2. ਡ੍ਰਿਲ 3. ਡ੍ਰਿਲ,1. ರಂಧ್ರ 2. ಡ್ರಿಲ್ 3. ಡ್ರಿಲ್
1. ਡ੍ਰਿਲਿੰਗ 2. ਇੱਕ ਮਸ਼ਕ ਨਾਲ ਬਿਜਾਈ 3. ਇੱਕ ਮਸ਼ਕ ਨਾਲ ਡੋਲ੍ਹਣਾ,1. ಕೊರೆಯುವುದು 2. ಡ್ರಿಲ್ನೊಂದಿಗೆ ಬಿತ್ತನೆ 3. ಡ್ರಿಲ್ನೊಂದಿಗೆ ಸುರಿಯುವುದು
ਤੁਪਕਾ ਸਿੰਚਾਈ,ಹನಿ ನೀರಾವರಿ
ਸੁੱਕੀ ਖੇਤੀ,ಒಣ ಬೇಸಾಯ
1.ਧੂੜ 2.ਬੁਕਨੀ,1.ಧೂಳು 2.ಬುಕ್ನೆ
1. ਡਸਟਰ 2. ਸਕੈਟਰਰ,1. ಡಸ್ಟರ್ 2. ಸ್ಕ್ಯಾಟರರ್
ਛਿੜਕਣ ਲਈ,ಚಿಮುಕಿಸಲು
1. ਬੌਣਾ 2. ਵਾਮਨ,1. ಕುಬ್ಜ 2. ವಾಮನ
ਵਾਮਨ ਪਿਰਾਮਿਡ,ವಾಮನ ಪಿರಮಿಡ್
ਵਾਮਿਨੀ ਭਵਨ,ವಾಮಿನಿ ಭವನ
ਵਾਤਾਵਰਣ,ಪರಿಸರ ವಿಜ್ಞಾನ
ਅਰਥ ਗਣਿਤ,ಅರ್ಥಶಾಸ್ತ್ರ
ਆਰਥਿਕ ਕੁਸ਼ਲਤਾ,ಆರ್ಥಿಕ ದಕ್ಷತೆ
ਸਥਿਤੀ ਦੀ ਕਿਸਮ,ಸಾಂದರ್ಭಿಕ ಪ್ರಕಾರ
ਵਾਧੂ ਪੱਧਰੀ,ಹೆಚ್ಚುವರಿ ಶ್ರೇಣೀಕೃತ
ਨਰਮ,ಮೃದು
ਮਿੱਟੀ ਵਿਗਿਆਨ,ಮಣ್ಣಿನ ವಿಜ್ಞಾನ
1. ਬ੍ਰਿਜਿੰਗ 2. ਕਿਨਾਰਾ 3. ਸਟ੍ਰੈਂਡ ਕਲੋਜ਼ਰ,1. ಸೇತುವೆ 2. ಅಂಚು 3. ಸ್ಟ್ರಾಂಡ್ ಮುಚ್ಚುವಿಕೆ
ਭੋਜਨ ਦਾ ਹਿੱਸਾ,ಆಹಾರ ಭಾಗ
ਮੰਗ ਦੀ ਲਚਕਤਾ,ಬೇಡಿಕೆಯ ಸ್ಥಿತಿಸ್ಥಾಪಕತ್ವ
ਉਤਪਾਦਨ ਦੀ ਲਚਕਤਾ,ಉತ್ಪಾದನಾ ಸ್ಥಿತಿಸ್ಥಾಪಕತ್ವ
ਇਲੈਕਟ੍ਰੋਲਾਈਸਿਸ,ವಿದ್ಯುದ್ವಿಭಜನೆ
ਇਲੈਕਟ੍ਰੋਫੋਰੇਸਿਸ,ಎಲೆಕ್ಟ್ರೋಫೋರೆಸಿಸ್
ਵਾਸ਼ਪੀਕਰਨ,ಆವಿಯಾಗುವಿಕೆ
1. ਡੀਕੈਪੀਟੇਟਰ 2. ਨਸਬੰਦੀ 3. ਡੀਕੈਪੀਟੇਟਰ 4. ਨਸਬੰਦੀ,1. ಶಿರಚ್ಛೇದಕ 2. ಕ್ರಿಮಿನಾಶಕ 3. ಶಿರಚ್ಛೇದಕ 4. ಕ್ರಿಮಿನಾಶಕ
1. ਵੀਰ ਬੰਦੀ 2. ਤੂੜੀ,1. ವೀರ್ ಬಂಡಿ 2. ಸ್ಟ್ರಾಬಂಡಿ
ਭਰੂਣ,ಭ್ರೂಣ
1. ਭਰੂਣ ਵਿਗਿਆਨ 2. ਭੌਤਿਕ ਵਿਗਿਆਨ,1. ಭ್ರೂಣಶಾಸ್ತ್ರ 2. ಭೌತಶಾಸ್ತ್ರ
1. ਨਿਕਾਸ 2. ਨਿਕਾਸ,1. ನಿರ್ಗಮನ 2. ನಿರ್ಗಮನ
emulsifier,ಎಮಲ್ಸಿಫೈಯರ್
ਅੰਤਰਜਾਤੀ,ಅಂತರ್ವರ್ಧಕ
ਅੰਤਰ-ਪੁਆਇੰਟ ਡਿਵੀਜ਼ਨ,ಇಂಟ್ರಾ ಪಾಯಿಂಟ್ ವಿಭಾಗ
ਅੰਤਰ-ਪਰਜੀਵੀ,ಒಳ-ಪರಾವಲಂಬಿ
ਐਂਡੋਸਪਰਮ,ಎಂಡೋಸ್ಪರ್ಮ್
ਉੱਦਮ,ಉದ್ಯಮ
ਕੀਟ ਵਿਗਿਆਨ,ಕೀಟಶಾಸ್ತ್ರ
ਵਾਤਾਵਰਣ,ಪರಿಸರ
1. ਐਨਜ਼ਾਈਮ 2. ਐਨਜ਼ਾਈਮ,1. ಕಿಣ್ವ 2. ಕಿಣ್ವ
ਕਲੱਸਟਰ ਗ੍ਰਾਫਟਿੰਗ,ಕ್ಲಸ್ಟರ್ ಕಸಿ
1. ਐਪੀਫਾਈਟ 2. ਐਪੀਫਾਈਟ,1. ಎಪಿಫೈಟ್ 2. ಎಪಿಫೈಟ್
ਇਕੁਇਟੀ,ಈಕ್ವಿಟಿ
ਖਾਤਮਾ,ನಿವಾರಣೆ
ਜ਼ਰੂਰੀ ਪੌਸ਼ਟਿਕ ਤੱਤ,ಅಗತ್ಯ ಪೋಷಕಾಂಶಗಳು
1. ਮਾਪ 2. ਜੰਪ 3. ਮੁਲਾਂਕਣ,1. ಅಳತೆ 2. ಜಂಪ್ 3. ಮೌಲ್ಯಮಾಪನ
ਚੁਸਤ,ಕೈಚಳಕ
ਸੁਜਾਨਿਕ,ಸುಜನ್ನಿಕ್
ਮੁਲਾਂਕਣ,ಮೌಲ್ಯಮಾಪನ
ਭਾਫ਼ ਗੇਜ,ಉಗಿ ಮಾಪಕ
evaportranspiration,ಆವಿಯಾಗುವಿಕೆ
ਸਦੀਵੀ ਇਨਕਲਾਬ,ಶಾಶ್ವತ ಕ್ರಾಂತಿ
1. ਸਦਾਬਹਾਰ 2. ਸਦਾਬਹਾਰ,1. ನಿತ್ಯಹರಿದ್ವರ್ಣ 2. ನಿತ್ಯಹರಿದ್ವರ್ಣ
ਵਿਕਾਸ,ಅಭಿವೃದ್ಧಿ
ਬੰਦ ਕਰ ਦਿਓ,ಕತ್ತರಿಸಿದ
ਪਰੀਕਸ਼ਯ (ਜਣਨ ਸ਼ਕਤੀ),ಪರೀಕ್ಷಯ್ (ಫಲವತ್ತತೆ)
ਸ਼ੋਸ਼ਣ,ಶೋಷಣೆ
1. ਖੋਜ 2. ਖੋਜ,1. ಅನ್ವೇಷಣೆ 2. ಪರಿಶೋಧನೆ
1. ਐਕਸਟਰਿਊਸ਼ਨ 2. ਨਿਕਾਸ,1. ಹೊರತೆಗೆಯುವಿಕೆ 2. ಹೊರಸೂಸುವಿಕೆ
ਆਈ,ಕಣ್ಣು
1. ਫੈਕਟਰ 2. ਕੰਪੋਨੈਂਟ 3. ਫੈਕਟਰ 4. ਸਰੋਤ,1. ಅಂಶ 2. ಘಟಕ 3. ಅಂಶ 4. ಸಂಪನ್ಮೂಲ
ਕਾਰਕ ਉਤਪਾਦਕਤਾ,ಅಂಶ ಉತ್ಪಾದಕತೆ
ਵਪਾਰੀ ਦੀ ਛੋਟ,ವ್ಯಾಪಾರಿಯ ರಿಯಾಯಿತಿ
ਫੈਕਟੋਰੀਅਲ ਬਲਾਕ ਡਿਜ਼ਾਈਨ,ಅಪವರ್ತನೀಯ ಬ್ಲಾಕ್ ವಿನ್ಯಾಸ
ਵਿਕਲਪਕ,ಪರ್ಯಾಯ
1. ਪੱਟੀ 2. ਪਾਲੀਹਾਰ,1. ಪಟ್ಟಿ 2. ಪಲಿಹಾರ್
ਕੁੱਲ,ಒಟ್ಟು
ਖੇਤਰ ਦਾ ਮੁਲਾਂਕਣ,ಕ್ಷೇತ್ರ ಮೌಲ್ಯಮಾಪನ
ਖੇਤੀ ਬਜਟ,ಕೃಷಿ ಬಜೆಟ್
ਖੇਤੀਬਾੜੀ ਕਾਰੋਬਾਰ,ಕೃಷಿ ವ್ಯಾಪಾರ
ਖੇਤਰ ਦੀ ਯੋਜਨਾਬੰਦੀ,ಕ್ಷೇತ್ರ ಯೋಜನೆ
1. ਕਿਸਾਨ 2. ਕਿਸਾਨ,1. ರೈತ 2. ರೈತ
1. ਖੇਤੀ 2. ਖੇਤੀ,1. ಕೃಷಿ 2. ಕೃಷಿ
ਟੱਕਰ,ಘರ್ಷಣೆ
ਮਲਟੀਪਲ ਪ੍ਰਜਨਨ,ಬಹು ಸಂತಾನೋತ್ಪತ್ತಿ
ਫਰਮੈਂਟੇਸ਼ਨ,ಹುದುಗುವಿಕೆ
ਜਣਨ,ಫಲವತ್ತತೆ
ਖਾਦ,ಗೊಬ್ಬರ
ਖਾਦ ਵਰਤਣ ਦੀ ਕੁਸ਼ਲਤਾ,ರಸಗೊಬ್ಬರ ಬಳಕೆಯ ದಕ್ಷತೆ
ਰੇਸ਼ੇਦਾਰ,ನಾರಿನಂತಿರುವ
1. ਫਾਰਮ 2. ਖੇਤਰ 3. ਸਥਾਨ,1. ಫಾರ್ಮ್ 2. ಪ್ರದೇಶ 3. ಸ್ಥಳ
ਮਿੱਟੀ ਦੇ ਪਾਣੀ ਨੂੰ ਰੱਖਣ,ಮಣ್ಣಿನ ನೀರನ್ನು ಹಿಡಿದಿಟ್ಟುಕೊಳ್ಳುವುದು
ਖੇਤਰ ਪ੍ਰਦਰਸ਼ਨ,ಕ್ಷೇತ್ರ ಪ್ರದರ್ಶನ
1. ਸਥਿਰਤਾ 2. ਫਿਕਸੇਸ਼ਨ 3. ਫਿਕਸੇਸ਼ਨ,1. ನಿಶ್ಚಲತೆ 2. ಸ್ಥಿರೀಕರಣ 3. ಸ್ಥಿರೀಕರಣ
1. ਡੁੱਬਣਾ 2. ਗਰਭਪਾਤ,1. ಮುಳುಗುವಿಕೆ 2. ಒಳಸೇರಿಸುವಿಕೆ
ਵਹਾਅ ਚਿੱਤਰ,ನಿರ್ವಹಣಾ ಚಿತ್ರ
ਭੋਜਨ ਮੁੱਲ,ಆಹಾರ ಮೌಲ್ಯ
ਚਾਰਾ,ಮೇವು
ਪੂਰਵ ਅਨੁਮਾਨ,ಮುನ್ಸೂಚನೆ
ਜੰਗਲ,ಅರಣ್ಯ
ਜੰਗਲਾਤ,ಅರಣ್ಯೀಕರಣ
1. ਤਾਦਪਰਨ 2. ਰੂਪ,1. ತಾಡ್ಪರ್ನ್ 2. ಫಾರ್ಮ್
ਠੰਡ ਰੋਧਕ,ಹಿಮ ನಿರೋಧಕ
1. ਪਾਲਾ 2. ਝੁਲਸ,1. ಪಾಲಾ 2. ಬ್ಲೈಟ್
1. ਜੰਮਿਆ ਹੋਇਆ 2. ਜੰਮਿਆ ਹੋਇਆ,1. ಹೆಪ್ಪುಗಟ್ಟಿದ 2. ಹೆಪ್ಪುಗಟ್ಟಿದ
ਫੰਕਸ਼ਨ,ಕಾರ್ಯ
1. ਫਰੂਟ ਫਾਲ 2. ਫਰੂਟ ਫਾਲ,1. ಹಣ್ಣಿನ ಪತನ 2. ಹಣ್ಣಿನ ಪತನ
ਫਲ ਬਣ,ಹಣ್ಣಾಗುತ್ತವೆ
1. ਧੁਨੀ 2. ਧੁੰਦ,1. ಧೂಮೀಕರಣ 2. ಧೂಮೀಕರಣ
ਉੱਲੀਨਾਸ਼ਕ,ಶಿಲೀಂಧ್ರನಾಶಕ
ਐਂਟੀਫੰਗਲ,ಶಿಲೀಂಧ್ರನಾಶಕ
ਉੱਲੀ,ಶಿಲೀಂಧ್ರ
1. ਖੁਦਾ 2. ਸੀਤਾ,1. ಖುದ್ 2. ಸೀತಾ
1. ਫਿਊਜ਼ਨ 2. ਫਿਊਜ਼ਨ,1. ಫ್ಯೂಷನ್ 2. ಫ್ಯೂಷನ್
ਕਪਾਹ ਉੱਨ,ಹತ್ತಿ ಉಣ್ಣೆ
ਵਾਲਾਂ ਵਾਲਾ,ಕೂದಲುಳ್ಳ
1. ਰੁੱਖ ਦਾ ਫੋੜਾ 2. ਪਿਟਿਕਾ,1. ಮರದ ಹುಣ್ಣು 2. ಪಿಟಿಕಾ
1. ਗੇਮੇਟਸ 2. ਗੇਮੇਟਸ,1. ಗ್ಯಾಮೆಟ್‌ಗಳು 2. ಗ್ಯಾಮೆಟ್‌ಗಳು
1. ਬਾਗ 2. ਬਾਗ,1. ಉದ್ಯಾನ 2. ಉದ್ಯಾನ
1. ਪੰਸਲ 2. ਹਾਈਡਰੋਮੀਟਰ,1. ಪಾನ್ಸಾಲ್ 2. ಹೈಡ್ರೋಮೀಟರ್
ਜੀਨ ਸੰਗ੍ਰਹਿ,ಜೀನ್ ಸಂಗ್ರಹ
ਜੀਨ ਟੈਗਨ,ಜೀನ್ ಟ್ಯಾಗನ್
ਵੰਸ਼ਾਵਲੀ,ವಂಶಾವಳಿ
ਜੀਨ ਨਕਸ਼ਾ,ಜೀನ್ ನಕ್ಷೆ
ਜੈਨੇਟਿਕਸ,ಆನುವಂಶಿಕ
1. ਜੀਨੋਮ 2. ਸੰਗੀਨ,1. ಜಿನೋಮ್ 2. ಸಂಜೀನ್
ਸੰਜੀਨੀ ਸੰਗ੍ਰਹਿ,ಸಂಜಿನಿ ಸಂಗ್ರಹ
ਜੀਨੋਮਿਕਸ,ಜೀನೋಮಿಕ್ಸ್
ਜੀਨੋਟਾਈਪ,ಜೀನೋಟೈಪ್
1. ਜੀਨ ਬਣਤਰ 2. ਜੀਨ ਦੀ ਕਿਸਮ,1. ಜೀನ್ ರಚನೆ 2. ಜೀನ್ ಪ್ರಕಾರ
ਲਿੰਗ,ವಂಶಾವಳಿ
1. ਜੀਨਸ 2. ਵੰਸ਼,1. ಕುಲ 2. ವಂಶ
1. ਜਰਮ 2. ਕੀਟਾਣੂ,1. ಸೂಕ್ಷ್ಮಾಣು 2. ಸೂಕ್ಷ್ಮಾಣು
ਕੀਟਾਣੂਨਾਸ਼ਕ,ಕ್ರಿಮಿನಾಶಕ
ਉਗਣਾ,ಮೊಳಕೆಯೊಡೆಯುವಿಕೆ
1. ਜਰਮਪਲਾਜ਼ਮ 2. ਜਰਮਪਲਾਜ਼ਮ,1. ಜರ್ಮ್ಪ್ಲಾಸಂ 2. ಜರ್ಮ್ಪ್ಲಾಸಂ
gibberellic ਐਸਿਡ,ಗಿಬ್ಬರೆಲಿಕ್ ಆಮ್ಲ
ਇਕੱਠਾ ਕਰਨਾ,ಕೊಯ್ಲು
ਤੁਸ਼,ತುಶ್
1. ਗਲੁਟਨ 2. ਪੇਟੂ,1. ಅಂಟು 2. ಹೊಟ್ಟೆಬಾಕತನ
glycolysis,ಗ್ಲೈಕೋಲಿಸಿಸ್
ਵਧੀਆ,Sundara
ਸੁਨਹਿਰੀ ਇਨਕਲਾਬ,ಸುವರ್ಣ ಕ್ರಾಂತಿ
1. ਵਰਗੀਕਰਨ 2. ਵਰਗੀਕਰਨ 3. ਪੱਧਰੀਕਰਨ,1. ವರ್ಗೀಕರಣ 2. ವರ್ಗೀಕರಣ 3. ಶ್ರೇಣೀಕರಣ
1. ਗ੍ਰਾਫਟਡ ਪੌਦਾ 2. ਪੇਨਮਬਰਲ ਪਲਾਂਟ,1. ನಾಟಿ ಸಸ್ಯ 2. ಪೆನಂಬ್ರಲ್ ಸಸ್ಯ
ਕਲਮ ਅਸੰਗਤ,ಪೆನ್ ಅಸಮಂಜಸ
ਗ੍ਰਾਨਾ,ಗ್ರಾನಾ
ਦਾਣੇ,ಗ್ರಾನುಲೇಷನ್
ਹਰੀ ਖਾਦ,ಹಸಿರು ಗೊಬ್ಬರ
ਹਰੀ ਕ੍ਰਾਂਤੀ,ಹಸಿರು ಕ್ರಾಂತಿ
ਵਿਕਾਸ ਅਤੇ ਵਿਕਾਸ,ಬೆಳವಣಿಗೆ ಮತ್ತು ಅಭಿವೃದ್ಧಿ
1. ਮਸੂੜਿਆਂ ਦੀ ਬਿਮਾਰੀ,1. ಗಮ್ ರೋಗ
ਵਿਪਰੀਤ ਲਿੰਗੀ,ಭಿನ್ನಲಿಂಗೀಯ
1. ਪ੍ਰਕ੍ਰਿਤੀ 2. ਕੁਦਰਤ 3. ਰੂਪਗੁਣਾ 4. ਦਿੱਖ,1. ಪ್ರಕೃತಿ 2. ಪ್ರಕೃತಿ 3. ರೂಪಗುಣ 4. ತೋರಿಕೆ
1. ਓਲਾ 2. ਕਰਕਪਟ 3. ਕਰਕਾ,1. ಓಲ 2. ಕರ್ಕಪಟ 3. ಕರ್ಕ
ਰੋਮਿਲਵਾਚ,ರೋಮಿಲ್ವಾಚ್
ਖਾਰੇ ਗੱਠ,ಲವಣಯುಕ್ತ ಚೀಲ
ਹੈਰੋ,ಹಾರೋ
1. ਵਾਢੀ ਸੂਚਕਾਂਕ 2. ਵਾਢੀ ਸੂਚਕਾਂਕ,1. ಕೊಯ್ಲು ಸೂಚ್ಯಂಕ 2. ಕೊಯ್ಲು ಸೂಚ್ಯಂಕ
1. ਵਾਢੀ 2. ਵਾਢੀ ਹੋਈ ਫ਼ਸਲ 3. ਮੁਕੰਮਲ ਫ਼ਸਲ 4. ਝਾੜ,1. ಕೊಯ್ಲು 2. ಕೊಯ್ಲು ಮಾಡಿದ ಬೆಳೆ 3. ಮುಗಿದ ಬೆಳೆ 4. ಇಳುವರಿ
1. ਵੱਢਣਾ 2. ਵਾਢੀ 3. ਵੱਢਣਾ,1. ಕೀಳುವುದು 2. ಕೊಯ್ಲು 3. ಕೀಳುವುದು
1. ਅੰਡਾ ਦੇਣਾ 2. ਅੰਡੇ ਦੀ ਤਾਕਤ,1. ಮೊಟ್ಟೆ ಇಡುವುದು 2. ಮೊಟ್ಟೆಯ ಬಲ
ਸੁੱਕਾ ਘਾਹ,ಒಣ ಹುಲ್ಲು
ਸੁੱਕੀ ਫੀਡ,ಒಣ ಆಹಾರ
ਗੰਜੀ,ಗಂಜಿ
ਧੁੰਦ,ಮಬ್ಬು
ਧੁੰਦਲਾ,ಮಸುಕಾದ
1. ਬਲੀ 2. ਸੀਤਾ 3. ਮੁੰਡਕ 4. ਸਿਖਰ 5. ਸਿਰ 6. ਸਿਰਾ,1. ಬಾಲಿ 2. ಸಿಟ್ಟಾ 3. ಮುಂಡಕ್ 4. ಟಾಪ್ 5. ಹೆಡ್ 6. ಸಿರಾ
ਝਰੀ ਦਾ ਅੰਤ,ತೋಡು ಕೊನೆಯಲ್ಲಿ
ਚੋਟੀ ਦੀ ਛਾਂਟੀ,ಅಗ್ರ ಸಮರುವಿಕೆಯನ್ನು
ਵਾੜ,ಬೇಲಿ
ਹਿਰਾਸਤ,ಪಾಲನೆ
ਕੁੰਡਲਨੀ,ಕುಂಡಲಿನಿ
hematite,ಹೆಮಟೈಟ್
1. ਜੜੀ ਬੂਟੀ 2. ਜੜੀ ਬੂਟੀ,1. ಮೂಲಿಕೆ 2. ಮೂಲಿಕೆ
1.ਬੋਟੈਨੀਕਲ ਕਲੈਕਸ਼ਨ 2.ਬੋਟੈਨੀਕਲ ਮਿਊਜ਼ੀਅਮ,1.ಬೊಟಾನಿಕಲ್ ಕಲೆಕ್ಷನ್ 2.ಬೊಟಾನಿಕಲ್ ಮ್ಯೂಸಿಯಂ
ਜੜੀ-ਬੂਟੀਆਂ ਨਾਸ਼ਕ,ಸಸ್ಯನಾಶಕ
ਖ਼ਾਨਦਾਨੀ,ಅನುವಂಶಿಕತೆ
ਖ਼ਾਨਦਾਨੀ,ಅನುವಂಶಿಕತೆ
ਲਿੰਗੀ,ಉಭಯಲಿಂಗಿ
heterochromatic,ಭಿನ್ನವರ್ಣದ
heterofertilization,ಹೆಟೆರೊಫರ್ಟಿಲೈಸೇಶನ್
1. ਹਾਈਬ੍ਰਿਡੋਜ਼ 2. ਹੇਟਰੋਸਿਸ,1. ಹೈಬ್ರಿಡೋಸ್ 2. ಹೆಟೆರೋಸಿಸ್
ਸੈਕਸਕ੍ਰੋਮੋਸੋਮ,ಲೈಂಗಿಕ ವರ್ಣತಂತುಗಳು
ਪਾਲਣ ਪੋਸ਼ਣ,ಪೋಷಿಸಿದರು
ਹੈਕਸਾਡੈਸੀਮਲ,ಹೆಕ್ಸಾಡೆಸಿಮಲ್
ਠੰਡੀ ਸੁਸਤਤਾ,ಶೀತ ಸುಪ್ತ
ਉੱਚ ਘਣਤਾ ਲਾਉਣਾ,ಹೆಚ್ಚಿನ ಸಾಂದ್ರತೆಯ ನೆಡುವಿಕೆ
1. ਪਿਂਡਲਕ 2. ਪਹਾੜੀ (ਝੋਨਾ),1. ಪಿಂಡ್ಲಾಕ್ 2. ಬೆಟ್ಟ (ಭತ್ತ)
ਹਿਸਟੋਗ੍ਰਾਮ,ಹಿಸ್ಟೋಗ್ರಾಮ್
ਉੱਚ ਤਕਨੀਕੀ ਬਾਗਬਾਨੀ,ಹೈಟೆಕ್ ತೋಟಗಾರಿಕೆ
1. ਦਹੀਂ 2. ਛਪਾਕੀ,1.ಮೊಸರು 2. ಜೇನುಗೂಡು
1. ਨਦੀਨ 2. ਨਦੀਨ,1. ಕಳೆ ಕಿತ್ತಲು 2. ಕಳೆ ಕಿತ್ತಲು
ਹੋਲਡ,ಹಿಡಿದು
ਪ੍ਰਾਈਵੇਟ ਫਾਰਮ,ಖಾಸಗಿ ಫಾರ್ಮ್
ਹੋਮਿਓਸਟੈਸਿਸ,ಹೋಮಿಯೋಸ್ಟಾಸಿಸ್
ਵਤਨ,ತಾಯ್ನಾಡು
ਸਮਰੂਪਤਾ,ಏಕರೂಪತೆ
1. ਸਮਰੂਪ 2. ਸਮਰੂਪ,1. ಏಕರೂಪದ 2. ಏಕರೂಪದ
ਹਮਦਰਦ,ಸಹಾನುಭೂತಿಯುಳ್ಳ
ਸਮਰੂਪ,ಹೋಮೋಜೈಗಸ್
1. ਖੁਰਲਿਕਾ 2. ਭੋਜਨ ਦਾ ਡੱਬਾ 3. ਹੈਪਰ,1. ಖುರ್ರಿಕಾ 2. ಆಹಾರ ಧಾರಕ 3. ಹ್ಯಾಪರ್
1. ਪਰਤ 2. ਹੋਰਾਈਜ਼ਨ,1. ಲೇಯರ್ 2. ಹಾರಿಜಾನ್
ਬਾਗਬਾਨੀ ਫਸਲ,ತೋಟಗಾರಿಕಾ ಬೆಳೆಗಳು
1. ਬਾਗਬਾਨੀ 2. ਬਾਗਬਾਨੀ 3. ਬਾਗਬਾਨੀ 4. ਬਾਗਬਾਨੀ,1. ತೋಟಗಾರಿಕೆ 2. ತೋಟಗಾರಿಕೆ 3. ತೋಟಗಾರಿಕೆ 4. ತೋಟಗಾರಿಕೆ
