Bengali,Marathi
বাতিল অঙ্গ,गर्भपात केलेला अवयव
বাতিল বীজ,गर्भपात बियाणे
গর্ভপাত,गर्भपात
পরম আগাছা,परिपूर्ण तण
শোষিত কেশন,शोषून घेतलेले केशन
শোষণ,शोषण
অ্যাবিসিনিয়ান সরিষা,अ‍ॅबिसिनियन मोहरी
অ্যাকারিসাইড,एकरिसाइड
অ্যাকসেন্ট্রিক,उच्चारण
উচ্চারণ (সেল),उच्चारण (सेल)
স্বীকৃত সহনশীলতা,स्वीकारलेले सहिष्णुता
আনুষঙ্গিক,Ory क्सेसरी
প্রশংসাপত্র,सहनशीलता
জমা,संचय
সঠিকতা,अचूकता
এসারভুলাস,अ‍ॅसर्व्हुलस
অ্যাসিটিফিকেশন,एसीटिफिकेशन
অ্যাসিডিফিকেশন,आम्लता
অ্যাসিডিমিটার,अ‍ॅसिडिमीटर
অম্লতা,आंबटपणा
অ্যাসিডোফিলিক,अ‍ॅसिडोफिलिक
অ্যাসিডুলেটেড রক ফসফেট,अ‍ॅसिड्युलेटेड रॉक फॉस्फेट
অ্যাসিডুরিক,अ‍ॅसिड्यूरिक
জলজ,जलचर
অধিগ্রহণ,संपादन
একর,एकर
জমি,एकर क्षेत्र
অ্যাক্রোসেন্ট্রিক ক্রোমোজোম,अ‍ॅक्रोसेन्ट्रिक गुणसूत्र
অ্যাক্রোপেটাল,अ‍ॅक्रोपेटल
অ্যাক্রোসোম,अ‍ॅक्रोसोम
অ্যাক্টিনোমাইসেটস,अ‍ॅक्टिनोमाइसेट्स
সক্রিয় মূল অঞ্চল,सक्रिय रूट झोन
তীব্র,तीव्र
অভিযোজনযোগ্যতা,अनुकूलता
অভিযোজন,रुपांतर
আঠালো,आसंजन
অ্যাডিপোজ,Ip डिपोज
সামঞ্জস্য সমীকরণ,समायोजन समीकरण
অ্যাডোব মাটি,अ‍ॅडोब माती
ভেজাল,व्यभिचारी
অ্যাডভেটিয়াস,साहसी
আইসিডিওস্পোর,एसीडिओस्पोर
আইওলিয়ান প্রক্রিয়া,आयओलियन प्रक्रिया
আইওলিয়ান,आयओलियन
এয়ারেট,वायुवीजन
এরিয়াল,हवाई
এয়ারোমিটার,एरोमीटर
অ্যারোসোল,एरोसोल
এ্যাস্টিভেশন,एस्टिवेशन
এটিওলজি (এটিওলজি),एटिओलॉजी (एटिओलॉजी)
Afforastation,वनीकरण
আন্দোলন,आंदोलन
অ্যাগমার্ক,अ‍ॅगमार्क
কৃষি,कृषी
কৃষি ক্লিনিক,कृषी क्लिनिक
কৃষি শ্রম,कृषी कामगार
কৃষি বিপণন,कृषी विपणन
কৃষি প্রযুক্তি,कृषी तंत्रज्ञान
কৃষি,शेती
এগ্রিসিলভিকালচার,कृषी सांस्कृतिक
কৃষি,अ‍ॅग्रोबायोडिव्हर्सिटी
অ্যাগ্রোবায়োলজিকাল ত্রুটিগুলি,अ‍ॅग्रोबायोलॉजिकल दोष
অ্যাগ্রোবায়োলজি,कृषीशास्त्र
অ্যাগ্রোক্লিম্যাটিক বৈচিত্র্য,अ‍ॅग्रोक्लिमॅटिक विविधता
অ্যাগ্রোক্লিম্যাটিক জোনিং,अ‍ॅग्रोक्लिमॅटिक झोनिंग
কৃষি,अ‍ॅग्रोफोरेस्ट्री
কৃষিবিদ,कृषीशास्त्र
কৃষি,अ‍ॅग्रोनॉमी
অ্যাগ্রোপাস্টোরাল,अ‍ॅग्रोपास्टोरल
কৃষি,अ‍ॅग्रोप्रोसेसिंग
অ্যাগ্রোস্টোলজি,अ‍ॅग्रोस्टोलॉजी
এগ্রোটাইপ,अ‍ॅग्रोटाइप
এয়ার প্ল্যান্ট,एअर प्लांट
আকিওচি মাটি,अकिओची माती
অ্যালবিনিজম,अल्बिनिझम
আলফিসোলস,अल्फिसोल
শৈবাল,एकपेशीय वनस्पती
অ্যালগাল ডিজিজ,अल्गल रोग
ক্ষার জল,अल्कली पाणी
ক্ষারীয়,अल्कधर्मी
অ্যালিল,अ‍ॅलेल
অ্যালিলোকেমিক্যালস,Lel लोकेमिकल्स
Allelomorph,Lel लोमॉर्फ
অ্যালোলোপ্যাথি,Lel लेलोपॅथी
অলি ক্রপিং,गल्ली पीक
বরাদ্দ,वाटप
অ্যালোগ্যামি,अ‍ॅलोगॅमी
অ্যালোমেট্রি,अ‍ॅलोमेट्री
অ্যালোপলিপ্লয়েড,Ol लोपोलिपॉइड
Allosynapsis (allosyndesis),Os लोसिनॅप्सिस (os लोसिंडेसिस)
বিকল্প ভারবহন,वैकल्पिक बेअरिंग
বিকল্প জমি ব্যবহার,वैकल्पिक जमीन वापर
পরিবেষ্টিত,सभोवतालचे
অ্যামেলিয়োর্যান্ট,Meliorant
অ্যামিটোসিস,अमिटोसिस
গোলাবারুদ,अमृत
অ্যামোনিফিকেশন,अमोनिफिकेशन
অ্যামোনিফায়ার,अमोनिफायर
অ্যামর্ফ,अमॉर्फ
অ্যাম্ফিমিক্সিস,अ‍ॅम्फिमिक्सिस
এমফোটেরিক,अ‍ॅम्फोटेरिक
অ্যানাবোলিজম,अ‍ॅनाबोलिझम
অ্যানেরোব,अनरोब
অ্যানিউপ্লয়েড,Eneuploid
কোণ রোপণ,कोन लागवड
পশুপালন,पशुसंवर्धन
প্রাণী প্রত্যাখ্যান,प्राणी नकार
অ্যানিমেট শক্তি,एनिमेट एनर्जी
অ্যানিসোপ্লয়েড,एनिसोप्लॉइड
বার্ষিক উদ্ভিদ,वार्षिक वनस्पती
বার্ষিক,वार्षिक
অ্যান্থেসিস,अँथेसिस
অ্যানথ্রাক্স,अँथ्रॅक्स
অ্যানথ্রোপোজেনিক ফ্যাক্টর,मानववंशिक घटक
অ্যান্টিবায়োসিস,प्रतिजैविक
অ্যান্টিবায়োটিক,प्रतिजैविक
প্রতিষেধক,प्रतिजैविक
অ্যান্টিঅক্সিডেন্টস,अँटीऑक्सिडेंट्स
অ্যান্টিটক্সিন,अँटीटॉक्सिन
অ্যানুলাস,अ‍ॅनुलस
এফিড,Ph फिड
অ্যাপিকাল কুঁড়ি,एपिकल अंकुर
অ্যাপিকাল আধিপত্য,एपिकल वर्चस्व
এপিক্যালচার (মৌমাছি পালন),एपिकल्चर (मधमाशी पाळणे)
অ্যাপোমিক্সিস,अपोमिक्सिस
অ্যাপোপটোসিস,अ‍ॅपॉप्टोसिस
সংযোজন,परिशिष्ट
ক্ষুধার্ত,भूक
প্রয়োগ,लागू
জলজ আগাছা,जलीय तण
আরবোরিয়াল,आर्बोरियल
আর্বোরাইজেশন,आर्बोरायझेशन
আর্কিও-বোটানিকাল রেকর্ডস,आर्चीओ-बॉटॅनिकल रेकॉर्ड
অঞ্চল পরিসংখ্যান,क्षेत्र आकडेवारी
অঞ্চল,क्षेत्र
শুকনো বাস্তুতন্ত্র,शुष्क इकोसिस्टम
আরিল,एरिल
সুগন্ধ,सुगंध
সুগন্ধযুক্ত উদ্ভিদ,सुगंधित वनस्पती
সুগন্ধযুক্ত চাল,सुगंधित तांदूळ
তীর,बाण
Asepsis,Asepsis
অ্যাসেপটিক,Se सेप्टिक
অ্যাসেক্সুয়াল প্রচার,अलौकिक प्रसार
অ্যাস,परख
সম্পদ,मालमत्ता
সংমিশ্রণ,आत्मसात
সংঘ,असोसिएशन
জ্যোতিষী,तुरट
অ্যাসিনাপসিস,एसिनॅप्सिस
Atavism,अटाविझम
Atomizer,अ‍ॅटोमायझर
অ্যাট্রোফি,अ‍ॅट्रोफी
অটোগামি,ऑटोगॅमी
অটোলাইসিস,ऑटोलिसिस
অটোক্সিডেশন,ऑटोक्सिडेशन
অটোপলিপ্লয়েড,ऑटोपॉलिपॉइड
অক্সিনস,ऑक्सिन
এডাব্লুএন (ব্রিজল),ओएन (ब्रिस्टल)
বাদাম,बदाम
অ্যালো,कोरफड
অমরান্থাস,अमरॅन्थस
আম্মি,अम्मी
অঞ্জান ঘাস,अंजान गवत
অ্যান্থুরিয়াম,अँथुरियम
"অোনলা, ভারতীয় গুজবেরি","अणला, भारतीय हंसबेरी"
অ্যাপল,Apple पल
এপ্রিকট,जर्दाळू
আরবিয়ান জেসমিন,अरबियन चमेली
সুপারি বাদাম,अरेका नट
অর্জুন,अर्जुन
Asfoetida,असफोएटिडा
অ্যাশ লাউ,राख लबाडी
অশোক গাছ,अशोका वृक्ष
আশ্থমা আগাছা (ইউফোর্বিয়া),अश्थमा तण (युफोर्बिया)
অ্যাস্পারাগাস,शतावरी
অ্যাভোকাডো,एवोकॅडो
আলফালফা (লুসার্ন),अल्फाल्फा (ल्युसर्न)
পিঁপড়া,मुंग्या
এফিডস,Ph फिडस्
সেনা কৃমি,आर्मी जंत
কৃষি অর্থনীতিবিদ,कृषी अर्थशास्त्रज्ञ
কৃষি এক্সটেনশনিস্ট,कृषी विस्तारवादी
কৃষি বিজ্ঞানী,कृषी वैज्ञानिक
কৃষি প্রকৌশলী,कृषी अभियंता
অ্যাগ্রোবায়োলজিস্ট,अ‍ॅग्रोबायोलॉजिस्ट
কৃষিবিদ,कृषीशास्त्रज्ञ
অ্যাগ্রোফিজিসট,अ‍ॅग्रोफिसिकस्ट
প্রাণী ব্রিডার,प्राणी ब्रीडर
ব্যাসিলাস ভাইরাস,बॅसिलस विषाणू
ব্যাসিলাস,बॅसिलस
ব্যাকটিরিয়া,जिवाणू
ব্যাকটিরিওক্সিন,बॅक्टेरियोटॉक्सिन
ব্যাগাস,बागसे
ব্যালেন্স শীট,शिल्लक पत्रक
ভারসাম্যহীন নিষেক,संतुलित फर्टिलायझेशन
বার ডায়াগ্রাম,बार आकृती
বাকল,साल
ব্যারোমিটার,बॅरोमीटर
বন্ধ্যা,वांझ
বেস,पाया
বেসিন,बेसिन
বেসিপেটাল,बासिपेटल
বেসস্টারনাম,बासेस्टर्नम
উপসাগর,बे मॉन्सून
বিয়ারিং প্ল্যান্ট,बेअरिंग प्लांट
বিছানা,बेड
বেডার,बेडर
বিছানাপত্র,बेडिंग
বীট গুড়,बीट गुळ
বেলো,धनुष्य
বেল্ট,बेल्ट
বেনিফিট-ব্যয় বিশ্লেষণ,लाभ-खर्च विश्लेषण
পক্ষপাতদুষ্ট (নমুনা),पक्षपाती (सॅम्पलिंग)
দ্বিবার্ষিক,द्विवार्षिक
দ্বিপদী,द्विपक्षीय
বায়োএজেন্ট,बायोएजेन्ट
বায়োক্লিমেট,बायोक्लीमेट
বায়োনারজি,बायोएनर्जी
বায়োনমিক্স,बायोनोमिक्स
বায়োরিয়্যাক্টর,बायोरिएक्टर
বায়োস্ফিয়ার,जीवशास्त्र
বায়োটিক,बायोटिक
বায়োটাইপ,बायोटाइप
উভকামী,उभयलिंगी
ব্লাঞ্চিং,ब्लान्चिंग
বিস্ফোরণ,ब्लास्ट
মিশ্রণ,मिश्रण
ব্লাইট,ब्लाइट
ফোস্কা,फोड
নীল বিপ্লব,निळा क्रांती
নীচে তাপ চেম্বার,तळाशी उष्णता कक्ष
নীচে তাপ কৌশল,तळाशी उष्णता तंत्र
ব্রান,कोंडा
শাখা,शाखा
শাখা,शाखा
প্রজনন,प्रजनन
প্রজনন,प्रजनन
Brimming,ब्रिमिंग
ব্রুড,ब्रूड
উদীয়মান,नवोदित
বাজেট,अर्थसंकल्प
বাফার,बफर
বাল্ব,बल्ब
বুট,बंट
উপজাত,उप-उत्पादन
বাবুল অ্যাকাসিয়া,बाबुल बाभूळ
শিশুর ভূট্টা,बाळ कॉर्न
বেল,बाईल
বেল,बेली
বালসাম,बाल्सम
বাঁশ,बांबू
কলা,केळी
বটগাছ,वडाचे झाड
বার্লি,बार्ली
বার্নইয়ার্ড মিললেট,धान्याचे कोठार मिलेट
পুদিনা,तुळस
জারজ সিডার,बस्टर्ड सिडर
জারজ মাইরোবালান,बस्टार्ड मायरोबालन
বাউহিনিয়া,बौहिनिया
বে বেরি,बे बेरी
বিন,बीन
বীট,बीट
বেলাদোনা,बेलॅडोना
বের,बेर
বার্সিম,Berseem
সুপারি,सुपारी
বিলিম্বি,बिलीमबी
বিটার লাউ,कारले
কালো গ্রাম,काळा हरभरा
কালো নাইটশেড,ब्लॅक नाईटशेड
বোগেনভিলিয়া,बोगेनविले
বোতল ব্রাশ,बाटली ब्रश
বোতল লাউ,दुधीभोपळा
বক্স ট্রি,बॉक्स ट्री
রুটি ফল,ब्रेड फळ
ব্রাইডাল লতা,ब्राइडल क्रिपर
ব্রিনজাল,वांगे
ব্রড শিম,ब्रॉड बीन
ব্রোকলি,ब्रोकोली
ব্রাসেলের স্প্রাউট,ब्रुसेलचा अंकुर
বাকউইট,बकव्हीट
বুটিয়া,बुटिया
ব্যান্ডিকুট,बॅन्डिकूट
ভাল্লুক,अस्वल
বিটল,बीटल
ফোস্কা বিটল,ब्लिस्टर बीटल
নীল ষাঁড়,निळा बैल
বোল কৃমি,बोल वर्म
প্রজাপতি,फुलपाखरू
ব্যাকটিরিওলজিস্ট,बॅक्टेरियोलॉजिस्ट
বায়োকেমিস্ট,बायोकेमिस्ट
জীববিজ্ঞানী,जीवशास्त्रज्ञ
বায়োটেকনোলজিস্ট,बायोटेक्नॉलॉजिस्ट
উদ্ভিদবিদ,वनस्पतिशास्त्रज्ञ
সি আর্দ্রতা বৈশিষ্ট্যযুক্ত বক্ররেখা,सी ओलावा वैशिष्ट्यपूर्ण वक्र
কেক,केक
ক্যালারিয়াস,कॅल्केरियस
ক্যালিফিকেশন,कॅल्सीफिकेशन
ফসফেটের ক্যালকিনেশন,फॉस्फेटचे कॅल्किनेशन
Calost,कॉलिटी
কলাস,कॉलस
ক্যালিক্স,कॅलेक्स
ক্যালিক্স-এন্ড,कॅलेक्स-एंड
ক্যাম্বিয়াম,कॅम्बियम
ক্যান্সার,कॅंकर
ক্যানিং,कॅनिंग
ক্যানোপি,छत
মূলধন,भांडवल
ক্যাপরিফিকেশন,केप्रीफिकेशन
ক্যাপসুল,कॅप्सूल
কার্বনেটেড,कार्बोनेटेड
কার্বনাইজেশন,कार्बनायझेशन
কার্পেল,कार्पेल
কার্পাস,कार्पस
ঢালাই,कास्टिंग
ক্যাটাবোলিজম,कॅटाबोलिझम
ক্যাটালাইসিস,कॅटॅलिसिस
শুঁয়াপোকা,सुरवंट
সি-ডিএনএ লাইব্রেরি,सी-डीएनए लायब्ररी
সিলিং,कमाल मर्यादा
সেল,सेल
কেন্দ্রীয় নেতা ব্যবস্থা,केंद्रीय नेता प्रणाली
কেন্দ্রিক,सेंट्रिक
সেন্ট্রিফিউগেশন,सेंट्रीफ्यूगेशन
সেন্ট্রিফিউজ,सेंट्रीफ्यूज
সেন্ট্রিওল,सेंट्रीओल
সেন্ট্রোজেনিক,सेंट्रोजेनिक
সেন্ট্রোজেনাস,केंद्रीत
সার্কাস,Cercus
সিরিয়াল,अन्नधान्य
শংসাপত্র,प्रमाणपत्र
প্রত্যয়িত বীজ,प्रमाणित बियाणे
চ্যাফ,चाफ
চালাজা,चालझा
কেমোট্রপিজম,केमोट्रोपिझम
চিয়াসমা,चियास्मा
শীতল সময়,शीतकरण तास
শীতল আঘাত,शीतकरण इजा
চিমেরা,चिमेरा
ক্লোরান্টি,क्लोरॅन्थी
ক্লোরোফিল,क्लोरोफिल
ক্লোরোসিস,क्लोरोसिस
ক্লোরোলজি,क्लोरोलॉजी
ক্রোমাটিড,क्रोमॅटिड
ক্রোমাটিন,क्रोमॅटिन
ক্রোমাটোগ্রাফি,क्रोमॅटोग्राफी
ক্রোমাটোলাইসিস,क्रोमॅटोलिसिस
ক্রোমোসেন্ট্রে,क्रोमोसेन्ट्रे
ক্রোমোজেনেসিস,क्रोमोजेनेसिस
ক্রোমোপ্রোটিন,क्रोमोप्रोटीन
ক্রোমোজোম,क्रोमोसोम
দীর্ঘস্থায়ী,जुनाट
সিট্রঞ্জ,सिट्रेंज
ক্লেডোড,क्लेडोड
শ্রেণিবদ্ধকরণ,वर्गीकरण
ক্লে,क्ले
পরিষ্কার,स्वच्छता
ক্লিস্টোগ্যামি,क्लीस्टोगॅमी
ক্লাইম্যাক্টেরিক ফল,क्लायमॅक्टेरिक फळ
জলবায়ু,हवामान
জলবায়ু,हवामानशास्त्र
ক্লিপার,क्लिपर
ক্লোড,क्लॉड
ক্লোন,क्लोन
মেঘ,ढग
ক্লাম্প,गठ्ठा
ক্লাস্টার,क्लस्टर
মোটা,खडबडीत
কোট (বীজ),कोट (बियाणे)
কোকুন,कोकून
কোএনজাইম,कोएन्झाइम
সংহতি,एकत्रीकरण
কয়ার,कॉर
কোলোররিজা,कोलोरिझा
কলার,कॉलर
কলয়েড (মাটি),कोलोइड (माती)
কলিউমেলা,कोलंबेला
কলাম,स्तंभ
কমেন্সালিজম,Comensalism
বাণিজ্যিক ব্যাংক,व्यावसायिक बँक
পণ্য,वस्तू
সম্প্রদায়,समुदाय
সংযোগ (মাটির),कॉम्पॅक्शन (मातीची)
সামঞ্জস্যতা,सुसंगतता
সামঞ্জস্যতা,सुसंगतता
ক্ষতিপূরণ,भरपाई
প্রতিযোগিতামূলক মিথস্ক্রিয়া,स्पर्धात्मक संवाद
পরিপূরক ফসল,पूरक पीक
জটিল,कॉम्प्लेक्स
উপাদান,घटक
গঠন,रचना
কম্পোস্ট,कंपोस्ट
চক্রবৃদ্ধিহারে সুদ,चक्रवाढ व्याज
গণনা,गणना
কম্পিউটার,संगणक
একাগ্রতা,एकाग्रता
কন্ডিশনার,कंडिशनर
আচরণ,आवाहन
কনফিগারেশন,कॉन्फिगरेशन
অনুসার,अनुरूपता
বিভ্রান্তিকর,गोंधळात टाकणारे
সংমিশ্রণ,संयोजन
সংযোগকারী,संयोजी
সংরক্ষণ,संवर्धन
একত্রীকরণের,एकत्रीकरण
উপাদান,घटक
গ্রাহক,ग्राहक
খরচ,वापर
দূষণ,दूषित
কনট্যুর রোপণ,समोच्च लागवड
কনট্যুর,समोच्च
চুক্তি চাষ,कॉन्ट्रॅक्ट शेती
নিয়ন্ত্রিত স্টোরেজ,नियंत्रित स्टोरेज
সমবায় ব্যাংক,सहकारी बँक
সহযোগী,सहकारी
কপিস,कॉपिस
Corm,कॉर्म
করোলা,कोरोला
কর্টেক্স,कॉर्टेक्स
ব্যয়,किंमत
কোটিলেডন (বীজ),कॉटिलेडन (बियाणे)
ক্রেডিট সোসাইটি,क्रेडिट सोसायटी
ক্রেডিট,पत
পাওনাদার,लेखादार
ক্রেস্ট,माथा
ক্রিঙ্কল,Rickly
সংকট,संकट
মানদণ্ড,निकष
সমালোচনা,गंभीर
শস্য বীমা,पीक विमा
শস্য loan ণ,पीक कर्ज
ফসল,पीक
ক্রপিং অঞ্চল,पीक क्षेत्र
ক্রস-ইনমপ্যাটেবল,क्रॉस-इनकॉम्पॅन्सिबल
মুকুট (উদ্ভিদ),मुकुट (वनस्पती)
ক্রম্ব,क्रंब
ক্রাস্ট,कवच
ক্রিপ্টোগাম,क्रिप्टोगॅम
কুল (ফল),कुल (फळे)
কাল্ম,कुल्म
চাষকারী,लागवड
চাষ,लागवड
কৃষক,लागवड करणारा
সংস্কৃতি,संस्कृती
নিরাময়,उपचार
কার্লিং,कर्लिंग
মুদ্রা,चलन
কিউটিকাল,क्यूटिकल
কাটা,कटिंग
সিস্ট,गळू
সাইটোক্রোম,साइटोक्रोम
সাইটোগ্যামি,सायटोगामी
সাইটোজেনেসিস,सायटोजेनेसिस
সাইটোজেনেটিক্স,सायटोजेनेटिक्स
সাইটোকাইনেসিস,सायटोकिनेसिस
সাইটোলজি,सायटोलॉजी
সাইটোলাইসিস,सायटोलिसिस
সাইটোমির,सायटोमेरे
সাইটোপ্লাজম,साइटोप्लाझम
বাঁধাকপি,कोबी
ক্যাকটাস,कॅक्टस
ক্যালেন্ডুলা,कॅलेंडुला
ক্যানারি ঘাস (ফালারিস),कॅनरी गवत (फालारिस)
ক্যানা,कॅन्ना
ক্যাপারি,कॅपरिस
ক্যাপসিকাম,शिमला मिर्ची
ক্যারামবোলা,कारंबोला
ক্যারপা,कारपा
এলাচ,वेलची
কার্নেশন,कार्नेशन
গাজর,गाजर
হিজলি বাদাম,काजू
ক্যাসিয়া,कॅसिया
ক্যাস্টর,एरंडेल
ফুলকপি,फुलकोबी
সেলারি,भाजी किंवा कोशिंबीर बनवण्यासाठी उपयुक्त अशी एक वनस्पती
চ্যাম্প্যাক,शॅमक
চেনোপোডিয়াম,चेनोपोडियम
চেরি টমেটো,चेरी टोमॅटो
চেরি,चेरी
"ছোলা, গ্রাম","चणा, हरभरा"
মরিচ,मिरची
চীন টারপেনটাইন গাছ,चीन टर्पेन्टाईन ट्री
কুকুর কুকুর,चाऊ-चाऊ
ক্রিস্যান্থেমাম,क्रिसॅन्थेमम
"চুফা, পৃথিবী বাদাম","चुफा, पृथ्वी बदाम"
সিচরি,सिचरी
দারুচিনি,दालचिनी
সিট্রন,सिट्रॉन
সিট্রোনেলা ঘাস,सिट्रोनेला गवत
জেসমিন আরোহণ,चमेली चढणे
লবঙ্গ,लवंग
ক্লাস্টার বিন,क्लस्टर बीन
কোকো,कोको
নারকেল,नारळ
কফি,कॉफी
কোলিয়াস,कोलियस
কলোকাসিয়া,कोलोकेशिया
"কলোকিন্থ, তিক্ত আপেল","कोलोसिंथ, कडू सफरचंद"
সাধারণ পার্সেলেন,सामान्य पर्स्लेन
ধনে,कोथिंबीर
সুতি,कापूस
কাউপিয়া,गायी
কিউব,क्यूबब
শসা,काकडी
Cucubits,कुकर्बिट्स
জিরা,जिरे
কারি পাতা,करी पान
আতা,सीताफळ
ক্যাপসুল বোরার,कॅप्सूल बोरर
ক্যাটারপিলার,सुरवंट
সাইট্রাস সাইক্ল্লা,लिंबूवर्गीय सायला
ক্রিকেট,क्रिकेट
কাক,कावळा
কাটা কৃমি,जंत कट करा
দুগ্ধ,डेअरी
ডেয়ারিং,दुग्धशाळा
বাঁধ,धरण
দিন-নিরপেক্ষ,दिवस-तटस्थ
ফুলের পরে দিন,फुलांच्या नंतरचे दिवस
পুরো পুষ্প পরে দিন,पूर्ण मोहोर नंतरचे दिवस
ডিব্লোসোমিং,डीब्लोसमिंग
ডিক্যালসিফিকেশন,Decalcification
ডিক্যান্ট,डिकंट
ক্ষয়,क्षय
পাতলা,पाने गळणारा
দশমিক,दशांश
স্বল্পতা,कमतरता
ডিফলোকুলেশন (মাটি),डिफ्लोकुलेशन (माती)
Defloration,डिफ्लोरेशन
ডিফোলিয়েশন,डीफोलिएशन
বন নিধন,जंगलतोड
অবক্ষয়,अध: पतन
অবক্ষয়,अधोगती
ডিগ্রি দিন,पदवी दिवस
ডিগ্রি,पदवी
ডিহেসেন্স,Dehiscence
ডিহুলিং,डीहुलिंग
ডিহুসিং,डीहुस्किंग
পানিশূন্যতা,डिहायड्रेशन
ডিহাইড্রেটর,डिहायड्रेटर
চাহিদা,मागणी
অবনতি,विकृती
অস্বীকার,नकार
আমানত,ठेव
জবানবন্দি,ठेव
অবমূল্যায়ন বিচ্ছিন্নকরণ,घसारा डेसालिनायझेशन
বিশৃঙ্খলা,Desiccation
নকশা,डिझाइन
ডেসিসেটর,Descicator
গন্তব্য,निराश
Desuckering,Desuckering
Desynapsis,Desynapsis
ডেটাসেল,डेटासेल
ডিটাসেলিং,Detasseling
নির্ধারক,निर्धारक
অবমূল্যায়ন,अवमूल्यन
দেভেজেটেশন,Devegetation
বিচ্যুতি,विचलन
ডায়াড,डायड
রোগ নির্ণয়,निदान
Dichogamy,डिचोगामी
দ্বৈতত্ত্ব,द्वैधविज्ञान
ডিকোটাইলডন (বীজ),डिकोटिल्डन (बियाणे)
ফিরে মারা (রোগ),मरणार (रोग)
বিচ্ছুরণ,प्रसार
হজমতা,पचनक्षमता
ডিহাইব্রিড,डायहायब्रिड
ডাইক (ডাইক),डिक (डायक)
পাতলা,सौम्य
ডাইওসিয়াস,डायओसियस
ডিপ্লোড,डिप्लोइड
ডিপ্লোড,डिप्लोइड
ডিপ্লোনেমা,डिप्लोमा
অসন্তুষ্টি,डिसबुडिंग
ডিস্কিং,डिस्किंग
ছাড়,सूट
নির্বীজন,निर्जंतुकीकरण
বিচ্ছুরণ,फैलाव
প্রচার,प्रसार
বৈচিত্রতা,विविधता
বিবিধ কৃষিকাজ,विविध शेती
ডিএনএ মই,डीएनए शिडी
ডিএনএ রিসেপ্টর,डीएनए रिसेप्टर
ডকেজ,डॉकगेज
প্রভাবশালী,प्रबळ
সুপ্ততা,सुप्तता
ডোজ,डोस
ডাবল সিগময়েড বক্ররেখা,डबल सिग्मॉइड वक्र
খসড়া (খসড়া),मसुदा (मसुदा)
ড্রেন,निचरा
নিকাশী,ड्रेनेज
অঙ্কন,काढा
ভিজে যাওয়া,भिजत
ড্রেসিং (বীজ),ड्रेसिंग (बियाणे)
ড্রিল (এন।),ड्रिल (एन.)
ড্রিলিং (এজি। ইঞ্জিন),ड्रिलिंग (एजी. इंजी)
ড্রিলিং (কৃষি),ड्रिलिंग (अ‍ॅग्रोनॉमी)
ড্রিপ সেচ,ठिबक सिंचन
শুকনো কৃষিকাজ,ड्रायलँड शेती
ধুলো,धूळ
ডাস্টার,डस्टर
ধুলাবালি,धूळ
বামন,बटू
বামন পিরামিড,बौने पिरॅमिड
বামন,बौने
ডেইজি,डेझी
তারিখ,तारखा
ডে জেসমিন,दिवस चमेली
ডিল,बडीशेप
দিননাথ ঘাস,दीननाथ गवत
ডড্ডার,डॉडर
"ডুব ঘাস, বারমুডা ঘাস","डूब गवत, बर्म्युडा गवत"
ড্রুস,ड्रूस
শুকনো আদা,कोरडे आले
ডিফোলিয়েটিং বিটল,डीफोलिएटिंग बीटल
ড্রোন,ड्रोन
হাঁস,बदक
বাস্তুশাস্ত্র,पर्यावरणशास्त्र
একনোমেট্রিক্স,इकोनोमेट्रिक्स
অর্থনৈতিক দক্ষতা,आर्थिक कार्यक्षमता
ইকোটাইপ,इकोटाइप
অ্যাক্টোট্রফিক,एक्टोट्रॉफिक
এড্যাফিক,ईडाफिक
এড্যাফোলজি,एडॉफोलॉजी
এজিং,कडा
ভোজ্য অংশ,खाद्य भाग
চাহিদার স্থিতিস্থাপকতা,मागणीची लवचिकता
উত্পাদন স্থিতিস্থাপকতা,उत्पादनाची लवचिकता
বৈদ্যুতিন বিশ্লেষণ,इलेक्ट्रोलिसिस
ইলেক্ট্রোফোরসিস,इलेक्ट्रोफोरेसीस
এলিউভিয়েশন,Eluviation
ইমাসকুলেটর,Emasculator
এম্ব্যাঙ্কিং,तटबंदी
ভ্রূণ,गर्भ
ভ্রূণতত্ত্ব,गर्भशास्त्र
উত্থান,उदय
ইমুলিফায়ার,इमल्सीफायर
অন্তঃসত্ত্বা,अंतर्जात
এন্ডোমিটোসিস,एंडोमिटोसिस
এন্ডোপারাসাইট,एंडोपारासाइट
এন্ডোস্পার্ম,एंडोस्पर्म
এন্টারপ্রাইজ,उपक्रम
এনটমোলজি,एंटोमोलॉजी
পরিবেশ,वातावरण
এনজাইম,सजीवांच्या शरीरात निर्मार्ण होणारे द्रव्य
এপিকোটাইল গ্রাফটিং,एपिकोटिल ग्राफ्टिंग
এপিফাইট,एपिफाइट
ইক্যুইটি,इक्विटी
নির্মূল,निर्मूलन
অত্যাবশ্যক পুষ্টি,आवश्यक पोषक घटक
অনুমান,अंदाज
Itiolation,Etiolation
ইউজেনিক,युजेनिक
মূল্যায়ন,मूल्यांकन
বাষ্পীভবন,बाष्पीभवन
বাষ্পী-স্থানান্তর,बाष्पीभवन
চিরসবুজ বিপ্লব,सदाहरित क्रांती
চিরসবুজ,सदाहरित
বিবর্তন,उत्क्रांती
আবগারি,अबकारी
ক্লান্তি (উর্বরতা),थकवा (प्रजननक्षमता)
শোষণ,शोषण
অনুসন্ধান,अन्वेषण
এক্সট্রুশন,एक्सट्र्यूजन
চোখ (সুগারকেন/আলু),डोळा (सुगेरकेन/बटाटा)
ভোজ্য পাইন,खाद्यतेल पाइन
"হাতি পা, ইয়াম","हत्ती पाय, याम"
ইউক্যালিপটাস,निलगिरी
কেঁচো,गांडूळ
এনটমোলজিস্ট,कीटकशास्त्रज्ञ
পরিবেশবাদী,पर्यावरणवादी
ফ্যাক্টর,घटक
ফ্যাক্টর উত্পাদনশীলতা,घटक उत्पादकता
ফ্যাক্টরেজ,फॅक्टरेज
ফ্যাক্টরিয়াল ব্লক ডিজাইন,फॅक्टोरियल ब्लॉक डिझाइन
ফ্যাক্টেটিভ,शिक्षक
পতন,पडझड
পরিবার,कुटुंब
খামার মূল্যায়ন,शेती मूल्यांकन
খামার বাজেট,शेती बजेट
খামার ব্যবসা,शेती व्यवसाय
খামার পরিকল্পনা,शेती नियोजन
কৃষক,शेतकरी
কৃষিকাজ,शेती
ফ্যাসিয়েশন,Fasciaction
ফেকান্ডেশন,Fecundation
গাঁজন,किण्वन
উর্বরতা,सुपीकता
সার,खत
সার ব্যবহারের দক্ষতা,खताची कार्यक्षमता वापरा
তন্তু,तंतुमय
ক্ষেত্র,फील्ड
ক্ষেত্রের ক্ষমতা,फील्ड क्षमता
ক্ষেত্র প্রদর্শন,फील्ड प्रात्यक्षिक
স্থিরকরণ,निर्धारण
বন্যা,पूर
প্রবাহ চিত্র,प्रवाह चित्र
খাদ্য মান,अन्न मूल्य
ঘাস (পশুর),चारा (चारा)
পূর্বাভাস,अंदाज
বন। জংগল,वन
বনাঞ্চল,वनीकरण
ফ্রন্ড,फ्रॉन्ड
ফ্রস্ট প্রতিরোধী,फ्रॉस्ट प्रतिरोधक
ফ্রস্ট,दंव
হিমায়িত (ফল ও উদ্ভিজ্জ),गोठलेले (फळ आणि भाजी)
ফলস্বরূপ,फ्रुकिफिकेशन
ফল ড্রপ,फळ थेंब
ফল-সেট (ফল সেটিং),फळ-सेट (फळांची सेटिंग)
ধোঁয়াশা,धूर
ছত্রাকনাশক,बुरशीनाशक
ছত্রাকজনিত,बुरशीवादी
ছত্রাক,बुरशीचे
ফুরো,Furo
একীকরণ,फ्यूजन
ফুজ,अस्पष्ट
অস্পষ্ট,अस्पष्ट
"মৌরি, অ্যানিস","एका जातीची बडीशेप, बडीशेप"
ফেনুগ্রেক,मेथी
ডুমুর,अंजीर
আঙুলের বাজরা,बोटा बाजरी
ফায়ার-ফ্লেমে বুশ,अग्निशामक बुश
বনের শিখা,जंगलाची ज्योत
ফরাসি শিম,फ्रेंच बीन
ফ্লা,पिसू
ফক্স,कोल्हा
ফলের মাছি,फळ माशी
গল (হর্ট),पित्त (हॉर्ट)
গেমেট,गेमेट
বাগান,बाग
গেজ (জল),गेज (पाणी)
জিন ব্যাংক,जीन बँक
জিন ট্যাগিং,जीन टॅगिंग
জিনোলজি,जीनोलॉजी
জেনেটিক মানচিত্র,अनुवांशिक नकाशा
জেনেটিক্স,अनुवांशिक
জিনোম,जीनोम
জিনোমিক লাইব্রেরি,जीनोमिक लायब्ररी
জিনোমিক্স,जीनोमिक्स
জিনোটাইপ,जीनोटाइप
জিনোটাইপ,जीनोटाइप
জেনাস,वंश
জেনাস,वंश
জীবাণু,अंकुर
জীবাণু,जंतुनाशक
অঙ্কুরোদগম,उगवण
জীবাণু,जर्मप्लाझम
গিব্বেরেলিক অ্যাসিড,गिब्बरेलिक acid सिड
জিনিং,जिनिंग
গ্লুম,ग्लूम
আঠালো,ग्लूटीनस
গ্লাইকোলাইসিস,ग्लायकोलिसिस
Gneiss,Gneiss
সোনার বিপ্লব,सुवर्ण क्रांती
গ্রেডিং,ग्रेडिंग
গ্রাফ্টেড উদ্ভিদ,कलम केलेला वनस्पती
গ্রাফ্ট-ইনমপ্যাটেবল,कलम-विसंगत
গ্রান্না,ग्रॅना
গ্রানুলেশন,ग्रॅन्युलेशन
সবুজ সার,ग्रीन खत
সবুজ বিপ্লব,हरित क्रांती
বৃদ্ধি এবং উন্নয়ন,वाढ आणि विकास
গুমোসিস,गमोसिस
Gynodioecious,गायनोडिओसियस
গল বাদাম,पित्त नट
রসুন,लसूण
জেরবেরা,गर्बेरा
ঘেরকিন,Gherkin
আদা,आले
গ্ল্যাডিওলাস,ग्लॅडिओलस
ছাগলের আগাছা (আগেরেটাম),बकरी तण (एजराटम)
আঙ্গুর,द्राक्षफळ
আঙ্গুর,द्राक्षे
সবুজ ছোলা,हिरवा हरभरा
গ্রুইয়া,ग्रेव्हिया
চিনাবাদাম,शेंगदाणे
পেয়ারা,पेरू
গিনি ঘাস,गिनिया गवत
গ্যাল মিড,पित्त मिज
ঘাস হপার,गवत हॉपर
গুন্ডি বাগ,Gondhy बग
অভ্যাস,सवय
শিলাবৃষ্টি,गारा
হেয়ারভেচ,केशरचना
হ্যালোফাইট,हॅलोफाइट
হ্যারো,हॅरो
ফসল সূচক,कापणी निर्देशांक
ফসল,कापणी
ফসল কাটা,कापणी
হ্যাচ,हॅच
খড়,गवत
হেইলজ,गवत
হেইস্টক,गवत
ধোঁয়াশা,धुके
আড়ম্বরপূর্ণ,हेझी
মাথা (কৃষি),प्रमुख (कृषी)
মাথা (চ্যানেলের),प्रमुख (चॅनेलचे)
পিছনে মাথা,मागे जात आहे
হেজ,हेज
হেজিং,हेजिंग
হেলিক্স,हेलिक्स
হেমাটাইট,हेमॅटाइट
ভেষজ,औषधी वनस्पती
হার্বেরিয়াম,हर्बेरियम
হার্বিসাইড,औषधी वनस्पती
বংশগততা,आनुवंशिकता
হেরেটিবিলিটি,आत्मीयता
হার্মাফ্রোডাইট,हर्माफ्रोडाइट
হিটারোক্রোমেটিক,हेटरोक्रोमॅटिक
হেটেরোফেরটিলাইজেশন,हेटरोफर्टिलायझेशन
হিটারোসিস,हेटरोसिस
হেটেরোসোম,हेटरोसोम
হিটারোট্রফ,हेटरोट्रोफ
হেক্সাপ্লয়েড,हेक्साप्लोइड
হাইবারনেট,हायबरनेट
উচ্চ ঘনত্ব রোপণ,उच्च घनतेची लागवड
পাহাড় (চাল),हिल (तांदूळ)
হিস্টোগ্রাম,हिस्टोग्राम
হিটেক হর্টিকালচার,हिटेक फलोत्पादन
মুরগি,पोळे
হোয়িং,होईंग
ধারণ,होल्डिंग
হোম ফার্ম,होम फार्म
হোমিওস্টেসিস,होमिओस्टॅसिस
হোমস্টেড,होमस्टीड
সমজাতীয়তা,एकसंधपणा
সমজাতীয়,एकसंध
হোমোলজাস,होमोलोगस
হোমোজাইগোট,होमोझीगोटे
হপার,हॉपर
দিগন্ত,होरायझन
উদ্যানতাত্ত্বিক ফসল,बागायती पिके
উদ্যানতত্ত্ব,बागायती
হর্টি-সিলভি যাজকীয় কৃষিকাজ,हॉर्टी-सिल्वी खेडूत शेती
হোস্ট,होस्ट
গরম জল চিকিত্সা,गरम पाण्याचे उपचार
হাল,हुल
আর্দ্রতা,आर्द्रता
হুমাস,बुरशी
হুস্ক,भुंगा
হকার,हस्कर
হুংস,हस्किंग
হাইব্রিড,संकरित
সংকরকরণ,संकरीत
হাইড্রেশন,हायड्रेशन
জলবিদ্যুৎ,हायड्रोलॉजी
হাইড্রোলাইসিস,हायड्रोलिसिस
হাইড্রোমিটার,हायड्रोमीटर
হাইড্রোফিলাস,हायड्रोफिलस
জলবিদ্যুৎ,हायड्रोपोनिक्स
হাইড্রোস্ফিয়ার,हायड्रोस्फीअर
হাইড্রোস্কোপিসিটি,हायड्रोस्कोपीसीटी
হাইপারপ্যারাসাইট,हायपरपॅरासाइट
হাইপারপ্লাজিয়া,हायपरप्लासिया
হাইফা,हायफा
হাইপোকোটাইল,हायपोकोटाइल
হাইপোথিসিস,हायपोथेसिस
হিস্টেরেসিস (জল),हिस्टेरिसिस (पाणी)
হ্যাজেল বাদাম,हेझेल नट
শিং,भांग
হেনবেন,हेनबेन
হেনা,मेंदी
হিবিস্কাস,हिबिस्कस
খোঁড়ান,हॉप
ঘোড়া গ্রাম,घोडा हरभरा
হর্স-আই-শিম,घोडा-डोळा-बीन
মৌমাছি,मधमाशी
হপার,हॉपर
উদ্যানতত্ত্ববিদ,बागायती
হাইড্রোলজিস্ট,हायड्रोलॉजिस्ट
সিটু গ্রাফটিংয়ে,सिटू ग्राफ्टिंग मध्ये
ভিট্রোতে,ग्लासमध्ये
ভিভোতে,व्हिव्हो मध्ये
নির্বিচারে,अंदाधुंदी
পোকামাকড়,कीटक
কীটপতঙ্গ,कीटक कीटक
পোকামাকড়,कीटक
কীটনাশক,कीटकनाशक
পোকামাকড়,कीटकनाशक
ইনসোলেশন,इन्सोलेशन
অদৃশ্য,अघुलनशील
ইনস্টর (পোকামাকড়),इन्स्टार (कीटक)
ইনসুলেটর,इन्सुलेटर
ইন্টিগ্রেটেড ডিজিজ ম্যানেজমেন্ট,एकात्मिक रोग व्यवस्थापन
সংহত পুষ্টি ব্যবস্থাপনা,एकात्मिक पोषक व्यवस्थापन
সমন্বিত বালাই ব্যবস্থাপনা,एकात्मिक कीटक व्यवस्थापन
তীব্রতা,तीव्रता
নিবিড়,गहन
ইন্টারক্রপ,इंटरपॉप
আন্তঃসংশ্লিষ্টতা (আন্তঃবিজ্ঞান),परस्परसंवाद (परस्परसंवाद)
স্বার্থ,व्याज
ইন্টারনোড,इंटर्नोड
ইন্টারফেজ (সেল বিভাগ),इंटरफेस (सेल विभाग)
ইন্টারপোলেশন,इंटरपोलेशन
আন্তঃমুখী,आंतर-वृद्ध
ইনভেন্টরি,यादी
বিপর্যয়,उलटा
জড়িত,Incocre
আয়ন,आयन
ইরেডিয়েশন,इरिडिएशन
সেচ,सिंचन
আইএসও অ্যালিলস,आयएसओ les लेल्स
আইএসও পণ্য বক্ররেখা,आयएसओ उत्पादन वक्र
আইসোবার,आयसोबार
আইসোগামি,Isogamy
বিচ্ছিন্নতা দূরত্ব,अलगाव अंतर
আইসোপ্লয়েড,आयसोप्लॉइड
আইসোক্যান্ট,आयसोक्वांट
আইসোটোপ,समस्थानिक
ভারতীয় বার্চ,भारतीय बर्च
ইন্ডিয়ান ব্লু পাইন,भारतीय निळा पाइन
ভারতীয় চেরি,भारतीय चेरी
ভারতীয় জুনিপার,भारतीय जुनिपर
ভারতীয় কিনো গাছ,भारतीय किनो वृक्ष
ভারতীয় লরাল ট্রি,भारतीय लॉरल ट्री
ভারতীয় ম্যাডার,भारतीय वेडा
ভারতীয় ম্যাডলার,भारतीय मॅडलर
ইন্ডিয়ান পোডো ফিলাম,भारतीय पोडो फिलम
নীল,इंडिगो
ইতালিয়ান বাজরা,इटालियन बाजरी
আইভরি গাছ,आयव्हरी ट्री
আইভী লাউ/লিটল লাউ,आयव्ही गॉर्ड/लिटल लबाडी
গুড়,गूळ
জাপোনিকা রাইস,जपोनिका तांदूळ
জ্যাসিড,जॅसिड
জাভানিকা রাইস,जावानिका तांदूळ
জেলিং,जेलिंग
ঝুম চাষ,झूम शेती
জাম্পিং জিন,जंपिंग जीन
জাঙ্ক ডিএনএ,जंक डीएनए
কিশোর পর্ব,किशोर टप्पा
জ্যাকারান্ডা,जकारांडा
জ্যাকফ্রুট,फणस
জামুন,जामुन
জুঁই,चमेली
জাট্টি খট্টি,जट्टी खट्टी
জ্যাটট্রোফা,जॅट्रोफा
পাট,Jute
জ্যাসিডস,जॅसिड्स
কওলিন,काओलिन
কওলিনাইট,Kaolinite
কওলিনাইট,Kaolinite
ক্যারিঞ্চাইমা,कॅरीन्चीमा
ক্যারিওডেসমা,Karyodesma
ক্যারিওগামি,Karyogamy
ক্যারিওগ্রাম (আইডিওগ্রাম),कॅरोग्राम (इडिओग्राम)
ক্যারিওকাইনেসিস,Karyokinesis
ক্যারোলজি,कॅरोलॉजी
ক্যারিওলাইসিস,कॅरोलिसिस
ক্যারিওন,कॅरियन
ক্যারিওটাইপ,कॅरिओटाइप
কেল্প (শেত্তলা),केल्प (एकपेशीय वनस्पती)
কেলভিন চক্র,केल्विन सायकल
কেরাটিন,केराटिन
কার্নেল,कर्नल
খাইরা রোগ,खैरा रोग
খরিফ,खरीफ
দুষ্টুমি,विनोद
কিনেটোচোর,किनेटोचोर
বাগানের,किचन गार्डन
ক্লেইনফিল্টার সিনড্রোম,क्लेनफिल्टर सिंड्रोम
ক্লেনো খণ্ড,क्लेनो फ्रॅगमेंट
গিঁটিং,नॉचिंग
কোচের পোস্টুলেট,कोचचे पोस्ट्युलेट
কোপ্পেনের শ্রেণিবিন্যাস (জলবায়ু),कोप्पेनचे वर्गीकरण (हवामान)
ক্রেবস চক্র,क्रेब्स सायकल
কুর্তোসিস,कुर्टोसिस
কেভিকে (কৃষ্ণ ভিগায়ান কেন্দ্র),केव्हीके (कृषी विगीयन केंद्र)
কাদম,कडम
কালে,काळे
ক্যানস ঘাস,कॅन्स गवत
করোন্ডা,कारोंडा
"কিডনি বিন, রাজমাহ","मूत्रपिंड बीन, राजमाह"
কিউইফ্রিউট,किविफ्रीट
নোল খোল,नोल खोल
কোডাম্পুলি,कोडाम्पुली
কোডো মিললেট,कोडो बाजरी
কোকাম মাখন গাছ (ম্যাঙ্গোস্টিন),कोकम बटर ट्री (मॅंगोस्टीन)
খাপ্রো বিটল,खाप्रा बीटल
এল.ডি .50 (মারাত্মক ডোজ 50),एल.डी. 50 (प्राणघातक डोस 50)
অবতরণ করতে ল্যাব,लॅब टू लँड
লেবেল,लेबल
শ্রম,श्रम
ল্যাক অপেরন মডেল,लाख ऑपेरॉन मॉडेल
স্তন্যদান,स्तनपान
ল্যাকটোজেনিক হরমোন (প্রোল্যাকটিন),दुग्धशर्करा
ল্যাকটোজ,दुग्धशर्करा
পিছিয়ে থাকা স্ট্র্যান্ড,लॅगिंग स्ट्रँड
ল্যাম্বদা ক্লোনিং ভেক্টর,लॅम्बडा क्लोनिंग वेक्टर
ফলকিত বায়ু প্রবাহ,लॅमिनेर एअर प्रवाह
ল্যাম্প ব্রাশ ক্রোমোজোম,दिवा ब्रश गुणसूत्र
জমি,जमीन
ভূমি সক্ষমতা শ্রেণিবিন্যাস,जमीन क्षमता वर्गीकरण
ভূমি সক্ষমতা মানচিত্র,जमीन क्षमता नकाशा
ভূমি অবক্ষয়,जमीन अधोगती
ভূমি সমতুল্য অনুপাত,जमीन समकक्ष प्रमाण
জমি সমতলকরণ,जमीन समतल
জমি উদ্ধার,जमीन पुनर्प्राप्ती
ল্যান্ডস্কেপিং,लँडस्केपींग
জমির উপযুক্ততা,जमीन योग्यता
ভূমি ব্যবহারের প্যাটার্ন,जमीन वापर नमुना
ল্যাঙ্গারহান্স সেল,लॅन्जरहन्स पेशी
ভ্রষ্টতা হার,लॅप्स रेट
লার্ভা,अळ्या
বিলম্ব,विलंब
সুপ্ত,सुप्त
সুপ্ত সংক্রমণ,सुप्त संक्रमण
পার্শ্বীয়,बाजूकडील
লেটারাইট মাটি,नंतरच्या माती
ল্যাটেক্স,लेटेक्स
ল্যাথাইরিজম,लॅथिरिझम
ল্যাটিন স্কয়ার ডিজাইন (এলএসডি),लॅटिन स्क्वेअर डिझाइन (एलएसडी)
জাল,जाळी
সমন্বিত সুবিধার আইন,तडजोडीच्या फायद्याचा कायदा
ধ্রুবক রিটার্ন আইন,निरंतर परतावा कायदा
হ্রাসের আইন,क्षीण परतावा कायदा
ক্রমবর্ধমান retuns আইন,वाढत्या रीटन्सचा कायदा
সীমাবদ্ধ কারণগুলির আইন,मर्यादित घटकांचा कायदा
সর্বনিম্ন আইন,किमान कायदा
প্রতিস্থাপন আইন,प्रतिस्थापनाचा कायदा
পরিবর্তনশীল অনুপাত,चल प्रमाणात कायदा
স্তর,थर
বিন্যাস,लेआउट
লিচেট,लीचेट
ফাঁস দক্ষতা,लीचिंग कार्यक्षमता
ফাঁস প্রয়োজনীয়তা,लीचिंग आवश्यकता
শীর্ষস্থানীয় স্ট্র্যান্ড,अग्रगण्य स्ट्रँड
পাতার ক্ষেত্রের সময়কাল,पानांचे क्षेत्र कालावधी
গাছের পাতা সূচক এলাকা,लीफ एरिया इंडेक्स
পাতার অঞ্চল অনুপাত,लीफ एरिया रेशो
পাতা খনিজ,लीफ खाण कामगार
পাতা পরীক্ষা,लीफ टेस्टिंग
পাতা,पान
লিফলেট,पत्रक
ইজারা,लीज
শিম,शेंगा
লিসা - (কম শক্তি ইনপুট টেকসই কৃষি),लीसा - (कमी उर्जा इनपुट टिकाऊ शेती)
লেন্টিসেল,लेन्टिसेल
লেন্টো কৈশিক পয়েন্ট,लेन्टो केशिका बिंदू
লেপটোনেমা,लेपटोनमा
লেপটোস্পিরোসিস,लेप्टोस्पायरोसिस
লিরো-মরফিক,लेरो-मॉर्फिक
ক্ষত,घाव
মারাত্মক রূপান্তর,प्राणघातक उत्परिवर्तन
লিউকোপ্লাস্ট,ल्युकोप्लास्ट
স্তর টেরেস,स्तरीय टेरेस
লেভেলার (লেভেলার),लेव्हलर (लेव्हलर)
সমতলকরণ (জমির),समतल (जमीन)
লে ফার্মিং,ले शेती
ন্যূনতম লাইবিগের আইন,लिबिगचा किमान कायदा
লিগেশন,बंधन
হালকা ক্ষতিপূরণ পয়েন্ট,हलकी भरपाई बिंदू
হালকা স্যাচুরেশন তীব্রতা,हलकी संपृक्तता तीव्रता
হালকা সংক্রমণ অনুপাত,प्रकाश ट्रान्समिशन रेशो
হালকা ফাঁদ,हलका सापळा
লিমিং,मर्यादा
সীমাবদ্ধতা,मर्यादा
সীমাবদ্ধ ফ্যাক্টর,मर्यादित घटक
লিমোনাইট,लिमोनाइट
লাইন,ओळ
লিনিয়ার প্রতিক্রিয়া,रेखीय प्रतिसाद
লিঙ্কেজ,दुवा
লিঙ্কেজ গ্রুপ,दुवा गट
লিঙ্কার,लिंकर
লিন্ট সূচক,लिंट इंडेक्स
লিন্টার,लाइन्टर्स
লিপিড,लिपिड
লাইপোলাইসিস,लिपोलिसिस
তরলকরণ,लिक्विडेशन
লিস্টার,लिस्टर
লিস্টার,लिस्टर
তালিকা,सूची
লিথোস্ফিয়ার,लिथोस्फीयर
লিটার,कचरा
লাইভ মালচেস,लाइव्ह मल्च
লিভারওয়ার্ট,लिव्हरवॉर्ट
পশুসম্পত্তি,पशुधन
স্থানীয় নিয়ন্ত্রণ,स्थानिक नियंत्रण
লোকস,लोकस
পঙ্গপাল,टोळ
লজিং (ফসল লজিং),लॉजिंग (पीक निवास)
লডিকুল,Lodicule
লোস,लोस
লোগারথিমিক রূপান্তর,लॉगरथिमिक ट्रान्सफॉर्मेशन
দীর্ঘ - দিনের উদ্ভিদ,लांब -दिवस वनस्पती
দীর্ঘ তরঙ্গ বিকিরণ,लाँग वेव्ह रेडिएशन
লুপ,लूप
লোপিং,लोपिंग
কাঠ,लाकूड
লাক্স,लक्स
বিলাসবহুল খরচ (পুষ্টি),लक्झरी वापर (पोषक)
বিলাসবহুল জিন,लक्झरी जीन्स
লাইকোপেন,लाइकोपीन
লিম্ফ,लिम्फ
লাইসিমিটার,लायसिमीटर
কোষের লিসিস,सेलचे लिसिस
লাইসোজিনি,लायझोनी
লাইসোসোম,लायसोसोम
লাইসোজাইম,लायझोझाइम
লক্ষ গাছ,लाख वृक्ष
লক্ষ,लाख
"লেডির আঙুল, ওকরা","बाईची बोट, भेंडी"
ল্যান্ড ক্যালট্রপস,लँड कॅलट्रॉप्स
ল্যান্টানা,लँटाना
ল্যাথিরাস,लॅथिरस
পেঁয়াজ,लीक
লেবু ঘাস,गवती चहा
লেবু,लिंबू
মসুর ডাল,मसूर
লকুরিস,लेक्वोरिस
লেটুস,कोशिंबिरीसाठी वापरण्यात येणारा एक पाला व त्याचे झाड
লিলি,कमळ
চুন,चुना
তিসি,अलसी
লিচি,लिची
ছোট বাজরা,लहान बाजरी
দীর্ঘ তরমুজ,लांब खरबूज
দীর্ঘ মরিচ,लांब मिरपूड
লোকাট,Loquat
পদ্ম,कमळ
Lurcerne,Lurcerne
লক্ষ পোকামাকড়,लाख कीटक
লেডি বার্ড বিটল,लेडी बर्ड बीटल
পাতা খনিজ,लीफ खाण कामगार
পাতা রোলার,लीफ रोलर
পাতার ওয়েবার,लीफ वेबर
পঙ্গপাল,टोळ
ম্যাক্রো বিবর্তন,मॅक्रो इव्होल्यूशन
ম্যাক্রোক্লিমেট,मॅक्रोक्लीमेट
ম্যাক্রোমোলিকুল,मॅक्रोमोलिक्यूल
ম্যাক্রোমুটেশন,मॅक्रोमेशन
ম্যাক্রোনিউট্রিয়েন্ট,मॅक्रोन्यूट्रिएंट
ম্যাক্রোপোরস,मॅक्रोपोरेस
ম্যাগগট,मॅगगॉट
ম্যাগমা,मॅग्मा
ম্যাগনেসিয়া,मॅग्नेशिया
ম্যাগনেসিয়াম,मॅग्नेशियम
চৌম্বক আন্দোলক,चुंबकीय स्टिरर
মাত্রা,परिमाण
মহুয়া কেক,महुआ केक
রক্ষণাবেক্ষণ লাইন,देखभालकर्ता ओळ
রক্ষণাবেক্ষণ,देखभाल
ভুট্টা শেলার,मका शेलर
পুরুষ জীবাণুমুক্ত,नर निर्जंतुकीकरण
ত্রুটি,विकृती
ম্যালিগেন্সি,विकृती
অপুষ্টি,कुपोषण
অসৎ আচরণ,गैरवर्तन
ম্যাল্টিং,माल्टिंग
ম্যানেজার,व्यवस्थापक
ম্যানগ্রোভ,खारफुटी
ম্যানোমিটার,मॅनोमीटर
ম্যানোমিটার,मॅनोमीटर
মন্টিসা (লোগারিদমের),मॅन्टिसा (लॉगरिदमचा)
সার,खत
সার,खनिज
প্রান্তিক,सीमान्त
প্রান্তিক ব্যয়,सीमान्त खर्च
প্রান্তিক জমি,सीमान्त जमीन
প্রান্তিক পণ্য,सीमान्त उत्पादन
প্রান্তিক রিটার্ন,सीमान्त परतावा
সামুদ্রিক,सागरी
চিহ্নিতকারী (জেনেটিক),मार्कर (अनुवांशिक)
বাজার,बाजार
বিপণনযোগ্য,विक्रेता
বিপণনযোগ্য উদ্বৃত্ত,विक्रेता अधिशेष
বিপণন উদ্বৃত্ত,विपणन अधिशेष
বিপণন,विपणन
মার্শ,मार्श
ভর প্রবাহ,मोठा प्रवाह
গণ নির্বাচন,वस्तुमान निवड
ভর স্পেকট্রমিটার,मास-स्पेक्ट्रोमीटर
মাস্ট,मास्ट
মাতৃ উত্তরাধিকার,मातृ वारसा
সঙ্গম,वीण
ম্যাট্রিক সম্ভাবনা,मॅट्रिक क्षमता
পরিপক্কতা,परिपक्वता
পরিপক্কতা (ফসল),परिपक्वता (पीक)
সর্বাধিক উপলব্ধ জল,जास्तीत जास्त उपलब्ध पाणी
সর্বাধিক ফসল,जास्तीत जास्त पीक
সর্বাধিক অবশিষ্টাংশ সীমা,जास्तीत जास्त अवशेष मर्यादा
সর্বাধিক টেকসই ফলন,जास्तीत जास्त टिकाऊ उत्पन्न
সর্বাধিক থার্মোমিটার,जास्तीत जास्त थर्मामीटर
সর্বাধিক জল ধারণ ক্ষমতা,जास्तीत जास्त पाणी धारण करण्याची क्षमता
Medow orpharding,कुरण बाग
Meyly,मीली
বিচ্যুতি,म्हणजे विचलन
গড় জীবন (পারমাণবিক),म्हणजे जीवन (अणु)
সমুদ্র স্তর গড়,म्हणजे समुद्राची पातळी
বর্গ মানে,सरासरी चौकोन
পরিমাপ করা,उपाय
মাপা,मोजमाप
যান্ত্রিক,यांत्रिक
যান্ত্রিক বিশ্লেষণ (মাটি),यांत्रिक विश्लेषण (माती)
যান্ত্রিক প্রতিবন্ধকতা,यांत्रिक प्रतिबिंब
যান্ত্রিক কৃষক,यांत्रिकी शेती
মধ্যমা,मध्यम
Medic ষধি উদ্ভিদ,औषधी वनस्पती
ভূমধ্যসাগরীয় জলবায়ু,भूमध्य हवामान
মেগাগামেটোজেনেসিস,मेगागॅमेटोजेनेसिस
মেগাস্পোরঙ্গিয়া,मेगास्पोरंगिया
মেগস্পোর (ম্যাক্রোস্পোর),मेगासपोर (मॅक्रोस्पोर)
মেগাস্পোরোজেনেসিস,मेगास्पोरोजेनेसिस
মায়োসিস,मेयोसिस
মৃদু মাটি,मधुर माती
ডিএনএর গলে,डीएनए वितळविणे
ঝিল্লি ফিল্টার,पडदा फिल्टर
মেন্ডেলিয়ান উত্তরাধিকার,मेंडेलियन वारसा
মেন্ডেলিজম,मेंडेलिझम
মেন্ডেলের উত্তরাধিকার আইন,मेंडेलचा वारसा कायदा
পণ্যদ্রব্য,व्यापारी
বুধ,बुध
মেরিস্টেম,मेरिस्टेम
মেসোক্লিমেট,मेसोक्लीमेट
মেসোডার্ম,मेसोडर्म
মেসোফিল,मेसोफिल
মেসোফাইট,मेसोफाइट
মেসো-ছিদ্র,मेसो-पोर्स
মেসোস্ফিয়ার,मेसोस्फीअर
ম্যাসেঞ্জার আরএনএ (এম-আরএনএ),मेसेंजर आरएनए (एम-आरएनए)
বিপাক,चयापचय
বিপাক,चयापचय
ধাতব বাঁধ,धातू धरण
রূপান্তরিত শিলা,मेटामॉर्फिक खडक
রূপান্তর,मेटामॉर्फोसिस
মেটাফেজ,मेटाफेस
মেটাস্ট্রাস,मेटास्ट्रस
মেটাক্সেনিয়া,मेटाक्सेनिया
আবহাওয়া,हवामानशास्त्र
Methaemoglobineamia,मेथेमोग्लोबिनेमिया
পদ্ধতি প্রদর্শন,पद्धत प्रात्यक्षिक
মিকা,मीका
মাইক্রো বেসিন,मायक्रो बेसिन
মাইক্রো ফাউনা,सूक्ष्म प्राणी
মাইক্রোব,सूक्ष्मजंतू
মাইক্রোবিয়াল বায়োমাস কার্বন,मायक्रोबियल बायोमास कार्बन
মাইক্রোবিয়াল অবক্ষয়,मायक्रोबियल डीग्रेडेशन
মাইক্রোবায়াল কীটনাশক,सूक्ष्मजीव कीटकनाशक
মাইক্রোবায়োলজি,मायक्रोबायोलॉजी
মাইক্রোবায়োটিক,मायक्रोबायोटिक
মাইক্রোক্লিমেট,मायक्रोक्लीमेट
মাইক্রোএনভায়রনমেন্ট,मायक्रोइन्वायरनमेंट
মাইক্রোফ্লোরা,मायक्रोफ्लोरा
মাইক্রোগামেটোজেনেসিস,मायक्रोगामेटोजेनेसिस
মাইক্রোইরিগেশন,सूक्ष्मकरण
মাইক্রোমিটোরোলজি,मायक्रोमेटोरोलॉजी
মাইক্রোনিউট্রিয়েন্ট,मायक्रोन्यूट्रिएंट
মাইক্রোপ্লট,मायक्रोप्लॉट
মাইক্রোপোর,मायक्रोपोर
মাইক্রোপাইল,मायक्रोपाईल
মাইক্রোস্কোপি,मायक्रोस्कोपी
মাইক্রোস্পোরাঙ্গিয়াম,मायक्रोस्पोरॅंगियम
মাইক্রোস্পোর সংস্কৃতি,मायक्रोस्पोर संस्कृती
মাইক্রোস্পোর মাদার সেল,मायक्रोस्पोर मदर सेल
মাইক্রোস্পোর,मायक्रोस्पोर
মাইক্রোটোম,मायक्रोटोम
মাইক্রোটোপোগ্রাফি,मायक्रोटोपोग्राफी
মিড-সিজন সংশোধন,मध्य-हंगाम दुरुस्ती
স্থানান্তর,स्थलांतर
দুধের শস্য মঞ্চ,दूध धान्य स्टेज
মিলেপেড,मिलपीड
মিল্টস,बाजरी
মিলিং পুনরুদ্ধার,मिलिंग पुनर्प्राप्ती
মিলিং,मिलिंग
খনিজ পুষ্টি,खनिज पोषण
খনিজ মাটি,खनिज माती
খনিজকরণ,खनिजकरण
খনিজ,खनिज
সর্বনিম্ন থার্মোমিটার,किमान थर्मामीटर
ন্যূনতম জমায়েত,किमान नांगरलेली जमीन
গৌণ ফসল,किरकोळ पिके
মিওটিক সূচক,मिओटिक इंडेक्स
মিসেন্স মিউটেশন,मिसन्स उत्परिवर्तन
কুয়াশা সেচ,धुके सिंचन
কুয়াশা,धुके
মাইটোকন্ড্রিয়া,माइटोकॉन्ड्रिया
মাইটোসিস,माइटोसिस
মিতসেরলিচের আইন,मित्स्चरलिचचा कायदा
মিশ্র ফসল,मिश्रित पीक
মিশ্র কৃষিকাজ,मिश्र शेती
মিশ্র সার,मिश्रित खत
মিশ্র চারণ,मिश्र चरणे
মিশ্রিত sward,मिश्रित स्वार्ड
মডেল,मॉडेल
মডেলিং,मॉडेलिंग
পরিবর্তিত বায়ুমণ্ডল প্যাকেজিং,सुधारित वातावरण पॅकेजिंग
আর্দ্রতা উপলভ্যতা সূচক,ओलावा उपलब्धता निर्देशांक
আর্দ্রতা ঘাটতি সূচক,ओलावा तूट निर्देशांक
আর্দ্রতা সমতুল্য,ओलावा समतुल्य
আর্দ্রতা ব্যবস্থা,ओलावा शासन
আর্দ্রতা রিলিজ বক্ররেখা,ओलावा रीलिझ वक्र
আর্দ্রতা ধরে রাখা,ओलावा धारणा
আর্দ্রতা চাপ,ओलावा ताण
আর্দ্রতা উত্তেজনা,ओलावा तणाव
আর্দ্রতা,ओलावा
মোলার সলিউশন,मोलर सोल्यूशन
গুড়,गुळ
তিল নিকাশী,तीळ ड्रेनेज
আণবিক জীববিজ্ঞান,आण्विक जीवशास्त्र
আণবিক প্রজনন,आण्विक प्रजनन
আণবিক সংকরকরণ,आण्विक संकरीत
মল্লস্কাইসাইড,मोलस्किसाईड
আর্থিক সুবিধা সূচক (এমওয়াই),आर्थिक लाभ निर्देशांक (एमएआय)
মনোক্লোনাল অ্যান্টিবডি,मोनोक्लोनल अँटीबॉडी
একরঙা,मोनोकोटायलेडन्स
মনোক্রপ (একরঙা),मोनोक्रॉप (मोनोकल्चर)
মনোইসিয়াস,मोनोएसियस
মনোজেনেসিস,मोनोजेनेसिस
মনোহাইব্রিড,मोनोहायब्रिड
মনোজাইগোটিক,मोनोझिगोटिक
বর্ষা,मॉन्सून
মন্টমরিলোনাইট,मॉन्टमोरिलोनाइट
মুর,मूर
মোর,मोर
মরগান ইউনিট,मॉर्गन युनिट
মরফোজেনেসিস,मॉर्फोजेनेसिस
রূপচর্চা অভিযোজন,मॉर्फोलॉजिकल रुपांतर
রূপচর্চা,मॉर्फोलॉजी
বন্ধক,गहाण
মটল,मोटल
মটলিং,चिखल
ছাঁচ,मूस
Multing,Multing
Ound িবি সংস্কৃতি,मॉंड संस्कृती
Ound িবি লেয়ারিং,मॉंड लेयरिंग
মাওয়ার,मॉवर
কাঁচা,Mowing
মিউকিলেজ,म्यूसीलेज
গোটা মাটি,मक माती
কর্দমাক্ত,चिखल
মাফল,मफल
মালচ চাষ,गवत शेती
মুলচ টিলাজ,तणाचा वापर ओले गवत
মুলচ,गवत
মালচিং,मल्चिंग
মুল,मुल
মাল্টি স্টোর ক্রপিং,बहु -मजली ​​पीक
একাধিক পারস্পরিক সম্পর্ক,एकाधिक परस्परसंबंध
একাধিক ফসল,एकाधिक पीक
একাধিক ক্রপিং সূচক,एकाधिक क्रॉपिंग इंडेक्स
একাধিক ক্রস,एकाधिक क्रॉस
একাধিক প্রতিরোধ,एकाधिक प्रतिकार
মাল্টিভারিয়েট,मल्टिव्हिएट
মাল্টিজিগোটিক,मल्टीझिगोटिक
মমিফিকেশন,Mummification
মমিফাইড ফল,मुम्मीफाइड फळ
মাস্কোভাইট,मस्कोवाइट
মাশরুম,मशरूम
মিউটেজেন,म्युटागेन
মিউট্যান্ট,उत्परिवर्तन
মিউটেশন,उत्परिवर्तन
পারস্পরিক বাধা,परस्पर प्रतिबंध
পারস্পরিকতা,परस्परवाद
মাইসেলিয়াম,मायसेलियम
মাইকোলজি,मायकोलॉजी
মাইকোপ্লাজমা,मायकोप्लाझ्मा
মাইকোররিজা,मायकोरिझा
গদি,गदा
মাদার,मदार
মাধুকা,मधुका
ভুট্টা,मका
মাখানা,मखाना
ম্যান্ডারিন,मंदारिन
আমের জিঞ্জার,आंबा झिंगर
আমের,आंबा
"মার্গোসা, নিম","मार्गोसा, कडुनिंब"
মেরিগোল্ড,झेंडू
ম্যাস্টিক ট্রি,मॅस्टिक ट्री
মেরিল,मेरिल
মেস্তা,मेस्ता
পুদিনা,पुदीना
মলুচা বিন,मोलुका बीन
বানর জ্যাক,माकड जॅक
সজনে,मोरिंगा
সকালের গ্লোরি (কনভলভুলাস),सकाळचे वैभव (कॉन्वॉल्व्हुलस)
মোসম্বি,मोसंबी
মথ বিন,मॉथ बीन
তুঁত,तुती
মাশরুম,मशरूम
কস্তুরী তরমুজ,कस्तुरी खरबूज
কস্তুরী,कस्तुरी
সরিষা,मोहरी
মার্টল,मर्टल
ম্যাপিয়ার ঘাস,मॅपियर गवत
ফ্যাকাশে ছারপোকা,मीली बग
মিজ,मिज
মাইটস,माइट्स
বানর,माकड
মশা,डास
মথ,मॉथ
আবহাওয়াবিদ,हवामानशास्त्रज्ञ
মাইক্রোবায়োলজিস্ট,मायक्रोबायोलॉजिस्ट
মাইকোলজিস্ট,मायकोलॉजिस्ट
ন্যানো টেকনোলজি,नॅनोटेक्नॉलॉजी
নেপিফর্ম,नेपिफॉर्म
মাদক,मादक
Nstic আন্দোলন,नॅस्टिक चळवळ
জাতীয় বিক্ষোভ,राष्ट्रीय प्रात्यक्षिक
জাতীয়করণ (জমির),राष्ट्रीयीकरण (जमीन)
প্রাকৃতিক,नैसर्गिक
প্রাকৃতিক ক্ষয়,नैसर्गिक इरोशन
প্রাকৃতিক কৃষিকাজ,नैसर्गिक शेती
প্রাকৃতিক সম্পদ,नैसर्गिक संसाधने
প্রাকৃতিক নির্বাচন,नैसर्गिक निवड
প্রাকৃতিক উদ্ভিদ,नैसर्गिक वनस्पती
ঘাড় (হর্ট),मान (हॉर्ट)
নেক্রোসিস,नेक्रोसिस
অমৃত,अमृत
নেতিবাচক অ্যালোলোপ্যাথি,नकारात्मक le लेलोपॅथी
নেমেটিকাইড,नेमाटाइड
নেমাটোড প্রতিরোধী রুটস্টক,नेमाटोड प्रतिरोधक रूटस्टॉक
নেমাটোলজি,नेमाटोलॉजी
নিউটেনি,निओटेनी
নেট আক্রমণের হার (এনএআর),निव्वळ आत्मसात दर (एनएआर)
নেট লাভ,निव्वळ फायदा
নিট আয় (খামার আয়),निव्वळ उत्पन्न (शेती उत्पन्न)
নেট সেচের প্রয়োজনীয়তা,निव्वळ सिंचनाची आवश्यकता
নেট উত্পাদনশীলতা,निव्वळ उत्पादकता
নেট রিটার্ন,निव्वळ परतावा
জাল,नेटिंग
নিউরন,मज्जातंतू
নিরপেক্ষ,तटस्थ
নিরপেক্ষতা,तटस्थता
নিরপেক্ষকরণ,तटस्थीकरण
নিরপেক্ষ মাটি,तटस्थ माती
নিউট্রন আর্দ্রতা মিটার,न्यूट्रॉन ओलावा मीटर
কুলুঙ্গি,कोनाडा
নিকোটিন,निकोटीन
রাতের মাটি,रात्रीची माती
নাইট্রেট সংমিশ্রণ,नायट्रेट आत्मसात
নাইট্রেট হ্রাস,नायट्रेट कपात
নাইট্রেট বিষাক্ততা,नायट्रेट विषाक्तता
নাইট্রে,नायट्रे
নাইট্রিফিকেশন ইনহিবিটার,नायट्रीफिकेशन इनहिबिटर
নাইট্রোজেন সংমিশ্রণ,नायट्रोजन आत्मसात
নাইট্রোজেন চক্র,नायट्रोजन चक्र
নাইট্রোজেনের ঘাটতি,नायट्रोजनची कमतरता
নাইট্রোজেন স্থায়ীকরণ,नायट्रोजन फिक्सेशन
নাইট্রোজেনাস,नायट्रोजनस
নোবিলাইজেশন,नोबिलायझेशन
নোবেল বেত,उदात्त छडी
নিশাচর,रात्री
নোড,नोड
নোডুলেটেড উদ্ভিদ,नोड्युलेटेड वनस्पती
নোডুলেশন,नोड्युलेशन
নোডুল,नोड्यूल
যাযাবর,भटक्या विमुक्त
নামকরণ,नामांकन
অ্যালালিক,नॉन le लिक
নন কৈশিক ছিদ্র,नॉन केशिका छिद्र
প্রতিযোগী ফসল,प्रतिस्पर्धी पीक
বাজে কথা,मूर्खपणाचे उत्परिवर्तन
অ -তাৎপর্যপূর্ণ,महत्त्वपूर्ण नाही
অ-অ্যাসিড গঠন সার,नॉन-एसीड फॉर्मिंग खत
অ-কনজুগেশন,नॉन-कंजुगेशन
নন-ডেস্ক্রিপ্ট (প্রাণী),नॉन-डिस्क्रिप्ट (प्राणी)
অপ্রয়োজনীয় উপাদান,अनावश्यक घटक
অ-সমজাতীয়,नॉन-होमोजेनस
নন-হোমোলজাস,नॉन-होमोलॉजी
নন-মেরু যৌগ,नॉन-ध्रुवीय कंपाऊंड
পুনর্নবীকরণযোগ্য শক্তি,नूतनीकरणयोग्य उर्जा
অ-নির্বাচিত যোগাযোগ হার্বাইসাইড,नॉन-निवडक संपर्क हर्बिसाईड
অ-নির্বাচনী ভেষজনাশক,निवडक नसलेली औषधी वनस्पती
অ-সিম্বিওটিক নাইট্রোজেন স্থিরকরণ,नॉन-सिम्बायोटिक नायट्रोजन फिक्सेशन
স্বাভাবিক বন্টন,सामान्य वितरण
সাধারণ চারা,सामान्य रोपे
সাধারণ সমাধান,सामान्य उपाय
স্বাভাবিককরণ,सामान्यीकरण
উত্তর ব্লটিং,उत्तर ब्लॉटिंग
লক্ষণীয় রোগ,सूचित रोग
কোন টিল রোপণ,नो-टू-लागवड
ক্ষতিকারক আগাছা,हानिकारक तण
পারমাণবিক চৌম্বক,विभक्त चुंबकीय
নিউক্লিয়াস অ্যাসিড,न्यूक्लिय acid सिड
নিউক্লোব্যাক্টর,न्यूक्लियोबॅक्टर
নিউক্লিওলাস,न्यूक्लियोलस
নিউক্লিওটাইড,न्यूक्लियोटाइड
নিউক্লিয়াস,न्यूक्लियस
নাল হাইপোথিসিস,शून्य गृहीतक
নুলিসমিক,न्युलिसोमिक
নাল-মিউটেশন,शून्य-मस्त
নার্স সেল,नर्स सेल
নার্স ফসল,नर्स पीक
নার্সারি,रोपवाटीका
বাদাম,नट
পুষ্টিকর সাইক্লিং,पौष्टिक सायकलिंग
পুষ্টির ঘাটতির লক্ষণ,पौष्टिक कमतरतेची लक्षणे
পুষ্টি,पोषण
পুষ্টির মান,पौष्टिक मूल्य
পুষ্টিকর মান সূচক,पौष्टिक मूल्य निर्देशांक
কৃষি সম্পর্কিত গুরুত্বপূর্ণ উদ্ভিদের নাম,शेतीशी संबंधित महत्त्वपूर्ण वनस्पतींची नावे
নাগাই কর্পূর,नागाई कापूर
নারকিসাস,नार्सिसस
কালোজিরা,निगेला
নাইজার,नायजर
নাইট জেসমিন,रात्री चमेली
নিপা পাম,निपा पाम
বাদাম ঘাস,नट गवत
বাদাম সেজ,नट झुडूप
জায়ফল,जायफळ
নেমাটোড,नेमाटोड
বাদাম Weevil,नट भुंगा
নেমাটোলজিস্ট,नेमाटोलॉजिस्ट
বাধ্যতামূলক বায়ব,बंधनकारक एरोब
বাধ্য করুন অ্যানেরোবস,अनारॉब्स बंधनकारक
বাধ্যতামূলক পরজীবী,परजीवी बंधनकारक
বাধ্যতামূলক,बंधनकारक
অফ-টাইপ গাছপালা,ऑफ-टाइप झाडे
তেল কেক,तेल केक
ওকাজাকি খণ্ড,ओकाझाकी तुकडा
ওলারিকালচার,Oleructurt
অলিগোজিন,ऑलिगोजेन
অলিগনুক্লিওটাইড,ऑलिगोन्यूक्लियोटाइड
জলপাই তেল,ऑलिव तेल
ওমেগা -3-ফ্যাটি অ্যাসিড,ओमेगा -3-फॅटी acid सिड
সর্বজনীন,सर्वव्यापी
অনকোজিন,ऑन्कोजेन
অনকোজেনিক ভাইরাস,ऑन्कोजेनिक विषाणू
অনকোলজি,ऑन्कोलॉजी
অন-ফার্ম গবেষণা,शेती संशोधन
ওসাইটি,ओओसाइट
পরিচালনা খরচ,ऑपरेटिंग किंमत
অপেরন,ओपेरॉन
সুযোগ ফসল,संधी पीक
সর্বোত্তম ডোজ,इष्टतम डोस
সর্বোত্তম অর্থনৈতিক ডোজ,इष्टतम आर्थिक डोस
বাগানের দক্ষতা,फळबागाची कार्यक्षमता
জৈব কৃষি,सेंद्रिय शेती
জৈব কলয়েডস,सेंद्रिय कोलोइड्स
জৈব চাষ,सेंद्रिय शेती
জৈব সার,सेंद्रिय खत
জৈবপদার্থ,सेंद्रिय पदार्थ
জৈব নাইট্রোজেন (মাটি),सेंद्रिय नायट्रोजन (माती)
জৈব ফসফরাস,सेंद्रिय फॉस्फरस
জৈব মাটি,सेंद्रिय माती
জৈব বর্জ্য,सेंद्रिय कचरा
জৈব,सेंद्रिय
সংগঠিত বিপণন,संघटित विपणन
অর্গোজেনেসিস,ऑर्गोजेनेसिस
অর্গানোলেপটিক মূল্যায়ন,ऑर्गेनोलेप्टिक मूल्यांकन
অর্নিনথোলজি,ऑर्नेथोलॉजी
গোঁড়া বীজ,ऑर्थोडॉक्स बियाणे
অরথোগোনাল বহুবর্ষ সমীকরণ,ऑर्थोगोनल बहुपद समीकरण
অসমোসিস,ऑस्मोसिस
অসমোটিক প্রভাব,ओस्मोटिक प्रभाव
অসমোটিক সম্ভাবনা,ओस्मोटिक संभाव्यता
প্রাদুর্ভাব,उद्रेक
প্রজনন আউট,बाहेर प्रजनन
চুলা,ओव्हन
ওভারউইন্টার,ओव्हरविंटर
ওভারল্যাপিং প্রজন্ম,आच्छादित पिढी
ডিম্বাশয়,ओव्हम
জারণ,ऑक्सिडेशन
অক্সিলোফাইটস,ऑक्सिलोफाईट्स
ওটস,ओट्स
তেল করতল,तेल पाम
ওলিয়েন্ডার,ओलेंदर
জলপাই,ऑलिव्ह
পেঁয়াজ,कांदा
আফিম,अफू खसखस
"প্রাচ্য বিমান, ইউরোপীয় বিমান গাছ","ओरिएंटल विमान, युरोपियन विमान वृक्ष"
মোড়ক,पॅकिंग
প্যাডক,पॅडॉक
জোড় সারি রোপণ,जोडी पंक्ती लावणी
স্বচ্ছলতা,स्वादिष्टता
প্যানিকেল,पॅनिकल
প্যারাসেন্ট্রিক ইনভার্সন,पॅरासेंट्रिक इनव्हर्जन
প্যারামিটার,पॅरामीटर
পরজীবী,परजीवी
পার্বিলিং,पार्बिलिंग
পেরেনচাইমা,पॅरेन्कायमा
অভিভাবক শিলা,पालक रॉक
পারমানেন্ট খরা,परमाणु दुष्काळ
পার্থেনোজেনেসিস,पार्थेनोजेनेसिस
আংশিক ফ্যাক্টর উত্পাদনশীলতা,आंशिक घटक उत्पादकता
অংশগ্রহণমূলক গ্রামীণ মূল্যায়ন,सहभागी ग्रामीण मूल्यांकन
কণা ঘনত্ব,कण घनता
প্যাসিভ শোষণ,निष्क्रिय शोषण
চারণভূমি,कुरण
চারণভূমি,कुरण
পিসিআর (পলিমারেজ চেইন প্রতিক্রিয়া),पीसीआर (पॉलिमरेज चेन रिएक्शन)
কৃষক কৃষিকাজ,शेतकरी शेती
পিট (মাটি),पीट (माती)
পেড,पेड
পেডিসেল,पेडीकल
বংশধর,वंशावळ
পেডোজেনেসিস,पेडोजेनेसिस
পেডোলজি,पेडोलॉजी
খোসা,सोल
খোসা ছাড়ছে,सोलणे
পেলিটিং,पेलेटिंग
পারকোলেশন,पाझर
বহুবর্ষজীবী,बारमाही
পেরিকেন্ট্রিক ইনভার্সন,पेरीसेंट्रिक इनव्हर्जन
পেরি-আরবান,पेरी-शहरी
ব্যাপ্তিযোগ্যতা,पारगम्यता
পারম্যাকালচার,पर्माकल्चर
স্থায়ী উইল্টিং পয়েন্ট (পিডব্লিউপি),कायमस्वरुपी विल्टिंग पॉईंट (पीडब्ल्यूपी)
দায়িত্বশীল সহগ,परवानगी गुणांक
ব্যাপ্তিযোগ্যতা হার,पारगम्यता दर
পারমিটার,परमममीटर
অবিরাম ভেষজনাশক,सतत औषधी वनस्पती
কীটনাশক,कीटकनाशक
পেট্রোফাইট,पेट्रोफाइट
ফেজ,फेज
পর্যায়ক্রমে রোপণ,टप्प्याटप्प्याने लागवड
ফ্যাসমিড,Phasmid
ফেলোজেন,फेलोजेन
ফেনলিক যৌগিক,फिनोलिक संयुगे
ফেনোলজি,फेनोलॉजी
ফেনোটাইপ,फेनोटाइप
ফেরোমোন,फेरोमोन
Phloem,फ्लोम
ফসফেট স্থিরকরণ,फॉस्फेट फिक्सेशन
ফসফেট রক,फॉस्फेट रॉक
ফসফেট দ্রবণীয়করণ,फॉस्फेट विद्रव्य
ফসফেট দ্রবীভূতকরণ,फॉस्फेट विद्रव्य
ফসফেটাইড,फॉस्फेटाइड
ফসফো-জিপসাম,फॉस्फो-जिप्सम
ফসফোলিপিড,फॉस्फोलिपिड
ফসফোরিলেশন,फॉस्फोरिलेशन
ফটো স্পেকট্রোমিটার,फोटो स्पेक्ट्रोमीटर
ফটোআউটোট্রফ,फोटोआटोट्रोफ
ফটোচোমিকাল বিক্রিয়া,फोटोकॉमिकल प्रतिक्रिया
ফটোডেসেমপজিশন,फोटोडसॅम्पोजिशन
ফটোমেট্রি,फोटोमेट्री
ফটোমোরফোজেনেসিস,फोटोमॉर्फोजेनेसिस
ফোটন,फोटॉन
ফটো-জারণ,फोटो-ऑक्सिडेशन
ফোটোপিরিওড,फोटोपेरिओड
ফোটোপারিওডিজম,फोटोपेरिओडिझम
ফটোফসফোরিলেশন,फोटोफोस्फोरिलेशन
Photoreactivation,फोटोरिएक्टिव्हिटी
ফটোরিসেপ্টর,फोटोरसेप्टर
ফটোরস্পিরেশন,फोटोरस्पिरेशन
সালোকসংশ্লেষণ,प्रकाशसंश्लेषण
সালোকসংশ্লিষ্ট দক্ষতা,प्रकाशसंश्लेषक कार्यक्षमता
সালোকসংশ্লিষ্ট কোয়েটেন্ট,प्रकाशसंश्लेषक quotent
সালোকসংশ্লিষ্টভাবে,प्रकाशसंश्लेषण
ফটোট্রোপিজম,फोटोट्रोपिझम
ফিলোডি,फिलॉडी
ফিলোট্যাক্সি,फिलोटॅक्सी
শারীরিক আবহাওয়া,शारीरिक हवामान
শারীরবৃত্তীয় ব্যাধি,शारीरिक विकृती
শারীরবৃত্তীয় খরা,शारीरिक दुष्काळ
শারীরবৃত্তীয় ক্ষতি,शारीरिक तोटा
শারীরবৃত্তীয় পরিপক্কতা,शारीरिक परिपक्वता
ফাইটোক্রোম,फायटोक्रोम
ফাইটেক্সট্রাকশন,फायटोएक्सट्रॅक्शन
ফাইটোমাস,फायटोमास
ফাইটোনম্যাটোড,फायटोनमॅटोड
ফাইটোরিমেডিয়েশন,फायटोरमेडिएशन
ফাইটোসিডারোফোর,फायटोसिडोफोर
ফাইটোটক্সিক,फायटोटॉक्सिक
ফাইটোট্রন,फायटोट्रॉन
চিত্রগ্রন্থ,चित्र
পাই ডায়াগ্রাম,पाई आकृती
পাইজোমিটার,पायझोमीटर
কলস চাষ,पिचर शेती
স্থান নির্ধারণ (সার),प्लेसमेंट (खत)
প্লাসেন্টা,प्लेसेंटा
প্ল্যাঙ্কিং,फळी
উদ্ভিদ প্রজনন,वनस्पती प्रजनन
উদ্ভিদ ঘনত্ব,वनस्पतीची घनता
উদ্ভিদ বাস্তুশাস্ত্র,वनस्पती पर्यावरणशास्त्र
উদ্ভিদ বৃদ্ধি প্রবর্তক,वनस्पती वाढीचा प्रवर्तक
উদ্ভিদ বৃদ্ধি নিয়ন্ত্রক,वनस्पती वाढीचे नियामक
উদ্ভিদ ভূমিকা,वनस्पती परिचय
উদ্ভিদ পুষ্টি,पोषक वनस्पती
উদ্ভিদ পুষ্টি,वनस्पती पोषण
উদ্ভিদ পৃথকীকরণ নিয়ন্ত্রণ,वनस्पती अलग ठेवणे नियमन
উদ্ভিদ টিস্যু পরীক্ষা,वनस्पती ऊतक चाचणी
বৃক্ষরোপণ ফসল,वृक्षारोपण पिके
রোপনকারী,लागवड करणारा
রোপণ উপাদান,लागवड सामग्री
রোপণ অনুপাত,लागवड प्रमाण
প্লাজমা,प्लाझ्मा
প্লাজমা মেমব্রেমে,प्लाझ्मा झिल्ली
প্লাজমিড,प्लाझ्मिड
প্লাজমোডেসমাটা,प्लाझमोड्समॅटा
প্লাজমোলাইসিস,प्लाझमोलिसिस
প্লাস্টিকতা,प्लॅस्टीसीटी
প্লাস্টিকচার,प्लॅस्टिकल्चर
প্লাস্টিড,प्लास्टीड
প্লিওট্রপিক জিন,प्लीओट्रॉपिक जनुक
প্লট (পরীক্ষামূলক),कथानक (प्रायोगिक)
লাঙ্গল,नांगर
প্লাও-সোল,नांगर-सोल
প্লাও-সোল প্লেসমেন্ট,नांगर-सोल प्लेसमेंट
প্লুভিয়াল ভাত জমি,Pluvial तांदूळ जमीन
প্লুভিক,Pluvic
বায়ুসংক্রান্ত স্প্রেয়ার,वायवीय फवारणी
নিউমোটোফোর,न्यूमेटोफोर
পডজল মাটি,पॉडझोल माती
পডজোলাইজেশন,पॉडझोलायझेशन
পয়েন্ট মিউটেশন,पॉईंट उत्परिवर्तन
পোইসন বিতরণ,पोसन वितरण
পরাগরেেটর,परागकण
পলিম্ব্রি,पॉलिब्रोनी
পলিমারাইজেশন,पॉलिमरायझेशन
পলিমারফিজম,पॉलीमॉर्फिझम
পলিস্পার্মি,पॉलीस्पर्मी
পলিটেন ক্রোমোজোম,पॉलिटीन गुणसूत्र
পোমোলজি,पोमोलॉजी
জনসংখ্যা,लोकसंख्या
পোরোসিটি (ছিদ্র-স্থান),पोर्सिटी (पोअर-स्पेस)
উত্তরোত্তর পোস্ট,उदयोन्मुख
ফসল পোস্ট,कापणीनंतर
ফসল কাটার পরে চাষ,कापणीनंतरची नांगरलेली जमीन
পটাসিয়াম শোষণ অনুপাত,पोटॅशियम शोषण प्रमाण
পটাসিয়াম স্থিরকরণ,पोटॅशियम फिक्सेशन
সম্ভাব্য অম্লতা,संभाव्य आंबटपणा
সম্ভাব্য ফসল ফলন,संभाव्य पीक उत्पन्न
সম্ভাব্য বাষ্পীভবন,संभाव्य बाष्पीभवन
সম্ভাব্য বাষ্পীভবন,संभाव्य बाष्पीभवन
হাঁস -মুরগির চাষ,पोल्ट्री शेती
প্রেরি,प्रेरी
প্রাক-বিয়ারিং পিরিয়ড,प्री-बेअरिंग कालावधी
বৃষ্টিপাতের পরিমাণ,पर्जन्यवृष्टी
নির্ভুল চাষ,अचूक शेती
যথার্থ কৃষি,अचूक शेती
শিকারী,शिकारी
প্রাক-উদাসীনতা,पूर्व-उदय
প্রাক-উদাসীনতা চিকিত্সা,पूर्व-उदय उपचार
প্রিপ্লান্টিং চিকিত্সা,प्रीप्लांटिंग ट्रीटमेंट
প্রেসমুড,प्रेसमुड
চাপ নতিমাত্র,दबाव ग्रेडियंट
মূল্য স্থিতিস্থাপকতা,किंमत लवचिकता
মূল্য তালিকা,किंमत निर्देशांक
প্রাথমিক সংস্কৃতি,प्राथमिक संस्कृती
প্রাথমিক বৃদ্ধি,प्राथमिक वाढ
প্রাথমিক চাষ,प्राथमिक नांगरलेली जमीन
প্রাইমার,प्राइमर
প্রাইমিং (তামাক),प्राइमिंग (तंबाखू)
আদিম পর্যায়,आदिम स्टेज
প্রিওন,Prion
সম্ভাবনা,संभाव्यता
ক্ষত পরীক্ষা করা,चौकशी
সমস্যা মাটি,समस्या माती
প্রক্রিয়াজাতকরণ,प्रक्रिया
উতপাদন কার্যক্রম,उत्पादन कार्य
প্রমোদ,उत्पादकता
লাভ,नफा
বংশধর-পরীক্ষা,वंश-चाचणी
প্রগতিশীল কৃষক,पुरोगामी शेतकरी
প্রকল্প মূল্যায়ন,प्रकल्प मूल्यांकन
প্রোকারিয়োট,प्रोकेरिओट
প্রচারক,प्रवर्तक
প্রফিল্যাকটিক স্প্রে,प्रोफेलेक्टिक स्प्रे
মালিকানা চাষ,मालकीची लागवड
প্রোটেনড্রস,प्रख्यात
প্রোটিন,प्रथिने
প্রোটিন ইঞ্জিনিয়ারিং,प्रथिने अभियांत्रिकी
প্রোটিন সিকোয়েন্সিং,प्रथिने अनुक्रम
প্রোটিন সংশ্লেষণ,प्रथिने संश्लेषण
প্রোটোমিক্স,प्रोटीमिक्स
প্রোটোগিনি,प्रोटोगनी
প্রোটোপ্লাজম,प्रोटोप्लाझम
প্রোটোট্রফ,प्रोटोट्रोफ
প্রুসিক অ্যাসিড (এইচসিএন/ধুরিন),प्रुसिक acid सिड (एचसीएन/धुरिन)
সিউডোলেল,स्यूडोलेले
সিউডোহেরমাফ্রোডাইট,स्यूडोहरमाफ्रोडाइट
সাইকোমিটার,सायक्रोमीटर
পুডল,खड्डे
দু: খিত মাটি,मातीची माती
পুডলিং,पुडलिंग
পাল্পিং,पल्पिंग
নাড়ি বীজ,नाडी बियाणे
পালভারাইজেশন,पल्व्हरायझेशन
পালভারাইজেশন (মাটি),पल्व्हरायझेशन (माती)
তীব্র,तीक्ष्ण
খাঁটি সংস্কৃতি,शुद्ध संस्कृती
খাঁটি লাইন,शुद्ध ओळ
খাঁটি লাইন নির্বাচন,शुद्ध ओळ निवड
পুর্গেটিভ,शुद्ध
পরিশোধন,शुद्धीकरण
বিশুদ্ধতা পরীক্ষা,शुद्धता चाचणी
পাইরানোমিটার,पिरानोमीटर
পাইরেজোমিটার,पायरेजोमीटर
পাইরেহেলিওমিটার,पायरेहेलिओमीटर
ধান,भात
পামারোসা,पाल्मरोसा
পালমিরা পাম,पाल्मीरा पाम
পান্ডানাস,पांडानस
পেঁপে,पपई
প্যারা ঘাস,पॅरा गवत
পার্সলে,अजमोदा (ओवा)
"পার্থেনিয়াম, (কংগ্রেস গ্রাস)","पार्थेनियम, (कॉंग्रेस गवत)"
পাচৌলি,पॅचौली
পীচ,पीच
"ময়ূর ফুল, স্বর্গের ফুল","मयूर फ्लॉवर, नंदनवन फूल"
নাশপাতি,नाशपाती
মুক্তা বাজরা,मोती बाजरी
মটর,मटार
পিক্যান বাদাম,पेकन नट
পেনেল,पेनेल
পেপিনো,पेपिनो
মরিচ,मिरपूड
পেরিল্লা,पेरिल्ला
পেরিউইঙ্কল,पेरीविंकल
পার্সিমন,पर्सिमॉन
ফালসা,फला
অড়হর,कबूतर
পিম্পেরেল (আনাগালিস),पिंपेरनेल (अनागॅलिस)
পাইন,पाइन
আনারস,अननस
"পেস্তা, সবুজ বাদাম","पिस्ता, हिरवा बदाम"
বরই,मनुका
পয়েন্টযুক্ত লাউ,पॉइंट लबाडी
ডালিম,डाळिंब
পঙ্গম,पोंगम
পপলার,पोपलर
পপি,खसखस
পোর্টুলাকা,पोर्टुलाका
আলু,बटाटा
কাঁটা পোস্ত,काटेरी खसखस
"গর্বের ভারত, চীন গাছ","अभिमानाचा अभिमान, चीन ट्री"
প্রোসো মিললেট,प्रोसो बाजरी
সাইকেলিয়াম,सायलियम
পুলাসান,पुलासान
পামকিন,पमकिन
পামেলো,पम्मेलो
আঁকা বাগ,पेंट केलेले बग
টিয়া পাখি,पोपट
ময়ূর,मोर
পড বোরার,पॉड बोरर
পড ফ্লাই,पॉड फ्लाय
নাড়ি বিটল,नाडी बीटल
পাইরিলা,पायरिल्ला
প্যাথলজিস্ট,पॅथॉलॉजिस्ट
পেডোলজিস্ট,पेडोलॉजिस्ट
উদ্ভিদ ব্রিডার,वनस्पती ब्रीडर
উদ্ভিদ রোগ বিশেষজ্ঞ,वनस्पती पॅथॉलॉजिस्ट
উদ্ভিদ ফিজিওলজিস্ট,वनस्पती फिजिओलॉजिस्ट
পোমোলজিস্ট,पोमोलॉजिस्ट
প্রশ্ন 10,प्रश्न 10
কিউটিএল (পরিমাণগত বৈশিষ্ট্য লোকি),क्यूटीएल (परिमाणात्मक वैशिष्ट्ये लोकी)
চতুর্ভুজ,चतुष्पाद
চতুর্ভুজ প্রতিক্রিয়া,चतुर्भुज प्रतिसाद
চতুর্ভুজ ফসল,चौपट पीक
গুণগত উত্তরাধিকার,गुणात्मक वारसा
মানের বীজ,गुणवत्ता बियाणे
পরিমাণগত জেনেটিক্স,परिमाणवाचक अनुवंशशास्त्र
পরিমাণগত উত্তরাধিকার,परिमाणवाचक वारसा
কোয়ান্টাম বীজ,क्वांटम बियाणे
পৃথকীকরণ,विलग्नवास
পৃথকীকরণ কীটপতঙ্গ,अलग ठेवणे कीटक
কোয়ার্টজ,क्वार्ट्ज
দ্রুত পরীক্ষা,द्रुत चाचणी
নিরবতা,शांतता
কুইসেন্ট সেন্টার,क्विसेन्ट सेंटर
কোয়েল,लहान पक्षी
রাণী মৌমাছি,राणी माशी
R মান,आर मूल्य
রবি (শীত) ফসল,रबी (हिवाळा) पीक
রেসমে,रेसिम
বিকিরণ,रेडिएशन
র‌্যাডিকাল,रेडिकल
তেজস্ক্রিয়তা,रेडिओएक्टिव्हिटी
রেডিওবায়োলজি,रेडिओबायोलॉजी
রেডিওমুনো অ্যাস,रेडिओमुनो परख
রেডিওআইসোটোপ,रेडिओसोटोप
বৃষ্টির ফসল,पावसाचे पाणी कापणी
রেইনবো বিপ্লব,इंद्रधनुष्य क्रांती
বৃষ্টিপাত,पाऊस
বৃষ্টি,रेनफेड
বৃষ্টি-গেজ,पर्जन्यामापक
বর্ষাকাল,पावसाळ्याचा हंगाम
উত্থিত বিছানা,बेड उंच
রাঞ্চিং,रॅन्चिंग
Rancidy,खवटपणा
এলোমেলোভাবে প্রশস্ত পলিমারফিক,यादृच्छिक एम्प्लिफाइड पॉलिमॉर्फिक
এলোমেলো সাধারন,यादृच्छिक नमुना
র্যান্ডমাইজেশন,यादृच्छिकरण
এলোমেলোভাবে ব্লক ডিজাইন,यादृच्छिक ब्लॉक डिझाइन
পরিসীমা (পরিসংখ্যান),श्रेणी (आकडेवारी)
রেঞ্জল্যান্ড,रेंजलँड
পরিসীমা পরিচালনা,श्रेणी व्यवस्थापन
দ্রুত গ্রামীণ মূল্যায়ন (আরআরএ),वेगवान ग्रामीण मूल्यांकन (आरआरए)
রেশন,रेशन
রতুন,रेटून
রেটুন ক্রপিং,रॅटून पीक
রিপার,रेपर
Recalcitrant বীজ,Recalcitrant बियाणे
মন্দা চাষ,मंदी शेती
মন্দা পর্ব,मंदीचा टप्पा
বিরল,Recasive
রিচার্জ,रिचार्ज
পারস্পরিক জিন,परस्पर जीन्स
পুনরুদ্ধার জমি,पुन्हा हक्क सांगितलेली जमीन
রিকম্বিন্যান্ট,रिकॉम्बिनेंट
রিকম্বিন্যান্ট ডিএনএ প্রযুক্তি,रिकॉम्बिनेंट डीएनए तंत्रज्ञान
পুনঃসংযোগ,पुनर्संचय
পুনঃনির্মাণ,Recon
পুনর্বিবেচনা জরিপ,जादू सर्वेक्षण
পুনরাবৃত্ত পিতামাতা,वारंवार पालक
পুনর্ব্যবহারযোগ্য বর্জ্য,पुनर्वापरयोग्य कचरा
লাল শৈবাল,लाल एकपेशीय वनस्पती
লাল ডেটা বই,लाल डेटा बुक
লাল মাটি,लाल माती
অক্সিডাইজেশান ও সংকোচনের ক্ষমতা,रेडॉक्स संभाव्यता
হ্রাস নমুনা,नमुना कमी केला
হ্রাস চাষ,नांगरलेली जमीन कमी केली
চিনি কমানো,साखर कमी करणे
হ্রাস,कपात
রেফারেন্স ফসল,संदर्भ पीक
প্রতিবিম্ব সহগ,प्रतिबिंब गुणांक
প্রতিচ্ছবি,प्रतिबिंब
রিফ্লেক্সড স্ট্যামেন,प्रतिक्षिप्त पुंकेसर
প্রতিসরাঙ্ক,अपवर्तक सूचकांक
রিফ্র্যাক্টোমিটার,रेफ्रेक्टोमीटर
পুনর্জন্ম,पुनर्जन्म
নিবন্ধিত বীজ,नोंदणीकृत बियाणे
রেজোলিথ,रेगोलिथ
রিগ্রেশন,रीग्रेशन
রিগ্রেশন সহগ,रीग्रेशन गुणांक
নিয়ন্ত্রক জিন,नियामक जनुक
আপেক্ষিক শস্য-তীব্রতা সূচক,सापेक्ष पीक-तीव्रता निर्देशांक
আপেক্ষিক ভিড় সহগ (কে),सापेक्ष गर्दी गुणांक (के)
আপেক্ষিক বৃদ্ধির হার (আরজিআর),सापेक्ष वाढीचा दर (आरजीआर)
আপেক্ষিক আর্দ্রতা (আরএইচ),सापेक्ष आर्द्रता (आरएच)
আপেক্ষিক স্প্রেড সূচক,सापेक्ष प्रसार निर्देशांक
আপেক্ষিক জলের সামগ্রী,सापेक्ष पाण्याचे प्रमाण
আপেক্ষিক আগাছা,सापेक्ष तण
আপেক্ষিক ফলন সূচক,सापेक्ष उत्पन्न निर्देशांक
আপেক্ষিক ফলন মোট,सापेक्ष उत्पन्न एकूण
রিলে ক্রপিং,रिले पीक
স্বস্তি,मदत
রিমোট সেন্সিং,रिमोट सेन्सिंग
শক্তির পুনর্নবীকরণযোগ্য উত্স,उर्जेचे नूतनीकरणयोग्य स्त्रोत
সংস্কার,नूतनीकरण
বিদ্বেষপূর্ণ,रीफेलेंट
প্রতিলিপি কাঁটাচামচ,प्रतिकृती काटा
প্রতিলিপি,प्रतिकृती
রিপোর্টার জিন,रिपोर्टर जनुक
সারের অবশিষ্টাংশ,खताचा अवशिष्ट प्रभाव
সারের অবশিষ্টাংশ,खताचा अवशिष्ट प्रभाव
অবশিষ্ট সোডিয়াম কার্বনেট,अवशिष्ट सोडियम कार्बोनेट
অবশিষ্ট মাটির উর্বরতা,अवशिष्ट मातीची सुपीकता
অবশিষ্টাংশ,अवशेष
স্থিতিস্থাপকতা (ফসল),लवचिकता (पीक)
রিসোর্স-ব্যবহার সূচকগুলি (আরইউআই),संसाधनाचा वापर निर्देशांक (आरयूआय)
শ্বাস প্রশ্বাস কুইওটেন্ট,श्वसन शांत
শ্বাস প্রশ্বাসের রঙ্গক,श्वसन रंगद्रव्य
শ্বাস প্রশ্বাসের ভাগ,श्वसन भाग
প্রতিক্রিয়া বক্ররেখা,प्रतिसाद वक्र
প্রতিক্রিয়া,प्रतिसाद
পুনর্বাসন নিউক্লিয়াস,पुनर्वसन केंद्रक
পুনরুদ্ধারকারী লাইন,पुनर्संचयित ओळ
সীমাবদ্ধতা এনজাইম,निर्बंध सजीवांच्या शरीरात निर्मार्ण होणारे द्रव्य
সীমাবদ্ধতা খণ্ড,निर्बंध तुकडा
ফলাফল প্রদর্শন,परिणाम प्रात्यक्षिक
খুচরা বিক্রয়,किरकोळ विक्री
Retarder,Retarder
রেট্রোভাইরাস,रेट्रोव्हायरस
রিটেন,रीटिंग
রাজস্ব,महसूल
বিপরীত জেনেটিক্স,उलट अनुवंशशास्त्र
বিপরীত রূপান্তর,उलट उत्परिवर्तन
রাইজোব্যাকটিরিয়া (পিজিপিআর),राइझोबॅक्टेरिया (पीजीपीआर)
Rhizodeposition,Rhizodeposition
রিজয়েড,Rhizoid
রাইজোম,Rhizome
রাইজোস্ফিয়ার,Rhizosphere
রাইবোসোম,राइबोसोम
রিকেটসিয়া জীবের মতো,सजीवांसारखे रिकेट्सिया
রিজ প্রাক্তন (রাইডার),रिज माजी (रिडर)
রিজ রোপণ,रिज लागवड
রিজ টেরেস,रिज टेरेस
রিজ পর্যন্ত,रिज पर्यंत
রিল ক্ষয়,रिल इरोशन
ঝুঁকি,जोखीम
আরএনএ মই,आरएनए शिडी
রক,रॉक
দুর্বৃত্ত,नकली
দুর্বৃত্ত,Roguing
মূল ফসল,मूळ पीक
রুট এক্সিউডেটস,रूट एक्स्युडेट्स
রুট গল নেমাটোড,रूट पित्त नेमाटोड
মূল প্ররোচিত প্লাজমিড,रूट इंड्यूकिंग प्लाझमिड
রুট নোডুলস,रूट नोड्यूल
রুটস্টক,रूटस्टॉक
গোলাপের রোগ,रोसेट रोग
রোসেট পলিমব্রনি,रोसेट पॉलीमब्रोनी
রোসেট ভাইরাস,रोसेट व्हायरस
রোটারি টিলেজ,रोटरी नांगरलेली जमीन
ঘূর্ণন চারণ,रोटेशनल चरणे
রাউগেজ,रगेज
সারি ফসল,पंक्ती पिके
সারি ইন্টারক্রপিং,पंक्ती आंतरपीक
আরটিএস পানীয়,आरटीएस पेय
রানার,धावपटू
রান-অফ কৃষিকাজ,धावपळीची शेती
রান অফ,धावपळ
গ্রামীণ আঞ্চলিক ব্যাংক,ग्रामीण प्रादेशिक बँक
মূলা,मुळा
বৃষ্টি গাছ,पावसाचे झाड
কিসমিন,मनुका
রামবুটান,रामबुटन
রাঙ্গুন লতা,रंगून लता
র‌্যাপিড,बलात्कार
রাস্পবেরি,रास्पबेरी
ইঁদুর-লেজ মূলা,उंदीर-शेपटी मुळा
বেত,रतन
লাল সিডার (টুনা),लाल देवदार (टूना)
লাল ক্লোভার,लाल क्लोव्हर
লাল সিল্ক গাছ,लाल रेशीम झाड
রিড ঘাস,रीड गवत
রোডস ঘাস,रोड्स गवत
রোডোডেনড্রন,रोडोडेंड्रॉन
রুস,रुस
ভাত,तांदूळ
রিডজড লাউ,Ridged gurd
গোলাপ,गुलाब
গোলাপ বেরি,गुलाब बेरी
রোজমেরি,रोझमेरी
রাউন্ড লাউ,गोल घोळ
রাবার,रबर
ইঁদুর,उंदीर
লাল খেজুর উইভিল,लाल पाम भुंगा
লাল কুমড়ো বিটল,लाल भोपळा बीटल
গণ্ডার পোকা,गेंडा बीटल
ভাত Weevil,तांदूळ भुंगा
স্যালাইন ক্ষারীয় মাটি,खारट क्षार माती
লবণাক্ত মাটি,खारट माती
লবণাক্তকরণ,खारटपणा
লালা গ্রন্থি ক্রোমোজোম,लाळ ग्रंथी गुणसूत्र
লবণ,मीठ
লবণ-প্রভাবিত মাটি,मीठ-प्रभावित माती
লবণ সূচক,मीठ निर्देशांक
লবণের চাপ,मीठ तणाव
লবণ সহনশীলতা,मीठ सहिष्णुता
নমুনা,नमुना
নমুনা ত্রুটি,नमुना त्रुटी
স্যাম্পলিং ইউনিট,सॅम्पलिंग युनिट
নমুনা,नमुना
বালি,वाळू
স্যান্ডি ক্লে,वालुकामय चिकणमाती
স্যান্ডি লোম,वालुकामय चिकणमाती
বেলে মাটি,वालुकामय माती
এসএপি,एसएपी
চারা,रोपट्या
স্যাপোনিফিকেশন মান,Saponification मूल्य
স্যাটেলাইট ডিএনএ,उपग्रह डीएनए
স্যাটেলাইট আগাছা,उपग्रह तण
স্যাচুরেটেড বাষ্প চাপ,संतृप्त वाष्प दाब
সাভানা,सवाना
স্ক্যাফোল্ড প্রোটিন,स्कॅफोल्ड प्रोटीन
স্কেপ,बळी
স্কারিফিকেশন,स्कारिफिकेशन
স্কিয়ন,स्किओन
সাইফাইটস,सायोफाईट्स
মৌসুমী চক্র,हंगामी चक्र
মৌসুমী খরা,हंगामी दुष्काळ
মৌসুমী উদ্ভিদ,हंगामी वनस्पती
গৌণ বৃদ্ধি,दुय्यम वाढ
গৌণ উদ্ভিদ পুষ্টি,दुय्यम वनस्पती पोषक
গৌণ উত্পাদনশীলতা,दुय्यम उत्पादकता
মাধ্যমিক চাষ,दुय्यम नांगरलेली जमीन
শেড,Shedge
বীজ জন্মগ্রহণকারী ছত্রাক,बियाणे जन्मलेले बुरशीचे
বীজ শংসাপত্র,बियाणे प्रमाणपत्र
বীজ শক্ত করা,बियाणे कडक करणे
বীজ চিকিত্সা,बियाणे उपचार
বীজ-কাম-ফার্টিলাইজার ড্রিল,बियाणे-कम-फर्टिलिझर ड्रिल
চারা,बीपासून नुकतेच तयार झालेले रोप
সিপেজ,सीपेज
পৃথকীকরণ,विभाजन
নির্বাচনযোগ্য চিহ্নিতকারী,निवडण्यायोग्य मार्कर
নির্বাচন চাপ,निवड दबाव
নির্বাচনী ভেষজনাশক,निवडक औषधी वनस्पती
নির্বাচনী সূচক,सिलेक्टिव्हिटी इंडेक्स
স্ব সার,सेल्फ फर्टिलायझेशन
স্বনির্ভরতা,आत्मनिर्भरता
স্ব পাতলা ক্ষমতা,स्वत: ची पातळ क्षमता
স্ব-ফলস্বরূপ,स्वत: ची फळफळ
স্ব-অসম্পূর্ণতা,स्वत: ची विसंगतता
স্বার্থপর ডিএনএ,स्वार्थी डीएनए
আধা-শুকনো,अर्ध-रखरखीत
সংজ্ঞাবহ মূল্যায়ন,संवेदी मूल्यांकन
সিপাল,सेपल
অনুক্রমিক ক্রপিং,अनुक्रमिक पीक
সিরিয়াল হ্রাস,अनुक्रमांक
সেরিকালচার,सेरिकल्चर
সেরোলজি,सेरोलॉजी
সিরাম,सीरम
যৌন-সংকল্প,लैंगिक निर्णय
সেক্স-লিঙ্কেজ,लैंगिक संबंध
যৌন প্রচার,लैंगिक प्रसार
শীট ক্ষয়,पत्रक इरोशन
শেলিং,गोळीबार
আশ্রয় বেল্ট,निवारा पट्टा
স্বল্প দিনের উদ্ভিদ,शॉर्ट-डे प्लांट
স্বল্প-তরঙ্গ বিকিরণ,शॉर्ट-वेव्ह रेडिएशन
শাটল ভেক্টর,शटल वेक्टर
ভাইবোন,भावंड
সিকেল সেল অ্যানিমিয়া,सिकल सेल em नेमिया
সিগময়েড বক্ররেখা,सिग्मॉइड वक्र
সংকেত অনুমান,सिग्नल गृहीतक
তাত্পর্য পরীক্ষা,महत्त्व चाचणी
সিলেজ,साईलेज
সিলো,सिलो
পলি,गाळ
পলি দোআঁশ,गाळ चिकणमाती
সিলভিকালচার,सिल्व्हिकल्चर
ডুবে,बुडणे
ডুবে ক্ষমতা,सिंक क्षमता
বোন ক্রোমাটিড,बहीण क्रोमॅटिड
সাইট-নির্দিষ্ট পুষ্টিকর ব্যবস্থাপনা,साइट-विशिष्ट पोषक व्यवस्थापन
স্কিউ বিতরণ,Skewed वितरण
সারি রোপণ এড়িয়ে যান,पंक्ती लावणी वगळा
স্লাইম ছাঁচ,स्लाईम मोल्ड
ধীর মুক্তি সার,स्लो-रीलिझ खत
কর্দম,गाळ
স্লারি,स्लरी
স্মুথ ফসল,पीक धूसर
সামাজিক বনায়ন,सामाजिक वनीकरण
সোড সংস্কৃতি,एसओडी संस्कृती
সোড,सोड
সোডিক মাটি,सोडिक माती
সোডিয়াম শোষণ অনুপাত,सोडियम शोषण प्रमाण
সোডিয়াম পাম্প,सोडियम पंप
নরম-কাঠের গ্রাফটিং,मऊ-लाकूड कलम
মাটি আনুগত্য,मातीचे चिकट
মাটির বায়ুচালনা,माती वायुवीजन
মাটির সমষ্টি,माती एकत्रित
মাটির ক্ষারতা,माती क्षारता
মাটি সংশোধন,माती दुरुस्ती
মাটি বিশ্লেষণ,मातीचे विश्लेषण
মাটির জীববৈচিত্র্য,माती जैवविविधता
মাটি জীববিজ্ঞান,माती जीवशास्त्र
মাটির শ্রেণিবিন্যাস,मातीचे वर्गीकरण
মাটি কলয়েড,माती कोलोइड
মাটির সংযোগ,मातीचे कॉम्पॅक्शन
মাটি কন্ডিশনার,माती कंडिशनर
মাটি সংরক্ষণ,माती संवर्धन
মাটি ভূত্বক,मातीचे कवच
মাটির অবক্ষয়,मातीचे र्‍हास
মাটি ক্ষয়যোগ্যতা ফ্যাক্টর,माती इरोदिबिलिटी फॅक्टर
মাটির উর্বরতা,मातीची सुपीकता
মাটি জেনেসিস,माती उत्पत्ति
মাটির স্বাস্থ্য,मातीचे आरोग्य
মাটি দিগন্ত,मातीची क्षितिजे
মাটির ম্যাক্রোর্গানিজম,मातीची मॅक्रोऑर्जेनिझम
মাটি পরিচালনা,माती व्यवस्थापन
মাটির মাইক্রোবায়োলজি,माती सूक्ष्मजीवशास्त्र
মাটির অণুজীব,माती सूक्ष्मजीव
মাটির আর্দ্রতা ঘাটতি,माती ओलावा तूट
মাটি জৈব পদার্থ,माती सेंद्रिय पदार्थ
মাটি পোরোসিটি,माती पोर्सिटी
মাটির উত্পাদনশীলতা,मातीची उत्पादकता
মাটির প্রোফাইল,मातीचे प्रोफाइल
মাটির গুণমান,मातीची गुणवत्ता
মাটির প্রতিক্রিয়া,मातीची प्रतिक्रिया
মাটি প্রতিরোধ,मातीचा प्रतिकार
মাটির লবণাক্ততা,माती खारटपणा
মৃত্তিকা বিজ্ঞান,माती विज्ञान
মাটি অসুস্থতা,माती आजारपण
মাটি সিভিং,माती चाळणी
মাটি সমাধান,मातीचे समाधान
মাটি জীবাণুমুক্ত,माती निर्जंतुकीकरण
মাটির কাঠামো,मातीची रचना
মাটি সাসপেনশন,माती निलंबन
মাটি পরীক্ষা,मातीची चाचणी
মাটির টেক্সচার,मातीची पोत
মাটির জলের সম্ভাবনা,मातीची पाण्याची क्षमता
ভূগর্ভস্থ পানি,मातीचे पाणी
সৌর ধ্রুবক,सौर स्थिर
সৌর বিকিরণ,सौर विकिरण
সৌর বর্ণালী,सौर स्पेक्ट्रम
সোলারাইজেশন,सोलारायझेशन
একমাত্র ফসল,एकमेव पीक
দ্রবণীয় সোডিয়াম শতাংশ,विद्रव्य सोडियम टक्केवारी
দেহকোষ,सोमाटिक सेल
সোম্যাটিক ভ্রূণ,सोमाटिक गर्भ
সোম্যাটিক হাইব্রিডাইজেশন,सोमाटिक हायब्रीडायझेशन
জোরে আঘাত,ज्वारीची दुखापत
এসওএস জিন,एसओएस जनुक
দক্ষিণ ব্লটিং,दक्षिणी ब्लॉटिंग
ব্যবধান (উদ্ভিদ),अंतर (वनस्पती)
স্প্যাডিক্স,स्पॅडिक्स
স্পাথ,स्पॅथ
বিশেষ ব্যবস্থা,विशेष व्यवस्था
বিশেষ ফসল,विशेष पीक
বিশেষ কৃষক,विशेष शेती
প্রজাতি,प्रजाती
নির্দিষ্ট ফসলের তীব্রতা সূচক,विशिष्ट पीक तीव्रता निर्देशांक
আপেক্ষিক গুরুত্ব,विशिष्ट गुरुत्व
নির্দিষ্ট আর্দ্রতা,विशिष्ट आर्द्रता
নির্দিষ্ট পাতার অঞ্চল,विशिष्ट पानांचे क्षेत्र
স্পার্মাটোজেনেসিস,शुक्राणुजन्य रोग
এস-ফেজ,एस-फेज
স্পাইক,स्पाइक
স্পাইকলেট,स्पाइकलेट
স্পিন্ডল বুশ,स्पिंडल बुश
স্প্ল্যাশ ক্ষয়,स्प्लॅश इरोशन
স্প্লিকিং,स्प्लिंग
বিভক্ত অ্যাপ্লিকেশন,विभाजित अनुप्रयोग
বিভক্ত জিন,स्प्लिट जीन्स
স্প্লিট প্লট ডিজাইন,स्प्लिट प्लॉट डिझाइन
স্পঞ্জি টিস্যু,स्पंजयुक्त ऊतक
স্বতঃস্ফূর্ত মিউটেশন,उत्स्फूर्त उत्परिवर्तन
স্পোর,बीजाणू
স্প্রিংকলার সেচ,शिंपडा सिंचन
স্পুডিং,स्पूडिंग
স্পার,स्पर
স্পার বিয়ারিং,स्पूर बेअरिंग
স্কল,स्क्वॉल
স্থিতিশীল এজেন্ট,स्थिर एजंट
আদর্শ চ্যুতি,प्रमाणित विचलन
প্রধান ফসল,मुख्य पीक
কোডন শুরু করুন,कोडन प्रारंभ करा
স্টার্টার সলিউশন,स्टार्टर सोल्यूशन
স্টেম বোরার,स्टेम बोरर
স্টেম-এন্ড,स्टेम-एंड
স্টেনোস্পারমোকার্পি,स्टेनोस्पर्मोकार्पी
স্টেপ্প,स्टेप
জীবাণুমুক্তকরণ,निर्जंतुकीकरण
কলঙ্ক গ্রহণযোগ্যতা,कलंक रिसेप्टिव्हिटी
কলঙ্ক,कलंक
স্টিল্ট রুট,स्टिल्ट रूट
স্টোলন,स्टॉलोन
স্টোমাটা,स्टोमाटा
মলিং,स्टूलिंग
কোডন বন্ধ করুন,कोडन थांबवा
স্তরিত,स्तरीकृत
স্তরবিন্যাস,स्तरीकरण
খড়,पेंढा
স্ট্রেস,ताण
স্ট্রিপ ক্রপিং,पट्टी पीक
স্ট্রিপ ইন্টারক্রপিং,स्ट्रिप इंटरकॉपिंग
স্ট্রোমা,स्ट्रॉमा
খড়,स्टबल
স্টাবল মালচিং,हलक्या गवताचे गवत
স্টাইল,शैली
সাব আর্দ্র,सब दमट
Suberication,सुबरिकेशन
নিমজ্জন,बुडवणे
অস্তিত্ব চাষ,निर्वाह शेती
সাবসয়েলিং,सबसिलिंग
উপ-প্রজাতি,उप-प्रजाती
প্রতিস্থাপন ক্রপিং,प्रतिस्थापन पीक
স্তর,सब्सट्रेट
সাবসারফেস সেচ,उप -पृष्ठभाग सिंचन
উত্তরাধিকার,उत्तराधिकार
রসালো,रसदार
স্তন্যপায়ী,शोषक
স্বজাতীয়,सुई-जनरिस
সূর্য নিরাময়,सूर्यप्रकाश
পরিপূরক সেচ,पूरक सिंचन
পরিপূরক উদ্যোগ,पूरक उद्योग
পরিপূরক মিথস্ক্রিয়া,पूरक संवाद
সুপারিশ জিন,सुपरप्रेसर जनुक
সার্ফ্যাক্ট্যান্ট,सर्फॅक्टंट
সংবেদনশীল,संवेदनाक्षम
সাসপেনশন সংস্কৃতি,निलंबन संस्कृती
টেকসই কৃষি,शाश्वत शेती
টেকসই উন্নয়ন,शाश्वत विकास
ঝাঁকুনি,स्वर्मिंग
তরোয়াল পাতা,तलवार पान
সাইকোনিয়াম,सायकोनियम
সিম্বিওসিস,सहजीवन
সিনগ্যামি,Syngamy
ধানের তীব্রতা,तांदळाची तीव्रता
সিস্টেমিক ভেষজনাশক,सिस्टीमिक हर्बिसाईड
জাফলওয়ার,केशर
জাফরান,केशर
Age ষি,ऋषी
সাল,साल
সালভিয়া,साल्विया
স্যান্ডেল কাঠ,चप्पल लाकूड
সাপোটা,सपोटा
স্ক্রুপাইন,स्क्रूपाइन
সিবুকহর্ন,सीबकॉर्न
সেনা,सेना
সর্প কাঠ,सर्प लाकूड
তিল,तीळ
চিচিঙ্গা,साप भडकणे
স্ন্যাপ মেলন,स्नॅप खरबूज
সাবান্ট,साबण
জোর,ज्वारी
সয়াবিন,सोयाबीन
স্প্যানিশ চেরি,स्पॅनिश चेरी
পালং শাক,पालक
স্পিন্ডল কাঠ,स्पिंडल लाकूड
স্পঞ্জ গর্ড,स्पंज गॉर्ड
স্টিভিয়া,स्टीव्हिया
বিছুটি জাতের গাছ,स्टिंगिंग नेटटल
পাথর ফুল,स्टोन फ्लॉवर
স্ট্রবেরি,स्ट्रॉबेरी
সুদান ঘাস,सुदान गवत
আখ,ऊस
গ্রীষ্ম স্কোয়াশ,उन्हाळा स्क्वॅश
সূর্যমুখী,सूर्यफूल
সানহেম্প,सनहॅम्प
মিষ্টি ক্লোভার,गोड क्लोव्हर
মিষ্টি লাউ,गोड खोडकर
মিষ্টি আলু,रताळे
মিষ্টি ভায়োলেট,गोड व्हायोलेट
স্যাপ স্তন্যপায়ী,एसएपी शोषक
উড়ে গেছে,सॉ फ्लाय
স্কেল পোকামাকড়,स्केल कीटक
সেমিলোপার,सेमीलूपर
শ্যুট বোরার,बोरर शूट करा
সিল্কওয়ার্ম,रेशीम किडा
শামুক,गोगलगाय
চড়ুই,चिमणी
মাকড়সা,कोळी
কাঠবিড়ালি,गिलहरी
ডাঁটা বোরার,देठ बोरर
স্টেম বোরার,स्टेम बोरर
স্টেম গার্ডলার,स्टेम गर्डलर
স্টোন উইভিল,दगड भुंगा
মাটি বিজ্ঞানী,माती वैज्ञानिक
কৌশল আন্দোলন,युक्ती चळवळ
ট্যাগিং (লেবেলিং),टॅगिंग (लेबलिंग)
ট্যাঙ্ক পলি,टँक गाळ
রুট ট্যাপ করুন,रूट टॅप करा
তাসেল (ভুট্টা),तसेल (मका)
ট্যাক্সোনমি,वर्गीकरण
প্রযুক্তি,तंत्रज्ञान
নাতিশীতোষ্ণ অঞ্চল,समशीतोष्ण झोन
অস্থায়ী উইল্টিং,तात्पुरते विल्टिंग
টেন্ড্রিল,टेंड्रिल
টেনসিওমিটার,टेन्सिओमीटर
টেপাল,Tepal
টেরেটোজিনি,टेराटोजेनी
সমাপ্তি কোডন,टर्मिनेशन कोडन
টেরেস,टेरेस
টেরেস ইন্টারভাল,टेरेस मध्यांतर
টেরেস্ট্রিয়াল রেডিয়েশন,स्थलीय रेडिएशन
টেরেস্ট্রিয়াল আগাছা,स्थलीय तण
পরীক্ষা ক্রস,चाचणी क्रॉस
পরীক্ষার ওজন,चाचणी वजन
টেস্টা,टेस्टा
টেট্রাড,टेट्रॅड
টেট্রাপ্লয়েড,टेट्राप्लॉइड
টেট্রাপ্লোডি,टेट्राप्लॉईड
থ্যালামাস,थॅलेमस
তাপ পরিবাহিতা,औष्मिक प्रवाहकता
তাপ নিরোধক,औष्णिक भिन्नता
তাপীয় আনয়ন,थर्मल इंडक्शन
থার্মোকল,थर्माकोपल
থার্মোগ্রাফ,थर्मोग्राफ
থার্মোপারিডিসিটি,थर्मोपेरिओडिटी
থার্মোপারিডিজম,थर्मोपेरिओडिझम
থার্মোফিল,थर्मोफाइल
থার্মোট্যাক্সিস,थर्मोटॅक्सिस
পাতলা আউট,पातळ बाहेर
থ্রেশিং,मळणी
টিআই প্লাজমিড,टीआय प्लाझमिड
জোয়ার জলাভূমি,भरतीसंबंधी दलदल
টাইল নিকাশী,टाइल ड्रेनेज
টিলিবিলিটি,टिलबिलिटी
চাষ,नांगरलेली जमीन
টিলার (উদ্ভিদ),टिलर (वनस्पती)
টিলারিং,टिलरिंग
টিলারিং স্টেজ,टिलरिंग स्टेज
তিলথ,Tilth
টিস্যু পরীক্ষা,ऊतक चाचणी
টডি,टॉडी
সহনশীলতা,सहिष्णुता
শীর্ষ মাটি,शीर्ष माती
টোপাটো,टोपाटो
শীর্ষ-ড্রেসিং,टॉप-ड्रेसिंग
টপোক্লিম্যাটোলজি,टोपोक्लीमॅटोलॉजी
টপিং (তামাক),टॉपिंग (तंबाखू)
মোট হজমযোগ্য পুষ্টি,एकूण पचण्यायोग्य पोषक
মোট ফ্যাক্টর উত্পাদনশীলতা,एकूण घटक उत्पादकता
মোট দ্রবণীয় দ্রবণ,एकूण विद्रव्य घन
টোটিপোটেন্সি,TOTIPOTENCY
বিষাক্ততা,विषारीपणा
টক্সিন,विष
ট্রেস উপাদান,कमी प्रमाणात असलेले घटक
ট্রেসার উপাদান,ट्रेसर घटक
লেনদেন,व्यवहार
প্রতিলিপি,लिप्यंतरण
রূপান্তর,परिवर्तन
ট্রান্সজেনিক,ट्रान्सजेनिक
অনুবাদ,अनुवाद
ট্রান্সলোকেশন,लिप्यंतरण
ট্রান্সমিট্যান্স,संक्रमण
ট্রান্সপিরেশন সহগ,रक्तवाहिन्यासंबंधी गुणांक
ট্রান্সপিরেশন টান,ट्रान्सपायरी पुल
ট্রান্সপিরেশন অনুপাত,संक्रमण प्रमाण
প্রতিস্থাপন শক,प्रत्यारोपणाचा धक्का
ট্রান্সপ্ল্যান্টার,प्रत्यारोपण
প্রতিস্থাপন,प्रत्यारोपण
পরিবহন মাটি,वाहतूक माती
ট্রান্সপসন,ट्रान्सपोजॉन
ট্রান্সভার্স নিকাশী,ट्रान्सव्हर्स ड्रेनेज
ফাঁদ ফসল,सापळा पिके
ট্র্যাশিং,कचरा
চিকিত্সা,उपचार
গাছের ফসল,झाडाचे पीक
গাছের আংটি,झाडाची अंगठी
ট্রায়াল,चाचणी
ট্রিকল সেচ,ट्रिकल सिंचन
ট্রিগার ফ্যাক্টর,ट्रिगर फॅक्टर
ট্রিপলয়েড,ट्रिपलॉइड
ট্রিপল ক্রপিং,ट्रिपल पीक
ট্রফিক পর্যায়ে,ट्रॉफिक पातळी
ট্রপিক আন্দোলন,उष्णकटिबंधीय हालचाली
ক্রান্তীয় অঞ্চল,उष्णकटिबंधीय प्रदेश
ট্রপিজম,उष्णकटिबंधीय
সত্য ঘনত্ব,खरी घनता
সত্য হজমতা,खरी पचनक्षमता
কাটা প্রোফাইল,काटलेला प्रोफाइल
কাটা মাটি,कापलेली माती
সুনামি,त्सुनामी
কন্দ ফসল,कंद पिके
কন্দ,कंद
টিউমার,ट्यूमर
মাটির ছোঁয়া,मातीचा ट्यूनेशन
টুন্ড্রা,टुंड्रा
টার্ফ,टर्फ
তুরগিড,टर्गिड
তুরগর আন্দোলন,टर्गोर चळवळ
টার্গোর চাপ,टर्गर प्रेशर
তুরগর,टर्गोर
টার্নার এর সিন্ড্রোম,टर्नर सिंड्रोम
প্রকার (উদ্ভিদ),प्रकार (वनस्पती)
টাইপ আই ত্রুটি,टाइप I त्रुटी
টাইপ II ত্রুটি,प्रकार II त्रुटी
টাইফুন,टायफून
তেঁতুল,चिंचे
তারাগন,टेरॅगॉन
মন্দির বা প্যাগোডা গাছ,मंदिर किंवा मूर्तिपूजक वृक्ष
থিসল,थिस्सल
থুজা,थुजा
থাইম,एक वनस्पती (हिची पाने स्वयंपाकात वापरतात)
তামাক,तंबाखू
টমেটো,टोमॅटो
দুঃখের গাছ,दु: खाचे झाड
ট্রিটিকাল,Tritical
শিঙা ভাইন,रणशिंग द्राक्षांचा वेल
টিউবারোজ,क्षय
হলুদ,हळद
শালগম,सलगम
টাইফা (ভারতীয় রিড গদা),टायफा (भारतीय रीड मेस)
চা মশা,चहा डास
টার্মিটস (সাদা পিঁপড়া),दीमक (पांढरा मुंगी)
থ্রিপস,थ्रीप्स
আল্ট্রাসেন্ট্রিফিউগেশন,अल्ट्रासेन्ट्रीफ्यूगेशन
আল্ট্রাসাউন্ড,अल्ट्रासाऊंड
উম্বল,उंबेल
অবিচ্ছিন্ন,अनियंत्रित
ফলস্বরূপ,निष्प्रभ
অবিচ্ছিন্ন,युनिव्हॅलंट
ইউনিভার্সাল জেনেটিক কোড,युनिव्हर्सल अनुवांशिक कोड
ইউনিভার্সাল মাটি ক্ষতির সমীকরণ,सार्वत्रिक माती तोटा समीकरण
অসম্পৃক্ত ফ্যাটি অ্যাসিড,असंतृप्त फॅटी ids सिडस्
উঁচু ভাত,उंच भात
উর্ধ্বভূমি,उंच
আরবান কম্পোস্ট,शहरी कंपोस्ट
ইউরিয়া,युरिया
ইউরিজ,मूत्र
উলা ঘাস,उल्ला गवत
ভ্যাকসিন,लस
ভ্যাকুওল,व्हॅक्यूओल
মূল্য সংযোজন কৃষি,मूल्यवर्धित शेती
মূল্য সংযোজন পণ্য,मूल्यवर्धित उत्पादन
মান সংযোজন,मूल्य व्यतिरिक्त
মান ব্যয় অনুপাত,मूल्य मूल्य प्रमाण
ভ্যাম (ভেসিকুলার আরবাসকুলার),व्हीएएम (वेसिक्युलर आर्बस्क्युलर)
বাষ্প তাপ চিকিত্সা,वाफ उष्णता उपचार
বাষ্প চাপ,वाष्प दबाव
পরিবর্তনশীল খরচ,बदलणारा खर्च
পরিবর্তনশীল জিন,व्हेरिएबल जनुक
পরিবর্তনশীল হার প্রযুক্তি,चल दर तंत्रज्ञान
বৈকল্পিক,भिन्नता
বিভিন্নতা,भिन्नता
বিভিন্ন,विविधता
ভেক্টর,वेक्टर
গাছপালা,वनस्पती
উদ্ভিদ অবক্ষয়,वनस्पती अधोगती
উদ্ভিদ বাধা,वनस्पतिवत् होणारी अडथळा
উদ্ভিজ্জ কভার,वनस्पतिवत् होणारी कव्हर
উদ্ভিদ প্রচার,वनस्पतीचा प्रसार
উদ্ভিজ্জ পর্যায়,वनस्पतिवत् होणारी अवस्था
ভেনেশন,व्हेनेशन
সিঁদুর,गांडूळ
ভার্মিকম্পস্ট,वर्मीकॉम्पोस्ट
ভার্নালাইজেশন,व्हॅरनालायझेशन
উল্লম্ব mulching,अनुलंब मलचिंग
ভার্টিসল,व्हर्टिसॉल
কার্যক্ষমতা (বীজ),व्यवहार्यता (बियाणे)
দ্রাক্ষালতা,द्राक्षांचा वेल
ভিনেগার,व्हिनेगर
ভাই জিন,Vir जनुक
ভার্জিন ল্যান্ড,व्हर्जिन लँड
কুমারী মাটি,व्हर्जिन माती
ভাইরুলেন্স,व्हायरलन्स
ভাইরাস,विषाणू
ভাইরাস কোট প্রোটিন,व्हायरस कोट प्रोटीन
ভাইরাস সূচক,व्हायरस अनुक्रमणिका
সান্দ্রতা,विस्मयकारकता
দৃশ্যমান বিকিরণ,दृश्यमान रेडिएशन
ভিটামিন,जीवनसत्त्वे
ভিটিকালচার,वेटिकल्चर
Viviparous,Viviparus
শূন্য স্থান,शून्य जागा
উদ্বায়ী,अस्थिरता
স্বেচ্ছাসেবক উদ্ভিদ,स्वयंसेवक वनस्पती
ভ্যানিলা,व्हॅनिला
ভেটিভার,वेटिव्हर
ভেটেরিনিয়ান ডাক্তার,पशुवैद्यकीय डॉक्टर
ভাইরোলজিস্ট,व्हायरलोलॉजिस्ट
বেতন,वेतन
উষ্ণ রক্তাক্ত প্রাণী,उबदार रक्ताचा प्राणी
বর্জ্য ব্যবস্থাপনা,कचरा व्यवस्थापन
জঞ্জাল জমি,कचरा
জল প্রয়োগ দক্ষতা,पाण्याचे अनुप्रयोग कार्यक्षमता
জলের আবেদন হার,पाणी अर्ज दर
জল ভারসাম্য,पाण्याचे शिल्लक
জল সংযোগ,पाणी कॉम्पॅक्शन
জল সংরক্ষণ,पाणी संवर्धन
জল খরচ,पाणी वापर
জল পরিবহনের দক্ষতা,पाणी वाहतुकीची कार्यक्षमता
জল সংস্কৃতি,पाणी संस्कृती
জলের ঘাটতি,पाण्याची तूट
জল বিতরণ দক্ষতা,पाणी वितरण कार्यक्षमता
জল শুল্ক,पाणी शुल्क
জল ফুরো,वॉटर फ्यूरो
জলের গেটস,पाण्याचे दरवाजे
জল লগিং,पाणी लॉगिंग
পানি ব্যবস্থাপনা,पाणी व्यवस्थापन
ফসলের জলের প্রয়োজনীয়তা,पिकांची पाण्याची आवश्यकता
জলের স্যাচুরেশন ঘাটতি,पाण्याची संतृप्ति तूट
পানির টেবিল,पाण्याचे टेबल
জল ব্যবহারের দক্ষতা,पाण्याचा वापर कार्यक्षमता
জলের ফলন,पाणी उत्पन्न
পানি ফসল,पाणी-कापणी
জলাশয়,वॉटरशेड
জলাশয় ব্যবস্থাপনা,वॉटरशेड मॅनेजमेंट
জলাশয় চিকিত্সা,पाणलोट उपचार
ওয়াটারশেড-ভিত্তিক সিস্টেম,वॉटरशेड-आधारित प्रणाली
জলপথ,जलमार्ग
তরঙ্গ দৈর্ঘ্য,वेव्ह-लांबी
ওয়াক্সিং,मेणिंग
আবহাওয়া,हवामान
আবহাওয়া,हवामान
গাঁজা,तण
আগাছা নিয়ন্ত্রণ,तण नियंत्रण
আগাছা নিয়ন্ত্রণ দক্ষতা,तण नियंत्रण कार्यक्षमता
আগাছা নির্মূল,तण निर्मूलन
আগাছা সূচক,वीड इंडेक्स
পশ্চিমা শোষক,वेस्टर्न ब्लॉटिंग
আগাছা বর্ণালী,तण स्पेक्ट्रम
আগাছা,वीडिंग
ভেজা-বাল্ব হতাশা,ओले-बल्ब नैराश्य
ভেজা-বাল্ব তাপমাত্রা,ओले-बल्ब तापमान
ভেজা-বাল্ব থার্মোমিটার,ओले-बल्ब थर्मामीटर
জলাভূমি,वेटलँड
ভেজা রোপণ,ओले लागवड
আর্দ্র ঋতু,ओला ऋतू
ভেজা বীজ,ओले बियाणे
ভেজা বছর,ओले वर्ष
ওয়েটেবল পাউডার,वेटेबल पावडर
ভেজা এজেন্ট,ओले एजंट
ঘূর্ণায়মান সাইক্রোমিটার,वावटळ सायक्रोमीटर
সাদা বিপ্লব,पांढरा क्रांती
পুরো খামার বিশ্লেষণ,संपूर्ण शेती विश्लेषण
পুরো খামার পদ্ধতির,संपूर्ण शेती दृष्टीकोन
বিস্তৃত অভিযোজনযোগ্যতা,व्यापक अनुकूलता
উইল্টিং পয়েন্ট,विल्टिंग पॉईंट
বাতাস বিরতি,वारा ब्रेक
বায়ু শক্তি,पवन ऊर्जा
বায়ু ক্ষয়,वारा इरोशन
বায়ু উত্পাদন,वारा निर्मिती
উইন্ড মিল,पवन मिल
বায়ু শক্তি,पवन उर्जा
বাতাসের গতি,वारा वेग
বায়ু স্ট্রিপ ক্রপিং,वारा पट्टी पीक
বাতাসের বেগ,वारा वेग
বায়ু,वारा
উইন্ড্রো,विंडो
উইন্ড্রওয়ার,विंडरो
বায়ু পাখা,वारा-वेन
উইনওয়ার,वि
Winnowing,Winnowing
ডুবে যাওয়া হাইপোথিসিস,WOBBLE Hypothesis
গর্ভ,गर्भ
কাঠের ছাই,लाकूड राख
কাঠ গ্যাস,लाकूड गॅस
কাজ,काम
আখরোট,अक्रोड
জল ক্রেস,वॉटर क्रेस
যথোপযুক্ত সৃষ্টিকর্তা,वॉटर हायसिंथ
জল তরমুজ,पाणी खरबूज
জল পুদিনা,पाण्याचे पुदीना
কাঁদছে উইলো,रडत विलो
পশ্চিম ভারতীয় মেহগনি,वेस्ट इंडियन महोगनी
গম,गहू
সাদা ক্লোভার,पांढरा क्लोव्हर
সাদা মুলবেরি,पांढरा मलबेरी
সাদা পপিনেক,पांढरा पोपिनेक
সাদা উইলো,पांढरा विलो
বন্য মার্জোরিম,वन्य मार्जोरिम
বন্য ওট,वन्य ओट
ডানাযুক্ত বিন,पंख असलेले बीन
শীতকালীন স্কোয়াশ,हिवाळ्यातील स्क्वॅश
উইথানিয়া,WINAANIA
"কাঠ সোরেল, অক্সালিস","लाकूड सॉरेल, ऑक्सॅलिस"
Wasp,कचरा
তাঁতি পাখি,विणकर पक्षी
উইভিল,भुंगा
সাদা কুঁচকানো,पांढरा ग्रुप
উলি এফিড,वूली ph फिड
জ্যানথিনুরিয়া,Xanthinuera
জ্যানথোফিল,झेंथोफिल
এক্স-ক্রোমোজোম,एक्स-क्रोमोसोम
জেনিয়া,झेनिया
জেরোডার্মা পিগমেন্টোসাম,झेरोडर्मा पिग्मेन्टोसम
জেরোফাইট,झेरोफाइट
জেরোফিটিজম,झेरोफाइटिझम
এক্স-রে বিচ্ছুরণ,एक्स-रे विवर्तन
জাইলেম,Xylem
জাইলোফাইট,Xylofeyte
ওয়াই 'ট্রেলিস,Y 'ट्रेलिस
ওয়াই-ক্রোমোজোম,वाय-क्रोमोसोम
খামির,यीस्ट
খামির নিষ্কাশন,यीस्ट अर्क
হলুদ বিপ্লব,पिवळी क्रांती
হলুদ,पिवळसर
ফলন উপাদান,उत्पन्न घटक
ফলন পর্যবেক্ষণ,उत्पन्न देखरेख
ফলন সম্ভাবনা,उत्पादन क्षमता
ফলন স্থায়িত্ব,उत्पन्न स्थिरता
কুসুম,अंड्यातील पिवळ बलक
হলুদ বেরিড নাইটশেড,पिवळ्या बेरीड नाईटशेड
হলুদ মাইরোবালান,पिवळा मायरोबालन
জায়েদ,झेड
জেড-ক্রোমোজোম,झेड-क्रोमोसोम
জেড-ডিএনএ,झेड-डीएनए
জাটিন,झीटीन
জিরো এনার্জি কুল চেম্বার,शून्य एनर्जी कूल चेंबर
শূন্য চাষ,शून्य नांगरलेली जमीन
শূন্য সহনশীলতা,शून्य सहिष्णुता
দস্তা ঘাটতি,झिंकची कमतरता
দস্তা আঙুলের প্রোটিন,झिंक बोट प्रोटीन
জিংকেটেড ইউরিয়া,झिंडेटेड युरिया
জোনা পেলুসিডা,झोना पेलुसिडा
জোফিলি,प्राणिसंग्रहालय
জুপ্ল্যাঙ্কটন,झुप्लांक्टन
জাইগোট,झिगोटे
জাইগোটিক মারাত্মক জিন,झिगोटिक प्राणघातक जनुक
জ্যানথোফিলাম,झॅन्थोफिलियम
প্রাণিবিদ,प्राणीशास्त्रज्ञ
