Kannada,Hindi
ಅಜೀವಕ ಸಂತಾನೋತ್ಪತ್ತಿ,अजीवात् जनन
ಅಧಿಸಾಮಾನ್ಯ,अपसामान्य
1. ನಾಲ್ಕನೇ ಹೊಟ್ಟೆ 2. ಎವೋಮಾಸೋಮ್,1. चतुर्थ आमाशय 2. ऐवोमैसम
ಸ್ಟೊಮಾಟಲ್ ಬೆಳವಣಿಗೆಯ ಅಂಗ,रुद्ध-वृद्धि अंग
ಕುಂಠಿತ ಬೆಳವಣಿಗೆ ಬೀಜ,रुद्ध वृद्धि बीज
1. ಗರ್ಭಪಾತ 2. ಗರ್ಭಪಾತ 3. ಬೆಳವಣಿಗೆಯ ಪ್ರತಿರೋಧ,1. गर्भपात 2. गर्भस्राव 3. वृद्धि विरोध
1. ಅನಗತ್ಯ ಕಳೆಗಳು 2. ಸಂಪೂರ್ಣ ಕಳೆಗಳು,1. अवांछित अपतृण 2. पूर्ण खरपतवार
ಹೀರಿಕೊಳ್ಳಲ್ಪಟ್ಟ ಕ್ಯಾಷನ್,अवशोषित धनायन
ಹೀರಿಕೊಳ್ಳುವಿಕೆ,अवशोषण
ಅಬಿಸ್ಸಿನಿಯನ್ ಸಾಸಿವೆ,ऐबिसिनी सरसों
1. ಅಕಾರಿಸೈಡ್,1.एकेरेसनाशी 2. चिचड़ीनाशी
ಕೇಂದ್ರಾಭಿಮುಖ,अकेंद्री
ವರ್ಧನೆ (ಕೋಶ),प्रवर्धन (कोशिका)
ಸಹಿಷ್ಣುತೆಯನ್ನು ಅನುಮೋದಿಸಲಾಗಿದೆ,स्वीकृत सह्यता
1.ಹೆಚ್ಚುವರಿ 2.ಪರಿಕರ 3.ಪರಿಕರ,1.अतिरिक्त 2. सहायक 3. गौण
ರೂಪಾಂತರ,पर्यनुकूलन
ಶೇಖರಣೆ,संचय
1.ವಾಕ್ಯುರಸಿ 2. ನಿಖರತೆ,1.vयथार्थता 2. परिशुद्धता
1. ಅಸೆರ್ವುಲಸ್ 2. ಸ್ಪೊರೊಫೈಟ್,1. एसर्वुलस 2. बीजाणुपात्र
1. ಅಸಿಟೈಸೇಶನ್ 2. ವಿನೆಗರ್ ತಯಾರಿಸುವುದು 3. ಅಸಿಟಿಲಿನ್,1. ऐसीटीकरण 2. सिरका बनाना 3. ऐसीटीलन
1. ಆಮ್ಲೀಕರಣ 2. ಆಮ್ಲೀಕರಣ,1. अम्लीकरण 2. अम्लन
1. ಆಸಿಡೋಮೀಟರ್ 2. ಆಸಿಡಿಮೀಟರ್,1.अम्लतामापी 2. एसिडीमीटर
ಆಮ್ಲೀಯತೆ,अम्लता
ಅಸಿಡೋಫೈಲ್,अम्लरागी
ಆಮ್ಲೀಕೃತ ರಾಕ್ ಫಾಸ್ಫೇಟ್,अम्लीकृत रॉक फॉस्फेट
ಆಮ್ಲೀಕೃತ,अम्लसह
ಜಲಚರ,जलभृत
ಸ್ವಾಧೀನಪಡಿಸಿಕೊಳ್ಳುವಿಕೆ,अधिग्रहण
ಎಕರೆ,एकड़
1. ಪ್ರದೇಶ 2. ಪ್ರದೇಶ,1.क्षेत्रफल 2. रकबा
ಎಂಡ್ ಪಾಯಿಂಟ್ ಕ್ರೋಮೋಸೋಮ್,उपांत बिंदु क्रोमोसोम
ಮುಂದೆ ನೋಡುವ,अग्राभिसारी
ಅಕ್ರೋಸೋಮ್,ऐक्रोसोम
ಆಕ್ಟಿನೊಮೈಸೆಟ್ಸ್,एक्टिनोमाइसिटीज
ಸಕ್ರಿಯ ಕೋರ್,सक्रिय मूलक्षेत्र
1. ಉಗ್ರ 2. ತೀವ್ರ,1.उग्र 2. तीव्र
ಹೊಂದಿಕೊಳ್ಳುವಿಕೆ,अनुकूलनशीलता
ಗ್ರಾಹಕೀಕರಣ,अनुकूलन
1. ಅಂಟಿಕೊಳ್ಳುವಿಕೆ 2. ಅಂಟಿಕೊಳ್ಳುವಿಕೆ,1. आसंजन 2. अभिलाग
ಮೇದಸ್ಸಿನ,वसामय
ಹೊಂದಾಣಿಕೆ ಸಮೀಕರಣ,समायोजन समीकरण
ಅಡೋಬ್ ಮಣ್ಣು,ऐडोब मृदा
ಕಲಬೆರಕೆ,अपमिश्रक
ಅಪಸ್ಥಾನೀಯ,अपस्थानिक
ಇಸಿಡಿಯೋಸ್ಪೋರ್ ಐಸಿಡಿಯಮ್ ಸ್ಪೋರ್,इसीडियोस्पोर इसीडियम बीजाणु
ವಾಯುಬಲವೈಜ್ಞಾನಿಕ ಪ್ರಕ್ರಿಯೆ,वातोढ़ प्रक्रिया
ಕುಹರದ,वातोढ़
ಗಾಳಿ ಹಾಕಲು,वातन करना
1. ಗಾಳಿ 2. ಆಕಾಶಿ,1. वायव 2. आकाशी
1. ಏರೋಮೀಟರ್ 2. ಏರೋಮೀಟರ್ 3. ಏರೋಮೀಟರ್,1. ऐरोमीटर 2. वायुमापी 3. वायुघनत्वमाप
ಏರೋಸಾಲ್,ऐरोसोल
1. ಹೂಗೊಂಚಲು 2. ಬೇಸಿಗೆ ಸುಪ್ತ,1. पुष्पदलविन्यास 2. ग्रीष्मनिष्क्रियता
ರೋಗದ ವಿಜ್ಞಾನ,रोग हेतु विज्ञान
ಅರಣ್ಯೀಕರಣ,वनरोपण
1. ತಳಮಳ 2. ಪ್ರಕ್ಷುಬ್ಧತೆ,1. विलोडन 2. प्रक्षोभन
ಅಗ್ಮಾರ್ಕ್,ऐगमार्क
1. ಭೂಮಿಗೆ ಸಂಬಂಧಿಸಿದ 2. ಕೃಷಿ,1. भूमि संबंधी 2. कृषि संबंधी
ಕೃಷಿ ಕ್ಲಿನಿಕ್,कृषि निदानालय
1. ಕೃಷಿ ಕಾರ್ಮಿಕ 2. ಕೃಷಿ ಕಾರ್ಮಿಕ,1. कृषि श्रम 2. खेतिहर मजदूर
ಕೃಷಿ ಮಾರುಕಟ್ಟೆ,कृषि विपणन
ಕೃಷಿ ತಂತ್ರಜ್ಞಾನ,कृषि प्रद्योगिकी
1. ಕೃಷಿ 2. ಕೃಷಿ 3. ಕೃಷಿ ವಿಜ್ಞಾನ,1. कृषि 2. खेतीबारी 3. कृषि विज्ञान
ಕೃಷಿ ಅರಣ್ಯ,कृषि वनवर्धन
ಕೃಷಿ ಜೀವವೈವಿಧ್ಯ,कृषि जैविक विविधता
ಕೃಷಿ ಸಾವಯವ ದೋಷಗಳು,कृषि जैविक दोष
ಕೃಷಿ ಜೀವಶಾಸ್ತ್ರ,कृषि जैविकी
ಕೃಷಿ-ಹವಾಮಾನ ವೈವಿಧ್ಯ,कृषि जलवायुवीय विविधता
ಕೃಷಿ ಹವಾಮಾನ ವಲಯದ ಸೃಷ್ಟಿ,कृषिजलवायुवीय जोन निर्माण
ಕೃಷಿ ಅರಣ್ಯ,कृषिवानिकी
ಕೃಷಿಶಾಸ್ತ್ರ,सस्य मृदा विज्ञान
ಕೃಷಿಶಾಸ್ತ್ರ,सस्य विज्ञान
ಕೃಷಿ ಪಶುಪಾಲಕ,कृषि पशुचारणिक
ಬೆಳೆ ಸಂಸ್ಕರಣೆ,फसल प्रसंस्करण
ಹುಲ್ಲು ವಿಜ್ಞಾನ,घास विज्ञान
ಬೆಳೆ ಪ್ರಕಾರ,सस्य प्ररूप
ಎಪಿಫೈಟ್,अधिपादप
ಐಕಿಯೋಚಿ ಮಣ್ಣು,ऐकिओची मृदा
ಬಣ್ಣಗುರುಡು,वर्णकहीनता
ಅಲ್ಫಿಸೋಲ್,एल्फिसॉल
ಪಾಚಿ,शैवाल
ಪಾಚಿ ರೋಗ,शैवाल रोग
ಕ್ಷಾರ ನೀರು,क्षार जल
ಕ್ಷಾರೀಯ,क्षारीय
ಪರ್ಯಾಯ,विकल्पी
ಅಲ್ಲೆಲೋ ರಸಾಯನಶಾಸ್ತ್ರ,एलीलो रसायन
ಆಲೀಲ್,युग्मविकल्पी
ಅಲೆಲೋಪತಿ,एलीलोपैथी
ವೇಥಿ ಬೆಳೆ,वीथी सस्यन
ಪೂರ್ಣಗೊಳ್ಳುವಿಕೆ,परनिषेक-फलता
ಫಲೀಕರಣ,परनिषेचन
1. ಸಾಪೇಕ್ಷತೆ 2. ಅಲೋಮೆಟ್ರಿ,1. सापेक्षमिति 2. ऐलोमैट्री
ಮಲ್ಟಿಪ್ಲಾಯ್ಡ್,परबहुगुणित
1. ಪ್ಯಾರಾಜಿಗೋಸಿಟಿ,1. परयुग्मन 2. अपायुग्लन
1. ಪರ್ಯಾಯ ವರ್ಷದ ಕಾರ್ಯ 2. ಪರ್ಯಾಯ ಕಾರ್ಯ,1. एकातंर वर्ष फलन 2. एकांतरित फलन
ಪರ್ಯಾಯ ಭೂಮಿ ಬಳಕೆ,वैकल्पिक भूमि उपयोग
ಪರಿಸರ,परिवेश
ಸುಧಾರಕ,सुधारक
ಮಿಟೋಸಿಸ್,असूत्रीविभाजन
ಅಮೀನನ್,ऐमीनन
ಅಮೋನಿಯನ್,अमोनियन
ಆಮ್ನಿಫೆರಸ್,अमोनीकारक
1. ನಿಷ್ಪರಿಣಾಮಕಾರಿ ರೂಪ 2. ಅರೂಪಿ,1.अप्रभावी रूप  2.अरूपी
ಉಭಯಚರ ಮಿಶ್ರಣ,उभय मिश्रण
ಆಂಫೋಟರಿಕ್,उभयधर्मी
ಸಂಗ್ರಹಣೆ,उपचय
1. ಆಮ್ಲಜನಕರಹಿತ 2. ಆಮ್ಲಜನಕರಹಿತ ಜೀವಿಗಳು,1. अवायुजीव 2. अनाक्सी जीव
ಹ್ಯಾಪ್ಲಾಯ್ಡ್,असुगुणित
ಕೋನೀಯ ನೆಟ್ಟ,कोणीय रोपण
ಪಶುಸಂಗೋಪನೆ,पशुपालन
ಪ್ರಾಣಿಗಳ ಮಲವಿಸರ್ಜನೆ,पशु उच्छिष्ट
ಜೀವನ ಶಕ್ತಿ,सजीव ऊर्जा
ಅಸಂಗತ,असमगुणित
ಒಂದು ವರ್ಷದ ಸಸ್ಯ,एकवर्षीय पादप
ವಾರ್ಷಿಕ,वार्षिक
1. ಭಾವಪರವಶತೆ 2. ಪ್ರಕಾಶ,1. परागोद्भव 2. प्रफुल्लन
ಆಂಥ್ರಾಕ್ಸ್,ऐन्थ्रेक्स
ಮಾನವಜನ್ಯ ಅಂಶಗಳು,मानवजनिक कारक
ಬದುಕುಳಿಯುವಿಕೆ,प्रतिजीविता
1. ಪ್ರತಿಜೀವಕ 2. ಪ್ರತಿಜೀವಕ,1.प्रतिजैविक2.  ऐन्टीबायोटिक
ಹಿಮ್ಮೆಟ್ಟಿಸುವ,प्रतिकारक
ಉತ್ಕರ್ಷಣ ನಿರೋಧಕ,प्रतिऑक्सीकारक
ಆಂಟಿಟಾಕ್ಸಿನ್,प्रतिआविष
ಉಂಗುರದ ಬೆರಳು,वलयिका
1. ಗಿಡಹೇನು 2. ಮಾಹು 3. ಚೇಪಾ,1. ऐफिड 2. माहू 3. चेपा
ಮೇಲಿನ ಮೊಗ್ಗು,शीर्ष कलिका
ಗರಿಷ್ಠ ಪರಿಣಾಮಕಾರಿತ್ವ,शिखाग्र प्रभाविता
ಜೇನುಸಾಕಣೆ,मधुमक्खी पालन
ಅಲೈಂಗಿಕತೆ,असंगजनन
ಅಪೊಪ್ಟೋಸಿಸ್,एपोप्टोसिस
ಅನುಬಂಧಗಳು,उपांग
ಜೀರ್ಣಕಾರಕವಾಗಿ,क्षुधावर्धक
ಅನ್ವಯಿಸಲಾಗಿದೆ,अनुप्रयुक्त
ಜಲವಾಸಿ ಕಳೆ,जलीय खरपतवार
1. ಮರ 2. ಮರದ ನಿವಾಸಿ,1. वृक्षीय 2. वृक्षवासी
ಕವಲೊಡೆಯುತ್ತಿದೆ,शाखायन
ಪ್ರೊಟೊಬೊಟಾನಿಕಲ್ ದಾಖಲೆಗಳು,आद्य वानस्पतिक अभिलेख
ವಲಯ ಸಂಖ್ಯೆ,क्षेत्रांकड़
1. ಪ್ರದೇಶ 2. ಪ್ರದೇಶ,1. क्षेत्र 2. क्षेत्रफल
ಒಣ ಪರಿಸರ ವ್ಯವಸ್ಥೆ,शुष्क पारितंत्र
ಕೋಟಿಲ್ಡನ್,बीजचोल
ಸೌರಭ್,सौरभ
ಆರೊಮ್ಯಾಟಿಕ್ ಸಸ್ಯ,सुगंधी पादप
ಪರಿಮಳಯುಕ್ತ ಅಕ್ಕಿ,सुगंधित चावल
ಇಕ್ಷು ಪುಷ್ಪನ್,इक्षु पुष्पन
ಅಸೆಪ್ಟಿಕ್,अपूति
1. ಅಸೆಪ್ಟಿಕ್ 2. ಅಸೆಪ್ಟಿಕ್,1.अपूतित 2. अजर्म
ಅಲೈಂಗಿಕ ಸಂತಾನೋತ್ಪತ್ತಿ,अलैंगिक प्रवर्धन
ಗಾತ್ರ,आमाप
ಆಸ್ತಿ,परिसंपत्ति
1. ಸಮೀಕರಣ 2. ಸಮೀಕರಣ,1. स्वांगीकरण 2. आत्मसात्करण
1. ಸಂಘ 2. ಸಂಘ,1. साहचर्य 2. संघ
1. ಕಾಲಮ್ 2. ಸಂಕೋಚನ,1. स्तंभक 2. कषाय
ಹೆಟೆರೋಜೈಗೋಸಿಟಿ,असूत्रयुग्मन
1. ಪೂರ್ವಜ 2. ಅಟಾವಿಸಂ,1. पूर्वजता 2. ऐटाविज्म
ಕಣ,कणित्र
1. ದೃಢೀಕರಣ 2. ದುರ್ಬಲತೆ,1.अपुष्टि 2. क्षीणता
ಸ್ವಯಂ ಜೋಡಣೆ,स्वयुग्मन
ಆಟೋಲಿಸಿಸ್,स्वलयन
1. ಸ್ವಾಭಾವಿಕ ಆಕ್ಸಿಡೀಕರಣ 2. ಸ್ವಾಭಾವಿಕ ಉತ್ಕರ್ಷಣ,1. स्वतः उपचयन 2. स्वतः ऑक्सीभवन
ಸ್ವಯಂ ಮಲ್ಟಿಪ್ಲೆಕ್ಸ್,स्वबहुगुणित
ಆಕ್ಸಿನ್,ऑक्सिन
1. ಷೂಕ್ 2. ಟೋಡ್,1. शूक 2. तूड़
ದಂಡದ ವೈರಸ್,दंड विषाणु
1. ಬ್ಯಾಸಿಲಸ್ 2. ಬ್ಯಾಸಿಲಸ್,1. दंडाणु 2. बैसिलस
1. ಬ್ಯಾಕ್ಟೀರಿಯಾ 2. ಬ್ಯಾಕ್ಟೀರಿಯಾ,1. जीवाणु 2. बैक्टीरिया
ಬ್ಯಾಕ್ಟೀರಿಯಾದ ವಿಷ,जीवाणु आविष
ಬಗಸೆ,खोई
ಬ್ಯಾಲೆನ್ಸ್ ಶೀಟ್,तुलन-पत्र
ಸಮತೋಲಿತ ರಸಗೊಬ್ಬರ ಬಳಕೆ,संतुलित उर्वरक उपयोग
ಬಾರ್ ಗ್ರಾಫ್,दंड आरेख
ತೊಗಟೆ,छाल
1. ವಾಯುಭಾರ ಮಾಪಕ 2. ವಾಯುಭಾರ ಮಾಪಕ,1. वायुदाबमापी 2. बैरोमीटर
1. ಬಜರ್ 2. ಜಡ 3. ಬಂಜರು,1. बजर 2. अकृष्य 3. बांझ
1. ಬೇಸ್ 2. ಬೇಸ್ 3. ಕುಪಾಂಗ್,1. आधार 2. बेस 3. कपांग
1. ತಾಲಾ 2. ಜಲಾನಯನ ಪ್ರದೇಶ,1.थाला 2. द्रोणी
ತಲಾಬಿಸಾರಿ,तलाभिसारी
1. ಬೇಸಿಸ್ಟರ್ನಮ್ 2. ರೂಟ್ ಹೋಲ್ಡರ್,1. बेसिस्टर्नम 2. मूलाधारक
ಗಲ್ಫ್ ಮಾನ್ಸೂನ್,खाड़ी मानसून
ಹಣ್ಣಿನ ಗಿಡ,फलदायी पौधा
ಹಾಸಿಗೆ,क्यारी
ಹಾಸಿಗೆ ಸಸ್ಯ,क्यारी - पौधा
ಹಾಸಿಗೆ,क्यारी बनाना
ಬೀಟ್ ಮೊಲಾಸಸ್,चुकंदर शीरा
ಬೆಲ್ಲೋಸ್,धौंकनी
1. ಪಟ್ಟಿ 2. ಭೂಪ್ರದೇಶ,1. पट्टी 2. इलाका
ಲಾಭ-ವೆಚ್ಚದ ವಿಶ್ಲೇಷಣೆ,लाभ-लागत विश्लेषण
ಮಹತ್ವಾಕಾಂಕ್ಷಿ (ಮಾದರಿ),अभिनत (प्रतिचयन)
ದ್ವೈವಾರ್ಷಿಕ ಸಸ್ಯಗಳು,द्विवर्षीय पादप
ದ್ವಿಪದ,द्विपद
ಜೈವಿಕ ಅಂಶ,जैवकारक
ಜೈವಿಕ ಹವಾಮಾನ,जीव जलवायु
ಜೈವಿಕ ಶಕ್ತಿ,जैव ऊर्जा
ಪ್ರಾಣಿಗಳ ಪರಿಸರ ವಿಜ್ಞಾನ,जीव पारिस्थितिकी
1. ಬಯೋ-ಪ್ರೊಸೆಸರ್ 2. ಬಯೋ-ರಿಯಾಕ್ಟರ್,1. जैव-प्रक्रियापात्र 2. बायो रिएक्टर
ಜೀವಗೋಳ,जीव-मंडल
ಜೈವಿಕ,जीवीय
ಪ್ರಾಣಿಸಂಕುಲ,जीव प्ररूप
ದಿವಿಲಿಂಗಿ,दविलिंगी
ಧವಳನ್,धवलन
1. ಪ್ರಧ್ವಸನ್ (ರೋಗ) 2. ಗಸ್ಟ್ ರೋಗ,1.  प्रध्वसं (रोग) 2.  झोंका रोग
ಮಿಶ್ರಣ,संमिश्रण
1. ಅಂಗಮಾರಿ (ರೋಗ) 2. ರೋಗ (ರೋಗ),1. अंगमारी (रोग) 2.  ब्लाइट (रोग)
1. ಬ್ಲಿಸ್ಟರ್ 2. ಬ್ಲಿಸ್ಟರ್ 3. ಎರಪ್ಶನ್ 4. ಬ್ಲಿಸ್ಟರ್,1. छाला 2. फफोला 3. उद्वर्त 4. ब्लिस्टर
ನೀಲಿ ಕ್ರಾಂತಿ,नीली क्रांति
ಪ್ಲಾನರ್ ಹೀಟಿಂಗ್ ಚೇಂಬರ್,तलीय ताप चैंबर
ಪ್ಲ್ಯಾನರ್ ತಾಪನ ತಂತ್ರಜ್ಞಾನ,तलीय ताप तकनीक
ಹೊಟ್ಟು,चोकर
ಕವಲೊಡೆಯುತ್ತಿದೆ,शाखन
1. ರೆಂಬೆ 2. ಉಪಶಾಖೆ,1. टहनी 2. उपशाखा
ತಳಿ,नस्ल
ಸಂತಾನೋತ್ಪತ್ತಿ,प्रजनन
ಆರಂಭಿಕ ಮೊಳಕೆಯೊಡೆಯುವಿಕೆ ಚಿಕಿತ್ಸೆ,शीघ्र अंकुरण उपचार
1. ಮರಿ 2. ಮೊಟ್ಟೆ 3. ಭ್ರೂಣ,1. शाव 2. अंड 3. भ्रूण
ಮೊಳಕೆಯೊಡೆಯುತ್ತಿದೆ,कलिकायन
ಬಜೆಟ್,बजट
1.ಆಂಫೋಟೆರಿಕ್ 2. ಬಫರ್,1.उभयप्रतिरोधी 2. बफर
ಸಿಹಿ ಆಲೂಗಡ್ಡೆ,शल्ककंद
ಬಂಟ್ (ರೋಗ),बंट (रोग)
1. ಉಪ ಉತ್ಪನ್ನ 2. ಉಪ ಉತ್ಪನ್ನ,1. उपजात 2. उपोत्पाद
c ತೇವಾಂಶದ ನಿರ್ದಿಷ್ಟ ಕರ್ವ್,c नमी विशिष्टता वक्र
ಎಣ್ಣೆ ಕೇಕ್,खली
1. ಸುಣ್ಣ 2. ಕ್ಯಾಲ್ಸಿಯಂ,1. चूनेदार 2.कैल्सियमी
ಕ್ಯಾಲ್ಸಿಯಾನ್,कैल्सीयन
ಫಾಸ್ಫೇಟ್ ತೆಗೆಯುವಿಕೆ,फॉस्फेट का निस्तापन
1. ಕಿನಾಟಾ 2. ಕ್ಯಾಲಟಾ,1. किणता 2. कैलसता
1.ಕ್ಯಾಲಸ್ 2. ಕಿರಣ,1.कैलस 2. किण
1. ಸೀಪಲ್ಸ್ 2. ಕ್ಯಾಲಿಕ್ಸ್,1. बाह्यदल पुंज 2.कैलिक्स
ಹೊರಗಿನ ಅಂತ್ಯ,वाह्यदल अंत
ಈಧಾ,एधा
ಕ್ಯಾನ್ಸರ್ (ಬ್ಯಾಕ್ಟೀರಿಯಾ ರೋಗ),कैंकर (जीवाणु रोग)
ಕ್ಯಾನಿಂಗ್,डिब्बाबंदी
ಆಕಾಶ,वितान
ಹಣಕಾಸು,पूंजी
ಪರಾಗಸ್ಪರ್ಶ (ಅಂಜೂರದ ಹಣ್ಣುಗಳು),परागण (अंजीर का)
1. ಕ್ಯಾಪ್ಸುಲ್ 2. ಕ್ಯಾಪ್ಸುಲ್ 3. ಕ್ಯಾಪ್ಸುಲ್,1. संपुट 2. संपुटिका 3. कैप्सूल
ಕಾರ್ಬೊನೈಸ್ಡ್,कार्बोनीकृत
ಕಾರ್ಬೊನಾನ್,कार्बनन
ಕ್ಯಾರಪೇಸ್,अंडप
ಕಂಕಣ,मणिबंध
1. ಎರಕ (ಕಬ್ಬಿಣ) 2. ಕ್ಷಿತಿ (ಕೀಟ),1. ढलाई (लोहे की) 2. क्षिप्ति (कीट)
ಕ್ಯಾಟಬಾಲಿಸಮ್,अपचय
ಪ್ರೇರಣೆ,उत्प्रेरण
1. ಕ್ಯಾಟರ್ಪಿಲ್ಲರ್ 2. ಕ್ಯಾಟರ್ಪಿಲ್ಲರ್,1. इल्ली 2. सूंडी
ಸಿ ಡಿ. ಎನ್. ಎ. ಸಂಗ್ರಹಣೆ,सी ड़ी. एन. ए. संग्रह
ವ್ಯಾಪ್ತಿ,सीमा
1. ಕೋಶ 2. ಕೋಶ,1. कोशिका 2. कोष्ठिका
ಕೇಂದ್ರ ಮುಂಭಾಗದ ವ್ಯವಸ್ಥೆ,केंद्रीय अग्रग प्रणाली
1. ಪಾಯಿಂಟ್ 2. ಫೋಕಸ್,1. सबिंदु 2. सकेंद्र
ಕೇಂದ್ರಾಪಗಾಮಿ,अपकेंद्रण
ಕೇಂದ್ರಾಪಗಾಮಿ,अपकेंद्रक
ನಕ್ಷತ್ರ ಕೇಂದ್ರ,तारककेंद्र
ಎಪಿಜೆನೆಟಿಕ್,केंद्रजनिक
ಕೇಂದ್ರರಾಜ,केंद्रजा
ಮಗ್ಗ,लूम
1. ಏಕದಳ 2. ಸೀರಿಯಲ್,1. धान्य 2. सीरियल
1. ಪ್ರಮಾಣೀಕರಣ 2. ಪ್ರಮಾಣೀಕರಣ,1. प्रमाणीकरण 2. प्रमाणन
ಪ್ರಮಾಣೀಕೃತ ಬೀಜ,प्रमाणित बीज
1. ಹುಲ್ಲು 2. ಕುಟ್ಟಿ 3. ಶಾಲಕ್ ಸಹಪಾತ್ರ,1. भूसा 2. कुट्टी 3. शल्क सहपत्र
1. ನಿಭಾಗ್ 2. ಕೈಲಾಜಾ,1. निभाग 2. कैलाजा
ಕೈಮೊಗ್ರಫಿ,रसानुवर्तन
1. ಕಿಯಾಜ್ಮಾ 2. ಕಾರ್ಯನಿರತ,1. किआज्मा 2. व्यत्यस्त
ಸೂಪರ್ ಕೂಲಿಂಗ್ ಗಂಟೆಗಳು,अतिशीतन घंटे
ಫ್ರಾಸ್ಟ್ ಹಾನಿ,शीतज क्षति
1. ವಿಚಿರೋಟಕಿ 2. ಚಿಮೆರಾ,1.  विचित्रोतकी 2. काइमेरा
ಹಸಿರು ಗಂಜಿ,हरित दली
1. ಎಲೆಗಳು 2. ಹಸಿರು,1. पर्णहरित 2. हरितक
ಸೈನೋಸಿಸ್,हरिमाहीनता
ಜೈವಿಕ ವಿತರಣಾ ವಿಜ್ಞಾನ,जीव वितरण विज्ञान
1. ಕ್ರೊಮಾಟಿಡ್ಸ್ 2. ಅರ್ಧ ವರ್ಣತಂತುಗಳು,1. क्रोमैटिड 2. अर्धगुणसूत्र
ಕ್ರೊಮಾಟಿನ್,क्रोमैटिन
ಕ್ರೊಮ್ಯಾಟೋಗ್ರಫಿ,वर्णलेखन
ಕ್ರೊಮಾಟಿಲೇಷನ್,क्रोमोटिनलयन
ಹೃತ್ಕರ್ಣದ ಬಿಂದು,परिसूत्र बिंदु
ಕ್ರೊಮಾಟೊಜೆನೆಸಿಸ್,वर्णजनन
1. ಕ್ರೋಮೋಪ್ರೋಟೀನ್ 2. ಪಿಗ್ಮೆಂಟ್ಪ್ರೋಟೀನ್,1. क्रोमोप्रोटीन 2. वर्णकप्रोटीन
1. ವರ್ಣತಂತುಗಳು 2. ವರ್ಣತಂತುಗಳು,1. गुणसूत्र 2. क्रोमोसोम
1. ದೀರ್ಘಕಾಲದ 2. ದೀರ್ಘಕಾಲದ 3. ದೀರ್ಘಕಾಲದ 4. ಬಳಕೆಯಲ್ಲಿಲ್ಲದ,1. चिरकाली 2. दीर्घकाली 3. जीर्ण 4. पुराना
ಸಿಟ್ರೇಂಜ್,सिट्रेंज
ಶರತ್ಕಾಲದ ಹಬ್ಬ,पर्णाभपर्व
ವರ್ಗೀಕರಣ,वर्गीकरण
1. ಮಣ್ಣು 2. ಮಣ್ಣು,1.मृत्तिका 2. चिकनी मिट्टी
1. ಶುಚಿಗೊಳಿಸುವಿಕೆ 2. ಸ್ಕ್ರಬ್ಬಿಂಗ್ 3. ಸ್ವಚ್ಛಗೊಳಿಸುವಿಕೆ 4. ಶುದ್ಧೀಕರಣ,1. निर्मलन 2. मार्जन 3. सफाई 4.  शोधन
ನಿರಂತರ ಪರಾಗಸ್ಪರ್ಶ,अनुन्मील्य परागण
ಶಿಲುಬೆಯ ಹಣ್ಣು,क्रतिक श्वसनी फल
ಹವಾಮಾನ,जलवायु
ಹವಾಮಾನಶಾಸ್ತ್ರ,जलवायु विज्ञान
ಬರಿಯ,कतरनी
ಉಂಡೆ (ಜೇಡಿಮಣ್ಣು),ढेला (मिट्टी का)
ತದ್ರೂಪಿ,क्लोन
1.ಮೋಡಗಳು 2.ಮೋಡಗಳು,1.मेघ 2. बादल
ಗೊಂಚಲು,पुंज (क्लंप
ಗುಂಪನ್ನು,गुच्छ
1. ಒರಟು 2. ಒರಟು 3. ಕಚ್ಚಾ 4. ಒರಟು,1.स्थूल 2. मोटा 3. कच्चा 4. अपरिष्कृत
1. ಕವರ್ 2. ಲೆಥೆರೆಟ್,1. आवरण 2.  चर्मावरण
ಕೋಯಾ,कोया
1. ಕೋಎಂಜೈಮ್ 2. ಸಹ-ಕಿಣ್ವ,1. कोएन्जाइम 2. सह-एन्जाइम
ಒಗ್ಗಟ್ಟು,संसंजन
1. ಫೈಬರ್ (ಸೆಣಬು) 2. ತೆಂಗಿನಕಾಯಿ ಒರಟು,1. रेशा (जूट पटसन) 2. नारियल जटा
ಮುಳಂಕೂರು ಚೋಳ,मूलांकुर चोल
,
ಕೊಲೊಯ್ಡ್ (ಮಣ್ಣು),कोलॉइड (मृदा)
1.ಕಾಲಮ್ 2.ಕೊಲುಮೆಲ್ಲಾ,1.स्तंभिका 2. कॉलुमेला
1. ಪೆನಾಲ್ಟಿ 2. ಕಾಲಮ್ 3. ಕಾಲಮ್,1.दंड 2. स्तंभ 3. कॉलम
ಕಮ್ಯುನಿಯನ್,सहभोजिता
ವಾಣಿಜ್ಯ ಬ್ಯಾಂಕ್,वाणिज्यिक बैंक
1. ಸರಕು 2. ಸರಕು,1. जिंस 2. पण्य वस्तु
ಸಮುದಾಯ,समुदाय
ಸಂಕೋಚನ (ಮಣ್ಣಿನ),संहनन (मृदा का)
1. ಹೊಂದಾಣಿಕೆ 2. ಹೊಂದಾಣಿಕೆ,1. सुसंगति 2. संगतता
ಹೊಂದಾಣಿಕೆ,सुसंगतता
1. ಪರಿಹಾರ 2. ಪರಿಹಾರ,1. क्षतिपूर्ति 2. मुआवजा
ಸ್ಪರ್ಧಾತ್ಮಕ ಪರಸ್ಪರ ಕ್ರಿಯೆ,स्पर्धी अन्योन्यक्रिया
ಪೂರಕ ಬೆಳೆ,पूरक सस्य
1.ಸಂಯೋಜಿತ 2.ಸಂಕೀರ್ಣ,1.सम्मिश्र 2. जटिल
ಘಟಕ,घटक
ಸಂಯೋಜನೆ,संघटन
ಗೊಬ್ಬರ,कंपोस्ट
ಚಕ್ರಬಡ್ಡಿ,चक्रवृद्धि ब्याज
ಗಣನೆ,अभिकलन
1. ಕಂಪ್ಯೂಟರ್ 2. ಕಂಪ್ಯೂಟರ್,1.अभिकलित्र 2.कंप्यूटर
1. ಏಕಾಗ್ರತೆ 2. ಏಕಾಗ್ರತೆ,1. सांद्रण 2. संकेद्रण
1. ಆಪ್ಟಿಮೈಜರ್ 2. ರಿವೈಟಲೈಸರ್,1. अनुकूलक 2. पुनरुद्धारक
ವಾಹಕತೆ,चालकता
1. ಕಾನ್ಫಿಗರೇಶನ್ 2. ಕಾನ್ಫಿಗರೇಶನ್,1. विन्यास 2. संरूपण
1. ಅನುಸರಣೆ 2. ಸಂರಚನೆ 3. ಅನುಸರಣೆ,1. अनुरूपता 2. समविन्यास 3. संरूपता
1. ಏಕೀಕರಣ 2. ಹೈಬ್ರಿಡೈಸೇಶನ್,1.समाकुलन 2. संकरण
ಸಂಯೋಗ,संयुग्मन
1. ಸಂಯೋಜಕ 2. ಸಂಯೋಜಕ,1. योजी 2. संयोजी
ರಕ್ಷಣೆ,सरंक्षण
ಬಲವರ್ಧನೆ,चकबंदी
1. ಪದಾರ್ಥ 2. ಪದಾರ್ಥಗಳು,1.संघटक 2. अवयव
ಗ್ರಾಹಕ,उपभोक्ता
ಬಳಕೆ,उपभोग
ಮಾಲಿನ್ಯ,संदूषण
ಬಾಹ್ಯರೇಖೆ ನೆಟ್ಟ,समोच्च रोपण
ಬಾಹ್ಯರೇಖೆ ರೇಖೆ,समोच्च रेखा
1. ಗುತ್ತಿಗೆ ಕೃಷಿ 2. ಗುತ್ತಿಗೆ ಕೃಷಿ 3. ಗುತ್ತಿಗೆ ಕೃಷಿ,1.संविदा कृषि 2. ठेका कृषि 3. अनुबंधित खेती
ನಿಯಂತ್ರಿತ ವಾತಾವರಣದ ಶೇಖರಣೆ,नियंत्रित वातावरणीय भंडारण
ಸಹಕಾರಿ ಬ್ಯಾಂಕ್,सहकारी बैंक
ಸಹಕಾರ ಸಂಘದ ಸದಸ್ಯ,सहकारी संस्था सदस्य
ಗುಲ್ಮಾವನ್,गुल्मवन
ಘನಾಕೃತಿಯ,घनकंद
1. ದಾಲ್ಪುಂಜ್ 2. ಕೊರೊಲ್ಲಾ,1.दलपुंज 2. कोरोला
1. ಕಾರ್ಟೆಕ್ಸ್ 2. ಕಾರ್ಟೆಕ್ಸ್,1. वल्कुट 2. कोर्टेक्स
ವೆಚ್ಚ,लागत
ಕೋಟಿಲ್ಡನ್,बीजपत्र
ಕ್ರೆಡಿಟ್ ಸಮಿತಿ,ऋण समिति
1. ಸಾಲ ನೀಡಿಕೆ 2. ಕ್ರೆಡಿಟ್,1.उधार 2. साख
1. ಸಾಲದಾತ 2. ಸಾಲಗಾರ,1. ऋणदाता 2. लेनदार
1. ಕ್ರೆಸ್ಟ್ 2. ಶೃಂಗ 3. ಶಿಖರ,1.शिखा 2. शीर्ष 3. शिखर
ಹಿಂತೆಗೆದುಕೊಳ್ಳುವಿಕೆ,व्याकुंचन
ಸಮಸ್ಯೆ,संकट
ಪರೀಕ್ಷೆ,कसौटी
ನಿರ್ಣಾಯಕ,क्रांतिक
ಬೆಳೆ ವಿಮೆ,फसल बीमा
ಬೆಳೆ ಸಾಲ,फसल ऋण
1. ಬೆಳೆ 2. ಬೆಳೆ,1. सस्य 2. फसल
ಕೃಷಿ ಪ್ರದೇಶ,सस्यन क्षेत्र
ಅಡ್ಡ ಹೊಂದಾಣಿಕೆಯಾಗುವುದಿಲ್ಲ,पार-असंगत
1. ಕಿರೀಟ 2. ಪಿನಾಕಲ್ (ಸಸ್ಯ),1. मुकुट 2. शिखर (पादप)
ಮೃದು ಕಣಗಳು,मृदुकण
ಕ್ರಸ್ಟ್,पपड़ी
1. ಕ್ರಿಪ್ಟೋಗಮ್ 2. ಫ್ಲೋರಿಫಾರ್ಮ್ ಅಲ್ಲದ,1. क्रिप्टोगैम 2. अपुष्पीपादप
ಕತ್ತರಿಸು (ಹಣ್ಣು),छांटन (फल)
ಪೆನ್ನು,कल्म
ತಳಿ ವೈವಿಧ್ಯ,कृष्य किस्म
1. ಎಳೆತ 2. ಕೃಷಿ 3. ಬೇಸಾಯ,1.कर्षण 2. कृषि 3. खेती
1. ರೈತ 2. ಕೃಷಿಕ,1.किसान 2. कल्टीवेटर (यंत्र)
1. ಸಾಗುವಳಿ 2. ಸಾಗುವಳಿ 3. ಪಾಲನೆ,1.संवर्ध 2. संवर्धन 3. पालन
1.ಸಂಪನ್ಮೂಲ 2.ತಯಾರಿಕೆ,1.संसाधन 2.तैयार करना
1.ಕುಂತಲನ್ 2.ಕುಂಚೋನ್,1.कुंतलन 2. कुंचन
ಭಂಗಿ,मुद्रा
1. ಎಪಿಡರ್ಮಿಸ್ 2. ಹೊರಪೊರೆ,1. उपत्वचा 2. क्यूटिकल
1. ಪೆನ್ 2. ಕತ್ತರಿಸುವುದು 3. ಕತ್ತರಿಸುವುದು 4. ಕತ್ತರಿಸುವುದು 5. ಕತ್ತರಿಸುವುದು,1.कलम 2. कटाई 3. काटना 4.कटाग्र 5. कटावा
1. ವರ್ಮ್ ಕಾರ್ಪಸ್ 2. ಚೀಲ 3. ಚೀಲ 4. ವಿರೂಪಗೊಂಡ ಗಡ್ಡೆ 5. ನಿಯೋಪ್ಲಾಸಂ,1.कृमि कोष 2. सिस्ट 3. पुटी 4.विकृत गुल्म 5. रसौली
ಸೈಟೋಕ್ರೋಮ್,साइटोक्रोम
ಜೀವಕೋಶದ ಜೋಡಣೆ,कोशिका युग्मन
ಜೀವಕೋಶದ ಸಂತಾನೋತ್ಪತ್ತಿ,कोशिका जनन
ಜೀವಕೋಶದ ತಳಿಶಾಸ್ತ್ರ,कोशिका आनुवंशिकी
ಸೈಟೋಪ್ಲಾಸ್ಮಿಕ್ ವಿಭಾಗ,कोशिका द्रव्य विभाजन
ಜೀವಕೋಶದ ಜೀವಶಾಸ್ತ್ರ,कोशिका विज्ञान
ಜೀವಕೋಶದ ವಿಘಟನೆ,कोशिका लयन
1. ಸೈಟೋಮಿಯರ್ 2. ಕೋಶ ವಿಭಜನೆ,1. साइटोमियर 2. कोशिका खंड
ಸೈಟೋಪ್ಲಾಸಂ,कोशिका द्रव्य
1. ಡೈರಿ 2. ಡೈರಿ,1.डेरी 2. दुग्धशाला
ಡೈರಿ ಉದ್ಯಮ,डेरी उदयोग
1. ಅಣೆಕಟ್ಟು 2. ತಳಿಗಾರ,1. बांध 2. प्रजननी
ದಿನ ಸಂಪೂರ್ಣ ಸಸ್ಯ,दिवस निरपेक्ष पादप
ಹೂಬಿಡುವ ನಂತರ ದಿನ,पुष्पन के बाद दिन
ಪೂರ್ಣ ಹೂಬಿಡುವ ನಂತರ ದಿನ,पूर्ण पुष्पन के बाद दिन
ಅಸಮರ್ಥತೆ,निष्पुष्पन
ಡಿಕ್ಯಾಲ್ಸಿಫಿಕೇಶನ್,विकैल्सीकरण
1. ಹೊರಹಾಕು 2. ಹೊರಹಾಕು,1. निथारना 2. निस्तारना
ಕೊಳೆತ,क्षय
ಪತನಶೀಲ,पर्णपाती
1. ದಶಮಾಂಶ 2. ದಶಮಾಂಶ,1. दशमिक 2. दशमलव
ಕೀಳರಿಮೆ,न्यूनता
ಅನುರಾನ್ (ಮಣ್ಣು),अनूर्णन (मृदा)
ವಿಪುಷ್ಪನ್,विपुष्पन
ಬಿಲ್ಲಿಂಗ್,विपत्रण
ಅರಣ್ಯನಾಶ,वनोन्मूलन
ಅವಮಾನ,अपहासन
ಅವನತಿ,निम्नीकरण
ಭಾಗ ದಿನ,अंश दिवस
1. ಪ್ರಮಾಣ 2. ಭಾಗ,1.मात्रा 2. अंश
ಅಳಿವು,स्फुटन
ಹೊಟ್ಟು ತೆಗೆಯುವುದು,भूसी हटाना
ಹೊಟ್ಟು ತೆಗೆಯುವುದು,भूसी हटाना
ನಿರ್ಜಲೀಕರಣ,निर्जलीकरण
ಜಲರಹಿತ,निर्जलकारित्र
ಬೇಡಿಕೆ,मांग
1. ಡಿನಾಟರೇಶನ್ 2. ಗುಣಾಕಾರ,1. विकृतीकरण 2. गुणनाशन
ನಿಂದನೆ,अनाच्छादन
1. ಠೇವಣಿ (ಮಣ್ಣು) 2. ಠೇವಣಿ (ಅರ್ಥಶಾಸ್ತ್ರ),1. निक्षेप (मृदा) 2. जमा (अर्थशास्त्र)
ಠೇವಣಿ,निक्षेपण
1. ಸವಕಳಿ 2. ಸವಕಳಿ,1. मूल्यहास 2.अवमूल्यन
ನಿರ್ಲವಣೀಕರಣ,विलवणीकरण
1. ನೀರು ಒಣಗಿಸುವುದು 2. ನಿರ್ಜಲೀಕರಣ,1. जल शुष्कन 2. निर्जलीकरण
1. ವಿನ್ಯಾಸ 2. ವಿನ್ಯಾಸ,1.अभिकल्पना 2. डिजाइन
ಒಣ,शुष्कित्र
ಕರ್ನಲ್ ತೆಗೆಯುವಿಕೆ,गुठली निकालना
ಡಿ-ಇಂಟರ್ಕಲೇಶನ್,वि-अंतः भूस्तारीकरण
ಸಂಯೋಗ,वियुग्मन
1. ಗಂಡು ಮಂಜರಿ ಉದ್ಧರಣ (ಮೆಕ್ಕೆಜೋಳ) 2. ಬಲ್ಲರ್ ಹೊರತೆಗೆಯುವಿಕೆ,1. नर मंजरी निकालना (मक्का) 2. बल्लर निकालना
ಬಲ್ಲರ್ ಅಥವಾ ಕುಂದನ್ ಕತ್ತರಿಸುವುದು,बल्लर या कुंदन को काटना
ನಿರ್ಣಯಕ,निर्धारक
ಅಪಮೌಲ್ಯೀಕರಣ,अवमूल्यन
ಸಸ್ಯರಹಿತ,वनस्पतिरहित करना
ವಿಚಲನ,विचलन
ದುಪ್ಪಟ್ಟು,द्विक
ರೋಗನಿರ್ಣಯ,निदान
ವಿಭಿನ್ನ ಪ್ರಬುದ್ಧತೆ,भिन्नकाल पक्वता
ಕವಲೊಡೆಯುವಿಕೆ,द्विभाजन
1. ಡೈಕೋಟಿಲ್ಡನ್ 2. ಡೈಕೋಟಿಲ್ಡನ್ (ಬೀಜ),1.दविबीजपत्री 2.डाइकोटिलेड़न (बीज)
ಬೆನ್ನು ರೋಗ,पश्चमारी (रोग)
1. ಪ್ರಸರಣ 2. ಪ್ರಸರಣ,1. विसरण 2. विसार
ಜೀರ್ಣಸಾಧ್ಯತೆ,पाचनीयता
ಡೈಹೈಬ್ರಿಡ್,द्विसंकर
1. ಅಣೆಕಟ್ಟು 2. ಚರಂಡಿ 3. ಕುಟುಂಬ,1. बांध 2. नाली 3. परिवाह
ಅತ್ಯಲ್ಪ,तनु
1. ಏಕಪತ್ನಿ 2. ಏಕಪತ್ನಿ,1. एकलिंगाश्रयी 2. पृथक् लिंगी
ಡಿಪ್ಲಾಯ್ಡ್,द्विगुणित
1. ಡಿಪ್ಲಾಯ್ಡ್ 2. ಡಿಪ್ಲಾಯ್ಡ್,1. द्विगुणित 2. डिप्लॉइड
ದ್ವಿಧ್ರುವಿ,द्विसूत्र
1. ಹೊರತೆಗೆಯುವಿಕೆ 2. ಬಡ್ ತೆಗೆಯುವಿಕೆ,1. निष्कलिकायन 2. कलिका निकालना
1. ನೇಗಿಲು ಉಳುಮೆ 2. ನೂಲುವ,1. तवेदार हल चलाना 2. चक्काकरण
ರಿಯಾಯಿತಿ,छूट
ಸೋಂಕುಗಳೆತ,रोगाणुनाशन
1. ಪ್ರಸರಣ 2. ಸ್ಕ್ಯಾಟರಿಂಗ್,1. परिक्षेपण 2. प्रकीर्णन
1. ಚದುರುವಿಕೆ 2. ವ್ಯತ್ಯಾಸ,1.प्रकीर्णन 2.प्रसरण
ವೈವಿಧ್ಯೀಕರಣ,विविधीकरण
ವೈವಿಧ್ಯಮಯ ಕೃಷಿ,विविधीकृत कृषि
ಡಿಎನ್ಎ ಹೆಜ್ಜೆ,डी एन ए सोपान
ಡಿಎನ್ಎ ರಿಸೀವರ್,डी.एन.ए. ग्राही
ಡಾಕ್ ಬಾಡಿಗೆ,गोदी-भाड़ा
ಪರಿಣಾಮಕಾರಿ,प्रभावी
ಸುಪ್ತಾವಸ್ಥೆ,प्रसुप्ति
1. ಪ್ರಮಾಣ 2. ಡೋಸೇಜ್ 3. ಡೋಸೇಜ್,1. मात्रा 2. खुराक 3. डोज
ಡಬಲ್ ಸಿಗ್ಮೋಯ್ಡ್ ಕರ್ವ್,दोहरा सिग्माभ वक्र
1. ಬಿರುಗಾಳಿ 2. ಹಿಗ್ಗಿಸಿ,1. झोंका 2. खिंचाव
1. ಎಕ್ಸಾಸ್ಟ್ ಡ್ರೈನ್ 2. ಎಫ್ಲುಯೆಂಟ್,1. निकास नाली 2. अपवाहिका
ಒಳಚರಂಡಿ,जलनिकास
ಎಳೆತ,कर्षण
1. ಔಷಧಿ ಕೊಡು 2. ಕುಡಿಸು,1.दवा पिलाना 2. दवाई से तर करना
ಸೌಂದರ್ಯವರ್ಧಕಗಳು (ಬೀಜಗಳು),प्रसाधन (बीज)
1. ಆಗರ್ 2. ಆಳವಿಲ್ಲದ ದೋಷ 3. ಡ್ರಿಲ್ 4. ಆಗರ್,1.बरमा 2. उथली भूल 3. ड्रिल 4. वपित्र
1. ರಂಧ್ರ 2. ಡ್ರಿಲ್ 3. ಡ್ರಿಲ್,1.सूराख करना 2. बेधन 3. बरमाना
1. ಕೊರೆಯುವುದು 2. ಡ್ರಿಲ್ನೊಂದಿಗೆ ಬಿತ್ತನೆ 3. ಡ್ರಿಲ್ನೊಂದಿಗೆ ಸುರಿಯುವುದು,1.वेधना 2. ड्रिल से बोना 3. ड्रिल से डालना
ಹನಿ ನೀರಾವರಿ,बूंद-बूंद सिंचाई
ಒಣ ಬೇಸಾಯ,शुष्क खेती
1.ಧೂಳು 2.ಬುಕ್ನೆ,1.धूल 2. बुकनी
1. ಡಸ್ಟರ್ 2. ಸ್ಕ್ಯಾಟರರ್,1.धूलित्र 2. प्रकीर्णक
ಚಿಮುಕಿಸಲು,बुरकना
1. ಕುಬ್ಜ 2. ವಾಮನ,1. बौना 2. वामन
ವಾಮನ ಪಿರಮಿಡ್,वामन पिरामिड
ವಾಮಿನಿ ಭವನ,वामिनीभवन
ಪರಿಸರ ವಿಜ್ಞಾನ,पारिस्थितिकी
ಅರ್ಥಶಾಸ್ತ್ರ,अर्थमिति
ಆರ್ಥಿಕ ದಕ್ಷತೆ,आर्थिक दक्षता
ಸಾಂದರ್ಭಿಕ ಪ್ರಕಾರ,परिस्थितिक प्ररूप
ಹೆಚ್ಚುವರಿ ಶ್ರೇಣೀಕೃತ,बहिःस्तरपोषित
ಮೃದು,मृदीय
ಮಣ್ಣಿನ ವಿಜ್ಞಾನ,मृदा विज्ञान
1. ಸೇತುವೆ 2. ಅಂಚು 3. ಸ್ಟ್ರಾಂಡ್ ಮುಚ್ಚುವಿಕೆ,1. मेड़बंदी 2. किनारा बनाना 3. किनारा बंदी
ಆಹಾರ ಭಾಗ,खाद्य अंश
ಬೇಡಿಕೆಯ ಸ್ಥಿತಿಸ್ಥಾಪಕತ್ವ,मांग की लोच
ಉತ್ಪಾದನಾ ಸ್ಥಿತಿಸ್ಥಾಪಕತ್ವ,उत्पादन लोच
ವಿದ್ಯುದ್ವಿಭಜನೆ,विद्युत्-अपघटन
ಎಲೆಕ್ಟ್ರೋಫೋರೆಸಿಸ್,वैद्युतकण-संचलन
ಆವಿಯಾಗುವಿಕೆ,अवक्षालन
1. ಶಿರಚ್ಛೇದಕ 2. ಕ್ರಿಮಿನಾಶಕ 3. ಶಿರಚ್ಛೇದಕ 4. ಕ್ರಿಮಿನಾಶಕ,1.विपुंसीकारित्र 2. बंधकारित्र 3.विपुंसीकार 4. बंध्यकार
1. ವೀರ್ ಬಂಡಿ 2. ಸ್ಟ್ರಾಬಂಡಿ,1.मेड़ बंदी 2. डौलबंदी
ಭ್ರೂಣ,भ्रूण
1. ಭ್ರೂಣಶಾಸ್ತ್ರ 2. ಭೌತಶಾಸ್ತ್ರ,1. भ्रूणविज्ञान 2. भौणिकी
1. ನಿರ್ಗಮನ 2. ನಿರ್ಗಮನ,1. निकलना 2. निर्गमन
ಎಮಲ್ಸಿಫೈಯರ್,पायसीकारक
ಅಂತರ್ವರ್ಧಕ,अंतर्जात
ಇಂಟ್ರಾ ಪಾಯಿಂಟ್ ವಿಭಾಗ,अंतः सूत्री विभाजन
ಒಳ-ಪರಾವಲಂಬಿ,अंतः परजीवी
ಎಂಡೋಸ್ಪರ್ಮ್,भ्रूणपोष
ಉದ್ಯಮ,उद्यम
ಕೀಟಶಾಸ್ತ್ರ,कीटविज्ञान
ಪರಿಸರ,पर्यावरण
1. ಕಿಣ್ವ 2. ಕಿಣ್ವ,1. प्रकिण्व 2. एन्जाइम
ಕ್ಲಸ್ಟರ್ ಕಸಿ,दलपुंज कलमबंदी
1. ಎಪಿಫೈಟ್ 2. ಎಪಿಫೈಟ್,1. अधिपादप 2. एपिफाइट
ಈಕ್ವಿಟಿ,समानधारिता
ನಿವಾರಣೆ,उन्मूलन
ಅಗತ್ಯ ಪೋಷಕಾಂಶಗಳು,आवश्यक पोषक तत्व
1. ಅಳತೆ 2. ಜಂಪ್ 3. ಮೌಲ್ಯಮಾಪನ,1. परिमापन 2. कूतना 3. आकलन
ಕೈಚಳಕ,पांडुरता
ಸುಜನ್ನಿಕ್,सुजननिक
ಮೌಲ್ಯಮಾಪನ,मूल्यांकन
ಉಗಿ ಮಾಪಕ,वाष्पनमापी
ಆವಿಯಾಗುವಿಕೆ,वाष्पन-वाष्पोत्सर्जन
ಶಾಶ್ವತ ಕ್ರಾಂತಿ,सदाहरित क्रांति
1. ನಿತ್ಯಹರಿದ್ವರ್ಣ 2. ನಿತ್ಯಹರಿದ್ವರ್ಣ,1. सदाहरित 2. सदापर्णी
ಅಭಿವೃದ್ಧಿ,विकास
ಕತ್ತರಿಸಿದ,उच्छेद करना
ಪರೀಕ್ಷಯ್ (ಫಲವತ್ತತೆ),परिक्षय (उर्वरता)
ಶೋಷಣೆ,शोषण
1. ಅನ್ವೇಷಣೆ 2. ಪರಿಶೋಧನೆ,1. खोज 2. अन्वेषण
1. ಹೊರತೆಗೆಯುವಿಕೆ 2. ಹೊರಸೂಸುವಿಕೆ,1. बहिर्वेधन 2. उत्सारण
ಕಣ್ಣು,आंख
1. ಅಂಶ 2. ಘಟಕ 3. ಅಂಶ 4. ಸಂಪನ್ಮೂಲ,1. कारक 2. घटक 3. उपादान 4. साधन
ಅಂಶ ಉತ್ಪಾದಕತೆ,कारक उत्पादकता
ವ್ಯಾಪಾರಿಯ ರಿಯಾಯಿತಿ,आढ़तिये का बट्टा
ಅಪವರ್ತನೀಯ ಬ್ಲಾಕ್ ವಿನ್ಯಾಸ,क्रमगुणित ब्लॉक डिजाइन
ಪರ್ಯಾಯ,विकल्पी
1. ಪಟ್ಟಿ 2. ಪಲಿಹಾರ್,1. पड़ती 2. पलिहर
ಒಟ್ಟು,कुल
ಕ್ಷೇತ್ರ ಮೌಲ್ಯಮಾಪನ,प्रक्षेत्र मूल्यांकन
ಕೃಷಿ ಬಜೆಟ್,प्रक्षेत्र का बजट बनाना
ಕೃಷಿ ವ್ಯಾಪಾರ,कृषि व्यवसाय
ಕ್ಷೇತ್ರ ಯೋಜನೆ,प्रक्षेत्र नियोजन
1. ರೈತ 2. ರೈತ,1. किसान 2. कृषक
1. ಕೃಷಿ 2. ಕೃಷಿ,1. कृषि 2. खेती
ಘರ್ಷಣೆ,संघट्टन
ಬಹು ಸಂತಾನೋತ್ಪತ್ತಿ,बहुप्रजनन
ಹುದುಗುವಿಕೆ,किण्वन
ಫಲವತ್ತತೆ,उर्वरता
ಗೊಬ್ಬರ,उर्वरक
ರಸಗೊಬ್ಬರ ಬಳಕೆಯ ದಕ್ಷತೆ,उर्वरक उपयोग दक्षता
ನಾರಿನಂತಿರುವ,रेशेदार
1. ಫಾರ್ಮ್ 2. ಪ್ರದೇಶ 3. ಸ್ಥಳ,1. खेत 2. क्षेत्र 3. स्थान
ಮಣ್ಣಿನ ನೀರನ್ನು ಹಿಡಿದಿಟ್ಟುಕೊಳ್ಳುವುದು,मृदा जलधारिता
ಕ್ಷೇತ್ರ ಪ್ರದರ್ಶನ,प्रक्षेत्र प्रदर्शन
1. ನಿಶ್ಚಲತೆ 2. ಸ್ಥಿರೀಕರಣ 3. ಸ್ಥಿರೀಕರಣ,1. स्थिरीकरण 2. यौगिकीकरण 3. निर्धारण
1. ಮುಳುಗುವಿಕೆ 2. ಒಳಸೇರಿಸುವಿಕೆ,1. आप्लावन 2. अधिसिंचन
ನಿರ್ವಹಣಾ ಚಿತ್ರ,प्रवाह आरेख
ಆಹಾರ ಮೌಲ್ಯ,खाद्य मान
ಮೇವು,चारा
ಮುನ್ಸೂಚನೆ,पूर्वानुमान
ಅರಣ್ಯ,वन
ಅರಣ್ಯೀಕರಣ,वनरोपण
1. ತಾಡ್ಪರ್ನ್ 2. ಫಾರ್ಮ್,1. ताड़पर्ण 2. प्रपर्ण
ಹಿಮ ನಿರೋಧಕ,तुषार रोधी
1. ಪಾಲಾ 2. ಬ್ಲೈಟ್,1.पाला 2. तुषार
1. ಹೆಪ್ಪುಗಟ್ಟಿದ 2. ಹೆಪ್ಪುಗಟ್ಟಿದ,1. हिमशीतित 2. हिमीकृत
ಕಾರ್ಯ,फलन
1. ಹಣ್ಣಿನ ಪತನ 2. ಹಣ್ಣಿನ ಪತನ,1. फल पातन 2. फल का झड़ना
ಹಣ್ಣಾಗುತ್ತವೆ,फल बनना
1. ಧೂಮೀಕರಣ 2. ಧೂಮೀಕರಣ,1. धूमन 2. धूम देना
ಶಿಲೀಂಧ್ರನಾಶಕ,कवकनाशी
ಶಿಲೀಂಧ್ರನಾಶಕ,कवकरोधी
ಶಿಲೀಂಧ್ರ,कवक
1. ಖುದ್ 2. ಸೀತಾ,1. खूड़ 2. सीता
1. ಫ್ಯೂಷನ್ 2. ಫ್ಯೂಷನ್,1. संलयन 2. संगलन
ಹತ್ತಿ ಉಣ್ಣೆ,रूआं
ಕೂದಲುಳ್ಳ,रोएंदार
1. ಮರದ ಹುಣ್ಣು 2. ಪಿಟಿಕಾ,1. वृक्ष व्रण 2. पिटिका
1. ಗ್ಯಾಮೆಟ್‌ಗಳು 2. ಗ್ಯಾಮೆಟ್‌ಗಳು,1. युग्मक 2. गैमीट
1. ಉದ್ಯಾನ 2. ಉದ್ಯಾನ,1. उद्यान 2. बाग
1. ಪಾನ್ಸಾಲ್ 2. ಹೈಡ್ರೋಮೀಟರ್,1. पनसाल 2. जलमापी
ಜೀನ್ ಸಂಗ್ರಹ,जीन संग्रह
ಜೀನ್ ಟ್ಯಾಗನ್,जीन टैगन
ವಂಶಾವಳಿ,वंशावली विज्ञान
ಜೀನ್ ನಕ್ಷೆ,जीन मानचित्र
ಆನುವಂಶಿಕ,आनुवंशिकी
1. ಜಿನೋಮ್ 2. ಸಂಜೀನ್,1. जीनोम 2. संजीन
ಸಂಜಿನಿ ಸಂಗ್ರಹ,संजीनी संग्रह
ಜೀನೋಮಿಕ್ಸ್,जीनोमिक्स
ಜೀನೋಟೈಪ್,जीनप्ररूपी
1. ಜೀನ್ ರಚನೆ 2. ಜೀನ್ ಪ್ರಕಾರ,1. जीनी संरचना 2. जीन प्ररूप
ವಂಶಾವಳಿ,वंश
1. ಕುಲ 2. ವಂಶ,1. जीनस 2. वंश
1. ಸೂಕ್ಷ್ಮಾಣು 2. ಸೂಕ್ಷ್ಮಾಣು,1. रोगाणु 2. जर्म
ಕ್ರಿಮಿನಾಶಕ,रोगाणुनाशी
ಮೊಳಕೆಯೊಡೆಯುವಿಕೆ,अंकुरण
1. ಜರ್ಮ್ಪ್ಲಾಸಂ 2. ಜರ್ಮ್ಪ್ಲಾಸಂ,1. जननद्रव्य 2. जर्मप्लाज्म
ಗಿಬ್ಬರೆಲಿಕ್ ಆಮ್ಲ,जिबरेलिक अम्ल
ಕೊಯ್ಲು,ओटना
ತುಶ್,तुष
1. ಅಂಟು 2. ಹೊಟ್ಟೆಬಾಕತನ,1. लसदार 2. ग्लूटिनी
ಗ್ಲೈಕೋಲಿಸಿಸ್,ग्लाइकोलिसिस
Sundara,नाइस
ಸುವರ್ಣ ಕ್ರಾಂತಿ,स्वर्णिम क्रांति
1. ವರ್ಗೀಕರಣ 2. ವರ್ಗೀಕರಣ 3. ಶ್ರೇಣೀಕರಣ,1. श्रेणीकरण 2. वर्गीकरण 3. स्तरीकरण
1. ನಾಟಿ ಸಸ್ಯ 2. ಪೆನಂಬ್ರಲ್ ಸಸ್ಯ,1. कलमबंद पादप 2. कलमी पौधा
ಪೆನ್ ಅಸಮಂಜಸ,कलम असंगत
ಗ್ರಾನಾ,ग्रैना
ಗ್ರಾನುಲೇಷನ್,कणिकायन
ಹಸಿರು ಗೊಬ್ಬರ,हरी खाद
ಹಸಿರು ಕ್ರಾಂತಿ,हरित क्रांति
ಬೆಳವಣಿಗೆ ಮತ್ತು ಅಭಿವೃದ್ಧಿ,वृद्धि और परिवर्धन
1. ಗಮ್ ರೋಗ,1. गोंद रोग 2. गोंदार्ति
ಭಿನ್ನಲಿಂಗೀಯ,भिन्नस्थ - उभयस्त्रीलिंगी
1. ಪ್ರಕೃತಿ 2. ಪ್ರಕೃತಿ 3. ರೂಪಗುಣ 4. ತೋರಿಕೆ,1. प्रकृति 2. स्वभाव 3. रूपगुण 4. स्वरूप
1. ಓಲ 2. ಕರ್ಕಪಟ 3. ಕರ್ಕ,1. ओला 2. करकापात 3. करका
ರೋಮಿಲ್ವಾಚ್,रोमिलवैच
ಲವಣಯುಕ್ತ ಚೀಲ,लवणमृदोद्भिद्
ಹಾರೋ,हैरो
1. ಕೊಯ್ಲು ಸೂಚ್ಯಂಕ 2. ಕೊಯ್ಲು ಸೂಚ್ಯಂಕ,1. तुड़ाई सूचकांक 2. कटाई सूचकांक
1. ಕೊಯ್ಲು 2. ಕೊಯ್ಲು ಮಾಡಿದ ಬೆಳೆ 3. ಮುಗಿದ ಬೆಳೆ 4. ಇಳುವರಿ,1.कटाई 2. कटी फसल 3. तैयार फसल 4. उपज
1. ಕೀಳುವುದು 2. ಕೊಯ್ಲು 3. ಕೀಳುವುದು,1. तोड़ना 2. कटाई 3. तुड़ाई
1. ಮೊಟ್ಟೆ ಇಡುವುದು 2. ಮೊಟ್ಟೆಯ ಬಲ,1. अंडे से निकलना 2. अंडा सेना
ಒಣ ಹುಲ್ಲು,सूखी घास
ಒಣ ಆಹಾರ,सूखा चारा
ಗಂಜಿ,गंजी
ಮಬ್ಬು,धुंध
ಮಸುಕಾದ,धुंधता
1. ಬಾಲಿ 2. ಸಿಟ್ಟಾ 3. ಮುಂಡಕ್ 4. ಟಾಪ್ 5. ಹೆಡ್ 6. ಸಿರಾ,1. बाली 2. सिट्टा 3.मुंडक 4. शीर्ष 5. सिर 6. सिरा
ತೋಡು ಕೊನೆಯಲ್ಲಿ,सिरा (नाली का)
ಅಗ್ರ ಸಮರುವಿಕೆಯನ್ನು,शीर्ष छंटाई
ಬೇಲಿ,बाड़
ಪಾಲನೆ,अधिरक्षण
ಕುಂಡಲಿನಿ,कुंडलिनी
ಹೆಮಟೈಟ್,हेमैटाइट
1. ಮೂಲಿಕೆ 2. ಮೂಲಿಕೆ,1. शाक 2. बूटी
1.ಬೊಟಾನಿಕಲ್ ಕಲೆಕ್ಷನ್ 2.ಬೊಟಾನಿಕಲ್ ಮ್ಯೂಸಿಯಂ,1.वनस्पति संग्रह 2. वनस्पति संग्रहालय
ಸಸ್ಯನಾಶಕ,शाकनाशी
ಅನುವಂಶಿಕತೆ,आनुवंशिकता
ಅನುವಂಶಿಕತೆ,वंशागतित्व
ಉಭಯಲಿಂಗಿ,उभयलिंगी
ಭಿನ್ನವರ್ಣದ,विषमवर्णी
ಹೆಟೆರೊಫರ್ಟಿಲೈಸೇಶನ್,विषम-निषेचन
1. ಹೈಬ್ರಿಡೋಸ್ 2. ಹೆಟೆರೋಸಿಸ್,1. संकरओज 2. हेटेरोसिस
ಲೈಂಗಿಕ ವರ್ಣತಂತುಗಳು,लिंगक्रोमोसोम
ಪೋಷಿಸಿದರು,परपोषित
ಹೆಕ್ಸಾಡೆಸಿಮಲ್,षड्गुणित
ಶೀತ ಸುಪ್ತ,शीत निष्क्रियता
ಹೆಚ್ಚಿನ ಸಾಂದ್ರತೆಯ ನೆಡುವಿಕೆ,उच्च सघनता रोपण
1. ಪಿಂಡ್ಲಾಕ್ 2. ಬೆಟ್ಟ (ಭತ್ತ),1. पिंडलक 2. हिल (धान)
ಹಿಸ್ಟೋಗ್ರಾಮ್,आयतचित्र
ಹೈಟೆಕ್ ತೋಟಗಾರಿಕೆ,उच्च तकनीकी औद्यानिकी
1.ಮೊಸರು 2. ಜೇನುಗೂಡು,1.करंड 2. छत्ता
1. ಕಳೆ ಕಿತ್ತಲು 2. ಕಳೆ ಕಿತ್ತಲು,1.गुड़ाई 2. गोड़ना
ಹಿಡಿದು,जोत
ಖಾಸಗಿ ಫಾರ್ಮ್,निजी फार्म
ಹೋಮಿಯೋಸ್ಟಾಸಿಸ್,समस्थिति
ತಾಯ್ನಾಡು,वासभूमि
ಏಕರೂಪತೆ,समांगता
1. ಏಕರೂಪದ 2. ಏಕರೂಪದ,1.सजातीय 2. समांगी
ಸಹಾನುಭೂತಿಯುಳ್ಳ,समधर्मी
ಹೋಮೋಜೈಗಸ್,समयुग्मज
1. ಖುರ್ರಿಕಾ 2. ಆಹಾರ ಧಾರಕ 3. ಹ್ಯಾಪರ್,1.खुरलिका 2. खाद्यधानी 3. हापर
1. ಲೇಯರ್ 2. ಹಾರಿಜಾನ್,1.संस्तर 2. क्षितिज
ತೋಟಗಾರಿಕಾ ಬೆಳೆಗಳು,औद्यानिक फसलें
1. ತೋಟಗಾರಿಕೆ 2. ತೋಟಗಾರಿಕೆ 3. ತೋಟಗಾರಿಕೆ 4. ತೋಟಗಾರಿಕೆ,1. उद्यान विज्ञान 2. बागवानी 3. उद्यान कृषि 4.औदयानिकी
