Malayalam,Marathi
അബാക്കസ്,अॅबॅकस
അസാധാരണമായ അവസാനിപ്പിക്കൽ,असामान्य समाप्ती
ഉപേക്ഷിക്കുക,गर्भपात
കേവല,निरपेक्ष
സമ്പൂർണ്ണ വിലാസം,परिपूर्ण पत्ता
സമ്പൂർണ്ണ അഭിസംബോധന,निरपेक्ष संबोधन
കേവല അസംബ്ലർ,परिपूर्ण असेंबलर
കേവല കോഡ്,परिपूर्ण कोड
സമ്പൂർണ്ണ കമാൻഡ്,निरपेक्ष आज्ञा
സമ്പൂർണ്ണ ഡാറ്റ,परिपूर्ण डेटा
സമ്പൂർണ്ണ നിർദ്ദേശം,परिपूर्ण सूचना
കേവല മോഡ്,परिपूर्ण मोड
കേവല പാത,परिपूर्ण मार्ग
സമ്പൂർണ്ണ പ്രോഗ്രാമിംഗ്,परिपूर्ण प्रोग्रामिंग
അമൂർത്ത ക്ലാസ്,अमूर्त वर्ग
അമൂർത്ത ഡാറ്റ തരം,अमूर्त डेटा प्रकार
അമൂർത്ത യന്ത്രം,अमूर्त मशीन
അമൂർത്ത ചിഹ്നം,अमूर्त चिन्ह
അമൂർത്തമായ വാക്യഘടന,अमूर्त वाक्यरचना
സ്വീകാര്യത പരിശോധന,स्वीकृती चाचणी
ആക്സസ് പ്രാമാണീകരണം,प्रवेश प्रमाणीकरण
പ്രവേശന കോഡ്,प्रवेश कोड
പ്രവേശന നിയന്ത്രണം,प्रवेश नियंत्रण
ആക്സസ് സ്കാൻ,प्रवेश स्कॅन
ഉപസാധനം,ऍक्सेसरी
അക്കൗണ്ട്,खाते
അക്കൗണ്ട് ID,खाते आयडी
ശേഖരണം,संचयक
കൃത്യത,अचूकता
പ്രവേശനം,प्रवेश
ആക്സസ് കൺട്രോൾ ബൈറ്റ്,ऍक्सेस कंट्रोल बाइट
പ്രവേശന സൂചിക,प्रवेश निर्देशांक
ആക്സസ് കീ,प्रवेश की
ആക്സസ് മാട്രിക്സ്,ऍक्सेस मॅट्रिक्स
ആക്സസ് മോഡ്,प्रवेश मोड
ആക്സസ് പ്രിവിലേജ്,प्रवेश विशेषाधिकार
ആക്സസ് സുരക്ഷ,प्रवेश सुरक्षा
ആക്സസ് സെർവർ,ऍक्सेस सर्व्हर
പ്രവേശന സമയം,प्रवेश वेळ
അംഗീകാരം,पोचपावती
ശബ്ദശാസ്ത്രം,ध्वनीशास्त्र
സംക്ഷേപം,परिवर्णी शब्द
പ്രവർത്തന സന്ദേശം,क्रिया संदेश
സജീവമാക്കൽ,सक्रियकरण
സജീവ സെർവർ പേജ് (ASP),सक्रिय सर्व्हर पृष्ठ (एएसपी)
സജീവ പതിപ്പ്,सक्रिय आवृत्ती
അസൈക്ലിക്,अॅसायक्लिक
അസൈക്ലിക് ഗ്രാഫ്,अॅसायक्लिक आलेख
അഡാ ഭാഷ,अडा भाषा
അഡാപ്റ്റർ,अडॅप्टर
ചേർക്കുക,जोडा
ഫയൽ ചേർക്കുക,फाइल जोडा
പ്രവർത്തനം ചേർക്കുക,ऑपरेशन जोडा
ചേർക്കുന്നയാൾ,जोडणारा
വിലാസം,पत्ता
വിലാസം ബസ്,पत्ता बस
വിലാസ ഫയൽ,पत्ता फाइल
വിലാസ ഫോർമാറ്റ്,पत्त्याचे स्वरूप
വിലാസ ജനറേറ്റർ,पत्ता जनरेटर
വിലാസ ലൈൻ,पत्ता ओळ
വിലാസ മാപ്പിംഗ്,पत्ता मॅपिंग
വിലാസ സൂചിക,पत्ता सूचक
വിലാസ രജിസ്റ്റർ,पत्ता नोंदवही
വിലാസം റെസലൂഷൻ,पत्ता ठराव
വിലാസ വിവർത്തനം,पत्ता अनुवाद
അഭിസംബോധന ചെയ്ത മെമ്മറി,संबोधित मेमरी
അഭിസംബോധന,संबोधित करणे
പര്യാപ്തത മാനദണ്ഡം,पर्याप्तता निकष
അനുബന്ധം,संलग्न
ഭരണകൂടം,प्रशासन
കാര്യനിർവാഹകൻ,प्रशासक
അഡോബ് അക്രോബാറ്റ്,adobe acrobat
അഡോബ് ഫോട്ടോഷോപ്പ്,अडोब फोटोशाॅप
അഡ്വാൻസ് ബിസിനസ് ആപ്ലിക്കേഷൻ പ്രോഗ്രാമിംഗ് (ABAP),अॅडव्हान्स बिझनेस अॅप्लिकेशन प्रोग्रामिंग (ABAP)
വിപുലമായ ഡാറ്റ,प्रगत डेटा
വിപുലമായ വിവര സംവിധാനം,प्रगत माहिती प्रणाली
നൂതന സാങ്കേതികവിദ്യ (AT),प्रगत तंत्रज्ञान (AT)
ഏജന്റ്,एजंट
സമാഹരണം,एकत्रीकरण
വായുവിലൂടെയുള്ള കമ്പ്യൂട്ടർ സംവിധാനം,एअरबोर्न संगणक प्रणाली
ആൽഡസ് പേജ് മേക്കർ,aldus पृष्ठ निर्माता
മുന്നറിയിപ്പ് ബോക്സ്,इशारा बॉक्स
ആൽഗോൾ,अल्गोल
അൽഗോരിതം,अल्गोरिदम
അൽഗോരിതം വിശകലനം,अल्गोरिदम विश्लेषण
അൽഗോരിതം കാര്യക്ഷമത,अल्गोरिदम कार्यक्षमता
അപരനാമം,उर्फ
വിന്യാസം,संरेखन
വിഹിതം,वाटप
അക്ഷരമാലാക്രമം,वर्णमाला
ആൽഫാന്യൂമെറിക്,अल्फान्यूमेरिक
ആൽഫാന്യൂമെറിക് കീ ബോർഡ്,अल्फान्यूमेरिक की बोर्ड
ആൽഫ-ടെസ്റ്റ്,अल्फा-चाचणी
ആൽഫ പതിപ്പ്,अल्फा आवृत्ती
alt കീ,alt की
അൾട്ടാവിസ്റ്റ,altavista
അവ്യക്തത,अस्पष्टता
അവ്യക്തമായ വ്യാകരണം,अस्पष्ट व्याकरण
അമേരിക്കൻ നാഷണൽ സ്റ്റാൻഡേർഡ് ഇൻസ്റ്റിറ്റ്യൂട്ട് (ANSI),अमेरिकन राष्ट्रीय मानक संस्था (ANSI)
അമേരിക്കൻ സ്റ്റാൻഡേർഡ് കോഡ് ഫോർ ഇൻഫർമേഷൻ ഇന്റർചേഞ്ച് (ASCII),अमेरिकन स्टँडर्ड कोड फॉर इन्फॉर्मेशन इंटरचेंज (ASCII)
അനലോഗ്,अॅनालॉग
അനലോഗ് കമ്പ്യൂട്ടർ,अॅनालॉग संगणक
അനലോഗ് ഉപകരണം,अॅनालॉग डिव्हाइस
അനലോഗ് മോഡം,अॅनालॉग मॉडेम
അനലോഗ് ടു ഡിജിറ്റൽ കൺവെർട്ടർ (ADC),अॅनालॉग ते डिजिटल कनव्हर्टर (ADC)
ഒപ്പം,आणि
കൂടാതെ സർക്യൂട്ട്,आणि सर्किट
ഒപ്പം ഗേറ്റും,आणि गेट
കൂടാതെ പ്രവർത്തനമല്ല (ഒഴിവാക്കൽ),आणि ऑपरेशन नाही (अपवर्जन)
ആനിമേഷൻ,अॅनिमेशन
വ്യാഖ്യാനം,भाष्य
അപാകത,विसंगती
മുൻഗാമി,पूर्ववर्ती
മുൻകൂർ പേജിംഗ്,आगाऊ पेजिंग
വിരുദ്ധ സമമിതി,विरोधी सममित
ആന്റിവൈറസ് പ്രോഗ്രാം,अँटीव्हायरस प्रोग्राम
ആപ്ലെറ്റ്,ऍपलेट
ആപ്ലിക്കേഷൻ ഡെവലപ്പർ,अनुप्रयोग विकासक
ആപ്ലിക്കേഷൻ പ്രോഗ്രാമിംഗ്,अनुप्रयोग प्रोग्रामिंग
ആപ്ലിക്കേഷൻ പ്രോഗ്രാമിംഗ് ഇന്റർഫേസ് (API),ऍप्लिकेशन प्रोग्रामिंग इंटरफेस (API)
ആപ്ലിക്കേഷൻ സോഫ്റ്റ്വെയർ,अनुप्रयोग सॉफ्टवेअर
ബാധകമായ ഭാഷ,उपयोजक भाषा
ഏകദേശ സിദ്ധാന്തം,अंदाजे सिद्धांत
വാസ്തുവിദ്യ,आर्किटेक्चर
ഏരിയ കൈമാറ്റം,क्षेत्र हस्तांतरण
വാദം,युक्तिवाद
"ഗണിത, യുക്തി യൂണിറ്റ്",अंकगणित आणि तर्कशास्त्र एकक
ഗണിത പരിശോധന,अंकगणित तपासणी
ഗണിത സ്ഥിരാങ്കം,अंकगणित स्थिरांक
ഗണിത ഡാറ്റ,अंकगणित डेटा
ഗണിത നിർദ്ദേശം,अंकगणित सूचना
ഗണിതവും യുക്തിയും യൂണിറ്റ് (ALU),अंकगणित आणि तर्कशास्त्र एकक (ALU)
അർപാനെറ്റ്,अर्पानेट
അറേ,रचना
അറേ കാഷെ,अॅरे कॅशे
അറേ കമ്പ്യൂട്ടർ,अॅरे संगणक
അറേ ഘടകം,अॅरे घटक
അറേ പേര്,अॅरे नाव
അറേ പ്രോസസർ,अॅरे प्रोसेसर
അമ്പടയാള കീകൾ,बाण दर्शक बटणे
ഉച്ചാരണം,उच्चार
ആർട്ടിക്കുലേഷൻ പോയിന്റ്,उच्चार बिंदू
കൃത്രിമ കോംപാക്ഷൻ,कृत्रिम कॉम्पॅक्शन
കൃത്രിമ നിയന്ത്രണം,कृत्रिम नियंत्रण
നിർമ്മിത ബുദ്ധി,कृत्रिम बुद्धिमत्ता
ആരോഹണം,चढणारा
ആരോഹണ തരം,चढत्या क्रमवारी
ASCII ബെറ്റിക്കൽ ഓർഡർ,ASCII बेटिकल ऑर्डर
ASCII നിയന്ത്രണ പ്രതീകം,ASCII नियंत्रण वर्ण
ASCII ഫയൽ,ASCII फाइल
ASCII ഫോണ്ട്,ASCII फॉन्ट
ASCII കൈമാറ്റം,ASCII हस्तांतरण
വീക്ഷണാനുപാതം,प्रसर गुणोत्तर
എ.എസ്.പി.ഐ,एएसपीआय
ASR ടൈമർ,ASR टाइमर
കൂട്ടിച്ചേർക്കുക,एकत्र करणे
അസംബ്ലർ,असेंबलर
അസംബ്ലി,विधानसभा
അസംബ്ലി ഭാഷ,विधानसभा भाषा
അവകാശവാദം,प्रतिपादन
നിയമനം,असाइनमेंट
അസോസിയേഷൻ,संघटना
അനുബന്ധ വിലാസം,सहयोगी पत्ता
അനുബന്ധ മെമ്മറി,सहयोगी स्मृती
ആസ്റ്ററിക്,asteric
അസമമായ,असममित
അസമന്വിത,असिंक्रोनस
അസിൻക്രണസ് ഡിജിറ്റൽ സബ്സ്ക്രൈബർ ലൈൻ (ADSL),असिंक्रोनस डिजिटल सबस्क्राइबर लाइन (ADSL)
അസിൻക്രണസ് ടൈം ഡിവിഷൻ മൾട്ടിപ്ലെക്സിംഗ് (ATDM),असिंक्रोनस टाइम डिव्हिजन मल्टीप्लेक्सिंग (ATDM)
അസമന്വിത കൈമാറ്റം,असिंक्रोनस हस्तांतरण
അസിൻക്രണസ് ട്രാൻസ്ഫർ മോഡ് (എടിഎം),एसिंक्रोनस ट्रान्सफर मोड (एटीएम)
ആറ്റം,अणू
അറ്റാച്ചുചെയ്ത പ്രമാണം,संलग्न दस्तऐवज
അറ്റാച്ചുചെയ്ത ഫയൽ,संलग्न फाइल
ബന്ധം,संलग्नक
ആട്രിബ്യൂട്ട്,विशेषता
ഓഡിയോ,ऑडिओ
ഓഡിറ്റ് പ്രോഗ്രാമിംഗ്,ऑडिट प्रोग्रामिंग
ഓഡിറ്റ് ട്രയൽ,तपासणीचे सूत्र
വർദ്ധിപ്പിക്കൽ,वाढ
പ്രാമാണീകരണ പ്രോട്ടോക്കോൾ,प्रमाणीकरण प्रोटोकॉल
എഴുത്ത് സംവിധാനം,ऑथरिंग सिस्टम
അംഗീകാരം,अधिकृतता
യാന്ത്രിക സംഗ്രഹം,स्वयं गोषवारा
ഓട്ടോബൂട്ടിംഗ്,ऑटोबूटिंग
ഓട്ടോകാഡ്,ऑटोकॅड
ഓട്ടോലോഗ് ഓൺ,ऑटोलॉग चालू
ഓട്ടോമാറ്റ,स्वयंचलित
ഓട്ടോമാറ്റ സിദ്ധാന്തം,ऑटोमेटा सिद्धांत
ഓട്ടോമാറ്റിക് കമ്പ്യൂട്ടിംഗ്,स्वयंचलित संगणन
ഓട്ടോമാറ്റിക് ഡാറ്റ പ്രോസസ്സിംഗ്,स्वयंचलित डेटा प्रक्रिया
യാന്ത്രിക പിശക് തിരുത്തൽ,स्वयंचलित त्रुटी सुधारणा
യാന്ത്രിക പ്രവർത്തനം,स्वयंचलित कार्य
ഓട്ടോമാറ്റിക് ഇൻഡെക്സിംഗ്,स्वयंचलित अनुक्रमणिका
ഓട്ടോമാറ്റിക് ലൈബ്രറി കോൾ,स्वयंचलित लायब्ररी कॉल
ഓട്ടോമാറ്റിക് പ്രോഗ്രാമിംഗ്,स्वयंचलित प्रोग्रामिंग
യാന്ത്രിക വീണ്ടെടുക്കൽ പ്രോഗ്രാം,स्वयंचलित पुनर्प्राप्ती कार्यक्रम
യാന്ത്രിക ദിനചര്യ,स्वयंचलित दिनचर्या
ഓട്ടോമാറ്റിക് സിസ്റ്റം വീണ്ടെടുക്കൽ,स्वयंचलित प्रणाली पुनर्प्राप्ती
ഓട്ടോമാറ്റിക് ടെല്ലർ മെഷീൻ (എടിഎം),स्वयंचलित टेलर मशीन (एटीएम)
ഓട്ടോമേഷൻ,ऑटोमेशन
ഓട്ടോപ്ലേ,ऑटो प्ले
സ്വയം സംരക്ഷിക്കുക,स्वयं जतन करा
സഹായകമായ,सहाय्यक
സഹായ മെമ്മറി,सहाय्यक मेमरी
സഹായ സംഭരണം,सहायक स्टोरेज
ലഭ്യമായ പട്ടിക,उपलब्ध यादी
ലഭ്യമായ സമയം,उपलब्ध वेळ
ശരാശരി,सरासरी
awk (ഭാഷ),awk (भाषा)
പിൻഭാഗം,बॅकएंड
ബാക്കെൻഡ് പ്രോസസർ,बॅकएंड प्रोसेसर
ബാക്ക്ഫേസ് നീക്കം,बॅकफेस काढणे
പശ്ചാത്തല പ്രോസസ്സിംഗ്,पार्श्वभूमी प्रक्रिया
ബാക്കിംഗ് സ്റ്റോർ,बॅकिंग स्टोअर
ബാക്ക്പാച്ചിംഗ്,बॅकपॅचिंग
ബാക്ക്സ്പേസ്,बॅकस्पेस
ബാക്ക്ട്രാക്കിംഗ്,बॅकट्रॅकिंग
ബാക്ക്-അപ്പ്,बॅकअप
ബാക്കപ്പ് മെമ്മറി,बॅकअप मेमरी
പിന്നോട്ട് പിശക് വീണ്ടെടുക്കൽ,मागास त्रुटी पुनर्प्राप्ती
ബാലൻസ് ഷീറ്റ്,ताळेबंद
ബാൻഡ്,बँड
ബാൻഡ് വീതി,बँड रुंदी
ബാങ്കറുടെ അൽഗോരിതം,बँकरचा अल्गोरिदम
ബാർ കോഡ്,बार कोड
ബാർ കോഡ് സ്കാനർ,बार कोड स्कॅनर
ബാർ ഗ്രാഫ്,बार आलेख
അടിസ്ഥാന വിലാസം,मूळ पत्ता
അടിസ്ഥാന ബാൻഡ്,बेस बँड
അടിസ്ഥാന നമ്പർ,आधार क्रमांक
അടിസ്ഥാന പട്ടിക,बेस टेबल
അടിസ്ഥാനം,बेसिक
അടിസ്ഥാന നിയന്ത്രണം,मूलभूत नियंत्रण
അടിസ്ഥാന ഇൻപുട്ട്,मूलभूत इनपुट
അടിസ്ഥാന നിർദ്ദേശം,मूलभूत सूचना
അടിസ്ഥാന ഔട്ട്പുട്ട്,मूलभूत आउटपुट
അടിസ്ഥാന ഘട്ടം,मूलभूत पायरी
ബാച്ച്,तुकडी
ബാച്ച് ഫയൽ,बॅच फाइल
ബാച്ച് സ്ഥാനം,बॅच स्थिती
ബാച്ച് പ്രോസസ്സിംഗ്,बॅच प्रक्रिया
ബാച്ച് സിസ്റ്റം,बॅच सिस्टम
ബൗഡ്,बॉड
ബാഡ് നിരക്ക്,बॉड दर
ബീം,तुळई
ബെഞ്ച്മാർക്ക്,बेंचमार्क
ദ്വിദിശ ആശയവിനിമയം,द्विदिश संप्रेषण
ദ്വിദിശ ലിങ്ക്,द्विदिश दुवा
ബൈനറി കോഡ്,बायनरी कोड
ബൈനറി അക്കം,बायनरी अंक
ബൈനറി ഇൻപുട്ട് ഔട്ട്പുട്ട് സിസ്റ്റം (BIOS),बायनरी इनपुट आउटपुट सिस्टम (BIOS)
ബൈനറി നമ്പർ,बायनरी संख्या
ബൈനറി ഓപ്പറേറ്റർ,बायनरी ऑपरेटर
ബൈനറി ബന്ധം,बायनरी संबंध
ബൈനറി തിരയൽ,बायनरी शोध
ബൈനറി സെർച്ച് ട്രീ (BST),बायनरी सर्च ट्री (BST)
ബൈനറി കൈമാറ്റം,बायनरी हस्तांतरण
ബൈനറി മരം,बायनरी झाड
ബൈപോളാർ മെമ്മറി,द्विध्रुवीय मेमरी
ജനന മരണ മാതൃക,जन्म मृत्यू मॉडेल
ജനന മരണ പ്രക്രിയ,जन्म मृत्यू प्रक्रिया
ബിറ്റ്,बिट
ചെറിയ തെറ്റ്,थोडा दोष
ബിറ്റ് മാപ്പ്,बिट नकाशा
ബിറ്റ് മാപ്പ് പിക്സൽ (BMP),बिट मॅप पिक्सेल (BMP)
ബിറ്റ് മാട്രിക്സ്,बिट मॅट्रिक्स
ബിറ്റ് പാറ്റേൺ,बिट नमुना
ബിറ്റ് സ്ഥാനം,बिट स्थिती
ബിറ്റ് നിരക്ക്,बिट दर
ബ്ലാക്ക് ബോക്സ് പരിശോധന,ब्लॅक बॉक्स चाचणी
മിന്നിമറയുന്നു,लुकलुकणे
തടയുക,ब्लॉक
കാഷെ തടയുക,ब्लॉक कॅशे
ബ്ലോക്ക് ചെക്ക്,ब्लॉक चेक
ബ്ലോക്ക് കോപ്പി,ब्लॉक कॉपी
ബ്ലോക്ക് ഡയഗ്രം,ब्लॉक आकृती
തടയൽ ശൃംഖല,ब्लॉकिंग नेटवर्क
ബോർഡ്,बोर्ड
ബുക്ക് മാർക്ക്,पुस्तक चिन्ह
ബൂലിയൻ ബീജഗണിതം,बुलियन बीजगणित
ബൂളിയൻ ബന്ധം,बुलियन संबंध
ബൂട്ട് പാർട്ടീഷൻ,बूट विभाजन
ബൂട്ട് സ്ട്രാപ്പിംഗ്,बूट strapping
ബൂട്ട് സ്ട്രാപ്പ് ലോഡർ,बूट-स्ट्रॅप लोडर
പാലം,पूल
ബ്രോഡ്‌ബാൻഡ് നെറ്റ്‌വർക്കിംഗ്,ब्रॉडबँड नेटवर्किंग
പ്രക്ഷേപണം,प्रसारण
പ്രക്ഷേപണം റേഡിയോ,रेडिओ प्रसारित करा
ബ്രൗസ് ചെയ്യുക,ब्राउझ करा
ബ്രൗസർ,ब्राउझर
ബി-ട്രീ,बी-वृक्ष
ബബിൾ മെമ്മറി,बबल मेमरी
ബബിൾ അടുക്കുക,बबल क्रमवारी
ബക്കറ്റ്,बादली
ബഡ്ഡി സിസ്റ്റം,मित्र प्रणाली
ബജറ്റ് ഫലപ്രദമായ നിയന്ത്രണം,बजेट प्रभावी नियंत्रण
ബഫർ,बफर
ബഗ്,किडा
ബസ്,बस
ബൈറ്റ്,बाइट
ബൈറ്റ് കോഡ്,बाइट कोड
സി,c
C++,C++
കാഷെ,कॅशे
കാഷെ ബഫർ,कॅशे बफर
കാഷെ മെമ്മറി,कॅशे मेमरी
കണക്കുകൂട്ടല്,गणना
കാൽക്കുലേറ്റർ,कॅल्क्युलेटर
കാൽക്കുലേറ്റർ ചിപ്പ്,कॅल्क्युलेटर चिप
വിളി,कॉल
പേര് വിളിക്കുക,नावाने कॉल करा
റഫറൻസ് വഴി വിളിക്കുക,संदर्भानुसार कॉल करा
മൂല്യമനുസരിച്ച് വിളിക്കുക,मूल्यानुसार कॉल करा
വേരിയബിളുകൾ വഴി വിളിക്കുക,व्हेरिएबल्सद्वारे कॉल करा
കോൾ ഗേറ്റ്,कॉल गेट
റദ്ദാക്കുക,रद्द करा
റദ്ദാക്കുക ബട്ടൺ,रद्द करा बटण
കാനോനിക്കൽ,प्रामाणिक
കാനോനിക്കൽ രൂപം,प्रामाणिक स्वरूप
കഴിവ്,क्षमता
കഴിവ് പട്ടിക,क्षमता यादी
ശേഷി,क्षमता
ക്യാപ്സ് ലോക്ക് കീ,कॅप्स लॉक की
കാർഡ്,कार्ड
കാർഡ് റീഡർ,कार्ड रीडर
കാർഡിനാലിറ്റി,मुख्यत्वे
വാഹകൻ,वाहक
കാരിയർ ബാൻഡ്,वाहक बँड
കാരിയർ ലോഡ്,वाहक लोड
കാരിയർ സിഗ്നൽ,वाहक सिग्नल
കാരിയർ തരംഗം,वाहक लहर
കൊണ്ടുപോകുക,वाहून नेणे
അക്കം കൊണ്ടുപോകുക,कॅरी अंक
പതാക വഹിക്കുക,ध्वज घेऊन जा
കാട്രിഡ്ജ് ഡിസ്ക്,काडतूस डिस्क
കാസ്കേഡ്,कॅस्केड
കേസ്,केस
കാഥോഡ് റേ ട്യൂബ് (CRT),कॅथोड रे ट्यूब (सीआरटी)
കാഥോഡ് റേ ട്യൂബ് (CRT),कॅथोड रे ट्यूब (सीआरटी)
സിഡി റോം ഡിസ്ക് ഡ്രൈവ്,CD ROM डिस्क ड्राइव्ह
സെൽ,सेल
സെൽ ആനിമേഷൻ,सेल अॅनिमेशन
സെല്ലുലാർ ഫോൺ,भ्रमणध्वनी
കേന്ദ്ര മെമ്മറി,केंद्रीय स्मृती
സെൻട്രൽ പ്രോസസ്സിംഗ് യൂണിറ്റ് (സിപിയു),सेंट्रल प्रोसेसिंग युनिट (CPU)
കേന്ദ്രീകൃത സംവിധാനം,केंद्रीकृत प्रणाली
സാക്ഷ്യപ്പെടുത്തിയ ടേപ്പ്,प्रमाणित टेप
ചങ്ങല,साखळी
ചെയിൻ ഡാറ്റ,साखळी डेटा
ചെയിൻ ലിങ്ക്,साखळी दुवा
ചങ്ങല,चेनिंग
ചാനൽ,चॅनल
ചാനൽ തിരക്കുള്ള ടോൺ,चॅनेल व्यस्त टोन
ചാനൽ ശേഷി,चॅनेल क्षमता
ചാനൽ കൺട്രോളർ,चॅनेल नियंत्रक
ചാനൽ പിശക്,चॅनेल त्रुटी
ചാനൽ പ്രോഗ്രാം,चॅनेल कार्यक्रम
ചാനൽ വിശ്വാസ്യത,चॅनेल विश्वसनीयता
ചാനൽ സെറ്റ്,चॅनेल सेट
സ്വഭാവം,वर्ण
പ്രതീക കോഡ്,वर्ण कोड
പ്രതീക കീ,वर्ण की
സ്വഭാവ വായനക്കാരൻ,वर्ण वाचक
പ്രതീക വലുപ്പം,वर्ण आकार
ചാർട്ട്,तक्ता
ചേസിസ്,चेसिस
ചെക്ക് ബിറ്റ്,बिट तपासा
അക്കം പരിശോധിക്കുക,चेक अंक
തുക ചെക്ക്,बेरीज तपासा
ചെക്ക് വാക്ക്,शब्द तपासा
ചിപ്പ്,चिप
ചിപ്പ് സെറ്റ്,चिप संच
തിരഞ്ഞെടുക്കുക,निवडा
വർണ്ണപരമായി,रंगीत
സൈഫർ,सिफर
സർക്യൂട്ട്,सर्किट
വൃത്താകൃതിയിലുള്ള പട്ടിക,परिपत्रक यादी
സിറസ്,सायरस
അവലംബം,उद्धरण
ക്ലാസ്,वर्ग
ക്ലാസ് വേരിയബിൾ,वर्ग व्हेरिएबल
വർഗ്ഗീകരണം,वर्गीकरण
വ്യക്തമായ,स्पष्ट
തെളിഞ്ഞ പ്രദേശം,स्पष्ट क्षेत्र
വ്യക്തമായ ചാനൽ,साफ चॅनेल
ക്ലിക്ക് ചെയ്യുക,क्लिक करा
കക്ഷി,ग्राहक
ക്ലയന്റ് സെർവർ,क्लायंट सर्व्हर
ക്ലയന്റ് അപൂർണ്ണം,क्लायंट स्टब
ക്ലിപ്പ് ആർട്ട്,क्लिप आर्ट
ക്ലിപ്പ് ആർട്ട് ലൈബ്രറി,क्लिप आर्ट लायब्ररी
ക്ലിപ്പ് ബോർഡ്,क्लिप बोर्ड
ക്ലിപ്പർ,क्लिपर
ക്ലിപ്പർ ചിപ്പ്,क्लिपर चिप
കൂട്ടം,गट
ക്ലോക്ക്,घड्याळ
ക്ലോക്ക് സൈക്കിൾ,घड्याळ चक्र
ക്ലോക്ക് ആവൃത്തി,घड्याळ वारंवारता
ക്ലോക്ക് ഹാർഡ്‌വെയർ,घड्याळ हार्डवेअर
ക്ലോക്ക് പൾസ്,घड्याळाची नाडी
ക്ലോക്ക് വേഗത,घड्याळाचा वेग
ക്ലോക്ക് സിൻക്രൊണൈസേഷൻ,घड्याळ सिंक्रोनाइझेशन
ക്ലോക്ക് ടിക്ക്,घड्याळाची टिक
ക്ലോൺ,क्लोन
അടുത്ത്,बंद
ക്ലോസ് സർക്യൂട്ട് ടിവി (സിസിടിവി),क्लोज सर्किट टीव्ही (सीसीटीव्ही)
അടച്ചുപൂട്ടൽ,बंद
ക്ലൗഡ് കമ്പ്യൂട്ടിംഗ്,क्लाउड संगणन
ക്ലസ്റ്റർ,क्लस्टर
പൂശിയ കാർഡ്,लेपित कार्ड
പൊതിഞ്ഞ പേപ്പർ,लेपित कागद
ഏകപക്ഷീയമായ,समाक्षीय
ഏകോപന കേബിൾ,समाक्षीय केबल
കോഡാസിൽ,कोडासिल
കോഡ്,कोड
കോഡ് ജനറേറ്റര്,कोड जनरेटर
കോഡ് പേജ്,कोड पृष्ठ
കോഡ് വാക്ക്,कोड शब्द
കോഡർ,कोडर
കോഡിംഗ് പരിശോധന,कोडिंग तपासणी
കോഡിംഗ് ഫോം,कोडिंग फॉर्म
കോഡിംഗ് ഷീറ്റ്,कोडिंग शीट
ഗുണകം,गुणांक
പരസ്പരബന്ധം,सुसंगतता
തണുത്ത ബൂട്ട്,थंड बूट
തണുത്ത തുടക്കം,थंड सुरुवात
സഹകരണം,सहयोग
തകർച്ച,कोसळणे
കൊളാറ്റ്,कोलेट
കൊളേറ്റ് ടേപ്പ്,कोलेट टेप
കൂട്ടിയിടി,टक्कर
കോളൻ,कोलन
നിറം (നിറം),रंग (रंग)
നിറം സാച്ചുറേഷൻ,रंग संपृक्तता
വർണ്ണ പട്ടിക,रंग टेबल
കോളം,स्तंभ
സംയോജനം,संयोजन
കോംബോ ബോക്സ്,कॉम्बो बॉक्स
കമാൻഡ്,आज्ञा
കമാൻഡ് ബട്ടൺ,कमांड बटण
കമാൻഡ് ലിസ്റ്റ്,आदेश यादी
അഭിപ്രായം,टिप्पणी
പ്രതിബദ്ധത,वचनबद्धता
ചരക്ക്,वस्तू
പൊതു ബിസിനസ് അധിഷ്ഠിത ഭാഷ (കോബോൾ),कॉमन बिझनेस ओरिएंटेड लँग्वेज (कोबोल)
സാധാരണ പിശക്,सामान्य त्रुटी
പൊതു ഭാഷ,सामान्य भाषा
സാധാരണ പതിവ്,सामान्य दिनचर्या
ആശയവിനിമയം,संवाद
ആശയവിനിമയ ലൈൻ,संप्रेषण लाइन
ആശയവിനിമയ മോഡ്,संप्रेषण मोड
ആശയവിനിമയ ശൃംഖല,संप्रेषण नेटवर्क
ആശയവിനിമയ പരാമീറ്റർ,संप्रेषण पॅरामीटर
ആശയവിനിമയ സംവിധാനം,संप्रेषण प्रणाली
കോംപാക്ഷൻ,कॉम्पॅक्शन
കമ്പാൻഡർ,साथीदार
companding,companding
കമ്പനി ശൃംഖല,कंपनी नेटवर्क
താരതമ്യ പരിശോധന,तुलना चाचणी
അനുയോജ്യത,सुसंगतता
അനുയോജ്യം,सुसंगत
സമാഹാരം,संकलन
സമാഹരിച്ച് പോകുക,संकलित करा आणि जा
കമ്പൈലർ,संकलक
കമ്പൈലർ ഭാഷ,कंपाइलर भाषा
പരസ്പരപൂരകമായ,पूरक
കോംപ്ലിമെന്റ്-ഓൺ-പത്ത്,दहावर पूरक
പൂരകൻ,पूरक
പൂർണ്ണമായി കൊണ്ടുപോകുക,पूर्ण वाहून
സങ്കീർണ്ണമായ,जटिल
സങ്കീർണ്ണ സംഖ്യ,जटिल संख्या
ഘടകം,घटक
ഘടകം ഒബ്ജക്റ്റ് മോഡൽ (COM),घटक ऑब्जेक्ट मॉडेल (COM)
സംയുക്തം,संमिश्र
രചന,रचना
കമ്പ്യൂട്ടേഷണൽ,संगणकीय
കമ്പ്യൂട്ടർ,संगणक
കമ്പ്യൂട്ടർ കേന്ദ്രം,संगणक केंद्र
കമ്പ്യൂട്ടർ വിദഗ്ധൻ,संगणक तज्ञ
കമ്പ്യൂട്ടർ ഗ്രാഫിക്സ്,संगणक ग्राफिक्स
കമ്പ്യൂട്ടർ നിർദ്ദേശം,संगणक सूचना
കമ്പ്യൂട്ടർ ഭാഷ,संगणक भाषा
കമ്പ്യൂട്ടർ ശൃംഖല,संगणक नेटवर्क
കമ്പ്യൂട്ടർ സയൻസ്,संगणक शास्त्र
കമ്പ്യൂട്ടർ സുരക്ഷ,संगणक सुरक्षा
കമ്പ്യൂട്ടർ സിമുലേറ്റൺ,संगणक सिम्युलेटन
കമ്പ്യൂട്ടർ സ്പെഷ്യലിസ്റ്റ്,संगणक तज्ञ
കമ്പ്യൂട്ടർവൽക്കരണം,संगणकीकरण
കമ്പ്യൂട്ടറിസ്റ്റ്,संगणकतज्ज्ञ
കമ്പ്യൂട്ടറൈസ് ചെയ്യുക,संगणकीकरण
കമ്പ്യൂട്ടിംഗ്,संगणन
ആശയം,संकल्पना
സമവായം,एकरूपता
ഒരേസമയം,समवर्ती
അവസ്ഥ വേരിയബിൾ,कंडिशन व्हेरिएबल
സോപാധിക ഓപ്പറേറ്റർ,सशर्त ऑपरेटर
സോപാധിക പ്രസ്താവന,सशर्त विधान
കണ്ടക്ടർ,कंडक्टर
കോൺഫറൻസിങ്,कॉन्फरन्सिंग
രഹസ്യാത്മകത,गोपनीयता
കോൺഫിഗറേഷൻ,कॉन्फिगरेशन
തിരക്ക്,गर्दी
സംയോജനം,संयोग
കണക്ട് വേഗത,गती कनेक्ट करा
കണക്ഷൻ,कनेक्शन
കണക്ഷൻ കുറവ് ആശയവിനിമയം,कनेक्शन कमी संप्रेषण
കണക്ഷൻ റിലീസ്,कनेक्शन प्रकाशन
കണക്റ്റിവിറ്റി,कनेक्टिव्हिटी
കണക്റ്റർ,कनेक्टर
തുടർച്ചയായി,सलग
അനന്തരഫലം,परिणामी
കൺസോൾ,कन्सोल
ഏകീകരണം,एकत्रीकरण
സ്ഥിരമായ,स्थिर
നിരന്തരമായ നിർദ്ദേശം,सतत सूचना
പരിമിതി,मर्यादा
കൺസ്ട്രക്റ്റർ,बांधकाम करणारा
കണ്ടെയ്നർ,कंटेनर
ഉള്ളടക്കം,सामग्री
സന്ദർഭം,संदर्भ
സന്ദർഭ രഹിത വ്യാകരണം (CFG),संदर्भ मुक्त व्याकरण (CFG)
സന്ദർഭ സ്വിച്ച്,संदर्भ स्विच
ആകസ്മികത,आकस्मिकता
സങ്കോചം,आकुंचन
വൈരുദ്ധ്യം,कॉन्ट्रास्ट
നിയന്ത്രണം,नियंत्रण
നിയന്ത്രണ മേഖല,नियंत्रण क्षेत्र
നിയന്ത്രണ ബിറ്റ്,नियंत्रण बिट
നിയന്ത്രണ ബസ്,नियंत्रण बस
നിയന്ത്രണ കാർഡ്,नियंत्रण कार्ड
നിയന്ത്രണ സർക്യൂട്ട്,नियंत्रण सर्किट
നിയന്ത്രണ ചക്രം,नियंत्रण चक्र
നിയന്ത്രണ എഞ്ചിനീയറിംഗ്,नियंत्रण अभियांत्रिकी
നിയന്ത്രണ കീ,नियंत्रण की
നിയന്ത്രണ യുക്തി,नियंत्रण तर्क
നിയന്ത്രണ ലൂപ്പ്,नियंत्रण लूप
നിയന്ത്രണ അടയാളം,नियंत्रण चिन्ह
നിയന്ത്രണ പ്രവർത്തനം,नियंत्रण ऑपरेशन
നിയന്ത്രണ പാനൽ,नियंत्रण पॅनेल
നിയന്ത്രണ സിഗ്നൽ,नियंत्रण सिग्नल
നിയന്ത്രണ സ്വിച്ച്,नियंत्रण स्विच
നിയന്ത്രണ ടേപ്പ്,नियंत्रण टेप
നിയന്ത്രണ ടെർമിനൽ,नियंत्रण टर्मिनल
നിയന്ത്രണ യൂണിറ്റ് (CU),कंट्रोल युनिट (CU)
ഒത്തുചേരൽ,अभिसरण
സംഭാഷണം,संभाषण
സംഭാഷണ സമയം പങ്കിടൽ,संवादात्मक वेळ सामायिकरण
പരിവർത്തനം,रूपांतरण
കൺവെർട്ടർ,कनवर्टर
കുക്കിന്റെ സിദ്ധാന്തം,कुकचे प्रमेय
സഹ-പ്രൊസസർ,सह-प्रोसेसर
പകർത്തുക,कॉपी
പകർപ്പവകാശം,कॉपीराइट
ചരട്,दोरखंड
കോർഡ്ലെസ്സ് ടെലിഫോൺ,कॉर्डलेस टेलिफोन
അനന്തരഫലം,परिणाम
തിരുത്തൽ,दुरुस्ती
ദുഷിച്ചു,भ्रष्ट
എണ്ണുക,मोजणे
കൗണ്ടർ,काउंटर
രാജ്യത്തിന്റെ കോഡ്,राष्ट्र संकेतांक
സഹവർത്തിത്വം,सहप्रसरण
കവറേജ്,कव्हरेज
തകര്ച്ച,आपटी
നിർണായക പാത,गंभीर मार्ग
ക്രിട്ടിക്കൽ പാത്ത് രീതി (CPM),गंभीर मार्ग पद्धत (CPM)
ക്രോസ് ചെക്ക്,फेर पडताळणी
ക്രോസ് കംപൈലർ,क्रॉस कंपाइलर
തീ കടക്കുക,क्रॉस फायर
ക്രോസ് ടോക്ക്,क्रॉस चर्चा
ക്രിപ്റ്റോഗ്രാഫിക്,क्रिप्टोग्राफिक
ക്രിപ്റ്റോഗ്രഫി,क्रिप्टोग्राफी
കറൻസി ചിഹ്നം,चलन चिन्ह
നിലവിലെ ഡയറക്ടറി,वर्तमान निर्देशिका
നിലവിലെ വിൻഡോ,वर्तमान विंडो
കഴ്സർ,कर्सर
വളവ്,वक्र
വെട്ടി ഒട്ടിക്കുക്ക,कट आणि पेस्ट करा
കട്ട് രീതി,कट पद्धत
സൈബർ,सायबर
സൈബർ കഫേ,सायबर कॅफे
സൈബർ പണം,सायबर रोख
സൈബർ കുറ്റകൃത്യം,सायबर गुन्हे
സൈബർ ഡെലിക്കുകൾ,सायबर डेलिक
സൈബർ നിയമം,सायबर कायदा
സൈബർ സെക്‌സ്,सायबर सेक्स
സൈബർനാറ്റിക്സ്,सायबरनेटिक्स
സൈബർനേഷൻ,सायबरनेशन
ചക്രം,सायकल
സൈക്കിൾ മെമ്മറി,सायकल मेमरी
സൈക്കിൾ മോഷ്ടിക്കുന്നു,सायकल चोरी
സൈക്കിൾ സമയം,सायकल वेळ
ചാക്രികമായ,चक्रीय
പിശാച്,डिमन
ഡെയ്സി ചക്രം,डेझी व्हील
ഡാറ്റ അഡ്മിനിസ്ട്രേറ്റർ,डेटा प्रशासक
ഡാറ്റ അലോക്കേഷൻ,डेटा वाटप
ഡാറ്റ ഏരിയ,डेटा क्षेत्र
ഡാറ്റ അറേ,डेटा अॅरे
ഡാറ്റാ ബേസ്,डेटा बेस
ഡാറ്റ ബ്രേക്ക്,डेटा ब्रेक
ഡാറ്റ ബസ്,डेटा बस
ഡാറ്റ കാരിയർ,डेटा वाहक
ഡാറ്റ സെൽ,डेटा सेल
ഡാറ്റ ചാനൽ,डेटा चॅनेल
ഡാറ്റ ആശയവിനിമയം,डेटा संप्रेषण
ഡാറ്റ കംപ്രഷൻ,डेटा कॉम्प्रेशन
ഡാറ്റ ഫീൽഡ്,डेटा फील्ड
ഡാറ്റ ഫയൽ,डेटा फाइल
ഡാറ്റ ഫ്ലോ,माहितीचा प्रवाह
ഡാറ്റ ഫ്ലോ ചാർട്ട്,डेटा प्रवाह चार्ट
ഡാറ്റ ശ്രേണി,डेटा पदानुक्रम
ഡാറ്റ ലെവൽ,डेटा पातळी
ഡാറ്റ ലൈബ്രറി,डेटा लायब्ररी
ഡാറ്റ ലിങ്ക് ലെയർ,डेटा लिंक स्तर
ഡാറ്റ ലിങ്ക് ലെയർ (DLL),डेटा लिंक लेयर (DLL)
ഡാറ്റ മാനേജ്മെന്റ്,माहिती व्यवस्थापन
ഡാറ്റ കൃത്രിമത്വം,डेटा हाताळणी
ഡാറ്റ കൃത്രിമ ഭാഷ (DML),डेटा हाताळणी भाषा (DML)
ഡാറ്റ മോഡം,डेटा मोडेम
ഡാറ്റ പരിഷ്ക്കരണം,डेटा बदल
ഡാറ്റ നെറ്റ്വർക്ക്,डेटा नेटवर्क
ഡാറ്റ പ്രവർത്തനം,डेटा ऑपरेशन
ഡാറ്റ ഓർഗനൈസേഷൻ,डेटा संस्था
ഡാറ്റ ഔട്ട്പുട്ട്,डेटा आउटपुट
ഡാറ്റ പാത,डेटा मार्ग
ഡാറ്റ തയ്യാറാക്കൽ,डेटा तयार करणे
ഡാറ്റ സ്വകാര്യത,डेटा गोपनीयता
ഡാറ്റ പ്രോസസ്സർ,डेटा प्रोसेसर
ഡാറ്റ പരിരക്ഷ,माहिती संरक्षण
ഡാറ്റ റെക്കോർഡ്,डेटा रेकॉर्ड
ഡാറ്റ വീണ്ടെടുക്കൽ,डेटा पुनर्प्राप्ती
ഡാറ്റ ദിനചര്യ,डेटा दिनचर्या
ഡാറ്റ സുരക്ഷ,डेटा सुरक्षा
ഡാറ്റ സെറ്റ്,डेटा सेट
ഡാറ്റ സിഗ്നൽ,डेटा सिग्नल
ഡാറ്റ സിങ്ക്,डेटा सिंक
വിവര ഉറവിടം,माहितीचा स्रोत
ഡാറ്റ സ്പെസിഫിക്കേഷൻ,डेटा तपशील
ഡാറ്റ സ്റ്റേഷൻ,डेटा स्टेशन
ഡാറ്റ സംഭരണം,डेटा स्टोरेज
ഡാറ്റ സംഭരണ ഘടന,डेटा स्टोरेज संरचना
ഡാറ്റ ഘടന,डेटा संरचना
ഡാറ്റ സ്വിച്ച്,डेटा स्विच
ഡാറ്റ പട്ടിക,डेटा टेबल
ഡാറ്റ ടെർമിനൽ,डेटा टर्मिनल
ഡാറ്റ ട്രാൻസ്ക്രിപ്ഷൻ,डेटा ट्रान्सक्रिप्शन
ഡാറ്റ കൈമാറ്റം,डेटा ट्रान्सफर
ഡാറ്റ ട്രാൻസ്മിഷൻ,डेटा ट्रान्समिशन
ഡാറ്റ ട്രാൻസ്മിഷൻ ചാനൽ,डेटा ट्रान्समिशन चॅनेल
ഡാറ്റ തരം,डेटा प्रकार
ഡാറ്റ യൂണിറ്റ്,डेटा युनिट
ഡാറ്റ മൂല്യനിർണ്ണയം,माहितीचे वैधीकरण
ഡാറ്റാബേസ്,डेटाबेस
ഡാറ്റാബേസ് അഡ്മിനിസ്ട്രേഷൻ,डेटाबेस प्रशासन
ഡാറ്റാബേസ് ഡിസൈൻ,डेटाबेस डिझाइन
ഡാറ്റാബേസ് മാനേജ്മെന്റ് സിസ്റ്റം,डेटाबेस व्यवस्थापन प्रणाली
ഡാറ്റഗ്രേവ്,datagrav
ഡാറ്റ,माहिती
മരിച്ച മേഖല,मृत क्षेत्र
സ്തംഭനാവസ്ഥ,गतिरोध
സ്തംഭനാവസ്ഥ തടയൽ,गतिरोध प्रतिबंध
ഡീബഗ്,डीबग
തീരുമാന പെട്ടി,निर्णय बॉक्स
തീരുമാനമെടുക്കൽ പ്രക്രിയ,निर्णयप्रक्रिया
തീരുമാന പിന്തുണാ സംവിധാനം,निर्णय समर्थन प्रणाली
തീരുമാന വൃക്ഷം,निर्णयाचे झाड
ഡീകോഡർ,डिकोडर
വിഘടന തത്വം,विघटन तत्त्व
ഡീക്രിപ്ഷൻ,डिक्रिप्शन
സമർപ്പിത ചാനൽ,समर्पित चॅनेल
സമർപ്പിത തുറമുഖം,समर्पित बंदर
പ്രതിരോധ ഡാറ്റ ശൃംഖല (DDN),संरक्षण डेटा नेटवर्क (DDN)
പ്രതിരോധ വിവര സംവിധാനം,संरक्षण माहिती प्रणाली
defragmentation,डीफ्रॅगमेंटेशन
കാലതാമസം,विलंब
കാലതാമസം കൗണ്ടർ,विलंब काउंटर
കാലതാമസം സമയം,विलंब वेळ
ഇല്ലാതാക്കുക,हटवा
ഇല്ലാതാക്കൽ രേഖ,हटवणे रेकॉर्ड
ഡിലിമിറ്റർ,परिसीमक
ഡെൽറ്റ മോഡുലേഷൻ,डेल्टा मॉड्युलेशन
ഡിമാൻഡ് പേജിംഗ്,मागणी पेजिंग
ഡെമോ,डेमो
demodulation,demodulation
demultiplexer,demultiplexer
ഡീനോർമലൈസേഷൻ,विकृतीकरण
സാന്ദ്രത,घनता
ആശ്രിതത്വം,अवलंबित्व
ആശ്രിത യൂണിറ്റ്,अवलंबून युनिट
dequeue,पंक्ती
dereferencing,संदर्भ देणे
ഡെറിവേഷൻ ട്രീ,व्युत्पन्न झाड
ഉരുത്തിരിഞ്ഞ ഫീൽഡ്,व्युत्पन्न फील्ड
അവരോഹണ തരം,उतरत्या क्रमवारी
ഡിസൈൻ,डिझाइन
ഡെസ്ക് കാൽക്കുലേറ്റർ,डेस्क कॅल्क्युलेटर
ഡെസ്ക്ടോപ്പ് കമ്പ്യൂട്ടർ,डेस्कटॉप संगणक
ഡെസ്ക്ടോപ്പ് അവതരണം,डेस्कटॉप सादरीकरण
ഡെസ്ക്ടോപ്പ് പബ്ലിഷിംഗ് (DTP),डेस्कटॉप प्रकाशन (DTP)
ഡെസ്ക്ടോപ്പ് വീഡിയോ,डेस्कटॉप व्हिडिओ
ലക്ഷ്യസ്ഥാന വിലാസം,गंतव्य पत्ता
വിനാശകൻ,विनाशक
ഡിറ്റർമിനിസ്‌ട്രിക് ഓട്ടോമാറ്റുകൾ,निर्धारक ऑटोमॅट्स
ഡെവലപ്പർ,विकसक
വികസന സംവിധാനം,विकास प्रणाली
ഉപകരണം,साधन
ഉപകരണ നിയന്ത്രണ യൂണിറ്റ്,डिव्हाइस नियंत्रण युनिट
ഉപകരണ കൺട്രോളർ,डिव्हाइस नियंत्रक
ഉപകരണ മാനേജ്മെന്റ്,डिव्हाइस व्यवस्थापन
ഉപകരണ മോഡ്,डिव्हाइस मोड
രോഗനിർണയം,निदान
ഡയഗ്നോസ്റ്റിക് സിസ്റ്റം,निदान प्रणाली
ഡയഗ്നോസ്റ്റിക്സ്,निदान
ഡയഗ്രം,आकृती
ഡയൽ ചെയ്യുക,डायल
ഡയൽ ലൈൻ,डायल लाइन
ഡയൽ ടോണ്,डायल टोन
ഡയൽ അപ്,डायल करा
ഡയലോഗ്,संवाद
ഡയലോഗ് ബോക്സ്,डायलॉग बॉक्स
ഡയലപ്പ് മോഡം,डायलअप मॉडेम
വ്യാസം,आकारमान
നിഘണ്ടു,शब्दकोश
വ്യത്യാസം,भिन्नता
ഡിജിറ്റൽ,डिजिटल
ഡിജിറ്റൽ ചാനൽ,डिजिटल चॅनेल
ഡിജിറ്റൽ സർക്യൂട്ട്,डिजिटल सर्किट
ഡിജിറ്റൽ കമ്പ്യൂട്ടർ,डिजिटल संगणक
ഡിജിറ്റൽ ഡാറ്റ,डिजिटल डेटा
ഡിജിറ്റൽ സൗകര്യം,डिजिटल सुविधा
ഡിജിറ്റൽ ഫിൽട്ടർ,डिजिटल फिल्टर
ഡിജിറ്റൽ ലൈബ്രറി,डिजिटल लायब्ररी
ഡിജിറ്റൽ മോഡുലേഷൻ,डिजिटल मॉड्यूलेशन
ഡിജിറ്റൽ മോണിറ്റർ,डिजिटल मॉनिटर
ഡിജിറ്റൽ ചിത്രം,डिजिटल चित्र
ഡിജിറ്റൽ ഒപ്പ്,डिजिटल स्वाक्षरी
ഡിജിറ്റൽ സ്വിച്ച്,डिजिटल स्विच
ഡിജിറ്റൽ ടു അനലോഗ് (D/A) കൺവെർട്ടർ,डिजिटल ते अॅनालॉग (D/A) कनवर्टर
ഡിജിറ്റൈസേഷൻ,डिजिटायझेशन
ഡിജിറ്റൈസ് ചെയ്യുക,डिजीटल करा
ഡിജിറ്റൈസർ,डिजिटायझर
ഡയോഡ്,डायोड
നേരിട്ട്,थेट
നേരിട്ടുള്ള വിലാസം,थेट पत्ता
നേരിട്ടുള്ള പരിവർത്തനം,थेट रूपांतरण
നേരിട്ടുള്ള സംയോജനം,थेट जोडणी
ഡയറക്ട് മെമ്മറി ആക്സസ് (DMA),डायरेक्ट मेमरी ऍक्सेस (DMA)
ഡയറക്ട് മെമ്മറി ആക്സസ് (DMA),डायरेक्ट मेमरी ऍक्सेस (DMA)
നേരിട്ടുള്ള രീതി,थेट पद्धत
നിർദ്ദേശം,निर्देश
ഡയറക്ടറി,निर्देशिका
ഡയറക്ടറി സെർവർ,निर्देशिका सर्व्हर
ഡയറക്ടറി സേവനം,निर्देशिका सेवा
പ്രവർത്തനരഹിതമാക്കുക,अक्षम करा
സിഗ്നൽ പ്രവർത്തനരഹിതമാക്കുന്നു,सिग्नल अक्षम करणे
വിച്ഛേദിക്കുക,डिस्कनेक्ट करा
വ്യതിരിക്തമായ,स्वतंत्र
ഡിസ്ക്,डिस्क
ഡിസ്ക് വിലാസം,डिस्क पत्ता
ഡിസ്ക് അറേ,डिस्क अॅरे
ഡിസ്ക് ശേഷി,डिस्क क्षमता
ഡിസ്ക് ഡ്രൈവ്,डिस्क ड्राइव्ह
ഡിസ്ക് ഫയൽ,डिस्क फाइल
ഡിസ്ക് മെമ്മറി,डिस्क मेमरी
ഡിസ്ക് ഓപ്പറേറ്റിംഗ് സിസ്റ്റം (DOS),डिस्क ऑपरेटिंग सिस्टम (DOS)
ഡിസ്ക് പായ്ക്ക്,डिस्क पॅक
ഡിസ്ക് സെർവർ,डिस्क सर्व्हर
ഡിസ്ക് സംഭരണം,डिस्क स्टोरेज
ഡിസ്കെറ്റ്,डिस्केट
ഫയൽ പ്രദർശിപ്പിക്കുക,फाइल प्रदर्शित करा
ചിത്രം പ്രദർശിപ്പിക്കുക,प्रतिमा प्रदर्शित करा
നിർമാർജനം,विल्हेवाट
ദൂരം,अंतर
ദൂരം പ്രവർത്തനം,अंतर कार्य
വളച്ചൊടിക്കൽ,विकृती
വിതരണം ചെയ്തു,वितरित केले
വിതരണം ചെയ്ത ഡാറ്റ,वितरित डेटा
വിതരണം ചെയ്ത സെർവർ,वितरित सर्व्हर
വിതരണം ചെയ്ത സംവിധാനം,वितरित प्रणाली
വിതരണക്കാരൻ,वितरणात्मक
പ്രമാണം,दस्तऐवज
പ്രമാണം വീണ്ടെടുത്തു,दस्तऐवज पुनर्प्राप्त
പ്രമാണ വിൻഡോ,दस्तऐवज विंडो
പ്രമാണീകരണം,दस्तऐवजीकरण
ഡൊമെയ്ൻ,डोमेन
ഡൊമെയ്ൻ നാമം,डोमेनचे नाव
ഡോട്ട് മാട്രിക്സ് പ്രിന്റർ,डॉट मॅट्रिक्स प्रिंटर
താഴേക്ക്,खाली
ഡൗൺ ലിങ്ക്,डाउन लिंक
ഡൗൺലോഡ് ചെയ്യുന്നു,डाउन लोडिंग
സമയക്കുറവ്,खाली वेळ
വലിച്ചിടുന്നു,ड्रॅग करणे
DRAM (ഡൈനാമിക് റാം),DRAM (डायनॅमिक रॅम)
ഡ്രിഫ്റ്റ്,वाहून जाणे
ഡ്രൈവർ,चालक
ഡ്രോപ്പ്,थेंब
ഡ്രോപ്പ് ഡൗൺ ലിസ്റ്റ് ബോക്സ്,ड्रॉप डाउन सूची बॉक्स
ഡ്രം ഡ്രൈവ്,ड्रम ड्राइव्ह
ഡ്രം പ്രിന്റർ,ड्रम प्रिंटर
ഡ്രം യൂണിറ്റ്,ड्रम युनिट
ഇരട്ട,दुहेरी
ഇരട്ട സാന്ദ്രത,दुहेरी घनता
ഡമ്മി വിലാസം,डमी पत्ता
തള്ളുക,डंप
ഡ്യുപ്ലെക്സ് സർക്യൂട്ട്,डुप्लेक्स सर्किट
ഡ്യൂപ്ലെക്സിംഗ്,डुप्लेक्सिंग
തനിപ്പകർപ്പ്,नक्कल
ഡിവിഡി R/W,DVD R/W
ഡിവിഡി റോം,डीव्हीडी रॉम
ചലനാത്മക നിർദ്ദേശം,डायनॅमिक सूचना
ഡൈനാമിക് മെമ്മറി,डायनॅमिक मेमरी
ചലനാത്മകത,गतिशीलता
EBCDIC,EBCDIC
ഇ-ബിസിനസ്,ई-व्यवसाय
പ്രതിധ്വനി,प्रतिध्वनी
ഇ-കൊമേഴ്‌സ്,ई-कॉमर्स
തിരുത്തുക,सुधारणे
എഡിറ്റർ,संपादक
വിദ്യാഭ്യാസ സാങ്കേതികവിദ്യ,शैक्षणिक तंत्रज्ञान
ഇഇപി റോം,ईईपी रोम
ഫലപ്രദമായ വിലാസം (ഫ്ലോട്ടിംഗ് വിലാസം),प्रभावी पत्ता (फ्लोटिंग पत्ता)
ഫലപ്രദമായ പ്രവർത്തന വിലാസം,प्रभावी ऑपरेंड पत्ता
ഫലപ്രദമായ നടപടിക്രമം,प्रभावी प्रक्रिया
ഫലപ്രദമായ യുഐഡി (ഉപയോക്തൃ തിരിച്ചറിയൽ),प्रभावी UID (वापरकर्ता ओळख)
ഫലപ്രദമായ ട്രാൻസ്മിഷൻ പ്രവർത്തനം,प्रभावी ट्रान्समिशन ऑपरेंड
എട്ട്-ബിറ്റ് ബൈറ്റ്,आठ-बिट बाइट
ഇലക്ട്രോണിക് പഠനം,ई-लर्निंग
തിരഞ്ഞെടുപ്പ്-അൽഗിർതം,निवडणूक-अल्गिर्म
ഇലക്ട്രിക് മെയിലിംഗ് (ഇ-മെയിൽ),इलेक्ट्रिक मेलिंग (ई-मेल)
ഇലക്ട്രിക് പ്രിന്റർ,इलेक्ट्रिक प्रिंटर
ഇലക്ട്രിക്കൽ അക്കൗണ്ടിംഗ് മെഷീൻ,इलेक्ट्रिकल अकाउंटिंग मशीन
ഇലക്ട്രോണിക്,इलेक्ट्रॉनिक
ഇലക്ട്രോണിക് ക്ലിയറൻസ് സിസ്റ്റം (ECS),इलेक्ट्रॉनिक क्लिअरन्स सिस्टम (ECS)
ഇലക്ട്രോണിക് ഡാറ്റ ഇന്റർചേഞ്ച് (EDI),इलेक्ट्रॉनिक डेटा इंटरचेंज (EDI)
ഇലക്ട്രോണിക് ഡാറ്റ പ്രോസസ്സിംഗ്,इलेक्ट्रॉनिक डेटा प्रोसेसिंग
ഇലക്ട്രോണിക് ഫയലിംഗ്,इलेक्ट्रॉनिक फाइलिंग
ഇലക്ട്രോണിക് ഫണ്ട് ട്രാൻസ്ഫർ സിസ്റ്റം (EFTS),इलेक्ट्रॉनिक निधी हस्तांतरण प्रणाली (EFTS)
ഇലക്ട്രോണിക് ജേണലുകൾ,इलेक्ट्रॉनिक जर्नल्स
ഇലക്ട്രോണിക് പ്രസിദ്ധീകരണം,इलेक्ट्रॉनिक प्रकाशन
ഇലക്ട്രോണിക് സ്വിച്ച്,इलेक्ट्रॉनिक स्विच
ഘടകം,घटक
ഇ-മെയിൽ,ई-मेल
ഈ - മെയില് വിലാസം,ई-मेल पत्ता
എംബഡഡ് സിസ്റ്റം,एम्बेडेड प्रणाली
ഉൾച്ചേർക്കൽ,एम्बेडिंग
എമിറ്റർ ദമ്പതികളുടെ യുക്തി (ECL),एमिटर कपल लॉजिक (ECL)
ശൂന്യമായ സ്റ്റാക്ക്,रिक्त स्टॅक
ശൂന്യമായ ചരട്,रिक्त स्ट्रिंग
അനുകരണം,अनुकरण
എൻക്യാപ്സുലേഷൻ,encapsulation
എൻസിഫർ,कूटलेखन
എൻകോഡ്,एन्कोड
എൻകോഡർ,एन्कोडर
എൻക്രിപ്റ്റ് ചെയ്ത ഡാറ്റ,एन्क्रिप्ट केलेला डेटा
എൻക്രിപ്റ്റിംഗ് ഫയൽ സിസ്റ്റം,एन्क्रिप्टिंग फाइल सिस्टम
എൻക്രിപ്ഷൻ,एनक्रिप्शन
ബ്ലോക്കിന്റെ അവസാനം,ब्लॉकचा शेवट
ഫയലിന്റെ അവസാനം (EOF),फाइलचा शेवट (EOF)
അന്തിമ ഉപയോക്താവ്,अंतिम वापरकर्ता
നൽകുക,प्रविष्ट करा
എന്റർ-കീ,एंटर-की
എന്റർപ്രൈസ് സെർവർ,एंटरप्राइझ सर्व्हर
എന്റർപ്രൈസ് സിസ്റ്റം,एंटरप्राइझ प्रणाली
സ്ഥാപനം,अस्तित्व
സ്ഥാപന-ബന്ധം,अस्तित्व-संबंध
പ്രവേശന സമയം,प्रवेश वेळ
എൻട്രി വേരിയബിൾ,एंट्री व्हेरिएबल
എണ്ണാവുന്നത്,असंख्य
പരിസ്ഥിതി,वातावरण
യുഗം,युग
EPROM,EPROM
എപ്സിലോൺ അടച്ചുപൂട്ടൽ,एप्सिलॉन बंद करणे
സമനില,तुल्यकारक
ഉപകരണങ്ങൾ,उपकरणे
തുല്യതാ ക്ലാസ്,समतुल्य वर्ग
തുല്യതാ ബന്ധം,समतुल्य संबंध
മായ്ക്കുക,पुसून टाका
കോഡ് തിരുത്തുന്നതിൽ പിശക്,कोड दुरुस्त करताना त्रुटी
തെറ്റ് തിരുത്തൽ,त्रुटी सुधारणे
പിശക് കണ്ടെത്തൽ,त्रुटी शोधणे
പിശക് കൈകാര്യം ചെയ്യൽ,त्रुटी हाताळणी
പിശക് സന്ദേശം,त्रुटी संदेश
പിശക് നിരക്ക്,त्रुटी दर
പിശക് വീണ്ടെടുക്കൽ,त्रुटी पुनर्प्राप्ती
പിശക് പതിവ്,त्रुटी नित्यक्रम
രക്ഷപ്പെടുന്ന സ്വഭാവം,सुटलेले पात्र
ഇഥർനെറ്റ്,इथरनेट
സംഭവം,कार्यक्रम
ഇവന്റ് ചെയിൻ,कार्यक्रम साखळी
ഇവന്റ് നിയന്ത്രണം,घटना नियंत्रण
ഇവന്റ് കൗണ്ടർ,कार्यक्रम काउंटर
ഒഴിവാക്കൽ കൈകാര്യം ചെയ്യൽ,अपवाद हाताळणी
കൈമാറ്റം ചെയ്യാവുന്ന ഡിസ്ക് സംഭരണം,एक्सचेंज करण्यायोग्य डिस्क स्टोरेज
ഒഴിവാക്കൽ,बहिष्कार
എക്സ്ക്ലൂസീവ് അല്ലെങ്കിൽ (XOR),अनन्य किंवा (XOR)
എക്സിക്യൂട്ടബിൾ പ്രോഗ്രാം,एक्झिक्युटेबल प्रोग्राम
എക്സിക്യൂട്ടീവ് പ്രസ്താവന,कार्यकारी विधान
സമഗ്രമായ തിരയൽ,संपूर्ण शोध
നിലവിലുണ്ട്,अस्तित्वात आहे
പുറത്ത്,बाहेर पडा
വിദഗ്ധ സംവിധാനം,तज्ञ प्रणाली
ആവിഷ്കാരം,अभिव्यक्ती
വിപുലീകൃത ഗ്രാഫിക് അറേ (XGA),विस्तारित ग्राफिक अॅरे (XGA)
വിപുലമായ വ്യവസായ നിലവാരം (EIS),विस्तारित उद्योग मानक (EIS)
വിപുലീകരിച്ച യന്ത്രം,विस्तारित मशीन
വിപുലീകരിച്ച മെമ്മറി,विस्तारित मेमरी
വിപുലമായ കൃത്യത,विस्तारित अचूकता
വിപുലീകരിച്ച സോർട്ടിംഗ്,विस्तारित वर्गीकरण
ബാഹ്യ കോൾ,बाह्य कॉल
ബാഹ്യ പിശക്,बाह्य त्रुटी
ബാഹ്യ പ്രവർത്തനം,बाह्य कार्य
ബാഹ്യ തടസ്സം,बाह्य व्यत्यय
ബാഹ്യ മെമ്മറി,बाह्य मेमरी
ബാഹ്യ മെമ്മറി,बाह्य मेमरी
ബാഹ്യ മോഡം,बाह्य मोडेम
ബാഹ്യ റഫറൻസ്,बाह्य संदर्भ
ബാഹ്യ തിരയൽ,बाह्य शोध
ബാഹ്യ സംഭരണ ഉപകരണം,बाह्य स्टोरेज डिव्हाइस
വേർതിരിച്ചെടുക്കൽ,काढणे
എക്സ്ട്രാപോളേഷൻ,एक्सट्रापोलेशन
മുഖപ്രകൃതി പ്രിന്റർ,चेहरा-वर्ण प्रिंटर
പരാജയപ്പെടാത്ത പ്രവർത്തനം,अयशस्वी-सुरक्षित ऑपरेशन
പരാജയതോത്,अपयशाचा दर
പരാജയം വീണ്ടെടുക്കൽ,अपयश पुनर्प्राप्ती
തെറ്റായ കോഡ്,खोटा कोड
തെറ്റായ പിശക്,खोटी चूक
ഫാൻ-ഇൻ,फॅन-इन
ഫാൻ ഔട്ട്,बाहेर
ഫാസിമൈൽ I/O ഉപകരണം,फॅसिमाईल I/O डिव्हाइस
ഫാസ്റ്റ് ഫോറിയർ ട്രാൻസ്ഫോർമേഷൻ (FFT),फास्ट फोरियर ट्रान्सफॉर्म (FFT)
മാരകമായ തെറ്റ്,गंभीर त्रुटी
തെറ്റ് കണ്ടെത്തൽ,दोष शोधणे
തെറ്റ് രോഗനിർണയം,दोष निदान
തെറ്റ് സഹിഷ്ണുത,चुकीची सहनशीलता
ഫാക്സ്,फॅक्स
ഫാക്സ് സന്ദേശം,फॅक्स संदेश
FDC,FDC
സവിശേഷത കണ്ടെത്തൽ,वैशिष्ट्य शोध
ഫീഡ് സൈക്കിൾ,फीड सायकल
പ്രതികരണം,अभिप्राय
ഫീഡർ,फीडर
കൊണ്ടുവരിക,आणणे
ഫിബൊനാച്ചി തിരയൽ,फिबोनाची शोध
ഫിബൊനാച്ചി സീക്വൻസ്,फिबोनाची क्रम
ഫിബൊനാച്ചി പരമ്പര,फिबोनाची मालिका
ഫൈബർ ഒപ്റ്റിക്സ്,फायबर ऑप्टिक्स
ഫിഡോ നെറ്റ്,फिडो नेट
വയൽ,फील्ड
അഞ്ചാം തലമുറ കമ്പ്യൂട്ടറുകൾ,पाचव्या पिढीचे संगणक
ഫയൽ,फाइल
ഫയൽ ആക്സസ് രീതി,फाइल प्रवेश पद्धत
ഫയൽ അലോക്കേഷൻ പട്ടിക,फाइल वाटप सारणी
ഫയൽ കംപ്രഷൻ,फाइल कॉम्प्रेशन
ഫയൽ പകർത്തൽ,फाइल कॉपी करणे
ഫയൽ ലേഔട്ട്,फाइल लेआउट
ഫയൽ ലയിപ്പിക്കുക,फाइल विलीनीकरण
ഫയൽ വീണ്ടെടുക്കൽ,फाइल पुनर्प्राप्ती
ഫയൽ സംഭരണം,फाइल स्टोरेज
ഫയൽ ഘടന,फाइल संरचना
ഫയൽ സിസ്റ്റം,फाइल सिस्टम
ഫയൽ കൈമാറ്റം,फाइल हस्तांतरण
ഫയൽ ട്രാൻസ്ഫർ പ്രോട്ടോക്കോൾ (FTP),फाइल ट्रान्सफर प्रोटोकॉल (FTP)
ഫിൽട്ടർ,फिल्टर
അന്തിമ അവസ്ഥ,अंतिम स्थिती
കണ്ടെത്തുക,शोधणे
പരിമിതമായ സംസ്ഥാന യന്ത്രം,मर्यादित राज्य मशीन
അഗ്നി മതിൽ,आग भिंत
ഫേംവെയർ,फर्मवेअर
ആദ്യം വരുന്നവർക്ക് ആദ്യം നൽകുക,प्रथम येणाऱ्यास प्रथम सेवा
ആദ്യ തലമുറ കമ്പ്യൂട്ടർ,पहिल्या पिढीचा संगणक
ഫസ്റ്റ് ഇൻ ഫസ്റ്റ് ഔട്ട് (FIFO),फर्स्ट इन फर्स्ट आउट (FIFO)
ആദ്യ ഓർഡർ യുക്തി,प्रथम ऑर्डर तर्क
ആദ്യ ക്രമ സിദ്ധാന്തം,प्रथम ऑर्डर सिद्धांत
നിശ്ചിത പാർട്ടീഷൻ,निश्चित विभाजन
പതാക,झेंडा
ഫ്ലെക്സിബിൾ ഡിസ്ക്,लवचिक डिस्क
ഫ്ലോപ്പി ഡിസ്ക്,फ्लॉपी डिस्क
ഫ്ലോപ്പി ഡിസ്ക് ഡ്രൈവ് (Fdd),फ्लॉपी डिस्क ड्राइव्ह (Fdd)
ഫ്ലോ ചാർട്ട്,प्रवाह चार्ट
നിയന്ത്രണത്തിന്റെ ഒഴുക്ക്,नियंत्रण प्रवाह
ഫ്ലഷ്,फ्लश
ഫോൾഡർ,फोल्डर
ഫോണ്ട്,फॉन्ट
ഫോണ്ട് കുടുംബം,फॉन्ट कुटुंब
വിദേശ കീ,परदेशी की
രൂപം,फॉर्म
ഔപചാരിക ഭാഷ,औपचारिक भाषा
ഔപചാരിക സംവിധാനം,औपचारिक प्रणाली
ഫോർമാറ്റ്,स्वरूप
ഫോർമാറ്റിംഗ്,स्वरूपन
ഫോർട്രാൻ,फोरट्रान
ഫോർട്രാൻ പ്രോഗ്രാമിംഗ്,फोरट्रान प्रोग्रामिंग
ഫോർവേഡ് സ്ലാഷ്,पुढे झुकणारी तिरकी रेष
നാലാം തലമുറ കമ്പ്യൂട്ടർ,चौथ्या पिढीचा संगणक
ശകലം,तुकडा
ഫ്രെയിം,फ्रेम
സ്വതന്ത്ര വല,मोफत नेट
സ്വതന്ത്ര സോഫ്റ്റ്‌വെയർ ഫൌണ്ടേഷൻ,मोफत सॉफ्टवेअर फाउंडेशन
സൗജന്യ സംഭരണം,विनामूल्य संचयन
ഫ്രീവെയർ,फ्रीवेअर
ഫ്രണ്ട് എൻഡ്,समोरचे टोक
ഫ്രണ്ട് പാനൽ,समोरची बाजू
പ്രവർത്തനം,कार्य
ഫംഗ്ഷൻ കീ,फंक्शन की
ഫംഗ്ഷൻ റഫറൻസ്,कार्य संदर्भ
പ്രവർത്തനപരമായ ആശ്രിതത്വം,कार्यात्मक अवलंबित्व
ഫങ്ഷണൽ ടെസ്റ്റിംഗ്,कार्यात्मक चाचणी
അവ്യക്തമായ യുക്തി,अस्पष्ट तर्क
അവ്യക്തമായ സെറ്റ്,अस्पष्ट संच
നേട്ടം,मिळवणे
കളി മരം,खेळाचे झाड
വിടവ് പ്രതീകം,अंतर वर्ण
മാലിന്യം,कचरा
മാലിന്ന്യ ശേഖരണം,कचरा गोळा करणे
മാലിന്ന്യ ശേഖരണം,कचरा गोळा करणे
മാലിന്യത്തിൽ മാലിന്യം (GIGO),कचरा बाहेर कचरा (GIGO)
ഗേറ്റ്,गेट
കവാടം,प्रवेशद्वार
പൊതു പരിപാടി,सामान्य कार्यक्रम
പൊതു പരിപാടി,सामान्य कार्यक्रम
പൊതു ഉദ്ദേശ്യ കമ്പ്യൂട്ടർ,सामान्य उद्देश संगणक
പൊതു ഉദ്ദേശ്യ കമ്പ്യൂട്ടർ,सामान्य उद्देश संगणक
പൊതു രജിസ്റ്റർ,सामान्य नोंदणी
പൊതുവൽക്കരണം,सामान्यीकरण
പൊതുവൽക്കരണം,सामान्यीकरण
പൊതു-ഉദ്ദേശ്യ ഭാഷ,सामान्य हेतूची भाषा
പൊതു-ഉദ്ദേശ്യ പ്രവർത്തന സംവിധാനം,सामान्य उद्देश ऑपरेटिंग सिस्टम
പൊതു-ഉദ്ദേശ്യ രജിസ്റ്റർ,सामान्य-उद्देश रजिस्टर
സൃഷ്ടിച്ച പിശക്,व्युत्पन्न त्रुटी
ഫംഗ്ഷൻ സൃഷ്ടിക്കുന്നു,निर्मिती कार्य
ജനറിക് ക്ലാസ്,सामान्य वर्ग
പൊതു പ്രവർത്തനം,सामान्य कार्य
പൊതുവായ പേര്,सामान्य नाव
ജിഗോ,gigo
ആഗോള,जागतिक
ആഗോള കോഡ്,जागतिक कोड
ആഗോള ലോക്ക്,जागतिक लॉक
ആഗോള ശൃംഖല,जागतिक नेटवर्क
ആഗോള ശൃംഖല,जागतिक नेटवर्क
ആഗോള ഉപയോക്താവ്,जागतिक वापरकर्ता
ആഗോള വേരിയബിൾ,जागतिक चल
ആഗോളവൽക്കരണം,जागतिकीकरण
ഗോഫർ,गोफर
ഗോഫർ ക്ലയന്റ്,गोफर क्लायंट
ഗോഫർ സെർവർ,गोफर सर्व्हर
ഗോഫർ സൈറ്റ്,गोफर साइट
ഗോഫർ സ്പേസ്,गोफर जागा
ഭംഗിയുള്ള തരംതാഴ്ത്തൽ,मोहक अध:पतन
വ്യാകരണ പരിശോധകൻ,व्याकरण तपासक
വ്യാകരണം ഗംഭീരമായ എക്സിറ്റ്,व्याकरण डौलदार निर्गमन
ആകെ തുക,एकूण
ഗ്രാഫ്,आलेख
ഗ്രാഫ് പ്ലോട്ടിംഗ്,आलेख प्लॉटिंग
ഗ്രാഫിക് സ്വഭാവം,ग्राफिक वर्ण
ഗ്രാഫിക് കൺട്രോളർ,ग्राफिक नियंत्रक
ഗ്രാഫിക് ഡാറ്റ ഘടന,ग्राफिक डेटा संरचना
ഗ്രാഫിക് ഡിസ്പ്ലേ പ്രോഗ്രാം,ग्राफिक प्रदर्शन कार्यक्रम
ഗ്രാഫിക് ഡിസ്പ്ലേ റെസലൂഷൻ,ग्राफिक प्रदर्शन रिझोल्यूशन
ഗ്രാഫിക് ഭാഷ,ग्राफिक भाषा
ഗ്രാഫിക് ഭാഷ,ग्राफिक भाषा
ഗ്രാഫിക് പാനൽ,ग्राफिक पॅनेल
ഗ്രാഫിക്കൽ ആനിമേഷൻ,ग्राफिकल अॅनिमेशन
ഗ്രാഫിക്കൽ ഇന്റർഫേസ് ഫോർമാറ്റ് (GIF),ग्राफिकल इंटरफेस स्वरूप (GIF)
ഗ്രാഫിക്കൽ യൂസർ ഇന്റർഫേസ് (GUI),ग्राफिकल यूजर इंटरफेस (GUI)
ഗ്രാഫിക്സ്,ग्राफिक्स
ഗ്രാഫിക്സ് ആപ്ലിക്കേഷൻ,ग्राफिक्स अनुप्रयोग
ഗ്രാഫിക്സ് കഴ്സർ,ग्राफिक्स कर्सर
ഗ്രാഫിക്സ് മോഡ്,ग्राफिक्स मोड
ഗ്രാഫിക്സ് പാക്കേജ്,ग्राफिक्स पॅकेज
ഗ്രാഫിക്സ് സോഫ്റ്റ്വെയർ,ग्राफिक्स सॉफ्टवेअर
ഗ്രാഫിക്സ് സോഫ്റ്റ്വെയർ,ग्राफिक्स सॉफ्टवेअर
ഗ്രാഫിക്സ് സോഫ്റ്റ്വെയർ പാക്കേജ്,ग्राफिक्स सॉफ्टवेअर पॅकेज
ഗ്രേ സ്കെയിൽ,राखाडी स्केल
അത്യാഗ്രഹ രീതി,लोभी पद्धत
grep,grep
ഗ്രിഡ്,ग्रिड
ഗ്രിഡ് ചാർട്ട്,ग्रिड चार्ट
ഗ്രിഡ് കമ്പ്യൂട്ടിംഗ്,ग्रिड संगणन
ഗ്രിഡ് മോഡുലേഷൻ,ग्रिड मॉड्यूलेशन
ഗ്രൗണ്ട് വേവ്,जमिनीची लाट
ഗ്രൂപ്പ്,गट
ഗ്രൂപ്പ് വിലാസം,गट पत्ता
ഗ്രൂപ്പ് കോഡ്,गट कोड
ഗ്രൂപ്പ് ആശയവിനിമയം,गट संवाद
ഗ്രൂപ്പ് ആശയവിനിമയം,गट संवाद
ഗ്രൂപ്പ് തിരിച്ചറിയൽ,गट ओळख
ഗ്രൂപ്പ് പേര്,गटाचे नाव
ഗ്രൂപ്പ്വെയർ,ग्रुपवेअर
വളർച്ച,वाढ
കാവൽ,रक्षक
മാർഗനിർദേശം നൽകിയ മാധ്യമങ്ങൾ,मार्गदर्शित माध्यम
വെടിയുണ്ട,गनझिप
ഹാക്ക്,खाच
ഹാക്കർ,हॅकर
ഹാക്കറുടെ നിഘണ്ടു,हॅकरचा शब्दकोश
പകുതി ആഡർ,अर्धा जोडणारा
പകുതി പാലം,अर्धा पूल
പകുതി ഡ്യൂപ്ലക്സ്,अर्धा डुप्लेक्स
പകുതി ഡ്യൂപ്ലെക്സ് ലൈൻ,अर्धा डुप्लेक्स लाइन
പകുതി ഡ്യുപ്ലെക്സ് മോഡ്,अर्धा डुप्लेक्स मोड
പകുതി തീവ്രത,अर्धी तीव्रता
പകുതി റൂട്ടർ,अर्धा राउटर
പകുതി കുറയ്ക്കുന്നയാൾ,अर्धा वजा करणारा
പകുതി ടോണിംഗ്,अर्धा टोनिंग
പകുതി വാക്ക്,अर्धा शब्द
ഹാമിൽട്ടോണിയസ് സൈക്കിൾ,मिल्टोनियस सायकल
ഹാമിംഗ് കോഡ്,हॅमिंग कोड
കൈ,हात
കൈ പകർപ്പ്,हात प्रत
കൈകാര്യം ചെയ്യുക,हाताळणे
കൈകാര്യം ചെയ്യുന്നു,हाताळणी
തൂക്കിയിടുക,फाशी देणे
സന്തോഷകരമായ വല,आनंदी नेट
ഹാർഡ് കോപ്പി ഉപകരണം,हार्ड कॉपी डिव्हाइस
ഹാർഡ് ഡിസ്ക്,हार्ड डिस्क
ഹാർഡ് ഡിസ്ക് ക്രാഷ്,हार्ड डिस्क क्रॅश
കഠിനമായ പിശക്,कठीण त्रुटी
ഹാർഡ്‌വെയർ ഫ്ലോ നിയന്ത്രണം,हार्डवेअर प्रवाह नियंत्रण
ഹാർമോണിക്,हार्मोनिक
ഹാർമോണിക് അർത്ഥം,हार्मोनिक मध्यम
ഹാഷ്,हॅश
ഹാഷ് ഡയഗ്രം,हॅश आकृती
ഹാഷ് ടേബിൾ,हॅश टेबल
ഹാഷിംഗ് ടെക്നിക്,हॅशिंग तंत्र
തലക്കെട്ട്,शीर्षलेख
കൂമ്പാരം,ढीग
കൂമ്പാരം അടുക്കുക,ढीग क्रमवारी
സഹായം,मदत
സഹായ സ്ക്രീൻ,मदत स्क्रीन
ഹെൽപ്പ്നെറ്റ്,हेल्पनेट
ഹെർട്സ്,हर्ट्झ
ഹ്യൂറിസ്റ്റിക്,ह्युरिस्टिक
ഹ്യൂറിസ്റ്റിക് രീതി,ह्युरिस्टिक पद्धत
ഹെക്സാഡെസിമൽ സംഖ്യകൾ,हेक्साडेसिमल संख्या
മറഞ്ഞിരിക്കുന്ന വരി,लपलेली ओळ
ശ്രേണിപരമായ ഡാറ്റാ ബേസ്,श्रेणीबद्ध डेटा बेस
ഹൈറാർക്കിക്കൽ ഫയൽ സിസ്റ്റം,श्रेणीबद्ध फाइल सिस्टम
ശ്രേണിപരമായ ഭൂപ്രകൃതി,श्रेणीबद्ध स्थलाकृति
ഉയർന്ന തലത്തിലുള്ള ഭാഷ,उच्च स्तरीय भाषा
ഉയർന്ന മെമ്മറി ഏരിയ,उच्च मेमरी क्षेत्र
ഉയർന്ന പ്രകടനം,उच्च कार्यक्षमता
അടിച്ചു,दाबा
ഹിറ്റ് നിരക്ക്,हिट दर
ഹിറ്റ് അനുപാതം,हिट प्रमाण
ദ്വാരം,छिद्र
ഹോം ഡയറക്ടറി,होम डिरेक्टरी
ഹോം പേജ്,मुख्यपृष्ठ
ഏകതാനമായ കോർഡിനേറ്റ്,एकसंध समन्वय
ചാടുക,हॉप
ഹോപ്പ് എണ്ണം,हॉप संख्या
കൊമ്പ്,हॉर्न
ഹോസ്റ്റ് കമ്പ്യൂട്ടർ,होस्ट संगणक
ഹോസ്റ്റ് കമ്പ്യൂട്ടർ,होस्ट संगणक
ഹോസ്റ്റ് ഭാഷ,होस्ट भाषा
ചൂടുള്ള കീ,गरम की
ഹൈപ്പർ ടെക്സ്റ്റ് മാർക്ക്അപ്പ് ഭാഷ (HTML),हायपर टेक्स्ट मार्कअप भाषा (HTML)
അനുമാനം,गृहीतक
ഞാൻ പോഡ്,मी पॉड
I/O ബഫർ,I/O बफर
I/O പോർട്ട്,I/O पोर्ट
I/O യൂണിറ്റ്,I/O युनिट
ഐഡന്റിഫയർ,ओळखकर्ता
ഐഡന്റിറ്റി,ओळख
ചിത്രം,प्रतिमा
ഇമേജ് സെൻസർ,प्रतिमा सेन्सर
ആഘാതം പ്രിന്റർ,प्रभाव प्रिंटर
തടസ്സം,अडथळा
അനിവാര്യമായ പ്രോഗ്രാം ഭാഷ,अत्यावश्यक कार्यक्रम भाषा
അനിവാര്യമായ പ്രസ്താവന,अनिवार्य विधान
പരോക്ഷമായ വിലാസം,अंतर्निहित पत्ता
അസാധ്യമായ സംഭവം,अशक्य घटना
നിഷ്ക്രിയ നോഡ്,निष्क्रिय नोड
പൊരുത്തക്കേട്,विसंगती
ഇൻക്രിമെന്റും,वाढ
സൂചിക,निर्देशांक
സൂചിക ഡാറ്റ ഇനം,निर्देशांक डेटा आयटम
സൂചിക ഫയൽ,अनुक्रमणिका फाइल
സൂചിക രജിസ്റ്റർ,इंडेक्स रजिस्टर
സൂചിക ക്രമം,अनुक्रमणिका
സൂചികയിലുള്ള വിലാസം,अनुक्रमित पत्ता
സൂചികയിലുള്ള ഭാഷ,अनुक्रमित भाषा
ഇൻഡക്‌സ് ചെയ്‌ത സീക്വൻസ് ഫയൽ,अनुक्रमित अनुक्रम फाइल
ഇൻഡക്‌സ് ചെയ്‌ത സീക്വൻഷ്യൽ സ്‌ക്‌സസ് രീതി (ISAM),अनुक्रमित अनुक्रमिक sccess पद्धत (ISAM)
പരോക്ഷ അഭിസംബോധന,अप्रत्यक्ष संबोधन
ഇൻഫോർമാറ്റിക്സ്,माहितीशास्त्र
വിവരങ്ങൾ,माहिती
വിവര ബിറ്റ്,माहिती बिट
വിവര മാനേജ്മെന്റ്,माहिती व्यवस्थापन
ഇൻഫർമേഷൻ മാനേജ്മെന്റ് സിസ്റ്റം (IMS),माहिती व्यवस्थापन प्रणाली (IMS)
വിവരങ്ങൾ വീണ്ടെടുക്കൽ,माहिती उत्खनन
വിവര സംവിധാനം,माहिती प्रणाली
വിവര സാങ്കേതിക വിദ്യ (ഐടി),माहिती तंत्रज्ञान (IT)
ഇൻഫ്രാസ്ട്രക്ചർ മാനേജ്മെന്റ്,पायाभूत सुविधा व्यवस्थापन
അനന്തരാവകാശം,वारसा
പാരമ്പര്യ പിശക്,अनुवांशिक त्रुटी
പ്രാരംഭം,आरंभिक
പ്രാരംഭ വിലാസം,प्रारंभिक पत्ता
പ്രാരംഭ അവസ്ഥ,प्रारंभिक अवस्था
ആരംഭിക്കൽ,आरंभ करणे
മഷി ജെറ്റ് പ്രിന്റർ,इंक जेट प्रिंटर
അസംഖ്യം,असंख्य
ഐ-നോഡ് പട്ടിക,i-node टेबल
പ്രവർത്തനരഹിതമായ സമയം,अकार्यक्षम वेळ
ഇൻപുട്ട് ബഫർ രജിസ്റ്റർ,इनपुट बफर रजिस्टर
ഇൻപുട്ട് ഔട്ട്പുട്ട് പ്രോസസർ (I/O പ്രോസസർ),इनपुट आउटपुट प्रोसेसर (I/O प्रोसेसर)
ഇൻപുട്ട് ഔട്ട്പുട്ട് രജിസ്റ്റർ (I/O രജിസ്റ്റർ),इनपुट आउटपुट रजिस्टर (I/O रजिस्टर)
ഇൻപുട്ട് ഔട്ട്‌പുട്ട് സ്റ്റേറ്റ്‌മെന്റ് (I/O സ്റ്റേറ്റ്‌മെന്റ്),इनपुट आउटपुट स्टेटमेंट (I/O स्टेटमेंट)
ഇൻപുട്ട്/ഔട്ട്പുട്ട് (I/O),इनपुट/आउटपुट (I/O)
ഇൻപുട്ട്/ഔട്ട്പുട്ട് ബഫർ (I/O ബഫർ),इनपुट/आउटपुट बफर (I/O बफर)
ഇൻപുട്ട്/ഔട്ട്പുട്ട് ഉപകരണം (I/O ഉപകരണം),इनपुट/आउटपुट डिव्हाइस (I/O डिव्हाइस)
തിരുകുക,घाला
ഉൾപ്പെടുത്തൽ അടുക്കുക,प्रवेश क्रमवारी
ഇൻസ്റ്റലേഷൻ സമയം,स्थापना वेळ
ഉദാഹരണം,उदाहरण
നിർദ്ദേശം,सूचना
നിർദ്ദേശ കൗണ്ടർ,सूचना काउंटर
നിർദ്ദേശ ചക്രം,सूचना चक्र
നിർദ്ദേശ സെറ്റ്,सूचना संच
പൂർണ്ണസംഖ്യ പ്രോഗ്രാമിംഗ്,पूर्णांक प्रोग्रामिंग
പൂർണ്ണസംഖ്യ വേരിയബിൾ,पूर्णांक व्हेरिएबल
സംയോജിത മോഡം,एकात्मिक मोडेम
സംയോജിത സേവന ഡിജിറ്റൽ നെറ്റ്‌വർക്ക് (ISDN),एकात्मिक सेवा डिजिटल नेटवर्क (ISDN)
സമഗ്രത,सचोटी
ബുദ്ധിയുള്ള കൺട്രോളർ,बुद्धिमान नियंत्रक
ഇന്റലിജന്റ് ടെർമിനൽ,बुद्धिमान टर्मिनल
ഇന്റർ ബ്ലോക്ക്,इंटर ब्लॉक
ഇന്റർ ബ്ലോക്ക് വിടവ്,आंतर ब्लॉक अंतर
ഇന്റർ കമ്മ്യൂണിക്കേഷൻ സിസ്റ്റം,इंटर कम्युनिकेशन सिस्टम
ഇടപെടൽ,परस्परसंवाद
സംവേദനാത്മക ഗ്രാഫിക്സ്,परस्पर ग्राफिक्स
സംവേദനാത്മക കീബോർഡ് പ്രിന്റർ,परस्परसंवादी कीबोर्ड प्रिंटर
ഇന്റർകോം സേവനം,इंटरकॉम सेवा
ഇന്റർഫേസ്,इंटरफेस
ഇന്റർലീവിംഗ്,इंटरलीव्हिंग
ഇന്റർമീഡിയറ്റ് ബഫർ,इंटरमीडिएट बफर
ആന്തരിക ബ്ലോക്ക്,अंतर्गत ब्लॉक
ആന്തരിക ആശയവിനിമയം,अंतर्गत संवाद
ആന്തരിക വിഘടനം,अंतर्गत विखंडन
ആന്തരിക മെമ്മറി,अंतर्गत मेमरी
ആന്തരിക തരം,अंतर्गत क्रमवारी
ആന്തരിക ടൈമർ,अंतर्गत टाइमर
ഇന്റർനാഷണൽ ഓർഗനൈസേഷൻ ഫോർ സ്റ്റാൻഡേർഡൈസേഷൻ (ഐഎസ്ഒ),आंतरराष्ट्रीय मानकीकरण संस्था (ISO)
അന്താരാഷ്ട്ര സാങ്കേതിക പിന്തുണ സംഘടന,आंतरराष्ट्रीय तांत्रिक समर्थन संस्था
ഇന്റർനെറ്റ്,इंटरनेट
ഇന്റർനെറ്റ് എഞ്ചിനീയറിംഗ് ടാസ്‌ക് ഫോഴ്‌സ് (IETF),इंटरनेट अभियांत्रिकी टास्क फोर्स (IETF)
ഇന്റർനെറ്റ് എക്സ്പ്ലോറർ,इंटरनेट एक्सप्लोरर
ഇന്റർനെറ്റ് വേട്ട,इंटरनेट शोधाशोध
ഇന്റർനെറ്റ് പ്രതിമാസ റിപ്പോർട്ട്,इंटरनेट मासिक अहवाल
ഇന്റർനെറ്റ് പാക്കറ്റ് എക്സ്ചേഞ്ച്,इंटरनेट पॅकेट एक्सचेंज
ഇന്റർനെറ്റ് പ്രോട്ടോക്കോൾ (IP),इंटरनेट प्रोटोकॉल (IP)
ഇന്റർനെറ്റ് പ്രോട്ടോക്കോൾ നീക്കം (IP),इंटरनेट प्रोटोकॉल रिमूव्ह (आयपी)
ഇന്റർനെറ്റ് റിലേ ചാറ്റ് (IRC),इंटरनेट रिले चॅट (IRC)
ഇന്റർനെറ്റ് സേവന ദാതാവ്,इंटरनेट सेवा प्रदाता
ഇന്റർനെറ്റ് സേവനങ്ങളുടെ പട്ടിക,इंटरनेट सेवा यादी
ഇന്റർനെറ്റ് സൊസൈറ്റി,इंटरनेट सोसायटी
ഇന്റർനെറ്റ് ഉപകരണങ്ങൾ,इंटरनेट साधने
ഇന്റർനെറ്റ് പ്രവർത്തിക്കുന്നു,इंटरनेट काम करत आहे
ഇന്റർനെറ്റ് പ്രവർത്തിക്കുന്നു,इंटरनेट काम करत आहे
ഇന്റർപോളേഷൻ,इंटरपोलेशन
വ്യാഖ്യാനിക്കുക,अर्थ लावणे
വ്യാഖ്യാതാവ്,दुभाषी
ഇന്റർപ്രോസസ് കമ്മ്യൂണിക്കേഷൻ,आंतरप्रक्रिया संप्रेषण
തടസ്സപ്പെടുത്തുക,व्यत्यय आणणे
തടസ്സപ്പെടുത്തുന്ന ഹാൻഡ്ലർ,व्यत्यय हँडलर
തടസ്സപ്പെടുത്തുക മാസ്ക്,व्यत्यय मास्क
തടസ്സപ്പെടുത്തൽ സിഗ്നൽ,व्यत्यय सिग्नल
വെക്റ്റർ തടസ്സപ്പെടുത്തുക,व्यत्यय वेक्टर
തടസ്സം,व्यत्यय
വിഭജിക്കുക,छेदतात
ഇൻട്രാനെറ്റ്,इंट्रानेट
മാറ്റമില്ലാത്ത,अपरिवर्तनीय
ഇൻവെന്ററി മാസ്റ്റർ ഫയൽ,इन्व्हेंटरी मास्टर फाइल
വിപരീത മൾട്ടിപ്ലക്സർ,व्यस्त मल्टीप्लेक्सर
വിപരീത സ്കാനിംഗ്,व्यस्त स्कॅनिंग
വിപരീത ഫയൽ,उलटी फाइल
വിപരീത ലിസ്റ്റ് ഫയൽ,उलटी यादी फाइल
വിപരീത പേജ് പട്ടിക,उलटे पृष्ठ सारणी
ഇൻവെർട്ടർ,इन्व्हर्टर
ഇന്റർനെറ്റ് പ്രവർത്തിക്കുന്നു,इंटरनेट काम करत आहे
ഇന്റർപോളേഷൻ,इंटरपोलेशन
വ്യാഖ്യാനിക്കുക,अर्थ लावणे
വ്യാഖ്യാതാവ്,दुभाषी
ഇന്റർപ്രോസസ് കമ്മ്യൂണിക്കേഷൻ,आंतरप्रक्रिया संप्रेषण
തടസ്സപ്പെടുത്തുക,व्यत्यय आणणे
തടസ്സപ്പെടുത്തുന്ന ഹാൻഡ്ലർ,व्यत्यय हँडलर
തടസ്സപ്പെടുത്തുക മാസ്ക്,व्यत्यय मास्क
തടസ്സപ്പെടുത്തൽ സിഗ്നൽ,व्यत्यय सिग्नल
വെക്റ്റർ തടസ്സപ്പെടുത്തുക,व्यत्यय वेक्टर
തടസ്സം,व्यत्यय
വിഭജിക്കുക,छेदतात
ഇൻട്രാനെറ്റ്,इंट्रानेट
മാറ്റമില്ലാത്ത,अपरिवर्तनीय
ഇൻവെന്ററി മാസ്റ്റർ ഫയൽ,इन्व्हेंटरी मास्टर फाइल
വിപരീത മൾട്ടിപ്ലക്സർ,व्यस्त मल्टीप्लेक्सर
വിപരീത സ്കാനിംഗ്,व्यस्त स्कॅनिंग
വിപരീത ഫയൽ,उलटी फाइल
വിപരീത ലിസ്റ്റ് ഫയൽ,उलटी यादी फाइल
വിപരീത പേജ് പട്ടിക,उलटे पृष्ठ सारणी
ഇൻവെർട്ടർ,इन्व्हर्टर
ജോലി മാനേജ്മെന്റ്,नोकरी व्यवस्थापन
തൊഴിലധിഷ്ഠിത ഭാഷ,नोकरी देणारी भाषा
ജോലി മുൻഗണന,नोकरीला प्राधान्य
ജോലി ഷെഡ്യൂളിംഗ്,नोकरीचे वेळापत्रक
ജോലി ക്രമപ്പെടുത്തൽ,काम क्रम
ജോലി പട്ടിക,नोकरी टेबल
ചേരുക (ചേരുക),सामील व्हा (सामील व्हा)
ജോയിന്റ് ഫോട്ടോഗ്രാഫിക് ഗ്രൂപ്പ് (jpg),संयुक्त छायाचित्रण गट (jpg)
ജേണൽ,जर्नल
സന്തോഷം വടി,आनंदाची काठी
വിധി,निवाडा
ചാടുക,उडी
ജമ്പ് നിർദ്ദേശം,उडी सूचना
ജമ്പർ,जम्पर
ജംഗ്ഷൻ,जंक्शन
ജങ്ക്,जंक
ന്യായീകരണം,औचित्य
കെ ബൈറ്റുകൾ,k बाइट्स
കർണൗഗ് മാപ്പ്,karnaugh नकाशा
കർണൗഗ് മാപ്പ്,karnaugh नकाशा
കെബി (കിലോ ബൈറ്റ്),KB (किलो बाइट)
കേർണൽ,कर्नल
കേർണൽ മോഡ്,कर्नल मोड
കെർണിംഗ്,केर्निंग
താക്കോൽ,की
കീ ബോർഡ്,की बोर्ड
കീ ബൗൺസ്,की बाउन्स
കീ ക്ലിക്ക്,की क्लिक
കീ കംപ്രഷൻ,की कॉम्प्रेशन
കീ ഡിസ്ക്,की डिस्क
കീ എൻക്രിപ്ഷൻ,की एनक्रिप्शन
പ്രധാന ഫീൽഡ്,की फील्ड
കീ ഫയൽ,की फाइल
കീ ഫ്രെയിം,की फ्रेम
പ്രധാന മാനേജ്മെന്റ്,मुख्य व्यवस्थापन
കീ പാഡ്,की पॅड
കീ പാഡ്,की पॅड
പ്രധാന വാക്യം,मुख्य वाक्यांश
കീ പൾസ്,की नाडी
കീ പഞ്ച്,की पंच
കീ വർഗ്ഗീകരണം,की वर्गीकरण
കീ സ്ട്രോക്ക്,की स्ट्रोक
പരിവർത്തനത്തെ അഭിസംബോധന ചെയ്യുന്നതിനുള്ള താക്കോൽ,पत्ता परिवर्तनाची गुरुकिल्ली
ഡിസ്കിലേക്കുള്ള കീ,डिस्कची किल्ली
ഫ്ലോപ്പിയുടെ താക്കോൽ,फ्लॉपी की
ടേപ്പിലേക്കുള്ള താക്കോൽ,टेपची किल्ली
പ്രധാന വാക്ക്,मुख्य शब्द
തൊഴി,लाथ मारणे
കൊല്ലുക,मारणे
കിലോബിറ്റ്,किलोबिट
കെട്ടുകൾ,गाठी
അറിവ് അടിസ്ഥാനമാക്കിയുള്ള വിവര സേവനങ്ങൾ,ज्ञान आधारित माहिती सेवा
അറിവ് കണ്ടെത്തൽ,ज्ञानाचा शोध
വിജ്ഞാന കണ്ടെത്തൽ ഡാറ്റാബേസ് (KDD),ज्ञान शोध डेटाबेस (KDD)
വിജ്ഞാന എഞ്ചിനീയറിംഗ്,ज्ञान अभियांत्रिकी
വിജ്ഞാന മാനേജ്മെന്റ്,ज्ञान व्यवस्थापन
വിജ്ഞാന പ്രവർത്തകൻ,ज्ञान कार्यकर्ता
ലാൻ അഡാപ്റ്റർ,लॅन अडॅप्टर
ലാൻ സെർവർ,लॅन सर्व्हर
LAN ജോലിസ്ഥലം,LAN कामाची जागा
ലാൻഡ്സ്കേപ്പ്,लँडस्केप
ലാൻഡ്സ്കേപ്പ്,लँडस्केप
ഭാഷ,इंग्रजी
ഭാഷാ വ്യാഖ്യാതാവ്,भाषा दुभाषी
ഭാഷാ പ്രോസസ്സർ,भाषा प्रोसेसर
ഭാഷാ വിവർത്തകൻ,भाषा अनुवादक
ലാപ്ടോപ്പ്,लॅपटॉप
വലിയ തോതിലുള്ള ഏകീകരണം (എൽഎസ്ഐ),मोठ्या प्रमाणात एकत्रीकरण (lsi)
വലിയ തോതിലുള്ള ഏകീകരണം (LSI),मोठ्या प्रमाणात एकत्रीकरण (LSI)
ലേസർ,लेसर
ലേസർ പ്രിന്റർ,लेसर प्रिंटर
അവസാനം ആദ്യം പുറത്തായി (LIFO),लास्ट इन फर्स्ट आउट (LIFO)
പാളി,थर
ലേഔട്ട്,मांडणी
ഇല,लीफ
ഇല നോഡ്,लीफ नोड
ഇല സൈറ്റ്,लीफ साइट
പാട്ടത്തിനെടുക്കുക,लीज
പാട്ടത്തിനെടുത്ത ചാനൽ,लीज्ड चॅनेल
പാട്ടത്തിനെടുത്ത ലൈൻ,लीज्ड लाइन
ഏറ്റവും കുറഞ്ഞ ബിറ്റ് (എൽഎസ്ബി),किमान लक्षणीय बिट (lsb)
ഏറ്റവും കുറഞ്ഞ അക്കം,किमान लक्षणीय अंक
പൈതൃക വ്യവസ്ഥ,वारसा प्रणाली
ലെമ്മ,लेमा
അക്ഷര നിലവാരം (LQ),अक्षर गुणवत्ता (LQ)
ലെക്സെം,लेक्सेमे
ലെക്സിക്കോഗ്രാഫി,कोशलेखन
പുസ്തകശാല,लायब्ररी
ലൈബ്രറി പ്രോഗ്രാം,लायब्ररी कार्यक्रम
ലൈബ്രറി സബ്-റോട്ടീൻ,लायब्ररी उप-दिनचर्या
ലൈസൻസ് കരാർ,परवाना करार
ലൈറ്റ് എമിറ്റർ ഡയോഡ് (എൽഇഡി),लाइट एमिटर डायोड (LED)
നേരിയ തോക്ക്,हलकी बंदूक
നേരിയ പേന,हलका पेन
ലൈൻ അഡാപ്റ്റർ,लाइन अडॅप्टर
ലൈൻ എഡിറ്റിംഗ്,ओळ संपादन
ലൈൻ പ്രിന്റർ,लाइन प्रिंटर
ലീനിയർ,रेखीय
മിനിറ്റിലെ വരികൾ (LPM),ओळी प्रति मिनिट (LPM)
ലിങ്ക്,दुवा
ലിങ്ക് ചെയ്ത പട്ടിക,लिंक केलेली यादी
ലിനക്സ്,लिनक्स
ലിക്വിഡ് ക്രിസ്റ്റൽ ഡിസ്പ്ലേ (എൽസിഡി),लिक्विड क्रिस्टल डिस्प्ले (एलसीडी)
ലിസ്റ്റ് പ്രോസസ്സിംഗ്,यादी प्रक्रिया
അക്ഷരാർത്ഥം,शाब्दिक
തത്സമയം,राहतात
ലൈവ് നോഡ്,थेट नोड
ലോഡ് ചെയ്യുക,लोड
ലോഡ് മൊഡ്യൂൾ,लोड मॉड्यूल
പ്രാദേശിക,स्थानिक
പ്രാദേശിക പ്രവേശനം,स्थानिक प्रवेश
ലോക്കൽ ഏരിയ നെറ്റ്‌വർക്ക് (ലാൻ),स्थानिक क्षेत्र नेटवर्क (लॅन)
പ്രാദേശിക നിർവചനം,स्थानिक व्याख्या
പ്രാദേശിക കൈമാറ്റം,स्थानिक विनिमय
പ്രാദേശിക മെമ്മറി,स्थानिक स्मृती
പ്രാദേശിക മോഡ്,स्थानिक मोड
പ്രാദേശിക വേരിയബിൾ,स्थानिक व्हेरिएबल
പൂട്ടുക,कुलूप
ലോക്ക് ചെയ്ത ഫയൽ,लॉक केलेली फाइल
ലോഗിൻ=ലോഗിൻ ചെയ്യുക,लॉग इन = लॉग ऑन करा
ലോഗ് ഓഫ്-ലോഗ് ഔട്ട്,लॉग ऑफ-लॉग आउट
ലോഗിംഗ്,लॉगिंग
ലോജിക് അനലൈസർ,तर्क विश्लेषक
ലോജിക് ബോംബ്,लॉजिक बॉम्ब
ലോജിക് കാർഡ്,लॉजिक कार्ड
ലോജിക് ചാർട്ട് (ഫ്ലോ ചാർട്ട്),लॉजिक चार्ट (फ्लो चार्ट)
ലോജിക് സർക്യൂട്ട്,लॉजिक सर्किट
ലോജിക് ഡിസൈൻ,तर्कशास्त्र रचना
ലോജിക് ഡയഗ്രം,तर्कशास्त्र आकृती
ലോജിക് ഫ്ലോ ചാർട്ട്,तर्क प्रवाह चार्ट
ലോജിക് ഫംഗ്ഷൻ,तर्कशास्त्र कार्य
ലോജിക് ഗേറ്റ്,लॉजिक गेट
ലോജിക് പ്രോഗ്രാമിംഗ്,लॉजिक प्रोग्रामिंग
ലോജിക് ഷിഫ്റ്റ്,तर्कशास्त्र शिफ्ट
യുക്തിയുടെ അവസ്ഥ,तर्क स्थिती
ലോജിക് സ്വിച്ച്,लॉजिक स्विच
ലോജിക് യൂണിറ്റ്,तर्कशास्त्र युनिट
ലോജിക്കൽ,तार्किक
ലോജിക്കൽ കണക്ഷൻ,तार्किक कनेक्शन
ലോജിക്കൽ ഡാറ്റ ഘടന,तार्किक डेटा संरचना
ലോജിക്കൽ ഡയഗ്രം,तार्किक आकृती
ലോജിക്കൽ എക്സ്പ്രഷൻ,तार्किक अभिव्यक्ती
ലോജിക്കൽ ഫ്ലോ ചാർട്ട് (ഫ്ലോ ചാർട്ട്),लॉजिकल फ्लो चार्ट (फ्लो चार्ट)
ലോജിക്കൽ IF,तार्किक IF
ലോജിക്കൽ പ്രവർത്തനം,तार्किक ऑपरेशन
ലോജിക്കൽ ഓപ്പറേറ്റർ,लॉजिकल ऑपरेटर
ലോജിക്കൽ ബന്ധം,तार्किक संबंध
ലോജിക്കൽ സ്കീം,तार्किक योजना
ലോജിക്കൽ ചിഹ്നം,तार्किक चिन्ह
ലോജിക്കൽ തരം,तार्किक प्रकार
ലോജിക്കൽ മൂല്യം,तार्किक मूल्य
ലോജിക്കൽ വേരിയബിൾ,लॉजिकल व्हेरिएबल
മുന്നോട്ട് നോക്കൂ,पुढे पहा वाहून
മുന്നോട്ട് നോക്കൂ,सेट पुढे पहा
തിരയൽ,वर बघ
ലൂപ്പ്,पळवाट
ലൂപ്പ് നിയന്ത്രണം,पळवाट नियंत्रण
ലൂപ്പ് സമാരംഭം,लूप आरंभ करणे
ലൂപ്പ് പരിഷ്ക്കരണം,लूप सुधारणा
ലൂപ്പ് നെറ്റ്വർക്ക്,लूप नेटवर्क
ലൂപ്പ് ആരംഭം,पळवाट सुरू
ലൂപ്പ് അവസാനിപ്പിക്കൽ,लूप समाप्ती
ലൂപ്പ്-ബാക്ക് ടെസ്റ്റ്,लूप-बॅक चाचणी
അയഞ്ഞ കപ്പിൾഡ്,सैलपणे जोडलेले
നഷ്ടമില്ലാത്ത കംപ്രഷൻ,दोषरहित कॉम्प्रेशन
നഷ്ടമായ കംപ്രഷൻ,हानीकारक कॉम्प्रेशन
കുറഞ്ഞ ബൈറ്റ്,कमी बाइट
താഴ്ന്ന നിലയിലുള്ള ഭാഷ,निम्न पातळीची भाषा
കുറഞ്ഞ പാസ് ഫിൽട്ടർ,कमी पास फिल्टर
താഴ്ന്ന പരിധി,कमी बंधन
മാക് പ്രോട്ടോക്കോൾ (ഇടത്തരം പ്രവേശന നിയന്ത്രണം),मॅक प्रोटोकॉल (मध्यम प्रवेश नियंत्रण)
യന്ത്രം,मशीन
മെഷീൻ വിലാസം,मशीन पत्ता
മെഷീൻ കോഡ്,मशीन कोड
മെഷീൻ സൈക്കിൾ,मशीन सायकल
യന്ത്രത്തെ ആശ്രയിക്കുന്ന ഭാഷ,मशीनवर अवलंबून असलेली भाषा
മെഷീൻ ആശ്രിത സോഫ്റ്റ്വെയർ,मशीनवर अवलंबून असलेले सॉफ्टवेअर
യന്ത്ര പിശക്,मशीन त्रुटी
മെഷീൻ നിഷ്ക്രിയ സമയം,मशीन निष्क्रिय वेळ
യന്ത്ര സ്വതന്ത്ര ഭാഷ,मशीन स्वतंत्र भाषा
യന്ത്ര നിർദ്ദേശം,मशीन सूचना
യന്ത്ര ബുദ്ധി,मशीन बुद्धिमत्ता
യന്ത്രഭാഷ,मशीन भाषा
യന്ത്ര പഠനം,मशीन लर्निंग
യന്ത്ര പ്രവർത്തനം,मशीन ऑपरेशन
യന്ത്രാധിഷ്ഠിത ഭാഷ,मशीन ओरिएंटेड भाषा
മെഷീൻ റൺ,मशीन चालवणे
മെഷീൻ സിമുലേഷൻ,मशीन सिम्युलेशन
മെഷീൻ കേടായ സമയം,मशीनचा वेळ खराब झाला
യന്ത്ര വിവർത്തനം,मशीन भाषांतर
യന്ത്ര വാക്ക്,मशीन शब्द
മാക്രോ (=മാക്രോ നിർദ്ദേശം),मॅक्रो (= मॅक्रो सूचना)
മാക്രോ വാദം,मॅक्रो युक्तिवाद
മാക്രോ അസംബ്ലി പ്രോഗ്രാം,मॅक्रो असेंब्ली प्रोग्राम
മാക്രോ കോൾ,मॅक्रो कॉल
മാക്രോ കോഡ്,मॅक्रो कोड
മാക്രോ കമാൻഡ്,मॅक्रो कमांड
മാക്രോ പ്രഖ്യാപനം,मॅक्रो घोषणा
മാക്രോ നിർവചനം,मॅक्रो व्याख्या
മാക്രോ ഫ്ലോ ചാർട്ട്,मॅक्रो फ्लो चार्ट
മാക്രോ ജനറേറ്റർ,मॅक्रो जनरेटर
മാക്രോ നിർദ്ദേശം,मॅक्रो सूचना
മാക്രോ ഭാഷ,मॅक्रो भाषा
മാക്രോ ലൈബ്രറി,मॅक्रो लायब्ररी
മാക്രോ പാരാമീറ്റർ,मॅक्रो पॅरामीटर
മാക്രോ പ്രോസസ്സിംഗ്,मॅक्रो प्रक्रिया
മാക്രോ പ്രൊസസർ,मॅक्रो प्रोसेसर
മാക്രോ പ്രോഗ്രാമിംഗ്,मॅक्रो प्रोग्रामिंग
മാക്രോ പ്രോട്ടോടൈപ്പ്,मॅक्रो प्रोटोटाइप
മാക്രോ-കോഡിംഗ്,मॅक्रो-कोडिंग
മാഗബൈറ്റ് (MB),मॅगाबाइट (MB)
മാന്ത്രിക കഥാപാത്രം,जादूचे पात्र
മാന്ത്രിക സംഖ്യ,जादूची संख्या
കാന്തിക ബബിൾ മെമ്മറി,चुंबकीय बबल मेमरी
കാന്തിക കാർഡ്,चुंबकीय कार्ड
കാന്തിക കോശം,चुंबकीय सेल
കാന്തിക സ്വഭാവം,चुंबकीय वर्ण
കാന്തിക കോർ സംഭരണം,चुंबकीय कोर स्टोरेज
കാന്തിക ഡിസ്ക്,चुंबकीय डिस्क
കാന്തിക ഡിസ്ക് വിലാസം,चुंबकीय डिस्क पत्ता
മാഗ്നറ്റിക് ഡിസ്ക് മെമ്മറി,चुंबकीय डिस्क मेमरी
കാന്തിക ഡ്രം,चुंबकीय ड्रम
കാന്തിക എൻകോഡിംഗ്,चुंबकीय एन्कोडिंग
കാന്തിക തല,चुंबकीय डोके
കാന്തിക മഷി,चुंबकीय शाई
കാന്തിക മഷി പ്രതീക തിരിച്ചറിയൽ (MICR),चुंबकीय शाई वर्ण ओळख (MICR)
കാന്തിക മാധ്യമം,चुंबकीय माध्यम
കാന്തിക വായന,चुंबकीय वाचन
കാന്തിക റെക്കോർഡിംഗ്,चुंबकीय रेकॉर्डिंग
കാന്തിക സംഭരണം,चुंबकीय संचयन
കാന്തിക സ്ട്രിപ്പ്,चुंबकीय पट्टी
കാന്തിക ടേപ്പ്,चुंबकीय टेप
കാന്തിക ടേപ്പ് കാട്രിഡ്ജ്,चुंबकीय टेप काडतूस
കാന്തിക ടേപ്പ് ഡ്രൈവ്,चुंबकीय टेप ड्राइव्ह
കാന്തിക ടേപ്പ് തലക്കെട്ട്,चुंबकीय टेप शीर्षलेख
മാഗ്നറ്റിക് ടേപ്പ് ലൈബ്രേറിയൻ,चुंबकीय टेप ग्रंथपाल
കാന്തിക ടേപ്പ് ഗതാഗതം,चुंबकीय टेप वाहतूक
കാന്തിക ടേപ്പ് യൂണിറ്റ്,चुंबकीय टेप युनिट
കാന്തിക നേർത്ത ഫിലിം,चुंबकीय पातळ फिल्म
കാന്തിക ട്രാക്ക്,चुंबकीय ट्रॅक
മാഗ്നെറ്റോ ഒപ്റ്റിക് സംഭരണം,मॅग्नेटो ऑप्टिक स्टोरेज
മാഗ്നെറ്റോഗ്രാഫിക് പ്രിന്റർ,मॅग्नेटोग्राफिक प्रिंटर
മാഗ്നെറ്റോസ്ട്രിക്ഷൻ,मॅग्नेटोस्ट्रक्शन
മാഗ്നെറ്റോസ്ട്രിക്റ്റീവ് ടാബ്ലറ്റ്,चुंबकीय प्रतिबंधात्मक टॅब्लेट
മെയിൽ ബോക്സ്,मेल बॉक्स
മെയിൽ ലയനം,मेल विलीनीकरण
പ്രധാന നിയന്ത്രണ യൂണിറ്റ്,मुख्य नियंत्रण युनिट
പ്രധാന ഫ്രെയിം,मुख्य चौकट
പ്രധാന ഫ്രെയിം സിസ്റ്റം,मुख्य फ्रेम सिस्टम
പ്രധാന മെമ്മറി,मुख्य स्मृती
പ്രധാന പ്രോഗ്രാം,मुख्य कार्यक्रम
പ്രധാന സംഭരണം,मुख्य स्टोरेज
പ്രധാന സ്വിച്ച്,मुख्य स्विच
മെയിന്റനൻസ്,देखभाल
മെയിന്റനൻസ് പാനൽ,देखभाल पॅनेल
അറ്റകുറ്റപ്പണി സമയം,देखभाल वेळ
പ്രധാന ചക്രം,प्रमुख चक्र
പ്രധാന ഉപകരണം,प्रमुख साधन
പ്രധാന കീ,प्रमुख की
പ്രധാന സംസ്ഥാനം,प्रमुख राज्य
പ്രധാന ഘടന,प्रमुख रचना
പ്രധാന ദൗത്യം,प्रमुख कार्य
ഭൂരിപക്ഷ ഘടകം,बहुसंख्य घटक
ഭൂരിപക്ഷ ഗേറ്റ്,बहुसंख्य गेट
ഭൂരിപക്ഷ പ്രവർത്തനം,बहुसंख्य ऑपरेशन
മേക്കപ്പ് സമയം,मेकअप वेळ
തകരാർ പതിവ്,खराब कार्य दिनचर्या
മാനേജ്മെന്റ് വികസനം,व्यवस्थापन विकास
മാനേജ്മെന്റ് ഇൻഫർമേഷൻ സിസ്റ്റം (എംഐഎസ്),व्यवस्थापन माहिती प्रणाली (MIS)
മാനേജ്മെന്റ് സയൻസ്,व्यवस्थापन विज्ञान
മാഞ്ചസ്റ്റർ കോഡിംഗ്,मँचेस्टर कोडिंग
മാനിഫോൾഡിംഗ്,मॅनिफोल्डिंग
കൃത്രിമ വേരിയബിൾ,फेरफार केलेले चल
സൂചികയിൽ കൃത്രിമം കാണിക്കുന്നു,अनुक्रमणिका हाताळणे
മനുഷ്യ-മെഷീൻ സിമുലേഷൻ,मनुष्य-मशीन सिम्युलेशन
സ്വമേധയാലുള്ള വിലാസ സ്വിച്ച്,मॅन्युअल पत्ता स्विच
മാനുവൽ വിശകലനം,मॅन्युअल विश्लेषण
മാനുവൽ ഉത്തരം,मॅन्युअल उत्तर देणे
മാനുവൽ എൻട്രി,मॅन्युअल एंट्री
മാനുവൽ എക്സ്ചേഞ്ച്,मॅन्युअल एक्सचेंज
മാനുവൽ ഇൻപുട്ട്,मॅन्युअल इनपुट
മാനുവൽ പ്രവർത്തനം,मॅन्युअल ऑपरेशन
പലതും പലതുമായ ബന്ധം,अनेक ते अनेक संबंध
പലതും ഒരു ഡീകോഡറും,अनेक ते एक डीकोडर
മാപ്പ് രീതി,नकाशा पद्धत
മാപ്പിംഗ്,मॅपिंग
മാർജിൻ,समास
മാർജിൻ പിശക്,मार्जिन त्रुटी
മാർജിനൽ ചെക്ക്,किरकोळ तपासणी
മാർജിനൽ ടെസ്റ്റ്,किरकोळ चाचणी
അടയാളം കണ്ടെത്തൽ,चिन्ह ओळख
മാർക്ക് വായന,वाचन चिन्हांकित करा
അടയാളം സ്കാനിംഗ്,मार्क स्कॅनिंग
മാർക്ക് സെൻസ്,चिन्हांकित अर्थ
മാർക്കർ,मार्कर
അടയാളപ്പെടുത്തുന്നു,चिन्हांकित करणे
അടയാളപ്പെടുത്തൽ തരംഗം,चिन्हांकित लहर
മാർക്കോവ് ചെയിൻ,मार्कोव्ह साखळी
മാർക്കോവ് ഉറവിടം,मार्कोव्ह स्त्रोत
അടയാളപ്പെടുത്തൽ ഭാഷ,मार्क-अप भाषा
മാസർ,मासेर
മാസർ,मासेर
മുഖംമൂടി,मुखवटा
മുഖംമൂടി ബിറ്റ്,मास्क बिट
മാസ്ക് പ്രോഗ്രാമബിൾ ഉപകരണം,मास्क प्रोग्राम करण्यायोग्य डिव्हाइस
മാസ്ക് രജിസ്റ്റർ,मास्क रजिस्टर
മുഖംമൂടി ധരിച്ച റോം,मुखवटा घातलेला रॉम
മാസ്കിംഗ്,मुखवटा
ബഹുജന ഡാറ്റ,वस्तुमान डेटा
മാസ് മെമ്മറി,वस्तुमान मेमरी
വൻതോതിൽ സമാന്തരമായി,मोठ्या प्रमाणात समांतर
മാസ്റ്റർ,मास्टर
മാസ്റ്റർ കാർഡ്,मास्टर कार्ड
മാസ്റ്റർ ക്ലോക്ക്,मास्टर घड्याळ
മാസ്റ്റർ കൺസോൾ,मास्टर कन्सोल
മാസ്റ്റർ ഡാറ്റ,मास्टर डेटा
മാസ്റ്റർ ഡയഗ്രം,मुख्य आकृती
മാസ്റ്റർ ഫയൽ,मास्टर फाइल
മാസ്റ്റർ ഗ്രൂപ്പ്,मुख्य गट
മാസ്റ്റർ കീ,गुरुकिल्ली
മാസ്റ്റർ ലൈബ്രറി ടേപ്പ്,मास्टर लायब्ररी टेप
മാസ്റ്റർ പ്രൊസസർ,मास्टर प्रोसेसर
മാസ്റ്റർ പ്രോഗ്രാം,मास्टर प्रोग्राम
മാസ്റ്റർ സ്റ്റേഷൻ,मास्टर स्टेशन
മാസ്റ്റർ ടേപ്പ്,मास्टर टेप
മാസ്റ്റർ ടെർമിനൽ,मास्टर टर्मिनल
മാസ്റ്റർ/സ്ലേവ് ഉപകരണം,मास्टर/स्लेव्ह डिव्हाइस
യജമാനൻ/അടിമ സംവിധാനം,मास्टर / गुलाम प्रणाली
പൊരുത്തം,जुळवा
പൊരുത്തപ്പെടുന്നു,जुळणारे
ഗണിത പ്രോഗ്രാമിംഗ്,गणितीय प्रोग्रामिंग
ഗണിത അനുകരണം,गणितीय अनुकरण
മാട്രിക്സ്,मॅट्रिक्स
മാട്രിക്സ് പ്രിന്റർ,मॅट्रिक्स प्रिंटर
മാട്രിക്സ് സ്വിച്ച്,मॅट्रिक्स स्विच
മാട്രിക്സ് പട്ടിക,मॅट्रिक्स सारणी
പരമാവധി കമ്പ്യൂട്ടർ,मॅक्सी संगणक
മാക്സികമ്പ്യൂട്ടർ,कमाल संगणक
പരമാവധി ഘടകം,जास्तीत जास्त घटक
പരമാവധി (സാധാരണ തുക കാലാവധി),कमाल मुदत (मानक बेरीज टर्म)
മാക്സ്വെൽ ഡെമൺ,मॅक्सवेल डिमन
അർത്ഥം,मीन
അറ്റകുറ്റപ്പണി സമയം എന്നാണ് അർത്ഥമാക്കുന്നത്,म्हणजे दुरुस्तीची वेळ
പരാജയത്തിന് ഇടയിലുള്ള ശരാശരി സമയം (MTBF),अयशस्वी दरम्यानचा वेळ (MTBF)
പരാജയത്തിന് ഇടയിലുള്ള ശരാശരി സമയം (MTBF),अयशस्वी दरम्यानचा वेळ (MTBF)
പരാജയത്തിന്റെ സമയം എന്നാണ് അർത്ഥമാക്കുന്നത്,म्हणजे अपयशाची वेळ
നന്നാക്കാനുള്ള സമയം എന്നാണ് അർത്ഥമാക്കുന്നത്,दुरुस्तीसाठी वेळ
നന്നാക്കാനുള്ള ശരാശരി സമയം (MTTR),दुरुस्तीची वेळ (MTTR)
മീഡിയം സ്കെയിൽ ഇന്റഗ്രേഷൻ (എംഎസ്ഐ),मध्यम प्रमाणात एकत्रीकरण (MSI)
മീഡിയം സ്കെയിൽ ഇന്റഗ്രേഷൻ (എംഎസ്ഐ),मध्यम प्रमाणात एकत्रीकरण (MSI)
ഇടത്തരം സംഭരണ ഉപകരണം,मध्यम मुदतीचे स्टोरेज डिव्हाइस
മെഗാബിറ്റ് പെർ സെക്കൻഡ് (MB Ps),मेगाबिट प्रति सेकंद (MB Ps)
അംഗ വസ്തു,सदस्य ऑब्जेक्ट
അംഗ റെക്കോർഡ്,सदस्य रेकॉर्ड
മെമ്മറി,स्मृती
മെമ്മറി അറേ,मेमरी अॅरे
മെമ്മറി ബാങ്ക്,मेमरी बँक
മെമ്മറി ബഫർ രജിസ്റ്റർ,मेमरी बफर रजिस्टर
മെമ്മറി ബസ്,मेमरी बस
മെമ്മറി കാര്ഡ്,मेमरी कार्ड
മെമ്മറി സെൽ,मेमरी सेल
മെമ്മറി കോംപാക്ഷൻ,मेमरी कॉम्पॅक्शन
മെമ്മറി കോർ,मेमरी कोर
മെമ്മറി സൈക്കിൾ,स्मृती चक्र
മെമ്മറി ഡാറ്റ രജിസ്റ്റർ,मेमरी डेटा रजिस्टर
മെമ്മറി ഡംപ്,मेमरी डंप
മെമ്മറി എക്സ്ചേഞ്ച്,मेमरी एक्सचेंज
മെമ്മറി ശ്രേണി,मेमरी पदानुक्रम
മെമ്മറി നിർദ്ദേശം,मेमरी सूचना
മെമ്മറി മാനേജ്മെന്റ്,मेमरी व्यवस्थापन
മെമ്മറി മാപ്പ്,मेमरी नकाशा
മെമ്മറി മാപ്പ് ചെയ്ത I/O,मेमरी मॅप केलेले I/O
മെമ്മറി മോഡൽ,मेमरी मॉडेल
മെമ്മറി മൊഡ്യൂൾ,मेमरी मॉड्यूल
മെമ്മറി പോയിന്റർ രജിസ്റ്റർ,मेमरी पॉइंटर रजिस्टर
ഓർമ്മ ശക്തി,स्मृती शक्ती
മെമ്മറി സംരക്ഷണം,मेमरी संरक्षण
മെമ്മറി റഫറൻസ് നിർദ്ദേശം,मेमरी संदर्भ सूचना
മെമ്മറി റസിഡന്റ് പ്രോഗ്രാം,मेमरी निवासी कार्यक्रम
മെമ്മറി യൂണിറ്റ്,मेमरी युनिट
മെനു,मेनू
മെനു ബാർ,मेनू बार
മെനു ഡ്രൈവ്,मेनू ड्राइव्ह
മെനു തിരഞ്ഞെടുക്കൽ,मेनू निवड
മെനു അടിസ്ഥാനമാക്കിയുള്ള പ്രോഗ്രാം,मेनू-चालित कार्यक्रम
ലയിപ്പിക്കുക,विलीन
എക്സ്ചേഞ്ച് സോർട്ട് ലയിപ്പിക്കുക,एक्सचेंज क्रमवारी विलीन करा
ലയിപ്പിക്കുക,क्रमवारी विलीन करा
ലയിപ്പിക്കുന്നു,विलीन करणे
മെഷ് നെറ്റ്വർക്ക്,जाळी नेटवर्क
സന്ദേശമയയ്‌ക്കൽ,मेसेजिंग
സന്ദേശം,संदेश
സന്ദേശ പ്രാമാണീകരണം,संदेश प्रमाणीकरण
സന്ദേശ ബോക്സ്,संदेश बॉक्स
സന്ദേശ സർക്യൂട്ട്,संदेश सर्किट
സന്ദേശ ഫോർമാറ്റ്,संदेश स्वरूप
സന്ദേശ തലക്കെട്ട്,संदेश शीर्षलेख
സന്ദേശ മോഡ്,संदेश मोड
സന്ദേശം കൈമാറുന്നു,संदेश जात आहे
സന്ദേശ വോട്ടെടുപ്പ്,संदेश मतदान
സന്ദേശ ക്യൂ,संदेश रांग
സന്ദേശ സ്വിച്ച്,संदेश स्विच
സന്ദേശ വാചകം,संदेश मजकूर
സന്ദേശ കൈമാറ്റ ഏജന്റ്,संदेश हस्तांतरण एजंट
മെറ്റാ അസംബ്ലർ,मेटा असेंबलर
മെറ്റാ ക്ലാസ്,मेटा वर्ग
മെറ്റാ സമാഹാരം,मेटा संकलन
മെറ്റാ കമ്പൈലർ,मेटा कंपाइलर
മെറ്റാ ഭാഷ,मेटा भाषा
മെറ്റാ നെറ്റ്വർക്ക്,मेटा नेटवर्क
മെറ്റാ സിസ്റ്റം,मेटा सिस्टम
രീതി,पद्धत
മെട്രോപൊളിറ്റൻ ഏരിയ നെറ്റ്‌വർക്ക് (MAN),मेट्रोपॉलिटन एरिया नेटवर्क (MAN)
മൈക്രോ,सूक्ष्म
മൈക്രോ കോഡ്,सूक्ष्म कोड
മൈക്രോ കമ്പ്യൂട്ടർ,सूक्ष्म संगणक
മൈക്രോ കൺട്രോളർ,सूक्ष्म नियंत्रक
മൈക്രോ സൈക്കിൾ,सूक्ष्म सायकल
മൈക്രോ ഇലക്ട്രോണിക് മെക്കാനിക്കൽ സിസ്റ്റം (MEMS),मायक्रो इलेक्ट्रॉनिक मेकॅनिकल सिस्टम (MEMS)
മൈക്രോ ഇലക്ട്രോണിക്സ്,सूक्ष्म इलेक्ट्रॉनिक्स
മൈക്രോ മിനി ഓതറൈസേഷൻ,सूक्ष्म सूक्ष्म प्राधिकरण
മൈക്രോ ഓർഡർ,सूक्ष्म ऑर्डर
മൈക്രോ/മെയിൻഫ്രെയിം ലിങ്ക്,मायक्रो/मेनफ्रेम लिंक
മൈക്രോചിപ്പ്,मायक्रोचिप
മൈക്രോകോബോൾ,मायक्रोकोबोल
മൈക്രോകോഡ്,मायक्रोकोड
മൈക്രോഫിഷ്,मायक्रोफिचे
മൈക്രോഫ്ലോപ്പി,मायक्रोफ्लॉपी
മൈക്രോഫോം റീഡർ,मायक्रोफॉर्म रीडर
മൈക്രോഫ്രെയിം,मायक्रोफ्रेम
മൈക്രോഗ്രാഫിക്സ്,मायक्रोग्राफिक्स
മൈക്രോഫോൺ,मायक्रोफोन
മൈക്രോഫോട്ടോഗ്രാഫ്,मायक्रोफोटोग्राफ
മൈക്രോപ്രൊസസിംഗ് യൂണിറ്റ്,मायक्रोप्रोसेसिंग युनिट
മൈക്രോപ്രൊസസർ,मायक्रोप्रोसेसर
മൈക്രോപ്രൊസസർ ചിപ്പ്,मायक्रोप्रोसेसर चिप
മൈക്രോപ്രൊസസർ കമ്പൈലർ,मायक्रोप्रोसेसर कंपाइलर
മൈക്രോപ്രൊസസർ യൂണിറ്റ് (എംപിയു),मायक्रोप्रोसेसर युनिट (MPU)
മൈക്രോപ്രോഗ്രാം,मायक्रोप्रोग्राम
മൈക്രോസെക്വൻസ്,सूक्ष्म अनुक्रम
മൈക്രോസോഫ്റ്റ്,मायक्रोसॉफ्ट
മൈക്രോസോഫ്റ്റ് വിൻഡോകൾ,मायक्रोसॉफ्ट विंडोज
മൈക്രോവേവ്,मायक्रोवेव्ह
മൈക്രോവേവ് ലിങ്ക്,मायक्रोवेव्ह लिंक
മൈക്രോവേവ് പ്രചരണം,मायक्रोवेव्ह प्रसार
മധ്യ മാനേജ്മെന്റ്,मध्यम व्यवस्थापन
മിഡിൽവെയർ,मिडलवेअर
മിഡികമ്പ്യൂട്ടർ,मिडीकॉम्प्युटर
മധ്യഭാഗം,मध्यबिंदू
ഇടക്കാല,मध्यावधी
മൈഗ്രേഷൻ പാത,स्थलांतर मार्ग
സെക്കൻഡിൽ ദശലക്ഷം നിർദ്ദേശങ്ങൾ (MIPS),प्रति सेकंद दशलक्ष सूचना (MIPS)
മിനികമ്പ്യൂട്ടർ,लघुसंगणक
മിനിഡിസ്കെറ്റ്,मिनीडिस्केट
ഏറ്റവും കുറഞ്ഞ കേർണൽ,किमान कर्नल
കുറഞ്ഞ ഉൽപ്പന്നം,किमान उत्पादन
ഏറ്റവും കുറഞ്ഞ വൃക്ഷം,किमान झाड
മിനിമാക്സ് (മിനി-മാക്സ്) അൽഗോരിതം,minimax (किमान-कमाल) अल्गोरिदम
മിനിമാക്സ് നടപടിക്രമം,किमान प्रक्रिया
ഏറ്റവും കുറഞ്ഞ ചെലവ് പരന്നുകിടക്കുന്ന മരം,झाडासाठी किमान खर्च
ഏറ്റവും കുറഞ്ഞ ലേറ്റൻസി കോഡിംഗ്,किमान विलंब कोडिंग
ചെറിയ ഉപകരണം,किरकोळ उपकरण
മിന്ററിം,मिंटरिम
മൈനസ് പതാക,वजा ध्वज
മൈനസ് പതാക,वजा ध्वज
മൈനസ് സോൺ,वजा क्षेत्र
കണ്ണാടി,आरसा
കണ്ണാടി സൈറ്റ്,मिरर साइट
മിക്സഡ്-റാഡിക്സ് നൊട്ടേഷൻ,मिश्र मूलांक नोटेशन
മിക്സർ,मिक्सर
ഓർമ്മപ്പെടുത്തൽ,मेमोनिक
സ്മരണിക വിലാസം,मेमोनिक पत्ता
മെമ്മോണിക്സ്,नेमोनिक्स
മൊബൈൽ,मोबाईल
മൊബൈൽ കമ്പ്യൂട്ടിംഗ്,मोबाइल संगणन
മോഡൽ,मॉडेल
മാതൃകയില്ലാത്ത എഡിറ്റർ,मोडलेस संपादक
മോഡലിംഗ്,मॉडेलिंग
മോഡം,मोडेम
മിതത്വം,मध्यम
മോഡറേഷൻ,संयत
മോഡറേറ്റർ,नियंत्रक
പരിഷ്കരിച്ച നിർദ്ദേശം,सुधारित सूचना
മോഡിഫയർ,सुधारक
മോഡിഫയർ ബിറ്റ്,सुधारक बिट
പരിഷ്ക്കരിക്കുക,सुधारित करा
മോഡുലാർ,मॉड्यूलर
മോഡുലാരിറ്റി,मॉड्यूलरिटी
മോഡുലേഷൻ,मॉड्युलेशन
മൊഡ്യൂൾ,मॉड्यूल
മൊഡ്യൂൾ ആർക്കിടെക്ചർ,मॉड्यूल आर्किटेक्चर
മോണിറ്റർ,मॉनिटर
നിരീക്ഷണ പരിപാടി,देखरेख कार्यक्रम
മോണോക്രോം ഡിസ്പ്ലേ,मोनोक्रोम डिस्प्ले
മോണോലിത്തിക്ക് ഇന്റഗ്രേറ്റഡ് സർക്യൂട്ട്,मोनोलिथिक इंटिग्रेटेड सर्किट
മോണോലിത്തിക്ക് സാങ്കേതികവിദ്യ,मोनोलिथिक तंत्रज्ञान
മോണോസ്പേസ് ഫോണ്ട്,मोनोस्पेस फॉन्ट
മോണോസ്റ്റബിൾ,मोनोस्टेबल
മോണോട്ടോറിസിറ്റി,मोनोटोरिसिटी
മോർഫ്,मॉर्फ
മോർഫീം,मॉर्फीम
മോർഫിസം,मॉर्फिझम
ജാമ്യം,गहाण
മോസ്ഫെറ്റ് (MOSFET),mosfet (MOSFET)
ഏറ്റവും പ്രധാനപ്പെട്ട ബിറ്റ്,सर्वात लक्षणीय बिट
മദർ ബോർഡ്,मदर बोर्ड
അമ്മ രജിസ്റ്റർ,आई नोंदणी
ചലച്ചിത്രം,चलचित्रपट
മോഷൻ പിക്ചർ വിദഗ്ധ സംഘം (എംപിഇജി),मोशन पिक्चर एक्स्पर्ट्स ग्रुप (MPEG)
മൗണ്ട്,माउंट
മൗസ്,उंदीर
നീക്കുക,हलवा
ചലിക്കുന്ന സ്വഭാവം,वर्ण हलवा
MS-DOS,एमएस-डॉस
MS-Windows,एमएस-विंडोज
ബഹുമുഖം,बहु पैलू
മൾട്ടി പ്രൊസസർ,मल्टी प्रोसेसर
മൾട്ടി പ്രോഗ്രാമിംഗ്,मल्टी प्रोग्रामिंग
മൾട്ടി ടാസ്കിംഗ്,मल्टी टास्किंग
മൾട്ടിബസ്,मल्टीबस
മൾട്ടികാസ്റ്റ്,मल्टीकास्ट
മൾട്ടികാസ്റ്റ് വിലാസം,मल्टीकास्ट पत्ता
മൾട്ടികാസ്റ്റിംഗ്,मल्टीकास्टिंग
മൾട്ടിചിപ്പ്,मल्टीचिप
മൾട്ടിക്സ്,मल्टीक्स
മൾട്ടിജോബ് പ്രവർത്തനം,मल्टी-जॉब ऑपरेशन
മൾട്ടി ലെവൽ മെമ്മറി,बहुस्तरीय मेमरी
മൾട്ടിമീഡിയ സാങ്കേതികവിദ്യ,मल्टीमीडिया तंत्रज्ञान
മൾട്ടിമോഡ്,मल्टीमोड
ഒന്നിലധികം,अनेक
ഒന്നിലധികം കൃത്യത,एकाधिक अचूकता
ഒന്നിലധികം റിഗ്രഷൻ,एकाधिक प्रतिगमन
മൾട്ടിപ്ലക്സ്,मल्टिप्लेक्स
മൾട്ടിപ്ലക്സ് മോഡ്,मल्टिप्लेक्स मोड
മൾട്ടിപ്ലക്‌സർ,मल्टिप्लेक्सर
മൾട്ടിപ്ലെക്സിംഗ്,मल्टिप्लेक्सिंग
മൾട്ടിപോയിന്റ് നെറ്റ്‌വർക്ക്,मल्टीपॉइंट नेटवर्क
മൾട്ടിപ്രോസസിംഗ്,मल्टीप्रोसेसिंग
മൾട്ടിപ്രൊസസർ സിസ്റ്റം,मल्टीप्रोसेसर प्रणाली
മൾട്ടി പർപ്പസ് ഇന്റർനെറ്റ് മെയിൽ വിപുലീകരണം (MIME),बहुउद्देशीय इंटरनेट मेल विस्तार (MIME)
മൾട്ടിഷെഡ്യൂൾ,अनेक वेळापत्रक
മൾട്ടിസ്റ്റേഷൻ,मल्टीस्टेशन
മൾട്ടിത്രെഡിംഗ്,मल्टीथ्रेडिंग
ബഹുമുഖ യുക്തി,बहुमूल्य तर्कशास्त्र
മൾട്ടിവൈരിയേറ്റ് വിശകലനം,बहुविविध विश्लेषण
മൾട്ടിവൈബ്രേറ്റർ,मल्टीव्हायब्रेटर
പരസ്പര ഒഴിവാക്കൽ,परस्पर बहिष्कार
പരസ്പര വിവരങ്ങൾ,परस्पर माहिती
നിഷ്കളങ്കനായ ഉപയോക്താവ്,भोळा वापरकर्ता
നെയിം സെർവർ,नाव सर्व्हर
NAND പ്രവർത്തനം,NAND ऑपरेशन
നാനോ,नॅनो
ഇടുങ്ങിയ ബാൻഡ്,अरुंद बँड
ദേശീയ ഇൻഫർമേഷൻ ഇൻഫ്രാസ്ട്രക്ചർ,राष्ट्रीय माहिती पायाभूत सुविधा
നാഷണൽ ഇൻഫർമേഷൻ സ്റ്റാൻഡേർഡ് ഓർഗനൈസേഷൻ (NAND NISO),राष्ट्रीय माहिती मानक संघटना (NAND NISO)
നേറ്റീവ് കോഡ്,मूळ कोड
നേറ്റീവ് കംപൈലർ,मूळ कंपाइलर
നേറ്റീവ് സോഫ്റ്റ്വെയർ,मूळ सॉफ्टवेअर
സ്വാഭാവിക കമ്പൈലർ,नैसर्गिक कंपाइलर
സ്വാഭാവിക ഭാഷാ സംസ്കരണം,नैसर्गिक भाषा प्रक्रिया
സ്വാഭാവിക ഭാഷാ ചോദ്യം,नैसर्गिक भाषा क्वेरी
സ്വാഭാവിക സംഖ്യ,नैसर्गिक संख्या
നാവിഗേഷൻ,नेव्हिगेशन
നാവിഗേറ്റർ,नेव्हिगेटर
നെഗറ്റീവ് യുക്തി,नकारात्मक तर्क
നെസ്റ്റഡ് ലൂപ്പ്,नेस्टेड लूप
നെസ്റ്റഡ് മാക്രോകൾ,नेस्टेड मॅक्रो
നെറ്റ്,नेट
നെറ്റ് വിലാസം,निव्वळ पत्ता
നെറ്റ് പൗരൻ,निव्वळ नागरिक
നെറ്റ്സ്കേപ്പ് നാവിഗേറ്റർ,नेटस्केप नेव्हिगेटर
നെറ്റ്വർക്ക് ആക്സസ് നിയന്ത്രണം,नेटवर्क प्रवेश नियंत्रण
നെറ്റ്വർക്ക് ആർക്കിടെക്ചർ,नेटवर्क आर्किटेक्चर
നെറ്റ്‌വർക്ക് ഫയൽ സിസ്റ്റം (NFS),नेटवर्क फाइल सिस्टम (NFS)
നെറ്റ്‌വർക്ക് സമഗ്രത,नेटवर्क अखंडता
നെറ്റ്‌വർക്ക് ഇന്റർകണക്ഷൻ,नेटवर्क इंटरकनेक्शन
നെറ്റ്വർക്ക് പാളി,नेटवर्क स्तर
നെറ്റ്വർക്ക് മാനേജ്മെന്റ്,नेटवर्क व्यवस्थापन
നെറ്റ്‌വർക്ക് ടോപ്പോളജി,नेटवर्क टोपोलॉजी
നെറ്റ്വർക്ക് വെർച്വൽ ടെർമിനൽ,नेटवर्क आभासी टर्मिनल
ന്യൂട്രൽ റിലേ,तटस्थ रिले
ന്യൂട്രൽ ട്രാൻസ്മിഷൻ,तटस्थ प्रसारण
പുതിയ വരി പ്രതീകം,नवीन ओळ वर्ण
പുതിയ സമന്വയം,नवीन समक्रमण
NFS/നെറ്റ്‌വർക്ക് ഫയൽ,NFS/नेटवर्क फाइल
നുള്ളി,निबळे
ഒമ്പതിന്റെ പൂരകം,नऊचे पूरक
നോഡ്,नोड
ശബ്ദം,गोंगाट
ശബ്ദ മോഡ്,आवाज मोड
ശബ്ദരഹിതമായ കോഡിംഗ്,नीरव कोडिंग
നോൺ ഡിറ്റർമിനിസം,निर्धारवाद नसणे
വിതരണം ചെയ്യാത്തത്,वितरणात्मक नाही
ശൂന്യമല്ലാത്ത സെറ്റ്,रिकामा नसलेला संच
അപ്രധാനം,अप्राइम
നോൺ-ഇന്ററാക്ടീവ്,परस्परसंवादी नसलेले
നോൺ-ടെർമിനൽ സിസ്റ്റം,नॉन-टर्मिनल सिस्टम
അസ്ഥിരമല്ലാത്ത മെമ്മറി,अस्थिर स्मृती
അസ്ഥിരമല്ലാത്ത ആട്ടുകൊറ്റൻ,अस्थिर रॅम
നോൺ-വെയ്റ്റഡ് കോഡ്,नॉन-वेटेड कोड
NOP നിർദ്ദേശം,NOP सूचना
NOR,ना
NOR ഗേറ്റ്,ना गेट
സാധാരണ,सामान्य
നോർമലൈസേഷൻ,सामान्यीकरण
നോർമലൈസർ,नॉर्मलायझर
NOR-ഓപ്പറേഷൻ,NOR- ऑपरेशन
അല്ല,नाही
സർക്യൂട്ട് അല്ല,सर्किट नाही
തുല്യതാ ഗേറ്റ് അല്ല,समतुल्य गेट नाही
ഓപ്പറേഷൻ അല്ല,ऑपरेशन नाही
അല്ല-AND,नाही-आणि
അല്ല-ആൻഡ് ഓപ്പറേഷൻ,नाही-आणि ऑपरेशन
അല്ല-അല്ലെങ്കിൽ,नाही-किंवा
അല്ല-അല്ലെങ്കിൽ പ്രവർത്തനം,नाही-किंवा ऑपरेशन
NP പൂർണ്ണത,NP पूर्णता
NULL പോയിന്റർ,NULL पॉइंटर
സംഖ്യ സിദ്ധാന്തം,संख्या सिद्धांत
നിക്വിസ്റ്റ് മാനദണ്ഡം,nyquist निकष
വസ്തു,ऑब्जेक्ट
ഒബ്ജക്റ്റ് ഓറിയന്റഡ്,ऑब्जेक्ट ओरिएंटेड
ഒക്ടൽ കോഡ്,ऑक्टल कोड
അഷ്ടസംഖ്യ,ऑक्टल संख्या
ഒക്ടെറ്റ്,ऑक्टेट
ഒക്‌ട്രി,ऑक्ट्री
വിചിത്രമായ തുല്യത,विषम समता
ഓഫീസ് ഓട്ടോമേഷൻ,ऑफिस ऑटोमेशन
ഓഫീസ് സോഫ്റ്റ്വെയർ,ऑफिस सॉफ्टवेअर
ഓഫ്-ലൈൻ,ऑफ-लाइन
ഓഫ്-ലൈൻ പ്രോസസ്സിംഗ്,ऑफलाइन प्रक्रिया
ഓഫ്-സെറ്റ്,ऑफ-सेट
ഒമേഗ നൊട്ടേഷൻ,ओमेगा नोटेशन
ഓൺലൈൻ ആശയവിനിമയം,ऑनलाइन संवाद
ഓൺലൈൻ പ്രോസസ്സിംഗ്,ऑनलाइन प्रक्रिया
ഒപി രജിസ്റ്റർ,ओपी रजिस्टर
തുറന്ന വിലാസം,खुला पत्ता
ഓപ്പൺ സിസ്റ്റം ഇന്റർകണക്ഷൻ,ओपन सिस्टम इंटरकनेक्शन
തുറന്ന വയർ,उघडी वायर
ഓപ്പറാൻറ്,ऑपरेंड
ഓപ്പറേറ്റിംഗ് സിസ്റ്റം,ऑपरेटिंग सिस्टम
ഓപ്പറേഷൻ,ऑपरेशन
ഓപ്പറേറ്റർ,ऑपरेटर
ഒപ്റ്റിക്കൽ പ്രതീക തിരിച്ചറിയൽ,ऑप्टीकल कॅरेक्टर रेकग्निशन
ഒപ്റ്റിക്കൽ ഫൈബർ,ऑप्टिकल फायबर
ഒപ്റ്റിക്കൽ ഫോണ്ട്,ऑप्टिकल फॉन्ट
ഒപ്റ്റിക്കൽ മാർക്ക് റെക്കഗ്നിഷൻ (OMR),ऑप्टिकल मार्क रेकग्निशन (OMR)
ഒപ്റ്റിക്കൽ മെമ്മറി,ऑप्टिकल मेमरी
ഒപ്റ്റിക്കൽ റീഡർ,ऑप्टिकल वाचक
ഒപ്റ്റിക്കൽ സ്കാനിംഗ്,ऑप्टिकल स्कॅनिंग
ഒപ്റ്റിമൽ,इष्टतम
ഒപ്റ്റിമൈസേഷൻ,सर्वोत्तमीकरण
opto coupler,ऑप्टो कपलर
ഒപ്‌റ്റോഇലക്‌ട്രോണിക്‌സ്,ऑप्टोइलेक्ट्रॉनिक्स
ഒപ്റ്റോസോലേറ്റർ,ऑप्टोआयसोलेटर
അഥവാ,किंवा
അല്ലെങ്കിൽ ഗേറ്റ്,किंवा गेट
അല്ലെങ്കിൽ പ്രവർത്തനം,किंवा ऑपरेशन
ഓർഡർ പ്രകാരം,च्या आदेशाने
മുൻഗണനാക്രമം,अग्रक्रमाचा क्रम
ഓർഡർ ചെയ്ത ജോഡി,ऑर्डर केलेली जोडी
ഓർഡർ സെറ്റ്,ऑर्डर केलेला सेट
ഓർഡർ വൃക്ഷം,ऑर्डर केलेले झाड
ഔട്ട്പുട്ട് ഡാറ്റ,आउटपुट डेटा
ഔട്ട്പുട്ട് ഉപകരണം,आउटपुट डिव्हाइस
ഔട്ട്പുട്ട് ഫയൽ,आउटपुट फाइल
ഔട്ട്പുട്ട് മൊഡ്യൂൾ,आउटपुट मॉड्यूल
ഔട്ട്പുട്ട് പ്രസ്താവന,आउटपुट स्टेटमेंट
ഔട്ട്പുട്ട് സ്ട്രീം,आउटपुट प्रवाह
ഔട്ട്പുട്ട് യൂണിറ്റ്,आउटपुट युनिट
ഓവർ ഫ്ലോ,ओव्हर फ्लो
മേൽ കിടന്നു,प्रती घालणे
അമിതഭാരം,जास्त भार
ഓവർ പ്രിന്റിംഗ്,मुद्रण प्रती
ഓവർ റൺ,जास्त धावणे
ഓവർ റൺ പിശക്,ओव्हर रन त्रुटी
ഓവർഹെഡ് ബിറ്റ്,ओव्हरहेड बिट
ഓവർലാപ്പ്,ओव्हरलॅप
ഓവർലേ പ്രോഗ്രാം,आच्छादन कार्यक्रम
അസാധുവാക്കൽ തടസ്സം,ओव्हरराइड व्यत्यय
തിരുത്തിയെഴുതുക,ओव्हरराइट करा
സ്വന്തം കോഡിംഗ്,स्वतःचे कोडिंग
പാക്ക്,पॅक
പാക്കേജ്,पॅकेज
പാക്കറ്റ്,पॅकेट
പാക്കറ്റ് സ്വിച്ചിംഗ്,पॅकेट स्विचिंग
പാക്കിംഗ് ഘടകം,पॅकिंग घटक
പാഡിംഗ്,पॅडिंग
പേജ്,पान
പേജ് വിലാസം,पृष्ठ पत्ता
പേജ് ബ്രേക്ക്,पृष्ठ खंड
പേജ് അടിക്കുറിപ്പ്,पृष्ठ फूटिंग
പേജിൽ,मध्ये पृष्ठ
പേജ് ഔട്ട്,पृष्ठ बाहेर
പേജ് റീഡർ,पृष्ठ वाचक
പേജ് സ്വാപ്പ്,पृष्ठ स्वॅप
പേജ് മെമ്മറി,पृष्ठबद्ध मेमरी
പേജിംഗ്,पेजिंग
ഈന്തപ്പനയുടെ മുകൾഭാഗം,पाम टॉप
പേപ്പർ സെൻസർ,पेपर सेन्सर
സമാന്തര അൽഗോരിതം,समांतर अल्गोरिदम
സമാന്തര കമ്പ്യൂട്ടർ,समांतर संगणक
സമാന്തര ഇന്റർഫേസ്,समांतर इंटरफेस
സമാന്തര തുറമുഖം,समांतर बंदर
സമാന്തര പ്രോസസ്സിംഗ്,समांतर प्रक्रिया
സമാന്തര പ്രോഗ്രാമിംഗ്,समांतर प्रोग्रामिंग
പരാമീറ്റർ,पॅरामीटर
രക്ഷിതാവ്,पालक
സമത്വം,समता
പാഴ്സ് മരം,पार्स झाड
പാർസർ,पार्सर
പാഴ്സിംഗ്,पार्सिंग
വിഭജനം,विभाजन
വിഭജനം,विभाजन करणे
Password,पासवर्ड
പാത,मार्ग
പാറ്റേൺ തിരിച്ചറിയൽ,नमुना ओळख
പിസി-ഡിസ്ക് ഓപ്പറേറ്റിംഗ് സിസ്റ്റം (പിസിഡിഒഎസ്),पीसी-डिस्क ऑपरेटिंग सिस्टम (पीसीडीओएस)
സമപ്രായക്കാരൻ,समवयस्क
പേന പ്ലോട്ടർ,पेन प्लॉटर
പെന്റിയം,पेंटियम
ആനുകാലികം,नियतकालिक
പെരിഫറലുകൾ,गौण
പെരി,पेरी
സ്ഥിരമായ വെർച്വൽ സർക്യൂട്ട്,कायम व्हर्च्युअल सर्किट
സ്ഥിരതയുള്ള,कायम
പേഴ്സണൽ കമ്പ്യൂട്ടർ (PC),वैयक्तिक संगणक (पीसी)
പേഴ്സണൽ ഡിജിറ്റൽ അസിസ്റ്റന്റ് (PDA),कर्मचारी डिजिटल सहाय्यक (PDA)
ഫാന്റം,प्रेत
ഘട്ടം,टप्पा
ഫോൺമെ,फोनेम
സ്വരസൂചക സംവിധാനം,ध्वन्यात्मक प्रणाली
ഫോട്ടോ ഡയോഡ്,फोटो डायोड
ശാരീരികം,शारीरिक
ഫിസിക്കൽ ഇന്റർഫേസ്,भौतिक इंटरफेस
പിക്കോ,पिको
പൈ ചാർട്ട്,पाई चार्ट
പൈ ഗ്രാഫ്,पाई आलेख
പിച്ച്,खेळपट्टी
പിക്സൽ,पिक्सेल
പ്ലെയിൻ ആസ്കി (ASCII),साधा ascii (ASCII)
പ്ലെയിൻ ടെക്സ്റ്റ്,साधा मजकूर
ആസൂത്രണം,नियोजन
പ്ലാറ്റ്ഫോം,प्लॅटफॉर्म
പ്ലോട്ടർ,प्लॉटर
ഗൂഢാലോചന തല,प्लॉटिंग डोके
പ്ലഗ്ബോർഡ്,प्लगबोर्ड
പോയിന്റ്,पॉइंट
പോയിന്റ് ടു പോയിന്റ് പ്രോട്ടോക്കോൾ (PPP),पॉइंट टू पॉइंट प्रोटोकॉल (पीपीपी)
പോയിന്റർ,सूचक
ധ്രുവീകരണം,ध्रुवीकरण
പോളിംഗ്,मतदान
ബഹുഭുജ ക്ലിപ്പിംഗ്,बहुभुज क्लिपिंग
പോളിമോർഫിസം,बहुरूपता
ബഹുപദം,बहुपद
POP (പോസ്റ്റ് ഓഫീസ് പ്രോട്ടോക്കോൾ),पीओपी (पोस्ट ऑफिस प्रोटोकॉल)
പോപ്പ്-അപ്പ് മെനു,पॉप-अप मेनू
പോർട്ടബിലിറ്റി,पोर्टेबिलिटी
ഛായാചിത്രം,पोर्ट्रेट
പോസ്റ്റ് ഓർഡർ,पोस्ट ऑर्डर
പോസ്റ്റ് സ്ക്രിപ്റ്റ്,पोस्ट स्क्रिप्ट
തപാൽ ബിറ്റ്,पोस्टाम्बल बिट
പോസ്റ്റ്ഫിക്സ്,पोस्टफिक्स
വൈദ്യുതി മുടക്കം,वीज खंडित
പവർ-ഓഫ്,पॉवर-बंद
പവർ-ഓൺ,विद्युतप्रवाह चालू करणे
പവർ-അപ്പ്,पॉवर-अप
ആമുഖം ബിറ്റ്,प्रस्तावना बिट
മുൻഗണന ഗ്രാഫ്,अग्रक्रम आलेख
പ്രവചിക്കുക,भाकित
മുൻകൂർ ഷെഡ്യൂളിംഗ്,पूर्वनिर्धारित वेळापत्रक
മുൻകൂട്ടി പരിഹരിക്കുക,प्री-फिक्स
പ്രീപ്രോസസിംഗ്,पूर्वप्रक्रिया करत आहे
പ്രക്രിയ,प्रक्रिया
പ്രോസസ്സ് സ്വിച്ച്,प्रक्रिया स्विच
പ്രോസസ്സിംഗ്,प्रक्रिया करत आहे
പ്രോസസ്സർ,प्रोसेसर
ഉത്പാദനം,उत्पादन
പ്രോഗ്രാം,कार्यक्रम
പ്രോഗ്രാം സമാഹാരം,कार्यक्रम संकलन
പ്രോഗ്രാം പണം,कार्यक्रम रोख
പ്രോഗ്രാം ഡീബഗ്ഗിംഗ്,प्रोग्राम डीबगिंग
പ്രോഗ്രാം ഡിസൈൻ,कार्यक्रम डिझाइन
പ്രോഗ്രാം മൂല്യനിർണ്ണയ &amp; അവലോകന സാങ്കേതികത (PERT),कार्यक्रम मूल्यांकन आणि पुनरावलोकन तंत्र (PERT)
പ്രോഗ്രാം നിർത്തി,कार्यक्रम थांबवा
പ്രോഗ്രാം ലൈബ്രറി,कार्यक्रम लायब्ररी
പ്രോഗ്രാം റൺ,कार्यक्रम चालवा
പ്രോഗ്രാമർ,प्रोग्रामर
പ്രോലോഗ്,प्रोलॉग
പ്രോം,प्रोम
പ്രചരണം,प्रसार
നിർദ്ദേശം,प्रस्तावना
സംരക്ഷിത കീ,संरक्षित की
സംരക്ഷണം,संरक्षण
പ്രോട്ടോക്കോൾ,प्रोटोकॉल
പ്രോട്ടോക്കോൾ വിവർത്തനം,प्रोटोकॉल भाषांतर
വ്യാജ കോഡ്,छद्म कोड
പൊതു ഡാറ്റ നെറ്റ്‌വർക്ക്,सार्वजनिक डेटा नेटवर्क
പൊതുസഞ്ചയത്തിൽ,सार्वजनिक डोमेन
പൊതു കീ എൻക്രിപ്റ്റിംഗ്,सार्वजनिक की एनक्रिप्टिंग
പൾസ്,नाडी
പൾസ് കോഡ് മോഡുലേഷൻ,पल्स कोड मॉड्युलेशन
പൾസ് ഡിജിറ്റൽ മോഡുലേഷൻ (PDM),पल्स डिजिटल मॉड्युलेशन (PDM)
പൾസ് ട്രെയിൻ,पल्स ट्रेन
വിരാമചിഹ്നം,विरामचिन्हे
തള്ളുക,ढकलणे
ഓട്ടോമാറ്റയെ താഴേക്ക് തള്ളുക,ऑटोमेटा खाली ढकलणे
pushup ലിസ്റ്റ്,पुशअप यादी
ക്വാഡ് സാന്ദ്രത,क्वाड घनता
യോഗ്യത,पात्रता
ക്വാണ്ടിഫയർ,क्वांटिफायर
ക്വാണ്ടൈസ് ചെയ്യുക,क्वांटाइझ करा
ക്വാണ്ടൈസർ,क्वांटायझर
ക്വാണ്ടം,क्वांटम
ക്വാണ്ടം ക്ലോക്ക്,क्वांटम घड्याळ
ക്വാണ്ടം കമ്പ്യൂട്ടിംഗ്,क्वांटम संगणन
ഉദാഹരണത്തിലൂടെ ചോദിക്കുക,उदाहरणाद्वारे क्वेरी
ചോദ്യം,क्वेरी
ചോദ്യ ഭാഷ,क्वेरी भाषा
അന്വേഷണ പ്രോസസ്സിംഗ്,क्वेरी प्रक्रिया
ക്യൂ,रांग
ക്യൂ മാനേജ്മെന്റ്,रांग व्यवस्थापन
ക്യൂ രജിസ്റ്റർ,रांग नोंदणी
ക്യൂയിംഗ് നെറ്റ്‌വർക്ക്,रांगेत असलेले नेटवर्क
ക്യൂയിനിംഗ് സിദ്ധാന്തം,रांगेत सिद्धांत
പെട്ടെന്നുള്ള ആക്സസ് മെമ്മറി,द्रुत प्रवेश मेमरी
ക്വട്ടേഷൻ,भागफलक
റേഡിയോ ഫ്രീക്വൻസി ഇടപെടൽ (RFI),रेडिओ वारंवारता हस्तक्षेप (RFI)
റാഡിക്സ്,मूलांक
റാൻഡം ആക്സസ് കമ്പ്യൂട്ടർ ഉപകരണങ്ങൾ (RACE),यादृच्छिक प्रवेश संगणक उपकरणे (RACE)
റാൻഡം ആക്സസ് മെമ്മറി (റാം),यादृच्छिक प्रवेश मेमरी (RAM)
ക്രമരഹിതമായ സ്കാൻ,यादृच्छिक स्कॅन
റാസ്റ്റർ,रास्टर
റാസ്റ്റർ സ്കാൻ,रास्टर स्कॅन
വീണ്ടും എഞ്ചിനീയറിംഗ്,पुन्हा अभियांत्रिकी
വീണ്ടും വലുതാക്കൽ,पुन्हा विस्तार
എത്തിച്ചേരാനാകുന്നത്,पोहोचण्याची क्षमता
വായിക്കുക,वाचा
തല വായിക്കുക,डोके वाचा
വായിക്കാൻ മാത്രം,फक्त वाचा
വായന മാത്രം മെമ്മറി,फक्त स्मृती वाचा
തല വായിക്കുക,वाचा लेखन प्रमुख
വായന/എഴുത്ത് ചക്രം,वाचन/लेखन चक्र
തല വായിക്കുക/എഴുതുക,वाचा/लिहा डोके
വായിക്കുക/എഴുതുക,वाचा लिहा
വായനക്കാരൻ,वाचक
വായന,वाचन
വായിക്കുക,वाचन
യഥാർത്ഥമായ,वास्तविक
തത്സമയ പ്രോസസ്സിംഗ്,वास्तविक वेळ प्रक्रिया
റിസീവർ,स्वीकारणारा
തിരിച്ചറിയൽ യുക്തി,ओळख तर्क
വീണ്ടും കംപൈൽ ചെയ്യുക,पुन्हा संकलित करा
രേഖപ്പെടുത്തുക,विक्रम
റെക്കോർഡിംഗ് തല,रेकॉर्डिंग हेड
വീണ്ടെടുക്കാവുന്ന പിശക്,पुनर्प्राप्त करण्यायोग्य त्रुटी
വീണ്ടെടുക്കൽ,पुनर्प्राप्ती
ആവർത്തന സിദ്ധാന്തം,पुनरावृत्ती प्रमेय
ആവർത്തനം,पुनरावृत्ती
ആവർത്തന പ്രവർത്തനം,पुनरावृत्ती कार्य
കുറച്ച ഇൻസ്ട്രക്ഷൻ സെറ്റ് കമ്പ്യൂട്ടർ (RISC),कमी सूचना संच संगणक (RISC)
ആവർത്തനം,अतिरेक
സ്വതന്ത്ര ഡിസ്കുകളുടെ അനാവശ്യ ശ്രേണി (RAID),रिडंडंट अॅरे ऑफ इंडिपेंडंट डिस्क्स (RAID)
വീണ്ടും പ്രവേശനം,पुन्हा प्रवेश
വീണ്ടും പ്രവേശിക്കുന്ന കോഡ്,पुन्हा प्रवेश कोड
റഫറൻസ്,संदर्भ
റഫറൻഷ്യൽ സമഗ്രത,संदर्भात्मक अखंडता
പ്രതിഫലനം,परावर्तन
പ്രതിഫലനം,परावर्तन
അപവർത്തനം,अपवर्तन
പുതുക്കുക,रिफ्रेश करा
പുനരുജ്ജീവനം,पुनर्जन्म
രജിസ്റ്റർ ചെയ്യുക,नोंदणी करा
പതിവ് വ്യാകരണം,नियमित व्याकरण
ബന്ധം,संबंध
റിലേഷണൽ ഡാറ്റാബേസ്,रिलेशनल डेटाबेस
റിലേഷണൽ ഡാറ്റാബേസ് മാനേജ്മെന്റ് സിസ്റ്റം (RDBMS),रिलेशनल डेटाबेस मॅनेजमेंट सिस्टम (RDBMS)
റിലേഷണൽ മോഡൽ,रिलेशनल मॉडेल
ബന്ധു,नातेवाईक
ബന്ധു വിലാസം,सापेक्ष पत्ता
റിലേ,रिले
വിശ്വാസ്യത മോഡലിംഗ്,विश्वसनीयता मॉडेलिंग
വിശ്വസനീയം,विश्वसनीय
മാറ്റിസ്ഥാപിക്കാവുന്ന കോഡ്,पुनर्स्थित करण्यायोग्य कोड
റിമോട്ട്,रिमोट
റിമോട്ട് ഹോസ്റ്റ്,दूरस्थ होस्ट
വിദൂര ജോലി പ്രവേശനം,दूरस्थ नोकरी प्रवेश
വിദൂര ലോഗിൻ,दूरस्थ लॉग-इन
വിദൂര നടപടിക്രമ കോൾ (RPC),दूरस्थ प्रक्रिया कॉल (RPC)
വിദൂര സംവേദനം,रिमोट सेन्सिंग
പേരുമാറ്റുക,नाव बदला
റെൻഡറിംഗ്,प्रस्तुतीकरण
റിപ്പീറ്റർ,रिपीटर
മറുപടി,उत्तर द्या
അഭ്യർത്ഥിക്കുക,विनंती
അഭിപ്രായങ്ങൾക്കായുള്ള അഭ്യർത്ഥന (RFC),टिप्पण्यांसाठी विनंती (RFC)
അഭ്യർത്ഥന/മറുപടി പ്രോട്ടോക്കോൾ,विनंती/उत्तर प्रोटोकॉल
പ്രോഗ്രാം വീണ്ടും പ്രവർത്തിപ്പിക്കുക,कार्यक्रम पुन्हा चालवा
ഗവേഷണം,संशोधन
റീസെറ്റ് സൈക്കിൾ,चक्र रीसेट करा
താമസക്കാരൻ,रहिवासी
റെസലൂഷൻ,ठराव
വിഭവങ്ങൾ,संसाधने
പ്രതികരണ സമയം,प्रतिसाद वेळ
പുനരാരംഭിക്കുക,पुन्हा सुरू करा
പുനഃസ്ഥാപിക്കുക,पुनर्संचयित करा
തിരിച്ചെടുക്കുക,मागे घ्या
പുനഃസംപ്രേക്ഷണം,रीट्रांसमिशन
വീണ്ടെടുക്കുക,परत मिळवणे
വീണ്ടും ശ്രമിക്കുക,पुन्हा प्रयत्न करा
മടങ്ങുക,परत
റിട്ടേൺ കോഡ്,रिटर्न कोड
റിട്ടേൺ കീ,रिटर्न की
വീണ്ടും ഉപയോഗിക്കാവുന്ന കോഡ്,पुन्हा वापरण्यायोग्य कोड
മാറ്റിയെഴുതാവുന്നത്,पुन्हा लिहिण्यायोग्य
RGB മോണിറ്റർ,आरजीबी मॉनिटर
റിബൺ,रिबन
ശരിയായ പ്രശ്നം,योग्य मुद्दा
റോബോട്ട്,रोबोट
റോബോട്ടിക്സ്,रोबोटिक्स
കരുത്തുറ്റത്,मजबूत
പങ്ക്,भूमिका
തിരികെ ഉരുട്ടുക,परत रोल करा
റോൾ ഇൻ ചെയ്യുക,गुंडाळणे
റോൾ ഔട്ട്,बाहेर पडा
ROM,रॉम
റൂട്ട്,मूळ
റൂട്ട് ഡയറക്ടറി,रूट निर्देशिका
പിശകിന്റെ റൗണ്ട്,त्रुटीची फेरी
റൂട്ടർ,राउटर
റൂട്ടിംഗ്,राउटिंग
RS232C ഇന്റർഫേസ്,RS232C इंटरफेस
RSA എൻക്രിപ്ഷൻ,RSA एन्क्रिप्शन
ആർ.ടി.സി,RTC
റൺ ദൈർഘ്യം എൻകോഡിംഗ്,लांबी एन्कोडिंग चालवा
റൺ സമയം,धावण्याची वेळ
റൺ ടൈം പിശക്,रन टाइम त्रुटी
സാമ്പിൾ,नमुना
സാമ്പിളിംഗ്,नमुना
ഉപഗ്രഹം,उपग्रह
പൂരിതമാക്കുന്നു,संपृक्त
രക്ഷിക്കും,जतन करा
സ്കേലബിളിറ്റി,स्केलेबिलिटी
സ്കെയിലർ,स्केलर
സ്കാൻ ചെയ്യുന്നു,स्कॅनिंग
രംഗം,परिस्थिती
ഷെഡ്യൂളർ,शेड्युलर
സ്ക്രീൻ ഇമേജ് പ്രൊജക്ടർ,स्क्रीन इमेज प्रोजेक्टर
സ്ക്രിപ്റ്റ്,स्क्रिप्ट
സ്ക്രിപ്റ്റിംഗ് ഭാഷ,स्क्रिप्टिंग भाषा
സ്ക്രോളിംഗ്,स्क्रोलिंग
SDLC (സിക്രണസ് ഡാറ്റ ലിങ്ക് നിയന്ത്രണം),SDLC (सिक्रोनस डेटा लिंक कंट्रोल)
തിരയുക,शोधा
തിരയല് യന്ത്രം,शोध इंजिन
തിരയൽ വൃക്ഷം,झाड शोधा
തിരയുന്നു,शोधत आहे
സെക്കൻഡറി,दुय्यम
മേഖല,क्षेत्र
സുരക്ഷാ നയം,सुरक्षा धोरण
സമയം തേടുക,वेळ शोधणे
സെഗ്മെന്റ്,सेगमेंट
വിഭജനം,सेगमेंटेशन
തിരഞ്ഞെടുക്കൽ തരം,निवड क्रमवारी
സ്വയം ഉൾക്കൊള്ളുന്നു,स्वत: मध्ये समाविष्ट
അർത്ഥശാസ്ത്രം,शब्दार्थ
സെമാഫോർ,सेमाफोर
അർദ്ധചാലകം,सेमीकंडक्टर
സെമന്റിക് വെബ്,शब्दार्थी वेब
തുടർച്ചയായ ആക്സസ് രീതി,अनुक्रमिक प्रवेश पद्धत
സീരിയൽ,मालिका
സീരിയലൈസർ,सिरीयलायझर
സെർവർ,सर्व्हर
സെർവർ ക്രാഷ്,सर्व्हर क्रॅश
സെർവർ ലൈസൻസ്,सर्व्हर परवाना
സെർവോ മൾട്ടിപ്ലയർ,सर्वो गुणक
സജ്ജമാക്കുക,सेट करा
സെറ്റ് പോയിന്റ്,संच बिंदू
സജ്ജമാക്കുക,सेट करा
തണല്,सावली
ഷേഡിംഗ്,शेडिंग
നിഴൽ,सावली
ഫയൽ പങ്കിടുക,फाइल शेअर करा
പങ്കിട്ട ആക്സസ്,सामायिक प्रवेश
പങ്കിടുന്നു,शेअरिंग
ഷെൽ,शेल
ഷിഫ്റ്റ് സ്വഭാവം,वर्ण बदला
ഷോർട്ട് സർക്യൂട്ട്,शॉर्ट सर्किट
ഹ്രസ്വ നിർദ്ദേശം,लहान सूचना
സഹോദരൻ,भावंड
പാർശ്വഫലങ്ങൾ,दुष्परिणाम
സൈൻ ബിറ്റ്,साइन बिट
സിഗ്നൽ,सिग्नल
സിഗ്നൽ പ്രോസസ്സിംഗ്,सिग्नल प्रक्रिया
സിഗ്നലിംഗ്,सिग्नलिंग
സിഗ്നൽ-ടു-നോയിസ് അനുപാതം,सिग्नल-टू-आवाज गुणोत्तर
കയ്യൊപ്പ്,स्वाक्षरी
ഒപ്പ് പരിശോധന,स्वाक्षरी चाचणी
ഗണ്യമായ അക്കം,लक्षणीय अंक
സിലിക്കൺ ചിപ്പ്,सिलिकॉन चिप
ലളിതമായ മെയിൽ ട്രാൻസ്ഫർ പ്രോട്ടോക്കോൾ (SMTP),सिंपल मेल ट्रान्सफर प्रोटोकॉल (SMTP)
സിംപ്ലക്സ്,सिम्प्लेक्स
സിംപ്ലക്സ് നോഡ്,सिम्प्लेक्स नोड
സിമുലേഷൻ,अनुकरण
സിമുലേറ്റർ,सिम्युलेटर
ഒരേസമയം,एकाचवेळी
ഒരേസമയം പ്രോസസ്സിംഗ്,एकाच वेळी प्रक्रिया
സിംഗിൾടൺ,सिंगलटन
സൈറ്റ് ലൈസൻസ്,साइट परवाना
വലിപ്പം,आकार
വലിപ്പം,आकारमान
സ്കെച്ചിംഗ്,स्केचिंग
ഒഴിവാക്കുക,वगळा
ഒഴിവാക്കുന്നു,वगळणे
സ്ലാഷ്,स्लॅश
അടിമ കമ്പ്യൂട്ടർ,गुलाम संगणक
സ്ലൈഡിംഗ് വിൻഡോ പ്രോട്ടോക്കോൾ,स्लाइडिंग विंडो प्रोटोकॉल
തെന്നുക,स्लिप
സ്ലോട്ട്,स्लॉट
ചെറിയ കമ്പ്യൂട്ടർ സിസ്റ്റം ഇന്റർഫേസ് (SCSI),लहान संगणक प्रणाली इंटरफेस (SCSI)
സ്മാർട്ട് കാർഡ്,स्मार्ट कार्ड
സ്നൈൽ മെയിൽ,गोगलगाय मेल
സ്നാപ്പ്ഷോട്ട്,स्नॅपशॉट
സോഫ്റ്റ് കമ്പ്യൂട്ടിംഗ്,सॉफ्ट संगणन
സോഫ്റ്റ് കോപ്പി,सॉफ्ट कॉपी
മൃദുവായ ഫോണ്ട്,मऊ फॉन्ट
സോഫ്റ്റ്വെയർ,सॉफ्टवेअर
സോഫ്റ്റ്വെയർ എഞ്ചിനീയറിംഗ്,सॉंफ्टवेअर अभियांत्रिकी
സോഫ്റ്റ്വെയർ ലൈസൻസ്,सॉफ्टवेअर परवाना
സോഫ്റ്റ്‌വെയർ പൈറസി,सॉफ्टवेअर चाचेगिरी
സ്പെക്ട്രം,स्पेक्ट्रम
സർപ്പിളം,सर्पिल
വിരിച്ച ഷീറ്റ്,पत्रक पसरवा
സ്റ്റാൻഡേർഡ്,मानक
സ്റ്റാൻഡേർഡ് സാമാന്യവൽക്കരിച്ച മാർക്ക്അപ്പ് ഭാഷ (SGML),मानक सामान्यीकृत मार्कअप भाषा (SGML)
സ്റ്റാൻഡേർഡൈസേഷൻ,मानकीकरण
സ്റ്റാൻഡ്ബൈ സമയം,स्टँडबाय वेळ
നക്ഷത്രം LAN,तारा LAN
നക്ഷത്ര ടോപ്പോളജി,स्टार टोपोलॉजी
ബിറ്റ് ആരംഭിക്കുക,थोडा प्रारंभ करा
പട്ടിണി,उपासमार
സ്റ്റാറ്റിക് മെമ്മറി&#39;,स्थिर स्मृती&#39;
സ്റ്റാറ്റസ് ചാനൽ,स्थिती चॅनेल
ഘട്ടം വലിപ്പം,पायरी आकार
"നിർത്തുക, കാത്തിരിക്കുക പ്രോട്ടോക്കോൾ",थांबा आणि प्रतीक्षा प्रोटोकॉल
സ്റ്റോപ്പ് കോഡ്,स्टॉप कोड
സ്റ്റോപ്പ് കീ,स्टॉप की
സ്‌റ്റോറബിലിറ്റി,साठवणक्षमता
സംഭരിച്ച പ്രോഗ്രാം,संग्रहित कार्यक्रम
സ്ട്രിംഗ് ഡാറ്റ,स्ट्रिंग डेटा
ഘടനാപരമായ കോഡിംഗ്,संरचित कोडिंग
ഘടനാപരമായ അന്വേഷണ ഭാഷ (SQL),संरचित क्वेरी भाषा (SQL)
സ്റ്റൈൽ ഷീറ്റ്,शैली पत्रक
ഉപ ഡയറക്ടറി,उप-निर्देशिका
സബ്നെറ്റ്,सबनेट
ഉപവൃക്ഷം,उपवृक्ष
സംഗ്രഹം,सारांश
സൂപ്പർ കമ്പ്യൂട്ടർ,सुपर संगणक
സൂപ്പർ കമ്പ്യൂട്ടിംഗ്,सुपर संगणन
സൂപ്പർ കീ,सुपर की
സൂപ്പർ ഉപയോക്താവ്,सुपर वापरकर्ता
മേൽനോട്ടത്തിലുള്ള പഠനം,पर्यवेक्षी शिक्षण
പിന്തുണ ചിപ്പ്,समर्थन चिप
സർഫ്,सर्फ
സർഫിംഗ്,सर्फिंग
സ്വാപ്പ്,स्वॅप
സ്വാപ്പ് ഇൻ,स्वॅप मध्ये
സ്വാപ്പ് ഔട്ട്,स्वॅप आउट करा
സ്വാപ്പിംഗ്,स्वॅपिंग
നെറ്റ്‌വർക്ക് മാറ്റി,स्विच केलेले नेटवर्क
സ്വിച്ചിംഗ്,स्विचिंग
സ്വിച്ചിംഗ് സിദ്ധാന്തം,स्विचिंग सिद्धांत
പ്രതീകാത്മക പ്രോഗ്രാമിംഗ്,प्रतीकात्मक प्रोग्रामिंग
സമന്വയം,सिंक्रोनाइझेशन
സിൻക്രൊണൈസർ,सिंक्रोनाइझर
സിൻക്രണസ്,समकालिक
സിൻക്രണസ് ഡിജിറ്റൽ ശ്രേണി (SDH),सिंक्रोनस डिजिटल पदानुक्रम (SDH)
വാക്യഘടന വിശകലനം,वाक्यरचना विश्लेषण
സിസ്റ്റം വിശകലനം,प्रणाली विश्लेषण
സിസ്റ്റം എഞ്ചിനീയറിംഗ്,सिस्टम अभियांत्रिकी
സിസ്റ്റം ഹാക്കർ,सिस्टम हॅकर
സിസ്റ്റം ഇന്റഗ്രേറ്റർ,सिस्टम इंटिग्रेटर
സിസ്റ്റം ലോഗ്,सिस्टम लॉग
സിസ്റ്റം മാസ്ക്,सिस्टम मास्क
സിസ്റ്റം നെറ്റ്‌വർക്ക് ആർക്കിടെക്ചർ (എസ്എൻഎ),सिस्टम नेटवर्क आर्किटेक्चर (SNA)
സിസ്റ്റം പ്രോഗ്രാമർ,सिस्टम प्रोग्रामर
സിസ്റ്റം പുനരാരംഭിക്കുക,सिस्टम रीस्टार्ट
സിസ്റ്റം ഷട്ട്ഡൗൺ,सिस्टम बंद
സിസ്റ്റം ടെസ്റ്റിംഗ്,सिस्टम चाचणी
സിസ്റ്റം യൂട്ടിലിറ്റി,प्रणाली उपयुक्तता
വ്യവസ്ഥാപിത കോഡ്,पद्धतशीर कोड
ടാബ് കമാൻഡ്,टॅब कमांड
മേശ,टेबल
മേശ മുകളിലേക്ക് നോക്കുക,टेबल वर पहा
മേശ സ്ഥലം,टेबल जागा
ടാബ്ലെറ്റ്,गोळी
പട്ടിക അറേ,सारणीबद्ध अॅरे
ടാബുലേഷൻ പ്രവർത്തനം,सारणी कार्य
ടാഗ് ചെയ്ത വാസ്തുവിദ്യ,टॅग केलेले आर्किटेक्चर
ടാഗ് ചെയ്ത ഇമേജ് ഫയൽ ഫോർമാറ്റ് (TIFF),टॅग केलेले प्रतिमा फाइल स्वरूप (TIFF)
ടാൻഡം സിസ്റ്റം,तांडम प्रणाली
ടേപ്പ് സാന്ദ്രത,टेप घनता
ടേപ്പ് മാസ്ക്,टेप मास्क
ടാർ ഫയൽ,tar फाइल
ടാസ്ക്,कार्य
ടാസ്ക് ബാർ,टास्क बार
ടാസ്ക് ഷെഡ്യൂളർ,कार्य शेड्यूलर
TCP/IP (ട്രാൻസ്മിഷൻ കൺട്രോൾ പ്രോട്ടോക്കോൾ/ഇന്റർനെറ്റ് പ്രോട്ടോക്കോൾ),TCP/IP (ट्रांसमिशन कंट्रोल प्रोटोकॉल/इंटरनेट प्रोटोकॉल)
കീറിമുറിക്കൽ പ്രവർത്തനം,फाडणे ऑपरेशन
ടെലികോം,दूरसंचार
ടെലികമ്മ്യൂണിക്കേഷൻ,दूरसंचार
ടെലികോൺഫറൻസ്,दूरसंचार
ടെലികോൺഫറൻസിങ്,टेलिकॉन्फरन्सिंग
ടെലിഗ്രാഫി,टेलीग्राफी
ടെലിമെട്രി,टेलीमेट्री
ടെലിഫോണ്,दूरध्वनी
ടെലിഫോണി,दूरध्वनी
ടെലിപ്രിന്റർ,टेलिप्रिंटर
ടെലിപ്രോസസിംഗ്,टेलिप्रोसेसिंग
ടെലിവിഷൻ,दूरदर्शन
ടെലക്സ്,टेलेक्स
ടെൽനെറ്റ്,टेलनेट
താപനില,तापमान
ടെംപ്ലേറ്റ്,साचा
പത്തിന്റെ പൂരകം,दहाचे पूरक
ടെറാ ബൈറ്റ്,तेरा बाइट
തേരാ ഫ്ലോപ്പുകൾ,तेरा फ्लॉप
ടെർമിനൽ കഴ്സർ,टर्मिनल कर्सर
ടെർമിനൽ നോഡ്,टर्मिनल नोड
ടെർമിനൽ വിൻഡോ,टर्मिनल विंडो
അവസാനിപ്പിക്കൽ,समाप्ती
ത്രിതീയ,टर्नरी
ത്രിതല പ്രവർത്തനം,टर्नरी ऑपरेशन
ടെസ്റ്റ്,चाचणी
ടെസ്റ്റ് കവറേജ്,चाचणी कव्हरेज
പരീക്ഷണ ഓട്ടം,चाचणी
ടെസ്റ്റ്-ഡാറ്റ,चाचणी-डेटा
വാചകം,मजकूर
ടെക്സ്റ്റ് ബോക്സ്,मजकूर बॉक्स
ടെക്സ്റ്റ് കഴ്സർ,मजकूर कर्सर
ടെക്സ്റ്റ് എഡിറ്റർ,मजकूर संपादक
ടെക്സ്റ്റ് ഫയൽ,मजकूर फाइल
ടെക്സ്റ്റ് മോഡ്,मजकूर मोड
ടെക്സ്റ്റ് പ്രോസസ്സിംഗ്,मजकूर प्रक्रिया
ടെക്സ്റ്റ് ടു സ്പീച്ച് (TTS),टेक्स्ट टू स्पीच (TTS)
ടെക്സ്ചർ മാപ്പിംഗ്,टेक्सचर मॅपिंग
ടി-ഫ്ലിപ്പ്-ഫ്ലോപ്പ്,टी-फ्लिप-फ्लॉप
തെർമൽ പ്രിന്റർ,थर्मल प्रिंटर
നേർത്ത ഫിലിം മെമ്മറി,पातळ फिल्म मेमरी
നേർത്ത ഫിലിം ട്രാൻസിസ്റ്റർ,पातळ फिल्म ट्रान्झिस्टर
മർദിക്കുന്നു,थ्रॅशिंग
ത്രെഡ്,धागा
ത്രെഡിംഗ്,थ्रेडिंग
ത്രിതല ശൃംഖല,त्रिस्तरीय नेटवर्क
ത്രൂപുട്ട്,थ्रूपुट
സമയ സങ്കീർണ്ണത,वेळेची जटिलता
ടൈം ഡിവിഷൻ മൾട്ടിപ്ലക്‌സിംഗ് (ടിഡിഎം),टाइम डिव्हिजन मल्टिप्लेक्सिंग (टीडीएम)
ടൈം ഫ്രെയിം,वेळ फ्रेम
ടൈം ഫ്രെയിം,वेळ फ्रेम
സമയ യന്ത്രം,टाइम मशीन
ടൈം ഔട്ട്,वेळ संपला
സമയ അളവ്,वेळ परिमाणीकरण
സമയ പരമ്പര,वेळ मालिका
സമയം പങ്കിടൽ,वेळ सामायिकरण
സമയം പങ്കിടൽ സംവിധാനം,वेळ सामायिकरण प्रणाली
സമയ സ്റ്റാമ്പ്,वेळ मुद्रांक
സമയ ഡയഗ്രം,वेळ आकृती
ടിന്റ്,रंगछटा
ടോഗിൾ ചെയ്യുക,टॉगल करा
ടോഗിൾ വേഗത,टॉगल गती
ടോക്കൺ,टोकन
ടോക്കൺ ബസ്,टोकन बस
ടോക്കൺ ബസ്,टोकन बस
ടോക്കൺ ബസ് ശൃംഖല,टोकन बस नेटवर्क
ടോക്കൺ റിംഗ്,टोकन रिंग
ടോക്കൺ സംസാരം,टोकन चर्चा
ഉപകരണം,साधन
ടോപ്പ് ഡൗൺ,वरुन खाली
മുകളിൽ നിന്ന് താഴേക്കുള്ള ഡിസൈൻ,टॉप डाउन डिझाइन
മുകളിൽ നിന്ന് താഴേക്ക് പാഴ്സിംഗ്,टॉप डाउन पार्सिंग
ടോപ്പോളജി,टोपोलॉजी
ടച്ച് പാഡ്,टच पॅड
ടച്ച് സ്ക്രീൻ,टच स्क्रीन
ട്രെയ്സ്,ट्रेस
ട്രാക്കിംഗ്,ट्रेसिंग
ട്രാക്ക്,ट्रॅक
ട്രാക്ക് ഡിസ്ക്,ट्रॅक डिस्क
ട്രാക്ക് ടേപ്പ്,ट्रॅक टेप
ട്രാക്കിംഗ്,ट्रॅकिंग
ട്രെയിലർ,झलक
സഞ്ചാരപഥം,मार्गक्रमण
ഇടപാട്,व्यवहार
ഇടപാട് ഫയൽ,व्यवहार फाइल
ഇടപാട് ലോഗ്,व्यवहार लॉग
ട്രാൻസ്ക്രൈബ് ചെയ്യുക,नक्कल करा
ട്രാൻസ്ഡ്യൂസർ,ट्रान्सड्यूसर
കൈമാറ്റ നിരക്ക്,हस्तांतरण दर
കൈമാറ്റ സമയം,हस्तांतरण वेळ
രൂപാന്തരം,परिवर्तन
ക്ഷണികമായ പിശക്,क्षणिक त्रुटी
സഞ്ചാരമാർഗ സമയം,संक्रमण वेळ
സംക്രമണം,संक्रमण
ട്രാൻസിറ്റീവ്,सकर्मक
ട്രാൻസിറ്റിവിറ്റി,संक्रमणशीलता
വിവർത്തനം,भाषांतर
പകർച്ച,संसर्ग
ട്രാൻസ്മിഷൻ കൺട്രോൾ പ്രോട്ടോക്കോൾ (TCP),ट्रान्समिशन कंट्रोल प्रोटोकॉल (TCP)
ട്രാൻസ്മിഷൻ ലൈൻ,ट्रान्समिशन लाइन
ട്രാൻസ്മിറ്റർ,ट्रान्समीटर
സുതാര്യത,पारदर्शकता
ട്രാൻസ്‌പോണ്ടർ,ट्रान्सपॉन्डर
ഗതാഗതം,वाहतूक
ട്രാൻസ്പോസിഷൻ,स्थानांतर
ട്രാൻസ്പ്യൂട്ടർ,ट्रान्सपुटर
ട്രാൻസ്സീവർ,ट्रान्सरिसीव्हर
ട്രാപ്പിംഗ്,सापळा
സഞ്ചരിക്കുക,ट्रॅव्हर्स
മരം (സഞ്ചാരം),झाड (ट्राव्हर्सल)
വൃക്ഷ ശൃംഖല,वृक्ष नेटवर्क
ട്രിബ്യൂട്ടറി സർക്യൂട്ട്,उपनदी सर्किट
നിസ്സാര ഗ്രാഫ്,क्षुल्लक आलेख
കുഴപ്പം ഷൂട്ട്,समस्या शूट
വെട്ടിച്ചുരുക്കുക,छाटणे
സത്യ പട്ടിക,सत्य सारणी
ട്യൂണർ,ट्यूनर
ടണലിംഗ്,बोगदा
ട്യൂണിംഗ്,ट्युनिंग
ട്യൂപ്പിൾ,तुपल
ടർബോ പാസ്കൽ,टर्बो पास्कल
ട്യൂറിംഗ് യന്ത്രം,ट्युरिंग मशीन
സമയം തിരിയുക,वेळ फिरवा
പ്രമാണം തിരിക്കുക,दस्तऐवज फिरवा
ടേൺഅറൗണ്ട് സീക്വൻസ്,टर्नअराउंड क्रम
ഇരട്ട കേബിൾ,ट्विन केबल
വളച്ചൊടിച്ച ജോഡി,वळलेली जोडी
രണ്ട് ഭാഗം അസംബ്ലർ,दोन भाग असेंबलर
രണ്ടിന്റെ പൂരകം,दोन पूरक
തരം,प्रकार
തരം മുഖം,चेहरा टाइप करा
തരം തല,डोके टाइप करा
തരം ചക്രം,चाक टाइप करा
ടൈപ്പിംഗ്,टायपिंग
തടസ്സമില്ലാത്ത വൈദ്യുതി ഉറവിടം (UPS),अन इंटरप्टेबल पॉवर सोर्स (यूपीएस)
ഏകീകൃത പ്രവർത്തനം,unary ऑपरेशन
ഏകീകൃത പ്രവർത്തനം,unary ऑपरेशन
unary ഓപ്പറേറ്റർ,unary ऑपरेटर
അനിശ്ചിതത്വം,अनिश्चितता
നിരുപാധിക പ്രസ്താവന,बिनशर्त विधान
എണ്ണാൻ പറ്റാത്തത്,अगणित
അനാവരണം ചെയ്യുക,उघडा
അനിശ്ചിതമായ,अनिर्णित
നിർവചിക്കാത്തത്,अपरिभाषित
നിർവചിക്കാത്ത റെക്കോർഡ്,अपरिभाषित रेकॉर्ड
ഇല്ലാതാക്കുക,हटवणे रद्द करा
അടിവരയിടുക,अंडरस्कोर
ദിശാബോധമില്ലാത്തത്,दिशाहीन
ദിശാബോധമില്ലാത്ത ഗ്രാഫ്,अनिर्देशित आलेख
ദിശാബോധമില്ലാത്ത സേവന സമയം,दिशाहीन सेवा वेळ
പഴയപടിയാക്കുക,पूर्ववत करा
ഫോർമാറ്റ് ചെയ്യാത്ത ഡിസ്ക്,अनफॉर्मेट डिस्क
യൂണികാസ്റ്റിംഗ്,युनिकास्टिंग
യൂണികോഡ്,युनिकोड
ഏകപക്ഷീയമായ വൃക്ഷം,दिशाहीन झाड
യൂണിഫോം റിസോഴ്സ് ലൊക്കേറ്റർ (URL),युनिफॉर्म रिसोर्स लोकेटर (URL)
അൺപ്രോസസ് ചെയ്യുന്നു,युनिप्रोसेसिंग
അതുല്യമായ,अद्वितीय
അൺഷീൽഡ് ട്വിസ്റ്റഡ് ജോഡി (UTP),अनशिल्डेड ट्विस्टेड जोडी (UTP)
യൂണിറ്റ്,युनिट
യൂണിറ്റ് വിലാസം,युनिट पत्ता
യൂണിറ്റ് ഇടവേള,युनिट अंतराल
യൂണിറ്റ് ടെസ്റ്റിംഗ്,युनिट चाचणी
ഏകീകൃത കോഡ്,एकात्मक कोड
യൂണിറ്റിം,युनिटर्म
യൂണിവേഴ്സൽ അസിൻക്രണസ് റിസീവർ/ട്രാൻസ്മിറ്റർ (UART),युनिव्हर्सल एसिंक्रोनस रिसीव्हर/ट्रांसमीटर (UART)
സാർവത്രിക ഫ്ലിപ്പ് ഫ്ലോപ്പ്,सार्वत्रिक फ्लिप फ्लॉप
സാർവത്രിക സെറ്റ്,सार्वत्रिक संच
സാർവത്രിക പ്രതീക സെറ്റ്,सार्वत्रिक वर्ण संच
യുണിക്സ്,युनिक्स
അൺലോക്ക് ചെയ്യുക,अनलॉक करा
സുരക്ഷിതമല്ലാത്ത ഫീൽഡ്,असुरक्षित क्षेत्र
സുരക്ഷിതമല്ലാത്ത ഫയൽ,असुरक्षित फाइल
എത്തിച്ചേരാനാകുന്നില്ല,अगम्य
നിഴൽ മാറ്റുക,छाया सोडा
അൺഷീൽഡ്,असुरक्षित
പരാജയപ്പെട്ട കോൾ,अयशस्वी कॉल
ഉന്താർ,उंटार
അപ്ഡേറ്റ് അപാകതകൾ,विसंगती अद्यतनित करा
പുതുക്കിയ ഫയൽ,अद्यतनित फाइल
അപ്ഡേറ്റ് ചെയ്യുന്നു,अपडेट करत आहे
നവീകരിക്കുക,श्रेणीसुधारित करा
നവീകരിക്കുക,श्रेणीसुधारित करा
അപ്ലിങ്ക്,अपलिंक
അപ്‌ലോഡ് ചെയ്യുന്നു,अपलोड करत आहे
മുകളിലെ മെമ്മറി ഏരിയ,वरच्या मेमरी क्षेत्र
അപ്സ്ട്രീം,अपस्ट्रीम
പ്രവർത്തനസമയം,अपटाइम
മുകളിലേക്ക്,ऊर्ध्वगामी
യൂസ്നെറ്റ്,युजनेट
ഉപയോക്താവ്,वापरकर्ता
ഉപയോക്തൃ ഏജന്റ്,वापरकर्ता एजंट
ഉപയോക്തൃ പ്രാമാണീകരണം,वापरकर्ता प्रमाणीकरण
ഉപയോക്തൃ ഡാറ്റഗ്രാം പ്രോട്ടോക്കോൾ (UDP),वापरकर्ता डेटाग्राम प्रोटोकॉल (UDP)
ഉപയോക്ത ഹിതകരം,वापरकर्ता अनुकूल
ഉപയോക്തൃ തിരിച്ചറിയൽ,वापरकर्ता ओळख
ഉപയോക്തൃ ഐഡന്റിറ്റി (UID),वापरकर्ता ओळख (UID)
ഉപയോക്തൃ ഇന്റർഫേസ്,वापरकर्ता इंटरफेस
ഉപയോക്തൃ നാമം,वापरकर्ता नाव
ഉപയോക്തൃ പ്രൊഫൈൽ,वापरकर्ता प्रोफाइल
യൂട്ടിലിറ്റി,उपयुक्तता
യൂട്ടിലിറ്റി സോഫ്റ്റ്വെയർ,उपयुक्तता सॉफ्टवेअर
സാധുതയുള്ളത്,वैध
മൂല്യനിർണ്ണയം,प्रमाणीकरण
മൂല്യനിർണ്ണയ പ്രോട്ടോക്കോളുകൾ,प्रमाणीकरण प्रोटोकॉल
മൂല്യനിർണ്ണയ പരിശോധന,प्रमाणीकरण चाचणी
സാധുത പരിശോധന,वैधता तपासणी
മൂല്യവർദ്ധിത നെറ്റ്‌വർക്ക് (VAN),मूल्यवर्धित नेटवर्क (VAN)
മൂല്യവർദ്ധിത റീസെല്ലർ (VAR),मूल्यवर्धित पुनर्विक्रेता (VAR)
അപ്രത്യക്ഷമാകുന്ന പോയിന്റ്,लुप्त होणारा बिंदू
നീരാവി പാത്രങ്ങൾ,वाफेची भांडी
വേരിയബിൾ,चल
വേരിയബിൾ വിലാസം,व्हेरिएबल पत्ता
വേരിയബിൾ ബിറ്റ് നിരക്ക്,व्हेरिएबल बिट दर
വേരിയബിൾ ഫീൽഡ് നീളം,व्हेरिएबल फील्ड लांबी
വേരിയബിൾ നീളം കോഡ്,व्हेरिएबल लांबी कोड
വേരിയബിൾ നാമം,व्हेरिएबल नाव
വാരിയാലെ,व्हेरिएल
വെക്റ്റർ,वेक्टर
വെക്റ്റർ ഗ്രാപ്ഡിക്സ്,वेक्टर ग्राफिक
വെക്റ്റർ പ്രെസെസിംഗ്,वेक्टर प्रीसेसिंग
വെക്റ്റർ ചെയ്ത തടസ്സങ്ങൾ,वेक्टर केलेले व्यत्यय
വെൻ &#39;രേഖാചിത്രം,वेन आकृती
സ്ഥിരീകരണവും മൂല്യനിർണ്ണയവും (V&amp;V),पडताळणी आणि प्रमाणीकरण (V&amp;V)
പതിപ്പ് നിയന്ത്രണം,आवृत्ती नियंत्रण
പതിപ്പ് നമ്പർ,आवृत्ती क्रमांक
വെർട്ടക്സ്,शिरोबिंदू
ലംബ പ്രോസസ്സർ,अनुलंब प्रोसेसर
വളരെ വലിയ തോതിലുള്ള ഏകീകരണം (VLSI),खूप मोठ्या प्रमाणात एकत्रीकरण (VLSI)
വളരെ നീണ്ട നിർദ്ദേശ വാക്ക് (VLIW),खूप लांब सूचना शब्द (VLIW)
വി.എച്ച്.ഡി.എൽ,VHDL
വീഡിയോ ക്യാമറ,व्हिडिओ कॅमेरा
ദശൃാഭിമുഖം,व्हिडिओ कॉन्फरन्सिंग
വീഡിയോ ഡിസ്പ്ലേ ടെർമിനൽ,व्हिडिओ प्रदर्शन टर्मिनल
വീഡിയോ ഡിസ്പ്ലേ യൂണിറ്റ്,व्हिडिओ प्रदर्शन युनिट
വീഡിയോ ഗെയിം,व्हिडिओ गेम
വീഡിയോ ഗ്രാഫിക് അഡാപ്റ്റർ (VGA),व्हिडिओ ग्राफिक अडॅप्टर (VGA)
വീഡിയോ ഗ്രാഫിക്സ് അഡാപ്റ്റർ (VGA),व्हिडिओ ग्राफिक्स अडॅप्टर (VGA)
വീഡിയോ സെർവർ,व्हिडिओ सर्व्हर
കാണുക,पहा
പോർട്ട് കാണുക,पोर्ट पहा
വ്യൂപോർട്ട്,व्ह्यूपोर्ट
വെർച്വൽ സർക്യൂട്ട്,आभासी सर्किट
വെർച്വൽ പ്രവർത്തനം,आभासी कार्य
വെർച്വൽ മെമ്മറി,आभासी स्मृती
വെർച്വൽ സ്വകാര്യ നെറ്റ്‌വർക്ക്,आभासी खाजगी नेटवर्क
വെർച്വൽ റിയാലിറ്റി,आभासी वास्तव
വെർച്വൽ റിയാലിറ്റി,आभासी वास्तव
വെർച്വൽ റിയാലിറ്റി മാർക്ക്അപ്പ് ഭാഷ,आभासी वास्तव मार्कअप भाषा
വെർച്വൽ റിയാലിറ്റി മാർക്ക്അപ്പ് ഭാഷ (VRML),आभासी वास्तविकता मार्कअप भाषा (VRML)
വെർച്വൽ സ്റ്റോറേജ് ആക്സസ് രീതി,आभासी संचयन प्रवेश पद्धत
വെർച്വൽ സ്റ്റോറേജ് മാനേജ്മെന്റ്,आभासी स्टोरेज व्यवस्थापन
വൈറസ്,विषाणू
വൈറസ് കണ്ടെത്തൽ,व्हायरस शोधणे
വൈറസ് പ്രോഗ്രാം,व्हायरस प्रोग्राम
ദൃശ്യപരത,दृश्यमानता
ദർശനം,दृष्टी
വിഷ്വൽ അടിസ്ഥാന,व्हिज्युअल बेसिक
വിഷ്വൽ സി++,व्हिज्युअल C++
വിഷ്വൽ ഡിസ്പ്ലേ യൂണിറ്റ്,व्हिज्युअल डिस्प्ले युनिट
വിച്വൽ,विचुअल
വിച്വൽ വിലാസം,आभासी पत्ता
വിച്വൽ മെഷീൻ (VM),व्हिज्युअल मशीन (VM)
ശബ്ദം,आवाज
വോയ്സ് മെയിൽ,व्हॉइस मेल
വോയ്സ് മെയിൽ സെർവർ,व्हॉइस मेल सर्व्हर
ശബ്ദം തിരിച്ചറിയൽ,आवाज ओळख
വോയ്സ്-നെറ്റ്,व्हॉइस-नेट
അസ്ഥിരമായ മെമ്മറി,अस्थिर स्मृती
വേഫർ,वेफर
WAIS മാനേജർ,WAIS व्यवस्थापक
കാത്തിരിക്കുക മരിക്കുക,मरणाची वाट पहा
മുറിവ് കാത്തിരിക്കുക,जखमेची प्रतीक्षा करा
കാത്തിരുന്ന കോഡ്,प्रतीक्षा केलेला कोड
ശരാശരി കാത്തിരുന്നു,वाट पाहिली
കാത്തിരിപ്പ് സമയം,वेळ वाट
മതിൽ ഗ്രേഡ്,भिंत ग्रेड
ഊഷ്മള പുനരാരംഭിക്കുക,उबदार रीस्टार्ट
മാലിന്യ ബാൻഡ് വീതി,कचरा बँड रुंदी
വെള്ളച്ചാട്ട മാതൃക,धबधबा मॉडेल
വേവ്ലെറ്റ്,वेव्हलेट
വേവ്ലെറ്റ് ഇമേജ് കംപ്രഷൻ,तरंग प्रतिमा संक्षेप
തരംഗ രൂപാന്തരം,तरंग रूपांतर
ദുർബലമായ സ്ഥാപനം,कमकुवत अस्तित्व
വെബ്,वेब
വെബ് വിലാസം,संकेतस्थळ
വെബ് എഴുത്ത്,वेब ऑथरिंग
വെബ് ബ്രൌസർ,अंतर्जाल शोधक
വെബ് പേജ്,वेब पृष्ठ
വെബ് സെർവർ,वेब सर्व्हर
വെബ് സൈറ്റ്,संकेतस्थळ
web-enabld ആപ്ലിക്കേഷൻ,वेब-सक्षम अनुप्रयोग
വെബ് പ്രവർത്തനക്ഷമമാക്കി,वेब-सक्षम
തൂക്കമുള്ള ഗ്രാഫ്,भारित आलेख
നന്നായി ബന്ധിപ്പിച്ചിരിക്കുന്നു,चांगले जोडलेले
നന്നായി രൂപപ്പെടുത്തിയ ഫോർമുല,चांगले तयार केलेले सूत्र
നന്നായി ക്രമീകരിച്ച സെറ്റ്,व्यवस्थित ऑर्डर केलेला सेट
വെറ്റ്വെയർ,वेटवेअर
വീറ്റ്‌സ്റ്റോൺ ബെഞ്ച് മാർക്ക്,व्हीटस्टोन बेंच मार्क
ചക്രം,चाक
ലൂപ്പ് സമയത്ത്,पळवाट असताना
വൈറ്റ് ബോക്സ് ടെസ്റ്റിംഗ്,पांढरा बॉक्स चाचणी
വെള്ളവെളിച്ചം,पांढरा प्रकाश
വെളുത്ത ശബ്ദം,पांढरा आवाज
വൈഡ് ഏരിയ നെറ്റ്‌വർക്ക് (WAN),विस्तृत क्षेत्र नेटवर्क (WAN)
വൈഡ് ഏരിയ നെറ്റ്‌വർക്ക് (WAN),विस्तृत क्षेत्र नेटवर्क (WAN)
വിശാലമായ ബാൻഡ്,रुंद बँड
വൈൽഡ് കാർഡ്,वाइल्ड कार्ड
വിമ്പ്,विंप
ജയിക്കുക,जिंकणे
zip വിജയിക്കുക,जिप जिंका
ജാലകം,खिडकी
വിൻഡോ,खिडक्या
വിൻഡോസ്,खिडक्या
വിൻഡോസ് എക്സ്പ്ലോറർ,विंडोज एक्सप्लोरर
വിൻഡോസ് NT,विंडोज एनटी
വയർ ഫ്രെയിം മോഡൽ,वायर फ्रेम मॉडेल
വയർ പ്രിന്റർ,वायर प्रिंटर
വയർഡ് ലോജിക്,वायर्ड लॉजिक
വയർലെസ് വിശ്വസ്തത (വൈ ഫൈ),वायरलेस फिडेलिटी (wiFi)
വയർലെസ് ലാൻ,वायरलेस लॅन
വയർലെസ്സ് ട്രാൻസ്മിഷൻ,वायरलेस ट्रान्समिशन
മാന്ത്രികൻ,विझार्ड
വാക്ക്,शब्द
വാക്ക് കീ,शब्द की
പദ ദൈർഘ്യം,शब्द लांबी
വാക്ക് ഓറിയന്റഡ്,शब्दाभिमुख
വേഡ് പ്രോസസ്സിംഗ്,शब्द प्रक्रिया
വേഡ് പ്രോസസ്സിംഗ്,शब्द प्रक्रिया
വേഡ് പ്രോസസർ,शब्द प्रक्रिया करणारा
വാക്ക് അടിവരയിടുന്ന പ്രതീകം,शब्द अंडरस्कोर वर्ण
വർക്ക് ഫ്ലോ മാനേജ്മെന്റ്,कार्य प्रवाह व्यवस्थापन
വർക്ക് ഗ്രൂപ്പ്,कार्य गट
ജോലി യൂണിറ്റ്,कार्य युनिट
ജോലിയുടെ അളവ്,कामाचे प्रमाण
പ്രവർത്തന ഡയറക്ടറി,कार्यरत निर्देशिका
ജോലി സെറ്റ്,कार्यरत संच
പ്രവർത്തിക്കുന്ന സംഭരണം,कार्यरत स्टोरेज
ശിൽപശാല,कार्यशाळा
വർക്ക്സ്റ്റേഷൻ,वर्कस्टेशन
ലോക കോ-ഓർഡിനേറ്റ്,जागतिक समन्वय
വേൾഡ് വൈഡ് വെബ് (WWW),वर्ल्ड वाइड वेब (WWW)
ഏറ്റവും മോശം അവസ്ഥ വിശകലനം,सर्वात वाईट केस विश्लेषण
ഏറ്റവും മോശം ഫിറ്റ് അൽഗോരിതം,सर्वात वाईट फिट अल्गोरिदम
പൊതിയുക,भोवती गुंडाळा
റിസ്റ്റ് കമ്പ്യൂട്ടിംഗ്,मनगट संगणन
എഴുതാവുന്നത്,लिहिण्यायोग्य
എഴുതുക,लिहा
കാഷെ എഴുതുക,कॅशे लिहा
എഴുത്ത് ചക്രം,सायकल लिहा
കീ എഴുതുക,की लिहा
"ഒരിക്കൽ എഴുതുക, കൂടുതൽ വായിക്കുക (WORM)","एकदा लिहा, अधिक वाचा (WORM)"
സംരക്ഷണം എഴുതുക,संरक्षण लिहा
വായിക്കുക തല എഴുതുക,वाचा डोके लिहा
X OR,X किंवा
X-12,X-12
XBM X ബിറ്റ്മാപ്പ്,XBM X बिटमॅप
സെനിക്സ്,झेनिक्स
എക്സ്മോഡം,Xmodem
എക്സ്-ഓൺ/എക്സ്-ഓഫ്,एक्स-ऑन/एक्स-ऑफ
എക്സ്-ടെർമിനൽ,एक्स-टर्मिनल
എക്സ്ടെക്സ്റ്റ്,एक्सटेक्स्ट
എക്സ്-വിൻഡോ,एक्स-विंडो
YACC,YACC
യാഹൂ,याहू
നുകം,जू
Z-ബഫർ,Z-बफर
പൂജ്യം വിലാസ നിർദ്ദേശം,शून्य पत्ता सूचना
പൂജ്യം പ്രവർത്തനം,शून्य कार्य
പൂജ്യം ലെവൽ വിലാസം,शून्य पातळी पत्ता
പൂജ്യം മാട്രിക്സ്,शून्य मॅट्रिक्स
പൂജ്യം അടിച്ചമർത്തൽ,शून्य दडपशाही
പൂജ്യം കാത്തിരിപ്പ് അവസ്ഥ,शून्य प्रतीक्षा स्थिती
സീറോ-സ്ലോട്ട് ലാൻ,शून्य-स्लॉट लॅन
സിപ്പ്,जि.प
സിപ്പ് കോഡ്,पिनकोड
zip ഫയൽ,zip फाइल
zip UPZ മോഡം,zip UPZ मोडेम
മേഖല,झोन
സോൺ ലിസ്റ്റ്,झोन यादी
സൂം ചെയ്യുക,झूम करा
വലുതാക്കുക,प्रतिमेचे दृष्य रूप मोठे करा
സൂം ഔട്ട്,झूम कमी करा
സൂം ചെയ്യുന്നു,झूम करत आहे
Z-ടേം,Z- मुदत
